account_id,account_name,domain,segment,industry,region,created_date,owner_id,lifecycle_stage,last_activity_at,is_customer,is_churned
2962,"Cook, Petty and Cohen",cookpettyandcohen.com,SMB,FinTech,South,2024-10-05,20,lead,,False,False
1694,Wang LLC,wangllc.com,SMB,Retail,South,2024-06-27,12,lead,,False,False
1808,"Phillips, Lawson and Davis",phillipslawsonanddavis.com,Mid-Market,Retail,North,2022-11-24,8,lead,,False,False
2031,"Roberson, Walker and Crawford",robersonwalkerandcrawford.com,SMB,Healthcare,North,2022-09-07,29,lead,,False,False
443,"Hernandez, Lopez and Tate",hernandezlopezandtate.com,SMB,Education,South,2023-02-15,16,lead,,False,False
1182,Thomas-Crawford,thomas-crawford.com,SMB,Retail,East,2022-12-29,30,lead,,False,False
846,"Trujillo, Lamb and Collins",trujillolambandcollins.com,Mid-Market,FinTech,North,2025-04-27,9,lead,,False,False
3278,Simpson-Hunt,simpson-hunt.com,Enterprise,FinTech,South,2023-09-08,19,lead,,False,False
1635,Phillips PLC,phillipsplc.com,SMB,FinTech,International,2023-06-27,29,lead,,False,False
3256,Phillips Ltd,phillipsltd.com,SMB,Education,North,2024-05-02,3,lead,,False,False
2344,"Lane, Robinson and Campos",lanerobinsonandcampos.com,Mid-Market,Healthcare,North,2025-07-10,3,lead,,False,False
2039,"Mann, Walker and Johnson",mannwalkerandjohnson.com,SMB,Education,South,2024-10-04,13,lead,,False,False
1327,Patel Inc,patelinc.com,Mid-Market,Retail,South,2023-11-30,19,lead,,False,False
3910,Chambers LLC,chambersllc.com,SMB,Healthcare,East,2025-03-18,24,lead,,False,False
141,Torres-Huynh,torres-huynh.com,SMB,Healthcare,East,2025-05-09,26,lead,,False,False
368,Villanueva-Hubbard,villanueva-hubbard.com,SMB,Healthcare,West,2024-03-12,32,lead,,False,False
2436,Acosta Inc,acostainc.com,SMB,Healthcare,South,2025-03-11,18,lead,,False,False
1548,Tyler-Allen,tyler-allen.com,Mid-Market,FinTech,South,2023-01-12,19,lead,,False,False
334,Strong-Carter,strong-carter.com,SMB,Education,West,2023-11-22,33,lead,,False,False
2165,"Berry, Walters and Little",berrywaltersandlittle.com,SMB,Education,South,2022-12-04,6,lead,,False,False
2369,Lewis-Mason,lewis-mason.com,Mid-Market,Education,North,2023-08-17,4,lead,,False,False
193,"Edwards, Patterson and Russell",edwardspattersonandrussell.com,SMB,FinTech,South,2022-12-22,18,lead,,False,False
2197,"Henderson, Dixon and Hardin",hendersondixonandhardin.com,SMB,Healthcare,East,2024-01-08,32,lead,,False,False
465,"Wagner, Forbes and Rowe",wagnerforbesandrowe.com,Mid-Market,FinTech,North,2022-08-29,6,lead,,False,False
3124,Hebert-Mendoza,hebert-mendoza.com,SMB,Retail,International,2023-05-08,50,lead,,False,False
1074,"Harvey, Harris and Rodriguez",harveyharrisandrodriguez.com,SMB,Education,International,2024-04-07,46,lead,,False,False
1540,Adams LLC,adamsllc.com,SMB,Education,East,2024-09-19,26,lead,,False,False
2675,"Ramirez, Patterson and Johnson",ramirezpattersonandjohnson.com,SMB,Retail,South,2024-05-11,18,lead,,False,False
1588,"Cohen, Garcia and Smith",cohengarciaandsmith.com,SMB,Education,West,2025-01-06,23,lead,,False,False
3691,Kennedy-Keller,kennedy-keller.com,SMB,Education,South,2024-09-10,20,lead,,False,False
1522,"Davis, Tran and King",davistranandking.com,Mid-Market,Healthcare,South,2023-11-25,17,lead,,False,False
747,Davis Ltd,davisltd.com,Mid-Market,Education,East,2023-07-05,21,lead,,False,False
1569,Moss LLC,mossllc.com,Mid-Market,Healthcare,North,2024-11-06,6,lead,,False,False
2819,Taylor PLC,taylorplc.com,SMB,Healthcare,North,2023-01-18,2,lead,,False,False
533,Mueller-Welch,mueller-welch.com,SMB,Education,North,2025-02-28,6,lead,,False,False
2956,Owen-Smith,owen-smith.com,SMB,Retail,North,2022-08-17,8,lead,,False,False
275,Martin-Franco,martin-franco.com,SMB,Healthcare,West,2023-01-08,36,lead,,False,False
2303,Compton Ltd,comptonltd.com,SMB,FinTech,West,2025-06-07,39,lead,,False,False
424,Lutz LLC,lutzllc.com,SMB,Healthcare,South,2023-02-01,19,lead,,False,False
3181,Landry-Jones,landry-jones.com,SMB,Retail,International,2025-01-11,43,lead,,False,False
1208,Simmons Group,simmonsgroup.com,SMB,Education,North,2024-04-20,1,lead,,False,False
3692,"Page, Sanders and Phillips",pagesandersandphillips.com,SMB,Healthcare,North,2023-03-05,34,lead,,False,False
491,Miller LLC,millerllc.com,Mid-Market,Retail,East,2024-08-03,43,lead,,False,False
3377,"Nguyen, Vazquez and Harvey",nguyenvazquezandharvey.com,SMB,Education,International,2023-04-21,43,lead,,False,False
3845,Vang PLC,vangplc.com,SMB,Healthcare,West,2024-04-23,21,lead,,False,False
900,"Miller, Leon and Clark",millerleonandclark.com,Mid-Market,Retail,South,2023-10-16,16,lead,,False,False
2513,"Shea, Chapman and Kim",sheachapmanandkim.com,SMB,Healthcare,West,2023-07-03,44,lead,,False,False
1665,Price-Howard,price-howard.com,SMB,Healthcare,East,2023-08-02,23,lead,,False,False
777,"Phillips, Jenkins and Wade",phillipsjenkinsandwade.com,SMB,Education,North,2023-10-03,11,lead,,False,False
3765,"Armstrong, Ryan and Robinson",armstrongryanandrobinson.com,SMB,Retail,North,2022-07-26,7,lead,,False,False
2958,Smith PLC,smithplc.com,Enterprise,Retail,South,2022-10-15,12,lead,,False,False
3481,Wilson PLC,wilsonplc.com,SMB,Healthcare,South,2024-09-26,12,lead,,False,False
3388,"Carrillo, Vazquez and Shaw",carrillovazquezandshaw.com,SMB,Retail,East,2022-09-10,21,lead,,False,False
2181,"Moore, Navarro and Nichols",moorenavarroandnichols.com,Enterprise,Education,East,2022-07-21,27,lead,,False,False
1494,Payne-Brown,payne-brown.com,SMB,FinTech,East,2022-08-23,22,lead,,False,False
3418,Hernandez Ltd,hernandezltd.com,SMB,FinTech,West,2025-04-17,36,lead,,False,False
281,"Huffman, Henderson and Lewis",huffmanhendersonandlewis.com,SMB,FinTech,South,2024-04-29,13,lead,,False,False
3652,"Wells, Jones and Armstrong",wellsjonesandarmstrong.com,SMB,Retail,West,2024-12-01,35,lead,,False,False
2260,"Miller, Price and Page",millerpriceandpage.com,SMB,Education,South,2025-04-12,12,lead,,False,False
188,Swanson-Foster,swanson-foster.com,Mid-Market,FinTech,North,2023-02-24,6,lead,,False,False
2708,Hendricks-Holland,hendricks-holland.com,SMB,Retail,North,2025-06-09,6,lead,,False,False
1535,Mcclure Ltd,mcclureltd.com,SMB,Retail,North,2024-06-02,8,lead,,False,False
2301,"Hernandez, Summers and Hurst",hernandezsummersandhurst.com,Enterprise,FinTech,North,2023-07-14,25,lead,,False,False
2700,Brown LLC,brownllc.com,Mid-Market,Healthcare,International,2025-02-07,43,lead,,False,False
3996,Schwartz PLC,schwartzplc.com,Mid-Market,Healthcare,North,2025-03-05,1,lead,,False,False
412,"Meyer, Green and Aguilar",meyergreenandaguilar.com,SMB,FinTech,East,2025-01-27,27,lead,,False,False
3469,Molina-Ryan,molina-ryan.com,SMB,Healthcare,South,2024-10-30,16,lead,,False,False
1576,Livingston-Taylor,livingston-taylor.com,SMB,Education,International,2025-06-10,48,lead,,False,False
181,"Rowland, Jordan and Johnson",rowlandjordanandjohnson.com,Mid-Market,Healthcare,East,2025-01-09,27,lead,,False,False
2710,Curry LLC,curryllc.com,SMB,Healthcare,North,2025-01-31,4,lead,,False,False
2843,Salinas-Young,salinas-young.com,SMB,Education,South,2022-12-10,20,lead,,False,False
3583,"Johnson, Schaefer and Rodriguez",johnsonschaeferandrodriguez.com,SMB,Retail,International,2024-06-17,42,lead,,False,False
917,"Jones, Walker and Williams",joneswalkerandwilliams.com,SMB,FinTech,East,2024-08-07,14,lead,,False,False
2067,Stanton-Stone,stanton-stone.com,SMB,Healthcare,East,2024-08-05,24,lead,,False,False
2494,"Kent, Reed and Bennett",kentreedandbennett.com,Mid-Market,Retail,South,2023-08-21,17,lead,,False,False
23,Wright Group,wrightgroup.com,SMB,Education,West,2022-10-15,35,lead,,False,False
2187,"Mcdonald, Hickman and Martinez",mcdonaldhickmanandmartinez.com,SMB,Healthcare,South,2024-09-07,17,lead,,False,False
2183,"Tyler, Munoz and Randolph",tylermunozandrandolph.com,SMB,Retail,East,2022-08-04,21,lead,,False,False
1431,Sanders PLC,sandersplc.com,SMB,Education,East,2025-06-14,23,lead,,False,False
2379,Bradley Ltd,bradleyltd.com,SMB,FinTech,South,2024-01-24,13,lead,,False,False
3029,Simpson Group,simpsongroup.com,SMB,Retail,East,2024-09-25,39,lead,,False,False
2312,Herrera-Freeman,herrera-freeman.com,Mid-Market,Healthcare,West,2025-01-07,19,lead,,False,False
1093,Finley-Cook,finley-cook.com,Mid-Market,FinTech,North,2023-08-07,1,lead,,False,False
3938,"Sloan, Lewis and Winters",sloanlewisandwinters.com,SMB,Retail,North,2025-07-11,4,lead,,False,False
2406,Sanchez-Rodriguez,sanchez-rodriguez.com,SMB,Retail,South,2023-07-13,48,lead,,False,False
2896,"Harper, Terry and Bennett",harperterryandbennett.com,SMB,Retail,South,2022-09-17,49,lead,,False,False
635,Chang Inc,changinc.com,Mid-Market,Retail,International,2024-04-14,49,lead,,False,False
3817,Boyle-Bentley,boyle-bentley.com,SMB,Retail,West,2024-08-31,23,lead,,False,False
2235,Garza Ltd,garzaltd.com,SMB,FinTech,East,2025-06-16,9,lead,,False,False
2306,Baird Inc,bairdinc.com,SMB,Retail,East,2023-03-22,26,lead,,False,False
1351,Miller LLC,millerllc.com,SMB,Education,International,2024-01-25,48,lead,,False,False
2618,"Shepherd, Wright and Ross",shepherdwrightandross.com,SMB,Retail,North,2022-09-01,10,lead,,False,False
823,Moore Inc,mooreinc.com,SMB,Healthcare,West,2024-06-26,39,lead,,False,False
3730,"Booker, Maxwell and Jackson",bookermaxwellandjackson.com,SMB,Education,North,2023-08-28,5,lead,,False,False
2855,Fisher-Moran,fisher-moran.com,SMB,Retail,North,2023-09-03,8,lead,,False,False
2348,"Duran, Clayton and Wiggins",duranclaytonandwiggins.com,SMB,FinTech,International,2024-07-04,45,lead,,False,False
1240,Taylor-Cochran,taylor-cochran.com,Mid-Market,FinTech,South,2023-11-06,20,lead,,False,False
3857,Johnson Group,johnsongroup.com,SMB,FinTech,East,2024-11-28,29,lead,,False,False
346,"Chavez, Robinson and Hale",chavezrobinsonandhale.com,SMB,Retail,East,2024-05-08,21,lead,,False,False
1231,"Smith, Griffin and Wilson",smithgriffinandwilson.com,SMB,Education,South,2024-01-29,14,lead,,False,False
3431,Lowe PLC,loweplc.com,SMB,Healthcare,North,2024-08-25,9,lead,,False,False
357,"Tran, Schneider and Hayden",transchneiderandhayden.com,SMB,Healthcare,East,2024-01-19,29,lead,,False,False
3542,"Weber, Davis and Garcia",weberdavisandgarcia.com,SMB,Healthcare,North,2024-12-13,29,lead,,False,False
432,"Klein, Hardy and Evans",kleinhardyandevans.com,SMB,Retail,South,2023-09-26,5,lead,,False,False
309,"Colon, Hartman and Wood",colonhartmanandwood.com,SMB,Healthcare,South,2024-04-15,17,lead,,False,False
3569,Gordon LLC,gordonllc.com,Mid-Market,Retail,South,2023-05-28,16,lead,,False,False
1876,Miller-Stewart,miller-stewart.com,Mid-Market,Retail,North,2023-06-06,7,lead,,False,False
1001,Conner-Soto,conner-soto.com,SMB,Education,South,2023-02-26,16,lead,,False,False
436,Chan-Simmons,chan-simmons.com,SMB,Education,South,2022-09-22,19,lead,,False,False
3842,"Horne, Robbins and Becker",hornerobbinsandbecker.com,Mid-Market,FinTech,North,2025-06-27,17,lead,,False,False
2132,"Harvey, Haney and Wilkinson",harveyhaneyandwilkinson.com,Mid-Market,FinTech,North,2023-01-02,38,lead,,False,False
420,Palmer Ltd,palmerltd.com,SMB,FinTech,South,2025-02-21,13,lead,,False,False
2926,"Blanchard, Garcia and Bennett",blanchardgarciaandbennett.com,SMB,FinTech,West,2025-06-13,36,lead,,False,False
3003,White LLC,whitellc.com,SMB,Retail,North,2022-12-21,1,lead,,False,False
3232,"Hansen, Richardson and Barr",hansenrichardsonandbarr.com,SMB,FinTech,West,2023-07-18,40,lead,,False,False
2866,"Gardner, Benson and Buchanan",gardnerbensonandbuchanan.com,SMB,Education,South,2023-01-24,13,lead,,False,False
1785,White-Adams,white-adams.com,SMB,FinTech,West,2023-12-14,35,lead,,False,False
719,Tanner LLC,tannerllc.com,Mid-Market,Healthcare,West,2025-05-01,39,lead,,False,False
1146,Reynolds-Richardson,reynolds-richardson.com,Mid-Market,Education,South,2024-08-17,11,lead,,False,False
3610,Wells LLC,wellsllc.com,Mid-Market,Healthcare,International,2025-03-17,43,lead,,False,False
2656,Reese Group,reesegroup.com,SMB,FinTech,North,2023-12-01,9,lead,,False,False
1959,"Griffith, Woods and Brown",griffithwoodsandbrown.com,SMB,FinTech,North,2022-11-25,6,lead,,False,False
2633,"Swanson, Hebert and Johnson",swansonhebertandjohnson.com,SMB,Retail,West,2025-05-10,37,lead,,False,False
1980,Williams LLC,williamsllc.com,Mid-Market,Healthcare,North,2024-08-15,2,lead,,False,False
4000,"Crawford, Foley and Ortiz",crawfordfoleyandortiz.com,Mid-Market,Education,West,2024-02-03,40,lead,,False,False
1484,"Henderson, Allen and Herrera",hendersonallenandherrera.com,SMB,Education,West,2022-10-03,40,lead,,False,False
3130,Gray-West,gray-west.com,SMB,Education,North,2022-11-24,5,lead,,False,False
3317,"Williams, Ferrell and Taylor",williamsferrellandtaylor.com,SMB,Retail,East,2023-01-11,27,lead,,False,False
230,Torres-Taylor,torres-taylor.com,SMB,Retail,North,2024-03-13,4,lead,,False,False
1590,"Foley, Clarke and Morgan",foleyclarkeandmorgan.com,SMB,Healthcare,East,2022-12-20,29,lead,,False,False
3554,Johnson-Schroeder,johnson-schroeder.com,SMB,Healthcare,South,2023-11-21,36,lead,,False,False
2230,Ward LLC,wardllc.com,SMB,Healthcare,West,2024-12-24,32,lead,,False,False
2507,Jackson PLC,jacksonplc.com,Mid-Market,FinTech,South,2023-10-12,20,lead,,False,False
3799,Floyd-Ellison,floyd-ellison.com,SMB,Healthcare,North,2025-06-10,9,lead,,False,False
161,Peterson and Sons,petersonandsons.com,SMB,Education,East,2022-08-09,21,lead,,False,False
456,Smith-Ward,smith-ward.com,SMB,FinTech,South,2023-04-23,18,lead,,False,False
2606,"Ellis, House and Stephens",ellishouseandstephens.com,SMB,Retail,North,2024-05-21,2,lead,,False,False
2407,"Jackson, Crawford and Johnson",jacksoncrawfordandjohnson.com,SMB,Healthcare,West,2023-03-02,37,lead,,False,False
2080,Williamson and Sons,williamsonandsons.com,SMB,Retail,North,2023-05-14,11,lead,,False,False
1387,Turner-Smith,turner-smith.com,SMB,Healthcare,East,2023-06-15,29,lead,,False,False
494,"Ross, Carroll and Johnson",rosscarrollandjohnson.com,Enterprise,Education,South,2023-01-24,10,lead,,False,False
1415,Becker-Wood,becker-wood.com,Mid-Market,Education,North,2024-02-06,1,lead,,False,False
2375,"Harrison, Jennings and Lewis",harrisonjenningsandlewis.com,Enterprise,Education,South,2023-12-25,20,lead,,False,False
233,Lin-Francis,lin-francis.com,SMB,Retail,North,2022-11-03,10,lead,,False,False
3602,Gray-Brooks,gray-brooks.com,SMB,FinTech,East,2023-03-22,27,lead,,False,False
1835,Stewart-Shepherd,stewart-shepherd.com,Mid-Market,Education,West,2024-02-22,49,lead,,False,False
89,Brady Ltd,bradyltd.com,Mid-Market,Healthcare,International,2023-06-02,48,lead,,False,False
1609,Bates Inc,batesinc.com,SMB,Retail,East,2023-01-14,29,lead,,False,False
1346,"Clark, Campbell and Hardy",clarkcampbellandhardy.com,SMB,Retail,East,2025-01-20,24,lead,,False,False
1724,White and Sons,whiteandsons.com,SMB,FinTech,West,2022-12-24,35,lead,,False,False
2329,Palmer Ltd,palmerltd.com,Mid-Market,Retail,South,2022-12-09,18,lead,,False,False
3322,"Young, Smith and Sutton",youngsmithandsutton.com,SMB,Education,International,2022-08-28,48,lead,,False,False
3957,Waters LLC,watersllc.com,Mid-Market,Retail,International,2022-12-22,47,lead,,False,False
822,Carey Inc,careyinc.com,SMB,Retail,South,2023-01-14,12,lead,,False,False
1355,Kirk-Cain,kirk-cain.com,Mid-Market,Retail,North,2024-06-05,4,lead,,False,False
2446,"Richardson, Anderson and Harris",richardsonandersonandharris.com,SMB,Healthcare,North,2022-09-19,8,lead,,False,False
449,"Wright, Parks and Flores",wrightparksandflores.com,SMB,FinTech,South,2024-09-01,11,lead,,False,False
1646,Garcia and Sons,garciaandsons.com,SMB,FinTech,North,2025-02-02,3,lead,,False,False
3142,Casey Ltd,caseyltd.com,SMB,Education,International,2025-02-15,48,lead,,False,False
2125,Smith Inc,smithinc.com,SMB,Healthcare,North,2023-07-08,9,lead,,False,False
232,"Knight, Hall and Klein",knighthallandklein.com,SMB,FinTech,South,2025-07-15,10,lead,,False,False
2519,Berger LLC,bergerllc.com,Mid-Market,Healthcare,West,2025-02-13,31,lead,,False,False
3935,Davenport and Sons,davenportandsons.com,SMB,Healthcare,West,2025-05-24,40,lead,,False,False
2750,Gonzales and Sons,gonzalesandsons.com,SMB,Retail,East,2024-08-22,30,lead,,False,False
173,Waller-Campbell,waller-campbell.com,SMB,Education,West,2024-06-23,37,lead,,False,False
263,Dunlap-Keller,dunlap-keller.com,SMB,Education,North,2023-06-18,3,lead,,False,False
3391,Rojas Group,rojasgroup.com,SMB,FinTech,South,2024-02-26,12,lead,,False,False
1485,Rodriguez PLC,rodriguezplc.com,Mid-Market,FinTech,South,2024-05-16,13,lead,,False,False
2463,Padilla Inc,padillainc.com,SMB,FinTech,West,2023-05-21,33,lead,,False,False
1942,"Fuller, Greene and Douglas",fullergreeneanddouglas.com,SMB,Healthcare,West,2023-08-21,32,lead,,False,False
2661,Gaines PLC,gainesplc.com,SMB,Healthcare,East,2022-09-24,26,lead,,False,False
503,"Shepard, Cannon and Peters",shepardcannonandpeters.com,Mid-Market,Education,International,2023-04-12,44,lead,,False,False
1547,Murphy Inc,murphyinc.com,SMB,FinTech,International,2024-05-04,44,lead,,False,False
3523,Simmons Ltd,simmonsltd.com,SMB,Retail,South,2023-11-01,15,lead,,False,False
1621,Webb Inc,webbinc.com,SMB,Healthcare,International,2025-03-30,43,lead,,False,False
2739,Mason-Ruiz,mason-ruiz.com,SMB,Healthcare,West,2024-12-13,38,lead,,False,False
683,Harper Ltd,harperltd.com,Mid-Market,Healthcare,East,2023-12-20,30,lead,,False,False
882,Lamb PLC,lambplc.com,SMB,FinTech,West,2022-10-23,50,lead,,False,False
1255,"Smith, Thompson and Maxwell",smiththompsonandmaxwell.com,SMB,Healthcare,South,2022-12-14,17,lead,,False,False
3407,Shields Ltd,shieldsltd.com,Mid-Market,Education,West,2024-04-03,38,lead,,False,False
588,Coleman-Fuentes,coleman-fuentes.com,SMB,Healthcare,South,2025-03-08,45,lead,,False,False
2825,Garcia and Sons,garciaandsons.com,SMB,Retail,North,2025-02-16,49,lead,,False,False
700,Galvan Inc,galvaninc.com,Enterprise,Education,East,2024-11-19,22,lead,,False,False
209,"Burns, Chang and Carter",burnschangandcarter.com,Mid-Market,FinTech,North,2022-09-09,3,lead,,False,False
378,Nelson-Charles,nelson-charles.com,SMB,Healthcare,South,2022-10-01,18,lead,,False,False
964,Marshall-Welch,marshall-welch.com,SMB,Retail,West,2025-06-16,40,lead,,False,False
1233,Ramsey Group,ramseygroup.com,SMB,Education,East,2023-11-25,29,lead,,False,False
2889,"Alexander, Vasquez and Carter",alexandervasquezandcarter.com,Mid-Market,Retail,North,2024-12-01,6,lead,,False,False
2536,"Cunningham, Sparks and May",cunninghamsparksandmay.com,Mid-Market,Education,South,2023-05-04,17,lead,,False,False
1909,Strickland-Peterson,strickland-peterson.com,SMB,Healthcare,International,2025-02-01,46,lead,,False,False
3019,"Pham, Garcia and Parks",phamgarciaandparks.com,Mid-Market,Retail,East,2023-07-28,21,lead,,False,False
1741,"Klein, Anderson and Moreno",kleinandersonandmoreno.com,SMB,Healthcare,West,2024-12-25,32,lead,,False,False
2811,"Daugherty, Anderson and Thomas",daughertyandersonandthomas.com,SMB,Retail,North,2024-02-24,3,lead,,False,False
1067,Roberts Ltd,robertsltd.com,Mid-Market,Retail,North,2025-03-05,7,lead,,False,False
2074,Dorsey LLC,dorseyllc.com,Mid-Market,Retail,West,2023-02-12,37,lead,,False,False
1238,Miller and Sons,millerandsons.com,SMB,Healthcare,South,2024-04-25,11,lead,,False,False
207,Fisher-Bennett,fisher-bennett.com,Mid-Market,Healthcare,South,2023-07-04,47,lead,,False,False
75,Herrera-Jacobs,herrera-jacobs.com,Mid-Market,Healthcare,East,2024-05-05,21,lead,,False,False
1641,Martinez Inc,martinezinc.com,Mid-Market,FinTech,West,2024-02-01,7,lead,,False,False
2928,"Arellano, Myers and Miller",arellanomyersandmiller.com,SMB,Retail,West,2022-12-04,39,lead,,False,False
941,Brooks Ltd,brooksltd.com,SMB,FinTech,North,2023-11-05,5,lead,,False,False
302,Smith Ltd,smithltd.com,SMB,FinTech,East,2022-11-30,30,lead,,False,False
3830,Sexton and Sons,sextonandsons.com,SMB,Education,North,2023-10-02,1,lead,,False,False
1312,Fox Inc,foxinc.com,SMB,Retail,North,2023-09-15,19,lead,,False,False
1543,"Walls, Wilson and Cox",wallswilsonandcox.com,SMB,Retail,South,2023-02-26,12,lead,,False,False
183,Jackson Inc,jacksoninc.com,SMB,FinTech,East,2022-08-14,11,lead,,False,False
3230,Lopez LLC,lopezllc.com,Mid-Market,Healthcare,East,2023-09-09,27,lead,,False,False
403,Baker-Meyer,baker-meyer.com,SMB,Retail,East,2023-06-16,24,lead,,False,False
541,Dixon PLC,dixonplc.com,SMB,Healthcare,East,2022-12-05,26,lead,,False,False
2704,Carter-Mcgee,carter-mcgee.com,Mid-Market,Retail,West,2024-05-30,36,lead,,False,False
3642,"Mccarthy, Norton and Turner",mccarthynortonandturner.com,SMB,Healthcare,International,2023-09-07,5,lead,,False,False
1405,Glenn Ltd,glennltd.com,SMB,Education,North,2023-01-25,40,lead,,False,False
1462,"Newton, Cole and Bowers",newtoncoleandbowers.com,Mid-Market,Education,West,2024-12-30,12,lead,,False,False
1389,Wilson-Mcintyre,wilson-mcintyre.com,SMB,Education,International,2025-05-02,47,lead,,False,False
3136,Herrera-Espinoza,herrera-espinoza.com,SMB,Education,East,2023-10-06,22,lead,,False,False
3740,Brown PLC,brownplc.com,SMB,Healthcare,West,2023-04-05,17,lead,,False,False
2198,Smith-Mueller,smith-mueller.com,SMB,Education,West,2024-03-27,34,lead,,False,False
690,Lewis PLC,lewisplc.com,Mid-Market,Education,North,2024-06-20,6,lead,,False,False
3540,Miller and Sons,millerandsons.com,SMB,Education,North,2024-02-06,6,lead,,False,False
170,Aguilar LLC,aguilarllc.com,Mid-Market,FinTech,East,2023-06-05,22,lead,,False,False
3276,Castillo-Morris,castillo-morris.com,SMB,Retail,South,2024-06-17,12,lead,,False,False
2558,Bond-Martinez,bond-martinez.com,SMB,Healthcare,East,2023-06-24,22,lead,,False,False
495,Williams-Rivera,williams-rivera.com,SMB,FinTech,East,2023-01-15,25,lead,,False,False
2035,Koch and Sons,kochandsons.com,Mid-Market,Education,International,2023-02-04,49,lead,,False,False
395,"Reed, Roberts and White",reedrobertsandwhite.com,SMB,Education,International,2024-10-20,19,lead,,False,False
3535,Delgado-Mcbride,delgado-mcbride.com,SMB,Healthcare,East,2024-04-07,22,lead,,False,False
539,"Fox, Lee and Sutton",foxleeandsutton.com,SMB,Education,East,2024-02-16,10,lead,,False,False
2090,Wilson PLC,wilsonplc.com,SMB,Education,North,2025-06-19,5,lead,,False,False
2544,Webb Ltd,webbltd.com,SMB,FinTech,International,2023-01-26,42,lead,,False,False
2475,Bradshaw-Macdonald,bradshaw-macdonald.com,SMB,FinTech,West,2023-08-16,38,lead,,False,False
3912,"Townsend, James and Fleming",townsendjamesandfleming.com,SMB,Healthcare,West,2025-06-22,38,lead,,False,False
3492,Miller Ltd,millerltd.com,SMB,Education,East,2025-05-03,25,lead,,False,False
632,Mitchell-Arellano,mitchell-arellano.com,Enterprise,Healthcare,East,2024-05-04,23,lead,,False,False
2723,Fox-Mcdaniel,fox-mcdaniel.com,SMB,Retail,West,2024-12-01,32,lead,,False,False
1088,Brown-Vega,brown-vega.com,SMB,Healthcare,East,2024-01-02,24,lead,,False,False
2241,Perez-Garcia,perez-garcia.com,SMB,Education,South,2024-06-29,14,lead,,False,False
201,Yates Ltd,yatesltd.com,SMB,Healthcare,South,2023-08-05,49,lead,,False,False
2885,Aguirre PLC,aguirreplc.com,Mid-Market,Healthcare,East,2024-03-23,10,lead,,False,False
1398,Savage and Sons,savageandsons.com,SMB,Retail,South,2024-04-01,19,lead,,False,False
1754,Washington-Nguyen,washington-nguyen.com,SMB,Healthcare,International,2024-04-06,49,lead,,False,False
725,"Gomez, Bender and Smith",gomezbenderandsmith.com,SMB,FinTech,West,2023-08-02,31,lead,,False,False
3098,Shelton and Sons,sheltonandsons.com,SMB,Retail,South,2024-11-08,20,lead,,False,False
301,Lucas Inc,lucasinc.com,SMB,Healthcare,South,2024-07-31,12,lead,,False,False
2360,Cisneros Inc,cisnerosinc.com,SMB,Healthcare,East,2024-09-12,27,lead,,False,False
415,Lamb Ltd,lambltd.com,SMB,Education,North,2024-01-16,5,lead,,False,False
3445,"Nguyen, Mason and Campbell",nguyenmasonandcampbell.com,SMB,FinTech,South,2023-10-28,12,lead,,False,False
1773,Wu PLC,wuplc.com,Mid-Market,Education,North,2023-10-04,34,lead,,False,False
1836,Green-Lee,green-lee.com,Mid-Market,Education,East,2023-12-04,29,lead,,False,False
1330,Mcfarland-Smith,mcfarland-smith.com,SMB,Education,International,2024-10-04,43,lead,,False,False
1600,"Mooney, Norton and Campbell",mooneynortonandcampbell.com,SMB,Retail,South,2023-09-03,11,lead,,False,False
1585,Moore-Harrison,moore-harrison.com,SMB,Education,East,2024-02-21,24,lead,,False,False
450,"Mason, Castillo and Ramos",masoncastilloandramos.com,SMB,Education,West,2024-04-18,34,lead,,False,False
3,Martin-Coleman,martin-coleman.com,SMB,Retail,South,2024-10-17,18,lead,,False,False
3143,"Welch, Weaver and George",welchweaverandgeorge.com,Mid-Market,Retail,South,2023-07-25,18,lead,,False,False
663,"Daniels, White and Wood",danielswhiteandwood.com,SMB,Education,West,2023-10-08,34,lead,,False,False
871,"Allen, Friedman and Sanford",allenfriedmanandsanford.com,Mid-Market,Healthcare,South,2025-02-21,18,lead,,False,False
2449,Gibson-Davila,gibson-davila.com,SMB,Healthcare,East,2022-12-06,49,lead,,False,False
2040,Cooley PLC,cooleyplc.com,Mid-Market,Education,North,2024-04-14,2,lead,,False,False
2947,Patterson Inc,pattersoninc.com,SMB,Retail,West,2025-03-24,40,lead,,False,False
2786,"Sweeney, Chambers and Leon",sweeneychambersandleon.com,Mid-Market,FinTech,North,2024-08-03,6,lead,,False,False
2333,"Edwards, Walls and Mitchell",edwardswallsandmitchell.com,Mid-Market,FinTech,East,2024-08-13,21,lead,,False,False
1045,Bennett-Spencer,bennett-spencer.com,SMB,Education,South,2023-09-06,12,lead,,False,False
3069,Mitchell-Rodriguez,mitchell-rodriguez.com,SMB,Education,International,2025-01-28,43,lead,,False,False
2587,"Ponce, White and Sanders",poncewhiteandsanders.com,Enterprise,Education,East,2022-10-23,24,lead,,False,False
3081,"Payne, Brown and Curtis",paynebrownandcurtis.com,SMB,Education,East,2022-12-02,21,lead,,False,False
804,Hopkins-Baldwin,hopkins-baldwin.com,SMB,Healthcare,North,2025-03-13,3,lead,,False,False
3777,Moore-Mack,moore-mack.com,SMB,Retail,West,2024-11-01,36,lead,,False,False
3986,Caldwell-Hughes,caldwell-hughes.com,Mid-Market,Retail,West,2023-09-10,37,lead,,False,False
1755,Johnson-Eaton,johnson-eaton.com,SMB,Healthcare,North,2023-09-01,2,lead,,False,False
272,Thomas-Rodriguez,thomas-rodriguez.com,Enterprise,Healthcare,West,2024-07-08,37,lead,,False,False
3012,"Ryan, Moore and Matthews",ryanmooreandmatthews.com,SMB,Healthcare,South,2023-05-13,20,lead,,False,False
1890,Black Inc,blackinc.com,SMB,Education,South,2022-08-30,15,lead,,False,False
286,Mullins Inc,mullinsinc.com,SMB,Retail,West,2024-05-12,38,lead,,False,False
3234,"Herrera, Myers and Conner",herreramyersandconner.com,SMB,Healthcare,International,2024-02-04,45,lead,,False,False
743,Smith and Sons,smithandsons.com,SMB,Healthcare,South,2024-09-19,45,lead,,False,False
3472,Thompson-Welch,thompson-welch.com,SMB,Healthcare,North,2025-07-07,4,lead,,False,False
609,Carrillo-Kelly,carrillo-kelly.com,SMB,Healthcare,East,2024-12-25,22,lead,,False,False
1247,Singh-Velez,singh-velez.com,SMB,FinTech,South,2024-06-22,38,lead,,False,False
461,Myers Inc,myersinc.com,Mid-Market,Healthcare,West,2023-12-02,39,lead,,False,False
3463,Yang-Wilson,yang-wilson.com,SMB,Education,South,2022-08-22,17,lead,,False,False
1089,Hess-James,hess-james.com,SMB,FinTech,West,2022-10-11,35,lead,,False,False
793,"Daniels, Allen and Keller",danielsallenandkeller.com,SMB,Education,International,2023-09-14,44,lead,,False,False
3310,Hanson and Sons,hansonandsons.com,SMB,Retail,East,2025-06-30,37,lead,,False,False
448,Parker-Melendez,parker-melendez.com,SMB,Education,North,2022-09-22,29,lead,,False,False
3561,"Smith, Rosario and Jones",smithrosarioandjones.com,SMB,Retail,International,2023-11-07,48,lead,,False,False
44,"Bryant, Moran and Garcia",bryantmoranandgarcia.com,SMB,Retail,West,2023-10-15,33,lead,,False,False
2179,Long-Black,long-black.com,SMB,FinTech,East,2025-04-16,29,lead,,False,False
849,Garcia-Norman,garcia-norman.com,SMB,Retail,East,2024-10-06,27,lead,,False,False
239,"Jensen, Williams and Myers",jensenwilliamsandmyers.com,SMB,Healthcare,West,2023-06-07,35,lead,,False,False
2268,Kennedy-Johnson,kennedy-johnson.com,SMB,Education,West,2022-11-09,40,lead,,False,False
2088,Mejia-Carter,mejia-carter.com,SMB,Education,South,2023-11-25,11,lead,,False,False
326,Blake Inc,blakeinc.com,SMB,Retail,North,2023-11-22,8,lead,,False,False
271,"Rose, Price and Crosby",rosepriceandcrosby.com,SMB,FinTech,North,2023-05-04,8,lead,,False,False
2493,Murray and Sons,murrayandsons.com,SMB,Education,North,2023-01-05,10,lead,,False,False
1046,Massey-Campbell,massey-campbell.com,SMB,Retail,North,2024-05-10,5,lead,,False,False
2953,Cole Group,colegroup.com,Mid-Market,Healthcare,South,2023-10-27,15,lead,,False,False
3210,"Peterson, Blevins and Simpson",petersonblevinsandsimpson.com,SMB,Retail,West,2022-10-30,40,lead,,False,False
2968,Baker-Valdez,baker-valdez.com,SMB,Education,North,2024-12-27,9,lead,,False,False
1057,"Gonzales, Lewis and Clark",gonzaleslewisandclark.com,SMB,Healthcare,South,2022-11-16,20,lead,,False,False
1555,"Cole, Alexander and Adams",colealexanderandadams.com,SMB,Retail,South,2023-10-09,47,lead,,False,False
51,Collins PLC,collinsplc.com,SMB,Education,East,2022-11-19,29,lead,,False,False
2487,"Mcclure, Wright and Jennings",mcclurewrightandjennings.com,SMB,FinTech,South,2024-11-27,19,lead,,False,False
798,Johnson-Fisher,johnson-fisher.com,Mid-Market,Education,International,2022-12-31,42,lead,,False,False
1167,"Clark, Turner and Davis",clarkturneranddavis.com,SMB,Education,North,2022-08-03,45,lead,,False,False
3572,Moore Ltd,mooreltd.com,SMB,FinTech,International,2023-03-21,44,lead,,False,False
3772,Kirby-Allen,kirby-allen.com,SMB,Education,West,2023-02-02,32,lead,,False,False
3766,Sherman-Brooks,sherman-brooks.com,SMB,Healthcare,West,2024-07-23,37,lead,,False,False
2737,West-Brown,west-brown.com,SMB,Education,East,2023-03-06,24,lead,,False,False
471,"Johnson, Mack and Lopez",johnsonmackandlopez.com,Mid-Market,Healthcare,South,2023-08-14,20,lead,,False,False
3695,Vance-Jordan,vance-jordan.com,Enterprise,Retail,South,2023-02-26,16,lead,,False,False
706,"Kelly, Powell and Smith",kellypowellandsmith.com,SMB,Education,West,2025-03-08,36,lead,,False,False
3284,Baker Inc,bakerinc.com,SMB,Healthcare,International,2024-12-13,1,lead,,False,False
423,"Solis, Rodriguez and Jones",solisrodriguezandjones.com,SMB,Education,North,2024-09-10,9,lead,,False,False
1160,Pearson-Henson,pearson-henson.com,SMB,FinTech,East,2023-11-28,23,lead,,False,False
3383,"Barnes, Jones and Melendez",barnesjonesandmelendez.com,SMB,Retail,East,2024-07-11,26,lead,,False,False
1634,Everett-Baker,everett-baker.com,SMB,Education,East,2024-01-17,25,lead,,False,False
621,Green and Sons,greenandsons.com,SMB,Healthcare,International,2022-07-28,34,lead,,False,False
649,Arellano PLC,arellanoplc.com,SMB,Retail,North,2025-03-15,6,lead,,False,False
385,"Lewis, Edwards and Ramirez",lewisedwardsandramirez.com,Mid-Market,FinTech,West,2024-11-15,32,lead,,False,False
305,Mcmillan-Walsh,mcmillan-walsh.com,SMB,Healthcare,South,2023-01-28,12,lead,,False,False
3980,Doyle-Diaz,doyle-diaz.com,SMB,Retail,South,2023-08-15,20,lead,,False,False
3239,Garcia-Colon,garcia-colon.com,SMB,Healthcare,West,2024-05-11,10,lead,,False,False
3972,"James, Anderson and Moore",jamesandersonandmoore.com,Mid-Market,Education,West,2022-10-09,32,lead,,False,False
3433,"Weaver, Adkins and Macdonald",weaveradkinsandmacdonald.com,Mid-Market,Education,East,2025-04-22,10,lead,,False,False
363,"Conrad, Tapia and Walsh",conradtapiaandwalsh.com,SMB,Retail,South,2024-01-12,15,lead,,False,False
1927,Douglas-Ford,douglas-ford.com,SMB,Healthcare,East,2022-11-10,19,lead,,False,False
1173,Turner-Bray,turner-bray.com,Mid-Market,Healthcare,International,2023-07-19,50,lead,,False,False
2061,Stevenson Ltd,stevensonltd.com,Mid-Market,FinTech,North,2023-12-22,6,lead,,False,False
406,Trujillo PLC,trujilloplc.com,Mid-Market,FinTech,West,2024-04-15,34,lead,,False,False
3134,"Harrison, Farrell and Davis",harrisonfarrellanddavis.com,SMB,Retail,East,2024-11-17,42,lead,,False,False
3185,Hamilton Ltd,hamiltonltd.com,SMB,Healthcare,East,2024-07-23,21,lead,,False,False
2194,Richardson-Roman,richardson-roman.com,Mid-Market,Education,East,2023-09-10,46,lead,,False,False
2573,"Jackson, Dominguez and Pacheco",jacksondominguezandpacheco.com,SMB,Education,West,2024-12-08,31,lead,,False,False
1470,Douglas Ltd,douglasltd.com,Mid-Market,Education,West,2022-11-18,39,lead,,False,False
3965,"Woods, Alvarado and Robertson",woodsalvaradoandrobertson.com,SMB,FinTech,West,2025-02-10,20,lead,,False,False
3933,Hall LLC,hallllc.com,SMB,Education,West,2022-08-31,21,lead,,False,False
1624,Harrison-Ramirez,harrison-ramirez.com,Mid-Market,Retail,East,2023-03-03,25,lead,,False,False
3097,Williams-Morgan,williams-morgan.com,SMB,Education,East,2024-07-22,26,lead,,False,False
3616,Beasley-Martin,beasley-martin.com,Mid-Market,FinTech,International,2024-12-12,42,lead,,False,False
3814,Sampson Inc,sampsoninc.com,SMB,Education,South,2023-05-22,25,lead,,False,False
3613,Warner LLC,warnerllc.com,SMB,Retail,South,2022-12-18,15,lead,,False,False
1747,Edwards and Sons,edwardsandsons.com,SMB,Healthcare,International,2024-06-11,17,lead,,False,False
1758,Banks LLC,banksllc.com,Mid-Market,Education,North,2024-06-04,3,lead,,False,False
1701,Bennett Inc,bennettinc.com,SMB,FinTech,West,2024-02-11,32,lead,,False,False
3745,"Raymond, Jackson and Berg",raymondjacksonandberg.com,SMB,FinTech,North,2024-05-25,9,lead,,False,False
1945,"Wagner, Silva and Hernandez",wagnersilvaandhernandez.com,Mid-Market,FinTech,North,2024-03-28,14,lead,,False,False
313,"Perez, Cooper and Gregory",perezcooperandgregory.com,Enterprise,Education,North,2023-08-20,4,lead,,False,False
580,"Lopez, Contreras and Holmes",lopezcontrerasandholmes.com,Mid-Market,Retail,South,2023-03-16,14,lead,,False,False
2967,West Group,westgroup.com,SMB,FinTech,West,2023-11-13,33,lead,,False,False
3319,"Fisher, Patterson and Blake",fisherpattersonandblake.com,Mid-Market,Education,West,2025-05-29,5,lead,,False,False
829,Walker LLC,walkerllc.com,SMB,FinTech,East,2023-05-25,24,lead,,False,False
2352,Wright PLC,wrightplc.com,SMB,Healthcare,South,2025-01-16,12,lead,,False,False
1532,Alvarado-Johnson,alvarado-johnson.com,SMB,Healthcare,East,2024-04-02,30,lead,,False,False
3721,"Adams, Cohen and Thompson",adamscohenandthompson.com,Mid-Market,FinTech,South,2023-11-16,17,lead,,False,False
967,Mcclain Ltd,mcclainltd.com,SMB,Education,South,2024-04-25,14,lead,,False,False
3924,"Campbell, Church and Delgado",campbellchurchanddelgado.com,SMB,Healthcare,East,2023-03-03,23,lead,,False,False
2079,"Travis, Welch and Smith",traviswelchandsmith.com,SMB,Healthcare,East,2025-02-14,30,lead,,False,False
1050,Owen-Haynes,owen-haynes.com,Mid-Market,Retail,North,2023-09-30,10,lead,,False,False
1353,Adams-Cohen,adams-cohen.com,SMB,Retail,International,2023-10-18,46,lead,,False,False
1031,"Rodriguez, Crawford and Cruz",rodriguezcrawfordandcruz.com,SMB,Healthcare,South,2023-01-28,20,lead,,False,False
1465,Howard-Bishop,howard-bishop.com,SMB,Healthcare,South,2023-08-08,16,lead,,False,False
3182,Jackson-Lucas,jackson-lucas.com,SMB,Healthcare,East,2024-11-15,22,lead,,False,False
179,Morales LLC,moralesllc.com,SMB,Healthcare,East,2025-05-11,38,lead,,False,False
3641,Barrett-Shelton,barrett-shelton.com,Enterprise,Education,South,2024-12-09,11,lead,,False,False
2684,"Stevenson, Bryant and Beltran",stevensonbryantandbeltran.com,Mid-Market,Retail,East,2022-08-23,22,lead,,False,False
3277,Martinez and Sons,martinezandsons.com,SMB,Healthcare,West,2023-09-12,2,lead,,False,False
3847,Graham Group,grahamgroup.com,SMB,FinTech,West,2025-06-01,40,lead,,False,False
561,"Ramos, Murray and Huynh",ramosmurrayandhuynh.com,SMB,Education,South,2024-02-01,19,lead,,False,False
348,Burgess-Zhang,burgess-zhang.com,SMB,Education,West,2023-04-25,24,lead,,False,False
661,"Phillips, Robinson and Zavala",phillipsrobinsonandzavala.com,SMB,Healthcare,North,2024-05-13,6,lead,,False,False
3821,Davis and Sons,davisandsons.com,SMB,Education,North,2022-09-06,3,lead,,False,False
3156,Cole-Glover,cole-glover.com,SMB,Healthcare,West,2023-01-19,38,lead,,False,False
121,Orr-Douglas,orr-douglas.com,Mid-Market,Retail,East,2023-11-20,24,lead,,False,False
3548,"Knapp, Clark and Peters",knappclarkandpeters.com,Mid-Market,Retail,West,2023-12-05,36,lead,,False,False
3064,Hill-Martinez,hill-martinez.com,SMB,Retail,North,2022-07-28,7,lead,,False,False
3002,Norris-Kelly,norris-kelly.com,Enterprise,Retail,South,2022-10-17,13,lead,,False,False
3973,Lee Group,leegroup.com,SMB,Healthcare,East,2022-10-05,22,lead,,False,False
2331,Brown Ltd,brownltd.com,SMB,FinTech,North,2024-10-25,4,lead,,False,False
545,Warner Ltd,warnerltd.com,SMB,Healthcare,West,2024-05-16,40,lead,,False,False
2118,Miranda LLC,mirandallc.com,SMB,FinTech,South,2023-07-29,15,lead,,False,False
513,Mason Ltd,masonltd.com,SMB,FinTech,East,2023-05-20,42,lead,,False,False
1791,"Anderson, Mccarthy and Silva",andersonmccarthyandsilva.com,SMB,FinTech,West,2023-06-15,33,lead,,False,False
2131,Carpenter Group,carpentergroup.com,SMB,Education,South,2024-01-10,11,lead,,False,False
1883,"Porter, Larsen and Beck",porterlarsenandbeck.com,Mid-Market,Education,International,2022-10-07,42,lead,,False,False
204,"Johnson, Medina and Brown",johnsonmedinaandbrown.com,Mid-Market,FinTech,West,2024-02-26,35,lead,,False,False
3667,Graham-Hayes,graham-hayes.com,SMB,Education,North,2023-04-22,8,lead,,False,False
2911,Foley Inc,foleyinc.com,Mid-Market,Education,West,2024-01-01,32,lead,,False,False
1781,"Walker, Davies and Edwards",walkerdaviesandedwards.com,Mid-Market,Education,West,2023-09-04,38,lead,,False,False
3558,Becker LLC,beckerllc.com,SMB,Retail,North,2023-04-20,2,lead,,False,False
2147,Ramos-Mccann,ramos-mccann.com,SMB,FinTech,South,2022-07-27,18,lead,,False,False
3634,"Wells, Neal and Huff",wellsnealandhuff.com,SMB,Retail,International,2025-01-21,18,lead,,False,False
427,Nguyen Group,nguyengroup.com,SMB,Healthcare,International,2024-10-23,50,lead,,False,False
616,"Martinez, Barnes and Montes",martinezbarnesandmontes.com,Mid-Market,Healthcare,West,2022-12-21,38,lead,,False,False
307,"Thompson, Smith and Douglas",thompsonsmithanddouglas.com,SMB,Education,North,2023-10-21,2,lead,,False,False
851,Serrano LLC,serranollc.com,SMB,FinTech,South,2024-09-09,12,lead,,False,False
3285,Alexander-Beck,alexander-beck.com,Mid-Market,Education,North,2023-09-12,10,lead,,False,False
1605,Stout Group,stoutgroup.com,Mid-Market,Retail,International,2022-12-14,48,lead,,False,False
138,James-Downs,james-downs.com,Mid-Market,Retail,North,2024-10-22,7,lead,,False,False
3524,Smith-Paul,smith-paul.com,Enterprise,Retail,International,2022-09-29,42,lead,,False,False
530,Donaldson-Chavez,donaldson-chavez.com,Mid-Market,FinTech,East,2023-12-23,27,lead,,False,False
2879,"Buchanan, Martinez and Hamilton",buchananmartinezandhamilton.com,SMB,Retail,West,2022-11-29,31,lead,,False,False
2465,Roberts and Sons,robertsandsons.com,Mid-Market,Education,North,2023-11-17,1,lead,,False,False
2902,Palmer Ltd,palmerltd.com,SMB,Retail,North,2025-06-11,7,lead,,False,False
2848,Grimes LLC,grimesllc.com,SMB,FinTech,North,2022-12-02,9,lead,,False,False
3779,Stanton Ltd,stantonltd.com,SMB,Healthcare,North,2024-08-04,7,lead,,False,False
1998,"Newton, Jackson and Carpenter",newtonjacksonandcarpenter.com,SMB,Healthcare,West,2024-09-05,36,lead,,False,False
259,Rodriguez-Nelson,rodriguez-nelson.com,Mid-Market,Retail,South,2023-03-15,14,lead,,False,False
1163,"Rodriguez, Smith and Conrad",rodriguezsmithandconrad.com,SMB,Healthcare,International,2023-08-28,46,lead,,False,False
1899,Gross-Bowen,gross-bowen.com,SMB,Education,International,2023-09-22,50,lead,,False,False
3176,James PLC,jamesplc.com,Mid-Market,Retail,South,2024-11-16,13,lead,,False,False
3186,Hoffman Group,hoffmangroup.com,Enterprise,Retail,North,2024-11-20,10,lead,,False,False
1666,"Larson, Ryan and Waters",larsonryanandwaters.com,Mid-Market,Healthcare,South,2023-10-14,15,lead,,False,False
1559,Green Group,greengroup.com,SMB,Retail,South,2023-03-24,19,lead,,False,False
2324,Henderson-Chen,henderson-chen.com,SMB,FinTech,International,2024-06-04,43,lead,,False,False
860,Melton LLC,meltonllc.com,SMB,FinTech,East,2025-06-19,24,lead,,False,False
686,Peters Inc,petersinc.com,SMB,Education,North,2023-03-18,4,lead,,False,False
3466,"Moore, Lewis and Atkinson",moorelewisandatkinson.com,SMB,FinTech,North,2023-11-16,23,lead,,False,False
1239,Butler-Jones,butler-jones.com,SMB,FinTech,South,2023-03-14,18,lead,,False,False
3367,"Ramirez, Sparks and Campbell",ramirezsparksandcampbell.com,Mid-Market,FinTech,West,2024-08-07,31,lead,,False,False
1625,"Brown, Martinez and Howard",brownmartinezandhoward.com,Mid-Market,Retail,North,2024-03-23,3,lead,,False,False
3702,Reed and Sons,reedandsons.com,SMB,Education,South,2023-09-07,19,lead,,False,False
3654,Myers Group,myersgroup.com,Enterprise,FinTech,South,2024-10-20,38,lead,,False,False
1887,Ferguson-Thompson,ferguson-thompson.com,SMB,Healthcare,South,2023-02-28,50,lead,,False,False
184,Little-Jenkins,little-jenkins.com,SMB,FinTech,South,2024-09-22,15,lead,,False,False
3877,"Smith, Henry and Gonzalez",smithhenryandgonzalez.com,SMB,Education,East,2024-05-30,21,lead,,False,False
1991,Watkins-Anderson,watkins-anderson.com,SMB,Healthcare,International,2025-06-21,37,lead,,False,False
1698,Parker-Phillips,parker-phillips.com,SMB,FinTech,North,2024-06-27,9,lead,,False,False
2001,Yu and Sons,yuandsons.com,SMB,Education,North,2024-05-20,4,lead,,False,False
2917,Allen Group,allengroup.com,Mid-Market,FinTech,East,2023-09-29,29,lead,,False,False
3371,Lambert and Sons,lambertandsons.com,Mid-Market,Retail,South,2023-03-01,19,lead,,False,False
1447,Banks-Lewis,banks-lewis.com,SMB,Retail,West,2022-09-18,33,lead,,False,False
190,Logan-Collins,logan-collins.com,SMB,Education,South,2024-11-25,19,lead,,False,False
2533,Fernandez-Shaw,fernandez-shaw.com,Mid-Market,Education,South,2022-10-06,24,lead,,False,False
2619,Fields-Pierce,fields-pierce.com,SMB,Education,East,2025-03-26,26,lead,,False,False
1937,"Alvarez, Sanchez and Cross",alvarezsanchezandcross.com,SMB,Retail,West,2024-12-26,37,lead,,False,False
2662,Mitchell-Bolton,mitchell-bolton.com,Mid-Market,Education,East,2022-11-25,25,lead,,False,False
2320,Hood-Parker,hood-parker.com,Mid-Market,Education,West,2024-11-28,33,lead,,False,False
2696,"Gay, Klein and Moreno",gaykleinandmoreno.com,Mid-Market,Education,West,2023-10-16,29,lead,,False,False
704,"Jordan, Carson and House",jordancarsonandhouse.com,SMB,Retail,South,2022-12-16,13,lead,,False,False
1081,Garcia-Collins,garcia-collins.com,Mid-Market,Retail,East,2025-01-15,23,lead,,False,False
1244,Conrad PLC,conradplc.com,Enterprise,Healthcare,South,2024-04-11,11,lead,,False,False
531,Garcia-Moore,garcia-moore.com,SMB,Retail,South,2023-04-07,20,lead,,False,False
3028,Kline Ltd,klineltd.com,SMB,FinTech,East,2023-11-05,8,lead,,False,False
3456,Villarreal Ltd,villarrealltd.com,SMB,FinTech,North,2022-09-20,20,lead,,False,False
3419,"Foley, Chavez and Hunt",foleychavezandhunt.com,SMB,FinTech,West,2025-02-27,35,lead,,False,False
3899,Murphy Inc,murphyinc.com,Enterprise,Retail,International,2024-08-13,46,lead,,False,False
447,Berger Inc,bergerinc.com,Mid-Market,Retail,West,2024-02-23,33,lead,,False,False
1002,Schaefer-Bush,schaefer-bush.com,SMB,Retail,East,2025-04-26,19,lead,,False,False
2140,Richards-Anderson,richards-anderson.com,SMB,Healthcare,North,2024-04-02,5,lead,,False,False
1986,Wilson-West,wilson-west.com,SMB,Healthcare,West,2024-10-26,32,lead,,False,False
2748,Austin-Stewart,austin-stewart.com,SMB,Healthcare,North,2023-08-10,5,lead,,False,False
544,"Obrien, Ford and Petty",obrienfordandpetty.com,SMB,Education,North,2024-10-05,4,lead,,False,False
200,Watson LLC,watsonllc.com,SMB,Retail,North,2023-12-06,3,lead,,False,False
2680,Ramos LLC,ramosllc.com,SMB,Retail,West,2022-08-12,33,lead,,False,False
2591,"Kemp, Gonzalez and Holland",kempgonzalezandholland.com,SMB,Education,West,2024-07-20,34,lead,,False,False
3087,Baker LLC,bakerllc.com,SMB,Healthcare,South,2023-08-01,17,lead,,False,False
382,Taylor Ltd,taylorltd.com,SMB,FinTech,North,2023-12-20,13,lead,,False,False
1573,Diaz Ltd,diazltd.com,SMB,FinTech,International,2024-07-10,49,lead,,False,False
1416,"Bautista, Johnston and Huber",bautistajohnstonandhuber.com,SMB,Education,South,2022-10-27,19,lead,,False,False
1325,Gill-Fuller,gill-fuller.com,Mid-Market,FinTech,West,2023-11-26,32,lead,,False,False
3305,Stone Group,stonegroup.com,Mid-Market,Retail,South,2022-09-14,50,lead,,False,False
3187,Hudson-Stokes,hudson-stokes.com,SMB,Retail,North,2024-08-29,5,lead,,False,False
560,Kelley-Sanchez,kelley-sanchez.com,SMB,Education,West,2023-01-31,34,lead,,False,False
2262,Moore Inc,mooreinc.com,Mid-Market,Education,North,2022-11-10,1,lead,,False,False
2703,"Massey, Vega and Hall",masseyvegaandhall.com,Mid-Market,Education,South,2022-11-23,18,lead,,False,False
1063,Chavez Group,chavezgroup.com,SMB,Retail,West,2023-05-15,36,lead,,False,False
3838,Cantu LLC,cantullc.com,SMB,Education,East,2023-10-23,40,lead,,False,False
1289,Garcia LLC,garciallc.com,Mid-Market,Healthcare,West,2023-04-04,37,lead,,False,False
3149,Adkins LLC,adkinsllc.com,SMB,Retail,West,2024-10-14,39,lead,,False,False
2838,"Sutton, Johnson and Wright",suttonjohnsonandwright.com,SMB,Retail,West,2022-12-04,31,lead,,False,False
2339,"Gonzales, Anderson and Conway",gonzalesandersonandconway.com,SMB,FinTech,East,2024-07-09,25,lead,,False,False
1249,Johnson LLC,johnsonllc.com,Mid-Market,Education,South,2024-07-05,19,lead,,False,False
94,Kirby-Powell,kirby-powell.com,SMB,Education,International,2024-05-16,50,lead,,False,False
3856,"Gonzalez, Brooks and Baker",gonzalezbrooksandbaker.com,SMB,Retail,International,2022-11-24,45,lead,,False,False
2419,Clark-Porter,clark-porter.com,SMB,Education,South,2024-09-17,19,lead,,False,False
517,Garrett Inc,garrettinc.com,Mid-Market,Education,East,2023-07-27,29,lead,,False,False
3703,Lang-Gibbs,lang-gibbs.com,SMB,FinTech,North,2023-01-28,10,lead,,False,False
3393,Smith-Andrews,smith-andrews.com,Mid-Market,Education,East,2022-11-22,50,lead,,False,False
979,Brown PLC,brownplc.com,SMB,Healthcare,South,2024-08-18,16,lead,,False,False
163,"Cruz, Schmidt and Watson",cruzschmidtandwatson.com,Enterprise,Retail,East,2024-06-22,21,lead,,False,False
1023,"Diaz, Richardson and Jackson",diazrichardsonandjackson.com,Mid-Market,Retail,South,2022-11-05,18,lead,,False,False
156,Cooper-Guzman,cooper-guzman.com,SMB,Retail,West,2025-01-13,35,lead,,False,False
1407,"Savage, King and Hart",savagekingandhart.com,Mid-Market,Retail,West,2024-09-09,36,lead,,False,False
3114,"Moore, Russell and Hicks",moorerussellandhicks.com,SMB,Healthcare,West,2022-10-20,33,lead,,False,False
178,"Figueroa, Payne and Cooper",figueroapayneandcooper.com,Enterprise,FinTech,North,2024-09-13,2,lead,,False,False
1764,Schneider-George,schneider-george.com,SMB,Education,North,2023-06-04,8,lead,,False,False
3913,Smith PLC,smithplc.com,SMB,FinTech,East,2022-09-28,30,lead,,False,False
1092,Garcia-Perez,garcia-perez.com,SMB,Education,South,2024-05-18,19,lead,,False,False
2308,"Leach, Gordon and Rangel",leachgordonandrangel.com,Mid-Market,Healthcare,South,2023-11-25,11,lead,,False,False
323,Wilson-Li,wilson-li.com,Mid-Market,Education,South,2024-09-22,16,lead,,False,False
2266,Nelson Inc,nelsoninc.com,Mid-Market,Retail,South,2022-11-05,19,lead,,False,False
1974,Mooney-Humphrey,mooney-humphrey.com,SMB,Retail,East,2023-03-17,25,lead,,False,False
3091,"Gonzalez, Lopez and Allison",gonzalezlopezandallison.com,SMB,Education,North,2023-09-25,9,lead,,False,False
228,"Gallagher, Colon and Heath",gallaghercolonandheath.com,SMB,Retail,North,2023-02-12,1,lead,,False,False
1946,Oconnor-Brooks,oconnor-brooks.com,SMB,Healthcare,East,2025-02-24,29,lead,,False,False
3956,Noble PLC,nobleplc.com,Enterprise,Healthcare,North,2025-04-28,6,lead,,False,False
3831,Odonnell-Robinson,odonnell-robinson.com,SMB,Retail,West,2022-09-22,35,lead,,False,False
182,Ellison Inc,ellisoninc.com,SMB,Healthcare,North,2025-06-22,4,lead,,False,False
2755,"Bowen, Simmons and Taylor",bowensimmonsandtaylor.com,SMB,Retail,East,2023-04-24,22,lead,,False,False
1467,Wall Group,wallgroup.com,SMB,FinTech,West,2024-12-03,31,lead,,False,False
1165,"Wolf, Lee and Hanson",wolfleeandhanson.com,Mid-Market,Healthcare,East,2022-12-20,26,lead,,False,False
1382,Harvey Inc,harveyinc.com,SMB,Retail,West,2025-03-18,34,lead,,False,False
2643,"Short, Calderon and Johnson",shortcalderonandjohnson.com,SMB,FinTech,South,2024-02-02,15,lead,,False,False
2170,"Davies, Ferguson and Dawson",daviesfergusonanddawson.com,SMB,Healthcare,West,2024-05-31,39,lead,,False,False
1091,Pratt-Reid,pratt-reid.com,Mid-Market,Education,North,2022-10-17,6,lead,,False,False
3949,Nelson-Stephens,nelson-stephens.com,SMB,FinTech,North,2024-01-12,9,lead,,False,False
1788,Hall-Mitchell,hall-mitchell.com,SMB,Retail,North,2023-09-12,11,lead,,False,False
1610,Thomas and Sons,thomasandsons.com,SMB,Education,South,2024-01-06,12,lead,,False,False
3895,"White, Perez and Smith",whiteperezandsmith.com,SMB,Education,International,2022-09-26,9,lead,,False,False
929,Fuller PLC,fullerplc.com,SMB,Healthcare,East,2023-04-27,20,lead,,False,False
2525,Schultz Group,schultzgroup.com,Mid-Market,Education,North,2024-02-18,6,lead,,False,False
1881,Gilmore Inc,gilmoreinc.com,SMB,Retail,International,2024-10-23,43,lead,,False,False
2377,Shepard Inc,shepardinc.com,SMB,FinTech,East,2023-06-26,23,lead,,False,False
3512,Griffin PLC,griffinplc.com,SMB,FinTech,South,2024-12-22,19,lead,,False,False
358,Moore LLC,moorellc.com,SMB,Healthcare,East,2025-05-31,30,lead,,False,False
2593,"Jones, Kaufman and Gutierrez",joneskaufmanandgutierrez.com,SMB,Healthcare,East,2022-12-18,21,lead,,False,False
583,Flores-Turner,flores-turner.com,SMB,FinTech,South,2025-02-03,13,lead,,False,False
2647,Nguyen LLC,nguyenllc.com,Enterprise,FinTech,East,2025-05-25,25,lead,,False,False
347,"Ruiz, Terrell and Richardson",ruizterrellandrichardson.com,SMB,Education,West,2023-09-07,38,lead,,False,False
3093,Gibson-Hart,gibson-hart.com,SMB,Healthcare,East,2025-02-01,29,lead,,False,False
3699,Griffin-Lynch,griffin-lynch.com,Mid-Market,Healthcare,South,2024-05-09,15,lead,,False,False
160,Williams-Lamb,williams-lamb.com,Mid-Market,Education,International,2025-06-05,48,lead,,False,False
1361,Romero Inc,romeroinc.com,Enterprise,FinTech,North,2024-08-12,6,lead,,False,False
938,Weaver PLC,weaverplc.com,SMB,Retail,West,2022-07-26,35,lead,,False,False
2794,Fisher-Campbell,fisher-campbell.com,SMB,Healthcare,East,2022-09-20,26,lead,,False,False
1735,Bird-Nelson,bird-nelson.com,SMB,Healthcare,South,2023-08-28,14,lead,,False,False
1344,Perez LLC,perezllc.com,SMB,Retail,East,2024-07-05,30,lead,,False,False
709,"Koch, Allen and Harrison",kochallenandharrison.com,SMB,Retail,West,2023-12-18,32,lead,,False,False
2340,"Gonzalez, Cordova and Arroyo",gonzalezcordovaandarroyo.com,SMB,FinTech,North,2024-03-09,3,lead,,False,False
2527,"Reed, Mccoy and Adams",reedmccoyandadams.com,SMB,Healthcare,South,2023-10-18,17,lead,,False,False
1290,Clark PLC,clarkplc.com,Mid-Market,Retail,North,2023-08-28,1,lead,,False,False
952,Hall-Wong,hall-wong.com,SMB,Retail,South,2024-03-31,18,lead,,False,False
1432,Carpenter-Wright,carpenter-wright.com,Mid-Market,Education,North,2025-05-21,5,lead,,False,False
970,Bryant-Nunez,bryant-nunez.com,SMB,FinTech,South,2024-08-27,15,lead,,False,False
1743,Griffin Ltd,griffinltd.com,Mid-Market,Education,East,2022-09-25,22,lead,,False,False
2356,"Anderson, Campbell and Olson",andersoncampbellandolson.com,SMB,FinTech,East,2023-02-12,25,lead,,False,False
1677,"Howard, Simpson and Howe",howardsimpsonandhowe.com,SMB,FinTech,West,2024-09-17,39,lead,,False,False
1477,Mcdowell-Navarro,mcdowell-navarro.com,SMB,Retail,East,2024-02-28,24,lead,,False,False
893,King-Strong,king-strong.com,SMB,Retail,West,2024-06-25,32,lead,,False,False
2002,"Oliver, Harrison and Salazar",oliverharrisonandsalazar.com,Mid-Market,FinTech,North,2024-06-04,32,lead,,False,False
1394,Burke PLC,burkeplc.com,SMB,FinTech,East,2025-04-04,23,lead,,False,False
2454,"Boyle, Harding and Miller",boylehardingandmiller.com,SMB,Healthcare,East,2023-03-18,46,lead,,False,False
2509,"Roberts, White and Torres",robertswhiteandtorres.com,SMB,Healthcare,South,2025-05-28,12,lead,,False,False
3977,"Lee, Marshall and Gonzalez",leemarshallandgonzalez.com,SMB,Retail,International,2024-01-27,43,lead,,False,False
730,"Hernandez, Tucker and Brock",hernandeztuckerandbrock.com,SMB,Education,South,2022-10-24,21,lead,,False,False
3365,"Lewis, Patrick and Skinner",lewispatrickandskinner.com,SMB,Healthcare,West,2024-05-15,32,lead,,False,False
2469,Davila-Gonzales,davila-gonzales.com,SMB,Retail,South,2022-09-07,19,lead,,False,False
2651,Abbott-Bauer,abbott-bauer.com,SMB,Education,South,2024-12-29,18,lead,,False,False
1844,"Knox, Bowers and Robertson",knoxbowersandrobertson.com,SMB,Education,South,2024-12-02,20,lead,,False,False
2495,"Williams, Burton and Reid",williamsburtonandreid.com,SMB,Education,West,2025-06-05,31,lead,,False,False
645,James-Brock,james-brock.com,SMB,Retail,East,2023-12-29,21,lead,,False,False
2691,Bell Inc,bellinc.com,Mid-Market,Education,East,2023-02-13,24,lead,,False,False
3432,Mendoza PLC,mendozaplc.com,Mid-Market,Retail,East,2022-08-19,23,lead,,False,False
315,Daniel-Weaver,daniel-weaver.com,SMB,Healthcare,West,2024-08-16,40,lead,,False,False
827,"Moses, Williams and Collins",moseswilliamsandcollins.com,SMB,Healthcare,West,2024-07-13,39,lead,,False,False
3657,Morse-Hall,morse-hall.com,SMB,FinTech,North,2023-12-31,10,lead,,False,False
3562,"Smith, Wilson and Silva",smithwilsonandsilva.com,SMB,Education,South,2025-07-16,14,lead,,False,False
171,"Alexander, Marshall and Henderson",alexandermarshallandhenderson.com,Mid-Market,Healthcare,North,2022-10-29,35,lead,,False,False
3435,"Taylor, Roman and Arnold",taylorromanandarnold.com,Mid-Market,Education,West,2023-06-29,12,lead,,False,False
3425,Wiley-Contreras,wiley-contreras.com,SMB,FinTech,East,2022-08-20,27,lead,,False,False
3426,"Smith, Sanchez and Adkins",smithsanchezandadkins.com,Mid-Market,FinTech,West,2024-06-10,31,lead,,False,False
2784,Gordon-Leach,gordon-leach.com,SMB,Healthcare,South,2024-09-02,16,lead,,False,False
2954,Dyer-Smith,dyer-smith.com,SMB,Healthcare,East,2024-01-06,25,lead,,False,False
862,"Gonzalez, Mason and Nelson",gonzalezmasonandnelson.com,SMB,Retail,International,2024-01-07,43,lead,,False,False
3788,Washington-Wilson,washington-wilson.com,SMB,Retail,North,2022-10-31,10,lead,,False,False
817,Davis Ltd,davisltd.com,SMB,Education,West,2024-01-13,36,lead,,False,False
1436,Rice Group,ricegroup.com,SMB,Retail,East,2024-12-29,25,lead,,False,False
1310,"Walter, King and Wright",walterkingandwright.com,SMB,Healthcare,East,2022-12-09,26,lead,,False,False
1390,English Group,englishgroup.com,SMB,FinTech,West,2025-06-06,40,lead,,False,False
32,"Gibson, Hayes and Boone",gibsonhayesandboone.com,Mid-Market,FinTech,East,2023-11-01,29,lead,,False,False
3348,Johnson-Diaz,johnson-diaz.com,Mid-Market,FinTech,South,2024-12-30,12,lead,,False,False
3480,Sanchez-Simmons,sanchez-simmons.com,SMB,FinTech,East,2022-12-02,22,lead,,False,False
2478,Burns Inc,burnsinc.com,Mid-Market,Education,South,2025-05-30,18,lead,,False,False
2180,"Ramirez, Gonzalez and Bryant",ramirezgonzalezandbryant.com,Mid-Market,Education,International,2024-02-25,45,lead,,False,False
2459,Cooper and Sons,cooperandsons.com,SMB,FinTech,East,2023-02-24,26,lead,,False,False
1933,"Allen, Garcia and Williams",allengarciaandwilliams.com,SMB,Retail,North,2023-11-12,1,lead,,False,False
1639,Marsh-Vargas,marsh-vargas.com,SMB,FinTech,East,2024-10-14,8,lead,,False,False
3591,Hartman Group,hartmangroup.com,SMB,Education,West,2024-07-15,35,lead,,False,False
1155,"Smith, Brown and Hall",smithbrownandhall.com,SMB,FinTech,South,2023-07-06,14,lead,,False,False
2824,Lopez-Johnson,lopez-johnson.com,SMB,Healthcare,East,2023-01-07,24,lead,,False,False
3235,Gross-Ross,gross-ross.com,Mid-Market,Education,West,2025-06-15,35,lead,,False,False
1111,Kim-Perez,kim-perez.com,SMB,FinTech,North,2023-09-28,1,lead,,False,False
1149,Clark Ltd,clarkltd.com,SMB,Retail,North,2023-01-07,5,lead,,False,False
923,Johnson-Harrington,johnson-harrington.com,SMB,FinTech,North,2023-01-23,8,lead,,False,False
2932,Wise-Solomon,wise-solomon.com,SMB,Healthcare,East,2025-02-17,18,lead,,False,False
658,"Ferguson, Miller and Gomez",fergusonmillerandgomez.com,Mid-Market,Healthcare,North,2025-02-06,9,lead,,False,False
814,"Davis, Stone and Vasquez",davisstoneandvasquez.com,SMB,Education,North,2025-02-17,1,lead,,False,False
1319,Shelton Ltd,sheltonltd.com,SMB,FinTech,International,2022-10-24,47,lead,,False,False
1904,"Price, Jarvis and Smith",pricejarvisandsmith.com,SMB,Healthcare,International,2023-11-02,50,lead,,False,False
33,"Orozco, Murray and Cardenas",orozcomurrayandcardenas.com,SMB,Retail,South,2023-09-30,19,lead,,False,False
1107,Haynes and Sons,haynesandsons.com,SMB,Healthcare,International,2024-03-11,15,lead,,False,False
2394,Barrera-Bradley,barrera-bradley.com,SMB,Education,West,2024-05-06,49,lead,,False,False
417,"Wilkinson, Reese and Henderson",wilkinsonreeseandhenderson.com,Mid-Market,Healthcare,West,2025-05-31,32,lead,,False,False
1777,Phillips-Campbell,phillips-campbell.com,SMB,FinTech,North,2025-02-04,9,lead,,False,False
3364,Jarvis Group,jarvisgroup.com,SMB,Retail,North,2023-07-25,3,lead,,False,False
3264,"Aguirre, Lawrence and Martinez",aguirrelawrenceandmartinez.com,Mid-Market,Healthcare,East,2025-01-23,21,lead,,False,False
2816,Jones-Reyes,jones-reyes.com,SMB,FinTech,South,2023-11-08,18,lead,,False,False
1842,"Bell, Vazquez and Schmitt",bellvazquezandschmitt.com,SMB,Healthcare,North,2024-01-23,5,lead,,False,False
1838,Smith-Adkins,smith-adkins.com,SMB,Retail,West,2025-05-04,38,lead,,False,False
3266,Anderson-Daniel,anderson-daniel.com,SMB,FinTech,South,2024-09-13,16,lead,,False,False
707,Barrera-Nichols,barrera-nichols.com,SMB,Education,East,2024-05-27,27,lead,,False,False
2518,"Webb, Allen and Chan",webballenandchan.com,SMB,Education,North,2023-06-21,4,lead,,False,False
1753,Moore-Murray,moore-murray.com,SMB,Education,International,2024-10-20,44,lead,,False,False
130,Harrison-Carter,harrison-carter.com,Enterprise,Healthcare,South,2024-07-24,11,lead,,False,False
1044,Chavez-Alexander,chavez-alexander.com,Mid-Market,Healthcare,East,2023-01-29,26,lead,,False,False
3888,"Williams, Lopez and Durham",williamslopezanddurham.com,SMB,Education,South,2025-02-25,14,lead,,False,False
2729,Garner and Sons,garnerandsons.com,SMB,Education,North,2023-06-23,42,lead,,False,False
3905,Bush-Miller,bush-miller.com,Mid-Market,FinTech,West,2023-05-15,31,lead,,False,False
1647,"Lopez, Campbell and Leon",lopezcampbellandleon.com,SMB,Retail,South,2025-07-13,18,lead,,False,False
2460,"Rivera, Harris and Richmond",riveraharrisandrichmond.com,SMB,FinTech,North,2022-10-28,9,lead,,False,False
2787,Watts-Jacobs,watts-jacobs.com,SMB,Healthcare,West,2024-12-14,35,lead,,False,False
3188,Dennis-Duke,dennis-duke.com,SMB,Healthcare,East,2024-04-05,23,lead,,False,False
11,"Green, Alvarez and Rivera",greenalvarezandrivera.com,SMB,FinTech,West,2025-04-04,40,lead,,False,False
1809,"Escobar, Weber and Hoffman",escobarweberandhoffman.com,Enterprise,Retail,East,2023-01-16,22,lead,,False,False
2914,Scott PLC,scottplc.com,SMB,FinTech,South,2022-11-26,14,lead,,False,False
551,Kennedy-Watkins,kennedy-watkins.com,SMB,Retail,South,2022-08-04,16,lead,,False,False
2678,"Davidson, Hunt and Collier",davidsonhuntandcollier.com,SMB,Education,International,2024-06-30,45,lead,,False,False
2277,Bryant-Avery,bryant-avery.com,SMB,Education,East,2022-09-26,33,lead,,False,False
2849,"Scott, Parker and Villa",scottparkerandvilla.com,Mid-Market,FinTech,International,2024-08-12,45,lead,,False,False
1127,"Webster, Miller and Taylor",webstermillerandtaylor.com,SMB,FinTech,North,2023-09-07,9,lead,,False,False
3620,"Alexander, Paul and Brooks",alexanderpaulandbrooks.com,SMB,FinTech,East,2024-10-07,24,lead,,False,False
3157,Hampton LLC,hamptonllc.com,SMB,FinTech,North,2022-10-26,8,lead,,False,False
285,Brown-Larson,brown-larson.com,SMB,Retail,South,2025-01-28,17,lead,,False,False
3836,Combs-Gay,combs-gay.com,SMB,Healthcare,South,2024-01-26,13,lead,,False,False
3605,Smith-Mckinney,smith-mckinney.com,SMB,Education,East,2022-10-31,21,lead,,False,False
3118,Caldwell PLC,caldwellplc.com,SMB,Healthcare,International,2023-02-03,47,lead,,False,False
1360,Collins and Sons,collinsandsons.com,Mid-Market,Education,South,2023-08-01,16,lead,,False,False
874,"Mcdonald, Hernandez and Leon",mcdonaldhernandezandleon.com,SMB,Retail,North,2025-02-11,9,lead,,False,False
1685,Patel Group,patelgroup.com,SMB,Retail,North,2024-08-27,1,lead,,False,False
1725,"Valenzuela, Murray and Lang",valenzuelamurrayandlang.com,SMB,Education,North,2025-06-07,5,lead,,False,False
607,"Garcia, House and Anderson",garciahouseandanderson.com,Mid-Market,Retail,North,2024-03-07,26,lead,,False,False
2100,"Cooley, Burgess and Christian",cooleyburgessandchristian.com,Enterprise,Healthcare,South,2024-08-20,20,lead,,False,False
2150,"Nelson, Sandoval and Smith",nelsonsandovalandsmith.com,SMB,Healthcare,West,2024-10-17,38,lead,,False,False
3040,Hernandez-Johnson,hernandez-johnson.com,Mid-Market,FinTech,East,2023-03-19,43,lead,,False,False
2231,Baldwin LLC,baldwinllc.com,SMB,Healthcare,North,2023-05-19,7,lead,,False,False
1686,"Strickland, Glenn and Carroll",stricklandglennandcarroll.com,Mid-Market,FinTech,South,2023-10-16,48,lead,,False,False
1305,Hicks Inc,hicksinc.com,SMB,Retail,West,2025-02-22,29,lead,,False,False
1445,"Powell, Ross and Jones",powellrossandjones.com,Mid-Market,Retail,West,2023-06-19,31,lead,,False,False
2420,Burgess-Black,burgess-black.com,Enterprise,Education,South,2024-10-08,14,lead,,False,False
948,Edwards-Hutchinson,edwards-hutchinson.com,SMB,Retail,East,2023-01-14,12,lead,,False,False
269,"Henson, Peck and Stanton",hensonpeckandstanton.com,SMB,Education,South,2025-03-27,14,lead,,False,False
3236,Martinez LLC,martinezllc.com,SMB,Retail,East,2024-07-24,23,lead,,False,False
2458,Flores-Wilcox,flores-wilcox.com,Mid-Market,FinTech,South,2022-10-11,19,lead,,False,False
2910,"Booth, Miller and Smith",boothmillerandsmith.com,SMB,Retail,South,2023-06-12,31,lead,,False,False
298,Barker-Gray,barker-gray.com,SMB,FinTech,East,2025-04-13,36,lead,,False,False
3889,"Velasquez, Stewart and Mckenzie",velasquezstewartandmckenzie.com,SMB,Education,West,2024-07-17,36,lead,,False,False
2853,Jarvis-Shaw,jarvis-shaw.com,Mid-Market,FinTech,International,2023-02-09,47,lead,,False,False
3728,"Day, Brown and Sanchez",daybrownandsanchez.com,SMB,FinTech,South,2023-07-13,42,lead,,False,False
3611,"Holland, Mcdonald and Villegas",hollandmcdonaldandvillegas.com,SMB,Healthcare,International,2022-12-10,10,lead,,False,False
2186,"Reed, Cunningham and Mueller",reedcunninghamandmueller.com,SMB,Retail,South,2022-12-18,13,lead,,False,False
45,"Arroyo, Bryant and Butler",arroyobryantandbutler.com,SMB,Retail,West,2024-05-17,34,lead,,False,False
813,"Mason, Ayala and Webster",masonayalaandwebster.com,SMB,Healthcare,East,2022-12-05,23,lead,,False,False
1748,Hines Ltd,hinesltd.com,SMB,Healthcare,North,2023-11-08,9,lead,,False,False
796,"Gardner, Sullivan and Williams",gardnersullivanandwilliams.com,SMB,Retail,International,2024-09-18,46,lead,,False,False
3404,Johnson and Sons,johnsonandsons.com,Mid-Market,Retail,South,2024-11-29,13,lead,,False,False
2099,Meza PLC,mezaplc.com,SMB,Retail,North,2022-09-12,5,lead,,False,False
3043,"Lopez, Dougherty and Palmer",lopezdoughertyandpalmer.com,Mid-Market,Retail,West,2022-11-20,35,lead,,False,False
3347,Taylor-Day,taylor-day.com,SMB,Healthcare,West,2023-11-11,32,lead,,False,False
852,Brown Inc,browninc.com,SMB,Education,East,2024-08-28,29,lead,,False,False
3516,"Stone, Hopkins and Ortiz",stonehopkinsandortiz.com,Mid-Market,Education,East,2025-04-26,30,lead,,False,False
1219,Lee-Singh,lee-singh.com,Mid-Market,FinTech,South,2025-05-15,12,lead,,False,False
1975,Smith-Cole,smith-cole.com,Mid-Market,FinTech,East,2023-12-26,30,lead,,False,False
2497,Moreno-Phillips,moreno-phillips.com,SMB,Education,West,2023-01-07,35,lead,,False,False
425,Olsen Ltd,olsenltd.com,Enterprise,FinTech,East,2024-07-02,27,lead,,False,False
2299,Brown-Sellers,brown-sellers.com,Enterprise,FinTech,North,2023-12-26,7,lead,,False,False
1463,Powers LLC,powersllc.com,Mid-Market,Retail,South,2025-06-28,11,lead,,False,False
2814,Hill-Shaw,hill-shaw.com,Mid-Market,FinTech,South,2024-11-01,23,lead,,False,False
3911,"Smith, Morgan and Tran",smithmorganandtran.com,SMB,Retail,North,2022-12-07,6,lead,,False,False
855,Rush Inc,rushinc.com,SMB,FinTech,North,2024-06-28,1,lead,,False,False
2287,Lopez-Perkins,lopez-perkins.com,SMB,Healthcare,South,2024-08-15,14,lead,,False,False
655,Smith-Cooper,smith-cooper.com,Enterprise,Retail,East,2022-10-21,26,lead,,False,False
1068,Lewis and Sons,lewisandsons.com,SMB,FinTech,East,2023-03-22,23,lead,,False,False
1519,Gonzalez-Bond,gonzalez-bond.com,Mid-Market,Education,South,2024-06-20,18,lead,,False,False
3413,Woods Group,woodsgroup.com,Mid-Market,FinTech,North,2025-05-11,6,lead,,False,False
2612,"Andrews, Richardson and Osborne",andrewsrichardsonandosborne.com,Mid-Market,FinTech,West,2024-08-27,50,lead,,False,False
1767,Evans-Bowen,evans-bowen.com,SMB,Healthcare,North,2024-11-23,2,lead,,False,False
1730,Fields Group,fieldsgroup.com,SMB,FinTech,North,2023-03-01,3,lead,,False,False
2993,Smith-Evans,smith-evans.com,SMB,Retail,North,2022-10-01,6,lead,,False,False
1783,"Munoz, Werner and Gonzalez",munozwernerandgonzalez.com,SMB,Education,South,2024-03-23,18,lead,,False,False
1530,Miller-Mckinney,miller-mckinney.com,SMB,Education,East,2025-01-14,30,lead,,False,False
2481,"Moss, Copeland and Morrow",mosscopelandandmorrow.com,SMB,Education,North,2025-03-20,6,lead,,False,False
1218,Fitzgerald PLC,fitzgeraldplc.com,Mid-Market,Education,South,2022-08-28,16,lead,,False,False
505,"Fitzgerald, Miller and Snyder",fitzgeraldmillerandsnyder.com,SMB,Retail,North,2024-01-14,6,lead,,False,False
842,Marks Ltd,marksltd.com,SMB,FinTech,South,2024-03-12,20,lead,,False,False
1302,"Townsend, Washington and Perry",townsendwashingtonandperry.com,SMB,FinTech,East,2023-02-07,19,lead,,False,False
3171,"Patterson, Morales and Stevenson",pattersonmoralesandstevenson.com,SMB,FinTech,International,2022-09-11,42,lead,,False,False
3428,Patton-Bell,patton-bell.com,SMB,Education,East,2024-10-12,27,lead,,False,False
332,Chapman-Evans,chapman-evans.com,SMB,Retail,South,2023-05-31,13,lead,,False,False
2471,"Boone, Carlson and Gonzalez",boonecarlsonandgonzalez.com,Mid-Market,Healthcare,West,2025-05-12,2,lead,,False,False
2698,Bruce LLC,brucellc.com,SMB,FinTech,East,2023-09-21,23,lead,,False,False
2014,Stanley-Allison,stanley-allison.com,Mid-Market,FinTech,North,2023-05-18,39,lead,,False,False
2842,Walton-Dixon,walton-dixon.com,Mid-Market,Education,North,2024-07-28,31,lead,,False,False
3871,Russo-Burke,russo-burke.com,Mid-Market,Education,International,2025-01-01,49,lead,,False,False
3625,Sanders-Solomon,sanders-solomon.com,SMB,Education,North,2022-12-10,3,lead,,False,False
1386,"Franco, Nguyen and Harris",franconguyenandharris.com,SMB,Education,South,2023-07-26,19,lead,,False,False
3390,"Daniels, Nelson and Wood",danielsnelsonandwood.com,Enterprise,Retail,South,2024-12-28,12,lead,,False,False
2996,"Frazier, Rodriguez and Miles",frazierrodriguezandmiles.com,Mid-Market,FinTech,East,2024-09-24,26,lead,,False,False
10,"Flores, Powell and Nichols",florespowellandnichols.com,SMB,Healthcare,West,2023-08-04,37,lead,,False,False
2094,Rice-Adams,rice-adams.com,Enterprise,Healthcare,West,2023-11-03,33,lead,,False,False
3636,"Cantu, Collins and Davis",cantucollinsanddavis.com,SMB,Retail,East,2023-06-16,26,lead,,False,False
3172,"Ray, Dillon and Spencer",raydillonandspencer.com,SMB,Retail,West,2022-09-02,35,lead,,False,False
3289,Clark-Jordan,clark-jordan.com,Mid-Market,Retail,International,2023-05-05,45,lead,,False,False
1841,"Morrison, Pineda and Curry",morrisonpinedaandcurry.com,SMB,FinTech,South,2023-01-04,11,lead,,False,False
2630,"Rodriguez, Vasquez and Williams",rodriguezvasquezandwilliams.com,SMB,Healthcare,International,2024-11-18,49,lead,,False,False
1026,"Macdonald, Perez and Johnson",macdonaldperezandjohnson.com,SMB,FinTech,North,2025-02-15,7,lead,,False,False
2780,Duncan-Gonzalez,duncan-gonzalez.com,SMB,Retail,North,2023-08-28,5,lead,,False,False
17,Brown PLC,brownplc.com,SMB,Retail,International,2025-01-20,45,lead,,False,False
532,"Cobb, Webb and Palmer",cobbwebbandpalmer.com,SMB,Retail,West,2024-08-24,38,lead,,False,False
1941,Hughes-White,hughes-white.com,Mid-Market,Education,South,2023-10-14,19,lead,,False,False
1988,Fletcher-Wagner,fletcher-wagner.com,Mid-Market,FinTech,West,2022-08-26,36,lead,,False,False
3252,Park and Sons,parkandsons.com,Mid-Market,Retail,North,2022-11-20,7,lead,,False,False
570,"Anderson, Gibbs and Green",andersongibbsandgreen.com,Mid-Market,Retail,International,2022-08-02,42,lead,,False,False
474,"Young, Hayes and Rogers",younghayesandrogers.com,SMB,Retail,West,2025-05-29,34,lead,,False,False
1498,Stevenson-Johnson,stevenson-johnson.com,SMB,Education,International,2022-09-14,49,lead,,False,False
3650,"Stewart, Jackson and Fisher",stewartjacksonandfisher.com,Mid-Market,Retail,South,2022-10-03,36,lead,,False,False
2496,"Evans, Garcia and Nguyen",evansgarciaandnguyen.com,Mid-Market,Education,West,2023-10-27,35,lead,,False,False
1818,Barr LLC,barrllc.com,Mid-Market,Retail,International,2022-09-02,48,lead,,False,False
2542,Caldwell and Sons,caldwellandsons.com,SMB,Retail,South,2024-11-15,17,lead,,False,False
1562,"Griffin, Smith and Moore",griffinsmithandmoore.com,SMB,Healthcare,North,2024-10-25,10,lead,,False,False
2639,Young and Sons,youngandsons.com,SMB,Healthcare,East,2024-07-24,29,lead,,False,False
2900,"Ross, Burgess and Sampson",rossburgessandsampson.com,Mid-Market,FinTech,East,2025-02-17,22,lead,,False,False
3243,Crosby-Espinoza,crosby-espinoza.com,SMB,Retail,International,2023-06-20,50,lead,,False,False
3274,"Hunt, Bennett and Mosley",huntbennettandmosley.com,Mid-Market,Retail,West,2025-03-20,38,lead,,False,False
3457,Hendricks-Andrade,hendricks-andrade.com,SMB,FinTech,North,2024-09-10,8,lead,,False,False
1812,Morgan and Sons,morganandsons.com,SMB,Retail,East,2023-11-25,30,lead,,False,False
476,Chandler-Smith,chandler-smith.com,Enterprise,Retail,West,2025-02-14,8,lead,,False,False
1651,Marquez-Christensen,marquez-christensen.com,Mid-Market,FinTech,East,2023-10-14,29,lead,,False,False
567,Smith and Sons,smithandsons.com,Mid-Market,Healthcare,South,2024-04-30,16,lead,,False,False
3021,Baldwin LLC,baldwinllc.com,SMB,FinTech,South,2025-04-08,14,lead,,False,False
2101,"Taylor, Espinoza and Thomas",taylorespinozaandthomas.com,SMB,FinTech,West,2025-04-15,37,lead,,False,False
457,Wilson-Thompson,wilson-thompson.com,SMB,FinTech,West,2024-06-12,40,lead,,False,False
675,Moore Inc,mooreinc.com,SMB,Healthcare,West,2025-01-25,35,lead,,False,False
3082,"Hayden, Lewis and Patel",haydenlewisandpatel.com,Mid-Market,Healthcare,South,2025-04-05,11,lead,,False,False
1938,Chase-Brown,chase-brown.com,SMB,Retail,East,2024-07-18,30,lead,,False,False
745,Kelly Inc,kellyinc.com,SMB,Retail,West,2023-10-13,43,lead,,False,False
3128,Williams-Peterson,williams-peterson.com,SMB,Healthcare,South,2024-09-07,12,lead,,False,False
3123,Jackson Group,jacksongroup.com,SMB,Healthcare,North,2023-03-17,6,lead,,False,False
472,Bolton PLC,boltonplc.com,SMB,Education,South,2024-11-29,22,lead,,False,False
2256,Mclaughlin-Gonzales,mclaughlin-gonzales.com,Enterprise,Education,North,2025-05-14,5,lead,,False,False
1139,Lopez PLC,lopezplc.com,Mid-Market,Education,South,2023-09-08,18,lead,,False,False
3344,"Allison, Diaz and Castillo",allisondiazandcastillo.com,Mid-Market,Retail,South,2025-05-17,18,lead,,False,False
3903,Moses-Wright,moses-wright.com,SMB,Education,North,2025-04-17,17,lead,,False,False
3316,Simmons-Smith,simmons-smith.com,SMB,Education,West,2023-12-10,39,lead,,False,False
1113,"Kim, Carroll and Zamora",kimcarrollandzamora.com,Mid-Market,Education,North,2024-08-30,15,lead,,False,False
2640,"Fisher, Knight and Howe",fisherknightandhowe.com,SMB,Healthcare,East,2023-01-21,27,lead,,False,False
1613,"Morgan, Obrien and Miller",morganobrienandmiller.com,SMB,Retail,North,2024-02-04,8,lead,,False,False
2850,"Wang, Smith and Harris",wangsmithandharris.com,SMB,Healthcare,West,2024-11-21,38,lead,,False,False
1180,"Butler, Dickerson and Diaz",butlerdickersonanddiaz.com,SMB,Retail,South,2023-12-18,18,lead,,False,False
3670,Kirk PLC,kirkplc.com,SMB,Education,South,2023-06-22,13,lead,,False,False
1054,"Vasquez, Harrell and Morris",vasquezharrellandmorris.com,Mid-Market,FinTech,South,2025-02-03,31,lead,,False,False
27,Cruz LLC,cruzllc.com,SMB,Retail,South,2023-09-23,48,lead,,False,False
3129,Miller LLC,millerllc.com,SMB,FinTech,South,2025-02-16,19,lead,,False,False
1595,"Kim, Moore and Sutton",kimmooreandsutton.com,Mid-Market,Retail,North,2022-12-05,8,lead,,False,False
1040,"Matthews, Vasquez and Johnson",matthewsvasquezandjohnson.com,Mid-Market,Retail,International,2024-12-22,45,lead,,False,False
1065,Nelson-Schmidt,nelson-schmidt.com,SMB,Retail,North,2023-12-26,10,lead,,False,False
3366,Rodriguez-Foley,rodriguez-foley.com,SMB,FinTech,West,2025-06-17,47,lead,,False,False
2957,Henderson PLC,hendersonplc.com,SMB,Education,West,2022-11-09,31,lead,,False,False
2280,"Logan, Palmer and Boone",loganpalmerandboone.com,SMB,Education,East,2025-05-21,27,lead,,False,False
2669,Blake Group,blakegroup.com,Mid-Market,FinTech,North,2025-06-10,37,lead,,False,False
2209,King LLC,kingllc.com,Mid-Market,Healthcare,West,2022-12-09,13,lead,,False,False
3307,Gregory-Benjamin,gregory-benjamin.com,SMB,FinTech,North,2023-08-10,5,lead,,False,False
3676,Davis LLC,davisllc.com,SMB,Education,West,2023-12-06,31,lead,,False,False
1135,"Frazier, Davis and Blair",frazierdavisandblair.com,SMB,Education,West,2024-11-20,37,lead,,False,False
2799,Goodwin and Sons,goodwinandsons.com,SMB,Healthcare,West,2023-02-06,37,lead,,False,False
3500,Banks-Martinez,banks-martinez.com,Enterprise,FinTech,East,2025-02-17,23,lead,,False,False
3395,Gonzalez and Sons,gonzalezandsons.com,SMB,Education,West,2025-03-15,31,lead,,False,False
127,"Bell, Livingston and Collins",belllivingstonandcollins.com,Mid-Market,FinTech,East,2024-04-08,25,lead,,False,False
933,Briggs-Price,briggs-price.com,SMB,FinTech,North,2025-03-13,7,lead,,False,False
3884,"Stewart, Lynn and Bright",stewartlynnandbright.com,SMB,FinTech,International,2025-04-16,43,lead,,False,False
1971,Ramirez-Smith,ramirez-smith.com,SMB,FinTech,West,2023-12-05,35,lead,,False,False
2385,Arnold Group,arnoldgroup.com,SMB,Retail,East,2023-09-02,27,lead,,False,False
3104,Gill Inc,gillinc.com,SMB,Healthcare,North,2022-12-14,5,lead,,False,False
1832,Castro Group,castrogroup.com,Mid-Market,FinTech,West,2023-05-23,37,lead,,False,False
3773,"Ross, Stevens and Francis",rossstevensandfrancis.com,SMB,Education,South,2023-02-26,16,lead,,False,False
1112,"Rios, Lynn and Haynes",rioslynnandhaynes.com,Mid-Market,Education,West,2025-03-11,38,lead,,False,False
22,Daniels Ltd,danielsltd.com,SMB,Education,North,2024-03-09,4,lead,,False,False
997,"Fernandez, Taylor and Saunders",fernandeztaylorandsaunders.com,Mid-Market,FinTech,West,2024-12-02,47,lead,,False,False
3722,Hudson-Martinez,hudson-martinez.com,SMB,Retail,North,2023-10-23,5,lead,,False,False
3470,Jones Ltd,jonesltd.com,Enterprise,Education,South,2022-10-24,19,lead,,False,False
1123,Smith-Hood,smith-hood.com,SMB,FinTech,International,2022-08-30,43,lead,,False,False
2711,Mcclure-Schultz,mcclure-schultz.com,Enterprise,Education,North,2024-10-25,2,lead,,False,False
1103,Gallegos-Thompson,gallegos-thompson.com,SMB,FinTech,East,2023-02-24,29,lead,,False,False
2370,Chambers-Wilkins,chambers-wilkins.com,SMB,FinTech,International,2024-03-01,47,lead,,False,False
1066,"Cook, Nunez and Garcia",cooknunezandgarcia.com,SMB,Healthcare,West,2023-04-26,37,lead,,False,False
338,Johnston Group,johnstongroup.com,SMB,Education,South,2024-11-25,9,lead,,False,False
1042,Johnson-Davis,johnson-davis.com,SMB,FinTech,West,2025-03-31,35,lead,,False,False
331,"Barnett, Cobb and Moran",barnettcobbandmoran.com,SMB,Education,East,2024-02-29,29,lead,,False,False
1033,"Hampton, Christian and Rose",hamptonchristianandrose.com,Mid-Market,Healthcare,North,2023-04-02,8,lead,,False,False
2854,Smith-Blanchard,smith-blanchard.com,SMB,FinTech,East,2024-10-21,47,lead,,False,False
2706,"Foster, Smith and Gomez",fostersmithandgomez.com,SMB,Retail,North,2024-03-26,6,lead,,False,False
2904,"Bailey, Brown and Collins",baileybrownandcollins.com,SMB,FinTech,South,2023-03-01,17,lead,,False,False
2232,Walls-Roberts,walls-roberts.com,SMB,Retail,North,2024-08-22,5,lead,,False,False
1578,Perez Ltd,perezltd.com,SMB,FinTech,North,2023-09-10,10,lead,,False,False
3738,"Davis, Parker and Brady",davisparkerandbrady.com,SMB,FinTech,East,2022-08-31,12,lead,,False,False
921,Smith Group,smithgroup.com,Enterprise,Healthcare,South,2023-12-09,18,lead,,False,False
2500,"Mckenzie, Roberts and Cantrell",mckenzierobertsandcantrell.com,SMB,Retail,West,2025-07-15,35,lead,,False,False
3056,Bridges-Keller,bridges-keller.com,Mid-Market,FinTech,North,2022-11-11,10,lead,,False,False
2023,Lynch Group,lynchgroup.com,SMB,Retail,North,2024-05-27,5,lead,,False,False
3915,Watson PLC,watsonplc.com,SMB,Retail,South,2023-04-08,20,lead,,False,False
1722,Bryant Inc,bryantinc.com,SMB,Education,East,2023-10-15,21,lead,,False,False
3962,Mcintyre Ltd,mcintyreltd.com,SMB,FinTech,North,2025-03-25,3,lead,,False,False
2653,Howard-Martinez,howard-martinez.com,SMB,Education,East,2023-05-27,39,lead,,False,False
393,Campbell-Lee,campbell-lee.com,SMB,Retail,North,2023-12-31,49,lead,,False,False
2416,Hicks-Brown,hicks-brown.com,SMB,Education,East,2023-09-29,26,lead,,False,False
304,Estrada-Murphy,estrada-murphy.com,SMB,Education,North,2025-04-11,2,lead,,False,False
2457,Jordan-Rose,jordan-rose.com,Mid-Market,Education,East,2024-03-20,26,lead,,False,False
2044,Parker Group,parkergroup.com,Enterprise,Education,West,2024-11-05,10,lead,,False,False
1379,Cooper-Hall,cooper-hall.com,SMB,Retail,South,2023-04-29,12,lead,,False,False
392,Ibarra-Carter,ibarra-carter.com,SMB,Healthcare,South,2023-04-11,12,lead,,False,False
422,"Hunt, Walker and Higgins",huntwalkerandhiggins.com,Mid-Market,Healthcare,South,2025-07-14,25,lead,,False,False
2683,"Bright, Price and Bradley",brightpriceandbradley.com,Mid-Market,FinTech,North,2023-03-03,6,lead,,False,False
3416,"Lopez, Carpenter and Middleton",lopezcarpenterandmiddleton.com,SMB,FinTech,North,2023-01-18,24,lead,,False,False
792,Graves-Yates,graves-yates.com,SMB,Education,West,2024-02-07,26,lead,,False,False
3645,"Shaffer, Williams and Flowers",shafferwilliamsandflowers.com,SMB,Healthcare,North,2023-01-10,9,lead,,False,False
242,Smith-Jones,smith-jones.com,SMB,Retail,South,2025-06-25,24,lead,,False,False
1824,"Anderson, Robinson and Murphy",andersonrobinsonandmurphy.com,SMB,Healthcare,International,2023-09-25,47,lead,,False,False
1999,Gentry-Mason,gentry-mason.com,SMB,FinTech,South,2022-07-30,12,lead,,False,False
1908,"Craig, Burns and Martin",craigburnsandmartin.com,SMB,Retail,West,2023-05-22,40,lead,,False,False
722,Newman LLC,newmanllc.com,SMB,Retail,South,2023-04-29,13,lead,,False,False
618,Dodson-Martinez,dodson-martinez.com,SMB,Retail,East,2023-06-06,25,lead,,False,False
1823,Martin-Joyce,martin-joyce.com,SMB,Education,North,2023-07-01,5,lead,,False,False
2898,Hardin-Mccarthy,hardin-mccarthy.com,SMB,Education,International,2025-04-03,42,lead,,False,False
1006,Ball-Love,ball-love.com,Mid-Market,Healthcare,South,2025-01-30,15,lead,,False,False
944,Williams LLC,williamsllc.com,SMB,FinTech,International,2022-10-06,44,lead,,False,False
1072,"Scott, Fox and Burnett",scottfoxandburnett.com,SMB,Healthcare,North,2024-09-09,25,lead,,False,False
3906,Davis-Davis,davis-davis.com,SMB,Retail,North,2025-04-22,4,lead,,False,False
2877,"Wheeler, Lopez and Clay",wheelerlopezandclay.com,SMB,Healthcare,East,2024-08-04,46,lead,,False,False
1506,"Maxwell, Meyers and Thompson",maxwellmeyersandthompson.com,SMB,Healthcare,East,2024-05-06,29,lead,,False,False
1584,Davis-Green,davis-green.com,SMB,FinTech,West,2023-05-31,39,lead,,False,False
31,Brandt-Chavez,brandt-chavez.com,SMB,Retail,West,2025-02-04,35,lead,,False,False
3716,"Zamora, Barry and Simon",zamorabarryandsimon.com,SMB,FinTech,South,2022-11-06,17,lead,,False,False
3434,Davis-Ford,davis-ford.com,Mid-Market,Education,South,2023-08-05,14,lead,,False,False
1990,Washington Ltd,washingtonltd.com,Mid-Market,Healthcare,International,2025-05-14,48,lead,,False,False
2028,Briggs Group,briggsgroup.com,SMB,Education,East,2025-05-25,30,lead,,False,False
3939,Thompson-Smith,thompson-smith.com,Mid-Market,FinTech,International,2024-01-16,42,lead,,False,False
2796,Simpson-Cowan,simpson-cowan.com,SMB,Retail,International,2024-04-17,47,lead,,False,False
1157,"Carpenter, Contreras and Miller",carpentercontrerasandmiller.com,SMB,FinTech,South,2024-01-31,17,lead,,False,False
2895,"Martin, Page and Kemp",martinpageandkemp.com,SMB,Education,North,2025-05-24,50,lead,,False,False
1675,Smith-Ware,smith-ware.com,SMB,FinTech,West,2025-03-03,33,lead,,False,False
2856,"Fernandez, Phelps and Donaldson",fernandezphelpsanddonaldson.com,SMB,Retail,East,2024-08-01,26,lead,,False,False
2398,Curry Inc,curryinc.com,Mid-Market,FinTech,East,2023-09-17,27,lead,,False,False
542,"Bowers, Wade and Hall",bowerswadeandhall.com,SMB,Healthcare,International,2025-05-09,44,lead,,False,False
2311,Huff and Sons,huffandsons.com,SMB,Education,West,2024-10-03,40,lead,,False,False
1086,Johnson Ltd,johnsonltd.com,SMB,FinTech,East,2024-08-08,30,lead,,False,False
3662,Lopez-Terrell,lopez-terrell.com,SMB,Education,West,2024-09-21,38,lead,,False,False
1130,"Mitchell, Wilson and Shepard",mitchellwilsonandshepard.com,SMB,FinTech,South,2024-09-09,11,lead,,False,False
2767,Allen Group,allengroup.com,SMB,Healthcare,South,2023-03-18,14,lead,,False,False
1317,Lewis-Mullins,lewis-mullins.com,SMB,Retail,West,2023-03-24,39,lead,,False,False
1564,"Jones, Diaz and Miller",jonesdiazandmiller.com,SMB,FinTech,South,2025-07-01,15,lead,,False,False
1145,Hayden-Chapman,hayden-chapman.com,SMB,Retail,West,2025-03-03,33,lead,,False,False
1880,"Bailey, Miller and Romero",baileymillerandromero.com,SMB,Retail,South,2023-02-23,16,lead,,False,False
2539,"Brown, Sanchez and Cook",brownsanchezandcook.com,Mid-Market,FinTech,South,2024-04-23,16,lead,,False,False
3506,"Bailey, Jones and Davis",baileyjonesanddavis.com,Mid-Market,Retail,South,2023-11-07,19,lead,,False,False
3356,"Watson, Foster and Young",watsonfosterandyoung.com,Mid-Market,Healthcare,South,2023-11-14,16,lead,,False,False
2077,Duncan Inc,duncaninc.com,SMB,Healthcare,East,2024-01-10,21,lead,,False,False
1708,Moore-Lopez,moore-lopez.com,SMB,Retail,North,2024-01-21,20,lead,,False,False
3443,Adams PLC,adamsplc.com,Enterprise,Retail,East,2023-05-05,26,lead,,False,False
3442,Jefferson-Thompson,jefferson-thompson.com,SMB,FinTech,West,2023-02-08,40,lead,,False,False
1020,"Rivas, Shah and Ryan",rivasshahandryan.com,Mid-Market,Healthcare,North,2023-04-11,5,lead,,False,False
3368,Mcguire-Parker,mcguire-parker.com,SMB,Education,East,2025-05-16,27,lead,,False,False
3353,Monroe-Clay,monroe-clay.com,SMB,Education,West,2024-10-03,38,lead,,False,False
2307,Gomez-Mckee,gomez-mckee.com,SMB,Retail,East,2022-12-20,32,lead,,False,False
1009,"Ruiz, Phillips and Ballard",ruizphillipsandballard.com,SMB,Healthcare,West,2025-05-29,38,lead,,False,False
210,"Roberts, Knight and Freeman",robertsknightandfreeman.com,SMB,FinTech,North,2024-10-09,6,lead,,False,False
3984,Lopez Group,lopezgroup.com,Mid-Market,FinTech,South,2023-01-10,13,lead,,False,False
299,"Johnson, Chaney and Li",johnsonchaneyandli.com,SMB,Education,North,2023-05-24,3,lead,,False,False
2157,Clark PLC,clarkplc.com,SMB,FinTech,East,2022-12-03,26,lead,,False,False
912,Lawson and Sons,lawsonandsons.com,SMB,FinTech,West,2025-07-18,22,lead,,False,False
3539,Taylor Ltd,taylorltd.com,SMB,Healthcare,North,2023-03-05,6,lead,,False,False
451,Erickson-Bernard,erickson-bernard.com,SMB,Retail,South,2023-08-07,11,lead,,False,False
3016,Bell-King,bell-king.com,Mid-Market,Healthcare,North,2025-07-09,23,lead,,False,False
1159,"Coleman, Jacobs and Oneill",colemanjacobsandoneill.com,Enterprise,Healthcare,West,2023-07-07,35,lead,,False,False
516,Carpenter-Rogers,carpenter-rogers.com,Mid-Market,FinTech,North,2024-01-30,9,lead,,False,False
2844,"Mcguire, Johnson and Castaneda",mcguirejohnsonandcastaneda.com,SMB,Education,East,2022-11-03,21,lead,,False,False
986,Gonzales Ltd,gonzalesltd.com,SMB,Healthcare,North,2022-10-23,34,lead,,False,False
1193,Webb Inc,webbinc.com,SMB,Healthcare,South,2024-02-07,31,lead,,False,False
234,Mckee Ltd,mckeeltd.com,Mid-Market,Retail,East,2023-11-28,22,lead,,False,False
3833,Valdez LLC,valdezllc.com,Mid-Market,Healthcare,East,2025-01-30,27,lead,,False,False
2113,"Klein, Flores and Bryant",kleinfloresandbryant.com,SMB,Healthcare,East,2025-04-11,22,lead,,False,False
2572,Banks-Allen,banks-allen.com,SMB,Education,West,2025-02-09,36,lead,,False,False
1961,Allison-Wright,allison-wright.com,Mid-Market,Retail,International,2023-07-06,49,lead,,False,False
76,"Gonzales, Rosario and Martinez",gonzalesrosarioandmartinez.com,SMB,Healthcare,International,2025-05-13,49,lead,,False,False
711,Patterson LLC,pattersonllc.com,SMB,Retail,West,2024-06-18,10,lead,,False,False
3354,Webb-Petersen,webb-petersen.com,Mid-Market,Retail,North,2024-11-18,6,lead,,False,False
145,"Shah, Cisneros and Miller",shahcisnerosandmiller.com,SMB,Retail,South,2025-04-29,19,lead,,False,False
2007,"Rodriguez, Watson and White",rodriguezwatsonandwhite.com,SMB,FinTech,South,2025-05-08,12,lead,,False,False
3624,Gallagher Inc,gallagherinc.com,SMB,Healthcare,West,2025-07-16,34,lead,,False,False
3330,Price-Baker,price-baker.com,SMB,Healthcare,East,2025-01-16,27,lead,,False,False
506,"Garcia, Mack and Nunez",garciamackandnunez.com,SMB,FinTech,West,2023-11-28,33,lead,,False,False
2697,Summers-Maxwell,summers-maxwell.com,SMB,FinTech,North,2025-07-16,5,lead,,False,False
1397,Rivera-Johnston,rivera-johnston.com,SMB,FinTech,North,2022-08-15,3,lead,,False,False
2283,"Evans, Zuniga and Peterson",evanszunigaandpeterson.com,SMB,FinTech,West,2023-03-16,39,lead,,False,False
720,Archer Group,archergroup.com,SMB,Retail,South,2022-09-25,13,lead,,False,False
756,"Rodriguez, Vargas and Alexander",rodriguezvargasandalexander.com,SMB,Retail,South,2024-02-29,17,lead,,False,False
2489,Grimes-Morales,grimes-morales.com,SMB,Healthcare,North,2023-11-27,7,lead,,False,False
2452,Zuniga and Sons,zunigaandsons.com,SMB,Retail,North,2022-09-06,8,lead,,False,False
3218,Booth LLC,boothllc.com,Mid-Market,Education,West,2023-06-05,36,lead,,False,False
856,"Owen, Garcia and Taylor",owengarciaandtaylor.com,SMB,Healthcare,North,2023-03-16,10,lead,,False,False
592,"Myers, Campbell and Ho",myerscampbellandho.com,SMB,Healthcare,West,2025-01-24,35,lead,,False,False
1061,"Fuller, Alexander and Gray",fulleralexanderandgray.com,SMB,FinTech,East,2024-11-27,24,lead,,False,False
788,"Martinez, Stevens and Norton",martinezstevensandnorton.com,SMB,Education,West,2024-03-19,16,lead,,False,False
2017,"Gross, Ruiz and Watson",grossruizandwatson.com,SMB,Education,International,2023-12-08,47,lead,,False,False
3362,Williams Ltd,williamsltd.com,SMB,FinTech,South,2023-06-11,20,lead,,False,False
3273,"Barry, Valenzuela and Harvey",barryvalenzuelaandharvey.com,SMB,Retail,South,2025-05-07,18,lead,,False,False
442,Olson Ltd,olsonltd.com,SMB,Healthcare,International,2025-02-23,48,lead,,False,False
2470,"Ramos, Huber and Rodgers",ramoshuberandrodgers.com,SMB,FinTech,East,2023-11-23,25,lead,,False,False
1539,Hill-Stephens,hill-stephens.com,SMB,Healthcare,East,2023-03-03,29,lead,,False,False
3079,Richardson-Petersen,richardson-petersen.com,Mid-Market,Retail,South,2022-10-21,14,lead,,False,False
2171,Ibarra-Nelson,ibarra-nelson.com,SMB,Healthcare,North,2023-01-06,11,lead,,False,False
144,"Johnson, Woods and Harris",johnsonwoodsandharris.com,SMB,Education,North,2025-03-22,5,lead,,False,False
2815,Solomon PLC,solomonplc.com,SMB,Healthcare,East,2025-03-23,44,lead,,False,False
3763,"Freeman, Vargas and Hudson",freemanvargasandhudson.com,Mid-Market,Retail,East,2022-09-15,11,lead,,False,False
1962,Mcclure-King,mcclure-king.com,SMB,FinTech,West,2022-12-20,38,lead,,False,False
2293,Lee-Martinez,lee-martinez.com,SMB,Education,International,2025-02-24,21,lead,,False,False
3708,Rodriguez-Dickerson,rodriguez-dickerson.com,SMB,Education,North,2023-03-23,1,lead,,False,False
3309,Dickerson-Stafford,dickerson-stafford.com,SMB,Education,East,2025-03-13,29,lead,,False,False
2641,Mullins-Villarreal,mullins-villarreal.com,SMB,Retail,North,2023-07-19,50,lead,,False,False
1509,Moore-Norton,moore-norton.com,SMB,FinTech,North,2025-05-29,5,lead,,False,False
3410,"Burton, Simmons and Gibson",burtonsimmonsandgibson.com,Mid-Market,Education,West,2024-03-05,38,lead,,False,False
3811,Hoffman Inc,hoffmaninc.com,SMB,Retail,West,2024-11-01,36,lead,,False,False
3325,Ware-Woodard,ware-woodard.com,SMB,Education,International,2024-05-16,18,lead,,False,False
1104,"Delgado, Kramer and Gill",delgadokramerandgill.com,SMB,FinTech,South,2022-07-21,12,lead,,False,False
1190,"Ramirez, Horn and Torres",ramirezhornandtorres.com,SMB,FinTech,North,2024-04-09,5,lead,,False,False
1108,"Lewis, Barton and Davis",lewisbartonanddavis.com,Enterprise,Education,West,2023-06-21,35,lead,,False,False
1433,"Carson, Butler and Davis",carsonbutleranddavis.com,Mid-Market,Retail,East,2023-03-15,25,lead,,False,False
973,"Marshall, White and Moore",marshallwhiteandmoore.com,SMB,FinTech,North,2024-04-27,1,lead,,False,False
3066,"Brown, Jefferson and Davis",brownjeffersonanddavis.com,Mid-Market,FinTech,South,2023-07-26,40,lead,,False,False
2296,Reid LLC,reidllc.com,SMB,Healthcare,South,2025-01-08,19,lead,,False,False
2196,"Huerta, Harris and Robinson",huertaharrisandrobinson.com,SMB,Education,East,2024-12-25,27,lead,,False,False
994,Ritter Group,rittergroup.com,Mid-Market,Retail,South,2023-06-07,25,lead,,False,False
691,"Horton, Lester and Davidson",hortonlesteranddavidson.com,SMB,Retail,West,2024-05-17,34,lead,,False,False
1763,Patterson-Conley,patterson-conley.com,SMB,Healthcare,South,2022-09-29,21,lead,,False,False
1480,"Long, Thornton and Rosales",longthorntonandrosales.com,Mid-Market,Education,East,2024-10-28,35,lead,,False,False
1491,Gibson and Sons,gibsonandsons.com,SMB,FinTech,East,2024-08-15,24,lead,,False,False
3809,"Vasquez, Bullock and Hodge",vasquezbullockandhodge.com,SMB,Healthcare,South,2023-04-12,32,lead,,False,False
1693,Saunders Ltd,saundersltd.com,SMB,FinTech,South,2024-10-17,16,lead,,False,False
585,"Sanchez, Sanchez and Little",sanchezsanchezandlittle.com,SMB,Education,South,2024-01-19,17,lead,,False,False
2151,Bennett Inc,bennettinc.com,Mid-Market,FinTech,International,2022-11-09,50,lead,,False,False
2955,Kaiser-Wilson,kaiser-wilson.com,SMB,Healthcare,North,2025-02-02,3,lead,,False,False
1272,Smith-Moreno,smith-moreno.com,SMB,FinTech,North,2023-01-27,5,lead,,False,False
3852,"Short, Mills and Mckinney",shortmillsandmckinney.com,SMB,Retail,North,2024-09-13,9,lead,,False,False
2472,Wilson Ltd,wilsonltd.com,SMB,Healthcare,East,2024-01-10,25,lead,,False,False
2158,Davis and Sons,davisandsons.com,Mid-Market,Education,South,2025-02-10,16,lead,,False,False
468,Mejia-Harris,mejia-harris.com,SMB,FinTech,West,2023-08-14,32,lead,,False,False
3555,"Callahan, Weaver and Chavez",callahanweaverandchavez.com,Mid-Market,Healthcare,South,2024-02-01,17,lead,,False,False
296,Taylor-Beck,taylor-beck.com,Mid-Market,FinTech,South,2025-05-28,12,lead,,False,False
1985,Snyder-Lowe,snyder-lowe.com,SMB,Healthcare,West,2023-09-05,39,lead,,False,False
394,Mercado-Graves,mercado-graves.com,SMB,Education,South,2023-10-18,20,lead,,False,False
1654,Miller Ltd,millerltd.com,SMB,Education,West,2022-12-25,32,lead,,False,False
2752,"Johnson, Swanson and Owens",johnsonswansonandowens.com,SMB,Retail,South,2024-11-20,17,lead,,False,False
1018,Sanders-Schroeder,sanders-schroeder.com,SMB,Healthcare,International,2024-09-14,12,lead,,False,False
1224,"Brooks, Knight and Harrison",brooksknightandharrison.com,SMB,Education,North,2025-02-23,22,lead,,False,False
1456,Smith-Floyd,smith-floyd.com,SMB,Healthcare,North,2022-12-13,5,lead,,False,False
3386,Wilson-Melendez,wilson-melendez.com,Mid-Market,FinTech,South,2024-09-13,30,lead,,False,False
1669,Mccormick-Thomas,mccormick-thomas.com,SMB,Education,West,2022-08-02,39,lead,,False,False
30,Snyder-Petersen,snyder-petersen.com,SMB,Retail,South,2024-04-04,13,lead,,False,False
1963,Ruiz Ltd,ruizltd.com,Mid-Market,Healthcare,East,2022-07-25,21,lead,,False,False
1618,Gonzales Inc,gonzalesinc.com,SMB,Education,West,2024-08-13,37,lead,,False,False
1144,"Hall, Anderson and Black",hallandersonandblack.com,Enterprise,Healthcare,South,2025-04-19,42,lead,,False,False
1052,"Swanson, Ruiz and Thomas",swansonruizandthomas.com,SMB,Healthcare,North,2025-07-03,35,lead,,False,False
1452,"Contreras, Hoffman and Knight",contrerashoffmanandknight.com,Mid-Market,Education,West,2024-04-05,20,lead,,False,False
3034,Hawkins-Stewart,hawkins-stewart.com,Mid-Market,Healthcare,South,2024-01-20,20,lead,,False,False
217,Morris PLC,morrisplc.com,SMB,FinTech,South,2024-01-13,12,lead,,False,False
3860,"Glass, Cruz and Williams",glasscruzandwilliams.com,SMB,Education,East,2022-10-24,29,lead,,False,False
398,Cannon PLC,cannonplc.com,SMB,Retail,South,2025-06-16,12,lead,,False,False
3315,"Mcpherson, Fisher and Coleman",mcphersonfisherandcoleman.com,SMB,Healthcare,North,2024-05-14,3,lead,,False,False
971,Thompson Group,thompsongroup.com,SMB,FinTech,North,2023-02-28,6,lead,,False,False
475,"Mcdowell, Lopez and Bennett",mcdowelllopezandbennett.com,SMB,Healthcare,West,2024-04-06,40,lead,,False,False
2046,"Robertson, Joseph and Blake",robertsonjosephandblake.com,SMB,Education,West,2024-10-21,31,lead,,False,False
2144,Lloyd-Knapp,lloyd-knapp.com,SMB,Retail,North,2022-11-25,44,lead,,False,False
1153,"Mckenzie, Sherman and Marks",mckenzieshermanandmarks.com,Enterprise,Education,South,2023-09-16,19,lead,,False,False
2793,Watson PLC,watsonplc.com,Mid-Market,Healthcare,South,2025-02-20,15,lead,,False,False
266,"Chandler, Taylor and Miller",chandlertaylorandmiller.com,SMB,FinTech,West,2025-01-08,7,lead,,False,False
1413,"Rodriguez, Williams and Brown",rodriguezwilliamsandbrown.com,Enterprise,Retail,West,2024-02-13,3,lead,,False,False
1308,"Mason, Torres and Berry",masontorresandberry.com,SMB,Retail,North,2025-04-30,3,lead,,False,False
805,Avila Ltd,avilaltd.com,Mid-Market,FinTech,South,2024-02-17,16,lead,,False,False
3608,"Chavez, Walker and Evans",chavezwalkerandevans.com,SMB,Retail,West,2023-11-07,39,lead,,False,False
2876,Reynolds LLC,reynoldsllc.com,SMB,Healthcare,North,2024-09-01,10,lead,,False,False
679,Hill and Sons,hillandsons.com,Mid-Market,Education,South,2024-10-25,17,lead,,False,False
1504,"Vargas, Brooks and Martin",vargasbrooksandmartin.com,SMB,Education,North,2024-12-01,10,lead,,False,False
2846,"Miller, Moore and Graham",millermooreandgraham.com,SMB,Healthcare,West,2022-09-23,16,lead,,False,False
137,Smith-Williams,smith-williams.com,SMB,FinTech,International,2024-04-05,42,lead,,False,False
841,Anderson Group,andersongroup.com,SMB,FinTech,South,2023-05-07,12,lead,,False,False
3032,Mullins-Collier,mullins-collier.com,Mid-Market,FinTech,South,2025-06-18,13,lead,,False,False
3174,Solis-Anderson,solis-anderson.com,SMB,Retail,East,2025-01-02,23,lead,,False,False
2211,Smith PLC,smithplc.com,Mid-Market,Retail,International,2025-04-10,50,lead,,False,False
3513,Pham-Nolan,pham-nolan.com,SMB,FinTech,West,2023-03-10,36,lead,,False,False
3465,Henry-Holloway,henry-holloway.com,SMB,Healthcare,North,2025-03-07,5,lead,,False,False
2115,Waters-Phillips,waters-phillips.com,SMB,Retail,International,2022-11-12,15,lead,,False,False
135,Harvey Ltd,harveyltd.com,Mid-Market,Healthcare,West,2023-05-01,37,lead,,False,False
3873,"Kennedy, Holland and Goodwin",kennedyhollandandgoodwin.com,Mid-Market,FinTech,International,2023-07-31,47,lead,,False,False
2048,Perry Inc,perryinc.com,SMB,Education,East,2024-06-27,30,lead,,False,False
890,Compton Ltd,comptonltd.com,SMB,Retail,West,2025-04-18,36,lead,,False,False
1510,Anderson-Lozano,anderson-lozano.com,Enterprise,Education,East,2022-10-22,30,lead,,False,False
3483,Gordon-Malone,gordon-malone.com,Mid-Market,Healthcare,South,2025-04-22,19,lead,,False,False
3717,Lynch-Haynes,lynch-haynes.com,SMB,FinTech,North,2023-03-23,49,lead,,False,False
119,"Woods, Knight and Vaughn",woodsknightandvaughn.com,Mid-Market,Healthcare,South,2024-09-11,11,lead,,False,False
1060,Rosales-Hicks,rosales-hicks.com,Mid-Market,FinTech,East,2023-07-19,27,lead,,False,False
3547,"Anthony, Brown and Simpson",anthonybrownandsimpson.com,SMB,Healthcare,East,2023-11-01,35,lead,,False,False
529,Conley-Wilkerson,conley-wilkerson.com,SMB,FinTech,North,2023-11-02,8,lead,,False,False
3138,"Myers, Wilson and Grant",myerswilsonandgrant.com,SMB,Healthcare,South,2023-02-05,16,lead,,False,False
1978,"Lee, Henson and Taylor",leehensonandtaylor.com,SMB,Healthcare,South,2024-05-19,11,lead,,False,False
3247,Zuniga Ltd,zunigaltd.com,SMB,Retail,North,2023-04-07,2,lead,,False,False
3343,Smith LLC,smithllc.com,Mid-Market,FinTech,South,2023-05-10,21,lead,,False,False
2155,"Khan, Foster and Ray",khanfosterandray.com,Mid-Market,Retail,West,2024-02-16,37,lead,,False,False
3886,"Cook, Lee and Schmitt",cookleeandschmitt.com,SMB,FinTech,South,2025-03-04,20,lead,,False,False
1872,Brown-Hawkins,brown-hawkins.com,SMB,Healthcare,East,2023-02-15,26,lead,,False,False
1983,Castro-Baker,castro-baker.com,SMB,Retail,West,2024-10-17,37,lead,,False,False
741,Carey-Shepard,carey-shepard.com,SMB,Retail,North,2024-09-12,3,lead,,False,False
99,Daniels LLC,danielsllc.com,SMB,Retail,International,2025-01-03,44,lead,,False,False
2141,"Johnson, Lawrence and Harris",johnsonlawrenceandharris.com,SMB,Healthcare,East,2024-07-12,24,lead,,False,False
1404,Hernandez-Powell,hernandez-powell.com,SMB,Retail,South,2024-11-20,9,lead,,False,False
2485,"Andrews, Jones and Turner",andrewsjonesandturner.com,SMB,Education,West,2022-12-30,38,lead,,False,False
1987,Mooney LLC,mooneyllc.com,SMB,FinTech,South,2023-05-23,20,lead,,False,False
3332,Olson-Stuart,olson-stuart.com,Enterprise,Healthcare,West,2025-05-03,36,lead,,False,False
936,Mcconnell-Beck,mcconnell-beck.com,SMB,FinTech,International,2023-04-01,9,lead,,False,False
3020,"Robinson, Terry and Carter",robinsonterryandcarter.com,SMB,Education,East,2024-05-29,26,lead,,False,False
1194,"Fisher, Gates and Nelson",fishergatesandnelson.com,Mid-Market,FinTech,North,2022-09-26,8,lead,,False,False
2498,"Petersen, Davis and Mitchell",petersendavisandmitchell.com,SMB,Healthcare,International,2024-02-17,42,lead,,False,False
681,Moyer LLC,moyerllc.com,Mid-Market,FinTech,North,2022-10-19,8,lead,,False,False
2688,Price PLC,priceplc.com,Mid-Market,Retail,North,2025-04-21,8,lead,,False,False
757,Reyes-Perez,reyes-perez.com,SMB,Retail,South,2024-10-08,17,lead,,False,False
441,Vance-Ferguson,vance-ferguson.com,SMB,Retail,East,2024-01-08,30,lead,,False,False
3733,Brock-Brown,brock-brown.com,SMB,Healthcare,West,2025-06-28,10,lead,,False,False
571,"Gordon, Richardson and Morales",gordonrichardsonandmorales.com,SMB,Healthcare,South,2024-02-11,19,lead,,False,False
2240,"Krause, Johnston and Knight",krausejohnstonandknight.com,Mid-Market,Healthcare,International,2022-12-23,47,lead,,False,False
1409,Wise-Martin,wise-martin.com,Mid-Market,Healthcare,East,2024-10-25,26,lead,,False,False
3690,Hernandez-Hicks,hernandez-hicks.com,SMB,Retail,East,2024-05-03,4,lead,,False,False
716,"Cooper, Bauer and Daniels",cooperbaueranddaniels.com,SMB,Education,North,2025-05-18,10,lead,,False,False
3227,Clark Inc,clarkinc.com,SMB,Healthcare,East,2024-08-14,30,lead,,False,False
1800,Le-Ingram,le-ingram.com,SMB,FinTech,South,2024-11-21,40,lead,,False,False
988,Benton-Bradley,benton-bradley.com,SMB,Education,International,2024-04-10,48,lead,,False,False
612,Keller-Hood,keller-hood.com,Mid-Market,Education,International,2024-03-13,8,lead,,False,False
280,Byrd-Baird,byrd-baird.com,Mid-Market,FinTech,South,2024-08-13,8,lead,,False,False
1997,Colon and Sons,colonandsons.com,SMB,Retail,North,2025-04-27,10,lead,,False,False
3381,Carpenter LLC,carpenterllc.com,Enterprise,Retail,East,2025-06-05,23,lead,,False,False
91,Snow Inc,snowinc.com,Mid-Market,Healthcare,International,2023-07-21,50,lead,,False,False
1952,"Davis, Johnson and Miller",davisjohnsonandmiller.com,SMB,Education,East,2023-01-12,22,lead,,False,False
3440,"Cordova, Ortiz and Cross",cordovaortizandcross.com,SMB,Healthcare,International,2023-12-26,47,lead,,False,False
3637,"Phillips, Sanchez and Martinez",phillipssanchezandmartinez.com,SMB,FinTech,North,2024-05-28,3,lead,,False,False
534,Kennedy-Suarez,kennedy-suarez.com,SMB,Healthcare,North,2025-02-06,8,lead,,False,False
3813,Lara-Avila,lara-avila.com,Mid-Market,FinTech,East,2023-03-09,24,lead,,False,False
3259,"Sullivan, White and Jackson",sullivanwhiteandjackson.com,Mid-Market,Education,East,2022-07-22,22,lead,,False,False
3710,Jones PLC,jonesplc.com,SMB,Retail,North,2022-11-13,7,lead,,False,False
2869,"Poole, Carter and Jordan",poolecarterandjordan.com,SMB,Retail,East,2024-06-05,26,lead,,False,False
1004,Alexander and Sons,alexanderandsons.com,Mid-Market,FinTech,East,2022-08-04,24,lead,,False,False
2679,Trujillo Ltd,trujilloltd.com,SMB,FinTech,East,2025-05-03,30,lead,,False,False
3178,"Wood, Pearson and Velasquez",woodpearsonandvelasquez.com,Mid-Market,Education,North,2024-11-08,3,lead,,False,False
3881,Rose Inc,roseinc.com,SMB,Education,South,2024-01-28,45,lead,,False,False
81,Rice-Romero,rice-romero.com,Mid-Market,Education,West,2025-06-07,6,lead,,False,False
438,Salazar-Olson,salazar-olson.com,Mid-Market,Education,East,2023-05-04,22,lead,,False,False
3874,Black LLC,blackllc.com,SMB,Retail,East,2022-11-24,23,lead,,False,False
1570,Powell and Sons,powellandsons.com,Mid-Market,Healthcare,North,2025-06-09,35,lead,,False,False
2068,Chavez Group,chavezgroup.com,SMB,Retail,East,2023-04-10,6,lead,,False,False
3825,"Cunningham, Carrillo and Hartman",cunninghamcarrilloandhartman.com,Mid-Market,Education,West,2024-11-29,33,lead,,False,False
3121,Vargas-Wells,vargas-wells.com,Mid-Market,Education,International,2024-07-20,46,lead,,False,False
1617,Thompson-Schmidt,thompson-schmidt.com,Enterprise,FinTech,International,2025-02-22,43,lead,,False,False
2756,"Sosa, Burns and Atkinson",sosaburnsandatkinson.com,Enterprise,FinTech,North,2024-12-22,38,lead,,False,False
901,"Hill, Edwards and Mckinney",hilledwardsandmckinney.com,Mid-Market,Retail,South,2024-04-06,39,lead,,False,False
2220,Blanchard-Perez,blanchard-perez.com,SMB,Healthcare,East,2025-04-15,25,lead,,False,False
1109,Herrera Ltd,herreraltd.com,SMB,Healthcare,East,2025-06-01,22,lead,,False,False
3719,Cantrell LLC,cantrellllc.com,Enterprise,Healthcare,North,2023-01-04,5,lead,,False,False
3835,"Brown, Nelson and West",brownnelsonandwest.com,Mid-Market,FinTech,South,2024-06-09,14,lead,,False,False
2265,Martinez-Myers,martinez-myers.com,SMB,Education,East,2025-03-02,21,lead,,False,False
1645,"Reed, Waters and Carlson",reedwatersandcarlson.com,SMB,FinTech,South,2025-06-25,49,lead,,False,False
216,"Wilson, Bailey and Stewart",wilsonbaileyandstewart.com,SMB,Education,North,2025-07-15,3,lead,,False,False
2890,"Conley, Ayers and Berg",conleyayersandberg.com,Mid-Market,Retail,South,2024-03-23,36,lead,,False,False
2461,Moore Inc,mooreinc.com,SMB,Education,West,2024-03-14,37,lead,,False,False
834,Hill Group,hillgroup.com,Mid-Market,Healthcare,South,2024-04-04,18,lead,,False,False
1711,"Mcmahon, Robles and Dixon",mcmahonroblesanddixon.com,SMB,FinTech,International,2023-08-19,49,lead,,False,False
2952,Davis-Smith,davis-smith.com,SMB,Education,South,2022-11-18,11,lead,,False,False
1096,Salazar-Griffin,salazar-griffin.com,SMB,FinTech,International,2025-02-04,50,lead,,False,False
522,Daugherty-Young,daugherty-young.com,Mid-Market,Retail,West,2024-08-15,33,lead,,False,False
662,Parker-Hayes,parker-hayes.com,SMB,Healthcare,West,2023-01-12,33,lead,,False,False
708,"Long, Gonzalez and Davidson",longgonzalezanddavidson.com,SMB,Retail,North,2023-02-08,31,lead,,False,False
602,Campos-Snyder,campos-snyder.com,SMB,Education,East,2023-07-04,25,lead,,False,False
1845,Nguyen LLC,nguyenllc.com,SMB,Retail,West,2023-09-30,37,lead,,False,False
3167,Richardson Ltd,richardsonltd.com,SMB,Education,International,2023-04-07,7,lead,,False,False
644,"Mercado, Nguyen and Schmidt",mercadonguyenandschmidt.com,SMB,Retail,International,2024-03-19,50,lead,,False,False
3568,Casey-Campbell,casey-campbell.com,SMB,Healthcare,West,2022-07-22,37,lead,,False,False
1293,"Lawson, Thompson and Barton",lawsonthompsonandbarton.com,SMB,Retail,South,2022-08-08,12,lead,,False,False
914,"Thomas, Garcia and Crosby",thomasgarciaandcrosby.com,SMB,Retail,North,2025-06-02,38,lead,,False,False
1383,"Harper, Aguilar and Valdez",harperaguilarandvaldez.com,SMB,Retail,International,2024-09-03,44,lead,,False,False
850,"Jackson, Lowe and Torres",jacksonloweandtorres.com,Enterprise,FinTech,East,2024-08-18,47,lead,,False,False
2499,Schroeder-Ward,schroeder-ward.com,Mid-Market,Education,South,2025-06-03,13,lead,,False,False
3914,Patel-Reed,patel-reed.com,SMB,FinTech,West,2025-05-12,39,lead,,False,False
2768,Allen-Davis,allen-davis.com,SMB,FinTech,West,2022-12-23,35,lead,,False,False
1790,Rodriguez-Mendez,rodriguez-mendez.com,SMB,Retail,North,2025-06-16,6,lead,,False,False
3158,Tucker Inc,tuckerinc.com,Mid-Market,FinTech,International,2023-10-15,45,lead,,False,False
1630,Mueller PLC,muellerplc.com,SMB,FinTech,North,2023-07-24,5,lead,,False,False
1235,Fernandez Ltd,fernandezltd.com,Mid-Market,FinTech,North,2025-06-23,2,lead,,False,False
2104,Hendricks Ltd,hendricksltd.com,SMB,Healthcare,East,2022-09-28,27,lead,,False,False
1611,Castro-Graham,castro-graham.com,Mid-Market,Retail,South,2025-02-04,9,lead,,False,False
1102,"Fowler, Herrera and Oneal",fowlerherreraandoneal.com,Enterprise,Education,West,2022-08-03,34,lead,,False,False
947,"Morton, Mckee and Robbins",mortonmckeeandrobbins.com,SMB,Education,International,2023-07-19,45,lead,,False,False
3507,Johnson Inc,johnsoninc.com,SMB,FinTech,International,2025-02-18,50,lead,,False,False
2894,Taylor-Hancock,taylor-hancock.com,SMB,Education,South,2024-07-18,13,lead,,False,False
1750,"Aguilar, Wall and Rodriguez",aguilarwallandrodriguez.com,Enterprise,Healthcare,East,2024-02-07,16,lead,,False,False
1972,"Miller, Mckinney and Johnson",millermckinneyandjohnson.com,Mid-Market,Retail,East,2025-04-29,30,lead,,False,False
110,"Wilkinson, Petty and Goodman",wilkinsonpettyandgoodman.com,SMB,FinTech,South,2023-07-16,16,lead,,False,False
13,"Tucker, Vaughan and Hernandez",tuckervaughanandhernandez.com,SMB,Retail,East,2024-01-09,26,lead,,False,False
2364,Cole-Kirk,cole-kirk.com,SMB,Healthcare,East,2023-02-23,30,lead,,False,False
549,Francis-Powell,francis-powell.com,SMB,Education,South,2024-02-16,11,lead,,False,False
2361,"Barnes, Edwards and Hill",barnesedwardsandhill.com,SMB,Education,West,2024-06-18,36,lead,,False,False
3076,Castro LLC,castrollc.com,Enterprise,FinTech,West,2023-10-16,38,lead,,False,False
325,Jones PLC,jonesplc.com,SMB,Retail,North,2024-12-14,1,lead,,False,False
3526,Petty PLC,pettyplc.com,Mid-Market,Healthcare,East,2023-04-09,27,lead,,False,False
2735,"Christian, Turner and Norris",christianturnerandnorris.com,SMB,Education,South,2023-03-06,46,lead,,False,False
748,"Rasmussen, Nguyen and Johnson",rasmussennguyenandjohnson.com,SMB,Education,East,2023-10-19,25,lead,,False,False
1132,"Myers, Arnold and Jones",myersarnoldandjones.com,Mid-Market,Retail,International,2025-03-15,43,lead,,False,False
1428,"Lewis, Matthews and Payne",lewismatthewsandpayne.com,SMB,Retail,West,2024-05-20,37,lead,,False,False
2983,Brooks Ltd,brooksltd.com,Enterprise,FinTech,North,2023-03-12,6,lead,,False,False
566,"Martin, Green and Blevins",martingreenandblevins.com,SMB,Retail,North,2023-05-03,3,lead,,False,False
1723,"Wang, Gray and Allen",wanggrayandallen.com,SMB,Education,East,2025-03-20,23,lead,,False,False
1482,"Hudson, Mercado and Phillips",hudsonmercadoandphillips.com,Mid-Market,Retail,International,2024-10-11,50,lead,,False,False
1487,Brooks-Henson,brooks-henson.com,Mid-Market,Retail,North,2024-09-19,38,lead,,False,False
1496,"Baker, Cruz and Bowman",bakercruzandbowman.com,SMB,Healthcare,West,2022-09-02,37,lead,,False,False
1064,"Vasquez, Holder and Ramsey",vasquezholderandramsey.com,Mid-Market,Healthcare,South,2024-10-28,15,lead,,False,False
1022,"King, Moon and Hall",kingmoonandhall.com,SMB,Education,East,2024-12-19,25,lead,,False,False
386,Yoder-Glenn,yoder-glenn.com,SMB,Education,North,2025-07-02,2,lead,,False,False
2534,"Smith, Ruiz and Alvarez",smithruizandalvarez.com,SMB,FinTech,West,2022-12-02,35,lead,,False,False
789,Williams-White,williams-white.com,Mid-Market,Healthcare,South,2023-08-28,20,lead,,False,False
3246,"Davidson, Walton and Espinoza",davidsonwaltonandespinoza.com,SMB,Education,North,2025-07-05,3,lead,,False,False
2466,Brown-Terry,brown-terry.com,Enterprise,Healthcare,South,2023-08-15,11,lead,,False,False
58,Knight Group,knightgroup.com,SMB,Education,East,2023-05-07,30,lead,,False,False
87,"Buckley, Moody and Lewis",buckleymoodyandlewis.com,SMB,FinTech,West,2024-07-12,37,lead,,False,False
2263,Lara Group,laragroup.com,Mid-Market,FinTech,North,2023-03-21,3,lead,,False,False
3110,Johnson Group,johnsongroup.com,SMB,Retail,West,2025-01-26,35,lead,,False,False
1220,"Gray, Friedman and Stuart",grayfriedmanandstuart.com,SMB,Retail,East,2022-10-10,25,lead,,False,False
894,Keller PLC,kellerplc.com,Mid-Market,Retail,West,2025-05-29,33,lead,,False,False
3550,Lopez-Dean,lopez-dean.com,SMB,Retail,South,2023-10-29,13,lead,,False,False
959,Smith Ltd,smithltd.com,SMB,Education,International,2022-11-22,48,lead,,False,False
3018,"Briggs, Price and Hamilton",briggspriceandhamilton.com,SMB,Education,East,2023-05-18,21,lead,,False,False
270,Chavez Ltd,chavezltd.com,Mid-Market,Retail,West,2023-03-02,22,lead,,False,False
2384,"Harvey, Park and Miller",harveyparkandmiller.com,Mid-Market,Education,East,2023-04-23,24,lead,,False,False
3797,"Mercer, Wood and Odom",mercerwoodandodom.com,SMB,Education,West,2024-01-21,35,lead,,False,False
3735,"Reynolds, Collins and Rodriguez",reynoldscollinsandrodriguez.com,SMB,Retail,West,2023-12-26,3,lead,,False,False
2486,Bates-Burke,bates-burke.com,SMB,FinTech,South,2024-05-26,15,lead,,False,False
1439,Chambers Group,chambersgroup.com,SMB,Retail,North,2024-05-09,8,lead,,False,False
3862,Farrell LLC,farrellllc.com,SMB,FinTech,International,2024-07-05,43,lead,,False,False
1944,"Reyes, Miller and Kelley",reyesmillerandkelley.com,SMB,FinTech,West,2023-09-11,13,lead,,False,False
1257,Barton Inc,bartoninc.com,SMB,FinTech,South,2023-12-07,13,lead,,False,False
738,Sanford LLC,sanfordllc.com,Mid-Market,FinTech,East,2023-01-27,25,lead,,False,False
2949,Roberson PLC,robersonplc.com,SMB,Retail,North,2023-06-15,2,lead,,False,False
2806,Wallace PLC,wallaceplc.com,Mid-Market,Education,North,2024-01-11,21,lead,,False,False
2971,Lambert Group,lambertgroup.com,SMB,FinTech,International,2023-01-16,44,lead,,False,False
2321,"Miller, Atkins and Moyer",milleratkinsandmoyer.com,SMB,FinTech,South,2025-05-01,12,lead,,False,False
1827,Short Inc,shortinc.com,Mid-Market,Healthcare,International,2022-12-01,49,lead,,False,False
2976,"Sosa, Cisneros and Sweeney",sosacisnerosandsweeney.com,SMB,Healthcare,South,2023-01-02,14,lead,,False,False
1761,"Stevenson, Logan and Smith",stevensonloganandsmith.com,Mid-Market,Healthcare,South,2023-09-07,14,lead,,False,False
847,Jennings-Wolfe,jennings-wolfe.com,SMB,Education,East,2024-02-26,45,lead,,False,False
2845,Miller PLC,millerplc.com,Mid-Market,Education,East,2024-05-02,29,lead,,False,False
452,Thompson-Rosario,thompson-rosario.com,SMB,FinTech,North,2023-05-06,8,lead,,False,False
498,Spencer-Pope,spencer-pope.com,SMB,Retail,West,2023-06-13,36,lead,,False,False
497,Martinez PLC,martinezplc.com,SMB,Education,North,2022-11-09,5,lead,,False,False
2658,"Smith, Wilkins and Gonzalez",smithwilkinsandgonzalez.com,SMB,Retail,International,2024-09-05,48,lead,,False,False
283,"Gordon, Robinson and Davis",gordonrobinsonanddavis.com,SMB,FinTech,South,2023-11-23,11,lead,,False,False
791,Brown-Foster,brown-foster.com,SMB,Healthcare,South,2023-08-21,49,lead,,False,False
991,Gomez PLC,gomezplc.com,Mid-Market,Healthcare,North,2023-06-13,4,lead,,False,False
3995,"Day, Rodriguez and Ramos",dayrodriguezandramos.com,Mid-Market,Retail,East,2023-12-20,25,lead,,False,False
811,Phillips and Sons,phillipsandsons.com,Mid-Market,FinTech,North,2023-03-24,4,lead,,False,False
3154,"Ramirez, Gray and Turner",ramirezgrayandturner.com,SMB,FinTech,South,2025-05-14,16,lead,,False,False
1205,"Simpson, Pierce and Evans",simpsonpierceandevans.com,SMB,Retail,South,2023-11-27,6,lead,,False,False
2728,"Leon, Shaw and Lewis",leonshawandlewis.com,SMB,Retail,South,2025-02-08,19,lead,,False,False
24,"Leonard, Yoder and Rodriguez",leonardyoderandrodriguez.com,Mid-Market,FinTech,West,2023-03-31,35,lead,,False,False
3648,Jordan-Fleming,jordan-fleming.com,SMB,Healthcare,North,2024-04-10,3,lead,,False,False
2253,"Flores, Houston and Jackson",floreshoustonandjackson.com,SMB,Retail,South,2022-10-11,13,lead,,False,False
995,Cooper Inc,cooperinc.com,Mid-Market,Healthcare,North,2024-08-21,6,lead,,False,False
2916,"Parker, Lyons and Smith",parkerlyonsandsmith.com,SMB,Education,International,2025-02-12,45,lead,,False,False
1359,Melendez LLC,melendezllc.com,Enterprise,Healthcare,South,2023-11-27,13,lead,,False,False
162,"Moore, Moore and Kim",mooremooreandkim.com,SMB,Healthcare,West,2024-03-19,40,lead,,False,False
2627,"Gomez, Hudson and Rodriguez",gomezhudsonandrodriguez.com,Enterprise,Healthcare,North,2023-01-09,10,lead,,False,False
297,"Miller, Phillips and Reilly",millerphillipsandreilly.com,SMB,Retail,International,2023-03-08,44,lead,,False,False
1178,Alexander Inc,alexanderinc.com,Mid-Market,Healthcare,International,2024-08-15,19,lead,,False,False
3983,Gates LLC,gatesllc.com,Mid-Market,FinTech,East,2023-09-21,19,lead,,False,False
3979,"Silva, Williams and Schaefer",silvawilliamsandschaefer.com,Mid-Market,FinTech,East,2025-01-05,29,lead,,False,False
1877,Reyes Inc,reyesinc.com,SMB,FinTech,East,2023-01-14,26,lead,,False,False
3934,"Garcia, Reed and Snyder",garciareedandsnyder.com,SMB,Education,North,2023-04-18,7,lead,,False,False
3025,Morris Inc,morrisinc.com,Mid-Market,Healthcare,South,2023-08-25,15,lead,,False,False
1688,Cook-Bell,cook-bell.com,SMB,Healthcare,East,2023-08-04,27,lead,,False,False
2504,Gill Group,gillgroup.com,SMB,Retail,East,2024-10-24,25,lead,,False,False
41,"Phelps, Morgan and Tate",phelpsmorganandtate.com,SMB,Education,West,2024-03-19,40,lead,,False,False
3014,Lee LLC,leellc.com,SMB,Healthcare,North,2023-02-19,5,lead,,False,False
206,"Snyder, Hernandez and Martin",snyderhernandezandmartin.com,SMB,Retail,South,2022-08-20,16,lead,,False,False
3885,"Bowers, Rivera and Miller",bowersriveraandmiller.com,Mid-Market,Healthcare,South,2025-04-28,46,lead,,False,False
521,Sosa Group,sosagroup.com,Enterprise,Education,North,2025-02-12,9,lead,,False,False
1673,Nelson Ltd,nelsonltd.com,Mid-Market,Healthcare,East,2022-11-03,25,lead,,False,False
966,"Castro, George and Gilbert",castrogeorgeandgilbert.com,SMB,FinTech,West,2025-04-24,38,lead,,False,False
2146,Proctor LLC,proctorllc.com,SMB,Education,West,2024-06-07,34,lead,,False,False
1878,Stuart-Jones,stuart-jones.com,Mid-Market,Education,West,2023-12-04,33,lead,,False,False
2881,"White, Hughes and Kim",whitehughesandkim.com,SMB,Education,South,2023-03-03,36,lead,,False,False
2570,"Wright, Medina and Rivera",wrightmedinaandrivera.com,SMB,FinTech,West,2023-01-14,37,lead,,False,False
3117,Mercer-Farrell,mercer-farrell.com,SMB,Education,South,2023-08-07,20,lead,,False,False
2690,Leon PLC,leonplc.com,SMB,Education,West,2024-08-13,36,lead,,False,False
373,Chapman LLC,chapmanllc.com,Mid-Market,Education,South,2023-04-06,12,lead,,False,False
1314,"Barron, Williams and Green",barronwilliamsandgreen.com,SMB,Healthcare,West,2025-05-03,33,lead,,False,False
3160,"Hernandez, Johnson and Good",hernandezjohnsonandgood.com,Mid-Market,Education,West,2023-01-16,31,lead,,False,False
1099,Howe-Simon,howe-simon.com,SMB,Retail,South,2024-03-09,19,lead,,False,False
3991,Wagner-Jenkins,wagner-jenkins.com,SMB,Healthcare,International,2024-07-07,49,lead,,False,False
60,Evans-Padilla,evans-padilla.com,SMB,Education,West,2024-07-02,35,lead,,False,False
3723,Rose Inc,roseinc.com,SMB,FinTech,West,2024-04-01,44,lead,,False,False
2399,Murray and Sons,murrayandsons.com,SMB,Education,East,2023-11-28,30,lead,,False,False
3508,Morales Group,moralesgroup.com,SMB,FinTech,East,2022-09-03,26,lead,,False,False
129,Ritter-Cooley,ritter-cooley.com,SMB,Retail,North,2025-02-25,3,lead,,False,False
2036,"Lopez, Gray and Perkins",lopezgrayandperkins.com,SMB,FinTech,East,2023-04-12,27,lead,,False,False
3967,Davis-Burton,davis-burton.com,SMB,FinTech,East,2022-11-01,23,lead,,False,False
3961,Douglas-Reynolds,douglas-reynolds.com,SMB,Education,West,2024-08-31,46,lead,,False,False
2946,"Lopez, Fisher and Randall",lopezfisherandrandall.com,Mid-Market,Education,North,2024-11-28,23,lead,,False,False
2148,Waters Ltd,watersltd.com,SMB,FinTech,East,2022-07-31,23,lead,,False,False
3155,Wolf LLC,wolfllc.com,SMB,Healthcare,East,2025-03-11,23,lead,,False,False
3521,"Miller, Miller and Pacheco",millermillerandpacheco.com,SMB,FinTech,South,2022-08-30,12,lead,,False,False
339,"Long, Joseph and Steele",longjosephandsteele.com,SMB,Retail,South,2023-08-01,11,lead,,False,False
3981,"Garcia, Myers and Morgan",garciamyersandmorgan.com,Mid-Market,Healthcare,International,2022-12-07,49,lead,,False,False
2918,"Singh, Mcknight and Malone",singhmcknightandmalone.com,SMB,Healthcare,South,2022-12-23,14,lead,,False,False
3115,Navarro-Johnson,navarro-johnson.com,SMB,Education,West,2025-07-12,39,lead,,False,False
3044,Rodgers-Clark,rodgers-clark.com,SMB,Healthcare,West,2025-03-05,32,lead,,False,False
710,Hill Inc,hillinc.com,Mid-Market,Education,West,2025-05-14,31,lead,,False,False
493,"Fox, Bentley and Smith",foxbentleyandsmith.com,Enterprise,Retail,East,2023-07-26,24,lead,,False,False
2960,Porter Inc,porterinc.com,SMB,Retail,East,2024-01-18,25,lead,,False,False
3241,Fuentes-Phillips,fuentes-phillips.com,SMB,FinTech,South,2024-03-27,12,lead,,False,False
2610,Rivas-Hunter,rivas-hunter.com,SMB,FinTech,North,2024-05-29,6,lead,,False,False
2428,"Delgado, Perez and Brooks",delgadoperezandbrooks.com,SMB,Education,North,2022-11-18,7,lead,,False,False
572,Campbell Ltd,campbellltd.com,SMB,FinTech,South,2023-03-28,18,lead,,False,False
3441,"Reid, Chapman and Sullivan",reidchapmanandsullivan.com,SMB,Education,South,2023-03-27,24,lead,,False,False
3327,"Morales, Clay and Nixon",moralesclayandnixon.com,SMB,Retail,East,2025-05-20,29,lead,,False,False
1078,Banks PLC,banksplc.com,Mid-Market,Education,East,2025-04-22,30,lead,,False,False
3221,Simmons Ltd,simmonsltd.com,SMB,Healthcare,South,2023-06-29,14,lead,,False,False
3867,Zamora-Wilson,zamora-wilson.com,Mid-Market,Retail,East,2022-09-21,22,lead,,False,False
960,Snow LLC,snowllc.com,SMB,FinTech,East,2023-09-15,26,lead,,False,False
3063,Rose-Jackson,rose-jackson.com,SMB,FinTech,North,2023-11-11,6,lead,,False,False
2689,Reid-Rogers,reid-rogers.com,Mid-Market,FinTech,West,2022-12-15,37,lead,,False,False
1377,Gibson Ltd,gibsonltd.com,Mid-Market,FinTech,North,2023-06-25,6,lead,,False,False
729,"Simpson, White and Olson",simpsonwhiteandolson.com,SMB,Retail,East,2024-11-20,48,lead,,False,False
3664,"Nielsen, Freeman and Bates",nielsenfreemanandbates.com,SMB,Healthcare,International,2024-12-20,47,lead,,False,False
3599,Barajas LLC,barajasllc.com,SMB,Retail,West,2025-01-16,32,lead,,False,False
687,Mack Inc,mackinc.com,SMB,Education,East,2024-09-26,26,lead,,False,False
2934,Wolf LLC,wolfllc.com,SMB,Education,South,2024-04-17,17,lead,,False,False
515,"Jones, Leon and Morton",jonesleonandmorton.com,SMB,FinTech,East,2023-08-08,25,lead,,False,False
504,Meyers Group,meyersgroup.com,SMB,Retail,West,2024-05-21,40,lead,,False,False
88,Gallegos Group,gallegosgroup.com,SMB,Healthcare,West,2023-10-04,31,lead,,False,False
3815,Ramirez LLC,ramirezllc.com,SMB,Retail,International,2023-09-12,36,lead,,False,False
1292,"Keller, Hunt and Patel",kellerhuntandpatel.com,Mid-Market,Retail,South,2023-09-14,12,lead,,False,False
1627,"Carter, Daniel and Berry",carterdanielandberry.com,SMB,FinTech,East,2022-09-01,22,lead,,False,False
2177,"Santana, Gray and Carpenter",santanagrayandcarpenter.com,Mid-Market,Education,East,2023-05-23,30,lead,,False,False
3592,Lewis-Wright,lewis-wright.com,SMB,Healthcare,North,2023-10-21,8,lead,,False,False
3879,Henderson and Sons,hendersonandsons.com,Mid-Market,FinTech,International,2024-01-01,48,lead,,False,False
2597,Cervantes Inc,cervantesinc.com,SMB,Healthcare,West,2023-12-03,34,lead,,False,False
3302,Tucker-Farrell,tucker-farrell.com,SMB,Retail,South,2023-11-21,19,lead,,False,False
1852,King-Hunt,king-hunt.com,SMB,Retail,East,2024-12-07,24,lead,,False,False
1459,Nelson-Martin,nelson-martin.com,SMB,FinTech,East,2023-11-08,45,lead,,False,False
2514,Mcmillan-Johnson,mcmillan-johnson.com,SMB,FinTech,North,2024-03-02,1,lead,,False,False
980,Hays-Alvarez,hays-alvarez.com,Mid-Market,Education,International,2025-01-05,2,lead,,False,False
528,Tate-Sullivan,tate-sullivan.com,Mid-Market,Retail,South,2024-10-06,20,lead,,False,False
116,Gonzalez-Rojas,gonzalez-rojas.com,Mid-Market,Retail,North,2025-03-17,8,lead,,False,False
575,"Camacho, Pena and Roberts",camachopenaandroberts.com,Mid-Market,FinTech,North,2023-10-26,2,lead,,False,False
1007,Ward-Wilson,ward-wilson.com,SMB,FinTech,West,2024-07-04,31,lead,,False,False
3840,"Brown, Ferguson and Jones",brownfergusonandjones.com,SMB,Education,East,2022-12-31,30,lead,,False,False
1017,Cantrell-Ray,cantrell-ray.com,SMB,Education,South,2023-07-20,18,lead,,False,False
3928,"Bolton, Norman and Webb",boltonnormanandwebb.com,SMB,Retail,North,2024-06-01,8,lead,,False,False
1015,Thornton and Sons,thorntonandsons.com,SMB,FinTech,West,2024-03-06,34,lead,,False,False
54,"Rodgers, Garcia and Johnson",rodgersgarciaandjohnson.com,Mid-Market,Education,North,2025-04-14,1,lead,,False,False
3297,Saunders and Sons,saundersandsons.com,Mid-Market,FinTech,West,2023-10-29,34,lead,,False,False
2800,Hill Group,hillgroup.com,SMB,Healthcare,West,2025-07-16,34,lead,,False,False
1804,Riley-Rodriguez,riley-rodriguez.com,SMB,Retail,West,2023-11-21,30,lead,,False,False
3985,Smith Group,smithgroup.com,SMB,FinTech,North,2025-01-03,45,lead,,False,False
107,"Hall, Richardson and Garcia",hallrichardsonandgarcia.com,SMB,Education,International,2025-05-09,47,lead,,False,False
2413,Taylor and Sons,taylorandsons.com,SMB,FinTech,International,2024-06-10,43,lead,,False,False
755,Mcclain-Campbell,mcclain-campbell.com,SMB,Healthcare,East,2023-02-27,3,lead,,False,False
211,"Long, Burns and Jackson",longburnsandjackson.com,Enterprise,Healthcare,South,2023-09-15,20,lead,,False,False
3917,Nolan-Perkins,nolan-perkins.com,SMB,Retail,East,2023-06-01,2,lead,,False,False
3331,Love Ltd,loveltd.com,SMB,Retail,East,2022-10-04,21,lead,,False,False
2582,Juarez-Jensen,juarez-jensen.com,SMB,Education,West,2022-11-17,33,lead,,False,False
2663,Lamb and Sons,lambandsons.com,SMB,FinTech,East,2025-06-20,21,lead,,False,False
2218,Hughes-Tran,hughes-tran.com,SMB,Education,East,2023-02-28,25,lead,,False,False
267,Ballard Inc,ballardinc.com,SMB,FinTech,North,2024-01-04,26,lead,,False,False
3595,"Lane, Hardin and Smith",lanehardinandsmith.com,Mid-Market,Healthcare,South,2022-12-02,20,lead,,False,False
2998,Keller PLC,kellerplc.com,SMB,Education,East,2022-11-13,27,lead,,False,False
143,"Hoffman, Rodriguez and Burns",hoffmanrodriguezandburns.com,SMB,Retail,West,2023-06-23,33,lead,,False,False
3891,Cummings LLC,cummingsllc.com,Enterprise,Education,International,2023-09-08,42,lead,,False,False
2857,"Kennedy, Robles and Garcia",kennedyroblesandgarcia.com,SMB,FinTech,North,2023-01-16,10,lead,,False,False
2510,Fernandez-Jordan,fernandez-jordan.com,SMB,Education,West,2024-08-03,36,lead,,False,False
982,Marsh-Scott,marsh-scott.com,Enterprise,FinTech,East,2023-07-18,23,lead,,False,False
3080,"Schwartz, Miller and Johnston",schwartzmillerandjohnston.com,Mid-Market,Education,East,2023-12-04,30,lead,,False,False
2922,Mosley LLC,mosleyllc.com,SMB,Retail,East,2023-05-16,26,lead,,False,False
3329,"Lee, Howard and Valenzuela",leehowardandvalenzuela.com,SMB,FinTech,South,2024-07-18,15,lead,,False,False
2455,Hansen-Wilson,hansen-wilson.com,SMB,Healthcare,International,2024-12-05,42,lead,,False,False
3323,Thomas Group,thomasgroup.com,Mid-Market,Healthcare,West,2025-05-17,40,lead,,False,False
419,Jarvis-Stevens,jarvis-stevens.com,SMB,Healthcare,International,2023-11-30,46,lead,,False,False
1579,Williams-Washington,williams-washington.com,Mid-Market,FinTech,East,2023-08-03,30,lead,,False,False
2359,Hahn Inc,hahninc.com,Mid-Market,Retail,West,2024-01-01,40,lead,,False,False
1864,"Turner, Andrews and Adams",turnerandrewsandadams.com,SMB,Education,East,2022-08-20,27,lead,,False,False
3125,Hunter PLC,hunterplc.com,SMB,Education,International,2024-10-25,45,lead,,False,False
2448,Murillo Inc,murilloinc.com,Mid-Market,Retail,North,2024-06-01,4,lead,,False,False
166,"Briggs, Soto and Ayala",briggssotoandayala.com,Mid-Market,Education,South,2023-05-08,18,lead,,False,False
2445,Brown-Sanchez,brown-sanchez.com,Enterprise,Healthcare,South,2024-02-18,17,lead,,False,False
996,Scott-Wilkins,scott-wilkins.com,Enterprise,FinTech,West,2025-06-27,36,lead,,False,False
2580,Fields Inc,fieldsinc.com,SMB,Healthcare,North,2023-01-24,4,lead,,False,False
2870,Bennett-Clay,bennett-clay.com,SMB,Education,West,2025-04-07,37,lead,,False,False
1544,Ross and Sons,rossandsons.com,SMB,FinTech,International,2023-05-28,42,lead,,False,False
2030,Martinez-Brooks,martinez-brooks.com,SMB,Healthcare,East,2025-04-21,23,lead,,False,False
1269,Peck LLC,peckllc.com,SMB,FinTech,West,2024-09-28,45,lead,,False,False
866,Sherman Ltd,shermanltd.com,Mid-Market,Healthcare,West,2023-04-10,32,lead,,False,False
3687,Yates-Rogers,yates-rogers.com,Mid-Market,Retail,South,2022-09-25,17,lead,,False,False
98,"Huynh, Thomas and Andrews",huynhthomasandandrews.com,Mid-Market,Education,East,2023-07-19,7,lead,,False,False
43,"Marquez, Martin and Allen",marquezmartinandallen.com,SMB,Retail,West,2024-11-02,37,lead,,False,False
3808,Perkins Group,perkinsgroup.com,SMB,Education,North,2023-01-09,9,lead,,False,False
2373,"Salas, Moore and Davis",salasmooreanddavis.com,SMB,Education,South,2025-01-21,16,lead,,False,False
223,Sanchez Ltd,sanchezltd.com,SMB,Retail,North,2024-08-16,10,lead,,False,False
684,Higgins-Horn,higgins-horn.com,SMB,FinTech,North,2022-10-21,1,lead,,False,False
965,Hernandez LLC,hernandezllc.com,Mid-Market,Education,East,2025-03-09,21,lead,,False,False
3944,Jackson Group,jacksongroup.com,SMB,Retail,International,2023-08-28,49,lead,,False,False
3607,Schneider-Fisher,schneider-fisher.com,SMB,Education,North,2025-05-25,1,lead,,False,False
606,Santos-Lee,santos-lee.com,SMB,Education,North,2024-04-13,9,lead,,False,False
3504,Mcintosh-Ross,mcintosh-ross.com,SMB,Retail,East,2023-12-13,27,lead,,False,False
2417,"Smith, Collins and Stephens",smithcollinsandstephens.com,SMB,Healthcare,International,2022-09-21,44,lead,,False,False
2281,Barton Ltd,bartonltd.com,SMB,Education,East,2025-02-23,24,lead,,False,False
3485,York-Stone,york-stone.com,SMB,Healthcare,West,2022-08-08,38,lead,,False,False
2034,Aguirre-Taylor,aguirre-taylor.com,SMB,Retail,North,2024-11-14,47,lead,,False,False
336,Chapman-Johnson,chapman-johnson.com,SMB,FinTech,North,2025-06-11,4,lead,,False,False
3739,Baker-Stone,baker-stone.com,SMB,Education,West,2024-07-31,34,lead,,False,False
2076,"Patel, Lopez and Ellison",patellopezandellison.com,SMB,FinTech,South,2024-09-06,18,lead,,False,False
2602,Bowman-Caldwell,bowman-caldwell.com,SMB,Retail,West,2022-12-10,32,lead,,False,False
1586,Moore-Hawkins,moore-hawkins.com,SMB,Healthcare,West,2024-09-06,36,lead,,False,False
2024,Miller PLC,millerplc.com,SMB,FinTech,South,2024-03-14,20,lead,,False,False
2129,Johnson LLC,johnsonllc.com,SMB,Retail,International,2023-01-30,49,lead,,False,False
483,Chandler-Yates,chandler-yates.com,SMB,FinTech,West,2025-05-30,17,lead,,False,False
3834,Richard-Johnson,richard-johnson.com,Mid-Market,Retail,South,2025-04-13,14,lead,,False,False
3335,"Barnes, Johnson and Barrett",barnesjohnsonandbarrett.com,Mid-Market,FinTech,South,2022-08-25,18,lead,,False,False
1122,Campbell Ltd,campbellltd.com,SMB,Education,South,2023-02-26,11,lead,,False,False
2368,"Lambert, Robles and Gilbert",lambertroblesandgilbert.com,Mid-Market,FinTech,East,2024-09-10,32,lead,,False,False
1914,Watson Group,watsongroup.com,Mid-Market,Education,East,2025-02-21,35,lead,,False,False
2804,Carey-May,carey-may.com,SMB,FinTech,West,2025-02-28,34,lead,,False,False
330,"Davis, Smith and Jackson",davissmithandjackson.com,SMB,Education,South,2025-04-22,11,lead,,False,False
523,"Ward, Tucker and Gill",wardtuckerandgill.com,SMB,Healthcare,East,2023-12-13,26,lead,,False,False
1921,Leach-Frank,leach-frank.com,Mid-Market,Retail,North,2023-07-23,4,lead,,False,False
1037,Rush LLC,rushllc.com,SMB,Education,East,2023-01-16,25,lead,,False,False
3743,Hudson-Hunter,hudson-hunter.com,SMB,FinTech,South,2024-09-27,50,lead,,False,False
1227,Jimenez PLC,jimenezplc.com,Mid-Market,Education,International,2022-09-23,46,lead,,False,False
3248,"Chen, Burnett and Cross",chenburnettandcross.com,SMB,Healthcare,South,2023-03-03,11,lead,,False,False
1278,Allen-West,allen-west.com,SMB,FinTech,West,2024-02-26,36,lead,,False,False
2791,Wilson Group,wilsongroup.com,Mid-Market,Education,South,2025-02-28,18,lead,,False,False
1696,Kelly-Ross,kelly-ross.com,Mid-Market,Retail,West,2025-04-01,36,lead,,False,False
379,Fox-Harris,fox-harris.com,SMB,Education,West,2023-09-10,34,lead,,False,False
408,Lucas-Herrera,lucas-herrera.com,SMB,Retail,South,2025-02-13,20,lead,,False,False
3969,Lewis and Sons,lewisandsons.com,SMB,Retail,North,2022-10-12,4,lead,,False,False
2541,"Collins, Sanchez and Ray",collinssanchezandray.com,Mid-Market,Education,West,2025-06-17,37,lead,,False,False
1150,Anthony-Olson,anthony-olson.com,SMB,Healthcare,East,2024-02-04,21,lead,,False,False
3559,Cox-Chapman,cox-chapman.com,SMB,Retail,South,2023-08-03,30,lead,,False,False
1565,"Robinson, Gibson and Mcintosh",robinsongibsonandmcintosh.com,SMB,Healthcare,West,2025-03-04,36,lead,,False,False
3283,"Jennings, Williams and Thomas",jenningswilliamsandthomas.com,Mid-Market,Healthcare,International,2023-05-03,35,lead,,False,False
1105,Castillo LLC,castillollc.com,SMB,FinTech,East,2025-04-01,13,lead,,False,False
821,Elliott-Gonzalez,elliott-gonzalez.com,SMB,Retail,West,2024-02-21,40,lead,,False,False
858,Ellis Ltd,ellisltd.com,SMB,Education,West,2023-03-25,34,lead,,False,False
317,"Thomas, Lee and Simpson",thomasleeandsimpson.com,SMB,Education,South,2024-01-01,14,lead,,False,False
2716,Cox-Jones,cox-jones.com,SMB,Education,North,2023-09-29,10,lead,,False,False
2182,Harvey-Yates,harvey-yates.com,SMB,Healthcare,South,2024-09-02,46,lead,,False,False
2742,Watkins LLC,watkinsllc.com,Mid-Market,Healthcare,North,2024-06-03,3,lead,,False,False
3982,"Clements, Stafford and Moore",clementsstaffordandmoore.com,SMB,Education,South,2022-11-12,13,lead,,False,False
3153,Harris-Weiss,harris-weiss.com,SMB,Retail,International,2022-09-25,45,lead,,False,False
168,Gonzales-Cunningham,gonzales-cunningham.com,SMB,FinTech,West,2024-07-12,32,lead,,False,False
779,"Harmon, Robinson and Mcbride",harmonrobinsonandmcbride.com,Enterprise,Healthcare,North,2022-10-11,3,lead,,False,False
1301,Combs-Smith,combs-smith.com,SMB,Healthcare,North,2023-11-16,10,lead,,False,False
2921,"Pierce, Cochran and Perkins",piercecochranandperkins.com,SMB,Healthcare,East,2024-07-23,23,lead,,False,False
825,"Marshall, Webb and Stevens",marshallwebbandstevens.com,SMB,FinTech,South,2025-03-03,18,lead,,False,False
2401,"Romero, Barnes and Kelley",romerobarnesandkelley.com,Mid-Market,Education,North,2023-12-05,5,lead,,False,False
3473,"Pollard, Rodriguez and Robinson",pollardrodriguezandrobinson.com,Mid-Market,Healthcare,South,2022-09-28,38,lead,,False,False
3606,Sharp PLC,sharpplc.com,Mid-Market,Retail,East,2024-09-26,31,lead,,False,False
2479,Davis-Wu,davis-wu.com,SMB,Healthcare,West,2023-11-22,38,lead,,False,False
2666,Gilbert-Fernandez,gilbert-fernandez.com,SMB,FinTech,East,2023-01-03,6,lead,,False,False
3495,"Bryant, Nguyen and Weber",bryantnguyenandweber.com,SMB,Education,South,2024-01-31,2,lead,,False,False
2555,Johnson-Jackson,johnson-jackson.com,Mid-Market,Healthcare,South,2024-04-23,25,lead,,False,False
1606,Brooks-Hester,brooks-hester.com,SMB,FinTech,East,2024-12-17,24,lead,,False,False
2362,Davis-Duke,davis-duke.com,SMB,FinTech,West,2024-06-18,38,lead,,False,False
1572,Burke-Heath,burke-heath.com,SMB,Retail,East,2023-03-09,46,lead,,False,False
132,Benson LLC,bensonllc.com,SMB,FinTech,East,2024-01-23,30,lead,,False,False
426,"Guerra, Duncan and Taylor",guerraduncanandtaylor.com,Mid-Market,Education,West,2023-06-07,34,lead,,False,False
3334,"Reyes, Cox and Winters",reyescoxandwinters.com,Enterprise,FinTech,International,2023-03-24,50,lead,,False,False
359,Young PLC,youngplc.com,SMB,Healthcare,West,2024-11-05,38,lead,,False,False
1311,Garcia Ltd,garcialtd.com,SMB,FinTech,East,2024-01-30,22,lead,,False,False
983,"Robinson, Hess and Nelson",robinsonhessandnelson.com,SMB,Healthcare,South,2024-04-11,19,lead,,False,False
1,Fowler-Brown,fowler-brown.com,Mid-Market,FinTech,West,2022-07-27,36,lead,,False,False
3767,Wood and Sons,woodandsons.com,SMB,FinTech,West,2024-04-08,48,lead,,False,False
245,Dunn-Williams,dunn-williams.com,SMB,FinTech,South,2024-02-29,20,lead,,False,False
520,Roberts-Perry,roberts-perry.com,Enterprise,Education,South,2023-09-25,18,lead,,False,False
1955,"Yang, Smith and Romero",yangsmithandromero.com,SMB,Retail,North,2024-12-22,46,lead,,False,False
3280,Williams-Allen,williams-allen.com,Mid-Market,FinTech,North,2022-11-27,9,lead,,False,False
3253,"Roberson, Carlson and Garza",robersoncarlsonandgarza.com,Mid-Market,Education,International,2023-01-05,42,lead,,False,False
1892,Lutz PLC,lutzplc.com,Enterprise,Retail,East,2023-10-10,23,lead,,False,False
2347,Reynolds-Greene,reynolds-greene.com,Mid-Market,Healthcare,West,2025-01-16,40,lead,,False,False
2604,Barry-Russell,barry-russell.com,SMB,Retail,South,2022-08-07,20,lead,,False,False
445,Lambert Group,lambertgroup.com,SMB,Healthcare,West,2023-04-15,33,lead,,False,False
3993,Smith-Lambert,smith-lambert.com,SMB,Retail,North,2022-10-15,3,lead,,False,False
3623,"Chavez, Bauer and Johnson",chavezbauerandjohnson.com,Mid-Market,Education,North,2025-03-13,8,lead,,False,False
2444,"Parker, Anderson and Richards",parkerandersonandrichards.com,SMB,Retail,East,2025-06-19,30,lead,,False,False
1811,Cummings-Robles,cummings-robles.com,SMB,Retail,South,2024-03-17,20,lead,,False,False
1603,"Miranda, Paul and Mendoza",mirandapaulandmendoza.com,SMB,Education,West,2024-09-04,49,lead,,False,False
2545,Bradley LLC,bradleyllc.com,SMB,Retail,West,2023-09-23,37,lead,,False,False
2526,Hodges LLC,hodgesllc.com,Mid-Market,Healthcare,South,2022-12-10,23,lead,,False,False
726,Campbell-Berg,campbell-berg.com,SMB,Healthcare,South,2023-05-30,19,lead,,False,False
1131,Wheeler-Kelly,wheeler-kelly.com,Mid-Market,FinTech,East,2023-11-12,21,lead,,False,False
362,Perez-Jones,perez-jones.com,SMB,Retail,North,2024-04-11,7,lead,,False,False
3709,"Owens, Murphy and Petty",owensmurphyandpetty.com,Mid-Market,Retail,International,2024-04-10,48,lead,,False,False
2607,Nelson Group,nelsongroup.com,SMB,Retail,East,2025-04-01,26,lead,,False,False
2701,Melendez-Rivera,melendez-rivera.com,SMB,Healthcare,East,2025-04-09,26,lead,,False,False
3517,Obrien PLC,obrienplc.com,SMB,FinTech,East,2024-09-06,29,lead,,False,False
2864,James Group,jamesgroup.com,Mid-Market,FinTech,International,2023-04-07,49,lead,,False,False
2839,Barnett PLC,barnettplc.com,SMB,Education,International,2023-02-21,49,lead,,False,False
2871,"Kim, Collier and Taylor",kimcollierandtaylor.com,SMB,Retail,East,2025-03-15,23,lead,,False,False
291,Griffin-Perez,griffin-perez.com,SMB,Retail,International,2024-03-21,49,lead,,False,False
2503,Lawson Inc,lawsoninc.com,SMB,Retail,North,2022-12-12,1,lead,,False,False
1183,Richards-Brown,richards-brown.com,SMB,Retail,West,2022-07-26,37,lead,,False,False
1264,Sanchez LLC,sanchezllc.com,SMB,Retail,International,2022-11-30,49,lead,,False,False
562,Baldwin-Kim,baldwin-kim.com,SMB,Education,West,2024-10-14,40,lead,,False,False
384,"Lynn, Morse and Anderson",lynnmorseandanderson.com,SMB,Healthcare,West,2024-08-02,14,lead,,False,False
3955,"Gonzales, Harrell and Andrade",gonzalesharrellandandrade.com,SMB,Healthcare,North,2024-09-22,10,lead,,False,False
2982,White Inc,whiteinc.com,Mid-Market,Retail,West,2024-03-28,11,lead,,False,False
3850,Brown Group,browngroup.com,SMB,FinTech,North,2023-01-18,1,lead,,False,False
1575,Vaughn PLC,vaughnplc.com,Enterprise,Retail,South,2023-09-20,17,lead,,False,False
213,Jones PLC,jonesplc.com,Mid-Market,Education,South,2025-05-07,16,lead,,False,False
3358,George-Dudley,george-dudley.com,SMB,Education,West,2023-10-23,37,lead,,False,False
2162,Jenkins and Sons,jenkinsandsons.com,SMB,FinTech,South,2024-06-08,14,lead,,False,False
1702,Dunn-Rivera,dunn-rivera.com,Mid-Market,Education,East,2025-06-25,26,lead,,False,False
39,Singh Inc,singhinc.com,Mid-Market,Healthcare,North,2024-03-11,7,lead,,False,False
2295,Crawford and Sons,crawfordandsons.com,Enterprise,Education,North,2025-03-30,8,lead,,False,False
3785,"Johnson, Fleming and Price",johnsonflemingandprice.com,Mid-Market,Healthcare,East,2024-08-04,27,lead,,False,False
3213,Daniels Inc,danielsinc.com,Enterprise,Retail,North,2024-12-11,5,lead,,False,False
3734,Alvarez Inc,alvarezinc.com,SMB,Retail,West,2024-07-25,40,lead,,False,False
736,Kim-Hughes,kim-hughes.com,SMB,FinTech,East,2024-08-12,24,lead,,False,False
2986,Jordan PLC,jordanplc.com,Mid-Market,Healthcare,East,2023-04-01,27,lead,,False,False
1798,"Sosa, Page and Alexander",sosapageandalexander.com,Mid-Market,Healthcare,East,2023-07-22,30,lead,,False,False
2592,Baker-Young,baker-young.com,Enterprise,Retail,North,2024-12-06,3,lead,,False,False
1815,Simmons Inc,simmonsinc.com,Enterprise,Retail,North,2024-01-20,5,lead,,False,False
9,"Adams, Porter and Allen",adamsporterandallen.com,SMB,Retail,East,2022-12-05,29,lead,,False,False
961,"Newton, Calderon and Castillo",newtoncalderonandcastillo.com,SMB,Retail,North,2023-11-12,8,lead,,False,False
3249,"Smith, Shea and Carroll",smithsheaandcarroll.com,SMB,Education,East,2024-06-19,29,lead,,False,False
2325,Callahan-Schroeder,callahan-schroeder.com,Mid-Market,Retail,East,2025-01-17,12,lead,,False,False
262,"Navarro, Smith and Perez",navarrosmithandperez.com,SMB,Retail,East,2025-03-29,30,lead,,False,False
1274,"Woods, Vargas and Walters",woodsvargasandwalters.com,SMB,Healthcare,North,2024-01-23,50,lead,,False,False
2233,"Schultz, Mcdowell and Garcia",schultzmcdowellandgarcia.com,SMB,FinTech,North,2023-05-02,4,lead,,False,False
2249,"Garcia, Grimes and Hunter",garciagrimesandhunter.com,SMB,Retail,International,2025-04-04,46,lead,,False,False
2337,"Gonzales, Baker and Wilson",gonzalesbakerandwilson.com,SMB,Retail,East,2023-01-08,21,lead,,False,False
502,"Barton, Wong and Gray",bartonwongandgray.com,SMB,FinTech,East,2024-07-28,30,lead,,False,False
928,"Walker, Reyes and Campbell",walkerreyesandcampbell.com,SMB,Retail,East,2024-10-23,26,lead,,False,False
2863,Stevens Ltd,stevensltd.com,Mid-Market,Healthcare,North,2025-07-18,50,lead,,False,False
1746,Contreras-Macdonald,contreras-macdonald.com,SMB,Education,International,2024-02-21,43,lead,,False,False
1558,Price Ltd,priceltd.com,Mid-Market,Retail,West,2023-03-23,35,lead,,False,False
2,Jones-Andrews,jones-andrews.com,Mid-Market,FinTech,West,2023-05-03,37,lead,,False,False
2018,May-Martin,may-martin.com,SMB,Retail,International,2023-12-19,48,lead,,False,False
1709,Simmons Inc,simmonsinc.com,SMB,Healthcare,North,2024-10-19,6,lead,,False,False
1649,Rodriguez Group,rodriguezgroup.com,SMB,Retail,South,2025-03-11,26,lead,,False,False
2438,"Ferguson, Bates and Baker",fergusonbatesandbaker.com,SMB,FinTech,West,2024-02-13,6,lead,,False,False
1554,Cobb-Bradley,cobb-bradley.com,Enterprise,FinTech,South,2023-04-06,17,lead,,False,False
18,Clark-Yates,clark-yates.com,SMB,Education,East,2025-06-23,22,lead,,False,False
3705,Ayala-Edwards,ayala-edwards.com,Mid-Market,FinTech,International,2024-05-22,43,lead,,False,False
940,Pearson Ltd,pearsonltd.com,SMB,Retail,South,2022-11-05,29,lead,,False,False
2081,Ortega LLC,ortegallc.com,SMB,Retail,West,2025-01-20,35,lead,,False,False
3587,Dominguez-Hamilton,dominguez-hamilton.com,SMB,Retail,South,2023-04-30,49,lead,,False,False
2668,Lopez-Walker,lopez-walker.com,SMB,Healthcare,East,2024-12-05,21,lead,,False,False
2167,Marquez-Smith,marquez-smith.com,Mid-Market,Retail,East,2022-11-01,30,lead,,False,False
1550,Walker-Chavez,walker-chavez.com,SMB,Education,North,2023-07-01,6,lead,,False,False
3379,Murphy-Lopez,murphy-lopez.com,SMB,Retail,East,2022-07-28,27,lead,,False,False
180,"Vargas, Adams and Santos",vargasadamsandsantos.com,SMB,FinTech,North,2022-09-01,6,lead,,False,False
3022,"Vargas, Carroll and Hays",vargascarrollandhays.com,SMB,Healthcare,West,2025-05-01,37,lead,,False,False
1251,"Bennett, Hudson and Tate",bennetthudsonandtate.com,SMB,Education,North,2023-02-01,7,lead,,False,False
460,Mcconnell Inc,mcconnellinc.com,SMB,Retail,North,2023-09-11,4,lead,,False,False
1056,Butler Ltd,butlerltd.com,SMB,Education,East,2022-10-27,29,lead,,False,False
1354,"Weber, Camacho and Bryant",webercamachoandbryant.com,SMB,Education,West,2023-08-26,39,lead,,False,False
1152,"Harris, Gonzalez and Chambers",harrisgonzalezandchambers.com,SMB,Healthcare,International,2024-11-18,50,lead,,False,False
3151,Wood Inc,woodinc.com,Mid-Market,Education,South,2023-10-25,19,lead,,False,False
801,"Hernandez, Burnett and Mercer",hernandezburnettandmercer.com,SMB,FinTech,West,2024-12-16,21,lead,,False,False
215,Fernandez-French,fernandez-french.com,SMB,Retail,West,2025-01-19,37,lead,,False,False
396,West-Benson,west-benson.com,Mid-Market,Retail,South,2025-05-18,17,lead,,False,False
2906,Torres and Sons,torresandsons.com,Mid-Market,FinTech,North,2023-08-31,9,lead,,False,False
3400,"Williams, Hill and Hill",williamshillandhill.com,SMB,Retail,West,2025-02-22,36,lead,,False,False
2987,"Hutchinson, Gonzalez and Mckay",hutchinsongonzalezandmckay.com,SMB,Education,West,2024-06-19,23,lead,,False,False
1930,Garcia-Turner,garcia-turner.com,Mid-Market,FinTech,International,2025-06-30,43,lead,,False,False
993,"Barnett, Lyons and Jones",barnettlyonsandjones.com,SMB,Healthcare,South,2025-01-17,17,lead,,False,False
3646,Olson LLC,olsonllc.com,SMB,Education,International,2025-06-02,43,lead,,False,False
2862,"Valentine, Knight and Davis",valentineknightanddavis.com,Enterprise,Education,South,2023-10-10,20,lead,,False,False
3070,"Willis, Mclean and Austin",willismcleanandaustin.com,SMB,Education,North,2024-03-04,6,lead,,False,False
1879,Hopkins Ltd,hopkinsltd.com,SMB,Retail,West,2023-11-14,40,lead,,False,False
1756,Buchanan LLC,buchananllc.com,SMB,FinTech,North,2022-08-30,1,lead,,False,False
3922,Wong-Hubbard,wong-hubbard.com,SMB,Healthcare,North,2025-02-03,3,lead,,False,False
2038,Espinoza PLC,espinozaplc.com,SMB,Healthcare,South,2023-11-06,9,lead,,False,False
2388,"Bridges, Campbell and Hernandez",bridgescampbellandhernandez.com,Mid-Market,FinTech,East,2023-02-05,25,lead,,False,False
1906,"Hughes, Luna and Gutierrez",hugheslunaandgutierrez.com,SMB,FinTech,North,2024-01-18,6,lead,,False,False
2724,Mann Group,manngroup.com,SMB,Healthcare,North,2023-04-10,5,lead,,False,False
2053,Santos-Wang,santos-wang.com,Mid-Market,Healthcare,North,2023-05-10,38,lead,,False,False
2041,Harper-Lee,harper-lee.com,Mid-Market,Retail,International,2022-08-30,48,lead,,False,False
2733,Martin-Ray,martin-ray.com,SMB,Education,East,2023-11-06,10,lead,,False,False
2613,Graham Group,grahamgroup.com,SMB,FinTech,North,2024-07-03,9,lead,,False,False
565,Herrera Group,herreragroup.com,SMB,Healthcare,International,2023-04-14,46,lead,,False,False
2430,Baker Group,bakergroup.com,Mid-Market,Retail,International,2023-10-13,49,lead,,False,False
2482,Horton-Tucker,horton-tucker.com,SMB,FinTech,North,2024-12-08,6,lead,,False,False
2396,"Davis, Jones and Ramirez",davisjonesandramirez.com,SMB,Education,South,2024-01-11,14,lead,,False,False
3854,Leblanc-Perez,leblanc-perez.com,Mid-Market,FinTech,East,2022-09-09,22,lead,,False,False
1830,Bennett and Sons,bennettandsons.com,Enterprise,FinTech,South,2023-07-29,12,lead,,False,False
3596,Wilson-Gray,wilson-gray.com,SMB,Retail,South,2022-12-16,14,lead,,False,False
2285,Ford Group,fordgroup.com,SMB,FinTech,West,2023-11-23,34,lead,,False,False
1867,Ortiz-Evans,ortiz-evans.com,SMB,FinTech,West,2025-05-27,35,lead,,False,False
1197,"Johnson, Harris and Chase",johnsonharrisandchase.com,Mid-Market,FinTech,International,2023-01-11,42,lead,,False,False
3058,Jones-Wilson,jones-wilson.com,Mid-Market,Retail,West,2025-04-15,35,lead,,False,False
2122,"Weaver, Lam and Gonzalez",weaverlamandgonzalez.com,SMB,Education,West,2024-10-24,31,lead,,False,False
3352,"Anthony, Young and Watson",anthonyyoungandwatson.com,SMB,Retail,East,2023-01-12,24,lead,,False,False
984,"Hunter, Moyer and Howe",huntermoyerandhowe.com,Mid-Market,Retail,East,2024-04-01,22,lead,,False,False
3122,Smith-Jackson,smith-jackson.com,Mid-Market,Healthcare,South,2022-07-22,19,lead,,False,False
818,Meza-Stark,meza-stark.com,SMB,Retail,East,2025-05-25,25,lead,,False,False
1005,Smith PLC,smithplc.com,SMB,Education,South,2025-02-23,13,lead,,False,False
2732,Hernandez-Hogan,hernandez-hogan.com,SMB,Education,North,2025-05-17,18,lead,,False,False
3876,"Rodriguez, Rice and Johnson",rodriguezriceandjohnson.com,SMB,Healthcare,West,2024-09-12,35,lead,,False,False
1168,Clements-Murillo,clements-murillo.com,SMB,Healthcare,North,2024-10-22,17,lead,,False,False
1472,Lloyd-Short,lloyd-short.com,Mid-Market,FinTech,North,2022-09-15,2,lead,,False,False
1970,Jennings-Simmons,jennings-simmons.com,Mid-Market,Retail,West,2023-02-10,48,lead,,False,False
2731,"Johnson, Jones and Edwards",johnsonjonesandedwards.com,SMB,Retail,North,2022-07-29,45,lead,,False,False
1267,"Thomas, Martinez and Reyes",thomasmartinezandreyes.com,SMB,Retail,South,2025-06-09,33,lead,,False,False
1082,Willis-Patel,willis-patel.com,SMB,FinTech,West,2025-05-14,33,lead,,False,False
3584,Harris-Goodwin,harris-goodwin.com,SMB,Retail,International,2024-03-18,50,lead,,False,False
453,Dunn Inc,dunninc.com,Mid-Market,Education,South,2024-12-25,15,lead,,False,False
1813,"Perkins, Carrillo and Wilkins",perkinscarrilloandwilkins.com,SMB,FinTech,North,2024-09-11,1,lead,,False,False
1628,"Harrison, Leblanc and Hogan",harrisonleblancandhogan.com,Mid-Market,FinTech,North,2023-08-25,6,lead,,False,False
3127,Gallegos PLC,gallegosplc.com,SMB,Education,West,2025-01-08,38,lead,,False,False
3594,King LLC,kingllc.com,SMB,Retail,North,2023-11-14,1,lead,,False,False
2135,Baker PLC,bakerplc.com,SMB,Healthcare,South,2024-03-14,17,lead,,False,False
639,Ponce-French,ponce-french.com,Mid-Market,Healthcare,West,2025-02-15,40,lead,,False,False
418,Zimmerman Inc,zimmermaninc.com,SMB,Retail,International,2025-02-06,43,lead,,False,False
1821,Mckay Inc,mckayinc.com,SMB,Healthcare,East,2024-11-01,23,lead,,False,False
3574,"Clark, Fletcher and Moreno",clarkfletcherandmoreno.com,Mid-Market,Healthcare,West,2023-11-17,35,lead,,False,False
2726,Hansen-Gallagher,hansen-gallagher.com,SMB,FinTech,East,2023-11-23,29,lead,,False,False
907,Underwood PLC,underwoodplc.com,SMB,Healthcare,West,2024-07-04,19,lead,,False,False
3656,Morse Group,morsegroup.com,SMB,Education,North,2023-12-05,31,lead,,False,False
3270,"Fox, Miller and Smith",foxmillerandsmith.com,Mid-Market,Healthcare,North,2023-08-05,7,lead,,False,False
1170,"Mora, Davis and Lopez",moradavisandlopez.com,SMB,Education,West,2022-09-22,31,lead,,False,False
987,Griffin Inc,griffininc.com,SMB,Healthcare,North,2022-10-05,2,lead,,False,False
3267,"Gibson, Vaughan and Hahn",gibsonvaughanandhahn.com,Enterprise,Healthcare,East,2024-04-09,24,lead,,False,False
3551,"Wilson, Sanders and Smith",wilsonsandersandsmith.com,SMB,Education,North,2024-07-16,3,lead,,False,False
2501,Taylor-Jensen,taylor-jensen.com,SMB,Education,South,2025-04-13,12,lead,,False,False
1333,Conway-Lane,conway-lane.com,Mid-Market,Healthcare,International,2022-09-13,42,lead,,False,False
1925,Mitchell-Pearson,mitchell-pearson.com,Mid-Market,FinTech,South,2025-04-30,16,lead,,False,False
80,"Sullivan, Mccall and Richardson",sullivanmccallandrichardson.com,SMB,Education,North,2024-12-13,7,lead,,False,False
2559,Wilson-Williams,wilson-williams.com,SMB,FinTech,South,2023-05-12,16,lead,,False,False
1212,Garcia PLC,garciaplc.com,SMB,Retail,North,2024-04-05,5,lead,,False,False
2154,Greene-Espinoza,greene-espinoza.com,SMB,FinTech,South,2024-09-30,12,lead,,False,False
840,Bates-Mcintosh,bates-mcintosh.com,SMB,FinTech,East,2022-11-01,26,lead,,False,False
3959,Moore Group,mooregroup.com,Mid-Market,FinTech,West,2022-09-13,31,lead,,False,False
1035,Russell Group,russellgroup.com,SMB,Education,West,2022-10-13,18,lead,,False,False
3638,English-Ross,english-ross.com,SMB,FinTech,North,2023-05-02,6,lead,,False,False
857,"Wagner, Thomas and Hooper",wagnerthomasandhooper.com,SMB,Healthcare,East,2023-06-17,26,lead,,False,False
2163,Ellison Ltd,ellisonltd.com,SMB,FinTech,International,2024-01-12,45,lead,,False,False
1363,King and Sons,kingandsons.com,Enterprise,Retail,International,2024-03-31,48,lead,,False,False
2709,Mendoza-Mosley,mendoza-mosley.com,SMB,Retail,International,2023-06-12,49,lead,,False,False
2792,Stanley-Rogers,stanley-rogers.com,SMB,Retail,South,2023-07-27,43,lead,,False,False
1364,Patterson Group,pattersongroup.com,SMB,Education,North,2025-03-30,3,lead,,False,False
1897,Parrish-Smith,parrish-smith.com,SMB,Healthcare,West,2023-06-09,32,lead,,False,False
1622,Jones-Galloway,jones-galloway.com,Enterprise,FinTech,International,2024-10-01,9,lead,,False,False
2098,Scott Ltd,scottltd.com,Mid-Market,Education,South,2022-10-11,14,lead,,False,False
2223,Sanchez Ltd,sanchezltd.com,Mid-Market,FinTech,East,2024-03-24,36,lead,,False,False
800,Powers LLC,powersllc.com,SMB,Retail,East,2023-06-14,27,lead,,False,False
2919,"Hughes, Stephenson and Garrett",hughesstephensonandgarrett.com,SMB,FinTech,South,2025-03-06,19,lead,,False,False
1726,"Leonard, Christensen and Page",leonardchristensenandpage.com,SMB,FinTech,North,2023-10-26,4,lead,,False,False
2909,Smith Group,smithgroup.com,SMB,Education,North,2023-08-20,2,lead,,False,False
439,"Moreno, Wheeler and Myers",morenowheelerandmyers.com,SMB,Education,East,2023-08-05,26,lead,,False,False
3359,Chavez-Bush,chavez-bush.com,SMB,Education,West,2024-09-29,31,lead,,False,False
1793,Mendoza Inc,mendozainc.com,SMB,Retail,North,2022-07-24,20,lead,,False,False
1296,Wolf-Powers,wolf-powers.com,SMB,Education,North,2024-08-17,2,lead,,False,False
2989,"Woods, Harrison and Nelson",woodsharrisonandnelson.com,Enterprise,Healthcare,East,2023-01-30,26,lead,,False,False
3951,"Acosta, Gray and Wood",acostagrayandwood.com,SMB,Healthcare,North,2023-02-21,9,lead,,False,False
3904,Murray PLC,murrayplc.com,SMB,Retail,East,2023-07-23,24,lead,,False,False
1524,Brown Group,browngroup.com,SMB,Education,North,2024-01-29,1,lead,,False,False
1412,Powell Inc,powellinc.com,SMB,FinTech,South,2025-06-11,19,lead,,False,False
2136,"Crawford, Williams and Huff",crawfordwilliamsandhuff.com,SMB,FinTech,North,2025-01-18,10,lead,,False,False
845,Palmer-Richards,palmer-richards.com,Mid-Market,Healthcare,West,2025-01-31,33,lead,,False,False
1444,"Elliott, Cruz and Lamb",elliottcruzandlamb.com,SMB,Healthcare,West,2022-11-21,36,lead,,False,False
1528,"Koch, Burns and Rodriguez",kochburnsandrodriguez.com,Mid-Market,Education,South,2024-06-05,13,lead,,False,False
2812,"Holmes, Mcneil and Boyer",holmesmcneilandboyer.com,SMB,FinTech,West,2025-03-28,40,lead,,False,False
628,"Barnett, Weber and Brown",barnettweberandbrown.com,SMB,Retail,International,2023-05-06,45,lead,,False,False
2595,Fernandez-Taylor,fernandez-taylor.com,SMB,FinTech,West,2025-06-22,32,lead,,False,False
2357,"Bennett, Tucker and Miller",bennetttuckerandmiller.com,SMB,Retail,South,2023-09-01,16,lead,,False,False
3998,Holmes-Savage,holmes-savage.com,Mid-Market,Education,North,2022-12-22,3,lead,,False,False
2250,"Dickson, Everett and Mendoza",dicksoneverettandmendoza.com,SMB,FinTech,North,2024-02-06,5,lead,,False,False
3372,Pittman-Martin,pittman-martin.com,SMB,Education,South,2024-05-25,17,lead,,False,False
1318,Church-May,church-may.com,SMB,Healthcare,West,2024-02-08,34,lead,,False,False
3405,"Ferguson, Williams and Chandler",fergusonwilliamsandchandler.com,Mid-Market,Retail,East,2024-08-10,25,lead,,False,False
2042,"Collins, Farmer and Rosales",collinsfarmerandrosales.com,SMB,Retail,West,2023-07-11,31,lead,,False,False
2548,"Peterson, Clark and Martinez",petersonclarkandmartinez.com,SMB,Retail,South,2022-07-25,14,lead,,False,False
3718,Barrera PLC,barreraplc.com,SMB,Healthcare,North,2024-12-07,1,lead,,False,False
49,"Frederick, Price and Duncan",frederickpriceandduncan.com,SMB,FinTech,North,2025-05-02,3,lead,,False,False
2929,Rivas Ltd,rivasltd.com,SMB,Education,West,2022-09-13,37,lead,,False,False
1468,"Fisher, Sheppard and Woodard",fishersheppardandwoodard.com,SMB,FinTech,South,2024-08-08,17,lead,,False,False
1792,Livingston-Wang,livingston-wang.com,SMB,Education,South,2024-01-26,18,lead,,False,False
2418,Byrd PLC,byrdplc.com,Mid-Market,Healthcare,East,2023-10-30,21,lead,,False,False
1691,"Sanchez, Obrien and Anderson",sanchezobrienandanderson.com,SMB,Retail,East,2022-10-21,30,lead,,False,False
164,"Beard, Williams and Rogers",beardwilliamsandrogers.com,SMB,Healthcare,International,2024-07-05,37,lead,,False,False
3007,Weber-Peterson,weber-peterson.com,SMB,Education,West,2023-05-16,33,lead,,False,False
744,"Welch, Harris and Harmon",welchharrisandharmon.com,SMB,FinTech,International,2023-10-14,44,lead,,False,False
1286,Carter-Murphy,carter-murphy.com,SMB,Education,International,2022-07-20,49,lead,,False,False
3604,"Woodard, Brown and Oneill",woodardbrownandoneill.com,Enterprise,FinTech,West,2023-12-16,40,lead,,False,False
848,"Butler, Burns and Moore",butlerburnsandmoore.com,SMB,FinTech,West,2022-09-04,31,lead,,False,False
931,"Turner, Lopez and Fowler",turnerlopezandfowler.com,Mid-Market,Retail,North,2024-01-15,4,lead,,False,False
3168,Hendricks Ltd,hendricksltd.com,SMB,Retail,South,2024-06-27,13,lead,,False,False
3597,"Bell, Rogers and Stewart",bellrogersandstewart.com,SMB,Healthcare,West,2022-12-20,32,lead,,False,False
1527,"Chavez, Wood and Nguyen",chavezwoodandnguyen.com,Mid-Market,Education,North,2022-12-30,5,lead,,False,False
772,Smith Group,smithgroup.com,SMB,Education,East,2023-04-22,21,lead,,False,False
3455,Mendez-Reyes,mendez-reyes.com,SMB,Education,West,2022-10-22,38,lead,,False,False
3698,Oneill LLC,oneillllc.com,SMB,Education,West,2024-07-29,37,lead,,False,False
2901,Owens-Baker,owens-baker.com,SMB,Retail,East,2024-10-09,30,lead,,False,False
381,Stanton and Sons,stantonandsons.com,Mid-Market,FinTech,East,2025-04-19,27,lead,,False,False
830,"King, Gray and Gomez",kinggrayandgomez.com,SMB,Healthcare,East,2023-03-09,27,lead,,False,False
1237,Barajas-Gordon,barajas-gordon.com,SMB,FinTech,International,2022-11-03,48,lead,,False,False
429,Lawson-Garcia,lawson-garcia.com,SMB,Retail,North,2023-04-21,6,lead,,False,False
1657,"Bond, Lewis and Payne",bondlewisandpayne.com,SMB,FinTech,West,2024-03-07,38,lead,,False,False
3111,Young LLC,youngllc.com,SMB,Healthcare,South,2023-09-05,14,lead,,False,False
3936,"Perez, Hayes and Mckinney",perezhayesandmckinney.com,Mid-Market,Retail,North,2024-03-12,6,lead,,False,False
3026,Carey-Brown,carey-brown.com,Enterprise,Healthcare,East,2023-11-15,29,lead,,False,False
111,"Thompson, Hansen and Fernandez",thompsonhansenandfernandez.com,Mid-Market,Healthcare,North,2024-11-18,25,lead,,False,False
2837,"Fernandez, Marshall and Jordan",fernandezmarshallandjordan.com,SMB,Retail,North,2023-12-11,1,lead,,False,False
1393,"Madden, Johnston and Harrington",maddenjohnstonandharrington.com,SMB,Healthcare,South,2024-01-16,13,lead,,False,False
2770,Hardy-Pratt,hardy-pratt.com,SMB,FinTech,South,2023-09-16,19,lead,,False,False
1577,"Smith, Bradford and Harris",smithbradfordandharris.com,SMB,Healthcare,East,2023-07-26,25,lead,,False,False
3378,"Edwards, Gonzalez and Taylor",edwardsgonzalezandtaylor.com,Mid-Market,Healthcare,North,2023-11-24,7,lead,,False,False
1357,"Bowen, Cruz and Martinez",bowencruzandmartinez.com,Mid-Market,Retail,West,2025-03-18,33,lead,,False,False
1427,"Case, Jackson and White",casejacksonandwhite.com,SMB,Retail,East,2024-06-11,30,lead,,False,False
2601,Smith-Hensley,smith-hensley.com,SMB,Healthcare,South,2025-06-12,18,lead,,False,False
1984,Baker LLC,bakerllc.com,SMB,Healthcare,South,2024-05-24,14,lead,,False,False
3287,Harris Group,harrisgroup.com,SMB,Retail,North,2022-10-22,9,lead,,False,False
601,Garrett Group,garrettgroup.com,Mid-Market,FinTech,East,2024-09-04,29,lead,,False,False
2603,Parrish-Burns,parrish-burns.com,Mid-Market,Healthcare,International,2023-02-10,43,lead,,False,False
3059,Adams Ltd,adamsltd.com,SMB,Retail,South,2025-06-27,19,lead,,False,False
2547,Martin-Hall,martin-hall.com,SMB,Retail,South,2025-01-19,20,lead,,False,False
1101,"Kennedy, Kline and Aguirre",kennedyklineandaguirre.com,SMB,Retail,East,2025-03-02,24,lead,,False,False
1010,Tran Ltd,tranltd.com,SMB,Education,North,2024-07-06,6,lead,,False,False
1954,"Savage, Hood and Davis",savagehoodanddavis.com,SMB,Education,East,2025-02-01,21,lead,,False,False
2579,Guzman-Kennedy,guzman-kennedy.com,Mid-Market,FinTech,South,2023-06-15,21,lead,,False,False
3598,"Brown, Estes and Rodriguez",brownestesandrodriguez.com,SMB,Healthcare,West,2022-10-17,36,lead,,False,False
400,James Group,jamesgroup.com,SMB,Education,East,2023-11-05,23,lead,,False,False
2212,"Powell, Livingston and Garcia",powelllivingstonandgarcia.com,SMB,Education,South,2024-03-08,27,lead,,False,False
2156,Rosales Inc,rosalesinc.com,SMB,Retail,South,2024-01-14,14,lead,,False,False
2920,Edwards-Fleming,edwards-fleming.com,SMB,Healthcare,North,2023-03-24,9,lead,,False,False
656,Morales-Maxwell,morales-maxwell.com,Mid-Market,Retail,West,2024-01-24,31,lead,,False,False
954,Carr-Brooks,carr-brooks.com,SMB,Retail,North,2024-09-14,6,lead,,False,False
3183,Johnson-Frazier,johnson-frazier.com,SMB,FinTech,South,2024-01-17,14,lead,,False,False
169,Jones-Gonzalez,jones-gonzalez.com,SMB,Healthcare,South,2024-12-28,15,lead,,False,False
1858,Bullock Ltd,bullockltd.com,SMB,Education,East,2024-03-03,25,lead,,False,False
3300,Stewart LLC,stewartllc.com,Mid-Market,FinTech,East,2024-11-26,29,lead,,False,False
3468,Bradford-James,bradford-james.com,SMB,FinTech,East,2022-08-24,29,lead,,False,False
3784,Jackson LLC,jacksonllc.com,Mid-Market,Healthcare,North,2023-10-15,9,lead,,False,False
878,Cole Ltd,coleltd.com,SMB,Healthcare,South,2023-12-31,17,lead,,False,False
2176,"Barber, Phillips and Griffin",barberphillipsandgriffin.com,SMB,Retail,North,2025-02-17,3,lead,,False,False
2063,Lee-Quinn,lee-quinn.com,SMB,FinTech,North,2025-06-08,9,lead,,False,False
2744,Gilbert Ltd,gilbertltd.com,SMB,Healthcare,International,2024-06-20,45,lead,,False,False
3340,"Petersen, Giles and Mcintosh",petersengilesandmcintosh.com,SMB,FinTech,East,2024-10-17,9,lead,,False,False
1206,Hernandez-Bailey,hernandez-bailey.com,Enterprise,FinTech,North,2024-06-30,34,lead,,False,False
3520,Ryan-Manning,ryan-manning.com,SMB,Education,South,2022-10-31,15,lead,,False,False
131,Montgomery Inc,montgomeryinc.com,SMB,Retail,West,2024-06-08,35,lead,,False,False
1446,Johnson and Sons,johnsonandsons.com,SMB,Healthcare,West,2023-08-18,37,lead,,False,False
3037,"Schmidt, Lloyd and Alexander",schmidtlloydandalexander.com,Mid-Market,Healthcare,East,2022-10-14,24,lead,,False,False
2464,Lewis LLC,lewisllc.com,SMB,Healthcare,South,2022-08-26,11,lead,,False,False
3030,"Lane, Douglas and Mclean",lanedouglasandmclean.com,SMB,Retail,International,2023-07-19,48,lead,,False,False
3198,Barnes LLC,barnesllc.com,SMB,Retail,East,2023-04-02,27,lead,,False,False
2052,Dawson-Phillips,dawson-phillips.com,Mid-Market,Healthcare,West,2025-07-06,37,lead,,False,False
295,Gomez-Thomas,gomez-thomas.com,SMB,Retail,East,2023-12-08,24,lead,,False,False
1851,Long and Sons,longandsons.com,SMB,Retail,North,2022-12-25,43,lead,,False,False
177,Patterson and Sons,pattersonandsons.com,Mid-Market,Education,International,2023-10-15,45,lead,,False,False
2632,Johnson and Sons,johnsonandsons.com,Mid-Market,Retail,East,2024-07-06,24,lead,,False,False
1288,Hall and Sons,hallandsons.com,SMB,Retail,International,2024-05-22,45,lead,,False,False
142,Brooks-Powers,brooks-powers.com,SMB,Healthcare,East,2024-03-11,22,lead,,False,False
3796,Hart Inc,hartinc.com,SMB,Education,East,2023-08-13,21,lead,,False,False
3094,"Reese, Mitchell and Lewis",reesemitchellandlewis.com,Enterprise,Retail,International,2025-02-28,44,lead,,False,False
3119,Johnson and Sons,johnsonandsons.com,SMB,FinTech,East,2023-11-16,25,lead,,False,False
276,Stewart-Schaefer,stewart-schaefer.com,SMB,Education,North,2023-06-19,5,lead,,False,False
246,Graham-Wallace,graham-wallace.com,SMB,Education,North,2023-01-22,8,lead,,False,False
2924,Mason-Peterson,mason-peterson.com,SMB,Education,East,2024-06-29,24,lead,,False,False
672,"Pitts, Chan and Huang",pittschanandhuang.com,Mid-Market,Education,South,2023-04-14,20,lead,,False,False
1124,"Mcconnell, Wilkinson and Mills",mcconnellwilkinsonandmills.com,SMB,Education,East,2024-06-02,30,lead,,False,False
40,"Daniels, Howard and Jones",danielshowardandjones.com,SMB,Education,East,2023-08-03,26,lead,,False,False
1903,Hansen LLC,hansenllc.com,Mid-Market,Education,East,2024-12-11,29,lead,,False,False
615,"Rodriguez, Taylor and Johnson",rodrigueztaylorandjohnson.com,Enterprise,Retail,South,2022-12-06,15,lead,,False,False
951,Miller LLC,millerllc.com,Mid-Market,Education,North,2022-10-01,6,lead,,False,False
300,Boyd-Carter,boyd-carter.com,SMB,Education,North,2024-11-20,10,lead,,False,False
3782,Lopez Ltd,lopezltd.com,SMB,Retail,East,2024-06-06,30,lead,,False,False
3720,Gates PLC,gatesplc.com,SMB,Education,East,2022-12-21,26,lead,,False,False
3875,Rivera-King,rivera-king.com,SMB,FinTech,North,2023-09-05,9,lead,,False,False
1479,Clark-Chambers,clark-chambers.com,SMB,Healthcare,North,2024-08-12,1,lead,,False,False
918,"Greer, Green and Bean",greergreenandbean.com,SMB,Healthcare,International,2025-01-03,47,lead,,False,False
3387,"Ellison, Perry and Cunningham",ellisonperryandcunningham.com,Mid-Market,Education,North,2024-03-01,6,lead,,False,False
3017,Castaneda-Campbell,castaneda-campbell.com,Enterprise,FinTech,South,2025-01-05,15,lead,,False,False
1414,Peterson-Parker,peterson-parker.com,SMB,Education,South,2024-12-18,15,lead,,False,False
3052,Dunn LLC,dunnllc.com,SMB,Healthcare,East,2023-12-12,26,lead,,False,False
613,Tucker-Rubio,tucker-rubio.com,SMB,Education,West,2023-04-04,39,lead,,False,False
3201,Wallace Ltd,wallaceltd.com,SMB,FinTech,International,2024-08-15,44,lead,,False,False
2313,Robinson PLC,robinsonplc.com,SMB,FinTech,South,2024-11-24,12,lead,,False,False
3078,Harrison Group,harrisongroup.com,SMB,FinTech,North,2024-10-01,3,lead,,False,False
3039,"Contreras, Townsend and Garcia",contrerastownsendandgarcia.com,SMB,FinTech,South,2024-09-09,17,lead,,False,False
2931,Barker-Edwards,barker-edwards.com,Mid-Market,FinTech,South,2025-04-06,15,lead,,False,False
1077,Bradley-Holland,bradley-holland.com,Mid-Market,FinTech,East,2024-01-04,30,lead,,False,False
563,Newman PLC,newmanplc.com,Enterprise,FinTech,South,2022-10-07,18,lead,,False,False
105,"Palmer, Jimenez and Preston",palmerjimenezandpreston.com,SMB,Retail,East,2024-12-09,26,lead,,False,False
260,"White, Cortez and Thornton",whitecortezandthornton.com,Mid-Market,Retail,South,2023-08-06,50,lead,,False,False
976,"Hill, Jackson and Barajas",hilljacksonandbarajas.com,SMB,Retail,West,2023-03-18,37,lead,,False,False
1094,Hurst-Lopez,hurst-lopez.com,SMB,Education,South,2023-06-08,16,lead,,False,False
603,Morrison-Little,morrison-little.com,Mid-Market,FinTech,West,2025-06-17,34,lead,,False,False
3349,Carpenter-Fleming,carpenter-fleming.com,SMB,Healthcare,South,2025-06-23,12,lead,,False,False
1260,Schroeder LLC,schroederllc.com,SMB,Education,West,2023-10-01,36,lead,,False,False
2808,Owens Ltd,owensltd.com,SMB,Education,East,2024-01-21,29,lead,,False,False
2178,Jones-Hart,jones-hart.com,Mid-Market,Retail,South,2024-10-26,2,lead,,False,False
3042,Atkins-Odom,atkins-odom.com,SMB,FinTech,North,2022-11-14,9,lead,,False,False
198,"Wilson, Hernandez and Murphy",wilsonhernandezandmurphy.com,Mid-Market,FinTech,East,2025-05-11,23,lead,,False,False
3109,"Turner, Ross and Khan",turnerrossandkhan.com,SMB,Education,North,2024-12-14,4,lead,,False,False
1918,"Washington, Ortiz and Stanley",washingtonortizandstanley.com,Enterprise,Education,East,2025-01-14,21,lead,,False,False
2631,"Mcdonald, Rhodes and Jenkins",mcdonaldrhodesandjenkins.com,Mid-Market,FinTech,International,2023-05-31,42,lead,,False,False
374,Garcia-Williams,garcia-williams.com,SMB,Healthcare,West,2023-11-16,34,lead,,False,False
3940,Smith and Sons,smithandsons.com,Mid-Market,Retail,North,2022-11-04,9,lead,,False,False
1674,Sanchez Ltd,sanchezltd.com,SMB,Education,South,2025-01-10,17,lead,,False,False
2222,"Berry, Garcia and Schmidt",berrygarciaandschmidt.com,SMB,FinTech,East,2023-12-22,21,lead,,False,False
1620,"Price, Roberts and Peterson",pricerobertsandpeterson.com,SMB,Healthcare,East,2023-06-09,21,lead,,False,False
2672,"Hansen, Atkins and Hernandez",hansenatkinsandhernandez.com,Mid-Market,Education,South,2023-05-27,17,lead,,False,False
2578,Mcgee LLC,mcgeellc.com,Mid-Market,Healthcare,North,2022-12-14,7,lead,,False,False
3787,Frank-Meza,frank-meza.com,Mid-Market,Healthcare,West,2025-03-27,31,lead,,False,False
3452,Ryan-Rubio,ryan-rubio.com,SMB,FinTech,East,2023-12-22,25,lead,,False,False
787,"Smith, Parrish and Moore",smithparrishandmoore.com,SMB,Healthcare,International,2022-07-22,18,lead,,False,False
2933,Hunter Group,huntergroup.com,SMB,Healthcare,South,2024-04-26,17,lead,,False,False
665,Maldonado-Stephenson,maldonado-stephenson.com,SMB,Retail,South,2024-09-05,15,lead,,False,False
1303,"Key, Wright and Wright",keywrightandwright.com,SMB,Retail,East,2024-01-17,23,lead,,False,False
785,"Davis, Mclaughlin and Davidson",davismclaughlinanddavidson.com,SMB,Healthcare,South,2023-07-30,31,lead,,False,False
372,Butler Inc,butlerinc.com,SMB,Retail,East,2024-03-24,27,lead,,False,False
2292,"Ochoa, Morris and Boyer",ochoamorrisandboyer.com,Mid-Market,Retail,West,2024-07-04,38,lead,,False,False
3402,"Lucas, Crawford and Davis",lucascrawfordanddavis.com,SMB,Healthcare,West,2023-10-25,42,lead,,False,False
3321,"Johnson, Fry and Edwards",johnsonfryandedwards.com,SMB,Healthcare,North,2023-02-17,7,lead,,False,False
3679,Branch-Owens,branch-owens.com,SMB,Retail,International,2024-12-17,44,lead,,False,False
2557,Harris-Rivas,harris-rivas.com,SMB,FinTech,South,2023-10-09,14,lead,,False,False
1279,Lee PLC,leeplc.com,SMB,Retail,International,2023-07-06,45,lead,,False,False
2474,Chandler-Stephens,chandler-stephens.com,SMB,Healthcare,East,2023-10-28,23,lead,,False,False
1175,Rodriguez-White,rodriguez-white.com,SMB,Healthcare,South,2022-08-23,31,lead,,False,False
3577,"Tran, Lewis and Newman",tranlewisandnewman.com,Enterprise,Education,East,2023-08-11,30,lead,,False,False
955,Turner-Cook,turner-cook.com,SMB,Retail,North,2024-03-20,2,lead,,False,False
1280,"Moore, Young and Hernandez",mooreyoungandhernandez.com,SMB,Education,East,2025-01-06,21,lead,,False,False
1024,Peters-Becker,peters-becker.com,SMB,FinTech,International,2024-07-17,48,lead,,False,False
3511,"Zimmerman, Campbell and Moran",zimmermancampbellandmoran.com,Mid-Market,Retail,North,2023-12-18,7,lead,,False,False
2202,Jones Inc,jonesinc.com,SMB,Education,West,2023-07-20,6,lead,,False,False
1742,Perkins-Peterson,perkins-peterson.com,SMB,Education,North,2025-01-11,5,lead,,False,False
2206,Graham Ltd,grahamltd.com,SMB,Education,International,2022-10-22,49,lead,,False,False
496,"Jacobson, Singh and Peterson",jacobsonsinghandpeterson.com,SMB,FinTech,International,2025-03-22,47,lead,,False,False
3878,Mckinney-Young,mckinney-young.com,Mid-Market,Retail,North,2025-06-19,10,lead,,False,False
1926,"Zimmerman, Stevens and Smith",zimmermanstevensandsmith.com,SMB,Education,East,2025-01-15,24,lead,,False,False
1516,"Brown, Johnson and Harper",brownjohnsonandharper.com,SMB,Healthcare,South,2023-03-21,18,lead,,False,False
109,Williams-Gonzalez,williams-gonzalez.com,SMB,Education,North,2025-06-06,34,lead,,False,False
3083,"Johnson, Russo and Weber",johnsonrussoandweber.com,SMB,Retail,North,2024-10-27,10,lead,,False,False
1866,"Williams, Fowler and Nelson",williamsfowlerandnelson.com,SMB,Healthcare,North,2025-06-17,8,lead,,False,False
714,Sullivan-King,sullivan-king.com,SMB,FinTech,East,2022-11-27,30,lead,,False,False
1772,"Krueger, Brown and Richard",kruegerbrownandrichard.com,SMB,FinTech,West,2025-01-24,34,lead,,False,False
637,"Murray, Glass and Singleton",murrayglassandsingleton.com,SMB,Retail,North,2022-08-31,8,lead,,False,False
345,"Edwards, Hubbard and Stevens",edwardshubbardandstevens.com,Mid-Market,Retail,International,2023-11-12,48,lead,,False,False
2346,Morales Ltd,moralesltd.com,SMB,Healthcare,South,2023-07-18,48,lead,,False,False
1819,Henry Ltd,henryltd.com,SMB,Education,North,2025-01-15,10,lead,,False,False
3339,"Rivera, Cline and Cooper",riveraclineandcooper.com,SMB,FinTech,East,2022-08-19,23,lead,,False,False
3761,Moore-Petty,moore-petty.com,Mid-Market,Education,East,2025-06-19,22,lead,,False,False
3514,Hall-Smith,hall-smith.com,Mid-Market,Education,South,2023-06-30,20,lead,,False,False
3727,Reyes PLC,reyesplc.com,Enterprise,Healthcare,West,2023-07-15,26,lead,,False,False
3279,Hernandez PLC,hernandezplc.com,SMB,Retail,North,2023-07-16,33,lead,,False,False
1486,"Delacruz, Santos and Garza",delacruzsantosandgarza.com,SMB,Education,North,2025-03-09,11,lead,,False,False
816,Jackson-Flores,jackson-flores.com,SMB,Healthcare,North,2025-04-06,1,lead,,False,False
1839,Rowe LLC,rowellc.com,SMB,Healthcare,North,2024-07-27,5,lead,,False,False
1529,Lewis Group,lewisgroup.com,SMB,Healthcare,West,2022-09-07,23,lead,,False,False
3926,Wade-Williams,wade-williams.com,Mid-Market,FinTech,North,2023-07-20,19,lead,,False,False
3231,"Hawkins, May and Miller",hawkinsmayandmiller.com,Mid-Market,Healthcare,West,2023-03-23,40,lead,,False,False
265,"Martinez, Rosario and Solis",martinezrosarioandsolis.com,SMB,Retail,North,2024-10-01,2,lead,,False,False
277,Anderson PLC,andersonplc.com,SMB,Healthcare,International,2025-01-31,18,lead,,False,False
1457,"Allen, Lee and Griffin",allenleeandgriffin.com,SMB,Education,North,2024-04-28,3,lead,,False,False
1298,Thompson-Gay,thompson-gay.com,SMB,FinTech,North,2023-08-08,25,lead,,False,False
196,Moody-Mcbride,moody-mcbride.com,Mid-Market,Healthcare,International,2024-02-18,49,lead,,False,False
2298,Walton Ltd,waltonltd.com,SMB,Education,West,2023-09-29,39,lead,,False,False
654,Smith Inc,smithinc.com,Mid-Market,Education,East,2025-07-03,23,lead,,False,False
2134,Graham Ltd,grahamltd.com,SMB,Healthcare,North,2023-05-16,3,lead,,False,False
2433,Steele-Cox,steele-cox.com,SMB,Healthcare,International,2023-10-26,49,lead,,False,False
126,Anderson-Howard,anderson-howard.com,SMB,Healthcare,South,2023-10-02,50,lead,,False,False
911,"Prince, Diaz and Stewart",princediazandstewart.com,SMB,FinTech,International,2023-08-24,43,lead,,False,False
3075,Li-Hammond,li-hammond.com,SMB,Retail,South,2025-07-01,14,lead,,False,False
1993,Allen-Garcia,allen-garcia.com,SMB,Healthcare,North,2023-02-23,1,lead,,False,False
1372,"Maldonado, Carrillo and Hicks",maldonadocarrilloandhicks.com,SMB,Retail,North,2024-08-26,7,lead,,False,False
3804,"Williams, Barrera and Jensen",williamsbarreraandjensen.com,SMB,FinTech,South,2024-02-13,13,lead,,False,False
3932,Young-Gordon,young-gordon.com,SMB,Retail,International,2025-03-28,37,lead,,False,False
653,Clark Group,clarkgroup.com,SMB,Retail,East,2024-06-15,27,lead,,False,False
1329,Richards PLC,richardsplc.com,SMB,Education,South,2023-02-27,20,lead,,False,False
3409,Mckenzie-Martin,mckenzie-martin.com,SMB,Education,South,2022-08-24,19,lead,,False,False
2345,"Hamilton, Ballard and Martin",hamiltonballardandmartin.com,Mid-Market,Education,West,2024-07-23,40,lead,,False,False
469,Grimes-Barnes,grimes-barnes.com,Mid-Market,Education,South,2024-09-25,15,lead,,False,False
2372,Vaughan LLC,vaughanllc.com,SMB,Education,International,2022-07-28,31,lead,,False,False
236,Galvan-Leblanc,galvan-leblanc.com,Mid-Market,FinTech,East,2023-07-05,25,lead,,False,False
2785,Dixon-Webb,dixon-webb.com,Mid-Market,Education,South,2024-11-15,36,lead,,False,False
1594,Thompson-Johnson,thompson-johnson.com,SMB,Retail,West,2022-11-28,33,lead,,False,False
46,Santiago Group,santiagogroup.com,Mid-Market,Education,International,2022-12-04,46,lead,,False,False
909,"Johnson, Park and Velez",johnsonparkandvelez.com,Mid-Market,Healthcare,South,2022-10-26,19,lead,,False,False
546,Turner-Everett,turner-everett.com,Enterprise,Retail,South,2023-02-26,11,lead,,False,False
3952,Adams Ltd,adamsltd.com,SMB,Healthcare,South,2022-09-17,17,lead,,False,False
759,"Jenkins, Cabrera and Hensley",jenkinscabreraandhensley.com,SMB,FinTech,International,2025-02-07,24,lead,,False,False
676,Hayes-Sexton,hayes-sexton.com,SMB,FinTech,West,2022-12-26,35,lead,,False,False
1517,Morgan Inc,morganinc.com,SMB,Education,South,2023-03-22,11,lead,,False,False
1896,"Castillo, Hood and Walker",castillohoodandwalker.com,SMB,Healthcare,East,2025-05-12,30,lead,,False,False
3394,Cross and Sons,crossandsons.com,Mid-Market,FinTech,East,2024-04-22,26,lead,,False,False
3843,"King, Smith and Graham",kingsmithandgraham.com,SMB,Healthcare,South,2023-07-21,20,lead,,False,False
1957,Glover-Solis,glover-solis.com,SMB,Education,South,2024-12-04,14,lead,,False,False
680,Ramirez and Sons,ramirezandsons.com,Mid-Market,Education,East,2023-08-09,26,lead,,False,False
3217,"Ramirez, Thornton and Whitaker",ramirezthorntonandwhitaker.com,SMB,Healthcare,South,2024-01-30,25,lead,,False,False
365,Ballard-Brown,ballard-brown.com,SMB,FinTech,North,2022-10-06,7,lead,,False,False
2073,Hays-Schroeder,hays-schroeder.com,SMB,FinTech,East,2025-04-01,15,lead,,False,False
3964,Craig-Lopez,craig-lopez.com,SMB,FinTech,North,2025-01-27,3,lead,,False,False
133,Guzman Group,guzmangroup.com,Enterprise,Healthcare,East,2023-04-02,26,lead,,False,False
482,Mccall PLC,mccallplc.com,SMB,FinTech,International,2023-12-05,49,lead,,False,False
1931,Meadows-Frank,meadows-frank.com,Mid-Market,Healthcare,South,2022-10-05,23,lead,,False,False
375,"Sweeney, Fischer and Welch",sweeneyfischerandwelch.com,Mid-Market,Education,North,2024-12-03,3,lead,,False,False
1705,Willis LLC,willisllc.com,SMB,Education,East,2024-08-30,26,lead,,False,False
669,Cooper and Sons,cooperandsons.com,SMB,Healthcare,International,2025-01-31,46,lead,,False,False
2064,"Nunez, Washington and Patel",nunezwashingtonandpatel.com,SMB,Education,West,2023-05-20,31,lead,,False,False
3107,Wheeler-Armstrong,wheeler-armstrong.com,SMB,FinTech,South,2024-11-23,15,lead,,False,False
1828,Randall Inc,randallinc.com,Mid-Market,FinTech,West,2022-10-15,2,lead,,False,False
1076,Valdez and Sons,valdezandsons.com,SMB,Healthcare,North,2023-12-30,48,lead,,False,False
1192,Jenkins Group,jenkinsgroup.com,SMB,Education,East,2023-05-22,23,lead,,False,False
284,Hill Group,hillgroup.com,SMB,Healthcare,North,2024-12-12,10,lead,,False,False
100,Aguilar-Chandler,aguilar-chandler.com,SMB,Healthcare,North,2025-06-16,5,lead,,False,False
668,"Mercado, Smith and Savage",mercadosmithandsavage.com,Mid-Market,Retail,North,2023-10-12,9,lead,,False,False
611,Richmond LLC,richmondllc.com,Mid-Market,Retail,West,2023-02-19,32,lead,,False,False
1922,"Flynn, Davis and Henderson",flynndavisandhenderson.com,Mid-Market,Healthcare,East,2022-09-16,1,lead,,False,False
1073,Wheeler-King,wheeler-king.com,SMB,FinTech,North,2023-11-22,4,lead,,False,False
1982,Murphy Ltd,murphyltd.com,SMB,Education,South,2023-08-22,12,lead,,False,False
3011,"Acevedo, Day and Hale",acevedodayandhale.com,SMB,Retail,East,2024-03-05,21,lead,,False,False
670,"Hammond, Lee and Lozano",hammondleeandlozano.com,SMB,FinTech,International,2024-07-04,44,lead,,False,False
3563,"Miller, Miles and Schmitt",millermilesandschmitt.com,SMB,FinTech,International,2023-05-29,21,lead,,False,False
1682,Cook Inc,cookinc.com,SMB,Education,East,2024-11-02,23,lead,,False,False
1526,Villanueva and Sons,villanuevaandsons.com,SMB,Education,North,2023-05-31,9,lead,,False,False
1048,Jones-Salas,jones-salas.com,Mid-Market,FinTech,International,2025-01-26,50,lead,,False,False
803,Stokes-Clark,stokes-clark.com,SMB,FinTech,International,2023-04-26,19,lead,,False,False
3437,Robinson Group,robinsongroup.com,SMB,FinTech,North,2024-01-11,2,lead,,False,False
1935,Montes-Pittman,montes-pittman.com,SMB,FinTech,West,2022-12-16,37,lead,,False,False
1874,"Powell, Fox and Ramos",powellfoxandramos.com,SMB,Healthcare,East,2025-01-27,26,lead,,False,False
3459,Clark and Sons,clarkandsons.com,Mid-Market,FinTech,East,2024-11-03,15,lead,,False,False
837,Stevens-Willis,stevens-willis.com,SMB,Healthcare,North,2023-12-10,45,lead,,False,False
2302,"Collins, Barton and Smith",collinsbartonandsmith.com,Mid-Market,Education,West,2023-12-28,36,lead,,False,False
2628,"Wells, Taylor and Bennett",wellstaylorandbennett.com,Mid-Market,FinTech,West,2023-07-19,38,lead,,False,False
1230,Gray-Kaufman,gray-kaufman.com,Mid-Market,Education,North,2024-09-19,2,lead,,False,False
2567,Nguyen LLC,nguyenllc.com,SMB,Healthcare,North,2023-05-26,10,lead,,False,False
913,Mack-Pena,mack-pena.com,SMB,Healthcare,West,2022-08-19,33,lead,,False,False
2226,"Clark, Gardner and Smith",clarkgardnerandsmith.com,SMB,Healthcare,West,2023-03-05,37,lead,,False,False
3023,"Hernandez, Anderson and Russell",hernandezandersonandrussell.com,SMB,Education,North,2023-05-21,32,lead,,False,False
1466,Shaw LLC,shawllc.com,SMB,Education,North,2025-01-29,2,lead,,False,False
3373,"James, Davis and Frank",jamesdavisandfrank.com,SMB,Education,North,2022-07-31,24,lead,,False,False
344,Galloway PLC,gallowayplc.com,Mid-Market,Education,International,2024-03-05,23,lead,,False,False
1213,"York, Brown and Smith",yorkbrownandsmith.com,SMB,Education,South,2023-12-25,12,lead,,False,False
2719,Gilbert-Curry,gilbert-curry.com,Mid-Market,Healthcare,South,2022-12-17,17,lead,,False,False
861,"Mills, George and Lucas",millsgeorgeandlucas.com,SMB,Retail,South,2023-10-19,11,lead,,False,False
2596,Strickland Inc,stricklandinc.com,SMB,Retail,North,2023-10-24,10,lead,,False,False
337,Allen Ltd,allenltd.com,SMB,Retail,South,2023-02-04,17,lead,,False,False
631,"Smith, Jackson and Schmidt",smithjacksonandschmidt.com,SMB,Education,East,2022-11-29,6,lead,,False,False
3502,Pennington-Bradley,pennington-bradley.com,SMB,Healthcare,South,2022-10-20,20,lead,,False,False
3941,Reyes Group,reyesgroup.com,Mid-Market,Retail,South,2024-12-14,14,lead,,False,False
3631,"Watts, Cantrell and Farmer",wattscantrellandfarmer.com,SMB,FinTech,West,2024-06-09,37,lead,,False,False
2912,Hodges Group,hodgesgroup.com,SMB,Retail,South,2022-11-13,6,lead,,False,False
548,Jacobs-Bennett,jacobs-bennett.com,Mid-Market,Education,International,2024-07-29,49,lead,,False,False
1115,"Bridges, Koch and Hill",bridgeskochandhill.com,SMB,Healthcare,East,2024-07-26,27,lead,,False,False
2204,Cruz-Reynolds,cruz-reynolds.com,SMB,Healthcare,East,2024-04-17,21,lead,,False,False
737,"Holt, Keith and Snyder",holtkeithandsnyder.com,SMB,Retail,West,2023-03-04,36,lead,,False,False
3529,Austin-Mata,austin-mata.com,SMB,Retail,East,2025-04-29,29,lead,,False,False
2189,"Chen, Rivera and Reyes",chenriveraandreyes.com,SMB,Healthcare,North,2022-12-21,10,lead,,False,False
1768,Moore-Herrera,moore-herrera.com,SMB,Healthcare,South,2023-08-17,19,lead,,False,False
2717,Hernandez-Jackson,hernandez-jackson.com,Mid-Market,Retail,West,2022-08-11,34,lead,,False,False
2644,"Yates, Hunt and Williams",yateshuntandwilliams.com,Mid-Market,Education,International,2023-07-04,46,lead,,False,False
185,Rodriguez Inc,rodriguezinc.com,SMB,Education,South,2023-09-11,19,lead,,False,False
1263,"Rose, Brown and Myers",rosebrownandmyers.com,SMB,Healthcare,West,2022-08-21,36,lead,,False,False
1964,"Edwards, Jones and Moran",edwardsjonesandmoran.com,Mid-Market,Education,East,2023-09-28,26,lead,,False,False
2192,"Edwards, Wilson and Turner",edwardswilsonandturner.com,Mid-Market,Education,South,2023-04-07,12,lead,,False,False
489,"Mitchell, Santana and Black",mitchellsantanaandblack.com,Mid-Market,Education,West,2023-02-27,40,lead,,False,False
1915,"King, Thompson and Miles",kingthompsonandmiles.com,Mid-Market,FinTech,West,2025-05-06,34,lead,,False,False
3429,Lopez-Simmons,lopez-simmons.com,Mid-Market,Healthcare,East,2022-10-12,26,lead,,False,False
2686,Herrera-Nguyen,herrera-nguyen.com,Enterprise,Education,South,2025-01-08,13,lead,,False,False
194,Henderson-Williams,henderson-williams.com,SMB,Retail,West,2025-01-22,37,lead,,False,False
2886,Hardin and Sons,hardinandsons.com,SMB,Healthcare,North,2024-01-08,11,lead,,False,False
1644,Ingram-Taylor,ingram-taylor.com,SMB,Retail,North,2024-09-26,3,lead,,False,False
543,Silva-Beck,silva-beck.com,SMB,Healthcare,West,2022-09-19,31,lead,,False,False
248,"Smith, Schultz and Rivera",smithschultzandrivera.com,Mid-Market,Retail,South,2024-10-08,20,lead,,False,False
3251,"Jones, Rogers and Hill",jonesrogersandhill.com,SMB,Education,West,2023-07-14,33,lead,,False,False
3401,James LLC,jamesllc.com,SMB,Healthcare,North,2022-08-21,14,lead,,False,False
1049,"Adams, Bates and George",adamsbatesandgeorge.com,SMB,Retail,South,2023-06-24,13,lead,,False,False
1511,"Parsons, Miller and Mcguire",parsonsmillerandmcguire.com,SMB,FinTech,East,2023-03-13,30,lead,,False,False
2589,Edwards-Leon,edwards-leon.com,SMB,Retail,West,2023-05-14,36,lead,,False,False
3579,Chapman-Howell,chapman-howell.com,SMB,Healthcare,West,2022-12-28,34,lead,,False,False
2925,"Henry, Weiss and Myers",henryweissandmyers.com,SMB,Retail,South,2025-01-25,14,lead,,False,False
2237,Mack Inc,mackinc.com,SMB,FinTech,East,2024-12-16,30,lead,,False,False
1196,"Brooks, Randall and Lewis",brooksrandallandlewis.com,SMB,Healthcare,East,2023-04-29,26,lead,,False,False
1291,Hopkins LLC,hopkinsllc.com,SMB,Retail,West,2024-05-29,32,lead,,False,False
1282,"Lawrence, Webster and Morris",lawrencewebsterandmorris.com,SMB,Education,West,2023-04-22,39,lead,,False,False
251,"Hernandez, Ross and Ruiz",hernandezrossandruiz.com,SMB,Healthcare,East,2023-09-19,27,lead,,False,False
3628,Garrett Group,garrettgroup.com,SMB,Retail,West,2025-01-18,31,lead,,False,False
2549,Sanchez-Zamora,sanchez-zamora.com,SMB,Education,West,2024-08-24,32,lead,,False,False
2747,Montes-Jones,montes-jones.com,SMB,Retail,West,2025-03-08,32,lead,,False,False
2650,Welch Group,welchgroup.com,SMB,Healthcare,West,2023-04-23,35,lead,,False,False
3732,Strickland LLC,stricklandllc.com,SMB,Healthcare,International,2025-02-21,43,lead,,False,False
958,White-Rice,white-rice.com,SMB,Retail,North,2022-09-20,1,lead,,False,False
3294,Brown LLC,brownllc.com,SMB,Retail,East,2023-11-20,29,lead,,False,False
2338,"Smith, Hernandez and Park",smithhernandezandpark.com,SMB,Healthcare,East,2022-10-21,25,lead,,False,False
2390,Gonzalez Group,gonzalezgroup.com,SMB,Healthcare,South,2025-05-23,18,lead,,False,False
264,Murray and Sons,murrayandsons.com,SMB,Education,International,2023-11-24,49,lead,,False,False
2490,Vargas-Ramirez,vargas-ramirez.com,SMB,Retail,East,2023-06-07,43,lead,,False,False
2216,Jordan LLC,jordanllc.com,Mid-Market,Retail,South,2023-10-10,18,lead,,False,False
3202,"Norris, Navarro and Vazquez",norrisnavarroandvazquez.com,SMB,Education,South,2025-04-24,18,lead,,False,False
2773,Krause-Phillips,krause-phillips.com,Mid-Market,Education,North,2025-06-27,8,lead,,False,False
391,Hudson-Edwards,hudson-edwards.com,SMB,FinTech,North,2023-07-25,8,lead,,False,False
2897,Hardin-Graham,hardin-graham.com,Mid-Market,Education,West,2023-12-18,34,lead,,False,False
3622,Hernandez Ltd,hernandezltd.com,SMB,Retail,International,2023-10-19,49,lead,,False,False
3668,Brown-Vargas,brown-vargas.com,SMB,FinTech,South,2024-06-30,13,lead,,False,False
839,Lozano-Walton,lozano-walton.com,Mid-Market,Retail,East,2023-11-01,30,lead,,False,False
2907,Garcia Inc,garciainc.com,SMB,FinTech,East,2023-02-20,23,lead,,False,False
3219,"Gomez, Romero and Jackson",gomezromeroandjackson.com,Mid-Market,Healthcare,East,2023-04-29,27,lead,,False,False
1011,"Lara, Mccarthy and Johnson",laramccarthyandjohnson.com,SMB,Education,International,2022-11-22,43,lead,,False,False
2386,"Moreno, Johnson and Vasquez",morenojohnsonandvasquez.com,Mid-Market,Education,South,2023-03-03,19,lead,,False,False
3626,Griffith-Hubbard,griffith-hubbard.com,SMB,FinTech,West,2022-10-10,32,lead,,False,False
1816,"Wiley, Olson and Holloway",wileyolsonandholloway.com,SMB,Retail,West,2022-12-05,31,lead,,False,False
2016,"Santos, Yang and Berry",santosyangandberry.com,SMB,FinTech,East,2024-10-03,21,lead,,False,False
3564,Weaver Ltd,weaverltd.com,SMB,Healthcare,International,2024-01-08,46,lead,,False,False
2363,"Chan, Diaz and Mckay",chandiazandmckay.com,Mid-Market,Retail,North,2023-08-16,3,lead,,False,False
3380,Franklin-Smith,franklin-smith.com,SMB,Retail,South,2025-07-09,11,lead,,False,False
36,Davis-Robertson,davis-robertson.com,SMB,Healthcare,East,2024-02-19,23,lead,,False,False
3222,Wilson Ltd,wilsonltd.com,SMB,Retail,East,2025-03-03,27,lead,,False,False
809,Williams-Morrow,williams-morrow.com,SMB,Education,International,2022-10-20,44,lead,,False,False
3567,Nguyen-Reyes,nguyen-reyes.com,Enterprise,Retail,West,2022-12-06,39,lead,,False,False
2093,Wong and Sons,wongandsons.com,Enterprise,Retail,North,2024-06-22,4,lead,,False,False
3427,Vaughn and Sons,vaughnandsons.com,Mid-Market,FinTech,North,2023-02-26,3,lead,,False,False
3576,Tate-Howard,tate-howard.com,Mid-Market,FinTech,South,2024-01-18,19,lead,,False,False
536,Gardner PLC,gardnerplc.com,SMB,Retail,East,2022-08-11,30,lead,,False,False
1128,Hernandez-Wiggins,hernandez-wiggins.com,SMB,Healthcare,North,2023-10-17,10,lead,,False,False
3805,"Martin, Carter and Carr",martincarterandcarr.com,SMB,Healthcare,East,2022-09-22,25,lead,,False,False
2761,West PLC,westplc.com,Mid-Market,Healthcare,North,2025-06-27,7,lead,,False,False
1350,"Thompson, Williams and Newton",thompsonwilliamsandnewton.com,SMB,Healthcare,East,2023-01-31,24,lead,,False,False
1967,Todd-Jones,todd-jones.com,Enterprise,FinTech,West,2025-06-01,38,lead,,False,False
1371,Crawford and Sons,crawfordandsons.com,SMB,Education,East,2025-07-17,21,lead,,False,False
2883,Cox LLC,coxllc.com,Mid-Market,FinTech,East,2022-08-13,26,lead,,False,False
2224,Garcia LLC,garciallc.com,SMB,Education,South,2023-01-20,14,lead,,False,False
896,Harris-Moran,harris-moran.com,SMB,Retail,West,2023-03-19,38,lead,,False,False
3073,"Ibarra, Williams and Hughes",ibarrawilliamsandhughes.com,SMB,FinTech,East,2023-01-28,27,lead,,False,False
1776,Villegas Group,villegasgroup.com,SMB,FinTech,East,2024-08-25,27,lead,,False,False
14,"Meyers, Perkins and Nelson",meyersperkinsandnelson.com,SMB,Education,North,2025-06-01,3,lead,,False,False
3937,Lynch Group,lynchgroup.com,SMB,Healthcare,East,2023-06-29,21,lead,,False,False
1369,"Gomez, Tucker and Rose",gomeztuckerandrose.com,SMB,Retail,International,2022-07-25,44,lead,,False,False
610,Fernandez-Miller,fernandez-miller.com,Mid-Market,Retail,South,2023-06-28,12,lead,,False,False
3095,"Shields, Williams and Baker",shieldswilliamsandbaker.com,Mid-Market,Education,South,2025-03-06,48,lead,,False,False
1151,Lawson Inc,lawsoninc.com,Mid-Market,Retail,East,2024-11-29,29,lead,,False,False
1902,Miller Inc,millerinc.com,SMB,Education,North,2024-07-08,10,lead,,False,False
2033,Garcia-Walker,garcia-walker.com,SMB,FinTech,West,2024-08-19,34,lead,,False,False
3333,Jefferson-Bennett,jefferson-bennett.com,SMB,Retail,South,2024-09-20,17,lead,,False,False
975,Atkins-Reese,atkins-reese.com,Mid-Market,FinTech,International,2024-11-01,46,lead,,False,False
3778,"Weber, Lindsey and Bennett",weberlindseyandbennett.com,SMB,Healthcare,South,2022-08-06,15,lead,,False,False
864,Robertson-Warner,robertson-warner.com,SMB,FinTech,South,2024-01-27,15,lead,,False,False
3621,"Hatfield, Diaz and Smith",hatfielddiazandsmith.com,SMB,Retail,East,2023-02-06,22,lead,,False,False
1080,Miller-Smith,miller-smith.com,SMB,Education,East,2023-08-08,22,lead,,False,False
2660,"Green, Tran and Moore",greentranandmoore.com,SMB,Retail,International,2025-06-27,43,lead,,False,False
3212,"Morris, Nichols and Black",morrisnicholsandblack.com,SMB,Healthcare,East,2025-01-30,4,lead,,False,False
214,"Parker, Martinez and Brown",parkermartinezandbrown.com,Mid-Market,Healthcare,North,2023-02-11,14,lead,,False,False
815,Brown Ltd,brownltd.com,SMB,Education,West,2022-12-25,38,lead,,False,False
1166,"Fowler, Diaz and Navarro",fowlerdiazandnavarro.com,SMB,Healthcare,South,2024-09-27,4,lead,,False,False
287,"Martinez, Garcia and Hayes",martinezgarciaandhayes.com,SMB,FinTech,South,2023-06-07,15,lead,,False,False
1640,"Guzman, Solomon and Chavez",guzmansolomonandchavez.com,Mid-Market,Retail,South,2024-12-29,20,lead,,False,False
2834,Waters LLC,watersllc.com,SMB,Retail,East,2025-06-05,25,lead,,False,False
1900,Gardner-Barnett,gardner-barnett.com,SMB,Education,West,2024-04-25,31,lead,,False,False
2506,"Ferguson, Harrington and Jackson",fergusonharringtonandjackson.com,SMB,Education,West,2024-09-09,39,lead,,False,False
2939,Eaton and Sons,eatonandsons.com,SMB,FinTech,West,2025-05-09,31,lead,,False,False
2676,Hernandez Ltd,hernandezltd.com,SMB,Education,International,2023-09-23,43,lead,,False,False
2795,"Wolfe, Cooley and Young",wolfecooleyandyoung.com,Enterprise,Healthcare,North,2025-05-06,5,lead,,False,False
3839,Rodriguez-Rowe,rodriguez-rowe.com,SMB,Retail,North,2024-09-09,1,lead,,False,False
328,Rodriguez-Smith,rodriguez-smith.com,SMB,FinTech,South,2023-06-03,16,lead,,False,False
2425,Lewis-Rodriguez,lewis-rodriguez.com,SMB,Retail,South,2024-12-04,35,lead,,False,False
2566,Young-Buchanan,young-buchanan.com,Mid-Market,FinTech,East,2022-12-24,21,lead,,False,False
3515,Castro-Burns,castro-burns.com,SMB,Retail,North,2022-12-06,7,lead,,False,False
999,"Wyatt, Roberts and Anderson",wyattrobertsandanderson.com,SMB,Retail,South,2022-11-29,12,lead,,False,False
724,Jones-Herrera,jones-herrera.com,Mid-Market,Retail,East,2024-10-28,24,lead,,False,False
3948,Smith and Sons,smithandsons.com,SMB,Education,South,2023-06-25,17,lead,,False,False
2334,"Hubbard, Wilson and Barr",hubbardwilsonandbarr.com,SMB,Education,International,2024-06-02,50,lead,,False,False
3311,Martinez Group,martinezgroup.com,SMB,Education,West,2024-07-30,34,lead,,False,False
2143,"Frank, Diaz and Miller",frankdiazandmiller.com,SMB,Healthcare,South,2024-10-11,16,lead,,False,False
3775,Zuniga-Garcia,zuniga-garcia.com,SMB,Retail,International,2024-05-08,23,lead,,False,False
2193,"Mckenzie, Anderson and Brooks",mckenzieandersonandbrooks.com,SMB,Retail,West,2024-08-06,36,lead,,False,False
371,Mcintosh Group,mcintoshgroup.com,SMB,Healthcare,East,2022-09-21,27,lead,,False,False
1965,Keith Ltd,keithltd.com,SMB,Education,International,2023-08-17,46,lead,,False,False
1003,West Ltd,westltd.com,Mid-Market,Education,South,2023-07-16,20,lead,,False,False
1248,"Stephens, Snyder and Murphy",stephenssnyderandmurphy.com,SMB,Education,South,2024-03-28,15,lead,,False,False
434,Donaldson PLC,donaldsonplc.com,SMB,Healthcare,North,2025-06-21,2,lead,,False,False
467,Andrade-Callahan,andrade-callahan.com,SMB,FinTech,West,2023-12-01,31,lead,,False,False
1126,"Austin, Pham and Carney",austinphamandcarney.com,SMB,Education,East,2025-06-18,33,lead,,False,False
2275,Johnson-Spencer,johnson-spencer.com,SMB,Education,East,2024-09-21,30,lead,,False,False
2453,Mclaughlin Group,mclaughlingroup.com,SMB,FinTech,South,2024-12-07,19,lead,,False,False
3206,Allen Ltd,allenltd.com,Enterprise,Healthcare,East,2024-01-14,24,lead,,False,False
2350,"Dixon, Turner and Palmer",dixonturnerandpalmer.com,Mid-Market,Education,East,2024-11-26,29,lead,,False,False
2524,Thomas PLC,thomasplc.com,SMB,Education,South,2023-01-29,12,lead,,False,False
3846,Joyce-Finley,joyce-finley.com,SMB,Retail,North,2025-02-18,2,lead,,False,False
1542,Davis-Jackson,davis-jackson.com,Enterprise,FinTech,South,2023-03-16,25,lead,,False,False
3882,"Anthony, Mills and Smith",anthonymillsandsmith.com,Mid-Market,Healthcare,International,2022-10-08,25,lead,,False,False
3566,Jones Ltd,jonesltd.com,SMB,Retail,East,2023-07-14,27,lead,,False,False
1234,Kline Group,klinegroup.com,Mid-Market,FinTech,North,2023-11-27,8,lead,,False,False
2746,Miller Ltd,millerltd.com,Mid-Market,Education,North,2024-08-19,7,lead,,False,False
1762,Murphy-Phillips,murphy-phillips.com,SMB,Retail,West,2025-06-26,34,lead,,False,False
1996,Green-Jones,green-jones.com,Mid-Market,Retail,East,2022-08-04,24,lead,,False,False
66,Villa-Vance,villa-vance.com,SMB,FinTech,West,2024-09-22,3,lead,,False,False
459,"Davis, Chang and Austin",davischangandaustin.com,Enterprise,Healthcare,West,2022-07-29,34,lead,,False,False
559,Moore Group,mooregroup.com,SMB,Healthcare,West,2022-11-05,6,lead,,False,False
3544,"Moody, Taylor and Velazquez",moodytaylorandvelazquez.com,SMB,Retail,East,2024-11-27,6,lead,,False,False
1200,Marshall-Brown,marshall-brown.com,SMB,FinTech,East,2023-05-18,22,lead,,False,False
1241,Nelson PLC,nelsonplc.com,SMB,Retail,International,2024-08-13,6,lead,,False,False
361,James-Baldwin,james-baldwin.com,SMB,Healthcare,South,2025-07-12,11,lead,,False,False
1940,Galvan and Sons,galvanandsons.com,SMB,Retail,West,2023-07-31,38,lead,,False,False
1658,Lucero-Sandoval,lucero-sandoval.com,Mid-Market,FinTech,West,2024-08-30,34,lead,,False,False
444,"Nguyen, Richardson and Garcia",nguyenrichardsonandgarcia.com,SMB,FinTech,West,2022-10-12,35,lead,,False,False
2319,"Hammond, Bennett and Sutton",hammondbennettandsutton.com,Mid-Market,FinTech,International,2022-12-05,25,lead,,False,False
3700,Pena-West,pena-west.com,Mid-Market,Retail,West,2024-07-16,35,lead,,False,False
3494,Walker LLC,walkerllc.com,Mid-Market,FinTech,West,2025-01-22,32,lead,,False,False
1873,Holmes-Hampton,holmes-hampton.com,SMB,FinTech,North,2023-11-22,10,lead,,False,False
2400,Sexton and Sons,sextonandsons.com,SMB,Education,West,2023-01-07,39,lead,,False,False
3170,"George, Perez and Mccarthy",georgeperezandmccarthy.com,Mid-Market,FinTech,East,2023-04-17,21,lead,,False,False
604,"Reed, Jackson and Ali",reedjacksonandali.com,SMB,Healthcare,East,2025-04-30,22,lead,,False,False
1912,Rogers-Fritz,rogers-fritz.com,SMB,Education,East,2024-10-10,31,lead,,False,False
3397,"Sweeney, Price and Cunningham",sweeneypriceandcunningham.com,SMB,Healthcare,North,2025-04-24,8,lead,,False,False
2972,Flores Inc,floresinc.com,Mid-Market,Education,West,2025-05-28,38,lead,,False,False
2109,Carey Inc,careyinc.com,Mid-Market,FinTech,International,2022-12-06,44,lead,,False,False
1869,Hale-Chavez,hale-chavez.com,SMB,Healthcare,International,2024-12-19,11,lead,,False,False
1801,"Jones, Mann and Huang",jonesmannandhuang.com,SMB,FinTech,West,2025-01-02,34,lead,,False,False
2923,Blair and Sons,blairandsons.com,Mid-Market,Education,East,2022-08-07,27,lead,,False,False
627,Thompson-Stout,thompson-stout.com,Mid-Market,Retail,South,2023-07-11,17,lead,,False,False
3783,Schneider LLC,schneiderllc.com,SMB,Healthcare,West,2023-06-23,34,lead,,False,False
622,"Patterson, Munoz and Carey",pattersonmunozandcarey.com,Mid-Market,Healthcare,International,2024-01-20,24,lead,,False,False
3369,Ward Inc,wardinc.com,SMB,Retail,West,2024-12-25,5,lead,,False,False
458,"Heath, Campbell and Miller",heathcampbellandmiller.com,Mid-Market,Education,South,2025-02-28,15,lead,,False,False
69,"Black, Cooper and Nguyen",blackcooperandnguyen.com,SMB,FinTech,International,2025-05-14,43,lead,,False,False
2615,Hardy-Olsen,hardy-olsen.com,Mid-Market,Healthcare,West,2023-12-14,38,lead,,False,False
306,"Leonard, Grant and Morales",leonardgrantandmorales.com,SMB,Healthcare,South,2022-10-27,13,lead,,False,False
71,Monroe Ltd,monroeltd.com,SMB,Education,South,2023-06-23,14,lead,,False,False
2789,"Villarreal, Barker and King",villarrealbarkerandking.com,SMB,Healthcare,East,2023-01-09,30,lead,,False,False
2600,"Reed, Smith and Lee",reedsmithandlee.com,SMB,Education,West,2023-06-04,32,lead,,False,False
78,Wise-Adkins,wise-adkins.com,Mid-Market,Education,West,2023-10-02,32,lead,,False,False
2964,Arnold PLC,arnoldplc.com,SMB,FinTech,North,2024-09-16,9,lead,,False,False
2323,Norris-White,norris-white.com,Mid-Market,Healthcare,North,2025-06-21,4,lead,,False,False
258,Braun-Cole,braun-cole.com,SMB,Education,West,2023-11-17,31,lead,,False,False
1429,"Benitez, Rogers and Grimes",benitezrogersandgrimes.com,Mid-Market,Healthcare,South,2024-08-24,14,lead,,False,False
3139,Elliott Group,elliottgroup.com,Enterprise,Education,West,2025-02-26,31,lead,,False,False
1373,Miller and Sons,millerandsons.com,Mid-Market,Education,East,2024-03-15,30,lead,,False,False
925,Smith-Peters,smith-peters.com,SMB,Education,West,2023-07-16,35,lead,,False,False
1551,Castro Inc,castroinc.com,SMB,Healthcare,South,2025-06-10,19,lead,,False,False
806,Booth-Lozano,booth-lozano.com,SMB,Retail,South,2025-05-23,20,lead,,False,False
1905,Lee-Crane,lee-crane.com,SMB,Retail,South,2025-05-10,15,lead,,False,False
3027,"Pacheco, Garcia and Lyons",pachecogarciaandlyons.com,Mid-Market,Healthcare,West,2024-03-26,33,lead,,False,False
1148,Perez-Thompson,perez-thompson.com,SMB,Education,International,2024-01-02,46,lead,,False,False
2270,Chambers-Harper,chambers-harper.com,SMB,Healthcare,South,2024-02-23,45,lead,,False,False
97,"George, Becker and Shaw",georgebeckerandshaw.com,SMB,Healthcare,South,2025-07-07,12,lead,,False,False
2300,"Mendez, Wright and Turner",mendezwrightandturner.com,SMB,FinTech,East,2022-08-28,21,lead,,False,False
2625,Martin-Snow,martin-snow.com,SMB,Education,East,2024-06-04,23,lead,,False,False
29,"Welch, Roberson and Lopez",welchrobersonandlopez.com,SMB,Healthcare,East,2023-08-13,26,lead,,False,False
2858,Martin-Taylor,martin-taylor.com,SMB,FinTech,East,2025-03-04,23,lead,,False,False
1423,Bass Ltd,bassltd.com,Enterprise,Education,South,2025-05-17,15,lead,,False,False
1189,Deleon-Adkins,deleon-adkins.com,SMB,Education,North,2023-05-05,8,lead,,False,False
3697,"Webb, Thomas and Jackson",webbthomasandjackson.com,SMB,FinTech,North,2025-05-17,12,lead,,False,False
3146,Terry LLC,terryllc.com,Mid-Market,Retail,East,2023-12-06,45,lead,,False,False
2891,Garcia Ltd,garcialtd.com,SMB,Healthcare,East,2025-05-02,30,lead,,False,False
3403,"Maxwell, Ramirez and Lucas",maxwellramirezandlucas.com,SMB,Retail,East,2023-11-24,8,lead,,False,False
1032,Anderson-Floyd,anderson-floyd.com,Mid-Market,Healthcare,West,2025-01-14,32,lead,,False,False
2530,Morton LLC,mortonllc.com,SMB,Retail,East,2023-01-25,22,lead,,False,False
3262,"Hamilton, Evans and Davis",hamiltonevansanddavis.com,SMB,Education,East,2022-08-19,30,lead,,False,False
828,"Nunez, Kim and Diaz",nunezkimanddiaz.com,SMB,Retail,North,2024-10-13,1,lead,,False,False
1221,Nguyen-Bolton,nguyen-bolton.com,Mid-Market,Retail,South,2024-02-06,12,lead,,False,False
2538,Smith and Sons,smithandsons.com,SMB,Retail,East,2024-04-09,17,lead,,False,False
1187,"Gross, Henry and Anderson",grosshenryandanderson.com,Enterprise,Retail,South,2023-11-15,2,lead,,False,False
2621,Davis-Jones,davis-jones.com,SMB,FinTech,West,2023-04-20,40,lead,,False,False
2272,"Schneider, Martin and Lee",schneidermartinandlee.com,Mid-Market,Retail,East,2024-07-03,25,lead,,False,False
3211,Sweeney PLC,sweeneyplc.com,SMB,FinTech,West,2024-08-04,10,lead,,False,False
3632,"Leonard, Thomas and Lewis",leonardthomasandlewis.com,Enterprise,Healthcare,West,2024-05-10,34,lead,,False,False
128,Wiley Ltd,wileyltd.com,SMB,FinTech,South,2023-04-07,16,lead,,False,False
3258,"Ward, Richardson and Myers",wardrichardsonandmyers.com,SMB,Retail,West,2024-08-17,37,lead,,False,False
1326,"Harper, Velazquez and Jones",harpervelazquezandjones.com,Mid-Market,FinTech,South,2022-09-20,18,lead,,False,False
564,Marquez-Flores,marquez-flores.com,SMB,Education,East,2023-06-18,25,lead,,False,False
3925,"Bradshaw, Garner and Pope",bradshawgarnerandpope.com,SMB,FinTech,West,2024-11-10,36,lead,,False,False
3438,Horn-Hayes,horn-hayes.com,SMB,Education,East,2023-10-19,29,lead,,False,False
2367,Henderson-Taylor,henderson-taylor.com,SMB,Education,West,2022-12-06,31,lead,,False,False
1968,Sanchez and Sons,sanchezandsons.com,Mid-Market,Healthcare,East,2025-04-09,22,lead,,False,False
3203,"Simmons, Brown and Roberts",simmonsbrownandroberts.com,SMB,Retail,West,2023-04-10,35,lead,,False,False
3045,Vasquez-Huffman,vasquez-huffman.com,SMB,FinTech,International,2024-12-14,50,lead,,False,False
3490,Fisher-Barry,fisher-barry.com,SMB,Education,North,2023-12-01,2,lead,,False,False
892,Orr-Lopez,orr-lopez.com,SMB,Education,West,2024-01-26,24,lead,,False,False
1934,"Williams, Perez and Jackson",williamsperezandjackson.com,SMB,Retail,South,2024-11-07,17,lead,,False,False
68,"Kennedy, Clements and Roberts",kennedyclementsandroberts.com,SMB,FinTech,International,2025-07-15,47,lead,,False,False
2565,Brown-Ward,brown-ward.com,Mid-Market,Healthcare,East,2024-06-29,29,lead,,False,False
2913,"Green, Torres and Anderson",greentorresandanderson.com,Mid-Market,Healthcare,East,2024-02-11,30,lead,,False,False
1919,Wagner-Dean,wagner-dean.com,SMB,Education,North,2023-05-29,3,lead,,False,False
2004,"Turner, Brown and Hunter",turnerbrownandhunter.com,SMB,FinTech,West,2022-08-11,34,lead,,False,False
3644,Cook-Santiago,cook-santiago.com,Mid-Market,Retail,North,2024-10-23,4,lead,,False,False
2590,Miller-Rodriguez,miller-rodriguez.com,Mid-Market,Retail,East,2025-01-22,29,lead,,False,False
977,"Gonzalez, Johnson and Levine",gonzalezjohnsonandlevine.com,SMB,Retail,South,2024-06-04,14,lead,,False,False
1435,Hughes LLC,hughesllc.com,Mid-Market,Retail,South,2023-01-07,20,lead,,False,False
978,Blankenship LLC,blankenshipllc.com,SMB,Education,East,2024-01-22,27,lead,,False,False
2943,Oliver-Ortiz,oliver-ortiz.com,Mid-Market,Education,West,2023-10-20,13,lead,,False,False
2261,"Graham, Hill and Petty",grahamhillandpetty.com,SMB,Education,South,2024-07-30,14,lead,,False,False
3823,Hernandez-Henderson,hernandez-henderson.com,SMB,Education,South,2024-11-13,18,lead,,False,False
1672,Hebert-Jimenez,hebert-jimenez.com,SMB,Education,International,2024-04-17,48,lead,,False,False
1313,Kennedy-Huffman,kennedy-huffman.com,SMB,Retail,East,2025-02-16,21,lead,,False,False
501,"Parks, Neal and Williams",parksnealandwilliams.com,Mid-Market,FinTech,South,2023-12-15,12,lead,,False,False
2259,"White, Fernandez and Tucker",whitefernandezandtucker.com,SMB,FinTech,International,2022-12-23,29,lead,,False,False
470,Harrell Ltd,harrellltd.com,SMB,Retail,East,2024-06-15,27,lead,,False,False
1388,Roman-Wilson,roman-wilson.com,Mid-Market,FinTech,North,2025-05-28,3,lead,,False,False
2975,Smith-Ross,smith-ross.com,Enterprise,Education,North,2024-10-13,8,lead,,False,False
1907,Heath-Mccormick,heath-mccormick.com,SMB,FinTech,South,2024-08-11,4,lead,,False,False
739,"Kim, Webster and Bell",kimwebsterandbell.com,SMB,Education,North,2024-04-12,6,lead,,False,False
1537,"Wiley, Shelton and Cuevas",wileysheltonandcuevas.com,SMB,Education,East,2024-04-08,27,lead,,False,False
3061,"Andrews, Cantrell and Burnett",andrewscantrellandburnett.com,Enterprise,Healthcare,East,2025-05-17,29,lead,,False,False
2309,Ford and Sons,fordandsons.com,Mid-Market,Education,International,2024-05-17,49,lead,,False,False
721,Jones LLC,jonesllc.com,Mid-Market,Education,West,2024-06-20,43,lead,,False,False
350,"Pitts, Lewis and Johns",pittslewisandjohns.com,Mid-Market,Education,South,2025-05-14,14,lead,,False,False
1574,"Grant, Smith and Johnson",grantsmithandjohnson.com,SMB,Education,West,2025-04-22,37,lead,,False,False
3824,Reid-Cordova,reid-cordova.com,Mid-Market,Retail,South,2024-05-22,16,lead,,False,False
2257,Pruitt-Figueroa,pruitt-figueroa.com,SMB,FinTech,International,2024-04-29,47,lead,,False,False
3528,"Monroe, Owens and Cervantes",monroeowensandcervantes.com,SMB,Healthcare,International,2023-08-08,44,lead,,False,False
885,"Grant, Porter and Reynolds",grantporterandreynolds.com,Mid-Market,Education,South,2023-06-24,18,lead,,False,False
124,Stuart-Smith,stuart-smith.com,SMB,Healthcare,North,2023-07-01,8,lead,,False,False
2188,"Dunlap, Brock and Bowman",dunlapbrockandbowman.com,SMB,Healthcare,North,2025-05-25,3,lead,,False,False
3802,Baker-Cox,baker-cox.com,SMB,Education,East,2024-09-29,30,lead,,False,False
1179,Smith-Curtis,smith-curtis.com,SMB,Healthcare,West,2025-02-12,47,lead,,False,False
3288,"Guzman, Johns and Swanson",guzmanjohnsandswanson.com,SMB,FinTech,South,2025-03-15,18,lead,,False,False
1699,"Coleman, Decker and Lin",colemandeckerandlin.com,SMB,FinTech,West,2023-05-27,31,lead,,False,False
2414,"Lee, Horne and Anderson",leehorneandanderson.com,SMB,Retail,East,2023-03-19,22,lead,,False,False
2273,Thompson-Davis,thompson-davis.com,SMB,Retail,East,2025-03-16,29,lead,,False,False
930,Hodge-Parks,hodge-parks.com,Mid-Market,Healthcare,West,2025-02-07,34,lead,,False,False
555,Lawson Inc,lawsoninc.com,SMB,Healthcare,West,2022-10-01,33,lead,,False,False
2025,Dalton LLC,daltonllc.com,Enterprise,Retail,West,2024-03-31,31,lead,,False,False
3711,"Ho, Johnson and Mays",hojohnsonandmays.com,Mid-Market,Healthcare,International,2024-12-03,45,lead,,False,False
2775,Nunez-Smith,nunez-smith.com,SMB,FinTech,East,2025-05-04,1,lead,,False,False
3858,"Boyle, Warren and Ruiz",boylewarrenandruiz.com,Mid-Market,FinTech,North,2023-10-07,8,lead,,False,False
1229,Dixon-Humphrey,dixon-humphrey.com,SMB,FinTech,East,2022-09-23,22,lead,,False,False
2083,"Cochran, York and Bennett",cochranyorkandbennett.com,SMB,Retail,South,2022-12-15,17,lead,,False,False
1966,Gray-Gross,gray-gross.com,SMB,FinTech,South,2022-11-14,19,lead,,False,False
3491,"Smith, Herrera and Harris",smithherreraandharris.com,SMB,Education,International,2025-02-22,42,lead,,False,False
2772,Matthews-Nguyen,matthews-nguyen.com,Enterprise,Education,East,2025-05-19,29,lead,,False,False
2243,"Werner, Schultz and Huang",wernerschultzandhuang.com,SMB,Education,South,2024-05-21,25,lead,,False,False
2441,"Sanchez, Mitchell and Walker",sanchezmitchellandwalker.com,SMB,Retail,International,2023-08-23,27,lead,,False,False
1399,"Hester, Lee and Morales",hesterleeandmorales.com,SMB,Retail,International,2025-05-31,49,lead,,False,False
83,Schroeder-Lewis,schroeder-lewis.com,SMB,Education,East,2023-03-04,21,lead,,False,False
1505,Stuart-Howard,stuart-howard.com,SMB,FinTech,North,2023-08-29,3,lead,,False,False
1426,Collins Ltd,collinsltd.com,SMB,Education,East,2024-03-15,42,lead,,False,False
2107,Escobar Group,escobargroup.com,Enterprise,Healthcare,West,2022-08-25,33,lead,,False,False
2404,Martinez-Meyer,martinez-meyer.com,SMB,Healthcare,North,2024-12-27,4,lead,,False,False
1440,Higgins-Davis,higgins-davis.com,SMB,Retail,East,2023-12-12,26,lead,,False,False
473,Oliver-Montgomery,oliver-montgomery.com,SMB,Retail,West,2022-12-13,39,lead,,False,False
1225,"Huff, Bell and Norris",huffbellandnorris.com,SMB,Education,North,2025-01-16,35,lead,,False,False
518,Romero-Mcconnell,romero-mcconnell.com,SMB,Healthcare,East,2024-01-20,25,lead,,False,False
311,"Jacobs, Andersen and Smith",jacobsandersenandsmith.com,Mid-Market,Retail,East,2023-01-30,25,lead,,False,False
377,Fisher Inc,fisherinc.com,SMB,Education,West,2024-01-03,34,lead,,False,False
2395,"Wright, Mcclure and Burns",wrightmcclureandburns.com,SMB,Retail,South,2023-09-06,15,lead,,False,False
2011,"King, Campbell and Pennington",kingcampbellandpennington.com,SMB,Healthcare,West,2023-11-11,40,lead,,False,False
2832,Tate LLC,tatellc.com,Mid-Market,FinTech,West,2025-04-20,32,lead,,False,False
1352,Hall PLC,hallplc.com,SMB,FinTech,North,2024-11-04,7,lead,,False,False
466,"Reilly, Rodriguez and Mcdonald",reillyrodriguezandmcdonald.com,SMB,Retail,West,2024-11-15,31,lead,,False,False
945,Pittman Inc,pittmaninc.com,SMB,FinTech,East,2023-07-23,24,lead,,False,False
1493,Wong Inc,wonginc.com,SMB,FinTech,South,2024-11-13,18,lead,,False,False
626,Bryant Group,bryantgroup.com,SMB,FinTech,South,2024-05-06,17,lead,,False,False
1420,Krueger-Edwards,krueger-edwards.com,Mid-Market,FinTech,South,2024-01-17,16,lead,,False,False
3947,"Brown, Phillips and Hoffman",brownphillipsandhoffman.com,SMB,Healthcare,South,2024-06-04,16,lead,,False,False
222,Callahan LLC,callahanllc.com,SMB,Retail,East,2025-01-23,29,lead,,False,False
870,Sherman-Wright,sherman-wright.com,SMB,Healthcare,West,2024-07-17,42,lead,,False,False
3318,Young-Burke,young-burke.com,Mid-Market,Education,West,2025-03-10,11,lead,,False,False
760,Parker and Sons,parkerandsons.com,SMB,FinTech,North,2024-07-28,5,lead,,False,False
2575,Fisher-Bennett,fisher-bennett.com,Mid-Market,Education,North,2022-10-13,8,lead,,False,False
407,"Baker, Stuart and Fritz",bakerstuartandfritz.com,Mid-Market,Healthcare,North,2023-02-24,4,lead,,False,False
2426,"Holmes, Mitchell and Dudley",holmesmitchellanddudley.com,SMB,Retail,West,2023-09-04,32,lead,,False,False
2342,Lewis LLC,lewisllc.com,Mid-Market,Retail,South,2023-10-07,47,lead,,False,False
3609,May-Norris,may-norris.com,Mid-Market,Healthcare,West,2025-02-16,34,lead,,False,False
2124,"Davis, Gordon and Alvarez",davisgordonandalvarez.com,Mid-Market,Education,East,2023-10-06,26,lead,,False,False
614,Blevins-Reyes,blevins-reyes.com,SMB,Healthcare,North,2025-04-19,7,lead,,False,False
3706,Morris PLC,morrisplc.com,SMB,Retail,West,2025-07-01,32,lead,,False,False
1948,Collier Group,colliergroup.com,SMB,Education,East,2023-03-09,11,lead,,False,False
352,"Jones, Shepard and Mueller",jonesshepardandmueller.com,Enterprise,Education,North,2025-05-14,10,lead,,False,False
2807,Thomas Group,thomasgroup.com,Mid-Market,Healthcare,West,2023-03-15,40,lead,,False,False
12,"Young, Wilson and Rivera",youngwilsonandrivera.com,SMB,Healthcare,North,2024-03-02,14,lead,,False,False
713,Ramirez-Bailey,ramirez-bailey.com,Enterprise,Retail,South,2024-04-27,27,lead,,False,False
409,Browning Group,browninggroup.com,Mid-Market,FinTech,West,2023-02-11,35,lead,,False,False
303,Castro-Norman,castro-norman.com,SMB,Healthcare,North,2024-12-07,8,lead,,False,False
2727,Weber-Washington,weber-washington.com,Mid-Market,Retail,International,2022-09-29,47,lead,,False,False
1171,Avery Group,averygroup.com,SMB,Retail,East,2023-02-04,21,lead,,False,False
3375,"Moore, Barton and Miller",moorebartonandmiller.com,SMB,Healthcare,East,2023-08-15,17,lead,,False,False
2435,Olson-Jones,olson-jones.com,SMB,Healthcare,International,2023-10-07,47,lead,,False,False
1759,Mullins-Caldwell,mullins-caldwell.com,SMB,Retail,East,2025-04-16,26,lead,,False,False
2013,"Kirk, Gray and Carrillo",kirkgrayandcarrillo.com,SMB,Retail,West,2023-06-20,34,lead,,False,False
1418,Quinn PLC,quinnplc.com,SMB,FinTech,East,2025-04-17,27,lead,,False,False
1518,Rich LLC,richllc.com,Mid-Market,Retail,West,2024-08-24,33,lead,,False,False
859,Gonzalez-King,gonzalez-king.com,SMB,Retail,West,2025-01-25,40,lead,,False,False
751,Padilla-Bailey,padilla-bailey.com,Mid-Market,FinTech,International,2023-08-05,47,lead,,False,False
2236,Anderson and Sons,andersonandsons.com,SMB,Healthcare,South,2024-05-17,11,lead,,False,False
2169,Ramirez-Stanley,ramirez-stanley.com,SMB,Healthcare,South,2023-07-30,19,lead,,False,False
1843,"Richards, Torres and May",richardstorresandmay.com,Mid-Market,Education,North,2024-02-05,10,lead,,False,False
34,"Simon, Aguilar and Taylor",simonaguilarandtaylor.com,SMB,Retail,West,2022-12-21,34,lead,,False,False
3301,Gallegos Inc,gallegosinc.com,SMB,Retail,North,2023-08-31,8,lead,,False,False
1884,Crosby Group,crosbygroup.com,SMB,Education,North,2025-01-22,1,lead,,False,False
1030,Brooks-Hernandez,brooks-hernandez.com,SMB,Education,North,2022-10-03,4,lead,,False,False
3530,Stevens-Acosta,stevens-acosta.com,SMB,Healthcare,East,2023-11-04,22,lead,,False,False
3057,Rice Group,ricegroup.com,Mid-Market,Education,South,2023-10-31,20,lead,,False,False
3992,Shaw-Evans,shaw-evans.com,SMB,FinTech,West,2022-10-23,36,lead,,False,False
3421,"Wallace, Burns and Mueller",wallaceburnsandmueller.com,SMB,Retail,East,2025-03-29,26,lead,,False,False
2736,"Bennett, May and Carlson",bennettmayandcarlson.com,SMB,Healthcare,International,2024-04-29,47,lead,,False,False
867,"Pitts, Vega and Mckinney",pittsvegaandmckinney.com,Mid-Market,Healthcare,North,2023-12-27,31,lead,,False,False
1283,"Smith, Lang and Jones",smithlangandjones.com,Mid-Market,Education,South,2024-11-24,17,lead,,False,False
1882,Simpson and Sons,simpsonandsons.com,SMB,Healthcare,West,2024-05-02,36,lead,,False,False
797,Monroe LLC,monroellc.com,SMB,Education,West,2022-09-16,31,lead,,False,False
989,Gonzalez PLC,gonzalezplc.com,Mid-Market,Education,North,2025-06-20,4,lead,,False,False
1391,Dawson-Wagner,dawson-wagner.com,SMB,FinTech,West,2024-06-09,33,lead,,False,False
3741,"Duran, Thomas and Deleon",duranthomasanddeleon.com,SMB,FinTech,East,2023-11-01,25,lead,,False,False
2294,"Griffin, Herrera and Young",griffinherreraandyoung.com,Mid-Market,Education,East,2023-07-07,23,lead,,False,False
2990,Gonzalez Ltd,gonzalezltd.com,Mid-Market,FinTech,South,2023-04-30,29,lead,,False,False
2315,"Hanson, Oconnor and Bullock",hansonoconnorandbullock.com,SMB,Education,North,2022-09-22,10,lead,,False,False
1749,"Moreno, Dunn and Taylor",morenodunnandtaylor.com,Mid-Market,Education,East,2022-12-10,29,lead,,False,False
3290,"Munoz, Ware and Perry",munozwareandperry.com,Mid-Market,Education,South,2024-01-01,15,lead,,False,False
3282,Watkins and Sons,watkinsandsons.com,Enterprise,FinTech,East,2023-04-20,25,lead,,False,False
3590,Baxter PLC,baxterplc.com,SMB,Retail,South,2023-07-04,16,lead,,False,False
3036,Watson LLC,watsonllc.com,SMB,Healthcare,International,2025-03-17,46,lead,,False,False
1321,Stark Ltd,starkltd.com,SMB,Education,West,2023-12-08,34,lead,,False,False
2617,Rivas and Sons,rivasandsons.com,SMB,Healthcare,West,2023-07-18,35,lead,,False,False
1710,Horne-Butler,horne-butler.com,SMB,FinTech,West,2023-04-10,31,lead,,False,False
1846,"Jackson, Roy and Malone",jacksonroyandmalone.com,SMB,FinTech,West,2023-02-19,35,lead,,False,False
3789,Ramirez-Jones,ramirez-jones.com,SMB,Education,North,2025-05-23,31,lead,,False,False
3140,Anderson-Johnston,anderson-johnston.com,SMB,Healthcare,East,2022-10-15,27,lead,,False,False
2712,Morrison-Levy,morrison-levy.com,SMB,Education,South,2024-07-14,20,lead,,False,False
1119,Kent Group,kentgroup.com,SMB,Healthcare,South,2023-10-14,11,lead,,False,False
3360,Ross LLC,rossllc.com,SMB,Education,East,2024-06-07,30,lead,,False,False
2059,Rodriguez PLC,rodriguezplc.com,Mid-Market,Retail,East,2023-04-24,23,lead,,False,False
2423,Reynolds Group,reynoldsgroup.com,Mid-Market,Retail,South,2025-03-21,4,lead,,False,False
3770,"Forbes, Mooney and Turner",forbesmooneyandturner.com,SMB,Education,West,2023-09-30,32,lead,,False,False
3509,"Thomas, Howard and Davis",thomashowardanddavis.com,SMB,Healthcare,South,2022-08-28,14,lead,,False,False
1820,"Thompson, Dean and Johnston",thompsondeanandjohnston.com,SMB,Healthcare,North,2023-03-09,5,lead,,False,False
1989,"Ware, Rogers and Hoover",warerogersandhoover.com,SMB,FinTech,South,2024-07-25,12,lead,,False,False
754,Bryant Ltd,bryantltd.com,Mid-Market,Retail,West,2022-09-07,36,lead,,False,False
2096,Dougherty Inc,doughertyinc.com,SMB,Education,South,2022-08-10,14,lead,,False,False
314,Harrell PLC,harrellplc.com,SMB,Education,North,2025-02-27,3,lead,,False,False
1474,Johnson and Sons,johnsonandsons.com,Mid-Market,Healthcare,West,2023-08-26,31,lead,,False,False
600,Guerrero-Ibarra,guerrero-ibarra.com,SMB,Healthcare,West,2025-02-12,36,lead,,False,False
3950,Schultz Ltd,schultzltd.com,SMB,Healthcare,East,2024-07-18,29,lead,,False,False
1704,"Gallagher, Armstrong and Matthews",gallagherarmstrongandmatthews.com,SMB,Retail,North,2022-11-29,27,lead,,False,False
3865,Robinson-Wright,robinson-wright.com,SMB,FinTech,International,2022-11-07,50,lead,,False,False
2247,"Bird, Morrison and Adams",birdmorrisonandadams.com,SMB,Healthcare,East,2024-06-19,21,lead,,False,False
3191,Callahan and Sons,callahanandsons.com,SMB,Retail,East,2024-11-30,3,lead,,False,False
1689,"King, Martinez and Leach",kingmartinezandleach.com,SMB,Education,International,2023-11-19,44,lead,,False,False
2693,Ryan and Sons,ryanandsons.com,SMB,Healthcare,South,2025-07-10,12,lead,,False,False
2288,Garcia-Paul,garcia-paul.com,SMB,Education,West,2023-03-10,35,lead,,False,False
1154,Patterson-Duke,patterson-duke.com,Mid-Market,Education,East,2024-10-27,30,lead,,False,False
3974,"Garrison, Schneider and Gardner",garrisonschneiderandgardner.com,Mid-Market,Education,East,2024-02-25,29,lead,,False,False
2483,Murray-Mayer,murray-mayer.com,Mid-Market,Education,North,2023-08-18,3,lead,,False,False
324,Boone-Murray,boone-murray.com,SMB,Healthcare,East,2022-09-18,27,lead,,False,False
1118,Berry-Fox,berry-fox.com,SMB,Retail,International,2023-01-09,44,lead,,False,False
490,Smith Ltd,smithltd.com,SMB,Education,East,2024-05-27,30,lead,,False,False
3451,Vincent PLC,vincentplc.com,SMB,FinTech,East,2023-06-24,29,lead,,False,False
2411,Rhodes-Smith,rhodes-smith.com,SMB,Education,North,2025-05-16,9,lead,,False,False
3351,Barker LLC,barkerllc.com,SMB,Education,South,2022-09-10,16,lead,,False,False
446,Conley-Griffith,conley-griffith.com,SMB,Education,East,2023-01-19,27,lead,,False,False
20,"Whitney, Hernandez and Boyd",whitneyhernandezandboyd.com,SMB,Retail,West,2024-03-04,35,lead,,False,False
1458,"Clarke, Miller and Campos",clarkemillerandcampos.com,SMB,Retail,South,2024-08-25,16,lead,,False,False
2961,"Glenn, Johnson and Crane",glennjohnsonandcrane.com,SMB,Healthcare,North,2023-08-07,8,lead,,False,False
1342,Byrd-Stephens,byrd-stephens.com,Mid-Market,FinTech,North,2023-08-26,6,lead,,False,False
1090,Martin-Davila,martin-davila.com,SMB,FinTech,West,2022-11-14,33,lead,,False,False
1095,Wolfe-Garcia,wolfe-garcia.com,SMB,Retail,West,2024-02-13,11,lead,,False,False
1029,Hernandez PLC,hernandezplc.com,SMB,Healthcare,West,2023-08-01,13,lead,,False,False
1378,Russell Inc,russellinc.com,SMB,Retail,North,2024-01-17,13,lead,,False,False
1727,Carter Inc,carterinc.com,SMB,Retail,West,2023-09-28,34,lead,,False,False
3543,"Holland, Faulkner and Weber",hollandfaulknerandweber.com,SMB,FinTech,West,2024-01-30,31,lead,,False,False
782,Hernandez Ltd,hernandezltd.com,SMB,Retail,South,2025-04-25,20,lead,,False,False
1736,Griffin and Sons,griffinandsons.com,SMB,FinTech,South,2023-07-08,17,lead,,False,False
3929,"Mitchell, Martinez and Ruiz",mitchellmartinezandruiz.com,SMB,Healthcare,East,2024-02-18,37,lead,,False,False
1214,"Walsh, Schwartz and Burke",walshschwartzandburke.com,SMB,Education,North,2024-09-24,3,lead,,False,False
2798,"Pierce, Estes and Cooper",pierceestesandcooper.com,SMB,Retail,North,2024-09-15,3,lead,,False,False
1475,Rowe PLC,roweplc.com,SMB,FinTech,North,2024-07-17,7,lead,,False,False
1191,Cook-Martin,cook-martin.com,Enterprise,Education,South,2025-05-30,18,lead,,False,False
593,Conway LLC,conwayllc.com,SMB,Healthcare,South,2023-01-22,15,lead,,False,False
795,Carter-Williamson,carter-williamson.com,Mid-Market,Education,South,2024-05-28,17,lead,,False,False
2635,Hull Inc,hullinc.com,Mid-Market,Retail,West,2024-05-13,40,lead,,False,False
3190,"Tyler, Rivas and Austin",tylerrivasandaustin.com,SMB,FinTech,South,2023-03-02,20,lead,,False,False
3818,"Franklin, Gonzalez and Cox",franklingonzalezandcox.com,SMB,Education,North,2023-03-11,31,lead,,False,False
2207,Hale PLC,haleplc.com,Mid-Market,Retail,International,2024-08-29,44,lead,,False,False
1323,"Harris, Ortiz and Cohen",harrisortizandcohen.com,SMB,Healthcare,International,2023-07-22,44,lead,,False,False
2674,Garner-Valdez,garner-valdez.com,SMB,FinTech,South,2023-08-07,47,lead,,False,False
1047,Taylor Inc,taylorinc.com,SMB,Healthcare,North,2024-10-04,6,lead,,False,False
2354,"Robertson, Estrada and Montoya",robertsonestradaandmontoya.com,Mid-Market,Retail,North,2023-10-31,3,lead,,False,False
905,Sandoval-Gibson,sandoval-gibson.com,SMB,Education,East,2025-06-12,30,lead,,False,False
3673,"Thomas, Jordan and Burns",thomasjordanandburns.com,SMB,Healthcare,North,2025-03-24,10,lead,,False,False
2408,"Wilson, Morrison and Le",wilsonmorrisonandle.com,SMB,Retail,North,2024-03-22,10,lead,,False,False
167,"Pierce, Pratt and Gutierrez",pierceprattandgutierrez.com,SMB,Retail,West,2023-11-27,38,lead,,False,False
1860,Pena PLC,penaplc.com,SMB,Retail,South,2024-06-25,11,lead,,False,False
3573,Wilson Inc,wilsoninc.com,SMB,Education,West,2023-04-23,27,lead,,False,False
2009,Scott-Shannon,scott-shannon.com,Mid-Market,Education,International,2023-12-12,42,lead,,False,False
1782,Manning-Norton,manning-norton.com,Mid-Market,Education,South,2025-04-17,19,lead,,False,False
3049,"Terry, Edwards and Lara",terryedwardsandlara.com,SMB,FinTech,North,2023-06-30,6,lead,,False,False
481,Owens Group,owensgroup.com,SMB,FinTech,East,2025-06-24,25,lead,,False,False
1932,Charles PLC,charlesplc.com,SMB,Retail,East,2024-12-22,14,lead,,False,False
1733,Harris Ltd,harrisltd.com,SMB,FinTech,South,2022-08-11,13,lead,,False,False
3565,"Young, Collins and Thomas",youngcollinsandthomas.com,Mid-Market,FinTech,International,2025-06-16,48,lead,,False,False
1385,"Pratt, Evans and Harrison",prattevansandharrison.com,SMB,Healthcare,South,2024-11-21,31,lead,,False,False
3090,"Lewis, Espinoza and Taylor",lewisespinozaandtaylor.com,SMB,FinTech,East,2023-07-10,25,lead,,False,False
3665,"Espinoza, Walker and Myers",espinozawalkerandmyers.com,SMB,Healthcare,South,2023-11-10,14,lead,,False,False
1430,Torres-Hall,torres-hall.com,SMB,FinTech,South,2022-07-25,20,lead,,False,False
1138,Mcdonald PLC,mcdonaldplc.com,SMB,Retail,East,2025-03-19,48,lead,,False,False
3068,"White, Davis and Martin",whitedavisandmartin.com,SMB,FinTech,South,2023-10-09,37,lead,,False,False
3774,Brewer Group,brewergroup.com,Mid-Market,Healthcare,West,2022-08-22,37,lead,,False,False
3771,"Torres, Hudson and Mueller",torreshudsonandmueller.com,SMB,Education,West,2023-03-15,38,lead,,False,False
942,Murphy PLC,murphyplc.com,SMB,Retail,East,2024-01-26,25,lead,,False,False
963,"Martinez, Matthews and Armstrong",martinezmatthewsandarmstrong.com,SMB,Retail,South,2024-02-03,11,lead,,False,False
2673,"Hartman, Reynolds and Reid",hartmanreynoldsandreid.com,SMB,Education,West,2023-12-24,31,lead,,False,False
2622,Kelly Group,kellygroup.com,SMB,Education,East,2025-07-15,38,lead,,False,False
1592,"Douglas, Gibson and Snyder",douglasgibsonandsnyder.com,SMB,Retail,South,2023-01-21,11,lead,,False,False
243,"Erickson, Bailey and Shannon",ericksonbaileyandshannon.com,Enterprise,Education,West,2025-02-12,39,lead,,False,False
2741,Lopez PLC,lopezplc.com,Enterprise,Education,West,2024-02-20,33,lead,,False,False
3580,"Parker, Garcia and Russell",parkergarciaandrussell.com,SMB,Education,East,2024-12-23,29,lead,,False,False
888,Braun-Adams,braun-adams.com,Enterprise,Retail,West,2023-07-13,36,lead,,False,False
557,"Hudson, Butler and Anderson",hudsonbutlerandanderson.com,SMB,Healthcare,South,2024-12-22,20,lead,,False,False
1589,"Gibson, Lopez and Tyler",gibsonlopezandtyler.com,SMB,FinTech,International,2023-11-19,50,lead,,False,False
3518,Brown-Keller,brown-keller.com,SMB,Healthcare,East,2023-05-17,24,lead,,False,False
693,Lewis-Newman,lewis-newman.com,Mid-Market,Education,West,2022-11-23,40,lead,,False,False
820,Bell Inc,bellinc.com,SMB,Retail,International,2023-09-26,17,lead,,False,False
1681,Arnold-Young,arnold-young.com,SMB,FinTech,West,2023-03-15,4,lead,,False,False
2594,Rivera-Johnston,rivera-johnston.com,SMB,Retail,West,2024-06-06,34,lead,,False,False
1805,Cooke and Sons,cookeandsons.com,SMB,FinTech,East,2024-06-18,20,lead,,False,False
2440,Kelly PLC,kellyplc.com,SMB,Retail,West,2024-09-18,40,lead,,False,False
927,Valencia Inc,valenciainc.com,SMB,FinTech,South,2022-12-16,15,lead,,False,False
519,Wilson Ltd,wilsonltd.com,SMB,FinTech,International,2025-07-12,48,lead,,False,False
1036,Butler LLC,butlerllc.com,SMB,Retail,South,2022-11-19,19,lead,,False,False
1992,"Marquez, Parker and Wilson",marquezparkerandwilson.com,SMB,Education,North,2025-04-20,9,lead,,False,False
1307,Anderson LLC,andersonllc.com,SMB,Retail,West,2022-08-12,8,lead,,False,False
3538,Miller Group,millergroup.com,Mid-Market,Healthcare,South,2024-12-23,18,lead,,False,False
3827,Howard PLC,howardplc.com,SMB,FinTech,West,2024-12-12,39,lead,,False,False
3062,"Burnett, Martinez and Gardner",burnettmartinezandgardner.com,SMB,Healthcare,South,2024-02-27,19,lead,,False,False
1822,Hill-Short,hill-short.com,Mid-Market,Retail,North,2023-06-28,13,lead,,False,False
826,"Brady, Thompson and Mcdonald",bradythompsonandmcdonald.com,Mid-Market,Education,North,2024-04-29,2,lead,,False,False
3794,Brown LLC,brownllc.com,SMB,Healthcare,South,2024-01-14,46,lead,,False,False
2713,Walter and Sons,walterandsons.com,Mid-Market,FinTech,East,2025-07-02,38,lead,,False,False
2092,"Ramirez, Green and Boyd",ramirezgreenandboyd.com,SMB,Education,West,2023-05-12,40,lead,,False,False
2642,"Bradley, Jones and Hamilton",bradleyjonesandhamilton.com,SMB,Education,West,2024-02-02,31,lead,,False,False
292,Johnson LLC,johnsonllc.com,Mid-Market,Healthcare,West,2025-02-13,35,lead,,False,False
2665,"Carney, Beard and Miranda",carneybeardandmiranda.com,Mid-Market,FinTech,North,2023-11-06,5,lead,,False,False
784,Martinez Group,martinezgroup.com,SMB,Retail,North,2025-06-22,7,lead,,False,False
1417,Wells Inc,wellsinc.com,SMB,Healthcare,West,2022-10-19,39,lead,,False,False
192,White-Delacruz,white-delacruz.com,Mid-Market,Education,South,2024-08-20,19,lead,,False,False
3931,"Brown, Bennett and Hancock",brownbennettandhancock.com,SMB,FinTech,North,2024-04-12,1,lead,,False,False
2111,Clark and Sons,clarkandsons.com,Mid-Market,Education,West,2025-06-05,36,lead,,False,False
2326,Huffman Ltd,huffmanltd.com,SMB,Healthcare,East,2023-08-11,25,lead,,False,False
2251,Delgado and Sons,delgadoandsons.com,SMB,Education,North,2024-08-02,1,lead,,False,False
1796,Simpson Group,simpsongroup.com,SMB,Retail,West,2024-06-16,34,lead,,False,False
1253,Santiago Ltd,santiagoltd.com,SMB,Healthcare,West,2025-05-14,33,lead,,False,False
761,Bentley-Owens,bentley-owens.com,SMB,Education,West,2024-08-15,38,lead,,False,False
2851,Ortiz-Gonzalez,ortiz-gonzalez.com,SMB,Healthcare,North,2024-04-23,4,lead,,False,False
2355,Walker-Steele,walker-steele.com,SMB,FinTech,South,2023-07-05,15,lead,,False,False
1668,"Morris, Weber and Mccoy",morrisweberandmccoy.com,SMB,FinTech,West,2022-12-12,33,lead,,False,False
3336,Kim and Sons,kimandsons.com,SMB,Education,North,2023-11-06,10,lead,,False,False
3103,Cochran-Powers,cochran-powers.com,SMB,FinTech,North,2023-04-05,10,lead,,False,False
2258,Lewis-Smith,lewis-smith.com,SMB,Healthcare,North,2025-04-21,1,lead,,False,False
2276,"Garcia, Choi and Jones",garciachoiandjones.com,SMB,Healthcare,West,2025-06-11,34,lead,,False,False
2734,Clements and Sons,clementsandsons.com,SMB,Education,North,2023-11-25,9,lead,,False,False
3963,Young and Sons,youngandsons.com,SMB,Education,West,2025-06-14,21,lead,,False,False
1623,"Bennett, Andrews and Campbell",bennettandrewsandcampbell.com,SMB,Healthcare,North,2024-08-20,9,lead,,False,False
2695,"Golden, James and Henry",goldenjamesandhenry.com,SMB,FinTech,East,2022-10-18,29,lead,,False,False
3113,Fisher-Rush,fisher-rush.com,SMB,Healthcare,West,2023-11-27,35,lead,,False,False
3255,Cooper-Newman,cooper-newman.com,SMB,Retail,International,2023-12-30,43,lead,,False,False
3890,Cook-Robinson,cook-robinson.com,Enterprise,FinTech,North,2024-12-01,9,lead,,False,False
2988,Vega-Davis,vega-davis.com,SMB,Education,West,2023-05-21,6,lead,,False,False
84,Perez Group,perezgroup.com,SMB,Education,South,2022-07-31,19,lead,,False,False
2110,Carroll-York,carroll-york.com,SMB,FinTech,South,2024-08-25,19,lead,,False,False
3633,"Thompson, Price and Carr",thompsonpriceandcarr.com,SMB,Healthcare,South,2023-07-02,25,lead,,False,False
257,Sims-Potts,sims-potts.com,SMB,Education,West,2024-04-29,33,lead,,False,False
2437,Christensen-Soto,christensen-soto.com,SMB,Education,East,2024-05-05,24,lead,,False,False
1719,"Coleman, Allen and Newton",colemanallenandnewton.com,SMB,Education,North,2023-06-03,3,lead,,False,False
93,Ritter-Nixon,ritter-nixon.com,Mid-Market,Education,East,2022-09-15,27,lead,,False,False
2484,"King, Caldwell and Irwin",kingcaldwellandirwin.com,SMB,Healthcare,South,2023-01-18,39,lead,,False,False
3990,"Howard, Potter and Wong",howardpotterandwong.com,SMB,FinTech,North,2024-07-14,1,lead,,False,False
3298,"Rangel, Shelton and Robinson",rangelsheltonandrobinson.com,SMB,Education,West,2024-08-01,38,lead,,False,False
1871,Black Ltd,blackltd.com,Enterprise,Education,South,2023-04-23,17,lead,,False,False
1309,"Martinez, Jenkins and Hodge",martinezjenkinsandhodge.com,Mid-Market,FinTech,West,2023-01-10,34,lead,,False,False
554,Soto-Rodriguez,soto-rodriguez.com,SMB,Retail,East,2023-10-14,30,lead,,False,False
2022,Greer LLC,greerllc.com,Enterprise,Retail,West,2023-09-05,32,lead,,False,False
778,"Espinoza, Wood and Lee",espinozawoodandlee.com,Enterprise,Education,East,2022-09-08,20,lead,,False,False
3132,Jackson-Gibson,jackson-gibson.com,SMB,Education,South,2024-05-16,16,lead,,False,False
318,Singh Inc,singhinc.com,SMB,Healthcare,East,2024-01-13,27,lead,,False,False
678,"Murray, Campbell and Saunders",murraycampbellandsaunders.com,SMB,Healthcare,West,2023-09-24,34,lead,,False,False
1662,Roberts Inc,robertsinc.com,Mid-Market,Education,East,2025-01-01,27,lead,,False,False
1806,Lee-Reed,lee-reed.com,SMB,FinTech,International,2023-03-01,47,lead,,False,False
2116,"Walters, West and Hernandez",walterswestandhernandez.com,Mid-Market,Retail,International,2025-05-12,43,lead,,False,False
3265,"Ross, James and Fitzgerald",rossjamesandfitzgerald.com,Enterprise,FinTech,North,2023-09-13,4,lead,,False,False
835,"Smith, Keith and Morse",smithkeithandmorse.com,SMB,Healthcare,East,2023-10-23,22,lead,,False,False
956,Kaufman Group,kaufmangroup.com,SMB,Healthcare,North,2022-11-29,3,lead,,False,False
718,"Warren, Francis and Hardy",warrenfrancisandhardy.com,SMB,Education,East,2023-01-11,21,lead,,False,False
702,Castro Group,castrogroup.com,Mid-Market,Education,North,2023-04-06,8,lead,,False,False
3593,Lee-Russell,lee-russell.com,SMB,Retail,West,2025-05-07,27,lead,,False,False
1469,"Munoz, Wells and Kent",munozwellsandkent.com,SMB,Retail,South,2024-09-03,13,lead,,False,False
3224,"Buchanan, Jones and Lambert",buchananjonesandlambert.com,SMB,Healthcare,South,2022-12-20,29,lead,,False,False
1271,Oconnor LLC,oconnorllc.com,SMB,FinTech,East,2024-01-30,27,lead,,False,False
939,Burns-Wilson,burns-wilson.com,SMB,Healthcare,North,2023-04-14,1,lead,,False,False
1016,Moss-Evans,moss-evans.com,SMB,Healthcare,West,2023-01-28,38,lead,,False,False
2809,Lara Group,laragroup.com,SMB,Retail,East,2025-03-10,39,lead,,False,False
175,"Allen, Leonard and Kelley",allenleonardandkelley.com,Mid-Market,Healthcare,West,2023-05-22,40,lead,,False,False
569,Larson Ltd,larsonltd.com,SMB,Education,West,2024-05-06,33,lead,,False,False
3430,"Smith, Robinson and Baker",smithrobinsonandbaker.com,SMB,Retail,East,2023-01-15,25,lead,,False,False
1250,"Brown, Perez and Owen",brownperezandowen.com,SMB,Healthcare,West,2023-04-06,32,lead,,False,False
2959,"Clarke, Li and Harris",clarkeliandharris.com,SMB,Healthcare,International,2025-05-17,42,lead,,False,False
15,Bowen-Phillips,bowen-phillips.com,Mid-Market,Education,North,2023-12-22,35,lead,,False,False
1648,Stanton-Miller,stanton-miller.com,SMB,Education,International,2025-03-07,47,lead,,False,False
3303,"Jones, Duran and Jackson",jonesduranandjackson.com,SMB,Healthcare,South,2023-01-09,18,lead,,False,False
2336,"Ali, Andrews and Bennett",aliandrewsandbennett.com,SMB,Healthcare,East,2023-08-15,22,lead,,False,False
2215,Jordan-Bradley,jordan-bradley.com,SMB,Healthcare,East,2023-10-07,21,lead,,False,False
3166,Wright Inc,wrightinc.com,SMB,FinTech,East,2024-12-18,36,lead,,False,False
1207,Williams Group,williamsgroup.com,SMB,Healthcare,South,2024-06-15,21,lead,,False,False
154,"Johnson, Johnson and Mueller",johnsonjohnsonandmueller.com,SMB,Healthcare,South,2025-05-28,20,lead,,False,False
1769,"Lopez, Martin and Morales",lopezmartinandmorales.com,SMB,Healthcare,North,2022-11-14,4,lead,,False,False
3578,Velazquez Ltd,velazquezltd.com,SMB,FinTech,International,2023-10-31,42,lead,,False,False
1531,Roberts-Park,roberts-park.com,Mid-Market,Education,South,2025-06-29,18,lead,,False,False
2867,Adams-Nguyen,adams-nguyen.com,SMB,Retail,South,2024-10-03,15,lead,,False,False
3560,"Lee, Gutierrez and Bates",leegutierrezandbates.com,Mid-Market,Retail,North,2023-01-10,8,lead,,False,False
1614,Delgado-Bowers,delgado-bowers.com,SMB,Retail,North,2025-03-23,10,lead,,False,False
3245,"Howell, White and Lewis",howellwhiteandlewis.com,Enterprise,Education,East,2023-05-10,27,lead,,False,False
3714,"Cisneros, Edwards and Edwards",cisnerosedwardsandedwards.com,SMB,Healthcare,West,2025-04-27,39,lead,,False,False
4,Foster PLC,fosterplc.com,SMB,Education,East,2024-02-24,22,lead,,False,False
3581,Nelson-Harris,nelson-harris.com,SMB,FinTech,East,2023-03-27,46,lead,,False,False
3337,Wilson-Riley,wilson-riley.com,SMB,Education,North,2025-01-27,2,lead,,False,False
3792,"Lopez, Obrien and Ramos",lopezobrienandramos.com,SMB,Retail,West,2022-09-04,7,lead,,False,False
2878,Snyder and Sons,snyderandsons.com,SMB,FinTech,West,2024-05-11,47,lead,,False,False
2271,"Campbell, Robinson and Gaines",campbellrobinsonandgaines.com,SMB,Education,West,2024-02-13,35,lead,,False,False
1034,Harrison Ltd,harrisonltd.com,SMB,Retail,North,2024-07-06,8,lead,,False,False
380,"Sanford, Morgan and Johnson",sanfordmorganandjohnson.com,SMB,Education,North,2025-03-09,5,lead,,False,False
3055,"Chen, Johnson and Bennett",chenjohnsonandbennett.com,SMB,Retail,South,2023-12-14,20,lead,,False,False
3989,Green Inc,greeninc.com,SMB,Retail,International,2025-05-25,18,lead,,False,False
3133,"Williams, Perez and Ramirez",williamsperezandramirez.com,Mid-Market,Retail,North,2024-06-09,5,lead,,False,False
288,Lindsey-Baker,lindsey-baker.com,SMB,Education,West,2024-05-20,45,lead,,False,False
508,"Porter, Harper and Bright",porterharperandbright.com,SMB,Education,West,2023-10-29,38,lead,,False,False
1488,"Lutz, Hunter and Cross",lutzhunterandcross.com,Mid-Market,Retail,East,2023-05-10,26,lead,,False,False
2050,"Conway, Phillips and Warren",conwayphillipsandwarren.com,SMB,Retail,South,2023-07-25,16,lead,,False,False
838,"Santiago, Garcia and Hernandez",santiagogarciaandhernandez.com,SMB,Retail,East,2024-06-22,29,lead,,False,False
1557,Ruiz-Henry,ruiz-henry.com,SMB,Healthcare,North,2025-02-22,10,lead,,False,False
3471,Bell Ltd,bellltd.com,SMB,FinTech,International,2025-02-16,50,lead,,False,False
3272,"Tucker, Young and Sparks",tuckeryoungandsparks.com,SMB,Education,West,2024-09-21,45,lead,,False,False
1602,Smith-Larson,smith-larson.com,SMB,Retail,North,2024-03-12,1,lead,,False,False
1087,"Lopez, Murphy and Russell",lopezmurphyandrussell.com,SMB,FinTech,West,2024-03-22,33,lead,,False,False
3859,Johnson-Walker,johnson-walker.com,SMB,Education,International,2024-09-18,35,lead,,False,False
2456,Robles-Kirby,robles-kirby.com,SMB,Healthcare,North,2024-01-11,7,lead,,False,False
1277,Ruiz Group,ruizgroup.com,SMB,FinTech,West,2025-03-02,32,lead,,False,False
3756,"Mason, Miller and Hill",masonmillerandhill.com,SMB,Healthcare,South,2023-11-25,18,lead,,False,False
73,Hamilton Group,hamiltongroup.com,SMB,Healthcare,North,2024-02-29,2,lead,,False,False
455,Williams-Stewart,williams-stewart.com,Mid-Market,Healthcare,West,2022-11-25,38,lead,,False,False
3759,Mitchell-Zamora,mitchell-zamora.com,Mid-Market,Retail,West,2024-06-08,35,lead,,False,False
2054,Stone PLC,stoneplc.com,SMB,Healthcare,South,2023-09-03,13,lead,,False,False
3729,Carr Inc,carrinc.com,Mid-Market,Education,West,2025-02-04,38,lead,,False,False
247,"Patel, Young and Delgado",patelyounganddelgado.com,SMB,Education,International,2022-09-17,48,lead,,False,False
411,Holland LLC,hollandllc.com,Mid-Market,Education,North,2023-04-30,10,lead,,False,False
3968,Byrd-Marshall,byrd-marshall.com,SMB,FinTech,West,2024-07-02,34,lead,,False,False
2327,Trujillo PLC,trujilloplc.com,SMB,Education,North,2025-03-14,1,lead,,False,False
3498,Barnes Group,barnesgroup.com,SMB,FinTech,East,2024-10-31,24,lead,,False,False
3209,Lewis PLC,lewisplc.com,Mid-Market,Healthcare,International,2023-02-21,19,lead,,False,False
3768,Short Ltd,shortltd.com,SMB,Retail,International,2023-03-20,42,lead,,False,False
431,Lucas Group,lucasgroup.com,Mid-Market,Retail,International,2024-01-26,49,lead,,False,False
1471,"Mcdonald, Dixon and Sampson",mcdonalddixonandsampson.com,SMB,Retail,West,2023-05-14,34,lead,,False,False
1571,Hanson-Lucero,hanson-lucero.com,SMB,FinTech,International,2024-12-21,46,lead,,False,False
946,Huerta PLC,huertaplc.com,SMB,FinTech,North,2024-08-24,13,lead,,False,False
454,"Allen, Ryan and Allen",allenryanandallen.com,Mid-Market,Education,North,2025-03-17,3,lead,,False,False
3537,Thompson-Fleming,thompson-fleming.com,SMB,FinTech,South,2024-05-31,18,lead,,False,False
3505,Snyder LLC,snyderllc.com,SMB,Education,North,2025-02-06,2,lead,,False,False
802,Bell Inc,bellinc.com,Mid-Market,FinTech,East,2023-01-03,29,lead,,False,False
1442,Day-Smith,day-smith.com,SMB,Healthcare,West,2024-01-15,39,lead,,False,False
2831,Hansen Group,hansengroup.com,SMB,Education,South,2024-03-18,17,lead,,False,False
2944,"Campbell, Obrien and Cardenas",campbellobrienandcardenas.com,Enterprise,Education,North,2024-08-24,44,lead,,False,False
2106,Leach-Adams,leach-adams.com,Mid-Market,FinTech,East,2024-11-18,24,lead,,False,False
688,Jones PLC,jonesplc.com,SMB,Education,West,2024-05-06,39,lead,,False,False
1751,"Burke, Clay and Salinas",burkeclayandsalinas.com,SMB,Education,East,2023-01-09,23,lead,,False,False
2488,"Washington, Kirby and Blevins",washingtonkirbyandblevins.com,Mid-Market,FinTech,East,2023-05-04,23,lead,,False,False
1275,"Jenkins, Wiggins and Guzman",jenkinswigginsandguzman.com,SMB,Retail,East,2025-06-12,26,lead,,False,False
1437,Howard Inc,howardinc.com,Enterprise,Education,West,2023-04-04,7,lead,,False,False
3945,"James, Willis and Medina",jameswillisandmedina.com,Mid-Market,Education,South,2022-09-10,14,lead,,False,False
3475,"Edwards, Stephenson and Jackson",edwardsstephensonandjackson.com,SMB,Healthcare,East,2024-03-05,25,lead,,False,False
2431,"Harvey, George and Murphy",harveygeorgeandmurphy.com,SMB,Education,International,2024-12-23,45,lead,,False,False
2609,Pratt and Sons,prattandsons.com,Mid-Market,Healthcare,North,2024-07-21,3,lead,,False,False
2830,"Francis, Harris and Allen",francisharrisandallen.com,SMB,Retail,South,2022-12-01,13,lead,,False,False
3304,"Herrera, Calhoun and Kelley",herreracalhounandkelley.com,SMB,Education,North,2024-07-23,3,lead,,False,False
255,"Cox, Harris and Powell",coxharrisandpowell.com,Mid-Market,Retail,North,2023-05-16,8,lead,,False,False
659,Hughes Inc,hughesinc.com,SMB,Healthcare,North,2022-09-19,1,lead,,False,False
1276,West-Coleman,west-coleman.com,SMB,FinTech,North,2022-12-03,6,lead,,False,False
2556,Pham and Sons,phamandsons.com,SMB,Education,South,2024-01-02,3,lead,,False,False
2546,Price-Wood,price-wood.com,SMB,FinTech,North,2025-01-14,1,lead,,False,False
510,Moore Group,mooregroup.com,SMB,Education,West,2024-09-26,31,lead,,False,False
2753,Avery-Castro,avery-castro.com,SMB,Retail,South,2023-11-24,13,lead,,False,False
3736,Hayes Ltd,hayesltd.com,SMB,Retail,North,2024-10-20,6,lead,,False,False
2427,Watson-Ramirez,watson-ramirez.com,SMB,Education,North,2025-03-02,23,lead,,False,False
1256,Ferrell LLC,ferrellllc.com,Mid-Market,Education,West,2023-08-30,32,lead,,False,False
1268,Snyder-Ramirez,snyder-ramirez.com,SMB,FinTech,International,2023-08-13,50,lead,,False,False
3361,Garcia LLC,garciallc.com,Mid-Market,FinTech,East,2022-10-23,24,lead,,False,False
1608,Chen and Sons,chenandsons.com,SMB,FinTech,International,2024-08-21,43,lead,,False,False
1281,Hart PLC,hartplc.com,SMB,Education,North,2023-11-15,30,lead,,False,False
3640,Wilson Inc,wilsoninc.com,SMB,Healthcare,West,2024-12-13,21,lead,,False,False
1545,Murphy-Wiggins,murphy-wiggins.com,SMB,Healthcare,East,2022-11-10,21,lead,,False,False
3694,"Stevens, Bradford and Stevens",stevensbradfordandstevens.com,SMB,Retail,North,2025-04-08,7,lead,,False,False
1840,"Leach, Evans and Reyes",leachevansandreyes.com,SMB,Healthcare,East,2023-02-14,30,lead,,False,False
488,"Berry, Moore and Johnson",berrymooreandjohnson.com,SMB,Education,East,2025-06-06,4,lead,,False,False
1888,Rodgers-Steele,rodgers-steele.com,SMB,Education,West,2023-11-26,37,lead,,False,False
2577,Shaffer LLC,shafferllc.com,SMB,Healthcare,West,2022-11-27,38,lead,,False,False
1053,"Boyer, Adams and Fitzgerald",boyeradamsandfitzgerald.com,SMB,Retail,North,2023-01-16,21,lead,,False,False
2718,Payne-Stephens,payne-stephens.com,SMB,Education,South,2023-04-12,16,lead,,False,False
70,Sanchez-Bell,sanchez-bell.com,SMB,Education,West,2023-07-29,34,lead,,False,False
3223,Ruiz-Mccall,ruiz-mccall.com,SMB,FinTech,West,2024-04-15,31,lead,,False,False
370,Mata Group,matagroup.com,Mid-Market,Healthcare,East,2023-11-04,29,lead,,False,False
783,Mitchell-Gonzalez,mitchell-gonzalez.com,Mid-Market,Education,North,2025-05-11,48,lead,,False,False
3575,Bowman-Moore,bowman-moore.com,Mid-Market,Retail,West,2025-07-01,32,lead,,False,False
742,"Paul, Williams and Dixon",paulwilliamsanddixon.com,Mid-Market,Retail,South,2023-06-21,42,lead,,False,False
1185,"Martinez, Massey and Oconnell",martinezmasseyandoconnell.com,Mid-Market,FinTech,South,2025-03-17,13,lead,,False,False
1503,Holden-Hall,holden-hall.com,Mid-Market,Healthcare,West,2023-12-14,39,lead,,False,False
1939,Williams LLC,williamsllc.com,SMB,Education,South,2022-11-05,14,lead,,False,False
3085,"Ferguson, Ruiz and Barber",fergusonruizandbarber.com,Mid-Market,Retail,East,2024-04-05,24,lead,,False,False
1356,Carey and Sons,careyandsons.com,SMB,Education,East,2024-04-01,26,lead,,False,False
3169,"Combs, Castaneda and Johnson",combscastanedaandjohnson.com,SMB,Retail,North,2022-08-28,4,lead,,False,False
1236,"Deleon, Frank and Miller",deleonfrankandmiller.com,SMB,Education,East,2023-03-31,9,lead,,False,False
1560,Hart-Stewart,hart-stewart.com,SMB,FinTech,International,2025-02-07,35,lead,,False,False
2119,Becker Group,beckergroup.com,SMB,Education,West,2025-07-14,36,lead,,False,False
250,Watson-Matthews,watson-matthews.com,Mid-Market,FinTech,North,2024-09-21,9,lead,,False,False
1294,Jones-Adams,jones-adams.com,SMB,Retail,South,2023-12-24,13,lead,,False,False
2405,"Moore, Wilson and Rose",moorewilsonandrose.com,Mid-Market,Healthcare,South,2022-08-03,12,lead,,False,False
240,"Bowman, Nguyen and Valentine",bowmannguyenandvalentine.com,SMB,Healthcare,West,2025-06-24,40,lead,,False,False
3487,Brown-Sanchez,brown-sanchez.com,SMB,Retail,South,2023-09-11,20,lead,,False,False
3008,Edwards-Kim,edwards-kim.com,SMB,Healthcare,South,2022-12-15,50,lead,,False,False
2872,"Torres, Kennedy and Morrison",torreskennedyandmorrison.com,SMB,FinTech,South,2024-06-09,18,lead,,False,False
203,Duran Group,durangroup.com,SMB,Retail,South,2022-12-31,15,lead,,False,False
3408,Kirk LLC,kirkllc.com,SMB,Education,East,2023-06-08,16,lead,,False,False
1340,"Kim, Morton and Mcdaniel",kimmortonandmcdaniel.com,SMB,Healthcare,North,2024-10-18,6,lead,,False,False
1084,"Brooks, Burns and Mack",brooksburnsandmack.com,SMB,FinTech,South,2025-02-24,15,lead,,False,False
1546,"Miles, Gregory and Smith",milesgregoryandsmith.com,Mid-Market,FinTech,South,2023-06-04,16,lead,,False,False
1142,Peters-Ruiz,peters-ruiz.com,SMB,Healthcare,East,2023-08-23,24,lead,,False,False
629,Diaz-Roach,diaz-roach.com,SMB,Healthcare,West,2022-09-13,37,lead,,False,False
3663,Ruiz Ltd,ruizltd.com,SMB,FinTech,South,2025-03-15,17,lead,,False,False
3946,Ford-Myers,ford-myers.com,Mid-Market,Education,West,2022-08-03,32,lead,,False,False
3131,Nelson-Bennett,nelson-bennett.com,Mid-Market,FinTech,East,2025-02-16,29,lead,,False,False
28,"Riddle, Mcdaniel and Wang",riddlemcdanielandwang.com,Enterprise,FinTech,East,2022-07-22,21,lead,,False,False
1775,Hill Group,hillgroup.com,SMB,FinTech,North,2024-04-18,7,lead,,False,False
397,Duncan LLC,duncanllc.com,Mid-Market,FinTech,South,2023-07-17,13,lead,,False,False
1025,"Moses, Guerrero and Allison",mosesguerreroandallison.com,SMB,Healthcare,North,2025-05-30,5,lead,,False,False
2614,"Patterson, Banks and Harrington",pattersonbanksandharrington.com,SMB,FinTech,International,2023-08-09,48,lead,,False,False
1043,"Cox, Davis and Pierce",coxdavisandpierce.com,Mid-Market,Education,West,2024-04-05,37,lead,,False,False
624,"Carlson, Howard and Jackson",carlsonhowardandjackson.com,Enterprise,FinTech,West,2022-08-26,35,lead,,False,False
3757,"Wells, Johnson and Baker",wellsjohnsonandbaker.com,SMB,FinTech,South,2023-03-16,19,lead,,False,False
1320,Ortiz-Harris,ortiz-harris.com,SMB,Retail,East,2022-10-24,22,lead,,False,False
2874,"Olsen, Grant and Campbell",olsengrantandcampbell.com,SMB,Healthcare,East,2023-09-28,24,lead,,False,False
2462,Robertson-Young,robertson-young.com,Enterprise,Retail,South,2023-10-29,10,lead,,False,False
767,"Raymond, Burgess and Williams",raymondburgessandwilliams.com,SMB,Retail,North,2023-07-14,9,lead,,False,False
1717,Jenkins-Johnson,jenkins-johnson.com,SMB,Education,South,2024-12-19,16,lead,,False,False
3588,Lopez-Vaughan,lopez-vaughan.com,SMB,Healthcare,West,2025-05-02,11,lead,,False,False
189,Coleman-Villegas,coleman-villegas.com,SMB,Retail,West,2025-03-04,35,lead,,False,False
775,"Thomas, Acosta and Cox",thomasacostaandcox.com,Mid-Market,Retail,South,2024-06-13,37,lead,,False,False
1392,"Gomez, Duran and Rivas",gomezduranandrivas.com,SMB,Education,South,2025-01-22,16,lead,,False,False
3549,Ramsey and Sons,ramseyandsons.com,SMB,FinTech,South,2025-02-24,13,lead,,False,False
3015,"Jones, Rodriguez and Smith",jonesrodriguezandsmith.com,SMB,Education,East,2024-03-12,23,lead,,False,False
1687,Green-Mitchell,green-mitchell.com,SMB,Retail,West,2024-10-05,35,lead,,False,False
3233,Henry-Vasquez,henry-vasquez.com,Mid-Market,Healthcare,South,2024-09-09,14,lead,,False,False
1870,Orozco-Mitchell,orozco-mitchell.com,SMB,Retail,International,2023-10-30,49,lead,,False,False
3010,"Peterson, Montgomery and Choi",petersonmontgomeryandchoi.com,SMB,FinTech,West,2024-06-11,35,lead,,False,False
1453,Hudson PLC,hudsonplc.com,SMB,FinTech,South,2023-02-24,34,lead,,False,False
625,"Bishop, Rodriguez and Briggs",bishoprodriguezandbriggs.com,SMB,FinTech,South,2025-01-27,12,lead,,False,False
1659,Horton Inc,hortoninc.com,Mid-Market,Education,West,2023-10-22,32,lead,,False,False
1865,Taylor-Miller,taylor-miller.com,SMB,Education,East,2022-07-21,30,lead,,False,False
1315,Delgado Inc,delgadoinc.com,SMB,Healthcare,International,2022-10-03,44,lead,,False,False
147,Johnson Group,johnsongroup.com,Mid-Market,Education,South,2025-06-07,7,lead,,False,False
832,Harris Ltd,harrisltd.com,SMB,Healthcare,East,2024-04-25,23,lead,,False,False
3479,"Stevens, Owens and Mann",stevensowensandmann.com,SMB,Education,West,2024-11-18,33,lead,,False,False
1920,Rodriguez and Sons,rodriguezandsons.com,SMB,Education,East,2022-10-26,26,lead,,False,False
1438,Raymond-Cain,raymond-cain.com,SMB,Retail,West,2023-07-17,38,lead,,False,False
37,"Jones, Carr and Bond",jonescarrandbond.com,SMB,Retail,East,2023-11-27,25,lead,,False,False
1217,Peterson-Hunt,peterson-hunt.com,SMB,Education,North,2023-01-14,5,lead,,False,False
2282,Barton-Walter,barton-walter.com,SMB,Education,East,2022-07-21,23,lead,,False,False
3688,"Gonzalez, Scott and Stone",gonzalezscottandstone.com,Mid-Market,FinTech,South,2023-10-17,11,lead,,False,False
934,Anderson Group,andersongroup.com,SMB,Education,South,2023-08-07,14,lead,,False,False
1365,Olson-Lucero,olson-lucero.com,SMB,Retail,North,2022-12-20,4,lead,,False,False
1028,Holloway Ltd,hollowayltd.com,SMB,Education,North,2025-04-12,9,lead,,False,False
1901,Graves LLC,gravesllc.com,SMB,Retail,North,2024-08-22,4,lead,,False,False
387,Miller-Rivera,miller-rivera.com,SMB,Healthcare,South,2022-09-12,16,lead,,False,False
2942,Johnson PLC,johnsonplc.com,SMB,FinTech,West,2023-12-20,26,lead,,False,False
1258,"Garza, Kennedy and Bartlett",garzakennedyandbartlett.com,SMB,Education,West,2023-10-25,32,lead,,False,False
2941,Villegas-Rowland,villegas-rowland.com,Enterprise,Retail,South,2022-09-11,48,lead,,False,False
2782,"Walker, Cantrell and Weber",walkercantrellandweber.com,SMB,FinTech,North,2023-02-11,33,lead,,False,False
312,Bailey-Everett,bailey-everett.com,Mid-Market,Education,South,2023-05-27,19,lead,,False,False
2880,"Gallagher, Reynolds and Barajas",gallagherreynoldsandbarajas.com,SMB,FinTech,International,2023-07-05,47,lead,,False,False
1460,Bush-Hawkins,bush-hawkins.com,SMB,Retail,East,2023-05-26,22,lead,,False,False
3120,Brown and Sons,brownandsons.com,SMB,Education,South,2022-08-24,14,lead,,False,False
3696,Newton Group,newtongroup.com,SMB,Education,North,2025-05-04,10,lead,,False,False
1994,Smith and Sons,smithandsons.com,SMB,Healthcare,East,2023-08-26,23,lead,,False,False
3552,Perez-Lozano,perez-lozano.com,SMB,Education,South,2022-11-21,16,lead,,False,False
2297,Gibson-Diaz,gibson-diaz.com,SMB,FinTech,North,2024-05-29,4,lead,,False,False
3541,Castaneda Group,castanedagroup.com,SMB,Education,West,2024-01-26,32,lead,,False,False
731,"Scott, Williams and Logan",scottwilliamsandlogan.com,Enterprise,Education,East,2023-07-12,22,lead,,False,False
2213,Hudson Inc,hudsoninc.com,SMB,Healthcare,South,2022-10-28,17,lead,,False,False
1714,Gallegos Inc,gallegosinc.com,SMB,FinTech,East,2022-11-12,29,lead,,False,False
1141,Buckley Inc,buckleyinc.com,Enterprise,Healthcare,East,2023-08-16,27,lead,,False,False
3281,Oliver Inc,oliverinc.com,SMB,FinTech,North,2022-09-22,8,lead,,False,False
3658,Rose-Gomez,rose-gomez.com,SMB,Retail,International,2023-10-29,42,lead,,False,False
556,"Romero, Richards and Davis",romerorichardsanddavis.com,SMB,Healthcare,East,2022-09-09,43,lead,,False,False
2535,"Chandler, Green and Owens",chandlergreenandowens.com,Mid-Market,Retail,East,2023-08-30,21,lead,,False,False
2173,Garcia-Luna,garcia-luna.com,SMB,FinTech,North,2024-02-16,3,lead,,False,False
990,Rubio Ltd,rubioltd.com,SMB,Education,South,2022-10-13,43,lead,,False,False
833,Martinez-Rodriguez,martinez-rodriguez.com,SMB,FinTech,South,2023-07-29,16,lead,,False,False
1098,"Sanford, Patrick and Chavez",sanfordpatrickandchavez.com,SMB,FinTech,East,2024-02-02,40,lead,,False,False
479,"Kim, Walker and Ayala",kimwalkerandayala.com,SMB,Education,South,2023-04-05,14,lead,,False,False
3412,"Esparza, Washington and Dillon",esparzawashingtonanddillon.com,SMB,Education,East,2022-09-08,27,lead,,False,False
1863,Gibbs-Nichols,gibbs-nichols.com,SMB,Retail,South,2023-09-12,18,lead,,False,False
875,Parker Ltd,parkerltd.com,SMB,Healthcare,North,2025-05-20,8,lead,,False,False
781,Smith Inc,smithinc.com,Mid-Market,Education,South,2024-08-16,14,lead,,False,False
2576,Monroe-Johnson,monroe-johnson.com,SMB,FinTech,West,2025-06-14,35,lead,,False,False
191,Miller-Bond,miller-bond.com,Enterprise,Healthcare,West,2024-04-13,35,lead,,False,False
1561,"Phillips, Parker and Henderson",phillipsparkerandhenderson.com,Mid-Market,Education,International,2025-03-18,47,lead,,False,False
3683,Morton-Porter,morton-porter.com,SMB,FinTech,South,2025-06-13,17,lead,,False,False
868,Ellis-Gonzalez,ellis-gonzalez.com,SMB,Retail,West,2024-07-05,37,lead,,False,False
1300,Moore-Martin,moore-martin.com,SMB,Education,North,2023-02-09,7,lead,,False,False
2387,Clark and Sons,clarkandsons.com,SMB,Education,North,2023-10-21,5,lead,,False,False
2491,Becker-Freeman,becker-freeman.com,SMB,Healthcare,North,2024-02-12,1,lead,,False,False
1861,"Adams, Wilson and Brown",adamswilsonandbrown.com,Mid-Market,Healthcare,South,2022-11-29,20,lead,,False,False
1304,"Manning, Washington and Villarreal",manningwashingtonandvillarreal.com,SMB,Retail,South,2024-09-29,11,lead,,False,False
2102,"Robertson, Thompson and Johnson",robertsonthompsonandjohnson.com,SMB,Education,South,2024-05-09,18,lead,,False,False
252,"Curtis, Watkins and Shelton",curtiswatkinsandshelton.com,SMB,Education,South,2022-12-21,6,lead,,False,False
3764,Woods-Hancock,woods-hancock.com,SMB,Healthcare,North,2023-05-27,1,lead,,False,False
2692,Rivera and Sons,riveraandsons.com,SMB,Healthcare,South,2024-12-01,15,lead,,False,False
2860,Chapman PLC,chapmanplc.com,SMB,Retail,South,2024-01-05,11,lead,,False,False
1201,"Lewis, Bishop and Jones",lewisbishopandjones.com,SMB,FinTech,East,2024-08-07,34,lead,,False,False
3263,"Oliver, Decker and Cox",oliverdeckerandcox.com,Enterprise,Healthcare,South,2024-02-22,16,lead,,False,False
3385,Morrow Ltd,morrowltd.com,Mid-Market,FinTech,International,2024-07-01,37,lead,,False,False
2328,Brown Inc,browninc.com,Mid-Market,Education,West,2023-01-05,31,lead,,False,False
2467,"Matthews, Robbins and Chapman",matthewsrobbinsandchapman.com,SMB,Education,North,2025-02-22,9,lead,,False,False
3065,Flores and Sons,floresandsons.com,SMB,Retail,East,2024-03-13,26,lead,,False,False
2058,Frazier-Anderson,frazier-anderson.com,SMB,Education,East,2024-10-05,29,lead,,False,False
1721,Cooper Ltd,cooperltd.com,SMB,FinTech,East,2022-07-23,47,lead,,False,False
2515,Brewer-Wood,brewer-wood.com,SMB,FinTech,East,2025-03-03,21,lead,,False,False
74,Sheppard Inc,sheppardinc.com,SMB,FinTech,International,2024-03-09,18,lead,,False,False
1856,Carey PLC,careyplc.com,SMB,Retail,International,2023-08-06,45,lead,,False,False
2381,"Peters, Cohen and Beard",peterscohenandbeard.com,SMB,Education,East,2024-11-21,24,lead,,False,False
578,"Rogers, Rivera and Shaw",rogersriveraandshaw.com,SMB,FinTech,International,2024-06-17,48,lead,,False,False
576,"Rogers, Hamilton and Walters",rogershamiltonandwalters.com,SMB,Healthcare,East,2024-12-02,26,lead,,False,False
1533,"Orozco, Gardner and Powell",orozcogardnerandpowell.com,Mid-Market,Healthcare,North,2024-09-13,7,lead,,False,False
2468,"Mills, Orr and Turner",millsorrandturner.com,SMB,Retail,West,2024-09-20,37,lead,,False,False
1261,Jenkins PLC,jenkinsplc.com,Mid-Market,FinTech,West,2025-01-16,31,lead,,False,False
2531,"Harris, Smith and Rose",harrissmithandrose.com,SMB,Healthcare,South,2023-08-30,11,lead,,False,False
2424,Olson-Hill,olson-hill.com,Mid-Market,Healthcare,South,2022-09-19,31,lead,,False,False
2175,"Martinez, Ballard and Bradley",martinezballardandbradley.com,Mid-Market,FinTech,West,2022-11-04,34,lead,,False,False
3829,Thomas-Kennedy,thomas-kennedy.com,SMB,Education,South,2024-10-22,13,lead,,False,False
1923,"Gonzales, Holland and Caldwell",gonzaleshollandandcaldwell.com,SMB,FinTech,North,2024-06-27,4,lead,,False,False
2841,Patel-Johnson,patel-johnson.com,Enterprise,Healthcare,South,2022-11-03,13,lead,,False,False
2477,Fields Inc,fieldsinc.com,Mid-Market,Education,South,2024-10-01,14,lead,,False,False
464,Peters and Sons,petersandsons.com,Mid-Market,Retail,North,2024-05-27,8,lead,,False,False
2840,"Bautista, Reed and Walker",bautistareedandwalker.com,SMB,Healthcare,East,2025-02-13,21,lead,,False,False
1012,Cox Inc,coxinc.com,SMB,Healthcare,South,2024-08-08,11,lead,,False,False
1252,Gordon Ltd,gordonltd.com,Mid-Market,Healthcare,East,2025-07-01,21,lead,,False,False
935,Proctor LLC,proctorllc.com,Mid-Market,Healthcare,North,2025-01-11,30,lead,,False,False
3999,Braun-Lloyd,braun-lloyd.com,Mid-Market,FinTech,International,2025-05-16,32,lead,,False,False
3411,Estrada-Meadows,estrada-meadows.com,SMB,Retail,West,2022-10-17,36,lead,,False,False
2569,Oneal Inc,onealinc.com,Mid-Market,Healthcare,West,2024-05-03,32,lead,,False,False
3096,Larsen LLC,larsenllc.com,SMB,Education,North,2024-08-25,6,lead,,False,False
221,"Vazquez, Costa and Sanchez",vazquezcostaandsanchez.com,Mid-Market,Retail,East,2023-07-21,23,lead,,False,False
2492,"Smith, Frost and Lee",smithfrostandlee.com,SMB,Healthcare,East,2024-07-26,27,lead,,False,False
3897,"Roberts, Richardson and Lindsey",robertsrichardsonandlindsey.com,SMB,Education,East,2025-07-02,24,lead,,False,False
3866,"Wallace, Preston and Taylor",wallaceprestonandtaylor.com,SMB,FinTech,North,2023-12-08,9,lead,,False,False
640,Cook-Walker,cook-walker.com,Mid-Market,Education,International,2023-09-02,48,lead,,False,False
2721,"Hubbard, Ayers and Morales",hubbardayersandmorales.com,SMB,Retail,International,2025-02-28,49,lead,,False,False
1581,Bowers Ltd,bowersltd.com,SMB,FinTech,West,2022-11-20,34,lead,,False,False
749,"Allen, Vang and Flores",allenvangandflores.com,SMB,FinTech,West,2025-04-20,39,lead,,False,False
1956,Robertson and Sons,robertsonandsons.com,SMB,Education,South,2023-03-25,16,lead,,False,False
2730,Stevenson and Sons,stevensonandsons.com,SMB,Education,West,2022-11-21,36,lead,,False,False
2168,Hardin-Williams,hardin-williams.com,SMB,Retail,East,2025-01-28,23,lead,,False,False
920,"Chan, Lopez and Hall",chanlopezandhall.com,Mid-Market,Retail,International,2023-09-12,48,lead,,False,False
514,Luna-Collier,luna-collier.com,SMB,Education,West,2024-07-11,31,lead,,False,False
2274,Scott-Jennings,scott-jennings.com,Mid-Market,Retail,East,2025-04-15,27,lead,,False,False
1071,Savage-Fisher,savage-fisher.com,SMB,Retail,North,2024-02-05,44,lead,,False,False
3822,"Martin, Stewart and Richardson",martinstewartandrichardson.com,SMB,FinTech,North,2023-10-01,9,lead,,False,False
2476,Brown-Simmons,brown-simmons.com,SMB,Healthcare,International,2023-10-06,48,lead,,False,False
3837,Glover-Nguyen,glover-nguyen.com,SMB,Healthcare,North,2023-08-11,25,lead,,False,False
904,Fowler Inc,fowlerinc.com,SMB,Healthcare,West,2023-02-28,34,lead,,False,False
3918,Greene-Hunter,greene-hunter.com,SMB,Retail,West,2025-05-12,32,lead,,False,False
2550,Brown-Jackson,brown-jackson.com,SMB,Healthcare,West,2022-11-27,39,lead,,False,False
220,Moore PLC,mooreplc.com,SMB,Healthcare,East,2023-09-16,7,lead,,False,False
1784,Miles-Nelson,miles-nelson.com,SMB,Healthcare,West,2024-06-21,37,lead,,False,False
1794,Brown Ltd,brownltd.com,SMB,Healthcare,East,2025-02-15,27,lead,,False,False
3762,Choi-Price,choi-price.com,SMB,Retail,International,2024-02-11,43,lead,,False,False
1612,Wilson-Martinez,wilson-martinez.com,Mid-Market,Retail,South,2025-05-25,16,lead,,False,False
3869,Rivers-Mcdowell,rivers-mcdowell.com,SMB,Education,North,2023-05-28,7,lead,,False,False
642,Wood-Perry,wood-perry.com,Mid-Market,FinTech,West,2024-04-22,34,lead,,False,False
3193,White and Sons,whiteandsons.com,Mid-Market,Healthcare,South,2023-06-17,20,lead,,False,False
1210,Johnson-Perry,johnson-perry.com,SMB,Retail,North,2022-11-22,8,lead,,False,False
3484,Lopez LLC,lopezllc.com,SMB,Education,West,2023-01-04,22,lead,,False,False
57,Waller-Shah,waller-shah.com,SMB,FinTech,South,2022-10-22,19,lead,,False,False
3669,Allen LLC,allenllc.com,SMB,Education,West,2024-09-05,33,lead,,False,False
3242,"Daniel, Winters and Hart",danielwintersandhart.com,SMB,Retail,North,2022-11-22,1,lead,,False,False
1501,"Chavez, Vargas and Leblanc",chavezvargasandleblanc.com,SMB,FinTech,South,2024-09-03,11,lead,,False,False
2991,"Ramos, Hawkins and Bell",ramoshawkinsandbell.com,SMB,Healthcare,East,2024-12-16,13,lead,,False,False
2743,"Torres, Salas and Lewis",torressalasandlewis.com,SMB,Education,West,2024-04-28,32,lead,,False,False
799,"Hoover, Bean and Farrell",hooverbeanandfarrell.com,SMB,Healthcare,West,2022-07-27,34,lead,,False,False
1441,Bailey Group,baileygroup.com,SMB,Education,North,2022-09-14,10,lead,,False,False
581,Jackson Group,jacksongroup.com,SMB,Healthcare,South,2024-01-05,18,lead,,False,False
2979,Hill PLC,hillplc.com,Mid-Market,Education,North,2023-01-01,8,lead,,False,False
3503,Campbell-Sanchez,campbell-sanchez.com,Mid-Market,Healthcare,North,2023-10-03,1,lead,,False,False
3677,"Smith, George and Anderson",smithgeorgeandanderson.com,SMB,FinTech,South,2023-06-19,16,lead,,False,False
108,Smith Group,smithgroup.com,SMB,Retail,West,2025-04-07,15,lead,,False,False
55,Zimmerman-Mccormick,zimmerman-mccormick.com,SMB,Healthcare,International,2023-05-19,27,lead,,False,False
2776,"Henry, Wallace and Blair",henrywallaceandblair.com,SMB,Retail,West,2024-04-08,31,lead,,False,False
1058,Williams Group,williamsgroup.com,Mid-Market,Retail,South,2024-03-26,13,lead,,False,False
3791,"Ramirez, Estes and Warner",ramirezestesandwarner.com,SMB,Education,South,2023-03-19,50,lead,,False,False
2745,Woods-Robinson,woods-robinson.com,SMB,Education,South,2024-06-21,17,lead,,False,False
2393,Torres-Flynn,torres-flynn.com,Mid-Market,Retail,East,2023-08-30,22,lead,,False,False
2351,"Johnson, Neal and Baker",johnsonnealandbaker.com,SMB,Healthcare,South,2025-04-17,12,lead,,False,False
463,"Irwin, Sanchez and Fletcher",irwinsanchezandfletcher.com,SMB,Healthcare,International,2024-07-04,40,lead,,False,False
1643,Pierce PLC,pierceplc.com,SMB,FinTech,North,2023-08-04,1,lead,,False,False
2062,"Cummings, Brown and Sweeney",cummingsbrownandsweeney.com,SMB,Education,North,2024-12-24,3,lead,,False,False
2623,"Martinez, George and George",martinezgeorgeandgeorge.com,SMB,FinTech,West,2024-09-25,8,lead,,False,False
3943,Mcneil Ltd,mcneilltd.com,SMB,Education,West,2023-12-18,34,lead,,False,False
1348,Davis Inc,davisinc.com,SMB,Retail,West,2022-10-04,34,lead,,False,False
2341,Brewer Group,brewergroup.com,SMB,Healthcare,South,2024-04-27,16,lead,,False,False
3257,"Young, Pena and Stevenson",youngpenaandstevenson.com,SMB,Healthcare,East,2023-08-17,26,lead,,False,False
1174,Peters PLC,petersplc.com,Mid-Market,Education,North,2024-05-03,1,lead,,False,False
1703,Johnson and Sons,johnsonandsons.com,SMB,FinTech,North,2024-05-16,8,lead,,False,False
1697,Sanchez-Gonzalez,sanchez-gonzalez.com,SMB,Healthcare,North,2022-12-23,24,lead,,False,False
2738,Barajas-Mcguire,barajas-mcguire.com,SMB,Retail,East,2024-11-03,26,lead,,False,False
383,"Davis, Thompson and Powers",davisthompsonandpowers.com,SMB,Retail,North,2024-10-24,2,lead,,False,False
1259,"Logan, Shaw and Quinn",loganshawandquinn.com,Mid-Market,Education,West,2024-07-16,38,lead,,False,False
3534,"Melendez, Lewis and Hall",melendezlewisandhall.com,SMB,FinTech,North,2025-04-30,16,lead,,False,False
1284,Greene-Wade,greene-wade.com,SMB,Education,International,2024-01-21,43,lead,,False,False
3647,Chandler LLC,chandlerllc.com,SMB,Education,West,2024-12-16,38,lead,,False,False
2554,"Davis, Reynolds and Lewis",davisreynoldsandlewis.com,Mid-Market,Retail,South,2024-02-09,13,lead,,False,False
3701,Coleman-Wright,coleman-wright.com,Mid-Market,Healthcare,South,2023-01-12,19,lead,,False,False
1936,Robinson-Gibson,robinson-gibson.com,SMB,FinTech,East,2023-11-06,30,lead,,False,False
1552,"Henry, Brown and Butler",henrybrownandbutler.com,SMB,Healthcare,West,2023-10-05,35,lead,,False,False
1718,Donaldson and Sons,donaldsonandsons.com,SMB,Education,North,2023-05-15,2,lead,,False,False
3790,Miller-Foley,miller-foley.com,Mid-Market,Healthcare,West,2024-09-11,40,lead,,False,False
915,Walters-Gonzalez,walters-gonzalez.com,SMB,Education,South,2022-09-18,19,lead,,False,False
1116,Nielsen Inc,nielseninc.com,SMB,FinTech,West,2024-12-23,31,lead,,False,False
1650,"Morgan, Spencer and Miles",morganspencerandmiles.com,Mid-Market,FinTech,South,2022-08-29,20,lead,,False,False
810,Johnson and Sons,johnsonandsons.com,SMB,Education,East,2024-08-14,30,lead,,False,False
2657,"Tran, Smith and Graham",transmithandgraham.com,SMB,Retail,South,2025-05-09,38,lead,,False,False
872,Pittman-Thompson,pittman-thompson.com,Mid-Market,Education,South,2023-04-08,18,lead,,False,False
349,"Boyer, Costa and Moore",boyercostaandmoore.com,SMB,FinTech,South,2025-03-16,19,lead,,False,False
3916,Martin-Robinson,martin-robinson.com,SMB,Healthcare,International,2023-02-18,50,lead,,False,False
2540,Gibson-Tran,gibson-tran.com,Mid-Market,Education,North,2024-08-06,5,lead,,False,False
2234,Rose-Garcia,rose-garcia.com,SMB,FinTech,North,2022-08-27,4,lead,,False,False
2981,Green Group,greengroup.com,Mid-Market,Education,South,2023-09-13,14,lead,,False,False
2190,Morrison-Garcia,morrison-garcia.com,Mid-Market,FinTech,International,2025-01-13,26,lead,,False,False
322,Lee-Olson,lee-olson.com,Enterprise,FinTech,International,2025-02-23,47,lead,,False,False
3755,Waters Inc,watersinc.com,SMB,FinTech,International,2023-11-01,50,lead,,False,False
3832,Gonzales-Acosta,gonzales-acosta.com,Mid-Market,Retail,West,2024-12-16,33,lead,,False,False
3806,Miller-Smith,miller-smith.com,Mid-Market,Retail,South,2023-10-31,18,lead,,False,False
1652,"Armstrong, Smith and Taylor",armstrongsmithandtaylor.com,Mid-Market,Healthcare,West,2022-11-13,33,lead,,False,False
1125,"Phillips, Silva and Perez",phillipssilvaandperez.com,Mid-Market,Education,West,2022-09-20,32,lead,,False,False
65,"Rocha, Wright and Sullivan",rochawrightandsullivan.com,SMB,Retail,North,2022-11-04,1,lead,,False,False
2153,Cruz PLC,cruzplc.com,SMB,Healthcare,International,2024-11-06,49,lead,,False,False
3376,"Dunn, Black and Davis",dunnblackanddavis.com,SMB,FinTech,International,2024-07-20,43,lead,,False,False
319,Trevino Group,trevinogroup.com,SMB,Education,South,2024-04-21,15,lead,,False,False
3746,Matthews-Lopez,matthews-lopez.com,Mid-Market,Retail,South,2023-09-16,20,lead,,False,False
1273,Hodge-Young,hodge-young.com,SMB,Education,West,2023-08-26,39,lead,,False,False
2003,Bowman Ltd,bowmanltd.com,SMB,Education,East,2023-08-17,23,lead,,False,False
3204,Padilla LLC,padillallc.com,Mid-Market,Education,North,2025-07-08,10,lead,,False,False
3655,"Reyes, Ortiz and Jones",reyesortizandjones.com,SMB,Healthcare,East,2023-06-22,23,lead,,False,False
102,"Moran, Burgess and Callahan",moranburgessandcallahan.com,SMB,Healthcare,South,2023-06-27,15,lead,,False,False
2528,"Fisher, Johnson and Smith",fisherjohnsonandsmith.com,SMB,Healthcare,East,2022-08-26,23,lead,,False,False
1461,"Anderson, Martin and Johnson",andersonmartinandjohnson.com,SMB,Healthcare,International,2024-03-15,42,lead,,False,False
3896,"Rodriguez, Schultz and Garza",rodriguezschultzandgarza.com,Mid-Market,Education,West,2024-05-12,35,lead,,False,False
327,Allen LLC,allenllc.com,Mid-Market,Retail,West,2024-02-22,35,lead,,False,False
1000,"Morgan, Salazar and Mcdonald",morgansalazarandmcdonald.com,SMB,Healthcare,East,2023-12-19,21,lead,,False,False
244,Henry Ltd,henryltd.com,SMB,Education,South,2022-11-04,17,lead,,False,False
3454,"Duncan, Jackson and Glover",duncanjacksonandglover.com,SMB,Retail,North,2023-03-19,43,lead,,False,False
2239,"Sparks, Hendrix and Smith",sparkshendrixandsmith.com,Mid-Market,Retail,International,2024-09-06,21,lead,,False,False
3024,Smith-Reyes,smith-reyes.com,SMB,Education,East,2025-04-23,23,lead,,False,False
421,Roberts Ltd,robertsltd.com,SMB,Education,West,2023-05-04,34,lead,,False,False
79,"Garcia, Brooks and Whitney",garciabrooksandwhitney.com,SMB,Healthcare,East,2024-04-08,18,lead,,False,False
689,Allen Group,allengroup.com,SMB,Education,South,2024-05-24,17,lead,,False,False
696,Craig and Sons,craigandsons.com,Mid-Market,Healthcare,West,2023-03-19,35,lead,,False,False
1287,"Dickerson, Lopez and Pace",dickersonlopezandpace.com,SMB,Healthcare,International,2024-07-03,47,lead,,False,False
1829,Bauer-Brewer,bauer-brewer.com,Mid-Market,Retail,West,2023-01-08,34,lead,,False,False
884,"Hernandez, Leon and Sparks",hernandezleonandsparks.com,SMB,Retail,East,2024-05-15,22,lead,,False,False
2442,Grant-Price,grant-price.com,SMB,Retail,East,2024-04-16,9,lead,,False,False
824,Morgan Ltd,morganltd.com,SMB,Education,West,2024-02-17,40,lead,,False,False
3570,Clark Inc,clarkinc.com,SMB,FinTech,North,2023-07-06,7,lead,,False,False
294,"Ho, Moore and Lamb",homooreandlamb.com,SMB,FinTech,North,2024-12-10,13,lead,,False,False
2133,"Miller, Trujillo and Richardson",millertrujilloandrichardson.com,SMB,FinTech,International,2023-10-22,36,lead,,False,False
2185,Nielsen Group,nielsengroup.com,SMB,FinTech,North,2024-01-15,9,lead,,False,False
3803,Mcknight-Brown,mcknight-brown.com,SMB,Retail,International,2025-05-03,45,lead,,False,False
891,Fields-Johnson,fields-johnson.com,Mid-Market,Healthcare,South,2024-05-23,11,lead,,False,False
1228,Scott-Stone,scott-stone.com,SMB,FinTech,West,2023-05-29,32,lead,,False,False
3684,"Morrow, Smith and Anderson",morrowsmithandanderson.com,Mid-Market,Retail,East,2023-12-05,27,lead,,False,False
2205,"Chan, Hood and Fitzgerald",chanhoodandfitzgerald.com,SMB,Education,International,2023-08-21,47,lead,,False,False
630,Lee Group,leegroup.com,SMB,Retail,West,2022-09-22,4,lead,,False,False
3800,Ball-Bryant,ball-bryant.com,SMB,Retail,East,2025-03-03,21,lead,,False,False
574,"Brady, Hernandez and Hayes",bradyhernandezandhayes.com,Enterprise,FinTech,West,2023-04-28,32,lead,,False,False
3269,Saunders-Allen,saunders-allen.com,SMB,Retail,North,2024-05-23,50,lead,,False,False
2966,Garcia-White,garcia-white.com,Mid-Market,Retail,East,2023-01-11,25,lead,,False,False
231,Robles-Woods,robles-woods.com,Mid-Market,Healthcare,East,2024-11-22,27,lead,,False,False
579,Perez Ltd,perezltd.com,SMB,Retail,East,2025-02-17,20,lead,,False,False
3450,Espinoza-Higgins,espinoza-higgins.com,Mid-Market,Retail,West,2023-10-14,36,lead,,False,False
2833,"Mcfarland, Martinez and Leon",mcfarlandmartinezandleon.com,Mid-Market,Education,North,2024-08-29,6,lead,,False,False
762,"Thomas, Drake and Green",thomasdrakeandgreen.com,SMB,Healthcare,West,2024-05-06,38,lead,,False,False
404,Schwartz Inc,schwartzinc.com,SMB,Healthcare,East,2023-03-25,26,lead,,False,False
1374,Wilkerson-Savage,wilkerson-savage.com,SMB,Retail,West,2024-10-19,40,lead,,False,False
3619,Hobbs-Lewis,hobbs-lewis.com,SMB,Retail,South,2024-02-27,17,lead,,False,False
3553,Joseph-Orr,joseph-orr.com,SMB,Education,North,2023-12-15,7,lead,,False,False
831,Allen PLC,allenplc.com,SMB,FinTech,International,2023-03-12,48,lead,,False,False
1950,Gomez-Perez,gomez-perez.com,SMB,FinTech,West,2022-12-08,39,lead,,False,False
159,"Webster, Lopez and Klein",websterlopezandklein.com,SMB,FinTech,East,2024-03-14,22,lead,,False,False
650,Gay PLC,gayplc.com,SMB,Education,International,2023-05-12,50,lead,,False,False
1027,Robinson LLC,robinsonllc.com,Mid-Market,Healthcare,International,2023-11-24,42,lead,,False,False
3436,Berry-Perez,berry-perez.com,Mid-Market,Retail,East,2022-09-27,31,lead,,False,False
3461,Bennett-Garrison,bennett-garrison.com,SMB,Retail,East,2024-06-05,30,lead,,False,False
1443,"Jones, Edwards and Johnson",jonesedwardsandjohnson.com,SMB,Healthcare,International,2022-07-19,43,lead,,False,False
3001,Miller LLC,millerllc.com,SMB,Healthcare,North,2023-01-07,5,lead,,False,False
2244,Dyer PLC,dyerplc.com,Mid-Market,Education,North,2025-01-06,5,lead,,False,False
2121,"Reilly, Hamilton and Frederick",reillyhamiltonandfrederick.com,Enterprise,Retail,East,2023-05-25,45,lead,,False,False
553,Kidd-Stewart,kidd-stewart.com,SMB,Education,North,2023-10-06,10,lead,,False,False
3975,Tucker Inc,tuckerinc.com,SMB,Healthcare,West,2025-01-12,38,lead,,False,False
2087,Sanford Group,sanfordgroup.com,SMB,Education,South,2025-07-16,19,lead,,False,False
3199,Gray Ltd,grayltd.com,Enterprise,Healthcare,West,2024-02-19,34,lead,,False,False
480,Chavez Inc,chavezinc.com,SMB,Healthcare,West,2022-08-20,36,lead,,False,False
3988,West Group,westgroup.com,SMB,Retail,East,2024-08-17,25,lead,,False,False
1731,Martinez-Klein,martinez-klein.com,SMB,Retail,South,2024-06-13,17,lead,,False,False
1587,Todd-Weber,todd-weber.com,SMB,Retail,South,2023-01-22,11,lead,,False,False
342,"Weaver, Baldwin and Wagner",weaverbaldwinandwagner.com,Mid-Market,FinTech,South,2022-09-02,20,lead,,False,False
1500,Booker Group,bookergroup.com,SMB,Healthcare,West,2023-10-15,37,lead,,False,False
819,"Contreras, Rojas and Ferguson",contrerasrojasandferguson.com,SMB,Healthcare,West,2025-03-01,34,lead,,False,False
115,Nguyen LLC,nguyenllc.com,SMB,Education,South,2023-11-29,18,lead,,False,False
2568,"Hanna, Morrison and Stevens",hannamorrisonandstevens.com,SMB,Education,South,2023-12-26,11,lead,,False,False
2521,Johnson-Malone,johnson-malone.com,SMB,Retail,West,2022-12-18,34,lead,,False,False
1226,"Roberts, Burton and Wheeler",robertsburtonandwheeler.com,SMB,Retail,South,2023-10-19,20,lead,,False,False
1419,"Gilbert, Hardin and Rodriguez",gilberthardinandrodriguez.com,SMB,Retail,South,2024-02-22,15,lead,,False,False
2152,Anderson Inc,andersoninc.com,SMB,Healthcare,South,2024-09-28,15,lead,,False,False
924,Walton and Sons,waltonandsons.com,SMB,Healthcare,South,2023-10-03,20,lead,,False,False
3226,"Garcia, Larsen and Best",garcialarsenandbest.com,SMB,Education,East,2024-11-19,25,lead,,False,False
2214,Parker-Gonzales,parker-gonzales.com,Mid-Market,FinTech,South,2023-04-07,11,lead,,False,False
3150,Garcia-Peterson,garcia-peterson.com,Mid-Market,FinTech,West,2023-03-21,34,lead,,False,False
1232,"Palmer, Norton and Robertson",palmernortonandrobertson.com,Mid-Market,Healthcare,East,2022-10-16,39,lead,,False,False
268,Huffman PLC,huffmanplc.com,SMB,FinTech,West,2023-02-08,34,lead,,False,False
1266,Cohen Group,cohengroup.com,Mid-Market,Healthcare,International,2023-04-21,42,lead,,False,False
2412,Little-Barrett,little-barrett.com,Mid-Market,FinTech,International,2025-06-19,44,lead,,False,False
3102,"Herring, Long and Byrd",herringlongandbyrd.com,SMB,FinTech,East,2024-09-02,30,lead,,False,False
974,Johnson Group,johnsongroup.com,SMB,Retail,South,2023-07-21,20,lead,,False,False
1566,Mooney and Sons,mooneyandsons.com,SMB,Education,South,2024-11-26,13,lead,,False,False
3851,Powell Group,powellgroup.com,Mid-Market,Education,North,2023-12-21,23,lead,,False,False
2057,Savage-Leon,savage-leon.com,Enterprise,FinTech,West,2023-07-25,23,lead,,False,False
293,Gomez-Ho,gomez-ho.com,SMB,Education,West,2024-02-05,24,lead,,False,False
1690,White-Holden,white-holden.com,SMB,Retail,West,2022-10-14,40,lead,,False,False
1766,Johnson-Murphy,johnson-murphy.com,SMB,Retail,East,2025-04-24,26,lead,,False,False
1499,Parsons-Martinez,parsons-martinez.com,SMB,Healthcare,East,2023-07-18,30,lead,,False,False
2667,"Graves, Reese and Stanley",gravesreeseandstanley.com,Mid-Market,Healthcare,West,2024-05-02,37,lead,,False,False
2749,Neal-Williams,neal-williams.com,SMB,Education,International,2025-06-13,45,lead,,False,False
26,Bowman-Brown,bowman-brown.com,SMB,FinTech,North,2023-01-01,50,lead,,False,False
540,Bell PLC,bellplc.com,SMB,Education,East,2024-12-31,29,lead,,False,False
3887,Chavez-Green,chavez-green.com,SMB,Retail,South,2023-04-03,20,lead,,False,False
2026,Andrews-Kennedy,andrews-kennedy.com,SMB,Retail,North,2022-10-15,7,lead,,False,False
599,Bartlett-Ramirez,bartlett-ramirez.com,SMB,Retail,West,2023-10-22,39,lead,,False,False
3320,Reeves-Hines,reeves-hines.com,SMB,Education,North,2022-12-05,7,lead,,False,False
3482,Jackson-Singh,jackson-singh.com,Enterprise,FinTech,West,2025-02-13,36,lead,,False,False
3074,Roman LLC,romanllc.com,SMB,FinTech,North,2022-12-05,42,lead,,False,False
235,Peterson Group,petersongroup.com,SMB,Education,North,2025-05-26,3,lead,,False,False
3295,King PLC,kingplc.com,SMB,Education,West,2025-02-04,32,lead,,False,False
3971,Ford-Carter,ford-carter.com,SMB,Retail,West,2023-12-11,33,lead,,False,False
1715,Holt LLC,holtllc.com,SMB,Healthcare,West,2023-11-30,39,lead,,False,False
2511,Harrell-Cooper,harrell-cooper.com,SMB,Retail,South,2024-05-05,20,lead,,False,False
2629,Williams Group,williamsgroup.com,SMB,FinTech,South,2023-04-21,15,lead,,False,False
1599,Martinez-Sharp,martinez-sharp.com,Mid-Market,Healthcare,North,2024-04-13,2,lead,,False,False
1619,"Graves, Barrett and Beck",gravesbarrettandbeck.com,Mid-Market,Education,North,2023-11-23,7,lead,,False,False
699,Gentry Group,gentrygroup.com,Mid-Market,Healthcare,East,2023-05-19,24,lead,,False,False
273,Snyder-Kline,snyder-kline.com,SMB,Education,South,2023-09-12,13,lead,,False,False
2066,Young-Soto,young-soto.com,SMB,Education,East,2023-11-16,22,lead,,False,False
1223,"Hoffman, Schwartz and Walker",hoffmanschwartzandwalker.com,Enterprise,Healthcare,West,2022-07-30,33,lead,,False,False
1332,Jackson LLC,jacksonllc.com,SMB,Education,South,2025-04-09,13,lead,,False,False
1597,Castro Group,castrogroup.com,Mid-Market,Education,South,2023-02-08,12,lead,,False,False
808,Patel Ltd,patelltd.com,SMB,Healthcare,South,2023-02-21,12,lead,,False,False
2859,Clark Group,clarkgroup.com,SMB,Healthcare,North,2023-09-08,6,lead,,False,False
677,"Ward, Williams and Hughes",wardwilliamsandhughes.com,SMB,Retail,South,2023-05-07,13,lead,,False,False
1059,"Day, Chavez and Gray",daychavezandgray.com,Mid-Market,FinTech,North,2023-01-14,10,lead,,False,False
3582,"Henderson, Mcbride and Williams",hendersonmcbrideandwilliams.com,SMB,Healthcare,West,2024-02-08,37,lead,,False,False
2821,Phillips-Wilkinson,phillips-wilkinson.com,SMB,FinTech,West,2023-10-17,39,lead,,False,False
733,Fox LLC,foxllc.com,SMB,FinTech,East,2024-04-23,23,lead,,False,False
2977,Thomas LLC,thomasllc.com,SMB,Retail,East,2023-09-16,22,lead,,False,False
550,Owen Ltd,owenltd.com,SMB,Education,West,2024-10-02,37,lead,,False,False
1833,Martinez-Pitts,martinez-pitts.com,SMB,Education,East,2024-11-12,22,lead,,False,False
7,Kelly and Sons,kellyandsons.com,SMB,Retail,West,2023-12-18,36,lead,,False,False
537,"Alvarez, Lee and Hardy",alvarezleeandhardy.com,Mid-Market,Healthcare,East,2024-03-11,22,lead,,False,False
877,Russell-Mueller,russell-mueller.com,SMB,FinTech,West,2023-04-15,40,lead,,False,False
2245,Johnson LLC,johnsonllc.com,Mid-Market,FinTech,East,2022-10-18,26,lead,,False,False
435,"Garcia, Brown and Kaiser",garciabrownandkaiser.com,SMB,Healthcare,West,2023-02-18,32,lead,,False,False
1203,Moss Inc,mossinc.com,SMB,Healthcare,North,2024-09-23,5,lead,,False,False
478,Smith-Martin,smith-martin.com,SMB,Education,North,2025-02-13,47,lead,,False,False
886,"Bennett, Carroll and Keller",bennettcarrollandkeller.com,Enterprise,Retail,West,2025-01-02,34,lead,,False,False
1765,Cohen-Lopez,cohen-lopez.com,Mid-Market,FinTech,East,2023-10-23,21,lead,,False,False
3909,"Anderson, Daniels and Thomas",andersondanielsandthomas.com,SMB,Education,South,2024-07-19,19,lead,,False,False
3474,"Powers, Romero and Lawson",powersromeroandlawson.com,SMB,FinTech,West,2022-09-07,32,lead,,False,False
2778,"Thomas, Lozano and Pearson",thomaslozanoandpearson.com,Mid-Market,FinTech,International,2024-05-03,15,lead,,False,False
2829,Alvarado-Smith,alvarado-smith.com,SMB,Healthcare,West,2023-04-12,38,lead,,False,False
3994,"Peters, Romero and Nelson",petersromeroandnelson.com,SMB,FinTech,West,2023-03-23,35,lead,,False,False
3744,Hutchinson Inc,hutchinsoninc.com,Mid-Market,Healthcare,West,2023-05-29,40,lead,,False,False
150,Ross-Wilson,ross-wilson.com,SMB,FinTech,International,2023-09-06,50,lead,,False,False
2409,Johnson Ltd,johnsonltd.com,SMB,Retail,North,2022-10-20,5,lead,,False,False
1653,"Love, Heath and Sanchez",loveheathandsanchez.com,SMB,Healthcare,East,2024-05-25,23,lead,,False,False
957,"Long, Jones and Sexton",longjonesandsexton.com,SMB,Healthcare,North,2025-01-21,7,lead,,False,False
3088,Kim-Brown,kim-brown.com,Enterprise,FinTech,International,2023-02-26,39,lead,,False,False
2422,Welch PLC,welchplc.com,SMB,Education,East,2023-09-05,21,lead,,False,False
2200,Williams LLC,williamsllc.com,SMB,Education,West,2022-10-30,10,lead,,False,False
56,Murphy-Oliver,murphy-oliver.com,SMB,Retail,West,2023-07-17,35,lead,,False,False
355,Howard Ltd,howardltd.com,Mid-Market,Education,North,2025-06-10,1,lead,,False,False
1473,Ellis-Carter,ellis-carter.com,Mid-Market,Retail,International,2023-01-06,50,lead,,False,False
1862,Glenn Ltd,glennltd.com,Enterprise,Healthcare,East,2022-12-29,30,lead,,False,False
685,"Smith, Allen and Gomez",smithallenandgomez.com,SMB,FinTech,South,2022-09-23,15,lead,,False,False
1222,Wood-Robinson,wood-robinson.com,SMB,FinTech,South,2023-04-21,17,lead,,False,False
3415,Harris LLC,harrisllc.com,Mid-Market,Healthcare,West,2025-03-12,32,lead,,False,False
38,Myers-Edwards,myers-edwards.com,SMB,Healthcare,West,2024-04-07,31,lead,,False,False
962,Sanchez LLC,sanchezllc.com,SMB,Healthcare,North,2023-12-18,9,lead,,False,False
1591,"Peterson, Salas and Thompson",petersonsalasandthompson.com,SMB,FinTech,North,2024-06-17,5,lead,,False,False
768,"Sanford, Wiggins and Juarez",sanfordwigginsandjuarez.com,Mid-Market,FinTech,West,2024-08-26,32,lead,,False,False
1893,Meyer-Richardson,meyer-richardson.com,Mid-Market,Education,International,2024-03-04,49,lead,,False,False
3532,"Marshall, Brown and Miranda",marshallbrownandmiranda.com,SMB,Retail,South,2023-04-15,20,lead,,False,False
2191,"Gomez, Russell and Martin",gomezrussellandmartin.com,Mid-Market,Healthcare,International,2025-01-07,48,lead,,False,False
405,"Stout, Collins and Villarreal",stoutcollinsandvillarreal.com,SMB,Healthcare,East,2023-11-22,22,lead,,False,False
2884,Hudson Inc,hudsoninc.com,SMB,Healthcare,North,2024-05-10,2,lead,,False,False
2402,Molina-Peterson,molina-peterson.com,SMB,Retail,East,2023-04-11,32,lead,,False,False
3446,Buck PLC,buckplc.com,SMB,Retail,South,2024-03-06,19,lead,,False,False
3100,Meyer LLC,meyerllc.com,SMB,Healthcare,East,2023-11-14,23,lead,,False,False
48,Powell Inc,powellinc.com,Mid-Market,FinTech,West,2022-08-19,36,lead,,False,False
598,Page PLC,pageplc.com,SMB,Education,West,2025-01-08,31,lead,,False,False
2378,Anderson LLC,andersonllc.com,SMB,FinTech,West,2025-07-09,33,lead,,False,False
3060,Deleon Inc,deleoninc.com,SMB,FinTech,East,2023-05-28,3,lead,,False,False
1601,"Massey, Peterson and Andrews",masseypetersonandandrews.com,SMB,Healthcare,South,2024-09-23,14,lead,,False,False
1848,Scott-Kelly,scott-kelly.com,Mid-Market,FinTech,South,2023-06-10,1,lead,,False,False
2210,Nichols PLC,nicholsplc.com,Mid-Market,Healthcare,West,2025-07-07,36,lead,,False,False
208,Holt-Ingram,holt-ingram.com,Mid-Market,Retail,West,2024-12-06,2,lead,,False,False
1358,Rivera PLC,riveraplc.com,Mid-Market,FinTech,West,2024-01-19,20,lead,,False,False
1895,Dalton Inc,daltoninc.com,SMB,Healthcare,North,2023-08-10,2,lead,,False,False
2974,"Alexander, Reyes and Gallagher",alexanderreyesandgallagher.com,SMB,Education,East,2023-01-10,10,lead,,False,False
3618,Mitchell Group,mitchellgroup.com,Mid-Market,Education,South,2024-12-18,16,lead,,False,False
2930,"Woodard, Harris and Ward",woodardharrisandward.com,SMB,Education,North,2024-04-04,7,lead,,False,False
2376,Carr-Hays,carr-hays.com,Mid-Market,Healthcare,South,2024-09-23,18,lead,,False,False
172,Jacobs-Aguirre,jacobs-aguirre.com,SMB,Education,South,2023-10-30,10,lead,,False,False
1008,Miller Inc,millerinc.com,SMB,Healthcare,West,2024-02-27,35,lead,,False,False
2537,"Cox, Mercer and Parks",coxmercerandparks.com,Mid-Market,FinTech,West,2022-08-13,11,lead,,False,False
3144,"Young, Ali and Edwards",youngaliandedwards.com,SMB,Retail,East,2024-01-30,24,lead,,False,False
843,"Jenkins, Jackson and Wise",jenkinsjacksonandwise.com,SMB,Retail,West,2025-01-01,31,lead,,False,False
1969,Price-Harvey,price-harvey.com,SMB,Education,East,2023-01-07,2,lead,,False,False
1745,"Perkins, Brown and Cunningham",perkinsbrownandcunningham.com,SMB,FinTech,West,2024-05-25,40,lead,,False,False
937,"Bennett, Harvey and Schmidt",bennettharveyandschmidt.com,SMB,Healthcare,West,2024-01-22,38,lead,,False,False
165,Willis-Phillips,willis-phillips.com,SMB,Healthcare,South,2024-10-30,18,lead,,False,False
104,Perez-Martin,perez-martin.com,SMB,Retail,West,2025-03-20,31,lead,,False,False
774,Murray Group,murraygroup.com,SMB,FinTech,East,2025-02-01,30,lead,,False,False
3586,"Murphy, Hernandez and Lewis",murphyhernandezandlewis.com,SMB,Healthcare,International,2024-01-11,46,lead,,False,False
2291,Cole-Combs,cole-combs.com,SMB,Healthcare,West,2022-09-08,31,lead,,False,False
2415,"Smith, Scott and Joseph",smithscottandjoseph.com,SMB,Retail,International,2022-09-08,50,lead,,False,False
2757,Becker Inc,beckerinc.com,SMB,Retail,North,2023-08-20,9,lead,,False,False
2783,Graham-Fleming,graham-fleming.com,SMB,Healthcare,West,2024-02-28,31,lead,,False,False
509,Weaver Group,weavergroup.com,SMB,Education,International,2023-10-07,50,lead,,False,False
3237,Johnson-Bauer,johnson-bauer.com,SMB,Healthcare,North,2025-05-10,8,lead,,False,False
1712,"Cook, Lambert and Carey",cooklambertandcarey.com,SMB,Education,East,2022-09-24,25,lead,,False,False
3868,Lopez-Sanchez,lopez-sanchez.com,SMB,Healthcare,South,2023-05-13,20,lead,,False,False
1402,Mathews LLC,mathewsllc.com,SMB,Healthcare,North,2023-09-25,2,lead,,False,False
3976,Keith Ltd,keithltd.com,Enterprise,Retail,North,2024-03-16,5,lead,,False,False
648,Crawford PLC,crawfordplc.com,SMB,Education,International,2024-06-14,47,lead,,False,False
3254,Wiley-Wilson,wiley-wilson.com,SMB,FinTech,West,2023-11-24,31,lead,,False,False
1242,Fernandez-Franco,fernandez-franco.com,Mid-Market,Retail,East,2023-12-12,1,lead,,False,False
3308,Stokes-Frank,stokes-frank.com,Mid-Market,Healthcare,West,2025-05-02,50,lead,,False,False
2950,White Group,whitegroup.com,Mid-Market,FinTech,West,2024-11-11,40,lead,,False,False
879,"Spears, Vazquez and Smith",spearsvazquezandsmith.com,Mid-Market,Education,North,2023-12-11,7,lead,,False,False
776,Anthony-Brown,anthony-brown.com,SMB,Education,East,2023-12-13,22,lead,,False,False
433,"Schmidt, Mendoza and Ross",schmidtmendozaandross.com,SMB,Healthcare,North,2024-12-21,2,lead,,False,False
1336,Johnson Inc,johnsoninc.com,Mid-Market,Retail,International,2025-07-09,39,lead,,False,False
2720,Larsen Inc,larseninc.com,SMB,Education,East,2024-12-04,26,lead,,False,False
2305,Turner PLC,turnerplc.com,SMB,FinTech,North,2023-02-17,7,lead,,False,False
1513,Price Group,pricegroup.com,Mid-Market,Retail,South,2023-01-02,16,lead,,False,False
1949,Bruce-Johnson,bruce-johnson.com,SMB,Retail,North,2025-02-15,4,lead,,False,False
321,Baker-Castillo,baker-castillo.com,SMB,Education,North,2022-09-25,9,lead,,False,False
1834,Martinez-Cain,martinez-cain.com,Mid-Market,Retail,South,2022-12-17,14,lead,,False,False
3493,"Garcia, Smith and Jones",garciasmithandjones.com,SMB,Healthcare,East,2024-02-07,25,lead,,False,False
1013,Jenkins and Sons,jenkinsandsons.com,SMB,FinTech,North,2022-11-14,8,lead,,False,False
3477,Hurst Inc,hurstinc.com,Mid-Market,Healthcare,West,2024-06-22,16,lead,,False,False
3398,Watson Inc,watsoninc.com,Mid-Market,Retail,South,2022-10-25,13,lead,,False,False
1211,"Robinson, Meza and Villegas",robinsonmezaandvillegas.com,SMB,Healthcare,North,2024-12-19,44,lead,,False,False
3106,Brown-Lester,brown-lester.com,SMB,Education,East,2022-09-16,3,lead,,False,False
1596,Montoya PLC,montoyaplc.com,Mid-Market,Education,West,2023-07-19,33,lead,,False,False
3892,"Bates, Shepherd and Tran",batesshepherdandtran.com,SMB,Education,East,2022-07-21,21,lead,,False,False
1349,Hopkins-Christensen,hopkins-christensen.com,SMB,Education,South,2022-09-26,18,lead,,False,False
3046,"Shaw, Torres and Wilson",shawtorresandwilson.com,SMB,Retail,South,2025-02-16,12,lead,,False,False
1680,"Rodriguez, Oconnell and Wheeler",rodriguezoconnellandwheeler.com,SMB,Education,South,2025-05-25,19,lead,,False,False
1502,Contreras-Chung,contreras-chung.com,SMB,Retail,North,2023-10-21,22,lead,,False,False
3707,Rodriguez-Cortez,rodriguez-cortez.com,SMB,Retail,International,2025-02-05,47,lead,,False,False
1254,Baker Inc,bakerinc.com,Enterprise,FinTech,South,2022-10-06,39,lead,,False,False
202,Flores Ltd,floresltd.com,SMB,FinTech,International,2022-09-05,48,lead,,False,False
440,Anderson LLC,andersonllc.com,SMB,FinTech,South,2023-11-26,18,lead,,False,False
3392,Brown-Davis,brown-davis.com,SMB,FinTech,North,2024-01-30,43,lead,,False,False
376,"Diaz, Robinson and Alexander",diazrobinsonandalexander.com,SMB,FinTech,West,2025-06-17,32,lead,,False,False
1655,Myers LLC,myersllc.com,Mid-Market,Education,North,2024-06-10,45,lead,,False,False
3194,Webster-King,webster-king.com,SMB,Healthcare,North,2022-07-31,9,lead,,False,False
308,Kirk-Phillips,kirk-phillips.com,SMB,Education,International,2024-06-14,44,lead,,False,False
2508,Cox Ltd,coxltd.com,SMB,Retail,East,2025-02-15,5,lead,,False,False
3293,"White, Adams and Gordon",whiteadamsandgordon.com,SMB,Education,North,2024-06-23,7,lead,,False,False
3009,"Rogers, Gamble and Terry",rogersgambleandterry.com,SMB,Education,North,2023-04-18,7,lead,,False,False
3453,"Montoya, Adams and Henry",montoyaadamsandhenry.com,SMB,Education,North,2024-06-28,5,lead,,False,False
2248,Downs-Smith,downs-smith.com,SMB,Healthcare,West,2024-01-28,33,lead,,False,False
943,Walters Group,waltersgroup.com,SMB,Retail,International,2022-11-07,50,lead,,False,False
1362,"Kline, Patterson and Jenkins",klinepattersonandjenkins.com,SMB,FinTech,North,2024-12-01,5,lead,,False,False
2502,Green Group,greengroup.com,SMB,Education,North,2024-06-17,18,lead,,False,False
120,"Lindsey, House and Stokes",lindseyhouseandstokes.com,SMB,Education,West,2022-09-10,33,lead,,False,False
3314,Martin Ltd,martinltd.com,SMB,Healthcare,East,2022-09-05,21,lead,,False,False
1408,"Franklin, Ward and Nichols",franklinwardandnichols.com,SMB,Healthcare,West,2024-03-10,37,lead,,False,False
2648,Gordon Group,gordongroup.com,Mid-Market,Education,East,2023-10-17,23,lead,,False,False
1826,Payne-Thomas,payne-thomas.com,SMB,Healthcare,North,2024-03-09,10,lead,,False,False
2638,"Wilson, Fisher and Brown",wilsonfisherandbrown.com,Mid-Market,Healthcare,South,2025-02-25,14,lead,,False,False
3275,Smith-Johnson,smith-johnson.com,SMB,FinTech,North,2025-01-31,5,lead,,False,False
1401,Andrews-Flores,andrews-flores.com,Mid-Market,Healthcare,South,2024-02-12,19,lead,,False,False
1814,Baker LLC,bakerllc.com,Mid-Market,Education,West,2022-09-12,20,lead,,False,False
2892,Barry-Ruiz,barry-ruiz.com,Mid-Market,FinTech,South,2023-11-02,16,lead,,False,False
2797,Mendez-Mccoy,mendez-mccoy.com,SMB,Retail,International,2024-07-10,44,lead,,False,False
1083,Livingston-Riley,livingston-riley.com,Mid-Market,Healthcare,South,2023-09-13,31,lead,,False,False
333,"Marshall, Williams and Parker",marshallwilliamsandparker.com,SMB,Healthcare,North,2024-10-25,2,lead,,False,False
2434,Davidson-Robinson,davidson-robinson.com,SMB,Retail,West,2022-12-01,39,lead,,False,False
2006,Harding-Green,harding-green.com,SMB,Retail,West,2024-11-27,40,lead,,False,False
3179,"Mcintosh, Smith and Moreno",mcintoshsmithandmoreno.com,Mid-Market,Healthcare,East,2024-10-06,25,lead,,False,False
148,Brown-Thompson,brown-thompson.com,Enterprise,FinTech,North,2025-01-29,18,lead,,False,False
2826,Wilkinson LLC,wilkinsonllc.com,Mid-Market,Healthcare,International,2023-12-17,49,lead,,False,False
1328,"Potts, Ortiz and Matthews",pottsortizandmatthews.com,Mid-Market,Education,North,2024-06-02,13,lead,,False,False
698,Jones Ltd,jonesltd.com,SMB,Retail,East,2024-08-24,21,lead,,False,False
2927,Reed and Sons,reedandsons.com,Mid-Market,FinTech,International,2023-05-02,49,lead,,False,False
2097,"Trujillo, Anderson and Golden",trujilloandersonandgolden.com,SMB,Education,North,2025-05-20,7,lead,,False,False
3077,Huynh and Sons,huynhandsons.com,Mid-Market,Retail,West,2024-03-02,33,lead,,False,False
52,Reynolds and Sons,reynoldsandsons.com,SMB,Education,North,2024-06-06,9,lead,,False,False
2649,"Hernandez, Williams and Shepard",hernandezwilliamsandshepard.com,SMB,Retail,International,2024-10-16,48,lead,,False,False
3769,Fox-Green,fox-green.com,SMB,Retail,East,2024-06-24,27,lead,,False,False
1995,Terrell-Torres,terrell-torres.com,Enterprise,FinTech,International,2024-04-24,2,lead,,False,False
356,Robertson LLC,robertsonllc.com,SMB,Education,South,2024-12-20,17,lead,,False,False
2078,"Blankenship, Rogers and Stevenson",blankenshiprogersandstevenson.com,Mid-Market,Education,South,2024-09-12,17,lead,,False,False
1598,Rodgers-Reese,rodgers-reese.com,SMB,Education,West,2024-10-26,36,lead,,False,False
807,Williams Inc,williamsinc.com,SMB,Education,North,2023-09-09,6,lead,,False,False
174,Jackson-Williams,jackson-williams.com,SMB,Education,International,2023-07-13,42,lead,,False,False
500,Stafford LLC,staffordllc.com,Mid-Market,FinTech,North,2023-08-07,1,lead,,False,False
734,Kelly-Campos,kelly-campos.com,Enterprise,Education,West,2022-08-17,35,lead,,False,False
1069,"Ortiz, Sherman and Green",ortizshermanandgreen.com,SMB,FinTech,South,2023-12-15,17,lead,,False,False
2085,"Harris, Oneal and Thompson",harrisonealandthompson.com,SMB,Healthcare,West,2022-09-25,34,lead,,False,False
2790,"Long, Curry and Moore",longcurryandmoore.com,Mid-Market,Education,West,2024-08-04,31,lead,,False,False
1216,Baker-Jensen,baker-jensen.com,Mid-Market,FinTech,North,2025-04-10,4,lead,,False,False
152,Merritt-Washington,merritt-washington.com,SMB,Healthcare,East,2023-05-19,29,lead,,False,False
2130,"Johnson, Smith and Simpson",johnsonsmithandsimpson.com,SMB,Education,North,2024-05-11,7,lead,,False,False
1476,Smith-Davis,smith-davis.com,Mid-Market,Healthcare,West,2023-12-10,38,lead,,False,False
195,Hutchinson Inc,hutchinsoninc.com,Mid-Market,FinTech,South,2024-06-09,16,lead,,False,False
3901,Mcclure-Ramos,mcclure-ramos.com,SMB,Retail,East,2023-08-15,13,lead,,False,False
388,Williams-Wu,williams-wu.com,SMB,Healthcare,North,2022-11-11,2,lead,,False,False
1521,Houston-Lozano,houston-lozano.com,Mid-Market,Healthcare,West,2024-09-01,19,lead,,False,False
351,Vega LLC,vegallc.com,Mid-Market,Retail,South,2023-09-17,39,lead,,False,False
1632,"Sloan, Mcbride and Gibson",sloanmcbrideandgibson.com,Mid-Market,Healthcare,North,2024-01-01,7,lead,,False,False
3205,Walters-Meyers,walters-meyers.com,SMB,Education,South,2025-05-10,17,lead,,False,False
140,"Burns, Campbell and Shepard",burnscampbellandshepard.com,Mid-Market,FinTech,West,2023-11-13,33,lead,,False,False
3175,Phelps-Ward,phelps-ward.com,Mid-Market,Education,West,2024-01-03,38,lead,,False,False
3819,"Chambers, Thompson and Martinez",chambersthompsonandmartinez.com,SMB,Retail,South,2023-07-28,11,lead,,False,False
2715,"Clark, Mason and Bradford",clarkmasonandbradford.com,Mid-Market,Education,West,2024-11-13,34,lead,,False,False
898,"Howe, Barnes and Lutz",howebarnesandlutz.com,SMB,FinTech,International,2023-10-04,48,lead,,False,False
413,"Stephens, Ramirez and Cobb",stephensramirezandcobb.com,Mid-Market,FinTech,North,2024-06-14,2,lead,,False,False
1752,Vasquez-Fisher,vasquez-fisher.com,Mid-Market,Education,South,2024-03-10,19,lead,,False,False
3370,Cannon Ltd,cannonltd.com,Mid-Market,FinTech,North,2025-06-29,14,lead,,False,False
3786,"Murphy, Olsen and Walter",murphyolsenandwalter.com,SMB,Healthcare,East,2023-09-24,24,lead,,False,False
657,"Jenkins, Franklin and Browning",jenkinsfranklinandbrowning.com,SMB,Healthcare,West,2025-03-15,36,lead,,False,False
1110,Barnes-Hill,barnes-hill.com,Mid-Market,Retail,East,2024-07-22,3,lead,,False,False
1780,Fitzpatrick LLC,fitzpatrickllc.com,SMB,FinTech,North,2024-08-04,47,lead,,False,False
2208,"Torres, Welch and Lutz",torreswelchandlutz.com,SMB,Education,South,2024-04-04,18,lead,,False,False
1947,"Glover, Walton and Stephens",gloverwaltonandstephens.com,SMB,FinTech,South,2024-02-07,17,lead,,False,False
2366,Keller-Webb,keller-webb.com,SMB,FinTech,West,2024-11-12,32,lead,,False,False
1515,"Dyer, Phillips and Davies",dyerphillipsanddavies.com,SMB,Healthcare,West,2023-11-12,36,lead,,False,False
2584,"Pope, Jackson and Jones",popejacksonandjones.com,Mid-Market,Education,South,2024-08-15,25,lead,,False,False
2865,"Wright, Franco and Garcia",wrightfrancoandgarcia.com,Mid-Market,Healthcare,South,2023-09-03,17,lead,,False,False
1161,Mccullough-Holland,mccullough-holland.com,SMB,Healthcare,North,2023-05-03,10,lead,,False,False
1886,"Brown, Anderson and Ford",brownandersonandford.com,SMB,Retail,North,2022-08-26,25,lead,,False,False
3355,Scott Ltd,scottltd.com,SMB,FinTech,South,2024-12-20,21,lead,,False,False
3291,Howard PLC,howardplc.com,SMB,FinTech,South,2023-05-24,11,lead,,False,False
3807,Estrada-Elliott,estrada-elliott.com,SMB,Retail,West,2023-06-29,31,lead,,False,False
3970,Ellis-Contreras,ellis-contreras.com,SMB,Education,West,2025-02-25,36,lead,,False,False
1534,Watson-Fox,watson-fox.com,SMB,FinTech,South,2024-09-23,17,lead,,False,False
2227,"Franco, Flores and Nguyen",francofloresandnguyen.com,Mid-Market,Retail,West,2025-01-21,37,lead,,False,False
535,"Orr, Terry and Owens",orrterryandowens.com,Mid-Market,Education,South,2024-08-10,19,lead,,False,False
705,"Dennis, Sullivan and Stout",dennissullivanandstout.com,SMB,Healthcare,East,2024-02-23,4,lead,,False,False
3615,"Wilson, Best and Zuniga",wilsonbestandzuniga.com,SMB,Retail,North,2024-03-09,1,lead,,False,False
1158,Hernandez Group,hernandezgroup.com,SMB,Healthcare,East,2023-12-21,22,lead,,False,False
2127,Bell Ltd,bellltd.com,Mid-Market,Education,South,2023-04-25,17,lead,,False,False
42,Perkins Inc,perkinsinc.com,SMB,Healthcare,East,2023-10-10,23,lead,,False,False
218,"Moore, Harding and Garcia",moorehardingandgarcia.com,Mid-Market,FinTech,North,2022-11-10,9,lead,,False,False
2636,Collins and Sons,collinsandsons.com,SMB,Retail,South,2024-02-23,18,lead,,False,False
1799,Harrison LLC,harrisonllc.com,Mid-Market,Retail,West,2025-06-11,32,lead,,False,False
771,Fields Inc,fieldsinc.com,Mid-Market,Education,North,2024-10-05,1,lead,,False,False
3208,Goodman-Davis,goodman-davis.com,Mid-Market,Retail,South,2023-01-22,19,lead,,False,False
2963,"Stewart, Johnson and Gonzalez",stewartjohnsonandgonzalez.com,Enterprise,Education,North,2025-03-19,29,lead,,False,False
1737,David PLC,davidplc.com,Mid-Market,Education,South,2023-10-03,19,lead,,False,False
1859,Henry Group,henrygroup.com,SMB,FinTech,South,2023-07-01,14,lead,,False,False
2677,Davis-Perkins,davis-perkins.com,SMB,Healthcare,South,2023-12-11,4,lead,,False,False
2429,"Serrano, Jenkins and Schneider",serranojenkinsandschneider.com,SMB,Healthcare,South,2025-03-02,13,lead,,False,False
2937,"Ward, Brown and Daniel",wardbrownanddaniel.com,SMB,Retail,North,2024-09-21,2,lead,,False,False
2314,"Durham, Wright and Chen",durhamwrightandchen.com,Mid-Market,FinTech,North,2023-11-22,1,lead,,False,False
499,"Lewis, Tran and Tyler",lewistranandtyler.com,Mid-Market,Retail,West,2023-08-18,35,lead,,False,False
2279,Smith-Pineda,smith-pineda.com,SMB,Healthcare,East,2023-11-08,5,lead,,False,False
3048,White-Robertson,white-robertson.com,Mid-Market,Retail,North,2022-09-12,10,lead,,False,False
1913,Miller-Campbell,miller-campbell.com,SMB,Healthcare,North,2023-07-24,5,lead,,False,False
981,"Robbins, Murphy and Cole",robbinsmurphyandcole.com,Mid-Market,Healthcare,North,2024-10-19,5,lead,,False,False
926,Reyes Ltd,reyesltd.com,SMB,FinTech,North,2023-06-08,10,lead,,False,False
3286,Davis LLC,davisllc.com,SMB,Education,East,2023-09-12,26,lead,,False,False
3112,Matthews PLC,matthewsplc.com,SMB,Healthcare,South,2023-10-13,15,lead,,False,False
3396,Massey Group,masseygroup.com,Mid-Market,Education,North,2023-07-22,38,lead,,False,False
694,Brown-Cox,brown-cox.com,SMB,Retail,International,2024-05-03,43,lead,,False,False
2056,Stewart PLC,stewartplc.com,SMB,Healthcare,South,2023-04-18,13,lead,,False,False
1411,"Bonilla, Ramirez and Rogers",bonillaramirezandrogers.com,SMB,FinTech,South,2025-02-11,12,lead,,False,False
3346,"Barry, Steele and Fitzgerald",barrysteeleandfitzgerald.com,SMB,FinTech,International,2024-08-15,42,lead,,False,False
899,Thomas-Chavez,thomas-chavez.com,Enterprise,Retail,South,2023-01-04,23,lead,,False,False
2317,"Turner, Edwards and Hart",turneredwardsandhart.com,Mid-Market,Healthcare,West,2024-09-30,36,lead,,False,False
591,York and Sons,yorkandsons.com,Enterprise,Retail,East,2024-04-03,30,lead,,False,False
752,Nguyen LLC,nguyenllc.com,SMB,Healthcare,East,2023-06-08,16,lead,,False,False
2803,Brown LLC,brownllc.com,SMB,Retail,North,2023-08-04,1,lead,,False,False
3689,"Berger, Hudson and Rodriguez",bergerhudsonandrodriguez.com,Mid-Market,Retail,South,2024-03-01,18,lead,,False,False
1740,Blevins PLC,blevinsplc.com,SMB,FinTech,South,2022-12-27,13,lead,,False,False
3649,Norton PLC,nortonplc.com,SMB,Education,West,2024-12-30,38,lead,,False,False
1525,Franklin-Carson,franklin-carson.com,Mid-Market,Healthcare,South,2023-07-08,16,lead,,False,False
715,"Stanton, Brown and Carr",stantonbrownandcarr.com,Mid-Market,Retail,North,2024-11-14,10,lead,,False,False
3617,"Rivera, Fernandez and Taylor",riverafernandezandtaylor.com,SMB,Education,South,2023-04-26,17,lead,,False,False
584,"Allen, Gray and Reyes",allengrayandreyes.com,Mid-Market,FinTech,West,2023-09-18,32,lead,,False,False
3261,"Malone, Mitchell and Zhang",malonemitchellandzhang.com,SMB,Healthcare,South,2025-02-27,20,lead,,False,False
1580,Smith Ltd,smithltd.com,SMB,Healthcare,International,2024-10-15,49,lead,,False,False
3035,Johnson Group,johnsongroup.com,SMB,FinTech,West,2025-02-09,34,lead,,False,False
1106,"Barry, Johnson and Velazquez",barryjohnsonandvelazquez.com,Mid-Market,Education,South,2025-07-03,12,lead,,False,False
1637,"Gibson, Thompson and Sutton",gibsonthompsonandsutton.com,SMB,Retail,International,2022-07-20,50,lead,,False,False
3374,"Soto, Shaw and Gill",sotoshawandgill.com,Mid-Market,FinTech,East,2023-04-01,24,lead,,False,False
2358,"Larsen, Ortiz and Ross",larsenortizandross.com,SMB,Education,International,2023-07-07,46,lead,,False,False
2935,Montes and Sons,montesandsons.com,SMB,Retail,West,2024-12-18,36,lead,,False,False
2397,Brooks LLC,brooksllc.com,SMB,FinTech,South,2024-01-19,14,lead,,False,False
1129,Stephenson and Sons,stephensonandsons.com,SMB,Retail,West,2023-12-09,36,lead,,False,False
1924,Montgomery and Sons,montgomeryandsons.com,SMB,Retail,West,2025-03-26,33,lead,,False,False
2403,Fisher LLC,fisherllc.com,SMB,FinTech,South,2024-04-21,47,lead,,False,False
3013,"Johnson, Ruiz and Jones",johnsonruizandjones.com,SMB,Retail,West,2024-11-21,36,lead,,False,False
2771,Todd LLC,toddllc.com,SMB,Healthcare,North,2023-04-23,10,lead,,False,False
2128,"Sawyer, Murphy and Larsen",sawyermurphyandlarsen.com,SMB,Retail,East,2023-03-25,27,lead,,False,False
1778,"Vaughan, Taylor and Thomas",vaughantaylorandthomas.com,Mid-Market,FinTech,North,2022-10-17,1,lead,,False,False
2616,Reynolds-Nielsen,reynolds-nielsen.com,SMB,Retail,East,2025-01-10,22,lead,,False,False
3826,Bender and Sons,benderandsons.com,SMB,FinTech,East,2022-12-17,8,lead,,False,False
512,"Hopkins, Sanders and French",hopkinssandersandfrench.com,SMB,FinTech,International,2025-06-25,43,lead,,False,False
2788,"Taylor, Lopez and Haley",taylorlopezandhaley.com,SMB,Retail,North,2024-10-22,9,lead,,False,False
3338,"Armstrong, Williams and Mccoy",armstrongwilliamsandmccoy.com,SMB,Education,West,2023-08-27,48,lead,,False,False
3750,"Crawford, Page and Ochoa",crawfordpageandochoa.com,SMB,Healthcare,North,2022-10-26,7,lead,,False,False
3342,Ramirez Ltd,ramirezltd.com,SMB,FinTech,International,2024-11-14,50,lead,,False,False
1136,"Smith, Allen and King",smithallenandking.com,SMB,Retail,East,2022-08-20,21,lead,,False,False
1854,Wilson LLC,wilsonllc.com,SMB,FinTech,North,2025-07-01,3,lead,,False,False
3313,Smith-Rodriguez,smith-rodriguez.com,SMB,FinTech,South,2022-12-30,45,lead,,False,False
2777,"Castro, Walker and Miller",castrowalkerandmiller.com,SMB,Education,East,2025-05-23,5,lead,,False,False
3672,Garcia-Schmidt,garcia-schmidt.com,SMB,Education,International,2022-10-10,50,lead,,False,False
414,Morris Ltd,morrisltd.com,SMB,FinTech,West,2022-10-03,37,lead,,False,False
3476,Gibson-Butler,gibson-butler.com,Mid-Market,Education,West,2022-08-21,31,lead,,False,False
3152,Johnston-George,johnston-george.com,SMB,Retail,International,2024-08-20,44,lead,,False,False
3894,"Thompson, Howell and Waters",thompsonhowellandwaters.com,Mid-Market,Healthcare,West,2023-12-16,12,lead,,False,False
3041,Casey-Bell,casey-bell.com,Enterprise,Education,International,2023-10-21,48,lead,,False,False
3092,"Glover, Stephens and Smith",gloverstephensandsmith.com,SMB,FinTech,North,2024-02-14,10,lead,,False,False
1917,Miller-Nichols,miller-nichols.com,SMB,Education,North,2024-10-14,29,lead,,False,False
3350,Serrano-Hernandez,serrano-hernandez.com,SMB,FinTech,West,2024-09-30,37,lead,,False,False
3260,"Chen, Anderson and Ramirez",chenandersonandramirez.com,SMB,Retail,North,2023-06-21,6,lead,,False,False
1375,Guerrero Ltd,guerreroltd.com,SMB,Retail,North,2022-10-26,39,lead,,False,False
586,Moran Inc,moraninc.com,SMB,Education,West,2024-09-17,33,lead,,False,False
1368,Watkins and Sons,watkinsandsons.com,Mid-Market,FinTech,West,2024-07-24,34,lead,,False,False
3196,Rowe Group,rowegroup.com,Mid-Market,Retail,South,2023-11-27,15,lead,,False,False
3848,"Watson, Payne and Moody",watsonpayneandmoody.com,SMB,Healthcare,West,2024-04-02,33,lead,,False,False
1779,Cooper Ltd,cooperltd.com,SMB,Education,East,2022-08-05,24,lead,,False,False
1928,Moore Group,mooregroup.com,Enterprise,FinTech,South,2022-09-09,19,lead,,False,False
2252,Hunter Ltd,hunterltd.com,SMB,Healthcare,East,2025-05-10,22,lead,,False,False
2852,Castro-Holmes,castro-holmes.com,SMB,Education,West,2024-08-09,33,lead,,False,False
3006,Jones-Gonzalez,jones-gonzalez.com,SMB,Healthcare,East,2023-05-04,25,lead,,False,False
3216,Hale-Bennett,hale-bennett.com,Mid-Market,Education,West,2024-10-15,40,lead,,False,False
619,"Craig, Bradley and Cowan",craigbradleyandcowan.com,SMB,Education,West,2023-06-23,39,lead,,False,False
2201,"Nguyen, Petersen and Powell",nguyenpetersenandpowell.com,SMB,Retail,South,2023-11-23,22,lead,,False,False
895,Combs-Leach,combs-leach.com,SMB,Education,West,2024-04-14,39,lead,,False,False
2553,Benitez-Walker,benitez-walker.com,Enterprise,Retail,East,2024-09-08,8,lead,,False,False
790,Gardner Inc,gardnerinc.com,SMB,Retail,East,2023-08-15,25,lead,,False,False
1097,"Green, Robinson and Quinn",greenrobinsonandquinn.com,SMB,FinTech,North,2024-05-10,2,lead,,False,False
1395,Rodriguez-Cox,rodriguez-cox.com,Mid-Market,Retail,North,2023-11-28,1,lead,,False,False
1660,"Jackson, James and Short",jacksonjamesandshort.com,Mid-Market,Education,West,2022-09-29,32,lead,,False,False
1855,Lane LLC,lanellc.com,SMB,FinTech,West,2025-01-21,34,lead,,False,False
3051,Roberson LLC,robersonllc.com,SMB,Education,North,2025-05-01,4,lead,,False,False
2517,Barber-Sherman,barber-sherman.com,Mid-Market,FinTech,South,2022-09-27,16,lead,,False,False
2529,"Harrington, Chapman and Torres",harringtonchapmanandtorres.com,SMB,Retail,West,2024-06-22,37,lead,,False,False
671,"Terry, Thompson and Campos",terrythompsonandcampos.com,SMB,FinTech,West,2023-04-24,34,lead,,False,False
3571,Jennings Ltd,jenningsltd.com,SMB,Education,South,2024-01-30,12,lead,,False,False
3751,Brown-House,brown-house.com,SMB,Retail,West,2024-09-09,40,lead,,False,False
3238,"Hurley, Wu and Marsh",hurleywuandmarsh.com,SMB,Education,West,2024-04-26,36,lead,,False,False
428,Bolton PLC,boltonplc.com,SMB,Education,West,2024-08-12,22,lead,,False,False
3712,Conrad Group,conradgroup.com,Mid-Market,Healthcare,East,2022-11-14,27,lead,,False,False
3531,"Montoya, Haney and Pena",montoyahaneyandpena.com,SMB,FinTech,West,2023-05-06,40,lead,,False,False
2861,"Vargas, Morales and Randall",vargasmoralesandrandall.com,Mid-Market,FinTech,International,2022-08-30,42,lead,,False,False
1898,"Lewis, Estes and Hardy",lewisestesandhardy.com,SMB,Healthcare,West,2023-03-29,35,lead,,False,False
1549,Rocha LLC,rochallc.com,SMB,Healthcare,East,2023-12-09,23,lead,,False,False
2779,"Garcia, Hood and Harvey",garciahoodandharvey.com,SMB,FinTech,North,2023-03-22,36,lead,,False,False
2740,"Young, Moore and Lowe",youngmooreandlowe.com,SMB,Healthcare,South,2022-11-27,12,lead,,False,False
2940,Weaver-Hanson,weaver-hanson.com,Enterprise,FinTech,East,2024-05-16,26,lead,,False,False
2951,Hubbard and Sons,hubbardandsons.com,Mid-Market,Education,West,2024-08-27,33,lead,,False,False
72,Jenkins-Hernandez,jenkins-hernandez.com,SMB,FinTech,International,2022-11-13,44,lead,,False,False
1638,Shaw Group,shawgroup.com,SMB,Retail,East,2023-03-10,26,lead,,False,False
3680,"Carlson, King and Parker",carlsonkingandparker.com,SMB,Education,International,2024-06-26,46,lead,,False,False
972,Larson-Lucas,larson-lucas.com,SMB,FinTech,South,2023-05-28,39,lead,,False,False
1133,"Fitzpatrick, Mitchell and Haley",fitzpatrickmitchellandhaley.com,SMB,FinTech,South,2022-11-19,13,lead,,False,False
902,Jones-Randall,jones-randall.com,SMB,Education,South,2024-06-18,16,lead,,False,False
3148,"Alexander, Hansen and Martin",alexanderhansenandmartin.com,SMB,FinTech,West,2024-05-23,35,lead,,False,False
651,"Kelley, Hudson and Wallace",kelleyhudsonandwallace.com,SMB,Retail,International,2023-01-04,42,lead,,False,False
157,Patel-Ortiz,patel-ortiz.com,Mid-Market,Healthcare,North,2023-06-08,8,lead,,False,False
1615,Anderson PLC,andersonplc.com,SMB,Education,West,2025-06-01,33,lead,,False,False
2219,"Williams, Conrad and Braun",williamsconradandbraun.com,SMB,Healthcare,South,2025-06-09,13,lead,,False,False
1380,Smith PLC,smithplc.com,SMB,Healthcare,West,2023-07-16,32,lead,,False,False
2126,"Wang, Dennis and James",wangdennisandjames.com,SMB,Healthcare,North,2023-11-16,6,lead,,False,False
922,"Jones, Vincent and Lara",jonesvincentandlara.com,SMB,Education,International,2023-09-29,47,lead,,False,False
64,"Meyer, Hamilton and Miller",meyerhamiltonandmiller.com,SMB,Retail,South,2023-06-08,10,lead,,False,False
3161,Griffith PLC,griffithplc.com,SMB,Retail,North,2025-06-03,2,lead,,False,False
596,Santiago Group,santiagogroup.com,SMB,Healthcare,West,2023-01-21,35,lead,,False,False
241,"Smith, Roberts and Mack",smithrobertsandmack.com,SMB,Healthcare,North,2024-02-28,7,lead,,False,False
3478,Myers-Hall,myers-hall.com,SMB,Healthcare,North,2023-05-13,6,lead,,False,False
812,Gregory-Young,gregory-young.com,Mid-Market,Retail,North,2023-10-03,9,lead,,False,False
3464,Ramirez-Bryant,ramirez-bryant.com,Enterprise,Healthcare,International,2024-01-04,24,lead,,False,False
2766,Jackson-Cochran,jackson-cochran.com,SMB,Retail,North,2025-06-24,7,lead,,False,False
229,Ayala-Harper,ayala-harper.com,Mid-Market,Education,North,2023-11-27,5,lead,,False,False
2021,"Martin, Hughes and Parker",martinhughesandparker.com,Mid-Market,Retail,North,2023-10-24,10,lead,,False,False
25,Pierce-Copeland,pierce-copeland.com,Mid-Market,Retail,North,2023-10-05,26,lead,,False,False
3997,"Summers, Bishop and Scott",summersbishopandscott.com,SMB,Healthcare,East,2022-11-05,9,lead,,False,False
1626,Palmer Group,palmergroup.com,SMB,Healthcare,North,2024-06-11,48,lead,,False,False
3828,Oconnor and Sons,oconnorandsons.com,SMB,FinTech,West,2023-01-31,36,lead,,False,False
1607,King Ltd,kingltd.com,SMB,Education,West,2023-03-15,32,lead,,False,False
3192,Jarvis-Wall,jarvis-wall.com,Mid-Market,FinTech,South,2024-12-15,14,lead,,False,False
1891,"Parker, Beltran and Davis",parkerbeltrananddavis.com,SMB,FinTech,West,2023-10-08,36,lead,,False,False
1738,Aguilar Inc,aguilarinc.com,SMB,Education,North,2023-04-18,3,lead,,False,False
3071,Coffey-Houston,coffey-houston.com,SMB,Retail,North,2024-06-10,8,lead,,False,False
1661,"Chang, Salazar and Griffin",changsalazarandgriffin.com,SMB,FinTech,South,2024-03-02,11,lead,,False,False
3423,Soto Ltd,sotoltd.com,Enterprise,Education,West,2024-08-27,49,lead,,False,False
2694,"Mitchell, Thomas and Harris",mitchellthomasandharris.com,SMB,FinTech,West,2025-01-28,34,lead,,False,False
1512,"Smith, Gentry and Jones",smithgentryandjones.com,SMB,Retail,West,2024-01-09,35,lead,,False,False
746,Lawson-Graham,lawson-graham.com,SMB,Education,North,2023-06-28,3,lead,,False,False
2908,Taylor PLC,taylorplc.com,Enterprise,Education,West,2025-02-05,36,lead,,False,False
1114,Pineda PLC,pinedaplc.com,SMB,FinTech,East,2024-02-22,30,lead,,False,False
2659,"Schneider, Castillo and Berger",schneidercastilloandberger.com,SMB,FinTech,International,2024-08-05,16,lead,,False,False
484,Reyes-Moore,reyes-moore.com,Enterprise,Healthcare,West,2023-01-12,36,lead,,False,False
360,Hicks-Gibbs,hicks-gibbs.com,SMB,FinTech,South,2024-02-28,18,lead,,False,False
2286,Martinez-Anderson,martinez-anderson.com,Mid-Market,FinTech,North,2023-04-16,10,lead,,False,False
1604,"Guerra, Mills and Parker",guerramillsandparker.com,SMB,Healthcare,East,2024-04-14,25,lead,,False,False
2091,Arnold-Shields,arnold-shields.com,SMB,FinTech,North,2024-02-25,2,lead,,False,False
3635,"Sanchez, Allen and Smith",sanchezallenandsmith.com,SMB,Education,East,2024-08-20,29,lead,,False,False
3145,"Brandt, Anderson and Pennington",brandtandersonandpennington.com,Enterprise,Education,West,2024-10-15,32,lead,,False,False
3184,Pena-Collins,pena-collins.com,Mid-Market,Healthcare,North,2023-07-19,10,lead,,False,False
634,"Garcia, Carroll and Allen",garciacarrollandallen.com,Mid-Market,Education,International,2023-03-06,46,lead,,False,False
2810,Gibson Ltd,gibsonltd.com,SMB,FinTech,North,2024-06-12,2,lead,,False,False
1483,"Johnson, Johnson and Ryan",johnsonjohnsonandryan.com,SMB,Education,South,2024-09-01,12,lead,,False,False
652,Martin LLC,martinllc.com,SMB,FinTech,East,2024-09-04,39,lead,,False,False
364,Fletcher Inc,fletcherinc.com,SMB,FinTech,East,2023-02-03,25,lead,,False,False
1857,Harper and Sons,harperandsons.com,SMB,Retail,East,2024-03-17,21,lead,,False,False
727,"Garcia, Shaw and Lee",garciashawandlee.com,SMB,Healthcare,West,2023-06-19,36,lead,,False,False
3942,Dominguez Ltd,dominguezltd.com,SMB,Healthcare,North,2023-09-26,1,lead,,False,False
3054,Morgan-Brady,morgan-brady.com,SMB,Healthcare,East,2024-12-05,31,lead,,False,False
1434,Lawson-Hughes,lawson-hughes.com,SMB,Healthcare,North,2024-01-16,6,lead,,False,False
1451,"Huber, Medina and Lyons",hubermedinaandlyons.com,Mid-Market,Education,West,2022-09-29,31,lead,,False,False
881,West-Trevino,west-trevino.com,Mid-Market,Healthcare,East,2023-06-18,23,lead,,False,False
2447,Garcia LLC,garciallc.com,Mid-Market,Education,East,2022-09-02,30,lead,,False,False
1137,"Roberts, Estrada and Hernandez",robertsestradaandhernandez.com,SMB,FinTech,West,2022-09-22,37,lead,,False,False
2822,Rivers-Stanley,rivers-stanley.com,SMB,FinTech,East,2024-12-16,26,lead,,False,False
3653,White Group,whitegroup.com,Mid-Market,Retail,South,2025-01-12,18,lead,,False,False
1162,"Mooney, Chambers and Thomas",mooneychambersandthomas.com,SMB,Healthcare,East,2023-09-21,2,lead,,False,False
3987,Torres Inc,torresinc.com,SMB,Healthcare,East,2024-05-17,32,lead,,False,False
2984,Pierce-Patterson,pierce-patterson.com,SMB,Retail,South,2024-04-29,19,lead,,False,False
2075,Weaver-Parks,weaver-parks.com,SMB,Education,North,2025-02-10,4,lead,,False,False
3086,Hall Inc,hallinc.com,SMB,Retail,South,2024-07-30,18,lead,,False,False
2029,"Harris, Vargas and Christian",harrisvargasandchristian.com,Mid-Market,Healthcare,North,2024-08-12,17,lead,,False,False
2965,Becker Group,beckergroup.com,SMB,Education,East,2025-01-29,21,lead,,False,False
3382,Lutz-Smith,lutz-smith.com,SMB,Education,West,2025-03-08,37,lead,,False,False
595,"Hernandez, Schneider and Armstrong",hernandezschneiderandarmstrong.com,Enterprise,Healthcare,West,2022-07-25,43,lead,,False,False
1343,Stewart LLC,stewartllc.com,Enterprise,FinTech,International,2024-04-18,3,lead,,False,False
2762,Lewis Group,lewisgroup.com,Mid-Market,Healthcare,North,2024-06-16,6,lead,,False,False
3195,"Jones, Tucker and Young",jonestuckerandyoung.com,SMB,Retail,South,2023-10-20,12,lead,,False,False
47,Cline Inc,clineinc.com,Mid-Market,FinTech,International,2024-10-04,42,lead,,False,False
1297,Alvarez-Alvarado,alvarez-alvarado.com,SMB,FinTech,East,2023-03-06,21,lead,,False,False
1810,Hughes-Thomas,hughes-thomas.com,Mid-Market,Healthcare,North,2025-05-03,10,lead,,False,False
3853,Vasquez Inc,vasquezinc.com,SMB,Education,East,2023-02-02,12,lead,,False,False
2123,Mendoza-Castillo,mendoza-castillo.com,SMB,FinTech,South,2022-10-31,13,lead,,False,False
2805,Dennis LLC,dennisllc.com,SMB,Healthcare,West,2023-03-09,35,lead,,False,False
1929,"Hawkins, Vazquez and Myers",hawkinsvazquezandmyers.com,Mid-Market,Healthcare,South,2023-06-21,17,lead,,False,False
2938,Turner-Benson,turner-benson.com,Enterprise,Retail,West,2023-02-23,32,lead,,False,False
1734,"Bentley, Nguyen and Mcdonald",bentleynguyenandmcdonald.com,Mid-Market,Healthcare,North,2022-10-09,5,lead,,False,False
2763,Johnson Group,johnsongroup.com,Enterprise,Retail,East,2023-03-18,21,lead,,False,False
2581,"Mitchell, Townsend and Larson",mitchelltownsendandlarson.com,SMB,Retail,East,2024-01-31,30,lead,,False,False
2332,Smith-Simon,smith-simon.com,SMB,Education,East,2023-03-20,26,lead,,False,False
1184,Jones Group,jonesgroup.com,SMB,FinTech,West,2025-05-05,38,lead,,False,False
507,Gomez-Brown,gomez-brown.com,SMB,Healthcare,South,2023-11-04,15,lead,,False,False
1270,Johnson and Sons,johnsonandsons.com,SMB,FinTech,East,2024-11-18,29,lead,,False,False
340,"Rodriguez, Sanchez and James",rodriguezsanchezandjames.com,Mid-Market,Healthcare,West,2022-09-01,31,lead,,False,False
589,Romero Ltd,romeroltd.com,SMB,FinTech,North,2022-09-26,5,lead,,False,False
1523,"Owen, Hayes and Bush",owenhayesandbush.com,SMB,Retail,West,2024-03-21,37,lead,,False,False
1795,"Sullivan, Peterson and Coleman",sullivanpetersonandcoleman.com,SMB,Healthcare,West,2024-03-31,40,lead,,False,False
2383,Cooper-Schneider,cooper-schneider.com,Mid-Market,Education,South,2022-09-14,20,lead,,False,False
2948,Snyder Inc,snyderinc.com,SMB,Healthcare,North,2024-07-19,1,lead,,False,False
3197,Turner LLC,turnerllc.com,Mid-Market,FinTech,West,2024-08-19,50,lead,,False,False
2847,Young PLC,youngplc.com,SMB,Healthcare,South,2022-11-24,12,lead,,False,False
1014,Williams LLC,williamsllc.com,SMB,Healthcare,South,2025-02-18,20,lead,,False,False
2802,Smith Inc,smithinc.com,SMB,Education,North,2024-01-30,7,lead,,False,False
950,Evans-Coleman,evans-coleman.com,SMB,Retail,North,2024-05-08,7,lead,,False,False
1760,Ellis-Wagner,ellis-wagner.com,SMB,Healthcare,East,2023-12-03,27,lead,,False,False
3816,Dyer-Cox,dyer-cox.com,SMB,Retail,North,2025-02-16,14,lead,,False,False
3108,"Thornton, Brown and Yoder",thorntonbrownandyoder.com,Mid-Market,FinTech,South,2024-07-19,13,lead,,False,False
492,Hartman and Sons,hartmanandsons.com,SMB,Education,South,2025-05-15,16,lead,,False,False
2289,Clarke-Carter,clarke-carter.com,SMB,Education,East,2025-07-02,30,lead,,False,False
2105,"Snyder, Vasquez and Lucas",snydervasquezandlucas.com,SMB,Education,East,2025-05-06,26,lead,,False,False
3958,Wright-Watson,wright-watson.com,SMB,FinTech,North,2024-01-03,30,lead,,False,False
2070,Mendez Inc,mendezinc.com,SMB,Retail,North,2022-07-23,6,lead,,False,False
2543,Burton Ltd,burtonltd.com,SMB,Education,International,2023-08-04,43,lead,,False,False
2108,"Ford, Gonzalez and Mcneil",fordgonzalezandmcneil.com,SMB,FinTech,South,2024-07-23,11,lead,,False,False
1507,Trujillo-House,trujillo-house.com,SMB,FinTech,East,2024-01-29,27,lead,,False,False
2055,"Frank, Espinoza and Howell",frankespinozaandhowell.com,SMB,FinTech,North,2023-01-30,9,lead,,False,False
2670,Estes-Cardenas,estes-cardenas.com,SMB,FinTech,South,2024-02-11,15,lead,,False,False
1894,Hammond-Dudley,hammond-dudley.com,SMB,FinTech,North,2022-09-04,45,lead,,False,False
2985,"Ellis, Hamilton and Bender",ellishamiltonandbender.com,SMB,Retail,West,2024-05-29,39,lead,,False,False
2225,Duarte Inc,duarteinc.com,Mid-Market,FinTech,North,2022-09-02,8,lead,,False,False
1396,Johnston and Sons,johnstonandsons.com,SMB,Healthcare,West,2023-02-27,7,lead,,False,False
1316,Ford-Garza,ford-garza.com,Enterprise,Retail,West,2023-11-26,33,lead,,False,False
2316,Marshall LLC,marshallllc.com,SMB,Healthcare,International,2023-07-11,47,lead,,False,False
2994,"Wilcox, Walker and Lopez",wilcoxwalkerandlopez.com,SMB,Retail,South,2023-06-26,11,lead,,False,False
2020,Carter-Ortiz,carter-ortiz.com,Mid-Market,FinTech,South,2024-05-06,13,lead,,False,False
2685,Park-Greer,park-greer.com,SMB,Education,North,2024-12-07,13,lead,,False,False
63,"Mccoy, Spence and Thomas",mccoyspenceandthomas.com,SMB,Retail,South,2023-11-28,21,lead,,False,False
2699,"Vargas, Perez and Elliott",vargasperezandelliott.com,Mid-Market,Education,East,2023-11-30,29,lead,,False,False
3306,Roberts-Campos,roberts-campos.com,SMB,Retail,West,2025-02-17,33,lead,,False,False
274,Rivera-Garcia,rivera-garcia.com,Enterprise,Retail,North,2023-08-09,5,lead,,False,False
770,Malone-Wallace,malone-wallace.com,SMB,Education,South,2025-04-27,11,lead,,False,False
366,"Ramirez, Jensen and Jones",ramirezjensenandjones.com,Mid-Market,Education,North,2022-09-29,6,lead,,False,False
1616,Allison-Brown,allison-brown.com,Mid-Market,Retail,West,2025-03-09,38,lead,,False,False
3760,"Rodgers, Smith and Parker",rodgerssmithandparker.com,Mid-Market,FinTech,West,2025-02-26,40,lead,,False,False
2707,Jones LLC,jonesllc.com,Mid-Market,FinTech,South,2025-01-06,18,lead,,False,False
1370,"Myers, Wilson and Graves",myerswilsonandgraves.com,SMB,FinTech,International,2025-06-21,30,lead,,False,False
3225,Moore LLC,moorellc.com,Mid-Market,Education,South,2022-11-08,14,lead,,False,False
2754,Allen-Clark,allen-clark.com,Mid-Market,Education,West,2022-09-10,36,lead,,False,False
249,Elliott-Mcknight,elliott-mcknight.com,SMB,Healthcare,West,2024-10-07,36,lead,,False,False
753,Davis-Potts,davis-potts.com,SMB,Healthcare,South,2024-04-30,13,lead,,False,False
682,"Barnes, Conley and Randall",barnesconleyandrandall.com,SMB,Retail,North,2023-07-23,10,lead,,False,False
2563,Morales-Cunningham,morales-cunningham.com,SMB,Education,West,2023-01-06,36,lead,,False,False
2071,"Guzman, Aguirre and Long",guzmanaguirreandlong.com,Mid-Market,Education,North,2023-10-31,1,lead,,False,False
2199,"Reyes, Chapman and Silva",reyeschapmanandsilva.com,SMB,Healthcare,South,2024-03-22,10,lead,,False,False
1789,"Green, Clark and Lewis",greenclarkandlewis.com,SMB,Retail,South,2025-04-20,15,lead,,False,False
1910,"Smith, Wood and Jenkins",smithwoodandjenkins.com,SMB,FinTech,West,2023-08-15,36,lead,,False,False
667,Kennedy Group,kennedygroup.com,SMB,Healthcare,International,2025-01-28,45,lead,,False,False
3215,Ramsey-Lucas,ramsey-lucas.com,SMB,Education,East,2024-12-24,22,lead,,False,False
1421,"Kelley, Alvarez and Moran",kelleyalvarezandmoran.com,SMB,Education,North,2023-06-16,13,lead,,False,False
3162,Garcia-Hughes,garcia-hughes.com,Mid-Market,Education,West,2024-08-18,40,lead,,False,False
1868,"Ellis, Fischer and Reed",ellisfischerandreed.com,SMB,Healthcare,West,2025-06-09,35,lead,,False,False
620,"Walker, Norman and Snyder",walkernormanandsnyder.com,Mid-Market,Retail,South,2024-11-07,25,lead,,False,False
880,Lewis-Singh,lewis-singh.com,SMB,FinTech,North,2023-11-22,9,lead,,False,False
1492,"Hernandez, Holland and Taylor",hernandezhollandandtaylor.com,SMB,Healthcare,East,2024-09-13,23,lead,,False,False
2705,Thompson Ltd,thompsonltd.com,Mid-Market,Healthcare,North,2023-04-08,2,lead,,False,False
1121,Solis Inc,solisinc.com,SMB,Retail,East,2022-10-25,27,lead,,False,False
2818,Brewer Ltd,brewerltd.com,SMB,FinTech,West,2025-07-09,38,lead,,False,False
341,Wilson Group,wilsongroup.com,Enterprise,FinTech,West,2024-06-04,36,lead,,False,False
416,Roach-Black,roach-black.com,SMB,FinTech,South,2023-08-01,19,lead,,False,False
53,"Crane, Ramirez and Harris",craneramirezandharris.com,SMB,Education,South,2024-07-09,12,lead,,False,False
3501,Hayes-Harrison,hayes-harrison.com,SMB,Healthcare,East,2023-10-11,26,lead,,False,False
1771,Smith-Nixon,smith-nixon.com,SMB,FinTech,West,2024-06-20,38,lead,,False,False
5,Martin Inc,martininc.com,SMB,Retail,North,2023-05-29,7,lead,,False,False
3312,Taylor Group,taylorgroup.com,SMB,Retail,West,2024-05-07,37,lead,,False,False
2365,Holmes-Holder,holmes-holder.com,SMB,FinTech,West,2024-05-05,35,lead,,False,False
897,Mendoza PLC,mendozaplc.com,Mid-Market,Healthcare,South,2023-10-15,19,lead,,False,False
1366,"Wilson, Gardner and Jones",wilsongardnerandjones.com,SMB,Healthcare,South,2023-03-19,13,lead,,False,False
2664,"Garcia, Lucas and Sanchez",garcialucasandsanchez.com,SMB,Education,North,2023-05-13,5,lead,,False,False
3422,Cummings-Powell,cummings-powell.com,SMB,Retail,North,2025-02-05,3,lead,,False,False
1875,"Adams, Gonzalez and Thomas",adamsgonzalezandthomas.com,SMB,Healthcare,West,2023-03-13,39,lead,,False,False
2611,Ware LLC,warellc.com,SMB,Education,International,2023-02-05,50,lead,,False,False
3527,"Gonzales, Rosales and Butler",gonzalesrosalesandbutler.com,SMB,FinTech,South,2024-11-24,13,lead,,False,False
21,Navarro and Sons,navarroandsons.com,Enterprise,Retail,West,2025-07-09,38,lead,,False,False
1553,Mccarthy Ltd,mccarthyltd.com,Mid-Market,Healthcare,North,2024-10-08,6,lead,,False,False
354,"English, Edwards and Fisher",englishedwardsandfisher.com,SMB,Healthcare,North,2023-04-09,48,lead,,False,False
1376,"Fletcher, Green and Terry",fletchergreenandterry.com,SMB,Retail,East,2023-08-10,29,lead,,False,False
2551,Phillips LLC,phillipsllc.com,Mid-Market,FinTech,West,2024-05-09,36,lead,,False,False
1953,Scott Group,scottgroup.com,Mid-Market,Retail,East,2023-12-23,25,lead,,False,False
2915,"Perez, Lucas and Mccarty",perezlucasandmccarty.com,SMB,Healthcare,North,2023-11-19,9,lead,,False,False
155,Church Ltd,churchltd.com,SMB,FinTech,West,2023-09-08,36,lead,,False,False
1642,Hudson Ltd,hudsonltd.com,SMB,Retail,International,2022-11-29,44,lead,,False,False
2043,Acosta Ltd,acostaltd.com,SMB,Education,North,2024-08-10,2,lead,,False,False
1739,Parker-Perez,parker-perez.com,SMB,FinTech,East,2023-08-27,23,lead,,False,False
3864,Cochran-Montoya,cochran-montoya.com,Mid-Market,Healthcare,East,2025-06-06,22,lead,,False,False
1520,Crawford Group,crawfordgroup.com,SMB,Healthcare,West,2025-06-01,33,lead,,False,False
3639,"Benitez, Hodges and Walsh",benitezhodgesandwalsh.com,SMB,Healthcare,East,2023-12-20,26,lead,,False,False
3742,Williams-Ward,williams-ward.com,SMB,Healthcare,South,2025-01-07,29,lead,,False,False
1490,Briggs-Jones,briggs-jones.com,Mid-Market,FinTech,West,2024-02-11,40,lead,,False,False
908,Bryant PLC,bryantplc.com,SMB,Education,North,2024-08-12,8,lead,,False,False
3849,"Baker, Hardin and Stanley",bakerhardinandstanley.com,SMB,Healthcare,East,2022-11-12,27,lead,,False,False
2374,Wood-Shields,wood-shields.com,SMB,Healthcare,South,2022-12-20,13,lead,,False,False
1265,Hodges Group,hodgesgroup.com,SMB,Education,West,2022-12-02,32,lead,,False,False
1176,Smith LLC,smithllc.com,SMB,FinTech,West,2025-03-05,35,lead,,False,False
316,Yoder Group,yodergroup.com,SMB,Education,North,2025-06-01,35,lead,,False,False
1384,"Marquez, Ward and Bennett",marquezwardandbennett.com,SMB,FinTech,East,2024-06-09,16,lead,,False,False
869,Smith Ltd,smithltd.com,SMB,Healthcare,West,2023-09-29,8,lead,,False,False
254,Benton-Mayo,benton-mayo.com,SMB,FinTech,North,2023-11-06,9,lead,,False,False
3781,"Fox, Rodriguez and Russell",foxrodriguezandrussell.com,SMB,FinTech,East,2024-04-03,22,lead,,False,False
118,Hahn Ltd,hahnltd.com,SMB,Healthcare,East,2025-03-25,6,lead,,False,False
701,Hanson-Morris,hanson-morris.com,SMB,Education,South,2022-09-24,17,lead,,False,False
2765,Thompson Ltd,thompsonltd.com,SMB,FinTech,North,2025-07-12,6,lead,,False,False
3666,Castro LLC,castrollc.com,SMB,Healthcare,South,2023-07-31,49,lead,,False,False
1169,Russell and Sons,russellandsons.com,SMB,Healthcare,West,2023-03-07,35,lead,,False,False
1706,"Carrillo, Lowe and Miller",carrilloloweandmiller.com,SMB,Retail,West,2022-07-24,39,lead,,False,False
225,Le Group,legroup.com,SMB,Education,West,2024-01-19,32,lead,,False,False
1422,"Martinez, Garrison and Henderson",martinezgarrisonandhenderson.com,SMB,Retail,West,2023-02-08,32,lead,,False,False
19,Salazar Group,salazargroup.com,Mid-Market,Healthcare,North,2023-06-08,2,lead,,False,False
1188,Washington LLC,washingtonllc.com,SMB,Healthcare,International,2023-06-30,47,lead,,False,False
2682,"Mack, Watts and Reed",mackwattsandreed.com,SMB,Education,North,2024-10-12,2,lead,,False,False
410,Davis PLC,davisplc.com,Mid-Market,Retail,West,2022-12-08,33,lead,,False,False
2112,"Brown, Nichols and Williams",brownnicholsandwilliams.com,SMB,Retail,West,2023-08-17,38,lead,,False,False
638,"Juarez, Colon and Reyes",juarezcolonandreyes.com,Mid-Market,Retail,South,2025-04-25,12,lead,,False,False
2322,Bennett-Miller,bennett-miller.com,SMB,Retail,West,2023-07-09,34,lead,,False,False
149,Cisneros and Sons,cisnerosandsons.com,Mid-Market,Education,South,2024-06-12,17,lead,,False,False
1245,"Chang, Contreras and Gonzalez",changcontrerasandgonzalez.com,SMB,Education,South,2025-03-05,20,lead,,False,False
1181,"Mendez, Klein and Smith",mendezkleinandsmith.com,SMB,Healthcare,North,2023-09-18,9,lead,,False,False
2997,Perez-Spencer,perez-spencer.com,SMB,Healthcare,West,2024-11-21,39,lead,,False,False
16,"Jones, King and Padilla",joneskingandpadilla.com,SMB,FinTech,International,2023-11-09,45,lead,,False,False
1341,"Harris, Massey and Peterson",harrismasseyandpeterson.com,Mid-Market,Education,East,2023-02-22,29,lead,,False,False
2086,Green-Ramirez,green-ramirez.com,Mid-Market,FinTech,International,2022-10-03,43,lead,,False,False
1019,"Mcmahon, Ferguson and Jones",mcmahonfergusonandjones.com,Mid-Market,Education,West,2023-06-08,37,lead,,False,False
2598,Hayden-Cook,hayden-cook.com,SMB,Healthcare,East,2023-02-16,22,lead,,False,False
1817,Phillips and Sons,phillipsandsons.com,SMB,Retail,North,2023-04-24,3,lead,,False,False
2450,Vega Inc,vegainc.com,SMB,Healthcare,West,2023-01-10,36,lead,,False,False
3780,"Wilson, Roberts and Marshall",wilsonrobertsandmarshall.com,Enterprise,Healthcare,South,2024-09-20,38,lead,,False,False
3907,Martin Inc,martininc.com,SMB,Education,North,2023-11-02,5,lead,,False,False
199,Costa-Butler,costa-butler.com,Mid-Market,Healthcare,East,2024-02-26,11,lead,,False,False
95,Morgan and Sons,morganandsons.com,SMB,Retail,South,2023-12-17,20,lead,,False,False
1051,"Bowman, Snow and Middleton",bowmansnowandmiddleton.com,SMB,Education,West,2025-01-29,49,lead,,False,False
1958,Perez Inc,perezinc.com,SMB,Education,International,2024-03-24,4,lead,,False,False
3417,"Randolph, Wilkins and Smith",randolphwilkinsandsmith.com,Mid-Market,Retail,North,2022-12-05,5,lead,,False,False
3893,"Brown, Garcia and Jenkins",browngarciaandjenkins.com,SMB,Retail,East,2025-01-07,29,lead,,False,False
113,Fleming-Dunlap,fleming-dunlap.com,SMB,Healthcare,North,2025-04-04,8,lead,,False,False
2392,Moore Group,mooregroup.com,SMB,Education,South,2024-04-05,13,lead,,False,False
2652,Butler-Wolf,butler-wolf.com,Mid-Market,Healthcare,North,2024-05-17,42,lead,,False,False
876,Simpson Inc,simpsoninc.com,Mid-Market,Healthcare,West,2023-09-21,1,lead,,False,False
573,Pruitt Ltd,pruittltd.com,Mid-Market,Education,East,2022-10-24,27,lead,,False,False
674,"Montgomery, Neal and Cobb",montgomerynealandcobb.com,Enterprise,FinTech,South,2022-08-07,19,lead,,False,False
2228,Stone PLC,stoneplc.com,SMB,Retail,West,2025-04-06,37,lead,,False,False
3930,Joseph-Davenport,joseph-davenport.com,Mid-Market,Education,East,2024-05-29,30,lead,,False,False
2047,Rogers PLC,rogersplc.com,Mid-Market,FinTech,North,2023-12-26,7,lead,,False,False
1075,"Adams, Jones and Marshall",adamsjonesandmarshall.com,Mid-Market,Retail,West,2024-05-22,48,lead,,False,False
2624,White LLC,whitellc.com,SMB,FinTech,International,2023-12-16,42,lead,,False,False
3681,"Foster, Thompson and Benson",fosterthompsonandbenson.com,SMB,Healthcare,South,2025-02-06,20,lead,,False,False
3748,"Wheeler, Mcknight and Wolf",wheelermcknightandwolf.com,SMB,Healthcare,International,2024-01-06,49,lead,,False,False
3603,Mills-Brock,mills-brock.com,Mid-Market,Education,International,2023-09-04,45,lead,,False,False
608,Eaton-Tyler,eaton-tyler.com,SMB,Retail,South,2023-11-25,16,lead,,False,False
290,"Obrien, Phillips and Jarvis",obrienphillipsandjarvis.com,SMB,Healthcare,South,2024-03-09,18,lead,,False,False
524,Terrell-Hancock,terrell-hancock.com,SMB,Healthcare,South,2023-12-29,19,lead,,False,False
2027,"Garcia, Young and Cain",garciayoungandcain.com,SMB,Education,East,2024-08-26,29,lead,,False,False
176,Petersen and Sons,petersenandsons.com,SMB,Education,South,2023-03-31,8,lead,,False,False
2599,"Reyes, Hodges and Johnson",reyeshodgesandjohnson.com,SMB,Education,West,2022-08-16,35,lead,,False,False
1676,"Ramirez, Norman and Brock",ramireznormanandbrock.com,Enterprise,Retail,East,2024-07-09,27,lead,,False,False
3000,"Martin, Rojas and Preston",martinrojasandpreston.com,SMB,Education,East,2024-01-17,23,lead,,False,False
186,Snyder Ltd,snyderltd.com,Mid-Market,FinTech,North,2023-03-22,7,lead,,False,False
582,Jackson and Sons,jacksonandsons.com,SMB,Healthcare,East,2023-01-27,21,lead,,False,False
3067,Davis-Jordan,davis-jordan.com,Mid-Market,FinTech,West,2025-03-28,34,lead,,False,False
3135,Guerra-Evans,guerra-evans.com,SMB,Healthcare,South,2024-06-16,20,lead,,False,False
3414,"Evans, Jones and Kennedy",evansjonesandkennedy.com,SMB,FinTech,East,2023-12-05,21,lead,,False,False
3089,"Snyder, Wilson and Williams",snyderwilsonandwilliams.com,SMB,Retail,North,2025-03-31,14,lead,,False,False
3927,"Gomez, Johnson and Perez",gomezjohnsonandperez.com,SMB,Education,West,2025-06-20,21,lead,,False,False
3033,"Moore, Smith and Hinton",mooresmithandhinton.com,SMB,Healthcare,West,2022-09-05,37,lead,,False,False
1454,"Smith, Brown and Francis",smithbrownandfrancis.com,SMB,Education,International,2023-11-28,43,lead,,False,False
2751,"Williams, Rodgers and Nelson",williamsrodgersandnelson.com,Mid-Market,Healthcare,North,2022-10-04,3,lead,,False,False
151,Cummings-Bentley,cummings-bentley.com,SMB,Retail,International,2024-06-14,6,lead,,False,False
3137,Morrow-Alexander,morrow-alexander.com,SMB,FinTech,East,2023-10-06,29,lead,,False,False
2505,Clark-Fisher,clark-fisher.com,Enterprise,FinTech,East,2023-03-27,24,lead,,False,False
873,Patterson-Ellis,patterson-ellis.com,SMB,Retail,South,2024-06-19,14,lead,,False,False
577,Cook PLC,cookplc.com,SMB,Retail,West,2023-03-20,32,lead,,False,False
125,Bowman-Melendez,bowman-melendez.com,SMB,Healthcare,West,2023-03-24,36,lead,,False,False
3116,Christensen-Marshall,christensen-marshall.com,SMB,Retail,North,2025-07-10,2,lead,,False,False
854,"Cooke, Wright and Young",cookewrightandyoung.com,SMB,FinTech,South,2024-11-19,22,lead,,False,False
3467,Myers Ltd,myersltd.com,Mid-Market,Education,East,2024-09-28,27,lead,,False,False
1774,Hernandez-Alvarado,hernandez-alvarado.com,SMB,Retail,West,2023-04-21,39,lead,,False,False
3324,Lang-Goodwin,lang-goodwin.com,Mid-Market,Healthcare,North,2024-06-03,4,lead,,False,False
932,"Hensley, Horn and Hurst",hensleyhornandhurst.com,SMB,FinTech,South,2023-10-11,38,lead,,False,False
227,Day and Sons,dayandsons.com,SMB,Healthcare,South,2025-05-03,13,lead,,False,False
594,"Johnson, Myers and Smith",johnsonmyersandsmith.com,SMB,FinTech,North,2025-01-13,9,lead,,False,False
1198,"Johnson, Mccall and Lawrence",johnsonmccallandlawrence.com,Mid-Market,Retail,West,2024-03-19,40,lead,,False,False
2868,Hunter-Webb,hunter-webb.com,SMB,Education,International,2024-07-24,48,lead,,False,False
329,"Torres, Arnold and Kim",torresarnoldandkim.com,SMB,FinTech,South,2024-07-26,38,lead,,False,False
3099,Cortez-Rice,cortez-rice.com,Mid-Market,Education,South,2024-09-02,43,lead,,False,False
226,Kelly LLC,kellyllc.com,SMB,Healthcare,North,2023-11-23,46,lead,,False,False
1732,Johnson PLC,johnsonplc.com,SMB,Retail,East,2022-11-01,42,lead,,False,False
3296,"Holden, Patrick and Chambers",holdenpatrickandchambers.com,Mid-Market,Retail,West,2023-06-24,40,lead,,False,False
1837,Gates-Maynard,gates-maynard.com,SMB,Education,East,2022-08-01,30,lead,,False,False
2410,Morrison LLC,morrisonllc.com,SMB,Retail,South,2022-12-08,11,lead,,False,False
3525,Miles-Schultz,miles-schultz.com,SMB,Retail,East,2022-08-14,30,lead,,False,False
3448,Henry and Sons,henryandsons.com,SMB,Education,International,2024-06-26,49,lead,,False,False
2888,Smith-Stewart,smith-stewart.com,SMB,FinTech,South,2024-05-02,13,lead,,False,False
85,Jacobson-Flores,jacobson-flores.com,SMB,Education,East,2024-08-08,25,lead,,False,False
2032,"Chen, Davis and Ortega",chendavisandortega.com,SMB,Retail,South,2024-08-28,15,lead,,False,False
1849,Ortiz-Wilson,ortiz-wilson.com,Mid-Market,Healthcare,North,2025-03-11,7,lead,,False,False
1973,Berger-Gonzalez,berger-gonzalez.com,SMB,Retail,North,2022-08-25,31,lead,,False,False
1656,"Thomas, Hill and Brennan",thomashillandbrennan.com,SMB,Healthcare,North,2024-03-23,13,lead,,False,False
2221,"Harper, Holloway and Bryant",harperhollowayandbryant.com,Enterprise,Healthcare,North,2023-07-10,8,lead,,False,False
367,Klein-Jordan,klein-jordan.com,SMB,Healthcare,West,2022-12-05,25,lead,,False,False
117,Anderson and Sons,andersonandsons.com,SMB,Education,East,2023-09-02,30,lead,,False,False
2142,Johnson Group,johnsongroup.com,SMB,Retail,North,2022-10-24,4,lead,,False,False
2552,"Garcia, Andrews and Dickson",garciaandrewsanddickson.com,SMB,Retail,East,2023-06-11,29,lead,,False,False
735,Johnson PLC,johnsonplc.com,SMB,Retail,West,2022-12-30,35,lead,,False,False
3341,Bishop PLC,bishopplc.com,SMB,Education,North,2023-11-28,10,lead,,False,False
2069,Hernandez Group,hernandezgroup.com,Mid-Market,Retail,South,2023-07-10,19,lead,,False,False
1481,Mathis-Powers,mathis-powers.com,SMB,Education,East,2023-01-26,29,lead,,False,False
2560,Garrett and Sons,garrettandsons.com,Mid-Market,Healthcare,West,2023-09-30,33,lead,,False,False
82,Wong-Gay,wong-gay.com,SMB,Healthcare,West,2024-09-30,32,lead,,False,False
1345,Guerrero Ltd,guerreroltd.com,Enterprise,Education,South,2023-04-14,16,lead,,False,False
786,Diaz-Price,diaz-price.com,SMB,FinTech,East,2023-06-21,22,lead,,False,False
1038,Lee Group,leegroup.com,Mid-Market,Healthcare,East,2024-03-29,30,lead,,False,False
399,Coleman-Moreno,coleman-moreno.com,SMB,FinTech,West,2023-10-24,38,lead,,False,False
1243,Rogers-Cochran,rogers-cochran.com,SMB,Retail,West,2024-11-15,38,lead,,False,False
2646,Scott Group,scottgroup.com,SMB,Education,South,2024-07-26,17,lead,,False,False
3810,Campbell-Michael,campbell-michael.com,SMB,Education,South,2022-12-23,13,lead,,False,False
1729,Evans-Sanchez,evans-sanchez.com,Mid-Market,Retail,West,2023-02-22,38,lead,,False,False
3754,Lopez-Dickerson,lopez-dickerson.com,SMB,Retail,West,2024-10-05,26,lead,,False,False
3240,"Williams, Baker and Jackson",williamsbakerandjackson.com,SMB,Education,North,2024-12-01,31,lead,,False,False
50,Brock-Howard,brock-howard.com,Mid-Market,FinTech,South,2023-03-08,17,lead,,False,False
2060,Brown Group,browngroup.com,SMB,Education,International,2022-10-23,47,lead,,False,False
2978,"Diaz, Pruitt and Cook",diazpruittandcook.com,SMB,FinTech,North,2023-12-16,5,lead,,False,False
1536,"Murphy, Cisneros and Chung",murphycisnerosandchung.com,Enterprise,Education,North,2023-11-07,8,lead,,False,False
2264,"Carr, Evans and Walker",carrevansandwalker.com,SMB,Education,West,2025-07-17,13,lead,,False,False
527,"Owens, Johnson and Booker",owensjohnsonandbooker.com,Mid-Market,Education,East,2023-03-21,26,lead,,False,False
2828,Miller PLC,millerplc.com,SMB,Retail,South,2022-08-07,20,lead,,False,False
3713,Smith PLC,smithplc.com,SMB,Healthcare,North,2023-08-28,3,lead,,False,False
3546,"Herman, Conrad and Rivera",hermanconradandrivera.com,SMB,Retail,West,2025-06-09,33,lead,,False,False
310,"Cox, Gonzalez and Robinson",coxgonzalezandrobinson.com,Mid-Market,FinTech,West,2025-06-22,40,lead,,False,False
2945,"Romero, Ross and Prince",romerorossandprince.com,SMB,Education,International,2025-03-28,43,lead,,False,False
369,Miller and Sons,millerandsons.com,Mid-Market,Healthcare,South,2024-12-25,14,lead,,False,False
2304,"Garrett, Townsend and Walker",garretttownsendandwalker.com,SMB,Retail,South,2023-08-29,16,lead,,False,False
2380,Holmes and Sons,holmesandsons.com,SMB,Retail,East,2023-04-07,1,lead,,False,False
673,Mccall and Sons,mccallandsons.com,SMB,FinTech,North,2023-03-15,8,lead,,False,False
1406,Harris PLC,harrisplc.com,SMB,Healthcare,West,2025-01-22,37,lead,,False,False
61,"Lopez, Graves and Tyler",lopezgravesandtyler.com,Mid-Market,Healthcare,South,2025-07-18,11,lead,,False,False
3758,Newman Inc,newmaninc.com,SMB,FinTech,North,2024-08-28,6,lead,,False,False
3880,"Fisher, Underwood and Johnson",fisherunderwoodandjohnson.com,SMB,Education,East,2023-04-30,26,lead,,False,False
1410,Ochoa-Gomez,ochoa-gomez.com,SMB,FinTech,South,2023-03-28,15,lead,,False,False
3855,Buckley and Sons,buckleyandsons.com,SMB,Healthcare,West,2024-05-20,21,lead,,False,False
2120,Boyd-Woods,boyd-woods.com,SMB,FinTech,International,2022-08-08,45,lead,,False,False
2571,Mccullough-Mclaughlin,mccullough-mclaughlin.com,Mid-Market,Education,South,2023-05-07,11,lead,,False,False
3439,Bell Group,bellgroup.com,SMB,Education,South,2025-06-29,20,lead,,False,False
2969,Schaefer-Hudson,schaefer-hudson.com,Mid-Market,Education,North,2022-08-10,9,lead,,False,False
136,"Gates, Walters and Williams",gateswaltersandwilliams.com,SMB,Retail,North,2024-02-15,3,lead,,False,False
666,Stevens PLC,stevensplc.com,Mid-Market,Education,East,2023-08-05,30,lead,,False,False
597,Turner-Huynh,turner-huynh.com,SMB,Education,North,2025-03-10,4,lead,,False,False
3126,Benson Group,bensongroup.com,SMB,Healthcare,North,2023-07-19,5,lead,,False,False
3180,Ellis-Green,ellis-green.com,SMB,Retail,East,2022-10-12,29,lead,,False,False
1199,Quinn-Owens,quinn-owens.com,SMB,Retail,West,2024-04-24,38,lead,,False,False
2159,Mckinney-Rice,mckinney-rice.com,SMB,Retail,West,2023-10-02,34,lead,,False,False
402,"Hill, Petty and Campbell",hillpettyandcampbell.com,Mid-Market,Healthcare,East,2023-07-27,25,lead,,False,False
2561,Hughes and Sons,hughesandsons.com,SMB,Retail,West,2024-09-11,32,lead,,False,False
1803,"Mueller, Taylor and Thompson",muellertaylorandthompson.com,SMB,Retail,South,2024-04-21,14,lead,,False,False
883,Burke-Singh,burke-singh.com,SMB,Education,West,2022-10-25,39,lead,,False,False
623,Banks-Silva,banks-silva.com,SMB,Education,North,2024-07-11,29,lead,,False,False
3458,Madden-Gay,madden-gay.com,SMB,Healthcare,South,2024-11-23,17,lead,,False,False
134,Wilson-Chapman,wilson-chapman.com,SMB,Education,East,2023-02-02,26,lead,,False,False
953,Bush PLC,bushplc.com,Mid-Market,Retail,East,2024-02-27,25,lead,,False,False
3660,Dixon-Berger,dixon-berger.com,SMB,FinTech,North,2024-07-01,4,lead,,False,False
487,Hobbs Inc,hobbsinc.com,SMB,Education,North,2024-11-21,9,lead,,False,False
3908,Ferguson-Miller,ferguson-miller.com,SMB,Healthcare,East,2025-01-27,26,lead,,False,False
633,"Williams, Levine and Johnson",williamslevineandjohnson.com,SMB,FinTech,South,2022-08-10,15,lead,,False,False
910,Underwood-Jones,underwood-jones.com,SMB,Retail,North,2024-06-28,1,lead,,False,False
3460,Everett and Sons,everettandsons.com,SMB,Healthcare,North,2024-09-07,7,lead,,False,False
1770,Mccullough Ltd,mcculloughltd.com,SMB,FinTech,West,2025-03-12,36,lead,,False,False
2980,"Hale, Caldwell and Padilla",halecaldwellandpadilla.com,SMB,Education,West,2022-09-23,38,lead,,False,False
2238,Smith Ltd,smithltd.com,Mid-Market,FinTech,West,2023-04-02,40,lead,,False,False
1692,Gonzales-Woodward,gonzales-woodward.com,SMB,Education,North,2025-03-12,3,lead,,False,False
3005,"Riley, Davis and Berry",rileydavisandberry.com,SMB,Education,South,2025-04-06,15,lead,,False,False
1424,West-Sanchez,west-sanchez.com,SMB,Retail,North,2024-03-27,7,lead,,False,False
3752,Thompson-Cooper,thompson-cooper.com,Mid-Market,FinTech,South,2022-10-24,18,lead,,False,False
2195,"Beard, Davenport and Johnson",bearddavenportandjohnson.com,Mid-Market,Healthcare,South,2024-02-25,15,lead,,False,False
3363,Hayes Ltd,hayesltd.com,SMB,FinTech,International,2023-11-05,49,lead,,False,False
224,Allen-Edwards,allen-edwards.com,SMB,Education,West,2022-08-29,31,lead,,False,False
1981,"Gross, Miller and Schmitt",grossmillerandschmitt.com,SMB,Retail,South,2024-01-14,15,lead,,False,False
1716,"Mclaughlin, Graves and Mcpherson",mclaughlingravesandmcpherson.com,SMB,FinTech,East,2025-04-09,25,lead,,False,False
3047,Bailey Inc,baileyinc.com,SMB,FinTech,North,2024-09-26,7,lead,,False,False
2172,Snyder-Morris,snyder-morris.com,SMB,FinTech,East,2022-09-07,11,lead,,False,False
780,"Franklin, Brown and Dean",franklinbrownanddean.com,Enterprise,Retail,East,2022-12-09,23,lead,,False,False
3753,Oconnor-Thompson,oconnor-thompson.com,SMB,Retail,West,2025-05-08,32,lead,,False,False
3601,"Johnson, Smith and Johnson",johnsonsmithandjohnson.com,Mid-Market,Education,East,2024-12-10,2,lead,,False,False
1713,Mccarthy-Taylor,mccarthy-taylor.com,Mid-Market,Healthcare,West,2025-01-24,40,lead,,False,False
2999,Sosa-Farley,sosa-farley.com,Mid-Market,FinTech,South,2024-10-15,14,lead,,False,False
3798,James Ltd,jamesltd.com,SMB,Education,West,2024-04-28,33,lead,,False,False
643,Thomas PLC,thomasplc.com,SMB,Retail,North,2023-06-18,6,lead,,False,False
863,Butler-Sloan,butler-sloan.com,Mid-Market,Healthcare,East,2023-09-15,5,lead,,False,False
836,"Montoya, Rosales and Williams",montoyarosalesandwilliams.com,Mid-Market,FinTech,West,2024-12-03,37,lead,,False,False
2823,Anderson Group,andersongroup.com,SMB,Healthcare,West,2025-05-20,13,lead,,False,False
219,Gregory PLC,gregoryplc.com,SMB,Healthcare,East,2023-07-10,21,lead,,False,False
3357,Ellis-Gonzales,ellis-gonzales.com,SMB,FinTech,East,2022-12-14,24,lead,,False,False
146,Donaldson LLC,donaldsonllc.com,SMB,Education,North,2023-03-27,39,lead,,False,False
1664,Potter LLC,potterllc.com,SMB,Education,East,2025-04-20,30,lead,,False,False
1204,Humphrey-Landry,humphrey-landry.com,SMB,Healthcare,East,2024-08-25,26,lead,,False,False
2973,"Reynolds, Willis and Thomas",reynoldswillisandthomas.com,Mid-Market,Healthcare,South,2023-03-02,37,lead,,False,False
3207,"Rhodes, Munoz and Drake",rhodesmunozanddrake.com,Mid-Market,Retail,South,2023-02-26,19,lead,,False,False
139,Lloyd Group,lloydgroup.com,SMB,Education,North,2023-10-19,19,lead,,False,False
3271,Galloway Ltd,gallowayltd.com,Mid-Market,FinTech,West,2024-10-04,31,lead,,False,False
3801,Riley Ltd,rileyltd.com,SMB,Retail,International,2023-02-15,45,lead,,False,False
2562,Brown-Michael,brown-michael.com,SMB,Education,International,2025-05-24,45,lead,,False,False
3031,Anderson Group,andersongroup.com,Mid-Market,FinTech,East,2022-07-27,27,lead,,False,False
695,Anderson Inc,andersoninc.com,SMB,Retail,North,2024-05-09,6,lead,,False,False
1455,Peterson-Phillips,peterson-phillips.com,Mid-Market,Education,West,2023-05-28,39,lead,,False,False
1911,Russell LLC,russellllc.com,SMB,Healthcare,West,2023-06-12,39,lead,,False,False
2389,Sharp and Sons,sharpandsons.com,Enterprise,Education,North,2022-12-30,2,lead,,False,False
1381,"Watson, Thomas and Rojas",watsonthomasandrojas.com,SMB,Education,South,2024-07-12,17,lead,,False,False
261,Johnson and Sons,johnsonandsons.com,SMB,Education,East,2023-03-15,30,lead,,False,False
1807,Marsh PLC,marshplc.com,SMB,Healthcare,West,2023-11-15,34,lead,,False,False
2774,"Mcdaniel, King and Simpson",mcdanielkingandsimpson.com,Mid-Market,FinTech,East,2023-08-30,1,lead,,False,False
697,Fox Group,foxgroup.com,SMB,Healthcare,West,2023-11-24,45,lead,,False,False
889,"Taylor, Hunt and Maxwell",taylorhuntandmaxwell.com,Mid-Market,Healthcare,West,2023-07-27,34,lead,,False,False
2681,Price Group,pricegroup.com,Mid-Market,Education,East,2023-12-29,29,lead,,False,False
2318,"Kennedy, Turner and Adams",kennedyturnerandadams.com,SMB,Retail,North,2022-10-22,10,lead,,False,False
1671,"Owens, Nunez and Kelly",owensnunezandkelly.com,SMB,Healthcare,South,2024-08-30,14,lead,,False,False
1831,Tate and Sons,tateandsons.com,SMB,FinTech,East,2024-06-20,24,lead,,False,False
3954,Webb PLC,webbplc.com,Mid-Market,FinTech,South,2022-10-17,17,lead,,False,False
2217,Bishop-Anderson,bishop-anderson.com,SMB,FinTech,West,2025-03-31,23,lead,,False,False
2103,Lester-Robertson,lester-robertson.com,SMB,Healthcare,West,2022-10-09,40,lead,,False,False
3841,Griffith Ltd,griffithltd.com,SMB,Healthcare,West,2023-05-27,36,lead,,False,False
558,Keller-Wagner,keller-wagner.com,SMB,FinTech,North,2023-06-03,7,lead,,False,False
253,Lee-George,lee-george.com,Mid-Market,FinTech,East,2022-10-31,15,lead,,False,False
1425,Brooks-Hernandez,brooks-hernandez.com,SMB,Education,East,2024-03-04,30,lead,,False,False
320,Fuller-Riley,fuller-riley.com,SMB,FinTech,North,2024-05-04,6,lead,,False,False
3685,Miller-Gilbert,miller-gilbert.com,Mid-Market,FinTech,East,2024-09-22,30,lead,,False,False
1847,Maddox Inc,maddoxinc.com,SMB,Retail,West,2025-01-17,38,lead,,False,False
647,Powell LLC,powellllc.com,SMB,Education,South,2023-05-18,18,lead,,False,False
1977,Porter and Sons,porterandsons.com,SMB,FinTech,South,2023-04-20,11,lead,,False,False
2290,Parks-Russell,parks-russell.com,SMB,Education,East,2022-07-31,29,lead,,False,False
3447,"Smith, Potter and Garcia",smithpotterandgarcia.com,SMB,Education,West,2023-10-10,33,lead,,False,False
1177,"Miller, Garcia and Wheeler",millergarciaandwheeler.com,SMB,Education,West,2025-07-17,32,lead,,False,False
903,Russell-Murphy,russell-murphy.com,SMB,Healthcare,International,2023-05-06,34,lead,,False,False
2382,Roth Group,rothgroup.com,SMB,Retail,International,2023-06-08,50,lead,,False,False
1338,Meyers-Gordon,meyers-gordon.com,SMB,Healthcare,North,2022-08-28,1,lead,,False,False
3902,Wilson-Martinez,wilson-martinez.com,SMB,Healthcare,South,2024-01-03,39,lead,,False,False
2585,Edwards Group,edwardsgroup.com,SMB,FinTech,International,2025-02-18,46,lead,,False,False
112,"Hudson, Williams and Frank",hudsonwilliamsandfrank.com,SMB,FinTech,North,2024-04-09,2,lead,,False,False
2564,Miller and Sons,millerandsons.com,Mid-Market,FinTech,North,2025-04-05,2,lead,,False,False
766,Fleming PLC,flemingplc.com,Mid-Market,Retail,East,2023-10-12,21,lead,,False,False
1916,Spencer-Meyers,spencer-meyers.com,SMB,FinTech,West,2024-08-10,33,lead,,False,False
1663,Hood-Martinez,hood-martinez.com,Mid-Market,Healthcare,West,2023-07-05,39,lead,,False,False
2605,Bryant PLC,bryantplc.com,SMB,Education,East,2025-01-28,45,lead,,False,False
2586,"Miller, Trevino and Fitzpatrick",millertrevinoandfitzpatrick.com,Mid-Market,Retail,South,2024-10-21,16,lead,,False,False
1583,Pham Ltd,phamltd.com,SMB,Retail,North,2024-07-28,7,lead,,False,False
2512,"Smith, Long and Wise",smithlongandwise.com,SMB,Healthcare,East,2024-11-20,27,lead,,False,False
740,"Smith, Moyer and Grimes",smithmoyerandgrimes.com,Mid-Market,Retail,North,2024-07-09,40,lead,,False,False
769,Taylor-Baker,taylor-baker.com,SMB,Healthcare,South,2023-09-14,26,lead,,False,False
2992,Smith-Hall,smith-hall.com,Mid-Market,Healthcare,West,2022-10-03,31,lead,,False,False
3072,Banks PLC,banksplc.com,Mid-Market,Retail,North,2024-10-04,26,lead,,False,False
2012,Baker-Gonzales,baker-gonzales.com,SMB,Retail,West,2024-10-22,17,lead,,False,False
3795,"Miller, Hall and Fitzgerald",millerhallandfitzgerald.com,SMB,Retail,West,2022-11-23,37,lead,,False,False
3499,"Anderson, Barnes and Quinn",andersonbarnesandquinn.com,SMB,Healthcare,North,2023-12-15,10,lead,,False,False
3105,"Williamson, Cobb and Barrett",williamsoncobbandbarrett.com,SMB,Education,South,2025-06-29,13,lead,,False,False
3724,Miller-Acosta,miller-acosta.com,Enterprise,Retail,West,2022-11-20,40,lead,,False,False
692,"Jacobs, Jones and Delgado",jacobsjonesanddelgado.com,Mid-Market,Healthcare,International,2023-11-15,50,lead,,False,False
3693,"Ware, Williams and Baker",warewilliamsandbaker.com,SMB,Healthcare,East,2024-12-24,30,lead,,False,False
2936,Nguyen Ltd,nguyenltd.com,Mid-Market,Retail,North,2024-08-20,6,lead,,False,False
3726,Walker-Wallace,walker-wallace.com,SMB,Retail,International,2022-11-30,48,lead,,False,False
1246,Saunders-Horne,saunders-horne.com,Enterprise,Healthcare,International,2023-12-08,47,lead,,False,False
636,Smith-Poole,smith-poole.com,SMB,Education,South,2025-03-15,18,lead,,False,False
2893,Lewis LLC,lewisllc.com,SMB,Education,East,2023-11-15,29,lead,,False,False
3659,Oconnell Group,oconnellgroup.com,Mid-Market,Education,West,2024-08-18,40,lead,,False,False
3643,Tyler-Dunn,tyler-dunn.com,Mid-Market,Retail,International,2023-09-01,48,lead,,False,False
1172,Willis Inc,willisinc.com,SMB,Education,East,2023-03-16,26,lead,,False,False
1449,Nelson Ltd,nelsonltd.com,Mid-Market,Education,International,2023-10-31,44,lead,,False,False
2827,"Mejia, Morris and Hill",mejiamorrisandhill.com,Mid-Market,FinTech,East,2025-04-15,26,lead,,False,False
3870,Scott Inc,scottinc.com,SMB,Healthcare,South,2024-12-24,19,lead,,False,False
2655,Williams LLC,williamsllc.com,Mid-Market,FinTech,South,2022-12-07,18,lead,,False,False
1400,"Wyatt, Murphy and Miller",wyattmurphyandmiller.com,SMB,FinTech,International,2024-01-03,50,lead,,False,False
3585,King-Ramirez,king-ramirez.com,SMB,Healthcare,South,2025-03-13,18,lead,,False,False
3244,Grant-Moore,grant-moore.com,Mid-Market,Healthcare,West,2025-01-30,38,lead,,False,False
1202,Ramos LLC,ramosllc.com,SMB,Education,North,2024-09-21,9,lead,,False,False
3141,Parks-Walker,parks-walker.com,SMB,Education,South,2023-01-03,12,lead,,False,False
2145,Morris-Pineda,morris-pineda.com,SMB,Retail,East,2023-09-07,32,lead,,False,False
887,Blackwell Inc,blackwellinc.com,SMB,Education,North,2024-12-12,5,lead,,False,False
2671,"Gonzalez, Jimenez and Taylor",gonzalezjimenezandtaylor.com,Enterprise,Education,West,2023-12-23,47,lead,,False,False
526,Rodriguez-Wright,rodriguez-wright.com,SMB,Healthcare,South,2024-04-28,42,lead,,False,False
2371,Suarez-Parker,suarez-parker.com,SMB,Retail,South,2024-06-27,15,lead,,False,False
2836,Parker-Powell,parker-powell.com,Mid-Market,Healthcare,East,2024-04-01,22,lead,,False,False
3919,Ferguson-Cox,ferguson-cox.com,Mid-Market,Healthcare,International,2024-04-30,48,lead,,False,False
1541,"Richardson, Hamilton and Pacheco",richardsonhamiltonandpacheco.com,SMB,Healthcare,West,2024-05-14,33,lead,,False,False
1450,Bolton LLC,boltonllc.com,SMB,Healthcare,East,2024-08-23,24,lead,,False,False
1567,Estes Group,estesgroup.com,Mid-Market,Education,West,2023-09-30,31,lead,,False,False
2117,Higgins PLC,higginsplc.com,SMB,Retail,West,2022-08-06,40,lead,,False,False
3863,Morris Ltd,morrisltd.com,SMB,FinTech,East,2024-05-08,21,lead,,False,False
1335,Moore-Larson,moore-larson.com,SMB,Retail,International,2024-08-23,43,lead,,False,False
3612,"Barrera, Figueroa and Mitchell",barrerafigueroaandmitchell.com,Mid-Market,Education,South,2023-11-25,11,lead,,False,False
2284,Graves LLC,gravesllc.com,SMB,Retail,South,2023-07-10,16,lead,,False,False
992,"Brooks, Mitchell and Gregory",brooksmitchellandgregory.com,SMB,Retail,South,2023-08-05,16,lead,,False,False
2246,Parks-Montes,parks-montes.com,SMB,Education,North,2023-08-01,10,lead,,False,False
2451,"Turner, Sanchez and Cordova",turnersanchezandcordova.com,SMB,Healthcare,North,2024-06-08,7,lead,,False,False
289,"Callahan, Randolph and Allen",callahanrandolphandallen.com,SMB,FinTech,South,2025-06-19,11,lead,,False,False
3682,Pacheco-Williams,pacheco-williams.com,SMB,Healthcare,South,2022-08-06,14,lead,,False,False
2139,Johnson PLC,johnsonplc.com,Mid-Market,Retail,South,2024-12-20,18,lead,,False,False
103,Smith-Barber,smith-barber.com,SMB,FinTech,West,2024-03-07,39,lead,,False,False
3345,Berry LLC,berryllc.com,SMB,Healthcare,East,2024-06-21,30,lead,,False,False
3200,Morgan Inc,morganinc.com,Mid-Market,FinTech,North,2025-05-10,9,lead,,False,False
486,Mason-Jackson,mason-jackson.com,SMB,Education,International,2025-06-01,44,lead,,False,False
3737,Scott-Santos,scott-santos.com,SMB,Retail,North,2024-01-08,10,lead,,False,False
8,Coleman-Bailey,coleman-bailey.com,SMB,Retail,International,2024-01-01,45,lead,,False,False
949,Gardner-Williams,gardner-williams.com,SMB,Retail,North,2024-02-22,2,lead,,False,False
3674,"Holmes, Williamson and James",holmeswilliamsonandjames.com,SMB,Education,International,2023-09-15,47,lead,,False,False
1679,Smith-Young,smith-young.com,SMB,FinTech,East,2023-03-04,22,lead,,False,False
2254,Norton-Woodard,norton-woodard.com,SMB,Healthcare,International,2024-03-01,50,lead,,False,False
1120,Hicks Group,hicksgroup.com,SMB,Retail,South,2024-05-14,14,lead,,False,False
2480,Ortega-Myers,ortega-myers.com,SMB,Education,East,2022-09-16,21,lead,,False,False
1667,Miller Group,millergroup.com,Mid-Market,Retail,West,2025-02-14,48,lead,,False,False
485,"Robinson, Palmer and Rivera",robinsonpalmerandrivera.com,SMB,Retail,East,2023-04-07,23,lead,,False,False
1538,"Powell, Mccarthy and Riley",powellmccarthyandriley.com,SMB,FinTech,South,2025-02-28,16,lead,,False,False
3486,Morgan-Rodgers,morgan-rodgers.com,SMB,Healthcare,South,2024-03-18,15,lead,,False,False
3812,Wood Ltd,woodltd.com,SMB,FinTech,North,2025-07-13,9,lead,,False,False
1299,Rodriguez PLC,rodriguezplc.com,SMB,Education,West,2024-08-01,33,lead,,False,False
2813,"Larson, Doyle and Jones",larsondoyleandjones.com,SMB,Retail,East,2025-03-21,30,lead,,False,False
3629,Davidson-Steele,davidson-steele.com,SMB,Healthcare,East,2024-01-22,24,lead,,False,False
1164,Morris LLC,morrisllc.com,Mid-Market,Healthcare,East,2025-03-27,30,lead,,False,False
205,Miller-Robinson,miller-robinson.com,SMB,FinTech,East,2022-12-29,21,lead,,False,False
728,"Meyers, Jones and Mendoza",meyersjonesandmendoza.com,Mid-Market,Healthcare,East,2024-05-07,21,lead,,False,False
1885,"Hodges, Church and Clark",hodgeschurchandclark.com,SMB,FinTech,North,2022-07-31,5,lead,,False,False
2882,Berg-Alvarez,berg-alvarez.com,SMB,Healthcare,East,2022-07-25,26,lead,,False,False
3159,Smith Inc,smithinc.com,SMB,FinTech,East,2024-11-07,26,lead,,False,False
3630,Fry and Sons,fryandsons.com,SMB,Education,East,2024-07-23,21,lead,,False,False
2008,"Freeman, Gordon and Wade",freemangordonandwade.com,SMB,Retail,East,2024-01-08,24,lead,,False,False
646,Wright LLC,wrightllc.com,Enterprise,FinTech,West,2023-04-02,37,lead,,False,False
1147,Collins LLC,collinsllc.com,Mid-Market,Education,East,2022-12-12,25,lead,,False,False
1339,"Reyes, Black and Booth",reyesblackandbooth.com,Mid-Market,FinTech,West,2024-11-25,35,lead,,False,False
278,Jones-Nolan,jones-nolan.com,SMB,FinTech,West,2023-07-07,16,lead,,False,False
703,Rollins-Holt,rollins-holt.com,SMB,Education,East,2024-07-19,7,lead,,False,False
3960,Holden Ltd,holdenltd.com,SMB,FinTech,South,2023-08-29,12,lead,,False,False
660,"Hall, Espinoza and Moore",hallespinozaandmoore.com,SMB,FinTech,West,2024-04-22,33,lead,,False,False
3004,Andrews PLC,andrewsplc.com,Mid-Market,FinTech,East,2024-03-25,22,lead,,False,False
916,"Johnson, Wright and Martinez",johnsonwrightandmartinez.com,Mid-Market,Education,South,2024-09-07,20,lead,,False,False
1324,Ramos-Schwartz,ramos-schwartz.com,SMB,FinTech,East,2022-08-23,22,lead,,False,False
3675,"Mcbride, Mitchell and Gilbert",mcbridemitchellandgilbert.com,Mid-Market,FinTech,East,2024-02-07,27,lead,,False,False
2820,Nelson PLC,nelsonplc.com,SMB,Education,South,2023-12-01,18,lead,,False,False
1367,"Benitez, Graham and Vasquez",benitezgrahamandvasquez.com,Mid-Market,FinTech,West,2023-06-26,14,lead,,False,False
853,Martin and Sons,martinandsons.com,Mid-Market,FinTech,South,2024-07-02,19,lead,,False,False
3921,"Kane, Benson and Chavez",kanebensonandchavez.com,SMB,Education,North,2024-07-25,5,lead,,False,False
3497,Price-Chen,price-chen.com,SMB,Education,East,2024-01-30,10,lead,,False,False
2082,"Schmidt, Moran and Ritter",schmidtmoranandritter.com,SMB,Retail,North,2024-06-08,1,lead,,False,False
3749,"Crawford, Taylor and Woods",crawfordtaylorandwoods.com,SMB,FinTech,East,2023-02-11,25,lead,,False,False
906,Nunez-Baldwin,nunez-baldwin.com,SMB,Healthcare,East,2023-12-05,25,lead,,False,False
282,Washington LLC,washingtonllc.com,SMB,FinTech,West,2022-10-10,36,lead,,False,False
1508,Carey and Sons,careyandsons.com,SMB,Retail,East,2022-12-17,21,lead,,False,False
122,Chavez and Sons,chavezandsons.com,SMB,Retail,North,2022-12-23,2,lead,,False,False
3898,"White, Smith and Glover",whitesmithandglover.com,SMB,Retail,North,2023-08-21,9,lead,,False,False
765,Ruiz Group,ruizgroup.com,SMB,FinTech,East,2024-11-13,11,lead,,False,False
3731,"Walls, Williams and Riley",wallswilliamsandriley.com,SMB,Education,North,2022-12-28,7,lead,,False,False
3533,Rodriguez-Lin,rodriguez-lin.com,SMB,Education,South,2025-04-11,46,lead,,False,False
773,Newton-Park,newton-park.com,SMB,Healthcare,West,2024-07-07,1,lead,,False,False
1636,Stewart PLC,stewartplc.com,SMB,Healthcare,West,2022-08-09,32,lead,,False,False
1448,Patton-Jones,patton-jones.com,SMB,Retail,East,2023-02-10,49,lead,,False,False
3229,"Callahan, Rice and Thornton",callahanriceandthornton.com,SMB,Healthcare,East,2024-08-10,27,lead,,False,False
2759,Hickman PLC,hickmanplc.com,Mid-Market,Healthcare,East,2022-10-24,26,lead,,False,False
3900,Fritz Group,fritzgroup.com,SMB,Retail,South,2024-08-07,20,lead,,False,False
3228,Gilmore LLC,gilmorellc.com,Mid-Market,Education,International,2024-04-14,46,lead,,False,False
3920,"Meyer, Woodard and Mcmillan",meyerwoodardandmcmillan.com,Mid-Market,Education,East,2022-10-15,26,lead,,False,False
3489,Trujillo Group,trujillogroup.com,SMB,FinTech,East,2025-04-12,26,lead,,False,False
3214,Hayes Group,hayesgroup.com,SMB,FinTech,North,2024-03-27,1,lead,,False,False
153,"White, Vance and Rodriguez",whitevanceandrodriguez.com,SMB,Healthcare,East,2022-07-22,22,lead,,False,False
1825,"Jenkins, Johnson and Miller",jenkinsjohnsonandmiller.com,SMB,Education,West,2023-12-06,38,lead,,False,False
605,Mckinney PLC,mckinneyplc.com,SMB,Retail,South,2024-10-17,17,lead,,False,False
1631,"Jackson, Thornton and Newman",jacksonthorntonandnewman.com,SMB,Retail,South,2023-09-18,19,lead,,False,False
2583,Barker PLC,barkerplc.com,SMB,Retail,North,2025-01-30,6,lead,,False,False
1720,"Mcknight, Gray and Smith",mcknightgrayandsmith.com,Mid-Market,FinTech,South,2025-05-17,6,lead,,False,False
3163,Reed PLC,reedplc.com,SMB,Education,East,2025-04-08,23,lead,,False,False
279,"Smith, Paul and Gibbs",smithpaulandgibbs.com,SMB,Retail,West,2022-09-20,31,lead,,False,False
2084,Riley Group,rileygroup.com,SMB,Healthcare,North,2022-12-06,8,lead,,False,False
1215,Mitchell Group,mitchellgroup.com,SMB,Retail,West,2024-03-05,39,lead,,False,False
2161,Bennett and Sons,bennettandsons.com,SMB,FinTech,South,2025-03-28,15,lead,,False,False
538,Fernandez and Sons,fernandezandsons.com,Mid-Market,Education,South,2024-05-13,48,lead,,False,False
1797,Adams-Jensen,adams-jensen.com,Mid-Market,Healthcare,East,2023-08-04,31,lead,,False,False
1156,Jenkins Group,jenkinsgroup.com,SMB,Healthcare,North,2023-12-30,5,lead,,False,False
1633,Underwood PLC,underwoodplc.com,SMB,Education,East,2024-08-08,25,lead,,False,False
3038,"Taylor, Kim and Chen",taylorkimandchen.com,Mid-Market,Education,North,2022-12-31,7,lead,,False,False
3326,Ewing-Rose,ewing-rose.com,SMB,FinTech,North,2022-12-27,10,lead,,False,False
3661,"Mcgee, Henry and Riddle",mcgeehenryandriddle.com,SMB,Retail,East,2022-10-28,30,lead,,False,False
2522,Osborne LLC,osbornellc.com,Mid-Market,Healthcare,West,2025-04-01,35,lead,,False,False
3053,Thomas-Palmer,thomas-palmer.com,SMB,FinTech,North,2023-11-09,1,lead,,False,False
2164,Norman and Sons,normanandsons.com,SMB,Healthcare,West,2024-03-30,37,lead,,False,False
2278,Gutierrez LLC,gutierrezllc.com,Mid-Market,Education,East,2024-03-01,24,lead,,False,False
389,"Davis, Lamb and Schaefer",davislambandschaefer.com,SMB,Retail,West,2023-12-27,34,lead,,False,False
664,"Mclean, Jackson and Todd",mcleanjacksonandtodd.com,SMB,FinTech,East,2023-08-08,27,lead,,False,False
2873,Patterson PLC,pattersonplc.com,Mid-Market,FinTech,North,2023-01-21,9,lead,,False,False
2702,Ochoa and Sons,ochoaandsons.com,SMB,Retail,North,2023-01-03,5,lead,,False,False
101,Bush-Carrillo,bush-carrillo.com,SMB,Healthcare,West,2024-09-10,36,lead,,False,False
1334,Howell and Sons,howellandsons.com,SMB,FinTech,International,2023-09-18,25,lead,,False,False
2269,Medina PLC,medinaplc.com,SMB,FinTech,West,2024-12-09,36,lead,,False,False
3420,"Marquez, Lee and Andrade",marquezleeandandrade.com,Mid-Market,FinTech,West,2023-08-03,39,lead,,False,False
2903,Bird-Gillespie,bird-gillespie.com,SMB,Education,International,2023-12-10,49,lead,,False,False
3600,"Aguilar, Christensen and Rodriguez",aguilarchristensenandrodriguez.com,SMB,Education,East,2025-03-02,25,lead,,False,False
968,Gomez Inc,gomezinc.com,Mid-Market,Healthcare,West,2023-01-02,32,lead,,False,False
985,Kerr Inc,kerrinc.com,Mid-Market,Retail,West,2023-06-26,39,lead,,False,False
2714,Strickland and Sons,stricklandandsons.com,SMB,Healthcare,South,2024-07-02,37,lead,,False,False
6,"Patterson, Reed and Thomas",pattersonreedandthomas.com,SMB,Healthcare,East,2022-12-09,15,lead,,False,False
1568,Marquez-Ramos,marquez-ramos.com,SMB,Healthcare,South,2022-09-13,15,lead,,False,False
2184,Alvarez-Holland,alvarez-holland.com,SMB,FinTech,International,2023-12-10,47,lead,,False,False
3545,Dennis and Sons,dennisandsons.com,SMB,Education,International,2023-04-13,46,lead,,False,False
3861,Hall-Lindsey,hall-lindsey.com,SMB,Retail,East,2024-12-19,33,lead,,False,False
2072,Castillo and Sons,castilloandsons.com,SMB,Retail,West,2023-12-27,40,lead,,False,False
238,Hinton-Brown,hinton-brown.com,SMB,FinTech,East,2025-02-02,25,lead,,False,False
2343,Johnston Inc,johnstoninc.com,SMB,Healthcare,North,2024-02-28,4,lead,,False,False
62,Guerrero LLC,guerrerollc.com,SMB,Retail,West,2023-07-03,37,lead,,False,False
3250,Garcia PLC,garciaplc.com,SMB,FinTech,North,2022-11-15,4,lead,,False,False
1079,"Gross, Salinas and Rodriguez",grosssalinasandrodriguez.com,SMB,FinTech,South,2022-09-20,15,lead,,False,False
641,"Farmer, Potter and Rios",farmerpotterandrios.com,Mid-Market,Retail,West,2025-06-24,37,lead,,False,False
2817,Newman-Rhodes,newman-rhodes.com,Mid-Market,Healthcare,North,2024-02-13,4,lead,,False,False
1062,"Oconnell, Khan and Shaw",oconnellkhanandshaw.com,Enterprise,FinTech,North,2024-05-31,1,lead,,False,False
1495,Castro Ltd,castroltd.com,SMB,Education,North,2023-03-11,7,lead,,False,False
1850,Long-Evans,long-evans.com,SMB,Healthcare,East,2025-01-03,27,lead,,False,False
2801,Leach-Morrison,leach-morrison.com,SMB,Retail,West,2025-04-08,48,lead,,False,False
3671,Gutierrez-Petersen,gutierrez-petersen.com,Mid-Market,FinTech,West,2025-05-30,31,lead,,False,False
1134,Phillips-Nguyen,phillips-nguyen.com,SMB,Education,West,2023-03-10,33,lead,,False,False
1678,Skinner-Morales,skinner-morales.com,SMB,Retail,South,2024-05-27,17,lead,,False,False
712,"Mckenzie, Schmidt and Lewis",mckenzieschmidtandlewis.com,SMB,Education,West,2025-04-25,40,lead,,False,False
590,Chapman PLC,chapmanplc.com,Mid-Market,FinTech,North,2023-11-02,7,lead,,False,False
477,Gray-Wilson,gray-wilson.com,SMB,Education,International,2025-01-10,46,lead,,False,False
1593,Flores and Sons,floresandsons.com,Enterprise,Education,South,2023-01-25,11,lead,,False,False
3536,"Vargas, Christensen and Page",vargaschristensenandpage.com,SMB,FinTech,South,2024-11-23,18,lead,,False,False
1055,Nguyen PLC,nguyenplc.com,SMB,Education,West,2024-02-05,39,lead,,False,False
3084,Diaz-Wheeler,diaz-wheeler.com,SMB,FinTech,North,2025-01-28,7,lead,,False,False
2051,"Livingston, King and Strickland",livingstonkingandstrickland.com,SMB,Education,South,2023-11-05,11,lead,,False,False
2421,"Dunn, Armstrong and Griffin",dunnarmstrongandgriffin.com,SMB,Healthcare,West,2022-12-06,32,lead,,False,False
2520,Davis Inc,davisinc.com,Mid-Market,Retail,East,2023-11-30,29,lead,,False,False
1100,"White, Wright and Coleman",whitewrightandcoleman.com,SMB,Education,South,2025-04-04,19,lead,,False,False
1684,"Young, Whitaker and Morgan",youngwhitakerandmorgan.com,Mid-Market,Education,North,2022-08-30,9,lead,,False,False
2242,"Nelson, Lewis and Sherman",nelsonlewisandsherman.com,Enterprise,Healthcare,South,2024-11-29,16,lead,,False,False
1337,"Fowler, Riley and Phillips",fowlerrileyandphillips.com,SMB,Retail,East,2025-04-14,27,lead,,False,False
2015,"Johnson, Castillo and Hunter",johnsoncastilloandhunter.com,SMB,Education,International,2025-05-09,46,lead,,False,False
2523,White-Davis,white-davis.com,SMB,Education,International,2024-06-27,45,lead,,False,False
59,Scott-Walton,scott-walton.com,Enterprise,Retail,North,2024-07-09,6,lead,,False,False
2255,Khan Inc,khaninc.com,SMB,Education,West,2025-03-23,21,lead,,False,False
1802,"Wright, Long and Day",wrightlongandday.com,Mid-Market,FinTech,International,2024-11-02,45,lead,,False,False
2010,Cain-Adams,cain-adams.com,Enterprise,Education,International,2022-08-18,49,lead,,False,False
919,Moses-Hill,moses-hill.com,SMB,Education,West,2025-01-16,37,lead,,False,False
1707,Clarke Group,clarkegroup.com,Mid-Market,Education,South,2024-03-20,12,lead,,False,False
3651,"Kennedy, Chavez and Nunez",kennedychavezandnunez.com,SMB,Education,East,2024-05-18,25,lead,,False,False
844,Carrillo-Powers,carrillo-powers.com,SMB,Healthcare,West,2024-03-06,39,lead,,False,False
3101,"Anderson, Banks and King",andersonbanksandking.com,SMB,Healthcare,West,2022-12-03,36,lead,,False,False
2353,"Mills, Castillo and Gonzales",millscastilloandgonzales.com,SMB,Retail,South,2025-03-09,15,lead,,False,False
3883,Joseph Ltd,josephltd.com,SMB,Retail,East,2023-06-26,26,lead,,False,False
2760,Kim and Sons,kimandsons.com,Enterprise,FinTech,West,2023-11-14,32,lead,,False,False
1070,Potter-Rodriguez,potter-rodriguez.com,Mid-Market,Retail,East,2024-08-07,30,lead,,False,False
3299,"Miller, Ibarra and Perkins",milleribarraandperkins.com,SMB,Education,West,2023-02-13,36,lead,,False,False
2095,Robinson PLC,robinsonplc.com,SMB,Education,North,2022-08-19,5,lead,,False,False
3449,Porter-Smith,porter-smith.com,Enterprise,Healthcare,West,2025-04-22,35,lead,,False,False
2899,Thomas and Sons,thomasandsons.com,Enterprise,Healthcare,West,2025-05-02,35,lead,,False,False
763,Horton LLC,hortonllc.com,SMB,Healthcare,South,2025-04-10,13,lead,,False,False
3510,Coleman-Mitchell,coleman-mitchell.com,SMB,Healthcare,West,2023-11-13,38,lead,,False,False
2229,Ramirez-Calhoun,ramirez-calhoun.com,SMB,FinTech,South,2024-04-16,14,lead,,False,False
3704,Guzman-Briggs,guzman-briggs.com,Mid-Market,Retail,International,2025-05-17,49,lead,,False,False
1117,"Rubio, Shaffer and Kelley",rubioshafferandkelley.com,SMB,Education,International,2025-04-11,50,lead,,False,False
1403,Fernandez PLC,fernandezplc.com,SMB,Healthcare,West,2023-03-03,31,lead,,False,False
1347,Johnson and Sons,johnsonandsons.com,SMB,Education,East,2024-05-23,26,lead,,False,False
1853,Duarte-Hill,duarte-hill.com,Mid-Market,FinTech,International,2025-01-27,48,lead,,False,False
758,Garrett-Bauer,garrett-bauer.com,SMB,Retail,South,2023-10-14,11,lead,,False,False
237,"Freeman, Davis and Salazar",freemandavisandsalazar.com,SMB,Education,International,2025-02-02,44,lead,,False,False
2114,Sanchez-Thompson,sanchez-thompson.com,Mid-Market,Retail,South,2024-04-04,11,lead,,False,False
1976,Miller-Miller,miller-miller.com,SMB,Education,International,2025-04-22,37,lead,,False,False
2995,Hart Ltd,hartltd.com,SMB,Healthcare,West,2025-01-25,39,lead,,False,False
1021,Lewis and Sons,lewisandsons.com,SMB,FinTech,North,2025-02-01,2,lead,,False,False
764,"Wilson, Wright and Patterson",wilsonwrightandpatterson.com,Mid-Market,Education,South,2024-12-15,13,lead,,False,False
437,Mcbride PLC,mcbrideplc.com,SMB,Retail,North,2023-04-02,9,lead,,False,False
2432,"Osborn, Wood and Hunter",osbornwoodandhunter.com,SMB,Education,East,2023-06-22,42,lead,,False,False
2634,Chambers Ltd,chambersltd.com,Mid-Market,Retail,East,2024-10-18,25,lead,,False,False
2725,Hudson-Smith,hudson-smith.com,SMB,Education,North,2025-01-08,7,lead,,False,False
1943,Ruiz-Rivera,ruiz-rivera.com,SMB,Retail,East,2024-01-17,30,lead,,False,False
2049,Kidd and Sons,kiddandsons.com,SMB,Retail,International,2024-06-24,50,lead,,False,False
462,"Powell, Sullivan and Weaver",powellsullivanandweaver.com,Mid-Market,Healthcare,East,2023-06-28,30,lead,,False,False
3488,Boone and Sons,booneandsons.com,Mid-Market,Education,East,2024-10-06,27,lead,,False,False
3614,James-Medina,james-medina.com,SMB,FinTech,East,2024-09-04,22,lead,,False,False
750,"Garrett, Garza and Norris",garrettgarzaandnorris.com,SMB,Healthcare,West,2022-09-17,31,lead,,False,False
2769,Mcdonald LLC,mcdonaldllc.com,SMB,Healthcare,West,2023-01-30,31,lead,,False,False
158,Mitchell Ltd,mitchellltd.com,Mid-Market,Healthcare,West,2024-07-21,40,lead,,False,False
1285,Adams-Johnson,adams-johnson.com,Mid-Market,Retail,South,2024-05-20,32,lead,,False,False
3389,"Armstrong, Cross and Morgan",armstrongcrossandmorgan.com,SMB,FinTech,East,2024-12-13,26,lead,,False,False
3444,Brooks-Glenn,brooks-glenn.com,Mid-Market,Healthcare,International,2023-03-26,50,lead,,False,False
1295,Alvarado LLC,alvaradollc.com,SMB,Education,West,2024-08-12,4,lead,,False,False
2335,Jones-Olson,jones-olson.com,SMB,FinTech,South,2023-03-29,23,lead,,False,False
430,Harris-Nelson,harris-nelson.com,Enterprise,Retail,North,2025-01-02,5,lead,,False,False
3189,Harrison Group,harrisongroup.com,Mid-Market,FinTech,West,2023-08-28,40,lead,,False,False
2065,Brown-Whitney,brown-whitney.com,SMB,Healthcare,North,2022-12-07,2,lead,,False,False
3686,"Oneal, Alexander and Zavala",onealalexanderandzavala.com,SMB,Retail,South,2024-02-21,20,lead,,False,False
3589,Ellis-Gates,ellis-gates.com,SMB,Healthcare,North,2023-07-18,8,lead,,False,False
3177,Wagner-Ochoa,wagner-ochoa.com,Mid-Market,Healthcare,South,2024-10-26,14,lead,,False,False
92,"Olson, Willis and Richardson",olsonwillisandrichardson.com,SMB,Retail,East,2024-10-03,21,lead,,False,False
1464,Singleton LLC,singletonllc.com,SMB,Retail,East,2023-09-06,27,lead,,False,False
2588,Powell LLC,powellllc.com,Mid-Market,FinTech,East,2024-10-19,30,lead,,False,False
1744,Robbins-Wood,robbins-wood.com,SMB,Education,West,2024-01-18,33,lead,,False,False
2758,Marshall Inc,marshallinc.com,SMB,Retail,South,2024-04-06,14,lead,,False,False
1497,Pena PLC,penaplc.com,SMB,Retail,East,2024-05-21,31,lead,,False,False
3923,"Dixon, Leonard and Burns",dixonleonardandburns.com,SMB,Retail,North,2025-05-23,3,lead,,False,False
1582,Decker PLC,deckerplc.com,SMB,FinTech,West,2024-06-01,16,lead,,False,False
1889,Snyder PLC,snyderplc.com,Mid-Market,Education,East,2023-07-21,24,lead,,False,False
2160,Kline Group,klinegroup.com,SMB,Education,South,2022-11-09,16,lead,,False,False
390,Jenkins Inc,jenkinsinc.com,SMB,Retail,North,2023-03-29,10,lead,,False,False
2166,Brown-Castillo,brown-castillo.com,Mid-Market,Education,East,2025-02-22,21,lead,,False,False
3793,"Pearson, Myers and Campbell",pearsonmyersandcampbell.com,Mid-Market,Healthcare,East,2024-07-17,25,lead,,False,False
717,Adams-Mcgee,adams-mcgee.com,SMB,Education,International,2022-08-01,42,lead,,False,False
1262,"Rodriguez, Yates and Morris",rodriguezyatesandmorris.com,SMB,Retail,North,2022-12-13,47,lead,,False,False
2203,Moore-Thompson,moore-thompson.com,SMB,Healthcare,East,2023-10-29,23,lead,,False,False
2620,Vasquez Ltd,vasquezltd.com,SMB,FinTech,North,2025-04-20,1,lead,,False,False
1695,Weaver Group,weavergroup.com,SMB,Healthcare,International,2025-01-23,42,lead,,False,False
1960,Rivera and Sons,riveraandsons.com,Mid-Market,Education,North,2025-05-14,2,lead,,False,False
2574,Austin-Tran,austin-tran.com,SMB,Healthcare,West,2022-08-04,36,lead,,False,False
256,"Pierce, Edwards and Lee",pierceedwardsandlee.com,SMB,Education,North,2025-02-19,8,lead,,False,False
3496,"Alvarez, Gonzalez and Richardson",alvarezgonzalezandrichardson.com,Mid-Market,FinTech,South,2024-06-28,16,lead,,False,False
2443,Scott LLC,scottllc.com,SMB,Retail,West,2025-04-17,37,lead,,False,False
2391,"Butler, Lin and Ramsey",butlerlinandramsey.com,Mid-Market,Education,West,2024-02-21,36,lead,,False,False
1757,Cervantes Ltd,cervantesltd.com,SMB,Retail,South,2024-07-10,24,lead,,False,False
1786,"Murray, Bautista and Craig",murraybautistaandcraig.com,Mid-Market,Education,North,2025-02-28,9,lead,,False,False
1140,Jones-Chambers,jones-chambers.com,Mid-Market,Healthcare,North,2023-05-09,4,lead,,False,False
2149,Walters-Rodriguez,walters-rodriguez.com,Mid-Market,Healthcare,East,2023-11-05,42,lead,,False,False
3268,"Jackson, Simpson and Walker",jacksonsimpsonandwalker.com,SMB,Healthcare,North,2022-11-18,1,lead,,False,False
2349,Kelley Group,kelleygroup.com,SMB,Education,South,2024-06-08,18,lead,,False,False
1787,"Esparza, Edwards and Shepherd",esparzaedwardsandshepherd.com,Enterprise,FinTech,East,2024-07-25,24,lead,,False,False
1563,Diaz-Miller,diaz-miller.com,Mid-Market,Healthcare,West,2024-11-03,38,lead,,False,False
3556,Wheeler-Cooper,wheeler-cooper.com,SMB,FinTech,West,2023-07-12,34,lead,,False,False
2608,Scott-Andrews,scott-andrews.com,Mid-Market,FinTech,North,2023-01-17,2,lead,,False,False
343,Price and Sons,priceandsons.com,SMB,Retail,East,2022-09-29,30,lead,,False,False
587,Maxwell-Moss,maxwell-moss.com,Mid-Market,Retail,West,2025-03-31,8,lead,,False,False
1195,"Thompson, Adams and Conrad",thompsonadamsandconrad.com,Mid-Market,Retail,North,2025-01-07,7,lead,,False,False
2174,"Robinson, Taylor and Cabrera",robinsontaylorandcabrera.com,SMB,Healthcare,West,2023-01-10,34,lead,,False,False
617,Robles-Holt,robles-holt.com,Mid-Market,Education,North,2024-12-07,1,lead,,False,False
3522,Michael-Pierce,michael-pierce.com,Mid-Market,FinTech,North,2023-06-15,10,lead,,False,False
552,"Reed, Barron and Monroe",reedbarronandmonroe.com,SMB,FinTech,North,2025-04-14,5,lead,,False,False
511,Woodard-Lucas,woodard-lucas.com,SMB,Retail,South,2023-10-27,26,lead,,False,False
525,"Ross, Chen and Williams",rosschenandwilliams.com,SMB,Education,East,2025-03-17,26,lead,,False,False
77,Smith-Douglas,smith-douglas.com,SMB,FinTech,North,2024-04-06,12,lead,,False,False
732,"Bush, Walters and Dominguez",bushwaltersanddominguez.com,SMB,FinTech,South,2025-04-29,12,lead,,False,False
197,Barber LLC,barberllc.com,SMB,FinTech,International,2023-07-08,47,lead,,False,False
1489,"Mercado, Hamilton and Rios",mercadohamiltonandrios.com,SMB,Retail,West,2023-07-03,35,lead,,False,False
1306,Mullins Inc,mullinsinc.com,Mid-Market,Education,North,2024-02-26,45,lead,,False,False
2473,Brown LLC,brownllc.com,SMB,Healthcare,North,2023-12-27,16,lead,,False,False
2137,"Cox, Jones and Cooper",coxjonesandcooper.com,SMB,Retail,International,2023-09-21,48,lead,,False,False
3173,Cannon LLC,cannonllc.com,SMB,Retail,East,2024-03-12,22,lead,,False,False
3462,Sullivan-Watkins,sullivan-watkins.com,SMB,Education,South,2024-05-31,20,lead,,False,False
2037,"Robinson, Kim and Williams",robinsonkimandwilliams.com,SMB,FinTech,East,2023-06-04,29,lead,,False,False
2875,Rocha and Sons,rochaandsons.com,SMB,Retail,West,2023-07-03,36,lead,,False,False
3384,"Hanna, Berger and Hartman",hannabergerandhartman.com,SMB,Education,West,2024-05-15,31,lead,,False,False
1331,Walsh and Sons,walshandsons.com,SMB,Healthcare,International,2025-06-03,46,lead,,False,False
3328,"Ellison, Hardy and Chavez",ellisonhardyandchavez.com,SMB,Healthcare,North,2025-01-13,26,lead,,False,False
1979,"Huynh, Jones and Baldwin",huynhjonesandbaldwin.com,SMB,FinTech,West,2022-09-01,33,lead,,False,False
3557,"Wood, Berry and Silva",woodberryandsilva.com,Mid-Market,Education,North,2024-12-10,1,lead,,False,False
3627,"Alvarado, Pope and Santos",alvaradopopeandsantos.com,SMB,Healthcare,East,2024-03-10,26,lead,,False,False
2045,Mcclain and Sons,mcclainandsons.com,SMB,Healthcare,North,2024-11-30,5,lead,,False,False
1683,Dominguez-Villanueva,dominguez-villanueva.com,SMB,Retail,South,2025-02-01,14,lead,,False,False
723,Moreno-Williams,moreno-williams.com,SMB,FinTech,East,2025-06-01,24,lead,,False,False
1629,Campos and Sons,camposandsons.com,SMB,Education,East,2025-06-25,22,lead,,False,False
86,Robinson LLC,robinsonllc.com,SMB,Healthcare,East,2025-06-22,50,lead,,False,False
3978,Valentine-Doyle,valentine-doyle.com,SMB,Education,West,2024-06-03,37,lead,,False,False
2089,Mitchell-Frost,mitchell-frost.com,Mid-Market,Healthcare,West,2024-09-30,39,lead,,False,False
2887,Wilson-Martinez,wilson-martinez.com,Mid-Market,FinTech,North,2022-07-29,4,lead,,False,False
3844,"Richardson, Chandler and Russell",richardsonchandlerandrussell.com,SMB,Healthcare,East,2025-03-12,26,lead,,False,False
3820,Lam Inc,laminc.com,SMB,Healthcare,North,2023-08-17,8,lead,,False,False
1041,Mckinney PLC,mckinneyplc.com,SMB,FinTech,North,2023-06-05,2,lead,,False,False
1700,Huffman Group,huffmangroup.com,SMB,FinTech,West,2024-08-05,40,lead,,False,False
2905,"Moore, Clements and Holt",mooreclementsandholt.com,SMB,Retail,South,2023-02-26,11,lead,,False,False
998,Perry and Sons,perryandsons.com,SMB,Retail,West,2023-08-05,38,lead,,False,False
35,"King, Williams and Swanson",kingwilliamsandswanson.com,SMB,Retail,South,2024-02-01,5,lead,,False,False
794,Scott-Edwards,scott-edwards.com,SMB,Education,North,2024-09-10,1,lead,,False,False
212,"King, Robinson and Galloway",kingrobinsonandgalloway.com,SMB,Education,North,2022-11-21,49,lead,,False,False
1478,Good Group,goodgroup.com,SMB,Healthcare,West,2024-02-26,35,lead,,False,False
3050,Hill-Hicks,hill-hicks.com,SMB,FinTech,East,2025-04-08,24,lead,,False,False
3715,"Taylor, Jones and Perez",taylorjonesandperez.com,Mid-Market,FinTech,North,2024-07-25,33,lead,,False,False
3292,Hartman-Jensen,hartman-jensen.com,Mid-Market,Healthcare,International,2022-12-03,45,lead,,False,False
969,"Taylor, Lee and Brown",taylorleeandbrown.com,Enterprise,Education,North,2023-09-29,7,lead,,False,False
3519,Howell and Sons,howellandsons.com,SMB,Retail,International,2023-01-05,44,lead,,False,False
335,Pena-Williams,pena-williams.com,SMB,FinTech,South,2025-01-04,20,lead,,False,False
123,"Armstrong, Johnson and Reed",armstrongjohnsonandreed.com,SMB,Healthcare,East,2023-06-30,23,lead,,False,False
3725,"Gordon, Jones and Smith",gordonjonesandsmith.com,SMB,Healthcare,South,2023-03-06,5,lead,,False,False
865,Bartlett-Zavala,bartlett-zavala.com,SMB,Retail,International,2024-09-12,49,lead,,False,False
2310,"Larson, Ross and Dorsey",larsonrossanddorsey.com,Mid-Market,Retail,East,2023-10-30,24,lead,,False,False
353,Morton and Sons,mortonandsons.com,Enterprise,Retail,East,2023-07-07,21,lead,,False,False
1322,Jones Group,jonesgroup.com,SMB,Education,North,2023-08-22,4,lead,,False,False
1728,Murphy-Osborne,murphy-osborne.com,SMB,Education,North,2024-04-04,14,lead,,False,False
3966,Garcia-Hanson,garcia-hanson.com,SMB,Education,South,2022-12-20,20,lead,,False,False
1514,Lin LLC,linllc.com,SMB,Retail,North,2022-08-03,5,lead,,False,False
1556,"Matthews, Hughes and Fletcher",matthewshughesandfletcher.com,Mid-Market,FinTech,South,2022-07-20,15,lead,,False,False
3424,"Watson, Green and Phillips",watsongreenandphillips.com,SMB,FinTech,North,2024-07-04,2,lead,,False,False
3147,Moore-Johnson,moore-johnson.com,SMB,Education,East,2024-09-09,21,lead,,False,False
1951,Perez-Alvarez,perez-alvarez.com,SMB,Healthcare,North,2025-04-04,5,lead,,False,False
1143,Haney Ltd,haneyltd.com,SMB,Retail,North,2023-10-17,3,lead,,False,False
114,Brown Inc,browninc.com,SMB,Retail,East,2024-04-21,24,lead,,False,False
3406,Obrien LLC,obrienllc.com,SMB,Healthcare,East,2025-05-04,21,lead,,False,False
2267,Fisher-Sanchez,fisher-sanchez.com,SMB,FinTech,International,2024-05-25,49,lead,,False,False
2019,Edwards Group,edwardsgroup.com,Mid-Market,Education,North,2024-02-01,1,lead,,False,False
3953,Torres Group,torresgroup.com,Mid-Market,FinTech,South,2024-06-10,49,lead,,False,False
3872,"Fuller, Brooks and Berry",fullerbrooksandberry.com,SMB,Education,International,2023-03-29,43,lead,,False,False
1186,Lester Inc,lesterinc.com,SMB,FinTech,West,2024-05-06,35,lead,,False,False
2645,Meyer-Castillo,meyer-castillo.com,SMB,Retail,North,2023-05-30,7,lead,,False,False
2000,"Castaneda, Oliver and Carter",castanedaoliverandcarter.com,SMB,FinTech,East,2024-12-10,27,lead,,False,False
3399,Patterson-Cantu,patterson-cantu.com,Mid-Market,Healthcare,South,2023-07-13,19,lead,,False,False
3220,Fields-Pittman,fields-pittman.com,SMB,Retail,North,2022-11-22,50,lead,,False,False
3747,"Casey, Arnold and Day",caseyarnoldandday.com,SMB,Education,North,2023-06-10,7,lead,,False,False
2781,"Madden, Leach and Ware",maddenleachandware.com,Mid-Market,Education,West,2024-05-07,37,lead,,False,False
2637,"Brock, Sanchez and Martin",brocksanchezandmartin.com,Mid-Market,Healthcare,North,2024-08-17,3,lead,,False,False
3164,Shaffer-James,shaffer-james.com,Mid-Market,Retail,East,2025-04-11,35,lead,,False,False
106,Cummings-Butler,cummings-butler.com,Mid-Market,Retail,East,2022-12-28,25,lead,,False,False
2626,Kennedy-Miller,kennedy-miller.com,SMB,FinTech,West,2025-07-14,40,lead,,False,False
2516,Ellis Ltd,ellisltd.com,SMB,Healthcare,South,2024-02-29,12,lead,,False,False
2532,Krueger-Brown,krueger-brown.com,SMB,Education,West,2024-04-17,33,lead,,False,False
2330,"Richardson, Johnson and Williams",richardsonjohnsonandwilliams.com,Mid-Market,Healthcare,West,2023-11-09,32,lead,,False,False
2687,Lee Inc,leeinc.com,SMB,Healthcare,South,2023-12-26,11,lead,,False,False
3165,"Quinn, Wood and Cook",quinnwoodandcook.com,SMB,Education,North,2023-05-24,10,lead,,False,False
187,"David, Stone and Burch",davidstoneandburch.com,SMB,Retail,East,2024-07-30,22,lead,,False,False
2722,Keller-Johnson,keller-johnson.com,SMB,Healthcare,South,2023-04-07,16,lead,,False,False
2439,Woodard-Ross,woodard-ross.com,Mid-Market,FinTech,West,2024-01-04,26,lead,,False,False
1670,"Hill, Newton and Stephenson",hillnewtonandstephenson.com,SMB,Education,East,2025-02-02,24,lead,,False,False
2654,"Myers, Sheppard and Andrews",myerssheppardandandrews.com,Mid-Market,Retail,North,2025-01-20,1,lead,,False,False
3776,Garcia-Reid,garcia-reid.com,SMB,Healthcare,East,2025-01-23,22,lead,,False,False
67,Ortiz Inc,ortizinc.com,Mid-Market,FinTech,East,2022-10-16,27,lead,,False,False
547,Montoya-Mccall,montoya-mccall.com,SMB,Retail,East,2024-09-16,30,lead,,False,False
568,"Fuller, Oneal and Edwards",fulleronealandedwards.com,SMB,Education,East,2024-02-24,29,lead,,False,False
1209,Woods-Olson,woods-olson.com,SMB,Healthcare,South,2022-12-31,16,lead,,False,False
2970,Chen-Graham,chen-graham.com,SMB,FinTech,South,2024-09-10,19,lead,,False,False
96,"Harrison, Castillo and Chan",harrisoncastilloandchan.com,Enterprise,Education,South,2024-07-27,18,lead,,False,False
1085,Weber Ltd,weberltd.com,Mid-Market,Retail,International,2024-11-22,22,lead,,False,False
3678,"Davis, Swanson and Gomez",davisswansonandgomez.com,SMB,FinTech,North,2023-08-04,10,lead,,False,False
401,Le-Hall,le-hall.com,SMB,Healthcare,East,2025-03-24,2,lead,,False,False
2138,Taylor Inc,taylorinc.com,SMB,Retail,North,2025-05-14,2,lead,,False,False
2005,Smith Group,smithgroup.com,SMB,Education,North,2023-08-08,2,lead,,False,False
2764,Chen-Wright,chen-wright.com,SMB,Retail,International,2024-07-28,11,lead,,False,False
1039,"Murphy, Myers and Taylor",murphymyersandtaylor.com,SMB,Healthcare,International,2023-10-23,42,lead,,False,False
90,"Green, French and Smith",greenfrenchandsmith.com,SMB,Retail,North,2023-01-23,5,lead,,False,False
2835,Thomas-Randolph,thomas-randolph.com,SMB,Education,West,2024-08-01,10,lead,,False,False
