contact_id,account_id,first_name,last_name,email,title,phone,created_at,lead_source,lead_status
512,3069,Deborah,Nielsen,deborah.nielsen@mitchell-rodriguez.com,Geophysicist/field seismologist,(228)455-7130x586,2025-05-25,Referral,Working
6757,1490,Stacy,Martinez,stacy.martinez@briggs-jones.com,Architect,821.327.5883x00320,2025-07-12,Cold Call,New
6863,2228,John,Norris,john.norris@stoneplc.com,"Engineer, manufacturing systems",201-676-5166,2025-04-18,Cold Call,New
3729,248,Jonathan,Hogan,jonathan.hogan@smithschultzandrivera.com,International aid/development worker,940-895-3995x6498,2025-01-10,Ad,Working
2573,2580,Angela,Garcia,angela.garcia@fieldsinc.com,Architect,3629660230,2024-11-11,Cold Call,Working
2822,213,Anthony,Anderson,anthony.anderson@jonesplc.com,Water engineer,536-589-7914x53351,2025-05-26,Ad,Working
2800,2503,Bailey,Moreno,bailey.moreno@lawsoninc.com,Armed forces operational officer,939.780.5647,2023-01-03,Cold Call,New
5006,1142,Paul,Thompson,paul.thompson@peters-ruiz.com,"Conservation officer, historic buildings",978-907-6542,2025-02-18,Cold Call,Unqualified
2531,2998,Joseph,Washington,joseph.washington@kellerplc.com,Exhibition designer,+1-280-925-3279x05272,2023-06-28,Cold Call,New
5424,1936,Kathleen,Rodriguez,kathleen.rodriguez@robinson-gibson.com,Sports development officer,211.287.9147,2024-11-08,Ad,Unqualified
6,1808,Danielle,Carr,danielle.carr@phillipslawsonanddavis.com,Research scientist (physical sciences),001-219-579-7773,2023-11-05,Referral,Unqualified
7930,3725,Kimberly,Richardson,kimberly.richardson@gordonjonesandsmith.com,Television floor manager,,2023-12-23,Referral,Working
6334,790,Veronica,Fisher,veronica.fisher@gardnerinc.com,Interpreter,(989)368-0941x8092,2024-10-22,Referral,New
5063,3015,Catherine,Kline,catherine.kline@jonesrodriguezandsmith.com,English as a second language teacher,+1-399-250-6950,2024-09-22,Ad,New
2407,3521,Ricardo,Oconnor,ricardo.oconnor@millermillerandpacheco.com,Science writer,001-647-605-3057x4906,2023-01-30,Referral,Working
24,1327,Mathew,Martinez,mathew.martinez@patelinc.com,Oceanographer,(430)575-0662,2024-05-04,Referral,New
2957,2724,Stuart,Mills,stuart.mills@manngroup.com,"Development worker, international aid",001-703-812-2354x42282,2025-05-20,Cold Call,Unqualified
2971,2430,Brian,Nguyen,brian.nguyen@bakergroup.com,Research scientist (maths),+1-668-830-7760x10387,2024-08-31,Ad,Qualified
4718,554,Charles,Leon,charles.leon@soto-rodriguez.com,Architectural technologist,866.565.9589x59668,2025-07-15,Cold Call,Unqualified
7958,3406,Kevin,Lyons,kevin.lyons@obrienllc.com,"Surveyor, planning and development",441.372.8791x8737,2025-07-14,Ad,Qualified
2598,684,Jordan,Jackson,jordan.jackson@higgins-horn.com,Secondary school teacher,+1-555-680-7655,2023-06-23,Web,New
5614,2568,Laurie,Chavez,laurie.chavez@hannamorrisonandstevens.com,Community development worker,+1-426-894-5289,2025-02-01,Referral,Unqualified
7855,2137,Tara,Smith,tara.smith@coxjonesandcooper.com,Surgeon,619-371-1439x15259,2024-06-27,Cold Call,New
631,3980,Sharon,Lopez,sharon.lopez@doyle-diaz.com,"Psychologist, prison and probation services",376.941.5895x435,2025-03-21,Ad,New
2257,959,Austin,Allen,austin.allen@smithltd.com,Artist,4802417505,2024-03-24,Referral,New
3343,1414,Erin,Richardson,erin.richardson@peterson-parker.com,Furniture conservator/restorer,001-272-202-5558x1599,2025-02-02,Cold Call,Unqualified
4798,3245,Alicia,Dominguez,alicia.dominguez@howellwhiteandlewis.com,Data scientist,+1-275-654-9931x59797,2024-08-17,Ad,Qualified
6348,2517,Donna,Perry,donna.perry@barber-sherman.com,"Engineer, control and instrumentation",,2022-11-28,Web,New
54,1588,Ronnie,Jones,ronnie.jones@cohengarciaandsmith.com,Nature conservation officer,517.854.2135,2025-02-25,Web,New
5138,1994,Cindy,Cruz,cindy.cruz@smithandsons.com,Press photographer,001-224-392-0832x73065,2023-10-06,Web,Qualified
1432,1941,Morgan,Daugherty,morgan.daugherty@hughes-white.com,"Research officer, trade union",+1-923-241-5437,2024-06-11,Web,Qualified
8065,1534,Scott,Little,scott.little@watson-fox.com,"Scientist, marine",+1-260-912-1817x91843,2024-10-24,Web,New
2820,1575,Grace,Levy,grace.levy@vaughnplc.com,Charity fundraiser,415-224-6887,2024-05-18,Ad,Working
7220,1831,James,Johnson,james.johnson@tateandsons.com,Animal technologist,+1-238-478-1455x3641,2025-01-06,Referral,New
816,259,John,Freeman,john.freeman@rodriguez-nelson.com,"Development worker, community",555-677-1696x185,2023-05-15,Web,Working
7388,485,Justin,Schroeder,justin.schroeder@robinsonpalmerandrivera.com,Emergency planning/management officer,499.413.2215x261,2023-07-10,Cold Call,Working
5034,624,Michael,Hughes,michael.hughes@carlsonhowardandjackson.com,Dealer,001-833-956-7311,2023-06-01,Referral,Unqualified
817,259,Pamela,Sanchez,pamela.sanchez@rodriguez-nelson.com,"Restaurant manager, fast food",762-951-3692x830,2023-04-25,Cold Call,Qualified
4688,3255,Matthew,Li,matthew.li@cooper-newman.com,Advertising account executive,(284)611-8939,2025-02-03,Referral,New
625,649,Amber,Butler,amber.butler@arellanoplc.com,Government social research officer,+1-855-371-3584,2025-07-18,Cold Call,New
4786,3578,William,Aguirre,william.aguirre@velazquezltd.com,"Surveyor, commercial/residential",630-339-0787,2024-08-14,Ad,Qualified
6860,674,Courtney,Garcia,courtney.garcia@montgomerynealandcobb.com,Town planner,001-238-286-0081,2024-08-05,Ad,Qualified
7812,3268,Walter,Carlson,walter.carlson@jacksonsimpsonandwalker.com,Financial controller,697-279-4858,2024-03-01,Referral,New
1530,2669,Lauren,Marquez,lauren.marquez@blakegroup.com,"Doctor, hospital",894-888-5740,2025-06-14,Web,Qualified
4821,288,Danny,Todd,danny.todd@lindsey-baker.com,Broadcast presenter,652-600-1835x6591,2025-03-17,Web,New
364,964,Jennifer,Wilson,jennifer.wilson@marshall-welch.com,Tax adviser,+1-916-919-3937x68638,2025-07-04,Referral,New
5641,2057,Randy,Hernandez,randy.hernandez@savage-leon.com,Set designer,887.860.6011x941,2025-04-16,Web,Unqualified
3056,2501,Brittany,Lyons,brittany.lyons@taylor-jensen.com,Chief Technology Officer,441-776-0152,2025-06-19,Web,New
6988,735,Anthony,Medina,anthony.medina@johnsonplc.com,Fish farm manager,244-602-1381,2023-11-11,Web,Qualified
5949,376,Katherine,Clark,katherine.clark@diazrobinsonandalexander.com,"Therapist, occupational",001-871-360-1837x69688,2025-07-17,Ad,New
6970,1849,Jennifer,Edwards,jennifer.edwards@ortiz-wilson.com,Insurance underwriter,(564)985-5012,2025-05-20,Ad,Unqualified
4287,3947,Samuel,Reyes,samuel.reyes@brownphillipsandhoffman.com,Insurance broker,001-546-897-9279x531,2025-05-10,Ad,Qualified
2064,1004,Jonathan,Rubio,jonathan.rubio@alexanderandsons.com,Immigration officer,+1-587-633-3212x245,2024-12-10,Referral,Unqualified
1462,1812,Jeffery,Farmer,jeffery.farmer@morganandsons.com,Air traffic controller,8083241428,2024-09-25,Referral,Working
4093,2858,Colton,Nielsen,colton.nielsen@martin-taylor.com,"Engineer, structural",230-897-6848x9666,2025-04-22,Referral,Working
410,2704,Tina,Graham,tina.graham@carter-mcgee.com,Multimedia specialist,001-894-956-3906x804,2024-08-24,Web,Working
2568,2445,Danielle,Robinson,danielle.robinson@brown-sanchez.com,Paramedic,597.801.1239,2025-02-02,Ad,Unqualified
1484,472,Brian,Roth,brian.roth@boltonplc.com,"Psychologist, clinical",321.796.3865x36576,2025-07-14,Web,Working
887,1244,Thomas,Carrillo,thomas.carrillo@conradplc.com,Sport and exercise psychologist,846.985.2037x6140,2024-11-30,Referral,Unqualified
4612,519,Jennifer,Smith,jennifer.smith@wilsonltd.com,"Programmer, systems",613.912.3030x4467,2025-07-15,Web,New
7760,2758,Ashley,West,ashley.west@marshallinc.com,Cartographer,(493)778-8090,2024-05-22,Ad,Working
6658,682,Hayley,Harris,hayley.harris@barnesconleyandrandall.com,Personnel officer,(551)677-4009x479,2023-09-14,Referral,Qualified
4079,3027,David,Macias,david.macias@pachecogarciaandlyons.com,Market researcher,336.613.7080,2024-11-24,Ad,Working
1113,2691,Jennifer,Savage,jennifer.savage@bellinc.com,Higher education lecturer,+1-554-326-4807x02008,2025-03-11,Cold Call,Qualified
423,3740,Rebecca,Butler,rebecca.butler@brownplc.com,Magazine journalist,451.777.1254x520,2024-10-15,Cold Call,Working
4906,3945,Travis,Moore,travis.moore@jameswillisandmedina.com,Psychotherapist,768-771-9092,2023-08-07,Referral,New
1195,33,Gina,Mathews,gina.mathews@orozcomurrayandcardenas.com,"Doctor, hospital",458-934-2835x01120,2024-12-27,Ad,New
1748,76,Amanda,Marquez,amanda.marquez@gonzalesrosarioandmartinez.com,Operational researcher,576-290-6408x3937,2025-06-29,Referral,New
4541,167,Brandon,Williams,brandon.williams@pierceprattandgutierrez.com,Chief Executive Officer,609.436.3079,2025-03-21,Cold Call,Working
433,3276,Christopher,Williamson,christopher.williamson@castillo-morris.com,Quarry manager,(528)240-9496x255,2025-03-23,Cold Call,New
6357,3751,Greg,Oliver,greg.oliver@brown-house.com,Curator,(292)469-1503x21504,2025-01-02,Referral,New
6695,416,Terrance,Stevenson,terrance.stevenson@roach-black.com,Office manager,280.476.2239x44963,2024-08-13,Ad,Working
569,271,Isaac,Glenn,isaac.glenn@rosepriceandcrosby.com,Educational psychologist,(943)993-5052,2025-02-01,Ad,Qualified
6347,2517,Ashley,Young,ashley.young@barber-sherman.com,"Scientist, marine",+1-507-595-6240x7900,2023-07-12,Web,Unqualified
1866,1985,Harold,Whitaker,harold.whitaker@snyder-lowe.com,Health physicist,262.478.2379x08215,2025-03-01,Referral,Unqualified
3514,1298,Ashley,Pena,ashley.pena@thompson-gay.com,Volunteer coordinator,(573)789-3528x55349,2024-08-01,Referral,Unqualified
5680,3971,Shane,Williams,shane.williams@ford-carter.com,Music therapist,001-614-921-2718x744,2024-01-16,Referral,Qualified
5634,3102,Rhonda,Tran,rhonda.tran@herringlongandbyrd.com,Research scientist (maths),(459)413-4134x7255,2024-11-28,Cold Call,Unqualified
1557,997,Benjamin,Yang,benjamin.yang@fernandeztaylorandsaunders.com,Bookseller,(445)380-1706,2024-12-19,Ad,Qualified
4305,3609,Amy,Miles,amy.miles@may-norris.com,Health visitor,+1-976-345-9612x64550,2025-05-03,Referral,Unqualified
1672,1157,Hannah,Myers,hannah.myers@carpentercontrerasandmiller.com,Fashion designer,640.970.8712,2024-05-08,Ad,New
6892,2599,Linda,Ramos,linda.ramos@reyeshodgesandjohnson.com,"Teacher, early years/pre",(312)289-5782,2023-04-16,Cold Call,Qualified
4195,1574,Daniel,Gonzalez,daniel.gonzalez@grantsmithandjohnson.com,Translator,533.894.1501x726,2025-07-11,Web,Unqualified
1509,1180,Erica,English,erica.english@butlerdickersonanddiaz.com,Advertising account executive,4982352785,2024-11-14,Ad,New
6922,125,Melody,Khan,melody.khan@bowman-melendez.com,Insurance claims handler,(596)974-4086,2024-08-26,Referral,New
5450,2540,Parker,Maddox,parker.maddox@gibson-tran.com,Data scientist,001-284-333-3253x7317,2024-10-14,Cold Call,Qualified
4,1694,Roy,Wright,roy.wright@wangllc.com,Chartered certified accountant,+1-451-676-2379,2024-11-25,Web,Unqualified
3801,2907,Jason,Flores,jason.flores@garciainc.com,"Surveyor, rural practice",2182790291,2024-01-06,Cold Call,Qualified
7218,1671,Derek,Cannon,derek.cannon@owensnunezandkelly.com,Clinical psychologist,414-551-4192x45306,2025-05-04,Cold Call,Qualified
700,829,Dakota,Nguyen,dakota.nguyen@walkerllc.com,Financial trader,(772)243-9271x99670,2024-10-05,Referral,New
5046,767,Stephanie,Parker,stephanie.parker@raymondburgessandwilliams.com,Petroleum engineer,887-586-4412,2025-04-14,Referral,Qualified
7706,2634,Stefanie,Day,stefanie.day@chambersltd.com,Phytotherapist,001-954-740-5354x0882,2025-06-16,Cold Call,Working
6983,2552,Jonathan,Collins,jonathan.collins@garciaandrewsanddickson.com,Psychotherapist,765.231.4323,2023-08-14,Ad,Qualified
1524,3366,Lee,Clayton,lee.clayton@rodriguez-foley.com,"Programme researcher, broadcasting/film/video",536.776.0774,2025-06-18,Referral,Working
4996,2872,Samantha,Jacobs,samantha.jacobs@torreskennedyandmorrison.com,Operational researcher,625.946.6036x525,2024-09-21,Cold Call,New
7692,237,Ryan,Russell,ryan.russell@freemandavisandsalazar.com,Insurance account manager,001-493-665-7325,2025-03-05,Web,Working
6164,2429,Olivia,Rojas,olivia.rojas@serranojenkinsandschneider.com,"Programme researcher, broadcasting/film/video",679.394.6323,2025-05-25,Cold Call,Working
1666,2028,Steven,Lewis,steven.lewis@briggsgroup.com,"Civil engineer, contracting",6545454723,2025-06-26,Cold Call,Unqualified
6222,584,Leslie,Carlson,leslie.carlson@allengrayandreyes.com,Systems developer,(544)752-5468,2024-07-30,Ad,Working
4930,1256,Richard,Gordon,richard.gordon@ferrellllc.com,Dietitian,(202)243-5801,2024-05-27,Cold Call,Unqualified
593,2487,Paul,Jefferson,paul.jefferson@mcclurewrightandjennings.com,"Journalist, broadcasting",761-235-2490x48495,2025-03-11,Web,New
4564,3665,Julie,Rowland,julie.rowland@espinozawalkerandmyers.com,"Psychologist, educational",369-523-3899,2024-09-09,Web,Working
2341,3934,Johnny,Gross,johnny.gross@garciareedandsnyder.com,Public relations account executive,+1-277-624-1027x823,2024-03-02,Ad,Unqualified
998,3091,Mary,Shaw,mary.shaw@gonzalezlopezandallison.com,Primary school teacher,+1-857-230-0201x7852,2024-07-08,Referral,New
3229,2603,Marie,Turner,marie.turner@parrish-burns.com,Materials engineer,001-259-846-7841x52457,2025-07-04,Web,New
6605,2055,Lindsay,Barton,lindsay.barton@frankespinozaandhowell.com,"Engineer, site",994.611.1128x69294,2023-08-15,Cold Call,Unqualified
4141,3203,Brandon,Mann,brandon.mann@simmonsbrownandroberts.com,Secretary/administrator,(394)436-3328x7453,2025-01-09,Ad,Unqualified
1681,542,Michael,Wright,michael.wright@bowerswadeandhall.com,Materials engineer,4518709178,2025-06-19,Cold Call,New
3469,1866,Peter,Becker,peter.becker@williamsfowlerandnelson.com,Sales executive,657.962.9010x33157,2025-06-28,Ad,Unqualified
2243,87,Michael,Hardy,michael.hardy@buckleymoodyandlewis.com,"Engineer, agricultural",001-852-698-4359x1867,2025-01-09,Web,Qualified
912,200,Beth,Bowers,beth.bowers@watsonllc.com,Building surveyor,(330)651-8612x40382,2024-12-25,Cold Call,New
3556,2785,John,Gross,john.gross@dixon-webb.com,Retail merchandiser,863-801-7001,2025-04-09,Referral,Qualified
4903,1437,Jeffrey,Simon,jeffrey.simon@howardinc.com,Agricultural engineer,892-899-2522,2024-07-04,Web,Unqualified
8003,187,Amanda,Boone,amanda.boone@davidstoneandburch.com,Quality manager,001-353-326-1888x6144,2025-05-21,Ad,Unqualified
1011,1467,Katherine,King,katherine.king@wallgroup.com,Barrister's clerk,001-493-560-2048x593,2025-02-02,Referral,New
3480,2346,Maurice,Mitchell,maurice.mitchell@moralesltd.com,Commercial/residential surveyor,,2024-01-17,Web,Unqualified
5053,189,Eric,Coleman,eric.coleman@coleman-villegas.com,Teaching laboratory technician,(446)358-6620x484,2025-04-08,Web,New
2938,993,Deanna,Cummings,deanna.cummings@barnettlyonsandjones.com,"Horticulturist, commercial",421.301.6691,2025-07-16,Referral,Qualified
7603,590,Raymond,Gonzalez,raymond.gonzalez@chapmanplc.com,Control and instrumentation engineer,295.298.3094x8639,2025-04-29,Referral,Qualified
1194,1904,Charles,Jackson,charles.jackson@pricejarvisandsmith.com,"Editor, commissioning",+1-901-216-8074x7538,2025-05-07,Referral,Qualified
4120,2272,Arthur,Leonard,arthur.leonard@schneidermartinandlee.com,Health promotion specialist,001-285-759-3053,2024-09-30,Cold Call,Working
4134,3438,Cheryl,Oconnor,cheryl.oconnor@horn-hayes.com,Occupational therapist,+1-623-600-7670x98492,2024-08-06,Cold Call,Unqualified
6363,3712,Shawn,Lewis,shawn.lewis@conradgroup.com,Energy engineer,+1-665-252-9724x829,2024-06-08,Cold Call,New
135,2710,James,Barker,james.barker@curryllc.com,Location manager,(549)748-8683x2710,2025-07-05,Web,New
3494,816,Nicole,Lutz,nicole.lutz@jackson-flores.com,"Engineer, communications",(558)992-3477x3496,2025-04-06,Cold Call,Working
2380,1099,Edward,Porter,edward.porter@howe-simon.com,Homeopath,(971)312-6934x489,2024-08-05,Referral,Working
7697,1976,Samantha,Finley,samantha.finley@miller-miller.com,Higher education careers adviser,(571)667-1320x9895,2025-04-28,Web,Working
3356,3039,Joseph,Lee,joseph.lee@contrerastownsendandgarcia.com,Event organiser,639-250-2214,2025-01-01,Ad,Qualified
2775,2526,Jason,Mayo,jason.mayo@hodgesllc.com,Risk manager,001-617-739-1822x802,2024-12-07,Referral,Unqualified
5031,1043,Kristina,Velasquez,kristina.velasquez@coxdavisandpierce.com,"Civil engineer, consulting",858-394-5795x9478,2025-02-04,Web,Unqualified
3577,3843,Greg,Boyd,greg.boyd@kingsmithandgraham.com,Customer service manager,+1-353-307-7777,2024-09-15,Web,Unqualified
4596,3518,Mia,Kirk,mia.kirk@brown-keller.com,"Engineer, building services",001-239-499-4072x6849,2023-09-26,Web,Unqualified
5923,1596,Wanda,Thomas,wanda.thomas@montoyaplc.com,Osteopath,(717)471-4128x778,2023-12-16,Ad,Working
5742,2778,Tony,Gomez,tony.gomez@thomaslozanoandpearson.com,Chartered accountant,707-650-1215,2024-06-23,Cold Call,Working
2983,2285,Andrew,Gonzalez,andrew.gonzalez@fordgroup.com,Patent attorney,(555)672-8216,2024-06-21,Referral,New
6593,2105,Hannah,Turner,hannah.turner@snydervasquezandlucas.com,"Restaurant manager, fast food",(200)737-6537,2025-06-13,Web,Qualified
3754,1291,Sandra,Kline,sandra.kline@hopkinsllc.com,Data processing manager,001-523-451-3079x80552,2024-06-02,Cold Call,Qualified
1878,1224,Anne,Gonzalez,anne.gonzalez@brooksknightandharrison.com,"Teacher, adult education",(442)693-7258x9672,2025-05-11,Ad,New
1636,1908,Jason,Mitchell,jason.mitchell@craigburnsandmartin.com,"Research officer, political party",001-792-564-2122x263,2024-09-18,Web,Qualified
2185,13,Kevin,Archer,kevin.archer@tuckervaughanandhernandez.com,Geoscientist,329.583.0192x76150,2024-05-10,Ad,Working
4010,1873,Andrew,Novak,andrew.novak@holmes-hampton.com,Early years teacher,,2025-01-31,Cold Call,Qualified
8055,1031,Anthony,Williams,anthony.williams@rodriguezcrawfordandcruz.com,"Investment banker, operational",5339371559,2024-01-20,Referral,Qualified
5090,1920,Sarah,Perkins,sarah.perkins@rodriguezandsons.com,Personal assistant,265.821.3812,2023-02-21,Referral,Qualified
3621,1922,James,Mitchell,james.mitchell@flynndavisandhenderson.com,Hydrographic surveyor,(448)511-5694x1639,2024-01-10,Ad,Working
3438,955,Julian,Cooper,julian.cooper@turner-cook.com,"Social research officer, government",001-212-958-1390,2024-08-30,Referral,New
4982,250,Andrew,Walker,andrew.walker@watson-matthews.com,Air cabin crew,538.909.6141,2025-03-01,Cold Call,Unqualified
2200,748,Andrew,Velasquez,andrew.velasquez@rasmussennguyenandjohnson.com,Further education lecturer,368-952-8646,2023-12-27,Referral,New
1770,2489,Laurie,Long,laurie.long@grimes-morales.com,Financial manager,+1-783-958-9606x656,2024-02-11,Ad,Working
6571,1795,Michael,Floyd,michael.floyd@sullivanpetersonandcoleman.com,Retail banker,,2024-08-01,Web,Qualified
6310,3196,Ernest,Floyd,ernest.floyd@rowegroup.com,Telecommunications researcher,807-645-2630x874,2024-07-28,Ad,Unqualified
3141,2548,George,Brown,george.brown@petersonclarkandmartinez.com,Retail banker,,2023-10-26,Web,Working
6272,1136,Zachary,Brandt,zachary.brandt@smithallenandking.com,Chartered certified accountant,+1-534-759-7182x8906,2022-08-24,Ad,Qualified
4847,1277,David,Cameron,david.cameron@ruizgroup.com,TEFL teacher,732.845.4584x7835,2025-04-05,Referral,New
6653,2754,Wendy,Mckinney,wendy.mckinney@allen-clark.com,Fine artist,,2024-11-19,Cold Call,New
1550,3104,Abigail,Williams,abigail.williams@gillinc.com,"Administrator, charities/voluntary organisations",001-802-726-3233,2023-03-08,Ad,New
6831,199,Benjamin,Young,benjamin.young@costa-butler.com,Radiation protection practitioner,787-751-3597x76661,2024-11-07,Referral,New
217,436,Brent,Tran,brent.tran@chan-simmons.com,Wellsite geologist,,2023-08-18,Referral,Unqualified
6508,881,Kirk,Wright,kirk.wright@west-trevino.com,Production engineer,881-418-7957x247,2024-01-30,Web,Unqualified
1114,2691,Christina,Garcia,christina.garcia@bellinc.com,Local government officer,340-550-9413x66362,2024-07-30,Cold Call,New
4279,945,Tiffany,Jones,tiffany.jones@pittmaninc.com,Insurance underwriter,396-314-9923x49891,2024-04-04,Referral,Unqualified
7594,1134,Melvin,Jones,melvin.jones@phillips-nguyen.com,Restaurant manager,472.376.3920,2025-03-17,Web,New
6662,2071,Jeremy,Frederick,jeremy.frederick@guzmanaguirreandlong.com,Retail buyer,339.365.2150,2024-04-30,Ad,New
7404,3159,Jay,Palmer,jay.palmer@smithinc.com,"Scientist, water quality",533.514.2140x563,2025-06-24,Referral,Working
16,3278,Mark,Arias,mark.arias@simpson-hunt.com,Financial planner,(651)830-0998x785,2024-12-14,Web,Unqualified
5268,3999,Bruce,Bright,bruce.bright@braun-lloyd.com,Press sub,+1-803-347-1700x514,2025-07-06,Referral,Working
6413,64,Emily,Malone,emily.malone@meyerhamiltonandmiller.com,"Nurse, adult",001-299-247-6951x016,2024-07-24,Referral,Unqualified
6086,3786,Jeffrey,Pennington,jeffrey.pennington@murphyolsenandwalter.com,Commissioning editor,+1-705-792-1362x674,2024-10-29,Cold Call,New
739,3821,Christine,Frank,christine.frank@davisandsons.com,Probation officer,286.427.4573x04949,2022-11-22,Cold Call,New
3649,1874,Brittany,Farrell,brittany.farrell@powellfoxandramos.com,Logistics and distribution manager,257.223.8238x74490,2025-04-29,Cold Call,Working
346,882,Melissa,Smith,melissa.smith@lambplc.com,Teaching laboratory technician,995.440.4395x48762,2023-05-20,Web,Qualified
6865,3930,Diane,Austin,diane.austin@joseph-davenport.com,"Engineer, manufacturing",001-587-631-9816x4956,2025-06-10,Ad,Unqualified
7248,1177,Brandon,Cortez,brandon.cortez@millergarciaandwheeler.com,Broadcast engineer,(476)353-2145x8016,2025-07-17,Ad,Unqualified
2899,2167,Ian,Rogers,ian.rogers@marquez-smith.com,Jewellery designer,429.373.8242x362,2023-05-03,Ad,Working
4924,510,Cindy,Rosales,cindy.rosales@mooregroup.com,Horticultural therapist,(656)928-5736,2025-04-01,Ad,Working
6755,3742,Nathan,Stephens,nathan.stephens@williams-ward.com,"Engineer, communications",,2025-01-09,Cold Call,Unqualified
544,3463,John,Mcconnell,john.mcconnell@yang-wilson.com,Sports development officer,272.676.9681x075,2025-04-03,Web,Unqualified
399,1543,Theresa,Bowman,theresa.bowman@wallswilsonandcox.com,"Nurse, mental health",715-444-3555,2025-02-10,Cold Call,Working
7262,112,Allen,Fitzpatrick,allen.fitzpatrick@hudsonwilliamsandfrank.com,"Engineer, materials",,2024-10-07,Cold Call,Unqualified
5789,1893,Isabel,Hood,isabel.hood@meyer-richardson.com,Illustrator,742-993-5274x71965,2025-07-05,Referral,Qualified
2291,2976,Christina,Caldwell,christina.caldwell@sosacisnerosandsweeney.com,Site engineer,564.863.1099,2023-02-19,Cold Call,Unqualified
5280,3897,Shawna,Wilkinson,shawna.wilkinson@robertsrichardsonandlindsey.com,"Engineer, manufacturing",971-910-3041x30155,2025-07-13,Web,Unqualified
143,2067,Rebecca,Bailey,rebecca.bailey@stanton-stone.com,Trade mark attorney,001-325-394-7723x097,2025-06-07,Cold Call,New
2370,3117,Kathryn,Johnson,kathryn.johnson@mercer-farrell.com,Hospital doctor,(473)631-6114x184,2024-06-15,Ad,New
1424,2780,Matthew,Lee,matthew.lee@duncan-gonzalez.com,Retail banker,303.372.8354x4988,2024-09-26,Referral,Working
1451,2639,Alexandra,King,alexandra.king@youngandsons.com,"Programmer, systems",+1-796-608-6190x067,2025-06-18,Ad,Working
3857,896,Lisa,Jackson,lisa.jackson@harris-moran.com,Multimedia specialist,001-645-825-2386x489,2025-05-24,Referral,Qualified
2142,1383,Mark,Willis,mark.willis@harperaguilarandvaldez.com,"Engineer, biomedical",863.522.6826,2024-11-19,Ad,Working
1747,76,Jessica,Thomas,jessica.thomas@gonzalesrosarioandmartinez.com,"Engineer, manufacturing",317.334.8907,2025-05-28,Ad,New
6882,608,Monica,Jordan,monica.jordan@eaton-tyler.com,"Accountant, chartered public finance",469.585.3083x193,2024-06-25,Cold Call,Qualified
4111,1221,Nathan,Baldwin,nathan.baldwin@nguyen-bolton.com,Clothing/textile technologist,309.527.2958,2025-02-20,Ad,Qualified
1568,1103,Jennifer,Schneider,jennifer.schneider@gallegos-thompson.com,Child psychotherapist,(336)234-6994,2024-06-05,Cold Call,Unqualified
2785,3709,Amber,Powell,amber.powell@owensmurphyandpetty.com,Bookseller,630-264-0674,2024-07-18,Web,New
6082,3370,Andrew,Martinez,andrew.martinez@cannonltd.com,Geochemist,001-234-972-6570x324,2025-06-30,Ad,Qualified
7017,3810,Gregory,Watts,gregory.watts@campbell-michael.com,Community development worker,313-222-6116,2024-12-30,Cold Call,Unqualified
7349,3863,Anthony,Williams,anthony.williams@morrisltd.com,"Engineer, structural",001-563-228-1053x730,2024-09-06,Ad,Working
6932,1774,Brianna,Mccullough,brianna.mccullough@hernandez-alvarado.com,Further education lecturer,4539725706,2023-05-05,Web,Qualified
3630,3011,Eddie,Kemp,eddie.kemp@acevedodayandhale.com,Insurance risk surveyor,951.216.8314x6367,2024-12-21,Web,Unqualified
7807,1140,Victoria,Townsend,victoria.townsend@jones-chambers.com,"Development worker, community",001-750-457-3074x903,2023-05-10,Web,Qualified
5626,3150,Lindsey,Clark,lindsey.clark@garcia-peterson.com,Investment analyst,,2024-06-07,Cold Call,Working
7190,3801,Eric,Garrett,eric.garrett@rileyltd.com,Health service manager,514-220-3870x321,2023-10-07,Cold Call,Unqualified
8018,568,Anthony,Kline,anthony.kline@fulleronealandedwards.com,Geoscientist,(681)614-9175x1249,2025-03-02,Cold Call,New
5660,26,Tracy,Walters,tracy.walters@bowman-brown.com,Clinical cytogeneticist,001-558-358-2844x704,2025-01-05,Referral,Working
7037,310,April,Tate,april.tate@coxgonzalezandrobinson.com,Soil scientist,(766)511-2221,2025-06-29,Ad,Working
804,2879,Angela,Mann,angela.mann@buchananmartinezandhamilton.com,"Surveyor, quantity",001-611-373-1505,2023-07-10,Cold Call,Unqualified
7150,780,Cindy,Brown,cindy.brown@franklinbrownanddean.com,Adult guidance worker,701.996.1245x6239,2023-12-25,Ad,Working
4696,3633,Todd,Bruce,todd.bruce@thompsonpriceandcarr.com,"Therapist, speech and language",546-328-8323x082,2024-11-06,Cold Call,Working
5015,3946,Sarah,Paul,sarah.paul@ford-myers.com,"Designer, television/film set",847-403-3601,2023-07-31,Ad,New
7246,2290,Zachary,Williams,zachary.williams@parks-russell.com,Speech and language therapist,459.271.6858,2023-08-22,Ad,Unqualified
5873,1712,Sabrina,Hancock,sabrina.hancock@cooklambertandcarey.com,Toxicologist,277-498-8898,2024-04-06,Referral,Working
5489,3896,Pamela,Smith,pamela.smith@rodriguezschultzandgarza.com,Animal technologist,312.471.5885,2024-08-30,Referral,Qualified
7043,369,Savannah,Jones,savannah.jones@millerandsons.com,"Designer, jewellery",001-515-447-2328x370,2025-06-28,Web,Working
7634,2255,John,Mcgee,john.mcgee@khaninc.com,Speech and language therapist,9975972752,2025-05-08,Web,Qualified
2435,1078,Natalie,Mendez,natalie.mendez@banksplc.com,Insurance risk surveyor,801-442-8977x570,2025-06-01,Ad,Unqualified
7638,2010,Eric,Silva,eric.silva@cain-adams.com,Call centre manager,595.694.0668,2022-10-03,Cold Call,Working
3765,2650,Xavier,Solomon,xavier.solomon@welchgroup.com,Actor,,2023-05-12,Cold Call,Qualified
2802,2503,Nicole,Fuller,nicole.fuller@lawsoninc.com,Control and instrumentation engineer,001-356-334-3220,2024-11-21,Web,New
6632,2685,James,Blanchard,james.blanchard@park-greer.com,Chief Technology Officer,826.320.7967x4163,2025-05-14,Referral,Qualified
2718,2666,Keith,Gaines,keith.gaines@gilbert-fernandez.com,Teaching laboratory technician,+1-468-518-3583x04711,2023-11-01,Referral,New
4271,2832,Michael,Davis,michael.davis@tatellc.com,"Administrator, education",+1-405-856-8469,2025-07-08,Cold Call,New
5185,868,Angela,Horton,angela.horton@ellis-gonzalez.com,"Scientist, audiological",+1-545-542-9534x81591,2025-04-29,Ad,Working
5474,319,Thomas,Stevenson,thomas.stevenson@trevinogroup.com,Financial adviser,792-489-7143,2024-09-11,Cold Call,Unqualified
5557,762,Joshua,Bird,joshua.bird@thomasdrakeandgreen.com,"Development worker, international aid",+1-598-850-3535x6378,2025-06-08,Ad,New
3055,2501,Garrett,Sexton,garrett.sexton@taylor-jensen.com,Colour technologist,,2025-05-23,Cold Call,Unqualified
7989,106,Daniel,Rivera,daniel.rivera@cummings-butler.com,"Psychologist, educational",(234)675-3424,2023-01-15,Ad,Unqualified
7016,3810,Brendan,Riley,brendan.riley@campbell-michael.com,Chiropractor,5618853836,2025-03-02,Referral,Qualified
3800,839,Michael,Russo,michael.russo@lozano-walton.com,Food technologist,495-369-0266x10757,2023-12-08,Cold Call,Unqualified
2951,2038,John,Barnett,john.barnett@espinozaplc.com,Software engineer,001-595-622-0997x9210,2024-03-23,Web,Working
1927,3608,Brian,Perez,brian.perez@chavezwalkerandevans.com,"Surveyor, building control",+1-541-805-7523x663,2025-02-23,Cold Call,Qualified
7201,2389,Erik,Vargas,erik.vargas@sharpandsons.com,Landscape architect,3306889268,2023-04-25,Cold Call,Unqualified
7361,289,Christopher,Dickson,christopher.dickson@callahanrandolphandallen.com,Bookseller,+1-862-305-2806x267,2025-06-19,Cold Call,New
422,3740,Andrew,Munoz,andrew.munoz@brownplc.com,Mudlogger,(874)386-1206x6777,2023-11-09,Web,Working
5809,2378,Melissa,Campbell,melissa.campbell@andersonllc.com,Radio broadcast assistant,313-456-3700,2025-07-11,Cold Call,Qualified
6275,3313,Theresa,Smith,theresa.smith@smith-rodriguez.com,Race relations officer,+1-895-723-0655,2025-03-19,Cold Call,Working
5434,915,Elaine,Barnes,elaine.barnes@walters-gonzalez.com,Banker,+1-656-985-0924,2023-04-11,Ad,Unqualified
1690,1564,Rachel,Santana,rachel.santana@jonesdiazandmiller.com,"Engineer, land",(874)760-6502x2891,2025-07-11,Referral,Unqualified
7023,50,Rachel,Brown,rachel.brown@brock-howard.com,Professor Emeritus,(541)466-6748,2024-09-10,Cold Call,Unqualified
1962,890,Troy,Pugh,troy.pugh@comptonltd.com,Quality manager,(609)854-9767,2025-06-03,Cold Call,New
2574,2580,Antonio,Lin,antonio.lin@fieldsinc.com,Probation officer,(664)507-9021x11477,2024-12-24,Ad,Working
1396,2014,Michael,Reynolds,michael.reynolds@stanley-allison.com,Chief of Staff,842.481.7967,2023-09-14,Web,Unqualified
3753,1196,Douglas,Collins,douglas.collins@brooksrandallandlewis.com,Animal nutritionist,453-352-8656x57251,2024-05-12,Cold Call,New
8046,2835,Tony,Sharp,tony.sharp@thomas-randolph.com,Holiday representative,(738)878-3628x26329,2025-02-20,Cold Call,New
4900,2488,Morgan,Whitehead,morgan.whitehead@washingtonkirbyandblevins.com,Customer service manager,+1-567-648-2987x104,2025-01-14,Ad,Working
2884,2438,Douglas,Robinson,douglas.robinson@fergusonbatesandbaker.com,Museum education officer,001-576-900-0369x758,2024-11-17,Web,Qualified
1934,2846,David,Carroll,david.carroll@millermooreandgraham.com,"Designer, furniture",9259345801,2024-04-14,Cold Call,New
4209,3802,James,Kelly,james.kelly@baker-cox.com,Visual merchandiser,001-259-941-2208x535,2025-07-13,Cold Call,Qualified
1753,3354,Michael,Smith,michael.smith@webb-petersen.com,"Research officer, political party",5452745217,2024-11-20,Cold Call,New
2801,2503,Donald,Chavez,donald.chavez@lawsoninc.com,"Engineer, manufacturing systems",293.587.1980x718,2023-04-02,Cold Call,New
934,3187,Jackie,Oliver,jackie.oliver@hudson-stokes.com,"Geologist, engineering",6682237109,2025-06-03,Cold Call,Unqualified
8080,3215,Jessica,Brown,jessica.brown@ramsey-lucas.com,Geophysicist/field seismologist,(255)903-9771x61094,2024-12-28,Cold Call,Unqualified
7886,86,Amy,Oliver,amy.oliver@robinsonllc.com,Civil Service administrator,762-404-1908x47014,2025-07-06,Ad,New
4019,604,Scott,Stafford,scott.stafford@reedjacksonandali.com,"Radiographer, therapeutic",570.519.2476,2025-06-30,Ad,New
4542,1860,Deborah,Davis,deborah.davis@penaplc.com,Insurance claims handler,374.435.7564x064,2024-08-02,Ad,New
1224,1044,Julie,Bauer,julie.bauer@chavez-alexander.com,"Psychotherapist, child",218-736-3800,2023-09-27,Web,New
3594,482,Dana,Peterson,dana.peterson@mccallplc.com,"Nurse, children's",001-489-406-6181x261,2024-10-12,Web,Working
7410,2008,Deborah,Flynn,deborah.flynn@freemangordonandwade.com,Marketing executive,+1-470-207-9536x3925,2024-08-09,Web,Unqualified
6762,3849,Edward,Thomas,edward.thomas@bakerhardinandstanley.com,"Surveyor, rural practice",,2023-06-10,Web,Working
2688,2716,Wanda,Thomas,wanda.thomas@cox-jones.com,Health service manager,+1-801-409-2370x0405,2024-12-13,Cold Call,Working
6404,1380,Justin,Gillespie,justin.gillespie@smithplc.com,Office manager,+1-672-537-4048x67963,2024-06-05,Referral,Working
7548,968,Crystal,Rivera,crystal.rivera@gomezinc.com,"Buyer, industrial",327-963-8693,2025-07-03,Web,Qualified
5161,990,Sharon,Cardenas,sharon.cardenas@rubioltd.com,Rural practice surveyor,733-770-8850x89317,2023-12-10,Web,Unqualified
5577,1027,John,Pierce,john.pierce@robinsonllc.com,Materials engineer,628.639.0547,2025-05-18,Web,Qualified
7059,3855,Carol,Brown,carol.brown@buckleyandsons.com,"Geologist, engineering",+1-906-678-6086x72624,2025-05-15,Referral,New
3207,1393,Eileen,Hopkins,eileen.hopkins@maddenjohnstonandharrington.com,"Engineer, chemical",001-492-528-0967,2025-01-20,Ad,New
7775,2166,Jesse,Galvan,jesse.galvan@brown-castillo.com,"Therapist, music",(930)582-5896x9705,2025-07-14,Web,Unqualified
1021,3949,Bryan,Valentine,bryan.valentine@nelson-stephens.com,"Loss adjuster, chartered",+1-704-973-5355x7593,2025-05-15,Ad,Qualified
4893,2106,Adam,Greene,adam.greene@leach-adams.com,Adult guidance worker,001-553-238-3558x52663,2025-02-21,Ad,Qualified
4175,1388,Angela,Simpson,angela.simpson@roman-wilson.com,Ceramics designer,(790)213-1737,2025-05-30,Cold Call,Qualified
4423,1119,Michael,Dalton,michael.dalton@kentgroup.com,Local government officer,+1-210-564-9053x61129,2025-01-17,Web,Unqualified
3420,2292,Ryan,Thompson,ryan.thompson@ochoamorrisandboyer.com,"Optician, dispensing",279.817.5042x764,2025-03-29,Cold Call,Qualified
6666,1789,Robert,Mann,robert.mann@greenclarkandlewis.com,Sales promotion account executive,+1-448-512-6159x277,2025-06-11,Ad,New
1850,1272,Vanessa,Luna,vanessa.luna@smith-moreno.com,"Engineer, maintenance (IT)",+1-384-245-1770x319,2023-09-25,Ad,New
4631,3794,Tyler,Martinez,tyler.martinez@brownllc.com,Bookseller,349.527.4496,2025-01-19,Referral,Unqualified
3143,3718,Jesse,Norton,jesse.norton@barreraplc.com,Optometrist,(759)981-5154,2025-01-28,Cold Call,New
7702,437,Linda,Howard,linda.howard@mcbrideplc.com,Marine scientist,+1-906-326-4015x4697,2025-01-30,Web,New
7681,1117,Jessica,Fleming,jessica.fleming@rubioshafferandkelley.com,Ceramics designer,(425)361-4544,2025-06-06,Ad,New
814,1998,Hannah,James,hannah.james@newtonjacksonandcarpenter.com,Naval architect,+1-574-919-1101x6322,2025-02-04,Ad,Working
7442,3497,Brian,Cisneros,brian.cisneros@price-chen.com,"Surveyor, planning and development",515.543.8950x119,2024-03-09,Ad,Working
6876,3748,Thomas,Newton,thomas.newton@wheelermcknightandwolf.com,"Social research officer, government",(354)719-7347,2024-01-27,Web,New
6631,2685,Renee,Fuller,renee.fuller@park-greer.com,"Administrator, sports",297.464.8139,2025-02-03,Web,Working
879,1937,Devin,Rojas,devin.rojas@alvarezsanchezandcross.com,Psychotherapist,762.588.8534,2025-04-02,Web,New
5965,3453,Stephanie,Dodson,stephanie.dodson@montoyaadamsandhenry.com,Landscape architect,5552776383,2025-04-03,Web,New
2509,107,James,Maxwell,james.maxwell@hallrichardsonandgarcia.com,"Geneticist, molecular",(288)926-4129,2025-06-06,Web,Working
4536,905,Kristin,Thompson,kristin.thompson@sandoval-gibson.com,Civil Service fast streamer,610.849.1629,2025-07-17,Web,Qualified
6875,3748,Becky,Davis,becky.davis@wheelermcknightandwolf.com,Probation officer,+1-545-939-0425x4777,2025-01-01,Referral,Working
3681,3502,Sarah,Orozco,sarah.orozco@pennington-bradley.com,Occupational hygienist,(617)968-5068,2023-10-16,Cold Call,New
6446,1891,Kimberly,Gates,kimberly.gates@parkerbeltrananddavis.com,"Designer, industrial/product",979.539.2984,2024-12-04,Cold Call,New
7494,279,Daniel,Davis,daniel.davis@smithpaulandgibbs.com,Minerals surveyor,9197382839,2025-06-27,Web,Qualified
4958,370,Barry,Butler,barry.butler@matagroup.com,Interior and spatial designer,767-830-0121x59832,2024-10-29,Ad,Qualified
6111,1161,Tom,Reynolds,tom.reynolds@mccullough-holland.com,Consulting civil engineer,372.555.8345x1873,2023-10-25,Ad,Qualified
1590,3738,Heather,Martinez,heather.martinez@davisparkerandbrady.com,"Engineer, electronics",+1-240-235-8449,2025-05-13,Web,Working
6041,734,Timothy,Stuart,timothy.stuart@kelly-campos.com,Operations geologist,+1-984-975-8987x52055,2023-01-30,Ad,Working
3738,1511,David,Manning,david.manning@parsonsmillerandmcguire.com,"Engineer, chemical",457-840-4234,2024-02-08,Web,New
7340,2836,Stephanie,Meadows,stephanie.meadows@parker-powell.com,"Geologist, engineering",001-633-956-4512x3539,2024-12-05,Cold Call,Qualified
6916,3137,James,Watson,james.watson@morrow-alexander.com,Building surveyor,+1-908-227-5610x08393,2023-12-13,Referral,Qualified
7992,2516,Tamara,Cowan,tamara.cowan@ellisltd.com,Gaffer,(693)901-4977,2024-12-14,Ad,Working
3699,2189,Robert,Rodriguez,robert.rodriguez@chenriveraandreyes.com,Marketing executive,001-298-606-9386x2847,2024-10-31,Referral,Unqualified
4904,3945,Catherine,Schwartz,catherine.schwartz@jameswillisandmedina.com,"Secretary, company",908.926.9113x9288,2023-12-08,Web,Working
1259,285,Christopher,Hall,christopher.hall@brown-larson.com,Educational psychologist,861-498-5484,2025-07-12,Cold Call,Unqualified
4760,3430,Timothy,Daniel,timothy.daniel@smithrobinsonandbaker.com,Community pharmacist,607.806.3292x9648,2023-06-12,Ad,Qualified
2610,2281,Sarah,Shaffer,sarah.shaffer@bartonltd.com,Archaeologist,755-881-4874x9313,2025-06-01,Referral,Working
6054,2130,Raymond,Hampton,raymond.hampton@johnsonsmithandsimpson.com,"Administrator, Civil Service",001-633-393-8866x6503,2025-06-28,Cold Call,Qualified
8056,2754,Brandon,Mcdonald,brandon.mcdonald@allen-clark.com,Product manager,001-622-331-4621x41857,2023-09-26,Referral,Working
6464,1114,Rebecca,Caldwell,rebecca.caldwell@pinedaplc.com,Teaching laboratory technician,(541)462-9021x258,2024-04-18,Cold Call,Unqualified
117,1535,Steven,Obrien,steven.obrien@mcclureltd.com,Passenger transport manager,+1-996-592-4683x836,2024-09-17,Ad,Qualified
5987,1814,Taylor,Rogers,taylor.rogers@bakerllc.com,Network engineer,7709504655,2023-11-04,Cold Call,Unqualified
3427,2557,Steve,Mccormick,steve.mccormick@harris-rivas.com,Psychiatric nurse,+1-479-383-6208x7113,2024-08-18,Web,Unqualified
4945,3694,Rachel,Thompson,rachel.thompson@stevensbradfordandstevens.com,Risk manager,868.595.7579x9222,2025-06-11,Cold Call,New
4573,3771,Debra,Shaw,debra.shaw@torreshudsonandmueller.com,Printmaker,367.433.2114,2024-05-04,Ad,Unqualified
7355,992,James,Donovan,james.donovan@brooksmitchellandgregory.com,"Social research officer, government",(823)659-9584x12586,2024-05-04,Ad,Working
4285,1420,Laura,Dixon,laura.dixon@krueger-edwards.com,"Accountant, chartered management",001-533-434-9934x345,2025-01-14,Web,Qualified
3965,2524,Timothy,Harris,timothy.harris@thomasplc.com,"Editor, magazine features",666.876.4772,2024-09-06,Referral,Working
219,3842,Darius,Johnston,darius.johnston@hornerobbinsandbecker.com,Land,424-860-2771x4221,2025-07-10,Web,Unqualified
2094,1109,Amy,Parker,amy.parker@herreraltd.com,"Surveyor, commercial/residential",(922)216-7670x44512,2025-06-23,Ad,New
4192,350,Rebecca,Mendez,rebecca.mendez@pittslewisandjohns.com,Estate manager/land agent,001-737-780-7136x6150,2025-06-26,Web,New
6810,16,Jessica,Arnold,jessica.arnold@joneskingandpadilla.com,Agricultural engineer,,2024-05-30,Cold Call,Working
4493,1458,Jaclyn,Gonzalez,jaclyn.gonzalez@clarkemillerandcampos.com,Multimedia specialist,,2024-12-20,Referral,Qualified
350,1255,Joyce,Hunter,joyce.hunter@smiththompsonandmaxwell.com,Environmental manager,(552)309-1262x400,2024-02-15,Referral,New
5905,321,Kristie,Mitchell,kristie.mitchell@baker-castillo.com,Sports development officer,001-457-739-6029x15352,2023-12-25,Referral,Unqualified
3163,3007,Brian,Edwards,brian.edwards@weber-peterson.com,Financial risk analyst,386.512.0245x67852,2025-03-24,Cold Call,Unqualified
4158,2590,Joyce,Weber,joyce.weber@miller-rodriguez.com,"Solicitor, Scotland",629-461-9343x0000,2025-07-10,Cold Call,Unqualified
209,309,Scott,Avila,scott.avila@colonhartmanandwood.com,Personal assistant,751.443.5158x23318,2024-07-04,Web,New
3280,3520,Erica,White,erica.white@ryan-manning.com,Actor,+1-800-503-0380x7307,2024-08-28,Cold Call,New
3717,1915,Paul,Ramirez,paul.ramirez@kingthompsonandmiles.com,Fast food restaurant manager,+1-976-670-9402,2025-06-01,Cold Call,Unqualified
3723,2886,Mary,Kelly,mary.kelly@hardinandsons.com,Ship broker,001-910-611-4907x649,2024-09-17,Referral,Qualified
6594,3958,Susan,Paul,susan.paul@wright-watson.com,"Development worker, community",266-468-0022,2024-07-30,Web,Unqualified
490,1585,Stacey,Watson,stacey.watson@moore-harrison.com,Lobbyist,783.759.5721x449,2024-07-06,Ad,Unqualified
4383,797,Kyle,Stanley,kyle.stanley@monroellc.com,Diplomatic Services operational officer,876-422-7638x912,2023-06-28,Cold Call,Unqualified
2466,3815,Kevin,Hall,kevin.hall@ramirezllc.com,"Accountant, chartered management",+1-307-713-1118,2024-03-31,Cold Call,Working
2530,2998,Joshua,Chavez,joshua.chavez@kellerplc.com,Ceramics designer,3285582275,2024-09-13,Ad,New
6394,3148,Kimberly,Spencer,kimberly.spencer@alexanderhansenandmartin.com,Firefighter,2075383146,2025-03-12,Web,Qualified
2919,3151,Jennifer,Anderson,jennifer.anderson@woodinc.com,Police officer,+1-365-534-5509,2024-02-20,Referral,New
7258,3902,Darren,Webster,darren.webster@wilson-martinez.com,"Designer, multimedia",725-626-6536x3741,2025-03-22,Cold Call,New
2155,1790,Jason,Perez,jason.perez@rodriguez-mendez.com,General practice doctor,+1-459-468-2134,2025-07-07,Cold Call,Qualified
3453,496,Veronica,Gonzalez,veronica.gonzalez@jacobsonsinghandpeterson.com,Building control surveyor,861.584.8170x40094,2025-06-29,Referral,Unqualified
4754,2809,Joanna,Lambert,joanna.lambert@laragroup.com,"Psychologist, forensic",+1-870-923-5071,2025-04-17,Ad,Working
1401,3625,Kevin,Hoffman,kevin.hoffman@sanders-solomon.com,Armed forces technical officer,850-291-7132x51308,2025-02-01,Referral,Unqualified
7604,477,Beth,Sullivan,beth.sullivan@gray-wilson.com,"Therapist, music",(491)333-2041x0348,2025-06-27,Referral,Qualified
250,1484,Jesse,Griffith,jesse.griffith@hendersonallenandherrera.com,Race relations officer,+1-549-883-7763x82175,2024-02-08,Web,Qualified
3985,459,Blake,Ramos,blake.ramos@davischangandaustin.com,Sales executive,387-725-3798x338,2022-11-07,Ad,Unqualified
5420,3647,Nicole,Cooper,nicole.cooper@chandlerllc.com,"Administrator, sports",5979871293,2025-05-20,Referral,Working
3959,2453,Margaret,Wagner,margaret.wagner@mclaughlingroup.com,Analytical chemist,2159603858,2025-03-04,Cold Call,Working
4179,1907,Jeffery,Moon,jeffery.moon@heath-mccormick.com,Make,(427)785-2285x7742,2025-03-14,Cold Call,Unqualified
5835,1008,Regina,Kerr,regina.kerr@millerinc.com,Banker,+1-715-216-1858x3519,2024-05-24,Web,New
485,1836,Renee,Hancock,renee.hancock@green-lee.com,Community pharmacist,908.471.8282,2024-01-06,Web,Qualified
1891,1052,Jason,Meadows,jason.meadows@swansonruizandthomas.com,"Engineer, maintenance",441.981.8930x63420,2025-07-07,Ad,New
7960,2267,Luke,Owens,luke.owens@fisher-sanchez.com,Energy manager,(333)503-2600x0100,2025-07-18,Cold Call,Unqualified
2365,2881,Patricia,Morales,patricia.morales@whitehughesandkim.com,Fashion designer,(961)906-8781,2025-01-08,Cold Call,Unqualified
1470,3021,Ryan,Moore,ryan.moore@baldwinllc.com,Teaching laboratory technician,993.826.1769x3342,2025-05-04,Ad,New
5105,3688,Andrew,Hurst,andrew.hurst@gonzalezscottandstone.com,Systems developer,,2024-06-25,Referral,Qualified
2477,3879,Karen,Wilson,karen.wilson@hendersonandsons.com,"Engineer, civil (consulting)",+1-945-590-9657x1280,2025-02-02,Web,New
5384,2351,Abigail,Flores,abigail.flores@johnsonnealandbaker.com,Paramedic,469-204-6393x821,2025-04-19,Referral,New
2712,3606,Michael,Walker,michael.walker@sharpplc.com,Freight forwarder,719.797.7849x86585,2024-12-14,Web,New
738,661,Stacy,Carter,stacy.carter@phillipsrobinsonandzavala.com,"Editor, magazine features",7604982763,2024-05-19,Web,Unqualified
6449,1738,Erica,Romero,erica.romero@aguilarinc.com,Adult nurse,,2024-11-23,Cold Call,New
6554,2763,Diane,Preston,diane.preston@johnsongroup.com,Copy,7339990975,2025-05-18,Ad,Qualified
3745,2925,James,Hawkins,james.hawkins@henryweissandmyers.com,Video editor,(923)419-7327x829,2025-06-10,Web,Unqualified
1405,2996,Travis,Mitchell,travis.mitchell@frazierrodriguezandmiles.com,"Geologist, engineering",8396269348,2025-04-16,Web,Working
4872,431,Stephanie,Diaz,stephanie.diaz@lucasgroup.com,Social worker,(362)744-8204,2025-01-02,Web,Unqualified
3820,2363,Theresa,Sellers,theresa.sellers@chandiazandmckay.com,Geophysical data processor,(814)739-4141,2024-03-09,Referral,New
2284,2321,Cynthia,Young,cynthia.young@milleratkinsandmoyer.com,"Engineer, biomedical",+1-330-234-9167x891,2025-06-11,Web,Qualified
5687,1619,Jose,Gray,jose.gray@gravesbarrettandbeck.com,Restaurant manager,706-445-1059x651,2024-06-28,Cold Call,Unqualified
2068,81,Bryan,Scott,bryan.scott@rice-romero.com,"Scientist, research (maths)",(271)650-6311,2025-06-30,Referral,Working
3638,1682,Kaitlyn,Vasquez,kaitlyn.vasquez@cookinc.com,Prison officer,801-998-8765x5122,2025-04-29,Ad,New
958,1249,Darren,Young,darren.young@johnsonllc.com,Television production assistant,001-349-533-8447,2025-01-24,Referral,Qualified
6574,3197,Stephen,Wright,stephen.wright@turnerllc.com,"Scientist, biomedical",(914)508-2488,2025-05-13,Referral,New
600,3572,Nicholas,Francis,nicholas.francis@mooreltd.com,Chartered legal executive (England and Wales),(249)302-2811x3727,2024-07-17,Ad,New
3240,1954,Melanie,Aguilar,melanie.aguilar@savagehoodanddavis.com,"Chemist, analytical",6332309015,2025-02-20,Cold Call,Unqualified
3278,3340,Sarah,Webb,sarah.webb@petersengilesandmcintosh.com,Ship broker,4868521745,2025-02-07,Cold Call,Unqualified
7036,3546,Christopher,Porter,christopher.porter@hermanconradandrivera.com,"Teacher, special educational needs",593.279.4134,2025-06-12,Web,New
1298,3236,Amber,Kline,amber.kline@martinezllc.com,Sales executive,(916)858-7856x36826,2024-10-08,Cold Call,Unqualified
360,378,Donald,Barrett,donald.barrett@nelson-charles.com,Airline pilot,001-231-217-2813x7309,2024-09-13,Cold Call,Qualified
1368,1783,Edward,Cole,edward.cole@munozwernerandgonzalez.com,Publishing rights manager,(731)598-2810x0991,2025-04-18,Cold Call,Unqualified
3839,536,Peter,Yu,peter.yu@gardnerplc.com,Charity officer,001-410-430-6178,2023-01-30,Cold Call,Unqualified
4100,3697,Katherine,Gilbert,katherine.gilbert@webbthomasandjackson.com,"Education officer, community",597-668-4624x41562,2025-06-08,Cold Call,Qualified
3868,1369,John,Davis,john.davis@gomeztuckerandrose.com,Oncologist,396.785.1188x750,2025-05-19,Referral,Working
279,233,Christopher,Hamilton,christopher.hamilton@lin-francis.com,Retail merchandiser,001-267-459-4679,2024-10-17,Web,New
6644,366,Krystal,Simmons,krystal.simmons@ramirezjensenandjones.com,Manufacturing engineer,(909)454-5398x756,2022-12-27,Referral,Unqualified
7474,3228,Eileen,Ramirez,eileen.ramirez@gilmorellc.com,Electrical engineer,(495)714-9112x5904,2024-05-06,Web,Unqualified
88,777,Erika,Harmon,erika.harmon@phillipsjenkinsandwade.com,TEFL teacher,+1-953-763-3390x132,2024-10-28,Cold Call,New
4912,2609,Miguel,Robertson,miguel.robertson@prattandsons.com,Equities trader,596.622.3151,2025-06-06,Web,New
6298,3350,Kaitlyn,Park,kaitlyn.park@serrano-hernandez.com,Quarry manager,(708)950-0209,2025-06-13,Referral,Unqualified
6095,2208,Paul,Wu,paul.wu@torreswelchandlutz.com,Phytotherapist,4452850642,2024-08-14,Cold Call,Working
6393,3148,Jennifer,Thompson,jennifer.thompson@alexanderhansenandmartin.com,Chartered legal executive (England and Wales),(605)698-9279,2025-02-09,Ad,Working
4247,1505,Tammy,Bender,tammy.bender@stuart-howard.com,"Psychologist, counselling",(895)249-8817x935,2025-02-02,Ad,Unqualified
1896,217,Thomas,Brown,thomas.brown@morrisplc.com,Tax inspector,,2024-12-25,Cold Call,Working
5501,3024,Robert,Weber,robert.weber@smith-reyes.com,English as a foreign language teacher,929-262-9808,2025-04-24,Ad,Working
7946,3424,Kylie,Crawford,kylie.crawford@watsongreenandphillips.com,Colour technologist,(615)582-8778,2025-05-31,Web,Unqualified
3525,911,Kimberly,Mitchell,kimberly.mitchell@princediazandstewart.com,Firefighter,887-773-6357x33400,2024-11-14,Referral,Unqualified
6675,1421,Olivia,Hess,olivia.hess@kelleyalvarezandmoran.com,Chief Strategy Officer,,2024-03-10,Ad,Unqualified
1997,99,Sharon,Gutierrez,sharon.gutierrez@danielsllc.com,Soil scientist,,2025-05-02,Ad,Unqualified
528,3012,Theresa,Torres,theresa.torres@ryanmooreandmatthews.com,"Surveyor, building control",+1-757-421-2117,2025-02-28,Web,Working
7493,279,Tonya,Moore,tonya.moore@smithpaulandgibbs.com,Arts administrator,(792)343-6404x7174,2024-11-28,Ad,Working
1130,3425,James,Long,james.long@wiley-contreras.com,Travel agency manager,(246)393-3729x20945,2025-06-06,Cold Call,Unqualified
5522,294,Julia,Castro,julia.castro@homooreandlamb.com,Industrial buyer,(695)691-7747,2025-03-14,Web,New
4569,3068,Keith,Anderson,keith.anderson@whitedavisandmartin.com,Adult guidance worker,001-610-470-9950x0917,2023-12-26,Referral,Qualified
7040,2945,Shirley,Moran,shirley.moran@romerorossandprince.com,"Loss adjuster, chartered",(753)202-5194x62109,2025-05-21,Referral,New
1381,1302,Tracy,Gibson,tracy.gibson@townsendwashingtonandperry.com,Office manager,+1-426-775-0058x946,2024-08-27,Web,New
1697,1880,Joseph,Underwood,joseph.underwood@baileymillerandromero.com,Operations geologist,601.874.6519x108,2024-12-20,Cold Call,New
4443,2096,Andrew,Perez,andrew.perez@doughertyinc.com,Arts administrator,206-697-0502,2023-09-22,Cold Call,New
3639,1526,Michelle,Peterson,michelle.peterson@villanuevaandsons.com,"Administrator, education",965.639.3074x816,2023-06-05,Cold Call,New
6252,2771,Kathleen,Vaughn,kathleen.vaughn@toddllc.com,"Surveyor, insurance",(382)357-5645x631,2025-04-19,Web,Unqualified
5523,294,Andrew,Bailey,andrew.bailey@homooreandlamb.com,Financial manager,(534)720-6871x1278,2025-03-27,Referral,Working
6522,2075,Cynthia,Evans,cynthia.evans@weaver-parks.com,"Accountant, chartered public finance",,2025-05-25,Ad,Qualified
2640,1914,Daniel,Lewis,daniel.lewis@watsongroup.com,Social researcher,978.639.0789x397,2025-04-10,Ad,New
787,427,Sara,Wright,sara.wright@nguyengroup.com,Land/geomatics surveyor,760.539.3688x28547,2025-02-23,Cold Call,Qualified
4340,1759,Holly,James,holly.james@mullins-caldwell.com,Sports administrator,001-219-395-7972x853,2025-05-20,Ad,New
3730,3251,Aaron,Davis,aaron.davis@jonesrogersandhill.com,Photographer,001-380-338-6107x7679,2025-06-23,Referral,New
3086,1897,Lindsey,Vargas,lindsey.vargas@parrish-smith.com,"Research officer, political party",001-811-970-9144x850,2024-10-21,Ad,Unqualified
7843,77,Valerie,Barr,valerie.barr@smith-douglas.com,"Engineer, production",(515)744-0136x64330,2024-06-27,Ad,Working
7319,1400,William,Johns,william.johns@wyattmurphyandmiller.com,Television/film/video producer,001-931-673-4458x9907,2025-05-14,Cold Call,New
3223,1984,Regina,Wilcox,regina.wilcox@bakerllc.com,Nature conservation officer,001-615-736-8789x2374,2024-11-27,Referral,Unqualified
4189,721,Peter,Jones,peter.jones@jonesllc.com,Geophysical data processor,+1-366-698-8068x888,2025-05-05,Referral,Working
3526,911,Brenda,Tran,brenda.tran@princediazandstewart.com,Radiation protection practitioner,256-596-9567,2023-09-29,Referral,Unqualified
1140,862,Margaret,Knight,margaret.knight@gonzalezmasonandnelson.com,"Teacher, secondary school",312-298-4059x2487,2024-09-21,Referral,Qualified
3636,1682,Lori,Castro,lori.castro@cookinc.com,Diplomatic Services operational officer,+1-744-355-3358x89622,2025-06-06,Web,Qualified
7021,3754,Angela,Hooper,angela.hooper@lopez-dickerson.com,Armed forces operational officer,(678)421-0626x75705,2025-05-04,Referral,Unqualified
215,1001,Doris,Ramirez,doris.ramirez@conner-soto.com,"Engineer, water",322-652-0138,2023-07-31,Ad,Unqualified
1549,2385,Alison,Wells,alison.wells@arnoldgroup.com,Scientific laboratory technician,001-656-594-5352x6604,2023-09-22,Cold Call,Working
2253,894,Charles,Bright,charles.bright@kellerplc.com,"Scientist, research (physical sciences)",920.967.9261,2025-06-21,Referral,Working
2803,1183,Ashlee,Jackson,ashlee.jackson@richards-brown.com,Travel agency manager,755.363.9392x091,2023-11-10,Cold Call,Qualified
2502,1015,Keith,Foster,keith.foster@thorntonandsons.com,Retail banker,6562280712,2024-05-17,Web,Working
6861,2228,Kayla,Cochran,kayla.cochran@stoneplc.com,Warehouse manager,333-808-0042,2025-04-15,Cold Call,New
7208,2774,Grace,King,grace.king@mcdanielkingandsimpson.com,Soil scientist,8835154814,2025-07-01,Ad,Qualified
2735,359,Monica,Buckley,monica.buckley@youngplc.com,Aeronautical engineer,(327)416-4586x1925,2025-02-03,Ad,New
6351,2529,Judy,Gibson,judy.gibson@harringtonchapmanandtorres.com,Catering manager,001-280-343-2406x2188,2024-08-18,Ad,Working
3703,2717,Dustin,Evans,dustin.evans@hernandez-jackson.com,Pharmacologist,858.631.0060,2023-05-20,Web,New
1207,2816,Christopher,Walker,christopher.walker@jones-reyes.com,Chartered public finance accountant,5834123038,2025-05-24,Web,Working
5035,3757,Holly,Miller,holly.miller@wellsjohnsonandbaker.com,Quarry manager,+1-553-271-5849x8476,2025-03-03,Cold Call,Working
7758,1744,Sydney,Romero,sydney.romero@robbins-wood.com,Stage manager,+1-795-207-6787x1148,2025-05-25,Ad,Qualified
5126,312,Tyrone,Davis,tyrone.davis@bailey-everett.com,Higher education careers adviser,(856)501-4431x278,2024-02-05,Ad,Unqualified
7970,1186,Mason,Richards,mason.richards@lesterinc.com,Research scientist (maths),001-867-596-0232,2025-01-10,Ad,Qualified
6417,241,Aaron,Garcia,aaron.garcia@smithrobertsandmack.com,"Designer, jewellery",305-219-0830x7128,2024-03-09,Ad,Working
3761,3628,Andrea,Wilson,andrea.wilson@garrettgroup.com,Contractor,408.790.2997x77576,2025-01-19,Cold Call,Unqualified
1644,2898,Elizabeth,Sutton,elizabeth.sutton@hardin-mccarthy.com,Advertising account planner,001-351-530-2758,2025-05-29,Ad,Working
358,700,Mary,James,mary.james@galvaninc.com,Dramatherapist,7346193541,2025-03-22,Ad,Qualified
6643,366,Chad,Jimenez,chad.jimenez@ramirezjensenandjones.com,Control and instrumentation engineer,+1-404-813-1914,2023-12-05,Cold Call,Working
4132,564,Dennis,Welch,dennis.welch@marquez-flores.com,Medical physicist,+1-663-758-5522x9984,2023-08-16,Web,New
1273,1685,Blake,Smith,blake.smith@patelgroup.com,"Exhibitions officer, museum/gallery",+1-547-462-7383x53731,2024-09-27,Referral,Qualified
3880,975,Robert,West,robert.west@atkins-reese.com,Dance movement psychotherapist,(676)996-2395,2024-11-14,Ad,Unqualified
4681,1623,David,Jackson,david.jackson@bennettandrewsandcampbell.com,Hydrologist,(498)927-4982,2025-02-25,Web,Qualified
5378,3791,Karen,Flores,karen.flores@ramirezestesandwarner.com,"Scientist, marine",(502)289-4514x681,2023-12-31,Ad,New
5952,1655,Karen,Moon,karen.moon@myersllc.com,Sales executive,,2025-06-16,Referral,Unqualified
6851,2392,Rebecca,Rodriguez,rebecca.rodriguez@mooregroup.com,Audiological scientist,587-357-5205x4101,2025-01-29,Referral,Working
6431,2021,Elizabeth,Cunningham,elizabeth.cunningham@martinhughesandparker.com,"Psychologist, occupational",(999)901-5272x3061,2024-05-20,Ad,Working
2885,2438,Richard,Wells,richard.wells@fergusonbatesandbaker.com,Graphic designer,001-830-391-9491x1842,2024-10-23,Cold Call,Working
4902,1275,Ryan,Cruz,ryan.cruz@jenkinswigginsandguzman.com,"Designer, textile",+1-523-302-1066x84409,2025-07-08,Cold Call,Working
1019,2170,James,Salazar,james.salazar@daviesfergusonanddawson.com,"Administrator, arts",(809)777-5612x3394,2025-04-23,Ad,Unqualified
7621,1684,Amanda,Brooks,amanda.brooks@youngwhitakerandmorgan.com,Historic buildings inspector/conservation officer,693-209-4988,2023-02-24,Cold Call,New
3318,1124,Sandra,Vaughn,sandra.vaughn@mcconnellwilkinsonandmills.com,Industrial/product designer,973.927.9693x60111,2025-05-09,Web,Unqualified
3605,669,Kevin,Nichols,kevin.nichols@cooperandsons.com,Jewellery designer,(798)537-4895,2025-04-14,Web,Unqualified
797,138,Jacob,Murray,jacob.murray@james-downs.com,Media planner,001-356-861-8363,2024-11-21,Cold Call,Working
5533,891,Tammy,Ali,tammy.ali@fields-johnson.com,Sport and exercise psychologist,(606)248-1536,2024-06-29,Referral,Unqualified
393,302,Andrea,Nguyen,andrea.nguyen@smithltd.com,"Engineer, biomedical",895.864.7949,2024-09-07,Ad,Unqualified
6169,2937,Sarah,Bell,sarah.bell@wardbrownanddaniel.com,Make,431.602.0493,2025-05-18,Referral,New
6244,2397,Stacy,Hughes,stacy.hughes@brooksllc.com,Adult nurse,292.374.1287x33169,2025-06-29,Referral,Working
695,580,Ryan,Thornton,ryan.thornton@lopezcontrerasandholmes.com,Fast food restaurant manager,752-677-1591,2023-07-02,Cold Call,Qualified
1151,1390,Betty,Garcia,betty.garcia@englishgroup.com,Ophthalmologist,617-526-7216x408,2025-06-22,Cold Call,Unqualified
6053,2130,Kenneth,Castro,kenneth.castro@johnsonsmithandsimpson.com,Production manager,5819377161,2025-05-11,Referral,New
4169,1672,Brian,Johnson,brian.johnson@hebert-jimenez.com,Energy manager,001-397-711-6455x87459,2024-08-09,Web,Qualified
917,2591,Carol,Williams,carol.williams@kempgonzalezandholland.com,"Designer, television/film set",001-335-331-1490x343,2024-08-18,Ad,New
5927,3892,Joseph,Jenkins,joseph.jenkins@batesshepherdandtran.com,Chief Strategy Officer,819.843.8532,2023-03-20,Referral,Qualified
7829,2174,Ronald,Massey,ronald.massey@robinsontaylorandcabrera.com,Counselling psychologist,(326)490-3441x1002,2024-01-29,Referral,Working
7841,525,Alejandra,Hopkins,alejandra.hopkins@rosschenandwilliams.com,"Solicitor, Scotland",578-602-7928,2025-04-25,Ad,Unqualified
4922,2546,Don,Rivers,don.rivers@price-wood.com,Toxicologist,+1-862-400-8640x7959,2025-05-01,Referral,Working
2679,3283,Carmen,Werner,carmen.werner@jenningswilliamsandthomas.com,Cabin crew,729-946-2691x2537,2024-05-10,Cold Call,Working
7765,3923,Steven,Shields,steven.shields@dixonleonardandburns.com,Chartered loss adjuster,3473227829,2025-06-20,Web,Working
1047,2647,Sharon,Lawson,sharon.lawson@nguyenllc.com,Industrial buyer,457-735-7561,2025-06-05,Web,New
1749,76,James,Rogers,james.rogers@gonzalesrosarioandmartinez.com,Probation officer,983.429.3131,2025-05-15,Cold Call,Qualified
4164,978,Christopher,Parker,christopher.parker@blankenshipllc.com,"Engineer, energy",001-282-725-4420,2024-09-20,Ad,Qualified
3994,1940,Douglas,Knight,douglas.knight@galvanandsons.com,Occupational therapist,,2025-04-14,Ad,Working
3670,1213,Kimberly,Cordova,kimberly.cordova@yorkbrownandsmith.com,Microbiologist,930-933-9068,2024-06-06,Ad,Qualified
6746,1739,Ashley,Gibson,ashley.gibson@parker-perez.com,Fisheries officer,453.316.8743,2024-09-04,Cold Call,Qualified
4531,2674,Mary,Russell,mary.russell@garner-valdez.com,"Sales professional, IT",(848)641-2886x6582,2024-04-11,Web,New
3537,653,Frank,Young,frank.young@clarkgroup.com,Forensic psychologist,001-960-675-4075x868,2025-05-28,Cold Call,New
6835,95,Alyssa,Robbins,alyssa.robbins@morganandsons.com,Exhibition designer,,2025-01-30,Referral,Working
7779,3793,Jason,Francis,jason.francis@pearsonmyersandcampbell.com,Advertising account planner,9786970004,2025-01-27,Cold Call,New
5180,191,Karen,Taylor,karen.taylor@miller-bond.com,"Exhibitions officer, museum/gallery",958-628-0919x07286,2024-07-08,Referral,New
6538,47,Matthew,Sims,matthew.sims@clineinc.com,Market researcher,001-245-450-2119x25276,2024-12-18,Ad,New
4388,3741,Randall,Mcdaniel,randall.mcdaniel@duranthomasanddeleon.com,Geophysical data processor,+1-589-882-7521x84734,2024-07-04,Cold Call,Working
2204,1132,Michelle,Hudson,michelle.hudson@myersarnoldandjones.com,Sport and exercise psychologist,332-529-5071x5874,2025-05-08,Cold Call,Unqualified
3770,958,Ian,Nelson,ian.nelson@white-rice.com,Manufacturing systems engineer,001-373-447-0584x9189,2023-06-13,Cold Call,Working
999,228,Kerry,Wilkinson,kerry.wilkinson@gallaghercolonandheath.com,Actor,001-889-276-8672x0856,2023-07-23,Web,New
2366,2570,Mason,Cole,mason.cole@wrightmedinaandrivera.com,"Surveyor, building control",262.850.1850,2023-10-29,Ad,New
2654,3743,Andrea,Medina,andrea.medina@hudson-hunter.com,Community development worker,508-729-2332x17924,2024-10-28,Ad,New
7128,1692,Frances,Patterson,frances.patterson@gonzales-woodward.com,TEFL teacher,762.415.5964x4996,2025-05-22,Referral,Qualified
7898,1700,Katelyn,Harrison,katelyn.harrison@huffmangroup.com,Magazine features editor,,2024-09-04,Referral,Qualified
8001,3165,Terri,Mckenzie,terri.mckenzie@quinnwoodandcook.com,"Production assistant, radio",001-916-247-9059x78848,2025-02-09,Ad,Unqualified
595,2487,Rhonda,Anderson,rhonda.anderson@mcclurewrightandjennings.com,"Administrator, charities/voluntary organisations",(726)868-3456,2025-02-15,Referral,Qualified
3833,3567,Gregory,Anderson,gregory.anderson@nguyen-reyes.com,"Engineer, communications",678.980.1523,2023-11-29,Web,Unqualified
985,178,Tara,Lara,tara.lara@figueroapayneandcooper.com,"Engineer, agricultural",830.626.7334,2024-10-04,Cold Call,Working
1835,1763,Craig,Bentley,craig.bentley@patterson-conley.com,Interpreter,3052100768,2023-05-23,Web,New
781,2147,Justin,Dodson,justin.dodson@ramos-mccann.com,Art therapist,(661)251-1232,2023-06-17,Cold Call,Unqualified
2932,2987,Spencer,Pruitt,spencer.pruitt@hutchinsongonzalezandmckay.com,Research scientist (life sciences),379.738.0531x11653,2025-07-16,Web,Working
3039,3574,Brooke,Park,brooke.park@clarkfletcherandmoreno.com,Exhibition designer,,2024-05-07,Web,Unqualified
3606,2064,Richard,Thomas,richard.thomas@nunezwashingtonandpatel.com,Counselling psychologist,001-606-383-6306,2024-03-10,Ad,Unqualified
5142,3541,Mary,Shepard,mary.shepard@castanedagroup.com,"Pilot, airline",001-957-521-0046x07984,2025-04-06,Ad,Qualified
1814,3410,Alyssa,Young,alyssa.young@burtonsimmonsandgibson.com,Seismic interpreter,001-747-628-3444,2025-05-03,Cold Call,Qualified
3767,3732,Kristen,Stein,kristen.stein@stricklandllc.com,"Engineer, structural",225-587-6526x0996,2025-07-18,Referral,Qualified
4174,470,Theresa,James,theresa.james@harrellltd.com,Heritage manager,+1-405-453-2212,2024-06-20,Cold Call,Unqualified
5752,2409,Mary,Young,mary.young@johnsonltd.com,Systems analyst,,2025-06-18,Web,Working
1733,516,Christian,Hamilton,christian.hamilton@carpenter-rogers.com,Therapeutic radiographer,356.756.9639x330,2024-10-23,Web,Working
5985,1401,Jason,Campbell,jason.campbell@andrews-flores.com,"Engineer, materials",669.554.4242x7582,2024-02-29,Web,Qualified
7957,3406,Matthew,Chandler,matthew.chandler@obrienllc.com,Research scientist (maths),+1-860-652-2411,2025-06-17,Web,Unqualified
1682,2311,Robert,Rivera,robert.rivera@huffandsons.com,Bonds trader,,2025-01-06,Cold Call,Working
4011,1873,Debbie,Sullivan,debbie.sullivan@holmes-hampton.com,Community education officer,941-716-7832,2024-09-13,Cold Call,Qualified
1566,2711,Sarah,Rodriguez,sarah.rodriguez@mcclure-schultz.com,Further education lecturer,(703)476-3915,2024-11-11,Ad,New
573,2493,Brandi,Rich,brandi.rich@murrayandsons.com,"Conservator, furniture",471-956-0725x0546,2023-11-15,Referral,Working
719,1031,Megan,Keith,megan.keith@rodriguezcrawfordandcruz.com,Land/geomatics surveyor,001-604-519-9440x621,2025-04-02,Referral,Working
1103,2651,Lauren,Ferrell,lauren.ferrell@abbott-bauer.com,Telecommunications researcher,,2025-06-13,Referral,Unqualified
3777,264,Michael,Johnson,michael.johnson@murrayandsons.com,Air broker,562.686.7967x936,2025-01-08,Ad,Qualified
6136,2127,Brandon,Medina,brandon.medina@bellltd.com,Chief Financial Officer,250-854-8957x98205,2024-09-19,Cold Call,New
7723,750,Michele,Holloway,michele.holloway@garrettgarzaandnorris.com,Industrial buyer,+1-649-633-7602x4207,2024-08-14,Web,New
5017,3131,Donald,Leon,donald.leon@nelson-bennett.com,"Solicitor, Scotland",(816)967-7152,2025-03-11,Web,Working
4013,2400,Christopher,Gonzalez,christopher.gonzalez@sextonandsons.com,Barista,+1-210-680-7760x0589,2025-06-28,Referral,New
1142,3788,Russell,Reed,russell.reed@washington-wilson.com,Armed forces training and education officer,816-474-8601x51894,2025-04-11,Cold Call,Qualified
6065,1521,Kevin,Scott,kevin.scott@houston-lozano.com,Records manager,(261)858-4446x4586,2024-09-17,Referral,Working
6013,2927,Tracy,Sanchez,tracy.sanchez@reedandsons.com,Materials engineer,628-855-9450,2023-07-26,Cold Call,Unqualified
6648,3760,Robert,Thomas,robert.thomas@rodgerssmithandparker.com,Management consultant,001-416-640-9813x85972,2025-05-23,Referral,Qualified
2722,2555,Gregory,King,gregory.king@johnson-jackson.com,IT trainer,496.592.9493,2024-07-15,Web,Unqualified
1490,3344,Ryan,Harrell,ryan.harrell@allisondiazandcastillo.com,"Buyer, industrial",001-365-598-7239x48922,2025-06-29,Referral,New
6946,329,Diana,Hunter,diana.hunter@torresarnoldandkim.com,Neurosurgeon,001-208-959-9416x51564,2025-01-18,Cold Call,New
6021,52,Jordan,Gaines,jordan.gaines@reynoldsandsons.com,"Engineer, materials",,2024-12-17,Web,Working
3098,439,Madison,Moreno,madison.moreno@morenowheelerandmyers.com,Recruitment consultant,+1-415-475-4176x33594,2024-04-03,Ad,Working
3266,3468,Jonathan,Hester,jonathan.hester@bradford-james.com,Patent attorney,389.310.6215x89011,2024-05-07,Cold Call,Qualified
6936,932,Roy,Brown,roy.brown@hensleyhornandhurst.com,Wellsite geologist,+1-540-407-1000x5935,2024-05-19,Web,Qualified
7061,3855,Curtis,Hayden,curtis.hayden@buckleyandsons.com,"Psychologist, educational",(710)850-4106,2024-07-09,Web,New
2283,2971,Ashley,Davis,ashley.davis@lambertgroup.com,"Programmer, systems",(796)599-0752,2025-02-14,Cold Call,New
7318,2655,Henry,Swanson,henry.swanson@williamsllc.com,Clinical embryologist,001-621-493-4453x0969,2024-08-21,Ad,New
7655,3883,Karen,Castillo,karen.castillo@josephltd.com,Horticultural consultant,(515)653-7807x880,2024-06-30,Ad,Working
1359,1068,Stephen,Weaver,stephen.weaver@lewisandsons.com,Actor,,2023-10-06,Cold Call,Qualified
1523,1065,Lindsey,Flores,lindsey.flores@nelson-schmidt.com,Purchasing manager,6234513487,2024-04-22,Referral,Working
3257,656,Julia,Lopez,julia.lopez@morales-maxwell.com,"Copywriter, advertising",001-541-820-6435,2024-08-21,Referral,Qualified
5988,2892,James,Johnson,james.johnson@barry-ruiz.com,Clinical biochemist,723-599-3114,2024-07-18,Referral,Qualified
306,1646,Heather,Sanchez,heather.sanchez@garciaandsons.com,Field seismologist,001-586-711-9502x3622,2025-03-02,Web,Working
6740,1642,Brian,Kennedy,brian.kennedy@hudsonltd.com,"Accountant, chartered",7072535854,2024-12-02,Cold Call,Working
7932,2310,Gerald,Mendez,gerald.mendez@larsonrossanddorsey.com,Mechanical engineer,9952179631,2024-12-14,Web,Working
653,3185,Christopher,Walker,christopher.walker@hamiltonltd.com,Air broker,740.883.0655,2024-10-31,Referral,Working
5616,1226,Kristina,Harris,kristina.harris@robertsburtonandwheeler.com,"Designer, graphic",836-255-0389,2025-04-01,Ad,Unqualified
383,1238,Joshua,Le,joshua.le@millerandsons.com,Academic librarian,(743)784-3851x7587,2024-07-11,Ad,New
5167,479,Heather,Daniels,heather.daniels@kimwalkerandayala.com,"Designer, television/film set",+1-714-357-9466x327,2024-05-05,Web,Qualified
7856,2137,Summer,Tucker,summer.tucker@coxjonesandcooper.com,Corporate investment banker,656-773-3762,2023-10-09,Web,New
4485,3351,Kayla,Ross,kayla.ross@barkerllc.com,Physiological scientist,(255)362-9848,2023-11-25,Referral,Working
4073,1551,Kevin,Stephenson,kevin.stephenson@castroinc.com,Sports administrator,001-457-278-0351,2025-07-14,Ad,Unqualified
4112,1221,Elizabeth,Rivas,elizabeth.rivas@nguyen-bolton.com,Adult guidance worker,001-799-809-6437,2024-03-13,Referral,Qualified
7799,2443,Barbara,Lee,barbara.lee@scottllc.com,Regulatory affairs officer,(406)550-1622x11785,2025-04-17,Referral,New
1683,1086,Gary,Stephens,gary.stephens@johnsonltd.com,"Conservator, furniture",821-316-9465x083,2024-10-17,Cold Call,New
819,1899,Dennis,Martinez,dennis.martinez@gross-bowen.com,Control and instrumentation engineer,997.587.0977x4290,2023-12-03,Ad,Qualified
4746,1271,Elijah,Macdonald,elijah.macdonald@oconnorllc.com,Geophysical data processor,001-903-526-7176x0643,2024-05-21,Cold Call,New
2210,2983,Angela,Perry,angela.perry@brooksltd.com,Corporate investment banker,+1-204-503-9675x7845,2025-07-18,Ad,New
4581,2622,Christopher,Graham,christopher.graham@kellygroup.com,Commercial/residential surveyor,(664)914-7574,2025-07-16,Ad,Working
7366,3345,Miranda,Galvan,miranda.galvan@berryllc.com,Oncologist,(908)798-8127x568,2024-07-13,Cold Call,Working
5559,404,Anthony,Davis,anthony.davis@schwartzinc.com,Museum/gallery exhibitions officer,300.620.1862x519,2025-03-29,Web,Qualified
6871,1075,Jessica,Jackson,jessica.jackson@adamsjonesandmarshall.com,"Administrator, Civil Service",848-684-0579x714,2024-08-14,Web,Working
6744,1739,Kyle,Hall,kyle.hall@parker-perez.com,"Scientist, water quality",001-603-968-6443x5011,2024-09-28,Referral,Qualified
3269,878,Jeremy,Smith,jeremy.smith@coleltd.com,Community arts worker,(457)345-1187x821,2024-06-19,Referral,Qualified
5289,749,Brittney,Ross,brittney.ross@allenvangandflores.com,"Nurse, adult",(514)756-1138x5845,2025-06-28,Ad,Unqualified
1386,3171,Jeffrey,Cooper,jeffrey.cooper@pattersonmoralesandstevenson.com,"Teacher, English as a foreign language",+1-237-389-3459x4457,2024-01-17,Referral,Qualified
7656,2760,Emily,Sanders,emily.sanders@kimandsons.com,Financial risk analyst,001-688-335-1704x8666,2025-05-20,Referral,Unqualified
6641,770,Jerry,Doyle,jerry.doyle@malone-wallace.com,Regulatory affairs officer,6032673825,2025-06-04,Web,Working
559,849,Steve,Hodges,steve.hodges@garcia-norman.com,"Production designer, theatre/television/film",280.298.6259x29540,2025-01-14,Referral,Unqualified
7941,3966,Holly,Sherman,holly.sherman@garcia-hanson.com,"Pilot, airline",+1-936-623-6902,2023-11-03,Referral,Unqualified
6002,3179,Tara,Watson,tara.watson@mcintoshsmithandmoreno.com,Immigration officer,+1-314-603-0810x224,2025-05-21,Cold Call,New
1724,3539,Stephanie,Graham,stephanie.graham@taylorltd.com,"Scientist, marine",880.796.2022x778,2024-12-10,Referral,Qualified
2220,1496,Herbert,Browning,herbert.browning@bakercruzandbowman.com,Nutritional therapist,+1-637-666-7927x662,2023-12-14,Cold Call,Qualified
7733,3389,Joel,Duran,joel.duran@armstrongcrossandmorgan.com,Diagnostic radiographer,001-577-442-3895,2025-05-24,Referral,New
484,1836,Lori,Parrish,lori.parrish@green-lee.com,Chartered management accountant,001-558-456-7865x11683,2024-12-12,Web,New
7713,2049,Gabrielle,Wall,gabrielle.wall@kiddandsons.com,General practice doctor,,2024-11-13,Referral,Working
5496,3454,Travis,Silva,travis.silva@duncanjacksonandglover.com,Fine artist,688.673.6719x5418,2024-06-27,Referral,Unqualified
2625,1586,Nicholas,Gray,nicholas.gray@moore-hawkins.com,Electronics engineer,446-533-0214x876,2024-10-20,Referral,Qualified
322,263,Kristie,Simon,kristie.simon@dunlap-keller.com,Building services engineer,001-263-270-2992x84667,2025-07-04,Referral,Unqualified
7643,1707,Tara,Velazquez,tara.velazquez@clarkegroup.com,Ship broker,+1-811-782-0288x746,2024-12-14,Referral,Working
314,2519,Heather,Gates,heather.gates@bergerllc.com,Farm manager,5408747834,2025-06-14,Cold Call,Working
4716,1309,Hannah,Hale,hannah.hale@martinezjenkinsandhodge.com,Games developer,001-200-776-5502x60421,2023-05-28,Cold Call,Unqualified
332,2661,Joshua,Romero,joshua.romero@gainesplc.com,"Conservation officer, historic buildings",,2025-06-01,Web,Working
5544,574,Melissa,Hawkins,melissa.hawkins@bradyhernandezandhayes.com,"Runner, broadcasting/film/video",938-525-0067,2024-02-22,Web,Qualified
4582,1592,Nicole,Woods,nicole.woods@douglasgibsonandsnyder.com,Housing manager/officer,001-419-620-3884x51272,2025-03-22,Ad,Unqualified
4083,2270,Eric,York,eric.york@chambers-harper.com,Data processing manager,001-588-617-7561x1152,2024-10-12,Referral,New
5761,2422,Michelle,Davis,michelle.davis@welchplc.com,Mining engineer,(738)741-6076x39279,2023-10-15,Cold Call,New
5113,1901,Sylvia,Clark,sylvia.clark@gravesllc.com,Make,001-245-581-3139x93041,2025-03-05,Cold Call,New
3593,482,Cody,Hernandez,cody.hernandez@mccallplc.com,Web designer,5999279144,2023-12-06,Cold Call,Qualified
4805,3792,Jonathan,Walker,jonathan.walker@lopezobrienandramos.com,"Engineer, aeronautical",001-340-306-1586,2025-05-12,Cold Call,Qualified
5684,2629,Colleen,Pitts,colleen.pitts@williamsgroup.com,Oncologist,001-253-454-1124x584,2025-03-10,Web,Unqualified
6603,2108,Lisa,Lopez,lisa.lopez@fordgonzalezandmcneil.com,Insurance broker,271.900.6549x0712,2025-04-25,Web,New
2360,966,Ryan,Farmer,ryan.farmer@castrogeorgeandgilbert.com,Interpreter,2942755618,2025-06-07,Web,New
582,3210,Calvin,Gregory,calvin.gregory@petersonblevinsandsimpson.com,"Engineer, agricultural",(458)808-2528,2023-01-17,Ad,Unqualified
3914,2795,Alyssa,Quinn,alyssa.quinn@wolfecooleyandyoung.com,Financial planner,418.366.5593x856,2025-06-13,Cold Call,New
7415,278,Angelica,Dean,angelica.dean@jones-nolan.com,"Administrator, local government",+1-607-618-4059x61345,2024-01-29,Referral,New
3927,999,Samantha,Marks,samantha.marks@wyattrobertsandanderson.com,Press photographer,354-697-7953,2023-04-09,Referral,Unqualified
6378,72,Amy,Ross,amy.ross@jenkins-hernandez.com,"Engineer, petroleum",315.827.1791,2024-12-22,Ad,New
7864,2875,Jay,Moses,jay.moses@rochaandsons.com,Equality and diversity officer,936.784.2838x450,2024-03-31,Web,Working
300,1355,Diana,Beasley,diana.beasley@kirk-cain.com,Tree surgeon,2038979642,2024-07-07,Web,Unqualified
2611,3485,Briana,Graham,briana.graham@york-stone.com,Trade union research officer,982.518.9856x4142,2023-11-07,Ad,Working
5468,1125,Jane,Logan,jane.logan@phillipssilvaandperez.com,Race relations officer,537-331-3868x4310,2025-01-24,Web,Unqualified
855,184,Leslie,Moore,leslie.moore@little-jenkins.com,Broadcast journalist,833.494.7427x297,2025-03-03,Ad,Qualified
576,1046,Andrew,Alexander,andrew.alexander@massey-campbell.com,"Engineer, electrical",,2024-09-25,Ad,New
6117,3355,David,Zimmerman,david.zimmerman@scottltd.com,Corporate investment banker,(393)690-5094x04829,2025-03-03,Cold Call,Unqualified
388,1641,Karen,Cruz,karen.cruz@martinezinc.com,Psychiatric nurse,+1-560-696-3507x52921,2024-02-13,Ad,Unqualified
2115,834,Stephanie,Delgado,stephanie.delgado@hillgroup.com,"Lecturer, further education",602-672-7859x5580,2024-07-01,Web,New
877,2619,Austin,Gonzales,austin.gonzales@fields-pierce.com,Food technologist,+1-734-602-2909x137,2025-06-09,Web,New
2469,1292,Tamara,Gibson,tamara.gibson@kellerhuntandpatel.com,Forensic scientist,270-803-8876,2025-01-30,Referral,New
7978,3220,Michaela,Williams,michaela.williams@fields-pittman.com,Manufacturing systems engineer,453.255.7726x82254,2024-09-19,Referral,Working
7416,703,Jane,Smith,jane.smith@rollins-holt.com,Optometrist,(389)866-4617x04016,2025-05-11,Ad,Unqualified
4818,3133,Ronald,Pace,ronald.pace@williamsperezandramirez.com,Social researcher,(229)227-5569,2024-09-26,Referral,Working
901,447,Melissa,Garcia,melissa.garcia@bergerinc.com,"Surveyor, quantity",+1-564-836-2805x489,2024-10-14,Web,Working
6828,3780,Sandra,Webb,sandra.webb@wilsonrobertsandmarshall.com,Chartered certified accountant,509-412-6413,2025-05-03,Cold Call,New
7226,2103,Matthew,Kennedy,matthew.kennedy@lester-robertson.com,Local government officer,001-444-282-4254x993,2024-01-10,Ad,New
5611,115,Ebony,Burton,ebony.burton@nguyenllc.com,Public librarian,959.485.8194x53603,2025-05-15,Referral,Working
4290,3318,Charles,Hardin,charles.hardin@young-burke.com,"Horticulturist, amenity",2092020785,2025-03-19,Cold Call,Working
2903,180,Olivia,Moore,olivia.moore@vargasadamsandsantos.com,"Surveyor, building",(715)228-2973,2024-02-18,Ad,Working
5072,1453,Margaret,Meyer,margaret.meyer@hudsonplc.com,Sport and exercise psychologist,412.343.6818x4015,2024-09-17,Ad,Unqualified
4625,3062,Carla,Gardner,carla.gardner@burnettmartinezandgardner.com,Corporate investment banker,,2024-04-07,Web,Unqualified
3571,1517,Edward,Jones,edward.jones@morganinc.com,Geophysicist/field seismologist,246.763.3396,2023-04-06,Cold Call,Working
7888,3978,Miguel,Davis,miguel.davis@valentine-doyle.com,Hospital doctor,(945)676-6115,2024-11-19,Cold Call,New
956,2339,Michael,Brown,michael.brown@gonzalesandersonandconway.com,Equality and diversity officer,586-547-9643,2025-01-02,Web,Working
1633,1824,Ryan,Brown,ryan.brown@andersonrobinsonandmurphy.com,Industrial buyer,293-264-0195,2024-02-26,Ad,Working
5992,2797,Samuel,Edwards,samuel.edwards@mendez-mccoy.com,Event organiser,001-555-350-6567x183,2024-12-09,Referral,Qualified
449,2544,Melissa,Murray,melissa.murray@webbltd.com,Chiropodist,(603)334-5570x689,2023-12-06,Cold Call,New
5076,1659,Paul,Ferguson,paul.ferguson@hortoninc.com,"Production designer, theatre/television/film",(349)864-6481x2142,2025-04-09,Referral,Unqualified
8068,3204,Michael,Mitchell,michael.mitchell@padillallc.com,Television/film/video producer,260-635-3529x62989,2025-07-18,Referral,Unqualified
4103,3403,Alexis,Lindsey,alexis.lindsey@maxwellramirezandlucas.com,"Administrator, local government",934.699.4941x2235,2025-05-28,Ad,Qualified
5956,3194,Kimberly,Ramos,kimberly.ramos@webster-king.com,"Solicitor, Scotland",(243)457-7295,2025-05-19,Ad,Unqualified
7254,2382,Christopher,Long,christopher.long@rothgroup.com,Set designer,430-993-6359x27483,2023-11-25,Referral,Unqualified
3168,1286,Brian,Kim,brian.kim@carter-murphy.com,"Therapist, sports",449.668.6154,2023-05-24,Ad,Qualified
3467,1866,Kenneth,Smith,kenneth.smith@williamsfowlerandnelson.com,Police officer,+1-455-422-1600x893,2025-07-14,Referral,Unqualified
7815,1787,Phillip,Anderson,phillip.anderson@esparzaedwardsandshepherd.com,Health physicist,+1-713-549-6740,2024-08-14,Cold Call,Qualified
315,2519,Cody,Carter,cody.carter@bergerllc.com,Product/process development scientist,431.987.0778x689,2025-02-27,Cold Call,Working
3339,3387,Sara,Howard,sara.howard@ellisonperryandcunningham.com,"Designer, exhibition/display",+1-824-317-2027,2025-02-03,Referral,Unqualified
3305,3796,Michael,Gonzalez,michael.gonzalez@hartinc.com,Medical laboratory scientific officer,001-970-842-4989x390,2024-08-01,Ad,New
599,1167,Jeanne,Johnson,jeanne.johnson@clarkturneranddavis.com,Charity officer,(921)696-5357x43454,2025-06-27,Ad,Qualified
1802,1962,Michael,Riley,michael.riley@mcclure-king.com,Secondary school teacher,+1-682-266-6946x19640,2024-11-07,Cold Call,Working
6727,1553,Erik,Cantrell,erik.cantrell@mccarthyltd.com,Public affairs consultant,966.603.0465x033,2025-05-27,Web,Unqualified
3131,3372,Linda,Sellers,linda.sellers@pittman-martin.com,"Scientist, audiological",,2025-02-02,Referral,Working
3818,3564,William,Allen,william.allen@weaverltd.com,Ceramics designer,(500)685-8746x3567,2024-07-09,Ad,New
3553,236,Ryan,Diaz,ryan.diaz@galvan-leblanc.com,Chief Marketing Officer,,2024-11-12,Referral,New
5201,3764,Michael,Cooper,michael.cooper@woods-hancock.com,Interpreter,+1-805-386-3975,2023-11-13,Web,Working
318,3935,Diane,Anderson,diane.anderson@davenportandsons.com,Media buyer,(609)287-8008,2025-06-24,Web,Working
339,3523,Eric,Hanson,eric.hanson@simmonsltd.com,Printmaker,,2024-11-11,Web,Unqualified
3792,2897,Brett,Garcia,brett.garcia@hardin-graham.com,"Sales professional, IT",956.231.4760x65474,2025-01-25,Web,Working
4238,2243,Katherine,Garcia,katherine.garcia@wernerschultzandhuang.com,Financial controller,311-912-9482x994,2025-01-26,Ad,Qualified
3135,3405,Amber,Howard,amber.howard@fergusonwilliamsandchandler.com,Housing manager/officer,279-835-6315x51833,2024-10-21,Referral,Working
4427,2059,Julie,Moore,julie.moore@rodriguezplc.com,Airline pilot,782-297-1153x84798,2024-11-12,Referral,Unqualified
4052,2600,Lisa,Smith,lisa.smith@reedsmithandlee.com,Merchant navy officer,+1-894-317-9814,2024-08-03,Referral,New
5928,1349,Douglas,House,douglas.house@hopkins-christensen.com,Ergonomist,001-938-427-0865,2024-10-19,Web,Qualified
2408,339,Cindy,Gibson,cindy.gibson@longjosephandsteele.com,Theme park manager,+1-668-574-5128x602,2025-05-04,Ad,Unqualified
5044,767,Brianna,Moore,brianna.moore@raymondburgessandwilliams.com,Television camera operator,001-438-762-3229x36724,2023-10-09,Cold Call,Working
1521,1065,Courtney,Cunningham,courtney.cunningham@nelson-schmidt.com,Arboriculturist,(906)456-0615x4481,2024-09-22,Web,New
4959,370,Mary,Wright,mary.wright@matagroup.com,"Designer, interior/spatial",827.616.6803,2024-12-10,Referral,New
3034,418,Alex,Brown,alex.brown@zimmermaninc.com,Commissioning editor,001-554-984-6523x6480,2025-03-17,Ad,New
7195,3031,Michael,Martinez,michael.martinez@andersongroup.com,Diplomatic Services operational officer,001-673-918-4565,2025-05-02,Ad,Qualified
4645,784,Shelia,Rice,shelia.rice@martinezgroup.com,Naval architect,001-442-940-4503x64257,2025-07-13,Ad,New
106,3652,Marissa,Monroe,marissa.monroe@wellsjonesandarmstrong.com,"Production designer, theatre/television/film",(254)714-9609,2025-07-12,Ad,Working
1613,2457,Matthew,Schmitt,matthew.schmitt@jordan-rose.com,Magazine journalist,+1-771-426-8385x1025,2025-01-05,Cold Call,Qualified
1352,2287,Patrick,Boone,patrick.boone@lopez-perkins.com,Arts development officer,8424859588,2024-09-20,Web,New
806,2465,Joshua,Farmer,joshua.farmer@robertsandsons.com,Geographical information systems officer,,2025-05-11,Web,Unqualified
7828,2174,Chad,Perez,chad.perez@robinsontaylorandcabrera.com,Patent examiner,7964434196,2024-05-03,Referral,Qualified
4153,2565,Roy,Woods,roy.woods@brown-ward.com,Herbalist,(508)411-2585x649,2024-10-04,Web,Working
3892,3212,Christian,Nelson,christian.nelson@morrisnicholsandblack.com,"Therapist, horticultural",499.486.5806x526,2025-06-22,Referral,New
7199,1911,Laura,Martinez,laura.martinez@russellllc.com,Pensions consultant,001-718-888-2774,2025-07-06,Referral,Qualified
7167,2823,Sean,Bowen,sean.bowen@andersongroup.com,Immunologist,(815)448-8541x4348,2025-05-26,Referral,Unqualified
3979,1996,Shelly,Hernandez,shelly.hernandez@green-jones.com,"Surveyor, building",218.973.9216x34972,2025-03-08,Ad,Unqualified
6359,3238,Kenneth,Ruiz,kenneth.ruiz@hurleywuandmarsh.com,Food technologist,970-808-2832x10525,2025-04-29,Web,Working
6205,2803,William,Gomez,william.gomez@brownllc.com,"Editor, film/video",,2024-01-21,Cold Call,Qualified
4600,820,Brenda,Pollard,brenda.pollard@bellinc.com,Phytotherapist,692.663.5043,2024-06-13,Web,Unqualified
7983,2781,Nicole,Soto,nicole.soto@maddenleachandware.com,"Scientist, product/process development",384.241.6474x965,2025-01-24,Web,Working
7919,3292,Kimberly,Brady,kimberly.brady@hartman-jensen.com,Control and instrumentation engineer,001-897-256-9398,2023-07-25,Ad,Unqualified
3430,1279,Sandy,Golden,sandy.golden@leeplc.com,Museum/gallery conservator,826.547.9248,2024-02-19,Web,New
5632,1266,Zachary,Hunt,zachary.hunt@cohengroup.com,Operational investment banker,001-356-816-0760x905,2023-08-23,Ad,Unqualified
6575,2847,Dawn,Davis,dawn.davis@youngplc.com,Horticultural consultant,001-495-507-5026,2023-10-19,Ad,New
1293,948,Sarah,Miller,sarah.miller@edwards-hutchinson.com,Theatre manager,(873)888-1959x3143,2024-12-02,Referral,Qualified
6881,608,Katherine,Mitchell,katherine.mitchell@eaton-tyler.com,Aeronautical engineer,415-721-4097x34249,2024-12-28,Ad,Unqualified
4040,3369,Elizabeth,Smith,elizabeth.smith@wardinc.com,"Designer, jewellery",001-821-741-9187x9860,2025-01-31,Ad,New
6733,2551,Janice,Black,janice.black@phillipsllc.com,Psychiatrist,361-303-5151,2025-04-20,Ad,New
4970,1939,Eugene,Sanchez,eugene.sanchez@williamsllc.com,Set designer,648.910.1070,2024-02-26,Cold Call,Unqualified
1050,3699,Christian,Navarro,christian.navarro@griffin-lynch.com,Restaurant manager,528-950-6273x8212,2025-01-01,Referral,Working
2108,2890,Justin,Lynch,justin.lynch@conleyayersandberg.com,Television floor manager,(344)392-8289,2024-12-17,Ad,New
5314,904,Robyn,Gomez,robyn.gomez@fowlerinc.com,Editorial assistant,,2023-05-12,Cold Call,Working
6036,1598,Donald,Smith,donald.smith@rodgers-reese.com,Aeronautical engineer,(301)882-5282x4437,2025-05-18,Cold Call,Unqualified
2846,1798,Amy,Sanchez,amy.sanchez@sosapageandalexander.com,Health and safety inspector,933.231.9472x8357,2023-08-18,Cold Call,Unqualified
5451,2234,Ronnie,Reese,ronnie.reese@rose-garcia.com,"Scientist, research (medical)",(938)851-9347,2025-03-27,Web,New
7485,1631,Darryl,Guzman,darryl.guzman@jacksonthorntonandnewman.com,"Surveyor, hydrographic",+1-840-510-7968,2024-04-07,Web,Qualified
4829,1557,Cameron,Carlson,cameron.carlson@ruiz-henry.com,"Therapist, drama",+1-896-924-3806x014,2025-03-01,Cold Call,Working
1338,1975,Jasmine,Johnson,jasmine.johnson@smith-cole.com,Corporate investment banker,001-410-967-5856x58138,2024-03-01,Web,New
7227,2103,Bonnie,Thomas,bonnie.thomas@lester-robertson.com,Manufacturing systems engineer,318.282.1404,2025-02-21,Referral,New
3583,680,Heather,Murphy,heather.murphy@ramirezandsons.com,Data processing manager,(728)771-6272x72326,2025-06-03,Web,Qualified
2685,317,Sydney,Nguyen,sydney.nguyen@thomasleeandsimpson.com,Chiropodist,2164644023,2025-03-09,Referral,Qualified
5436,1116,Christina,Sanders,christina.sanders@nielseninc.com,"Accountant, chartered management",236-597-0536x13274,2025-04-10,Ad,Unqualified
6763,2374,Megan,Burke,megan.burke@wood-shields.com,Chief Operating Officer,001-315-405-1043x2038,2024-06-16,Web,Unqualified
1596,2023,Alexis,Adams,alexis.adams@lynchgroup.com,Radio broadcast assistant,(532)398-9306x85196,2024-11-15,Cold Call,Unqualified
3152,1468,Charlotte,Branch,charlotte.branch@fishersheppardandwoodard.com,"Scientist, biomedical",001-221-586-9087,2025-05-17,Web,Working
6265,3338,Allen,Singh,allen.singh@armstrongwilliamsandmccoy.com,Sales executive,+1-867-279-0167x671,2024-06-24,Cold Call,Working
200,3431,Kelsey,Hernandez,kelsey.hernandez@loweplc.com,Chartered loss adjuster,216-567-4448x26419,2025-05-04,Web,New
1410,2094,Thomas,Clark,thomas.clark@rice-adams.com,"Journalist, broadcasting",+1-355-459-1870x2819,2024-12-22,Cold Call,Working
3953,1126,Samantha,Rice,samantha.rice@austinphamandcarney.com,Ambulance person,001-716-889-0052,2025-06-20,Web,New
2109,2890,Tracy,Thompson,tracy.thompson@conleyayersandberg.com,Best boy,(486)343-8298x91661,2025-07-04,Referral,Qualified
5719,7,Anita,Oconnell,anita.oconnell@kellyandsons.com,"Therapist, drama",7982485849,2025-06-15,Web,Working
7900,2905,Steven,Young,steven.young@mooreclementsandholt.com,Proofreader,4129329391,2023-12-07,Referral,Qualified
4989,240,Janice,Baker,janice.baker@bowmannguyenandvalentine.com,"Surveyor, mining",,2025-07-02,Cold Call,New
7468,1448,Jimmy,Lambert,jimmy.lambert@patton-jones.com,Sport and exercise psychologist,559.267.7693,2023-12-13,Ad,Qualified
3851,1967,Alfred,Vega,alfred.vega@todd-jones.com,"Physicist, medical",7419837375,2025-06-10,Referral,Qualified
7094,2561,Adrian,Sanchez,adrian.sanchez@hughesandsons.com,Clothing/textile technologist,508-868-5364,2024-10-16,Ad,Unqualified
1285,1305,Keith,Davis,keith.davis@hicksinc.com,Warehouse manager,+1-265-952-0301x02204,2025-06-04,Cold Call,New
3344,3052,Felicia,Ford,felicia.ford@dunnllc.com,"Administrator, education",(319)592-9941x429,2025-03-13,Ad,Unqualified
1319,1748,Diane,Petersen,diane.petersen@hinesltd.com,Tax adviser,001-948-753-7919x6926,2024-12-30,Cold Call,Qualified
6847,3893,Jeanette,Wright,jeanette.wright@browngarciaandjenkins.com,"Scientist, research (physical sciences)",643-990-4874,2025-05-03,Ad,Qualified
6465,1114,Carlos,Hodge,carlos.hodge@pinedaplc.com,"Surveyor, rural practice",538-383-6125,2024-07-28,Web,Working
7727,158,Molly,Russell,molly.russell@mitchellltd.com,Air traffic controller,793.454.7949x3612,2025-06-07,Cold Call,New
7842,525,Jason,Nguyen,jason.nguyen@rosschenandwilliams.com,Chief Executive Officer,6686232577,2025-04-15,Cold Call,Unqualified
4230,2083,Andrew,Ali,andrew.ali@cochranyorkandbennett.com,Data processing manager,001-677-727-9517x81331,2023-07-13,Referral,Working
5697,1597,Jeffrey,Jennings,jeffrey.jennings@castrogroup.com,Geoscientist,(201)809-2625x627,2025-06-30,Cold Call,Qualified
266,3799,Tammy,Davenport,tammy.davenport@floyd-ellison.com,Banker,001-617-952-8066x173,2025-06-23,Cold Call,Working
661,1470,Diana,Kirby,diana.kirby@douglasltd.com,"Journalist, newspaper",831.303.6642x7970,2023-08-05,Web,Working
4346,1518,Jessica,Turner,jessica.turner@richllc.com,"Conservator, museum/gallery",401-549-1757x254,2025-03-23,Web,Qualified
6190,2056,Raymond,Rivera,raymond.rivera@stewartplc.com,Production engineer,+1-410-557-1805x7214,2024-05-12,Cold Call,Qualified
6429,229,Angela,Jensen,angela.jensen@ayala-harper.com,Office manager,9273359697,2023-12-08,Referral,Unqualified
175,2235,Timothy,Hale,timothy.hale@garzaltd.com,Prison officer,6634845562,2025-07-08,Web,New
2033,988,Diana,Mcintosh,diana.mcintosh@benton-bradley.com,Immigration officer,583-392-1656x265,2024-09-24,Cold Call,Qualified
2734,359,George,Gonzalez,george.gonzalez@youngplc.com,"Designer, fashion/clothing",4199349133,2025-03-24,Ad,Unqualified
7119,3460,Abigail,Crawford,abigail.crawford@everettandsons.com,"Engineer, land",001-433-895-6745x66417,2025-06-26,Referral,New
2048,3440,James,Price,james.price@cordovaortizandcross.com,"Conservation officer, historic buildings",807.957.7639x0980,2025-01-16,Web,New
1037,2377,Matthew,Miller,matthew.miller@shepardinc.com,Operations geologist,001-729-762-5285x829,2025-03-23,Referral,Qualified
7421,660,Brittany,White,brittany.white@hallespinozaandmoore.com,Aeronautical engineer,+1-581-925-6212x46256,2024-05-04,Cold Call,New
5311,2476,Richard,Brown,richard.brown@brown-simmons.com,Youth worker,281.514.2380x950,2023-11-12,Referral,Qualified
1803,1962,Gavin,Lewis,gavin.lewis@mcclure-king.com,Armed forces operational officer,,2023-11-04,Cold Call,Unqualified
2441,3867,Lori,Richardson,lori.richardson@zamora-wilson.com,Retail banker,937-308-8685,2025-05-05,Web,New
5397,3943,Arthur,Sexton,arthur.sexton@mcneilltd.com,Sport and exercise psychologist,001-659-610-0039x76946,2025-03-29,Ad,Qualified
1435,3252,Danny,Fisher,danny.fisher@parkandsons.com,Sports administrator,(970)854-6335x600,2024-09-01,Web,New
5335,3193,David,Brown,david.brown@whiteandsons.com,"Engineer, mining",+1-813-518-1675x772,2024-08-14,Cold Call,Working
5466,1652,Michael,Crawford,michael.crawford@armstrongsmithandtaylor.com,Health and safety inspector,302.300.7239x982,2023-11-03,Referral,Qualified
6178,1913,Monique,Singh,monique.singh@miller-campbell.com,"Psychologist, sport and exercise",,2024-02-06,Referral,New
5648,1690,Laura,Luna,laura.luna@white-holden.com,Hospital pharmacist,(794)868-6493,2024-05-27,Referral,New
7358,2246,James,Taylor,james.taylor@parks-montes.com,Occupational psychologist,(232)265-4009x09960,2023-11-22,Cold Call,New
2056,3813,Jennifer,Prince,jennifer.prince@lara-avila.com,"Engineer, technical sales",361-522-2371x7581,2023-05-09,Cold Call,Qualified
4598,693,Sean,Brown,sean.brown@lewis-newman.com,"Engineer, land",575-527-0233x6611,2025-06-18,Referral,Unqualified
465,2241,Scott,Palmer,scott.palmer@perez-garcia.com,"Engineer, manufacturing",844-515-6827,2024-09-06,Web,Qualified
644,1173,Rebecca,Allen,rebecca.allen@turner-bray.com,Homeopath,+1-962-338-3271x6715,2024-10-07,Ad,Qualified
6984,2552,Isaiah,Garza,isaiah.garza@garciaandrewsanddickson.com,Wellsite geologist,001-256-580-2743x36838,2024-11-13,Web,Working
1913,2144,Ruben,Miller,ruben.miller@lloyd-knapp.com,Biomedical engineer,+1-562-773-0303x832,2024-06-28,Web,New
6115,3355,Todd,Robles,todd.robles@scottltd.com,"Scientist, research (maths)",821-777-6123,2025-01-25,Web,Working
3221,2601,John,Nunez,john.nunez@smith-hensley.com,Risk analyst,+1-681-547-9946x6501,2025-06-29,Referral,New
6284,414,Nicholas,Bailey,nicholas.bailey@morrisltd.com,"Geologist, wellsite",001-414-353-7679,2024-09-17,Referral,Qualified
464,1088,Bryan,Taylor,bryan.taylor@brown-vega.com,"Teacher, early years/pre",829-901-5829x7645,2024-07-05,Web,New
5773,685,Jamie,Salinas,jamie.salinas@smithallenandgomez.com,Artist,(716)737-3056,2024-11-20,Cold Call,Unqualified
6833,199,Curtis,Liu,curtis.liu@costa-butler.com,Speech and language therapist,,2025-01-23,Referral,Working
1935,137,Todd,Hunt,todd.hunt@smith-williams.com,"Therapist, occupational",359-957-1120x744,2024-10-12,Web,Working
6731,1376,Charles,Miller,charles.miller@fletchergreenandterry.com,Chief of Staff,8884103956,2024-10-02,Ad,New
2410,3981,Brian,Jenkins,brian.jenkins@garciamyersandmorgan.com,Furniture designer,(262)364-7017,2024-11-12,Web,Qualified
68,275,Cynthia,Brown,cynthia.brown@martin-franco.com,Research scientist (medical),581-535-7532,2023-03-31,Cold Call,Working
1095,3977,Peter,Roman,peter.roman@leemarshallandgonzalez.com,Technical author,001-368-272-0457x1932,2024-05-07,Referral,New
4095,1423,Stephanie,Lozano,stephanie.lozano@bassltd.com,Broadcast presenter,361.414.3907,2025-06-15,Web,Working
6342,1855,Lisa,Malone,lisa.malone@lanellc.com,"Nurse, children's",771.839.7553x355,2025-07-11,Web,New
5327,3762,John,Bishop,john.bishop@choi-price.com,Mining engineer,+1-246-976-5914x647,2024-07-04,Cold Call,Unqualified
5245,2424,Gina,Prince,gina.prince@olson-hill.com,Volunteer coordinator,240.256.4981x86113,2023-10-24,Referral,Qualified
5385,2351,Michael,Wallace,michael.wallace@johnsonnealandbaker.com,Software engineer,394.378.9010,2025-05-25,Ad,New
7223,3954,Katrina,Hampton,katrina.hampton@webbplc.com,Biomedical scientist,392.911.5883x0192,2022-12-16,Cold Call,Working
5811,3060,David,Jimenez,david.jimenez@deleoninc.com,Control and instrumentation engineer,275-924-2550x661,2023-07-19,Ad,Working
405,403,Stephanie,Grant,stephanie.grant@baker-meyer.com,Immunologist,(813)654-0050,2024-09-25,Referral,Qualified
4022,2972,Mike,Norman,mike.norman@floresinc.com,"Engineer, maintenance",854.619.5560x4070,2025-06-22,Ad,New
6836,95,Larry,Mcdonald,larry.mcdonald@morganandsons.com,Chiropodist,+1-513-863-8972x861,2024-10-09,Cold Call,Qualified
4417,3789,Tamara,Gonzales,tamara.gonzales@ramirez-jones.com,Petroleum engineer,(219)585-8887x04936,2025-06-17,Web,Working
1238,3188,Brian,Johnson,brian.johnson@dennis-duke.com,Technical sales engineer,+1-460-522-6350,2024-07-04,Cold Call,Working
6278,2777,Linda,Hansen,linda.hansen@castrowalkerandmiller.com,Electronics engineer,(579)354-2997x24049,2025-06-17,Ad,Unqualified
1595,3056,Emily,Reid,emily.reid@bridges-keller.com,Claims inspector/assessor,+1-760-999-9751x40835,2023-10-28,Web,Qualified
3192,1237,Meagan,Lynch,meagan.lynch@barajas-gordon.com,Medical sales representative,262-343-5398x78242,2024-12-26,Referral,Unqualified
6316,1928,Gina,Larson,gina.larson@mooregroup.com,Ophthalmologist,8067945173,2024-08-16,Ad,New
862,1698,Donald,Graham,donald.graham@parker-phillips.com,Plant breeder/geneticist,452.781.6247x6532,2024-11-21,Ad,Qualified
7872,1979,Jeffrey,Miller,jeffrey.miller@huynhjonesandbaldwin.com,Animal nutritionist,001-404-309-9111,2023-08-13,Web,New
469,1398,Bryan,Pacheco,bryan.pacheco@savageandsons.com,Learning mentor,001-252-716-5156x805,2024-08-02,Ad,Unqualified
6215,1525,Morgan,Weber,morgan.weber@franklin-carson.com,Financial manager,,2023-09-04,Ad,Unqualified
2953,2388,Lee,Arnold,lee.arnold@bridgescampbellandhernandez.com,Mechanical engineer,+1-868-801-4022x73572,2024-04-26,Web,Qualified
3188,2901,Aaron,Hughes,aaron.hughes@owens-baker.com,Web designer,424-768-9264,2024-10-24,Referral,Working
990,1092,Seth,Williams,seth.williams@garcia-perez.com,Analytical chemist,978.927.9707,2024-07-03,Cold Call,Unqualified
6942,1198,Kenneth,Hawkins,kenneth.hawkins@johnsonmccallandlawrence.com,Child psychotherapist,7965490507,2025-04-23,Web,New
5254,2841,Nicholas,Dominguez,nicholas.dominguez@patel-johnson.com,Industrial/product designer,839.742.1932x846,2024-04-09,Ad,New
1215,707,Debra,Smith,debra.smith@barrera-nichols.com,Barrister,910-583-5422x46882,2025-01-27,Cold Call,Qualified
2437,1078,Mary,Ramirez,mary.ramirez@banksplc.com,"Scientist, forensic",+1-942-324-2052,2025-06-05,Cold Call,Working
6080,1752,Lori,Shea,lori.shea@vasquez-fisher.com,Tax adviser,(761)816-8826x91242,2024-07-23,Web,Working
2946,3070,Michael,Singleton,michael.singleton@willismcleanandaustin.com,"Designer, multimedia",(657)334-6650,2025-03-05,Cold Call,Qualified
6126,2227,Gabriel,Perkins,gabriel.perkins@francofloresandnguyen.com,Insurance underwriter,884.462.5242x01266,2025-06-22,Referral,Unqualified
4006,3700,Ryan,Hanson,ryan.hanson@pena-west.com,Academic librarian,001-390-259-2038x825,2024-09-27,Referral,New
6769,1384,Amanda,Barber,amanda.barber@marquezwardandbennett.com,"Sales professional, IT",+1-464-450-7640x3888,2024-11-01,Ad,Qualified
3694,737,Benjamin,Frye,benjamin.frye@holtkeithandsnyder.com,"Administrator, education",+1-583-461-1640x34772,2025-02-02,Web,Working
581,3210,Andrew,Brown,andrew.brown@petersonblevinsandsimpson.com,Public relations account executive,657.264.1725,2025-03-24,Cold Call,Working
6585,3108,Amy,Murphy,amy.murphy@thorntonbrownandyoder.com,"Pilot, airline",(918)493-6347x52914,2024-11-19,Referral,New
7302,636,Kerry,Knight,kerry.knight@smith-poole.com,"Education officer, environmental",248.940.2533x86682,2025-06-02,Cold Call,Working
634,3972,Samantha,Myers,samantha.myers@jamesandersonandmoore.com,Video editor,+1-585-342-4152,2024-10-24,Cold Call,Qualified
1147,1310,Emily,Landry,emily.landry@walterkingandwright.com,Civil Service fast streamer,,2025-02-09,Ad,Unqualified
17,1635,Julie,Morales,julie.morales@phillipsplc.com,Sports coach,457-257-7813x1838,2024-07-14,Ad,Qualified
90,3765,Kara,Green,kara.green@armstrongryanandrobinson.com,Health visitor,316-512-2720,2025-04-29,Ad,New
65,2956,Stephanie,Smith,stephanie.smith@owen-smith.com,"Therapist, speech and language",317.346.5243x570,2023-03-30,Referral,Unqualified
3313,2924,Sean,Long,sean.long@mason-peterson.com,Sales promotion account executive,001-664-202-7973x864,2025-05-01,Referral,New
7045,2304,Leslie,Williams,leslie.williams@garretttownsendandwalker.com,Radiation protection practitioner,(516)451-0574x98551,2023-11-25,Ad,Working
2211,2983,Katelyn,Oconnell,katelyn.oconnell@brooksltd.com,Community arts worker,+1-538-336-7529x37467,2025-07-02,Referral,Unqualified
3059,1925,Charles,Schultz,charles.schultz@mitchell-pearson.com,Senior tax professional/tax inspector,(484)727-2134x66214,2025-05-27,Ad,Qualified
1233,1647,Franklin,Sanders,franklin.sanders@lopezcampbellandleon.com,"Teacher, adult education",+1-841-251-3141x747,2025-07-17,Cold Call,New
5237,1533,Emily,Brooks,emily.brooks@orozcogardnerandpowell.com,Trade union research officer,816-230-7021,2025-01-27,Referral,New
7056,3880,Angela,Moore,angela.moore@fisherunderwoodandjohnson.com,Magazine journalist,+1-839-203-3056x861,2025-02-04,Ad,New
4738,702,Joseph,Wade,joseph.wade@castrogroup.com,Insurance risk surveyor,+1-784-283-3962x4173,2024-11-10,Ad,Working
6515,3653,Scott,Pena,scott.pena@whitegroup.com,Geophysical data processor,255.615.1164x004,2025-02-22,Web,Qualified
3825,36,Sharon,James,sharon.james@davis-robertson.com,"Optician, dispensing",387.414.7374x1878,2024-07-21,Cold Call,Qualified
6807,2997,William,Park,william.park@perez-spencer.com,Science writer,(816)928-9874x894,2024-12-19,Referral,Qualified
280,3602,Jessica,Sanchez,jessica.sanchez@gray-brooks.com,"Engineer, broadcasting (operations)",+1-979-770-6587x532,2023-06-03,Cold Call,New
2995,3122,Stephanie,Santos,stephanie.santos@smith-jackson.com,Publishing copy,001-411-483-7083,2024-08-22,Web,New
7231,558,Emily,Lee,emily.lee@keller-wagner.com,Medical laboratory scientific officer,001-228-320-9036x3271,2023-09-29,Cold Call,Working
129,3469,John,Silva,john.silva@molina-ryan.com,Environmental consultant,(270)282-4207,2025-06-23,Ad,New
497,663,Derek,Saunders,derek.saunders@danielswhiteandwood.com,Therapeutic radiographer,+1-855-656-3161x7029,2023-10-11,Web,Unqualified
2658,1227,Henry,Small,henry.small@jimenezplc.com,Diplomatic Services operational officer,+1-308-759-7692x161,2024-06-08,Web,Qualified
6057,1476,Richard,Campbell,richard.campbell@smith-davis.com,"Conservator, museum/gallery",589-252-8995,2024-09-20,Ad,Working
4768,1648,Susan,Ramsey,susan.ramsey@stanton-miller.com,"Restaurant manager, fast food",+1-339-846-1197x148,2025-03-27,Ad,New
1052,160,Veronica,Sutton,veronica.sutton@williams-lamb.com,"Biochemist, clinical",508.484.9607x81798,2025-07-14,Cold Call,Unqualified
1242,1809,Amanda,Johnson,amanda.johnson@escobarweberandhoffman.com,Media buyer,(778)551-0319,2025-04-26,Cold Call,Working
1842,1693,Audrey,Flores,audrey.flores@saundersltd.com,Hospital doctor,2727812839,2025-07-04,Web,Qualified
7744,2065,Franklin,Munoz,franklin.munoz@brown-whitney.com,"Scientist, biomedical",314.586.0443x9242,2023-02-04,Web,Working
6147,1799,Holly,Dougherty,holly.dougherty@harrisonllc.com,Volunteer coordinator,001-338-986-8651x052,2025-07-10,Referral,New
3485,3761,Ashley,Miller,ashley.miller@moore-petty.com,Location manager,439.230.1884x9044,2025-07-05,Cold Call,Working
1048,347,William,Flores,william.flores@ruizterrellandrichardson.com,Aeronautical engineer,001-918-430-2191,2024-11-06,Cold Call,New
3504,3926,Melinda,Woods,melinda.woods@wade-williams.com,"Therapist, speech and language",620.256.6186x6135,2024-02-09,Cold Call,New
2555,1579,Joseph,Cobb,joseph.cobb@williams-washington.com,Licensed conveyancer,+1-608-326-5649x53422,2025-02-06,Web,Working
451,2475,Melissa,Snyder,melissa.snyder@bradshaw-macdonald.com,"Restaurant manager, fast food",978-858-7761,2023-11-16,Referral,New
2333,297,Kendra,Walker,kendra.walker@millerphillipsandreilly.com,Geochemist,,2024-01-13,Referral,Working
6319,2852,Richard,Cox,richard.cox@castro-holmes.com,"Buyer, industrial",3557023902,2024-10-17,Referral,Qualified
7556,1568,Rose,Miller,rose.miller@marquez-ramos.com,Web designer,(256)931-7940x29331,2025-04-17,Referral,New
3776,2390,Garrett,Blair,garrett.blair@gonzalezgroup.com,"Therapist, speech and language",001-255-599-0109,2025-07-11,Ad,New
3872,3095,Jennifer,Russo,jennifer.russo@shieldswilliamsandbaker.com,Printmaker,+1-429-728-6118x07618,2025-04-15,Web,Working
7599,712,Emily,Roberts,emily.roberts@mckenzieschmidtandlewis.com,Research scientist (physical sciences),,2025-04-27,Referral,Qualified
2289,1827,Rebecca,Mccarthy,rebecca.mccarthy@shortinc.com,"Buyer, industrial",279-242-1905x2436,2024-02-08,Web,Qualified
1500,2640,Brenda,Johnson,brenda.johnson@fisherknightandhowe.com,"Presenter, broadcasting",903.955.5908x902,2025-02-22,Web,New
1367,2993,Annette,Villarreal,annette.villarreal@smith-evans.com,"Conservation officer, nature",+1-647-304-2617x48627,2025-03-31,Referral,New
935,3187,Leslie,Hahn,leslie.hahn@hudson-stokes.com,"Engineer, aeronautical",(770)296-3449x5276,2024-11-13,Ad,New
208,309,Beth,Fisher,beth.fisher@colonhartmanandwood.com,"Nurse, mental health",,2024-04-15,Ad,Unqualified
5264,2840,Donald,Barrett,donald.barrett@bautistareedandwalker.com,Science writer,+1-835-854-3232x4641,2025-07-03,Ad,New
4942,3640,Peter,Jones,peter.jones@wilsoninc.com,"Teacher, adult education",3025313713,2025-01-17,Web,New
3555,2785,Raymond,Jackson,raymond.jackson@dixon-webb.com,Claims inspector/assessor,717.587.5853x138,2025-06-17,Web,Working
5991,2797,Donna,Cox,donna.cox@mendez-mccoy.com,Higher education lecturer,510.621.6021,2024-12-01,Referral,Unqualified
7859,3173,Meghan,Shaw,meghan.shaw@cannonllc.com,Horticultural therapist,9953943092,2024-12-21,Ad,Qualified
1433,1988,Megan,Rubio,megan.rubio@fletcher-wagner.com,Press sub,,2022-12-20,Ad,Qualified
4390,2294,Margaret,Craig,margaret.craig@griffinherreraandyoung.com,English as a second language teacher,001-589-267-3274x386,2025-07-15,Referral,Working
2482,1852,Shawn,Brown,shawn.brown@king-hunt.com,Data processing manager,(857)708-4716,2025-01-30,Ad,Working
3564,759,Katherine,Richardson,katherine.richardson@jenkinscabreraandhensley.com,Field trials officer,2256571406,2025-05-25,Referral,Qualified
3559,46,Derek,Robinson,derek.robinson@santiagogroup.com,Rural practice surveyor,001-491-872-9177x400,2023-11-07,Web,Working
5518,824,Brittany,Chen,brittany.chen@morganltd.com,Site engineer,410-308-3115,2024-07-29,Referral,Qualified
343,2739,Arthur,Alexander,arthur.alexander@mason-ruiz.com,Media buyer,(291)597-2799x10981,2025-01-26,Web,Working
1159,2478,Courtney,Gillespie,courtney.gillespie@burnsinc.com,Music therapist,+1-950-347-7837x3666,2025-07-10,Cold Call,Qualified
7193,3031,Tyler,Roberts,tyler.roberts@andersongroup.com,"Therapist, art",684-686-2068,2023-06-13,Cold Call,Qualified
454,3912,Rachel,Williams,rachel.williams@townsendjamesandfleming.com,Manufacturing engineer,+1-866-340-8284,2025-07-11,Cold Call,Unqualified
3615,100,Melinda,Ayers,melinda.ayers@aguilar-chandler.com,Dietitian,001-940-527-6382,2025-06-25,Cold Call,Qualified
6051,152,Jennifer,Johnson,jennifer.johnson@merritt-washington.com,"Surveyor, mining",(460)385-1248,2025-04-10,Ad,Qualified
591,51,Ashley,Hill,ashley.hill@collinsplc.com,Trade mark attorney,(936)200-1116x385,2024-10-22,Referral,Unqualified
2988,3058,Audrey,Davis,audrey.davis@jones-wilson.com,Paramedic,+1-421-874-1432,2025-04-22,Referral,New
2689,2716,Tina,Johnson,tina.johnson@cox-jones.com,Aeronautical engineer,+1-698-544-3532x411,2023-11-22,Cold Call,Working
328,1485,Lisa,Kennedy,lisa.kennedy@rodriguezplc.com,Equities trader,,2025-06-06,Referral,Working
5001,3408,Brian,Valencia,brian.valencia@kirkllc.com,"Therapist, speech and language",001-691-761-8745x27391,2023-11-09,Ad,Unqualified
6481,2091,Robert,Schwartz,robert.schwartz@arnold-shields.com,Actor,983.366.7852x2028,2024-12-20,Cold Call,Working
1311,2186,Kevin,King,kevin.king@reedcunninghamandmueller.com,"Production designer, theatre/television/film",6508480072,2025-03-04,Web,New
2471,1627,Evelyn,Ramirez,evelyn.ramirez@carterdanielandberry.com,Insurance broker,+1-684-889-8578x38070,2023-03-29,Web,Qualified
6626,2994,Katherine,Ferguson,katherine.ferguson@wilcoxwalkerandlopez.com,"Psychologist, counselling",(891)314-9186x735,2024-12-31,Referral,Working
1953,2115,Sarah,James,sarah.james@waters-phillips.com,Neurosurgeon,833-530-3281x51370,2023-07-30,Web,Qualified
2524,2218,Deborah,Fletcher,deborah.fletcher@hughes-tran.com,Logistics and distribution manager,512.216.8045x2249,2023-05-16,Web,Qualified
5148,1141,Dawn,Navarro,dawn.navarro@buckleyinc.com,"Surveyor, mining",+1-468-836-1903x847,2024-06-20,Cold Call,Qualified
1169,1639,Heather,Alexander,heather.alexander@marsh-vargas.com,Retail buyer,001-429-418-3798x75931,2025-01-19,Cold Call,Working
1520,1040,Deborah,Smith,deborah.smith@matthewsvasquezandjohnson.com,Garment/textile technologist,+1-451-788-2778x322,2025-04-12,Ad,New
3128,2250,Melissa,Cox,melissa.cox@dicksoneverettandmendoza.com,Music therapist,298.377.4699x725,2025-05-25,Web,New
2411,3981,Steve,Braun,steve.braun@garciamyersandmorgan.com,Architectural technologist,755.374.1255,2024-09-10,Ad,New
93,3481,Cory,Chan,cory.chan@wilsonplc.com,Economist,640.665.9751,2025-05-21,Ad,New
3403,3787,Samantha,Johnson,samantha.johnson@frank-meza.com,"Surveyor, mining",,2025-04-10,Ad,Working
3450,2206,Michael,Walker,michael.walker@grahamltd.com,Commissioning editor,+1-319-515-3968x328,2023-05-21,Cold Call,Qualified
5302,514,Tina,Manning,tina.manning@luna-collier.com,"Designer, jewellery",783.503.3138x85621,2025-06-26,Web,Unqualified
6813,1341,Edward,Chen,edward.chen@harrismasseyandpeterson.com,Art therapist,(263)585-9234,2025-04-24,Ad,New
3026,3127,Cynthia,King,cynthia.king@gallegosplc.com,"Designer, exhibition/display",589.888.4231x710,2025-02-20,Cold Call,Qualified
6268,3342,Denise,Rice,denise.rice@ramirezltd.com,"Production assistant, radio",976.617.4560,2025-06-23,Cold Call,Qualified
2145,850,Joshua,Miller,joshua.miller@jacksonloweandtorres.com,Training and development officer,001-756-750-1535x121,2024-10-04,Ad,Unqualified
3341,1414,William,Richardson,william.richardson@peterson-parker.com,"Nurse, children's",+1-615-791-5939x288,2025-05-13,Ad,Working
2868,2249,Ellen,Sanders,ellen.sanders@garciagrimesandhunter.com,Optometrist,(538)552-8708x2832,2025-05-27,Ad,New
5720,7,Kaitlyn,Merritt,kaitlyn.merritt@kellyandsons.com,"Psychologist, sport and exercise",890-849-9519,2025-04-26,Referral,New
938,560,Robert,Perkins,robert.perkins@kelley-sanchez.com,Arboriculturist,(237)523-5533x31724,2024-12-13,Web,New
3509,277,Sarah,Baxter,sarah.baxter@andersonplc.com,"Pilot, airline",+1-985-768-6038,2025-04-13,Referral,Unqualified
4043,69,Marcus,Schultz,marcus.schultz@blackcooperandnguyen.com,Actor,001-327-849-5919x624,2025-05-22,Ad,New
3669,1213,Thomas,Hernandez,thomas.hernandez@yorkbrownandsmith.com,Toxicologist,631-927-7658x407,2024-03-16,Cold Call,New
1023,3949,Carrie,Parker,carrie.parker@nelson-stephens.com,"Lighting technician, broadcasting/film/video",001-657-756-5648x79357,2024-08-03,Web,Unqualified
1783,2017,Stephen,Foster,stephen.foster@grossruizandwatson.com,Make,+1-464-913-4021x114,2024-02-03,Ad,New
6621,1316,Eileen,Sanchez,eileen.sanchez@ford-garza.com,Barrister,826-890-2664x786,2024-03-03,Ad,Working
6035,1598,David,Johnson,david.johnson@rodgers-reese.com,"Engineer, electronics",231.737.3531,2024-11-21,Ad,Working
792,851,John,Cook,john.cook@serranollc.com,Geoscientist,001-818-650-3190x185,2024-12-04,Cold Call,Working
1974,529,Christopher,Hernandez,christopher.hernandez@conley-wilkerson.com,"Therapist, horticultural",311-402-8341x72195,2024-04-10,Referral,Unqualified
4299,407,Marc,Anderson,marc.anderson@bakerstuartandfritz.com,Financial controller,214-915-3224,2023-06-20,Ad,New
3171,848,Robert,Anderson,robert.anderson@butlerburnsandmoore.com,Lawyer,(502)865-3168x701,2025-05-20,Web,Qualified
1154,32,Regina,Sellers,regina.sellers@gibsonhayesandboone.com,Commercial horticulturist,+1-213-301-5779,2024-10-18,Cold Call,Working
3926,999,Jennifer,Garcia,jennifer.garcia@wyattrobertsandanderson.com,Neurosurgeon,+1-396-374-1075x849,2023-02-11,Referral,New
6859,674,William,Vasquez,william.vasquez@montgomerynealandcobb.com,Conference centre manager,+1-850-462-0858x4825,2025-04-04,Ad,New
4379,1882,Robert,West,robert.west@simpsonandsons.com,Herbalist,(476)875-9019,2025-07-06,Web,New
2808,562,Amber,Hurst,amber.hurst@baldwin-kim.com,"Accountant, chartered public finance",606-329-6038,2025-03-09,Cold Call,Unqualified
371,2536,Robert,Williams,robert.williams@cunninghamsparksandmay.com,Pensions consultant,733.389.6787x094,2025-06-03,Cold Call,Unqualified
3582,680,Rachel,Perez,rachel.perez@ramirezandsons.com,Publishing copy,001-977-335-1417x153,2025-05-25,Ad,New
5382,2393,Keith,Howard,keith.howard@torres-flynn.com,Chartered certified accountant,(473)916-1929x672,2024-01-31,Referral,New
537,3472,Tim,Garrett,tim.garrett@thompson-welch.com,"Solicitor, Scotland",459-530-9037x44835,2025-07-15,Cold Call,Working
4765,15,Amy,Moore,amy.moore@bowen-phillips.com,"Engineer, civil (contracting)",(435)981-3099,2024-02-26,Cold Call,Unqualified
2900,1550,Rebekah,Ward,rebekah.ward@walker-chavez.com,Aeronautical engineer,+1-573-658-0320x9566,2024-01-09,Cold Call,Unqualified
7174,146,John,Dennis,john.dennis@donaldsonllc.com,Television camera operator,(322)765-4941x962,2024-06-02,Web,Unqualified
1577,1033,Meredith,Wilson,meredith.wilson@hamptonchristianandrose.com,Retail buyer,001-962-712-5595,2025-06-11,Referral,Working
716,1050,Sarah,Lopez,sarah.lopez@owen-haynes.com,Barrister's clerk,622.684.4264,2024-07-20,Referral,Unqualified
7332,887,Brandon,Williams,brandon.williams@blackwellinc.com,Air traffic controller,+1-421-779-8962,2025-04-27,Ad,Unqualified
2251,1220,Ashley,Arroyo,ashley.arroyo@grayfriedmanandstuart.com,Private music teacher,711-785-4892x933,2023-03-14,Referral,Qualified
1317,813,Charles,George,charles.george@masonayalaandwebster.com,Make,415-735-2433x244,2024-04-22,Ad,New
4319,12,Andrew,Adkins,andrew.adkins@youngwilsonandrivera.com,Actor,625.301.3838x76877,2024-10-05,Ad,Working
1978,3138,Teresa,Romero,teresa.romero@myerswilsonandgrant.com,Fast food restaurant manager,345.239.3731x76443,2023-03-12,Web,Qualified
3247,400,Steven,Taylor,steven.taylor@jamesgroup.com,Training and development officer,965.717.1335,2023-11-27,Cold Call,Working
1061,1735,Patty,Salazar,patty.salazar@bird-nelson.com,"Surveyor, insurance",+1-605-296-8764x014,2024-05-18,Cold Call,New
3737,1511,John,Edwards,john.edwards@parsonsmillerandmcguire.com,Occupational therapist,,2025-04-04,Ad,Unqualified
2214,1723,Stephanie,Brown,stephanie.brown@wanggrayandallen.com,"Surveyor, hydrographic",001-373-654-9573x5454,2025-04-19,Ad,New
459,632,Rodney,Carlson,rodney.carlson@mitchell-arellano.com,Magazine features editor,(852)511-1736,2024-07-05,Referral,Working
1977,3138,Karen,Robinson,karen.robinson@myerswilsonandgrant.com,Quantity surveyor,001-724-854-4660x05527,2023-04-23,Web,Qualified
3102,3359,Brandon,Lynch,brandon.lynch@chavez-bush.com,Warden/ranger,(811)322-0439x355,2025-04-06,Web,New
6306,1368,Emily,Williams,emily.williams@watkinsandsons.com,Garment/textile technologist,759-291-3979x09806,2025-02-15,Cold Call,Unqualified
7563,3861,Alicia,Gibbs,alicia.gibbs@hall-lindsey.com,Quality manager,+1-683-932-1522x1042,2025-01-25,Referral,Qualified
3087,1622,Scott,Thomas,scott.thomas@jones-galloway.com,"Scientist, research (medical)",512-832-5737x802,2024-10-06,Ad,New
5970,943,Stacey,Macias,stacey.macias@waltersgroup.com,"Research officer, trade union",001-418-265-8205x39367,2024-01-11,Ad,Unqualified
2208,1428,Gabrielle,Daniels,gabrielle.daniels@lewismatthewsandpayne.com,Theme park manager,(216)342-3151x772,2025-05-23,Web,New
891,531,Tiffany,Hunt,tiffany.hunt@garcia-moore.com,Training and development officer,(334)240-7049,2024-09-22,Ad,Working
5140,2297,Natalie,Howell,natalie.howell@gibson-diaz.com,Social worker,,2025-05-29,Referral,Working
4691,2988,John,Smith,john.smith@vega-davis.com,"Conservation officer, nature",983.502.4644x616,2024-05-16,Web,New
3296,177,Terri,Hall,terri.hall@pattersonandsons.com,Video editor,8138709667,2024-02-28,Referral,Working
2086,2756,Todd,Bender,todd.bender@sosaburnsandatkinson.com,"Education officer, environmental",(592)406-2124,2025-07-02,Referral,Working
4556,1932,Taylor,Zamora,taylor.zamora@charlesplc.com,Insurance risk surveyor,001-308-408-0687,2025-06-21,Referral,Working
7985,3164,Justin,Lopez,justin.lopez@shaffer-james.com,Learning disability nurse,903-592-7908x105,2025-05-13,Web,Unqualified
3709,1263,Angela,Perez,angela.perez@rosebrownandmyers.com,Control and instrumentation engineer,,2024-10-18,Referral,Unqualified
3586,3217,Kayla,Robinson,kayla.robinson@ramirezthorntonandwhitaker.com,"Psychotherapist, child",464.994.8370x6243,2025-06-09,Referral,New
1292,948,Terri,Beck,terri.beck@edwards-hutchinson.com,Ceramics designer,,2023-10-15,Referral,New
7460,765,Teresa,Roberts,teresa.roberts@ruizgroup.com,Tourist information centre manager,(895)717-0069x33131,2025-06-04,Ad,Qualified
5442,872,Joy,Silva,joy.silva@pittman-thompson.com,Civil Service administrator,,2023-07-27,Referral,Unqualified
6830,3907,Shelley,Mccarty,shelley.mccarty@martininc.com,Community education officer,527.823.2727x4867,2024-12-31,Referral,Working
7650,3101,Matthew,Morse,matthew.morse@andersonbanksandking.com,Accounting technician,753-298-1774x4995,2025-01-10,Cold Call,Working
3160,164,Jody,Ritter,jody.ritter@beardwilliamsandrogers.com,Nature conservation officer,(754)947-8005x0848,2025-03-24,Web,Working
692,313,Carmen,Green,carmen.green@perezcooperandgregory.com,Medical secretary,585.705.6622,2024-06-07,Referral,New
681,1747,Brian,Patel,brian.patel@edwardsandsons.com,Television production assistant,4758128181,2025-02-16,Ad,New
401,183,Cheryl,Curry,cheryl.curry@jacksoninc.com,Careers information officer,559.934.2099x847,2024-03-22,Ad,Working
3746,2925,Eric,Barnett,eric.barnett@henryweissandmyers.com,Materials engineer,929.235.6738,2025-02-14,Web,Unqualified
5177,2576,James,Tyler,james.tyler@monroe-johnson.com,Medical illustrator,966-427-3715,2025-06-28,Ad,Working
42,193,Ruben,Stewart,ruben.stewart@edwardspattersonandrussell.com,Control and instrumentation engineer,(930)438-0432,2025-07-13,Ad,New
3870,610,Kaitlyn,Parker,kaitlyn.parker@fernandez-miller.com,Garment/textile technologist,+1-929-403-0787x146,2024-11-20,Web,Working
2223,1064,Stephanie,Martinez,stephanie.martinez@vasquezholderandramsey.com,"Surveyor, minerals",(530)667-8601x36761,2025-01-23,Web,Working
1346,2814,Amy,Quinn,amy.quinn@hill-shaw.com,Water engineer,001-683-441-3370,2025-07-17,Ad,Unqualified
1626,3416,Lynn,Rios,lynn.rios@lopezcarpenterandmiddleton.com,Health service manager,001-225-872-5655x76101,2024-01-26,Cold Call,Unqualified
5661,540,Ricky,Sanchez,ricky.sanchez@bellplc.com,Brewing technologist,6686929447,2025-01-01,Cold Call,New
5672,3074,Jose,Smith,jose.smith@romanllc.com,Hydrologist,353-328-0189,2024-04-07,Web,New
3779,264,Timothy,Rodriguez,timothy.rodriguez@murrayandsons.com,"Designer, furniture",5885257787,2025-06-25,Ad,Unqualified
1729,1159,Amy,Harper,amy.harper@colemanjacobsandoneill.com,Ship broker,+1-975-632-2550,2025-06-06,Cold Call,Unqualified
6235,1637,Michael,Lindsey,michael.lindsey@gibsonthompsonandsutton.com,Careers information officer,001-243-455-1245x67375,2024-07-24,Web,Unqualified
3195,429,Mackenzie,Smith,mackenzie.smith@lawson-garcia.com,Museum/gallery exhibitions officer,764-201-0850,2024-05-25,Referral,New
2605,3504,John,Henson,john.henson@mcintosh-ross.com,Database administrator,+1-382-295-5522x78712,2024-07-14,Web,New
4364,3530,Andrew,Vaughn,andrew.vaughn@stevens-acosta.com,Energy engineer,+1-644-522-8357,2024-08-16,Cold Call,New
5098,1217,Dana,Miller,dana.miller@peterson-hunt.com,Biomedical scientist,899.661.6337,2025-02-25,Web,Working
7700,764,Cynthia,Wallace,cynthia.wallace@wilsonwrightandpatterson.com,Futures trader,299.468.5450x85414,2025-02-20,Referral,Qualified
782,2147,Abigail,Pham,abigail.pham@ramos-mccann.com,Medical physicist,275.760.6350x766,2023-03-03,Ad,Unqualified
6006,148,Martin,Gardner,martin.gardner@brown-thompson.com,Automotive engineer,9739554451,2025-03-25,Cold Call,Unqualified
4064,1429,Kimberly,Lyons,kimberly.lyons@benitezrogersandgrimes.com,Air cabin crew,(454)910-6031x5885,2025-07-16,Referral,Working
2059,3259,Brent,Wagner,brent.wagner@sullivanwhiteandjackson.com,Pensions consultant,(820)759-0735,2025-07-02,Ad,Qualified
4355,1843,Sara,Goodman,sara.goodman@richardstorresandmay.com,"Development worker, international aid",(506)906-7633x7236,2024-02-16,Referral,New
820,3176,Sarah,Underwood,sarah.underwood@jamesplc.com,Computer games developer,345-641-6516x675,2025-06-05,Cold Call,Unqualified
2047,3440,Erica,Marks,erica.marks@cordovaortizandcross.com,Games developer,802.938.8096,2025-07-12,Web,Unqualified
6714,1366,Javier,Ali,javier.ali@wilsongardnerandjones.com,Arboriculturist,(978)240-7101,2025-03-04,Ad,Unqualified
7038,310,Kristina,Ballard,kristina.ballard@coxgonzalezandrobinson.com,Electrical engineer,3819937548,2025-06-29,Referral,Unqualified
6233,1106,Isaac,Sharp,isaac.sharp@barryjohnsonandvelazquez.com,Curator,640.490.1270x1444,2025-07-11,Ad,Working
2819,3850,Amanda,Morgan,amanda.morgan@browngroup.com,Race relations officer,+1-701-412-1938x66079,2024-06-19,Referral,Qualified
3712,1964,Michael,Castaneda,michael.castaneda@edwardsjonesandmoran.com,Chartered legal executive (England and Wales),252-784-9842,2025-03-13,Ad,Qualified
3523,126,Sarah,Strong,sarah.strong@anderson-howard.com,Fashion designer,222-523-5855,2023-10-09,Web,Working
4762,1250,Charles,Kelly,charles.kelly@brownperezandowen.com,Chartered management accountant,729.807.8085,2023-06-07,Ad,Working
7391,3486,Heather,Roberts,heather.roberts@morgan-rodgers.com,"Production designer, theatre/television/film",001-267-959-3953x9620,2024-12-16,Referral,Working
615,423,Benjamin,Lewis,benjamin.lewis@solisrodriguezandjones.com,"Pharmacist, hospital",764.866.2795,2024-09-11,Referral,Qualified
4588,3580,Luke,Fry,luke.fry@parkergarciaandrussell.com,"Designer, textile",944-211-0978,2025-06-27,Ad,Unqualified
1844,585,Michael,Tanner,michael.tanner@sanchezsanchezandlittle.com,"Education officer, environmental",909-522-3371x968,2025-06-18,Ad,New
5160,2173,Michelle,Abbott,michelle.abbott@garcia-luna.com,Facilities manager,001-813-720-2849x0327,2025-07-16,Web,Unqualified
2296,2845,James,Mathis,james.mathis@millerplc.com,Theatre director,(895)808-0494,2024-11-24,Ad,Qualified
5284,2721,Tyler,Flores,tyler.flores@hubbardayersandmorales.com,Nutritional therapist,(832)910-3068,2025-03-27,Ad,Unqualified
7559,2184,Margaret,Thompson,margaret.thompson@alvarez-holland.com,Electronics engineer,773-225-5015,2025-05-22,Web,Working
3224,1984,Tony,Sanchez,tony.sanchez@bakerllc.com,Control and instrumentation engineer,(706)719-7180,2025-06-30,Cold Call,Qualified
4693,84,Ethan,Bruce,ethan.bruce@perezgroup.com,Bonds trader,+1-228-842-8553x5588,2023-12-11,Referral,New
1081,2356,David,Green,david.green@andersoncampbellandolson.com,Youth worker,456.380.2692x479,2023-06-30,Referral,New
7171,219,Nicole,Flynn,nicole.flynn@gregoryplc.com,Applications developer,,2023-12-08,Referral,New
7787,2620,Anthony,Martin,anthony.martin@vasquezltd.com,Trade union research officer,2857131253,2025-04-26,Ad,Unqualified
1593,2500,Barbara,Lewis,barbara.lewis@mckenzierobertsandcantrell.com,Orthoptist,,2025-07-18,Referral,Working
3829,3222,Valerie,Henry,valerie.henry@wilsonltd.com,"Teacher, early years/pre",555.429.2632x632,2025-03-18,Referral,New
4296,2575,Christine,Green,christine.green@fisher-bennett.com,"Radiographer, diagnostic",974.639.1749,2025-01-02,Web,New
2557,1864,Andre,Brennan,andre.brennan@turnerandrewsandadams.com,Agricultural engineer,266.752.2950,2022-12-28,Ad,Working
5124,2782,Austin,Davis,austin.davis@walkercantrellandweber.com,Television floor manager,(868)583-8682,2024-02-02,Web,Working
5753,2409,Nicole,Sanchez,nicole.sanchez@johnsonltd.com,"Engineer, biomedical",(432)913-7984,2024-06-21,Ad,Qualified
1027,3895,Tony,Salinas,tony.salinas@whiteperezandsmith.com,Health and safety inspector,541.918.9514,2023-11-04,Web,Working
384,1238,Robin,Lopez,robin.lopez@millerandsons.com,Plant breeder/geneticist,+1-274-654-3799x9503,2024-06-05,Web,Unqualified
7662,3299,Austin,Chen,austin.chen@milleribarraandperkins.com,English as a foreign language teacher,781-307-3921x592,2025-07-10,Cold Call,New
4223,555,Stacey,Curtis,stacey.curtis@lawsoninc.com,International aid/development worker,856.750.2217,2024-08-10,Web,New
4677,2276,Mary,Gutierrez,mary.gutierrez@garciachoiandjones.com,IT consultant,+1-601-604-1351x1457,2025-06-21,Cold Call,Qualified
6702,1771,William,Ritter,william.ritter@smith-nixon.com,Geophysicist/field seismologist,(294)425-3369x0099,2025-04-01,Cold Call,Qualified
8017,547,Hunter,Mcdaniel,hunter.mcdaniel@montoya-mccall.com,Media buyer,416-572-9622,2024-10-30,Web,New
1089,1394,Kathy,Barnes,kathy.barnes@burkeplc.com,Television production assistant,(435)877-8997,2025-05-06,Cold Call,Qualified
7078,597,Christopher,Reynolds,christopher.reynolds@turner-huynh.com,Aeronautical engineer,913-234-9531x8861,2025-05-29,Referral,Working
6406,2126,Joel,Glover,joel.glover@wangdennisandjames.com,Race relations officer,329.278.9468x580,2024-06-04,Ad,Unqualified
2480,3302,Michael,Valdez,michael.valdez@tucker-farrell.com,Banker,001-211-871-7378x9247,2024-06-22,Web,Qualified
830,1559,Matthew,Leach,matthew.leach@greengroup.com,Youth worker,001-265-307-5364x1779,2024-05-20,Web,Qualified
545,1089,James,Jones,james.jones@hess-james.com,Sub,5336406711,2024-03-26,Cold Call,New
3007,1472,Jerry,Sawyer,jerry.sawyer@lloyd-short.com,Physiotherapist,(454)879-0280x07407,2022-12-04,Web,Working
7101,134,Lori,Dunn,lori.dunn@wilson-chapman.com,Barrister's clerk,473.800.2156x753,2023-06-09,Ad,New
4413,1710,Timothy,Johnston,timothy.johnston@horne-butler.com,"Research officer, government",(296)928-6341x44649,2023-09-04,Ad,New
839,3466,Megan,Cunningham,megan.cunningham@moorelewisandatkinson.com,Prison officer,001-330-850-5560x4679,2025-03-23,Referral,Unqualified
2577,1544,Lisa,Flowers,lisa.flowers@rossandsons.com,Industrial buyer,236-762-8391,2023-12-31,Cold Call,New
3482,1819,Sara,Schwartz,sara.schwartz@henryltd.com,Patent attorney,3038461768,2025-05-07,Referral,Working
1885,30,Maria,Cooper,maria.cooper@snyder-petersen.com,Conference centre manager,445-313-1484x0769,2025-01-29,Ad,New
4636,2092,Madison,Bauer,madison.bauer@ramirezgreenandboyd.com,"Investment banker, corporate",001-277-259-8091x4385,2025-04-01,Ad,Working
7863,2037,Rhonda,Hayes,rhonda.hayes@robinsonkimandwilliams.com,"Surveyor, planning and development",001-288-648-8892,2023-08-19,Cold Call,New
3930,3948,Jennifer,Johnson,jennifer.johnson@smithandsons.com,Maintenance engineer,4126336030,2025-02-20,Cold Call,Unqualified
3678,631,Jeremy,Robinson,jeremy.robinson@smithjacksonandschmidt.com,Operations geologist,709-337-8037x212,2025-03-11,Cold Call,Working
4913,2830,Philip,Santos,philip.santos@francisharrisandallen.com,Colour technologist,333.727.9532x15366,2023-09-17,Cold Call,Qualified
3309,3119,Amy,Dyer,amy.dyer@johnsonandsons.com,Diagnostic radiographer,431-557-9602x81270,2024-06-06,Referral,Working
6391,902,Jacob,Warner,jacob.warner@jones-randall.com,Music therapist,951-295-2958x442,2024-10-16,Referral,Qualified
5317,3918,Danielle,Neal,danielle.neal@greene-hunter.com,Learning disability nurse,729-343-6153x280,2025-06-22,Web,Working
6112,1886,Christina,Anderson,christina.anderson@brownandersonandford.com,Learning disability nurse,(481)699-9478x04861,2023-06-12,Ad,Qualified
5212,3385,Laurie,Crawford,laurie.crawford@morrowltd.com,Medical laboratory scientific officer,+1-826-540-6988x04096,2024-09-21,Ad,Qualified
7631,59,Breanna,Hale,breanna.hale@scott-walton.com,International aid/development worker,+1-546-298-1969x7980,2025-01-12,Referral,New
4048,71,Deanna,Miller,deanna.miller@monroeltd.com,"Designer, furniture",001-400-238-7182x36325,2025-05-18,Ad,Unqualified
4669,2355,Jay,Ramirez,jay.ramirez@walker-steele.com,Information systems manager,001-232-837-3877,2024-06-16,Web,Working
2193,3076,Alyssa,Gaines,alyssa.gaines@castrollc.com,Chartered legal executive (England and Wales),513.327.5946x282,2024-03-08,Ad,Working
796,1605,Brian,Durham,brian.durham@stoutgroup.com,"Engineer, communications",634-604-6518,2024-06-10,Ad,Working
3150,1468,Ronald,Martinez,ronald.martinez@fishersheppardandwoodard.com,Seismic interpreter,(718)203-7141x72029,2024-08-29,Referral,Qualified
7853,2473,Michael,Suarez,michael.suarez@brownllc.com,"Pilot, airline",556-230-7192x5359,2024-04-10,Referral,New
4854,2054,Michele,Bishop,michele.bishop@stoneplc.com,"Surveyor, minerals",2438993132,2023-12-20,Cold Call,Unqualified
2496,3840,Anna,Vargas,anna.vargas@brownfergusonandjones.com,Clothing/textile technologist,(627)598-4763,2023-06-04,Web,Unqualified
6146,2636,Charles,Howell,charles.howell@collinsandsons.com,"Programme researcher, broadcasting/film/video",660-961-7884,2024-09-03,Web,Unqualified
1458,3274,Aaron,Brown,aaron.brown@huntbennettandmosley.com,Sports administrator,(968)800-0786x00670,2025-05-06,Web,Qualified
825,1666,Maxwell,Miller,maxwell.miller@larsonryanandwaters.com,Systems analyst,(431)496-2251,2024-06-09,Cold Call,Qualified
5547,2966,David,Smith,david.smith@garcia-white.com,"Engineer, petroleum",,2023-02-24,Web,Qualified
5073,625,Matthew,Dougherty,matthew.dougherty@bishoprodriguezandbriggs.com,Systems developer,+1-268-477-0419,2025-05-26,Ad,Working
5926,3892,Thomas,Hoffman,thomas.hoffman@batesshepherdandtran.com,Housing manager/officer,7345206252,2025-05-04,Ad,Qualified
1069,2527,Brenda,Sanders,brenda.sanders@reedmccoyandadams.com,Publishing copy,661-311-7536x565,2024-01-11,Ad,Unqualified
5852,774,Scott,Gomez,scott.gomez@murraygroup.com,"Producer, radio",763.337.7570,2025-02-22,Ad,Working
7673,3510,Susan,Murphy,susan.murphy@coleman-mitchell.com,Environmental education officer,001-241-800-2446x505,2025-06-25,Ad,Working
5839,843,David,King,david.king@jenkinsjacksonandwise.com,Adult guidance worker,567-396-3434x88228,2025-06-02,Ad,New
715,2079,John,Contreras,john.contreras@traviswelchandsmith.com,Geographical information systems officer,4192401101,2025-06-01,Referral,Working
2207,1428,Michael,Church,michael.church@lewismatthewsandpayne.com,Architect,(301)572-9015,2024-09-23,Cold Call,Qualified
2730,3334,Andrea,Guzman,andrea.guzman@reyescoxandwinters.com,"Presenter, broadcasting",,2024-01-17,Cold Call,Qualified
6182,926,Anna,Campbell,anna.campbell@reyesltd.com,Special effects artist,540-332-3795x7725,2023-10-06,Web,New
5597,480,Paige,Mueller,paige.mueller@chavezinc.com,Veterinary surgeon,+1-309-846-4676x315,2025-07-06,Referral,Qualified
5354,2743,Brett,Brown,brett.brown@torressalasandlewis.com,Barrister's clerk,(817)297-3307x85481,2025-01-21,Web,Unqualified
4846,2456,Clinton,Davis,clinton.davis@robles-kirby.com,"Conservator, furniture",001-460-646-3517x90828,2025-04-22,Ad,Qualified
5388,463,Justin,Flores,justin.flores@irwinsanchezandfletcher.com,Copy,503.941.5620x7616,2025-04-10,Web,Qualified
2781,1131,Robert,Nelson,robert.nelson@wheeler-kelly.com,"Psychologist, counselling",,2025-05-05,Web,Qualified
4272,2832,Shannon,Garner,shannon.garner@tatellc.com,Armed forces training and education officer,001-290-319-1472x054,2025-06-30,Web,Unqualified
4177,2975,Jennifer,Waller,jennifer.waller@smith-ross.com,Pension scheme manager,428-627-4454,2025-07-18,Web,Unqualified
6760,908,Kim,Guerrero,kim.guerrero@bryantplc.com,"Administrator, local government",610.837.9385,2025-06-04,Ad,New
329,2463,Nicholas,Jackson,nicholas.jackson@padillainc.com,Jewellery designer,(606)412-6440,2023-09-05,Web,Working
3314,2924,Maureen,Smith,maureen.smith@mason-peterson.com,Health promotion specialist,001-872-604-3207x004,2024-07-23,Web,Working
7523,2278,Adam,Velasquez,adam.velasquez@gutierrezllc.com,Cytogeneticist,001-473-406-5495x87385,2024-09-27,Cold Call,Qualified
3970,3566,Michael,Simmons,michael.simmons@jonesltd.com,Product manager,,2025-04-28,Referral,Working
6401,1615,Lisa,Mitchell,lisa.mitchell@andersonplc.com,Chief Operating Officer,(302)914-0468x10952,2025-07-04,Cold Call,Qualified
4127,3258,Sherri,Buchanan,sherri.buchanan@wardrichardsonandmyers.com,"Scientist, marine",(274)829-1196x051,2025-04-27,Cold Call,Unqualified
2464,88,Ashley,Callahan,ashley.callahan@gallegosgroup.com,Politician's assistant,272-803-3566,2025-07-11,Referral,Unqualified
3449,1742,Jerry,Jordan,jerry.jordan@perkins-peterson.com,Probation officer,471.482.3671,2025-05-11,Web,Unqualified
2414,3044,Stacie,Carr,stacie.carr@rodgers-clark.com,Music therapist,001-685-546-0805x7377,2025-06-27,Cold Call,Unqualified
3662,2226,Jennifer,Taylor,jennifer.taylor@clarkgardnerandsmith.com,"Engineer, water",716-285-6494x35124,2024-05-19,Ad,Qualified
2943,2862,Scott,Pratt,scott.pratt@valentineknightanddavis.com,Agricultural engineer,(489)638-9844x65195,2025-05-10,Ad,Working
2790,3517,Kelsey,Boyle,kelsey.boyle@obrienplc.com,Personal assistant,(455)801-1304x845,2025-05-30,Referral,Working
628,305,Derrick,Fernandez,derrick.fernandez@mcmillan-walsh.com,Plant breeder/geneticist,2346084028,2024-08-11,Ad,Working
4867,3209,Robert,Nichols,robert.nichols@lewisplc.com,Commercial horticulturist,001-621-677-4125x784,2023-11-12,Referral,Working
5531,891,April,Lee,april.lee@fields-johnson.com,Tourism officer,354-855-0083,2024-07-14,Web,Working
3252,2156,Scott,Diaz,scott.diaz@rosalesinc.com,Immunologist,(869)337-7312x4655,2024-03-20,Referral,Working
3705,2644,Alexis,Byrd,alexis.byrd@yateshuntandwilliams.com,Planning and development surveyor,531.857.3166,2023-08-31,Cold Call,Qualified
1286,1305,Jeffrey,Hunt,jeffrey.hunt@hicksinc.com,"Designer, multimedia",(232)744-0537x4221,2025-04-26,Web,Qualified
2893,940,Daniel,Yu,daniel.yu@pearsonltd.com,"Engineer, maintenance (IT)",997-566-9059,2024-03-10,Ad,Unqualified
7786,2203,Brian,Hines,brian.hines@moore-thompson.com,Public relations account executive,6214252533,2023-11-12,Referral,Unqualified
2262,2384,Christina,Williams,christina.williams@harveyparkandmiller.com,Leisure centre manager,001-414-304-4775x52523,2024-01-20,Web,Unqualified
1715,1009,Melissa,Ward,melissa.ward@ruizphillipsandballard.com,Conference centre manager,001-810-800-1436x33756,2025-06-08,Ad,Unqualified
2388,3508,Amy,Mcconnell,amy.mcconnell@moralesgroup.com,Therapeutic radiographer,413.867.3395,2023-06-10,Web,Qualified
5961,3293,Donna,Diaz,donna.diaz@whiteadamsandgordon.com,Acupuncturist,+1-648-455-6479x4316,2024-10-03,Ad,New
3751,1196,Michael,Sanders,michael.sanders@brooksrandallandlewis.com,"Presenter, broadcasting",+1-710-988-8678x0347,2023-12-02,Web,New
5686,1599,Juan,Barnes,juan.barnes@martinez-sharp.com,Technical sales engineer,001-919-391-5543x9083,2025-03-21,Cold Call,Qualified
7230,3841,Anna,Jenkins,anna.jenkins@griffithltd.com,Medical illustrator,001-689-565-7849x2349,2025-02-22,Cold Call,New
3281,131,Alan,Lee,alan.lee@montgomeryinc.com,Community education officer,243-746-5008x84511,2025-02-25,Referral,New
5365,3503,Jacob,Weeks,jacob.weeks@campbell-sanchez.com,"Runner, broadcasting/film/video",,2024-04-05,Referral,New
1957,3873,Kimberly,Matthews,kimberly.matthews@kennedyhollandandgoodwin.com,Chartered certified accountant,727.951.4615x541,2025-03-13,Cold Call,Unqualified
4403,3590,Peter,Hansen,peter.hansen@baxterplc.com,"Designer, graphic",980.925.7006,2024-10-02,Ad,New
3963,2524,Tony,Rojas,tony.rojas@thomasplc.com,"Designer, industrial/product",,2024-11-18,Referral,Unqualified
5246,2175,Carl,Koch,carl.koch@martinezballardandbradley.com,Theme park manager,310-275-3307x92050,2025-03-07,Ad,New
3862,14,Kristopher,Collins,kristopher.collins@meyersperkinsandnelson.com,Counsellor,001-653-982-8548,2025-07-10,Referral,Unqualified
3502,3926,Kyle,Wilcox,kyle.wilcox@wade-williams.com,Arboriculturist,(650)374-1305,2023-08-20,Referral,New
7581,2817,Mary,Chase,mary.chase@newman-rhodes.com,Patent examiner,(595)458-6789x97496,2024-06-26,Cold Call,Working
5475,319,Anthony,Brown,anthony.brown@trevinogroup.com,"Producer, television/film/video",+1-943-666-0837x56608,2024-09-26,Web,Qualified
4125,128,Aaron,Lynch,aaron.lynch@wileyltd.com,Animator,4854028421,2023-07-14,Ad,Unqualified
4803,3581,Charles,Colon,charles.colon@nelson-harris.com,Personal assistant,(529)412-6332x4299,2025-04-03,Ad,Working
2837,3785,Jessica,Villegas,jessica.villegas@johnsonflemingandprice.com,Production manager,(311)787-4734x79267,2024-11-26,Referral,New
1067,2340,Charlotte,Williams,charlotte.williams@gonzalezcordovaandarroyo.com,Building surveyor,7058862976,2024-07-16,Cold Call,Qualified
587,1057,Kristen,Cox,kristen.cox@gonzaleslewisandclark.com,Print production planner,001-433-950-7193x0667,2024-01-03,Ad,New
7899,2905,Earl,Roberts,earl.roberts@mooreclementsandholt.com,Tax adviser,5003951533,2024-11-06,Referral,Unqualified
2779,1131,Todd,Jones,todd.jones@wheeler-kelly.com,Market researcher,001-547-918-0700x21978,2023-12-15,Web,Unqualified
1821,1104,Samuel,Rodriguez,samuel.rodriguez@delgadokramerandgill.com,Financial risk analyst,001-720-287-8178x85583,2023-09-05,Web,New
1256,3157,Bonnie,Hanson,bonnie.hanson@hamptonllc.com,Manufacturing engineer,001-204-327-6037x5066,2022-11-12,Web,Qualified
915,2591,Tyler,Fisher,tyler.fisher@kempgonzalezandholland.com,"Psychologist, prison and probation services",938-730-2245,2025-05-04,Referral,Unqualified
733,561,Lisa,Brown,lisa.brown@ramosmurrayandhuynh.com,Commercial horticulturist,,2025-06-20,Ad,Qualified
5344,57,Brian,Holt,brian.holt@waller-shah.com,Herbalist,(494)395-0322x304,2023-11-10,Referral,New
3951,434,Katherine,Spencer,katherine.spencer@donaldsonplc.com,Associate Professor,433-474-0187x85899,2025-06-23,Cold Call,New
2755,1892,Cassandra,Norris,cassandra.norris@lutzplc.com,"Clinical scientist, histocompatibility and immunogenetics",421-605-1623x394,2024-05-18,Ad,Unqualified
4442,2096,Daniel,Scott,daniel.scott@doughertyinc.com,Wellsite geologist,829-599-1007,2024-04-23,Cold Call,Unqualified
4870,3768,John,Boyd,john.boyd@shortltd.com,Camera operator,(324)965-8509x34531,2023-07-15,Cold Call,Working
6929,3467,James,Ruiz,james.ruiz@myersltd.com,Jewellery designer,952.553.2791,2025-03-01,Web,New
3077,857,Tara,Underwood,tara.underwood@wagnerthomasandhooper.com,Meteorologist,866.306.8585,2023-09-05,Ad,Unqualified
995,2266,Jon,Daniels,jon.daniels@nelsoninc.com,Chartered management accountant,(411)678-3428,2025-07-17,Cold Call,Qualified
3773,2338,Raymond,Marks,raymond.marks@smithhernandezandpark.com,"Accountant, chartered",955-529-1562,2025-07-15,Referral,New
4698,3633,Stephanie,Davila,stephanie.davila@thompsonpriceandcarr.com,Mining engineer,001-646-726-7758x49407,2024-03-29,Referral,New
6976,2221,Louis,Lucas,louis.lucas@harperhollowayandbryant.com,"Administrator, Civil Service",337-462-0407x19798,2024-03-30,Cold Call,New
6563,1270,Julie,Clay,julie.clay@johnsonandsons.com,"Development worker, community",679.781.6593x964,2025-05-06,Web,Unqualified
3154,1792,Cody,Berry,cody.berry@livingston-wang.com,"Administrator, Civil Service",+1-740-343-6454x6756,2024-09-18,Ad,Unqualified
3534,1372,Bradley,Hopkins,bradley.hopkins@maldonadocarrilloandhicks.com,TEFL teacher,(402)649-1620,2025-04-28,Ad,New
1371,1530,Christopher,Brown,christopher.brown@miller-mckinney.com,"Nurse, children's",573.890.6652,2025-03-11,Web,Qualified
472,725,Brad,Martin,brad.martin@gomezbenderandsmith.com,Mechanical engineer,(793)248-0618x086,2023-10-25,Ad,Working
3976,2746,Mariah,Brown,mariah.brown@millerltd.com,Civil Service administrator,627.776.9736,2025-07-03,Ad,Qualified
418,1462,Cheryl,Watson,cheryl.watson@newtoncoleandbowers.com,Warden/ranger,(842)499-4328x6127,2025-03-22,Cold Call,Qualified
4329,303,Teresa,Davis,teresa.davis@castro-norman.com,Neurosurgeon,+1-201-311-0456,2025-03-24,Referral,New
2313,3995,Christine,Williams,christine.williams@dayrodriguezandramos.com,Contracting civil engineer,001-333-206-5651x10635,2024-12-06,Web,Unqualified
2397,3961,Eduardo,Lee,eduardo.lee@douglas-reynolds.com,Child psychotherapist,001-663-783-3146x61465,2025-01-04,Web,New
6123,1534,Destiny,Watts,destiny.watts@watson-fox.com,"Psychotherapist, child",(592)795-1828x49825,2024-11-07,Cold Call,Qualified
2270,1439,Jessica,Smith,jessica.smith@chambersgroup.com,Press photographer,(978)826-3468x7545,2024-12-02,Ad,Unqualified
1358,1068,Michael,Anderson,michael.anderson@lewisandsons.com,Politician's assistant,622.896.9612x026,2025-07-14,Ad,Working
3447,3511,Susan,Higgins,susan.higgins@zimmermancampbellandmoran.com,"Engineer, communications",976-997-3976x41770,2024-12-04,Referral,New
1736,986,Cynthia,Tate,cynthia.tate@gonzalesltd.com,Textile designer,(297)283-9680,2023-10-08,Web,New
1022,3949,Lauren,Vang,lauren.vang@nelson-stephens.com,Gaffer,208.749.7926x563,2025-07-10,Cold Call,Qualified
6001,3179,Suzanne,Acevedo,suzanne.acevedo@mcintoshsmithandmoreno.com,"Teacher, secondary school",(995)377-4162x81385,2025-01-16,Ad,Working
7279,769,Rebecca,Palmer,rebecca.palmer@taylor-baker.com,Naval architect,306.502.4792x803,2025-01-09,Cold Call,New
1602,2653,Michael,Vazquez,michael.vazquez@howard-martinez.com,Records manager,(390)401-5411x7004,2024-04-27,Web,Qualified
7085,1199,Walter,Jackson,walter.jackson@quinn-owens.com,Physiotherapist,237-858-7312x4482,2024-07-16,Ad,Unqualified
1647,1072,Cynthia,Davis,cynthia.davis@scottfoxandburnett.com,Artist,227-739-4235,2024-10-12,Ad,New
3435,1175,Mark,Harris,mark.harris@rodriguez-white.com,Investment analyst,905-388-0372x36606,2024-05-30,Ad,Working
1206,3264,Matthew,Whitehead,matthew.whitehead@aguirrelawrenceandmartinez.com,Corporate treasurer,001-590-797-7597x75755,2025-06-10,Referral,Working
3530,1993,Amanda,Odom,amanda.odom@allen-garcia.com,"Teacher, special educational needs",791-894-7758x87632,2023-06-10,Referral,Qualified
1816,3811,Barbara,Dean,barbara.dean@hoffmaninc.com,"Psychologist, clinical",8057157218,2025-01-11,Referral,New
1823,1108,Chad,Meyer,chad.meyer@lewisbartonanddavis.com,Airline pilot,+1-800-394-2041,2024-04-16,Cold Call,Working
776,1781,Sara,Suarez,sara.suarez@walkerdaviesandedwards.com,"Designer, textile",2968397781,2023-11-11,Web,Qualified
4328,303,Cesar,Walton,cesar.walton@castro-norman.com,Publishing copy,862.244.1784,2025-07-17,Web,Unqualified
1153,32,Angelica,Moore,angelica.moore@gibsonhayesandboone.com,Contractor,(366)974-8545,2024-07-04,Ad,New
1420,2630,Laura,Miller,laura.miller@rodriguezvasquezandwilliams.com,Media planner,208.569.7329x47969,2025-06-28,Cold Call,Working
5417,3534,Lisa,Davis,lisa.davis@melendezlewisandhall.com,Multimedia programmer,263.668.3022,2025-06-01,Cold Call,Unqualified
128,412,Dana,Brown,dana.brown@meyergreenandaguilar.com,Fitness centre manager,991-921-9987x0609,2025-07-15,Web,Qualified
5156,556,Katherine,Mcdowell,katherine.mcdowell@romerorichardsanddavis.com,"Pharmacist, community",001-755-399-9064,2025-04-25,Web,Qualified
7913,3050,Veronica,Colon,veronica.colon@hill-hicks.com,Ranger/warden,2925676414,2025-05-10,Web,Working
3732,3401,Ryan,Monroe,ryan.monroe@jamesllc.com,Phytotherapist,+1-278-975-1245,2024-09-04,Referral,Unqualified
6927,854,Christopher,Jones,christopher.jones@cookewrightandyoung.com,"Nurse, adult",(918)692-6568x7939,2024-12-19,Web,Working
2970,565,Bruce,Lynch,bruce.lynch@herreragroup.com,Sports therapist,(719)427-1819x23458,2024-04-19,Cold Call,New
1659,3434,Barry,Walker,barry.walker@davis-ford.com,Learning disability nurse,977-531-7726,2024-10-11,Ad,Unqualified
4294,760,Jason,Gross,jason.gross@parkerandsons.com,Chief Technology Officer,+1-322-258-6665x9261,2025-07-16,Web,Unqualified
7280,769,Susan,Green,susan.green@taylor-baker.com,"Horticulturist, amenity",(908)693-0825,2025-02-25,Referral,Unqualified
8077,3763,Ashley,Blake,ashley.blake@freemanvargasandhudson.com,Herbalist,,2024-03-23,Referral,Qualified
7438,853,Colleen,Harvey,colleen.harvey@martinandsons.com,"Designer, blown glass/stained glass",4567224875,2024-10-15,Cold Call,Qualified
6580,950,Olivia,Scott,olivia.scott@evans-coleman.com,"Designer, jewellery",,2025-01-29,Referral,New
2860,262,Debra,Acosta,debra.acosta@navarrosmithandperez.com,Hydrographic surveyor,(559)790-9613,2025-05-04,Referral,Qualified
7840,525,Michael,Bauer,michael.bauer@rosschenandwilliams.com,"Therapist, music",538.241.1621,2025-03-18,Referral,Working
7770,2160,Scott,Shaffer,scott.shaffer@klinegroup.com,Animal technologist,001-818-646-2115x208,2023-09-09,Referral,Working
970,3703,Carolyn,Day,carolyn.day@lang-gibbs.com,Editorial assistant,+1-516-264-6588x044,2024-10-17,Referral,Unqualified
6615,2225,Michael,Cooper,michael.cooper@duarteinc.com,Chief Technology Officer,(888)639-2419,2024-01-19,Ad,Working
2443,3867,Stephanie,Wu,stephanie.wu@zamora-wilson.com,Catering manager,837-836-0954,2024-03-09,Referral,Working
3051,3267,Megan,Stein,megan.stein@gibsonvaughanandhahn.com,Herpetologist,,2025-06-04,Cold Call,Unqualified
1799,144,Linda,Sullivan,linda.sullivan@johnsonwoodsandharris.com,Mudlogger,767-209-0729,2025-07-03,Cold Call,Working
4617,1992,Craig,Merritt,craig.merritt@marquezparkerandwilson.com,"Chemist, analytical",(720)382-1265x765,2025-05-18,Ad,Qualified
3539,1329,Dana,Williams,dana.williams@richardsplc.com,"Engineer, materials",(565)452-2272x3007,2023-05-07,Web,New
414,1405,Joshua,Moore,joshua.moore@glennltd.com,Barrister,606.955.1187x21905,2024-02-20,Ad,Unqualified
4404,3590,Kevin,King,kevin.king@baxterplc.com,Travel agency manager,793.574.3264x7158,2023-07-04,Ad,New
1006,182,Debbie,Jensen,debbie.jensen@ellisoninc.com,Architect,294.594.9105x71492,2025-06-26,Ad,Qualified
5847,165,Sharon,Becker,sharon.becker@willis-phillips.com,"Education officer, community",,2025-01-06,Referral,New
7773,390,Amanda,Hill,amanda.hill@jenkinsinc.com,Training and development officer,243-314-9063x3699,2024-01-29,Ad,New
3772,2338,Terri,Barrett,terri.barrett@smithhernandezandpark.com,Maintenance engineer,,2023-11-14,Cold Call,Working
7504,1797,Veronica,Anderson,veronica.anderson@adams-jensen.com,Research scientist (medical),+1-303-259-5956,2024-05-31,Cold Call,Working
4358,34,Danielle,Chavez,danielle.chavez@simonaguilarandtaylor.com,Community development worker,4613862225,2023-01-05,Referral,Qualified
7462,3731,Kristen,Barnes,kristen.barnes@wallswilliamsandriley.com,"Development worker, international aid",(685)544-6272,2025-07-02,Referral,Unqualified
1507,2850,Jason,Neal,jason.neal@wangsmithandharris.com,Electrical engineer,001-899-374-5558,2024-12-25,Cold Call,Unqualified
1413,3172,Patrick,Lester,patrick.lester@raydillonandspencer.com,"Psychologist, forensic",(810)613-7768x6296,2024-02-22,Ad,Unqualified
7975,3399,Ronald,Soto,ronald.soto@patterson-cantu.com,Audiological scientist,4388068395,2025-06-01,Web,Unqualified
2929,3400,Michael,Young,michael.young@williamshillandhill.com,Print production planner,767.802.5428x99323,2025-03-16,Cold Call,Qualified
1519,1595,Nathaniel,Harrison,nathaniel.harrison@kimmooreandsutton.com,Publishing copy,+1-476-241-4331x45618,2024-04-06,Referral,New
6657,753,Anita,Gutierrez,anita.gutierrez@davis-potts.com,Exhibition designer,(362)871-1664x8816,2025-03-18,Ad,Unqualified
6315,1779,Shelia,Pearson,shelia.pearson@cooperltd.com,Pathologist,+1-224-706-6155x634,2024-04-09,Ad,Working
1192,1319,Jamie,Fox,jamie.fox@sheltonltd.com,Surgeon,(999)324-0277,2025-05-21,Web,Qualified
1406,2996,Matthew,Gomez,matthew.gomez@frazierrodriguezandmiles.com,Theatre stage manager,6072607948,2024-12-24,Web,Unqualified
6715,2664,Julie,Walker,julie.walker@garcialucasandsanchez.com,Economist,344.901.1903x4065,2024-07-28,Referral,Qualified
3311,276,Jose,Paul,jose.paul@stewart-schaefer.com,Operational investment banker,(967)681-1060x0081,2023-06-24,Referral,Qualified
4769,1648,Denise,Chase,denise.chase@stanton-miller.com,Production manager,+1-518-738-4933x675,2025-06-11,Referral,Working
3129,3372,Claudia,Rogers,claudia.rogers@pittman-martin.com,Probation officer,001-251-738-7508x65682,2025-06-26,Web,Working
7890,2887,Daniel,Young,daniel.young@wilson-martinez.com,Public relations officer,910-227-7579,2023-04-23,Cold Call,Qualified
4705,1719,Elizabeth,Reynolds,elizabeth.reynolds@colemanallenandnewton.com,"Exhibitions officer, museum/gallery",(458)357-0610x427,2024-02-09,Ad,Unqualified
3511,1457,Seth,Pennington,seth.pennington@allenleeandgriffin.com,Child psychotherapist,,2024-10-05,Web,Working
6918,873,Allison,Miller,allison.miller@patterson-ellis.com,Psychotherapist,(831)362-8706,2025-04-16,Cold Call,Qualified
5509,696,Peter,Owen,peter.owen@craigandsons.com,Actuary,721-522-3504,2025-03-13,Web,New
56,3691,Mary,Massey,mary.massey@kennedy-keller.com,Tourism officer,001-909-355-3104x428,2024-09-17,Referral,Qualified
5490,3896,Kimberly,Giles,kimberly.giles@rodriguezschultzandgarza.com,"Surveyor, rural practice",+1-752-793-1954x72630,2024-07-02,Referral,New
4306,3609,Justin,Smith,justin.smith@may-norris.com,Furniture conservator/restorer,322-768-9219,2025-02-26,Web,Working
3185,3698,Amber,Christian,amber.christian@oneillllc.com,Tourism officer,001-911-404-4979,2025-02-10,Referral,New
7030,2264,Jeremiah,Mcdonald,jeremiah.mcdonald@carrevansandwalker.com,Animator,316-673-5014x3976,2025-07-17,Ad,New
3072,840,Victor,Saunders,victor.saunders@bates-mcintosh.com,Immunologist,919-837-2039x11531,2023-05-07,Web,Qualified
5765,56,Maureen,Clark,maureen.clark@murphy-oliver.com,Ceramics designer,394-551-4966x99790,2023-09-12,Web,Qualified
4741,1469,Benjamin,Montgomery,benjamin.montgomery@munozwellsandkent.com,"Engineer, materials",573.471.9831x62725,2025-07-05,Cold Call,Qualified
7294,692,Corey,Gomez,corey.gomez@jacobsjonesanddelgado.com,Magazine journalist,628-927-1265x42747,2024-04-10,Web,Unqualified
904,2140,Katie,Irwin,katie.irwin@richards-anderson.com,Planning and development surveyor,+1-797-378-7063x73204,2024-09-26,Referral,Unqualified
7454,1508,Richard,Gonzalez,richard.gonzalez@careyandsons.com,Hydrologist,,2024-04-06,Cold Call,Unqualified
5444,872,Joshua,Evans,joshua.evans@pittman-thompson.com,Geochemist,733-829-0354,2023-04-25,Referral,Qualified
7274,1583,Tyler,Yates,tyler.yates@phamltd.com,"Administrator, local government",6975791369,2025-07-11,Ad,Unqualified
5086,832,Tim,Stephens,tim.stephens@harrisltd.com,Barrister's clerk,756.734.0667x429,2025-05-30,Web,Qualified
7309,1449,Luis,Hall,luis.hall@nelsonltd.com,"Administrator, sports",854-976-4521x6492,2024-05-12,Web,New
5394,2623,Robert,Scott,robert.scott@martinezgeorgeandgeorge.com,Economist,3737306972,2025-04-18,Referral,Qualified
2967,2613,Tammy,Byrd,tammy.byrd@grahamgroup.com,Office manager,(418)498-1841,2025-04-05,Referral,New
3173,931,Elizabeth,Drake,elizabeth.drake@turnerlopezandfowler.com,Risk manager,001-884-778-2484x243,2024-10-21,Referral,Working
177,1351,Hannah,Roberts,hannah.roberts@millerllc.com,Risk manager,534.238.0105,2024-02-02,Referral,Working
4369,3992,Michelle,Miller,michelle.miller@shaw-evans.com,Neurosurgeon,+1-377-548-3549,2025-06-08,Web,Qualified
5654,1499,Wendy,Anthony,wendy.anthony@parsons-martinez.com,Passenger transport manager,5585000313,2025-06-04,Web,Qualified
2494,3840,Jesus,Bush,jesus.bush@brownfergusonandjones.com,Community development worker,(897)873-9837x580,2024-10-18,Web,Qualified
2309,791,Nicole,Dickerson,nicole.dickerson@brown-foster.com,Civil Service fast streamer,(289)734-5744x117,2025-07-17,Ad,Working
1990,1872,Natalie,Young,natalie.young@brown-hawkins.com,"Therapist, horticultural",+1-523-543-1674,2024-01-02,Referral,New
845,1625,Henry,Martin,henry.martin@brownmartinezandhoward.com,"Exhibitions officer, museum/gallery",681.435.8253x5223,2024-04-11,Web,Qualified
7087,1199,Zachary,Miller,zachary.miller@quinn-owens.com,International aid/development worker,+1-559-640-3231x646,2024-06-23,Referral,Qualified
2201,748,Kenneth,Harris,kenneth.harris@rasmussennguyenandjohnson.com,Equality and diversity officer,+1-969-333-8430x345,2025-06-04,Web,Working
3153,1792,Timothy,Rojas,timothy.rojas@livingston-wang.com,Chief Strategy Officer,,2025-05-19,Web,Unqualified
2927,2906,Evan,Young,evan.young@torresandsons.com,Ranger/warden,319.550.9564x1945,2025-02-10,Cold Call,Working
3812,1816,Kevin,Martin,kevin.martin@wileyolsonandholloway.com,Sports administrator,,2023-03-07,Referral,New
4767,15,Christopher,Taylor,christopher.taylor@bowen-phillips.com,Management consultant,8973057880,2024-09-07,Web,Unqualified
4229,1229,Francisco,Wood,francisco.wood@dixon-humphrey.com,"Accountant, chartered",(587)591-0945x2858,2024-11-08,Cold Call,Unqualified
6944,2868,Gordon,Hale,gordon.hale@hunter-webb.com,Phytotherapist,454.514.5738x638,2024-08-01,Ad,Qualified
4292,760,John,Rose,john.rose@parkerandsons.com,Risk manager,+1-986-249-5589x69097,2025-07-07,Web,New
2925,396,Jamie,Diaz,jamie.diaz@west-benson.com,Sub,+1-502-909-8556,2025-07-13,Referral,New
2662,1278,Clayton,Blair,clayton.blair@allen-west.com,Private music teacher,+1-639-567-0095,2024-11-03,Ad,Working
4610,927,Gina,Nelson,gina.nelson@valenciainc.com,Fish farm manager,(786)931-1866x1754,2024-03-26,Cold Call,Working
2556,2359,Jessica,Pittman,jessica.pittman@hahninc.com,Further education lecturer,(957)876-1640x923,2025-01-28,Referral,Qualified
7564,3861,Lindsay,Bautista,lindsay.bautista@hall-lindsey.com,"Surveyor, hydrographic",+1-974-785-8810,2025-04-17,Web,Working
2093,1109,Shane,Baker,shane.baker@herreraltd.com,"Education officer, community",901.984.0763,2025-06-05,Ad,Working
6104,2584,Samuel,Shields,samuel.shields@popejacksonandjones.com,Technical brewer,+1-458-213-5892x049,2024-09-25,Ad,Qualified
1046,2647,Susan,White,susan.white@nguyenllc.com,Actuary,(975)857-1228x470,2025-07-18,Web,Qualified
6075,3175,Melissa,Murphy,melissa.murphy@phelps-ward.com,Waste management officer,762.845.4922,2024-10-22,Referral,Qualified
2003,1987,Samantha,Day,samantha.day@mooneyllc.com,Horticultural consultant,874-687-6719,2023-06-29,Cold Call,Working
7492,3163,Jacob,Gomez,jacob.gomez@reedplc.com,Hospital doctor,9433931874,2025-07-10,Referral,New
1403,3390,Joanna,Vincent,joanna.vincent@danielsnelsonandwood.com,"Copywriter, advertising",363.306.7154,2025-02-14,Referral,Qualified
2014,681,John,Nguyen,john.nguyen@moyerllc.com,Leisure centre manager,(529)360-4592x205,2024-09-11,Cold Call,Qualified
1870,394,Robin,Jones,robin.jones@mercado-graves.com,"Horticulturist, amenity",+1-572-506-1126x687,2024-06-05,Web,Unqualified
7011,399,Taylor,Rivera,taylor.rivera@coleman-moreno.com,Secondary school teacher,3428908328,2025-03-26,Web,Qualified
6384,3680,Luis,Baxter,luis.baxter@carlsonkingandparker.com,"Engineer, electronics",001-301-701-7093x889,2024-09-06,Ad,Qualified
2000,2141,Bradley,Baker,bradley.baker@johnsonlawrenceandharris.com,"Teacher, English as a foreign language",(261)564-3692,2024-08-05,Ad,Working
570,271,Andrew,Williams,andrew.williams@rosepriceandcrosby.com,Set designer,001-349-570-8988x8314,2024-10-31,Referral,Working
2209,2983,Thomas,Rush,thomas.rush@brooksltd.com,Education administrator,4693063606,2023-06-25,Web,New
6588,492,Ryan,Alexander,ryan.alexander@hartmanandsons.com,"Engineer, automotive",+1-580-659-0824x7059,2025-05-22,Cold Call,New
4667,761,Tiffany,Mccullough,tiffany.mccullough@bentley-owens.com,Forensic scientist,+1-246-290-0976x81761,2025-05-01,Web,Unqualified
2137,914,Emily,Dillon,emily.dillon@thomasgarciaandcrosby.com,Air cabin crew,2742354829,2025-06-12,Referral,Working
1999,2141,Cameron,Norman,cameron.norman@johnsonlawrenceandharris.com,Art gallery manager,(662)844-3400x17641,2024-10-24,Ad,Working
1354,655,Lori,Hammond,lori.hammond@smith-cooper.com,Legal executive,452-461-5276x633,2023-11-04,Referral,Qualified
2786,2607,Matthew,Maxwell,matthew.maxwell@nelsongroup.com,Telecommunications researcher,9435207023,2025-04-26,Cold Call,Qualified
2649,523,Wendy,Hutchinson,wendy.hutchinson@wardtuckerandgill.com,Magazine journalist,001-389-648-4460x593,2025-07-11,Web,Unqualified
5005,1546,Heather,Serrano,heather.serrano@milesgregoryandsmith.com,Careers adviser,(205)273-9815x406,2023-07-20,Ad,Qualified
6408,2126,Alice,Johnson,alice.johnson@wangdennisandjames.com,"Development worker, international aid",(208)268-8259x72106,2025-05-12,Web,New
5935,1502,Monica,English,monica.english@contreras-chung.com,Investment analyst,001-868-563-4228x14990,2024-10-18,Ad,Unqualified
3596,1931,Rebecca,Cabrera,rebecca.cabrera@meadows-frank.com,Bonds trader,9869179804,2024-06-19,Ad,Working
4084,97,Henry,Wilson,henry.wilson@georgebeckerandshaw.com,Arboriculturist,+1-461-908-2440,2025-07-15,Ad,Working
7942,1514,Mary,Smith,mary.smith@linllc.com,"Scientist, water quality",514.462.6688x916,2023-01-27,Web,Working
1385,3171,Darryl,Robinson,darryl.robinson@pattersonmoralesandstevenson.com,Transport planner,(981)786-9428x3892,2024-12-20,Web,Unqualified
1516,27,Daniel,Mclean,daniel.mclean@cruzllc.com,Advertising copywriter,910-863-7114x225,2024-12-31,Cold Call,New
547,793,Anthony,Andrews,anthony.andrews@danielsallenandkeller.com,Pathologist,9874675060,2023-11-28,Referral,Qualified
6358,3751,Melissa,Moore,melissa.moore@brown-house.com,Purchasing manager,(857)832-0752,2024-09-16,Referral,Qualified
5415,1259,Bobby,Elliott,bobby.elliott@loganshawandquinn.com,Trade union research officer,001-684-664-2794x33366,2024-10-19,Cold Call,Working
1177,3235,Jose,Medina,jose.medina@gross-ross.com,Company secretary,001-369-813-7102,2025-07-15,Referral,Unqualified
382,2074,John,Griffith,john.griffith@dorseyllc.com,"Doctor, general practice",001-977-971-1926x75053,2025-01-23,Ad,New
4774,2215,Stephen,Reyes,stephen.reyes@jordan-bradley.com,"Production assistant, television",,2023-12-23,Ad,Working
4044,2615,Victor,Smith,victor.smith@hardy-olsen.com,Nutritional therapist,+1-774-965-5195x385,2025-02-03,Cold Call,Qualified
870,3371,Gregory,Bennett,gregory.bennett@lambertandsons.com,"Administrator, arts",291-887-1505,2023-10-14,Referral,New
5430,1718,Christopher,Mendoza,christopher.mendoza@donaldsonandsons.com,"Optician, dispensing",(879)291-9990x4781,2024-10-31,Referral,Qualified
3903,2834,Maria,West,maria.west@watersllc.com,Multimedia programmer,,2025-06-06,Referral,Unqualified
1822,1190,Joe,English,joe.english@ramirezhornandtorres.com,"Therapist, speech and language",556.430.8081x603,2024-10-13,Web,Unqualified
3591,3964,Leslie,Combs,leslie.combs@craig-lopez.com,Television production assistant,854-562-5948x8520,2025-02-04,Ad,Unqualified
3686,2912,Richard,Washington,richard.washington@hodgesgroup.com,Environmental health practitioner,866-335-3046,2023-03-24,Referral,New
2814,2982,Renee,Wilson,renee.wilson@whiteinc.com,Medical laboratory scientific officer,(355)503-7419x42153,2024-04-13,Ad,New
7503,538,Daniel,Erickson,daniel.erickson@fernandezandsons.com,Data processing manager,531.287.3038,2024-06-13,Cold Call,Qualified
3138,2042,Brandon,Barton,brandon.barton@collinsfarmerandrosales.com,Hospital pharmacist,768-249-3188x729,2024-12-05,Cold Call,Qualified
6705,5,Kimberly,Clark,kimberly.clark@martininc.com,"Production designer, theatre/television/film",469-366-3379,2024-02-15,Cold Call,New
6140,42,Jordan,Thomas,jordan.thomas@perkinsinc.com,Mudlogger,+1-655-970-4970x57924,2025-05-04,Web,Qualified
4014,2400,Jennifer,Dixon,jennifer.dixon@sextonandsons.com,Theatre manager,311-677-3667x0312,2024-04-20,Cold Call,Unqualified
552,448,Shawn,Dominguez,shawn.dominguez@parker-melendez.com,Chartered public finance accountant,307.281.5704,2025-03-20,Referral,New
2934,1930,Katrina,Williams,katrina.williams@garcia-turner.com,"Scientist, research (medical)",001-476-872-5861x396,2025-07-17,Ad,Qualified
2914,1056,Nathan,Deleon,nathan.deleon@butlerltd.com,Land,504-470-8816x8010,2025-01-23,Web,Unqualified
5527,2185,Sylvia,Spears,sylvia.spears@nielsengroup.com,Geoscientist,001-351-507-1144x04673,2024-08-18,Ad,New
7114,633,Stephanie,Ferguson,stephanie.ferguson@williamslevineandjohnson.com,Volunteer coordinator,684-896-7599,2022-11-18,Ad,Unqualified
7425,3004,Angela,Miller,angela.miller@andrewsplc.com,Clinical molecular geneticist,989-689-9505,2024-06-11,Cold Call,Unqualified
7910,1478,Johnny,Evans,johnny.evans@goodgroup.com,Advertising account executive,(354)353-8976x04920,2025-02-10,Cold Call,Working
8008,2439,Justin,Walker,justin.walker@woodard-ross.com,"Therapist, nutritional",(689)738-7904,2024-11-15,Web,Qualified
6590,2289,Philip,Burns,philip.burns@clarke-carter.com,Horticultural consultant,324.476.6165x0803,2025-07-16,Referral,New
1959,2048,Jose,Thompson,jose.thompson@perryinc.com,"Surveyor, commercial/residential",+1-702-846-1168x917,2025-03-22,Web,New
6540,1297,Victoria,Booth,victoria.booth@alvarez-alvarado.com,Technical sales engineer,+1-420-796-2586x33748,2024-09-07,Web,Qualified
368,2889,Jason,Hernandez,jason.hernandez@alexandervasquezandcarter.com,Equality and diversity officer,681.299.0723x047,2025-05-30,Referral,Qualified
1745,2572,Laura,Rivera,laura.rivera@banks-allen.com,Engineering geologist,394-760-1725x320,2025-02-20,Cold Call,Unqualified
4673,3103,Paul,Ward,paul.ward@cochran-powers.com,"Solicitor, Scotland",+1-787-577-3927x76869,2024-08-14,Cold Call,Working
1429,532,Leslie,Davis,leslie.davis@cobbwebbandpalmer.com,Social researcher,553-849-1265,2024-11-03,Ad,Working
6218,715,Lindsey,Mosley,lindsey.mosley@stantonbrownandcarr.com,Actor,(308)855-2210x332,2025-04-17,Ad,Qualified
5795,2191,Margaret,Welch,margaret.welch@gomezrussellandmartin.com,Special effects artist,491.921.1003,2025-05-07,Ad,Working
3317,1124,Thomas,Mckinney,thomas.mckinney@mcconnellwilkinsonandmills.com,Ranger/warden,287-868-1883x190,2024-10-23,Cold Call,New
1929,3608,Kelly,Fox,kelly.fox@chavezwalkerandevans.com,Dealer,636.372.3731x2452,2024-11-29,Cold Call,Qualified
5052,189,Samuel,Patterson,samuel.patterson@coleman-villegas.com,"Teacher, primary school",001-665-750-2318x269,2025-05-23,Referral,New
1553,3773,Veronica,Howard,veronica.howard@rossstevensandfrancis.com,"Scientist, research (physical sciences)",827.440.6628x57274,2023-12-09,Web,Unqualified
2110,2890,Donna,Powell,donna.powell@conleyayersandberg.com,Clinical cytogeneticist,001-758-942-3508x167,2025-07-18,Cold Call,Working
4263,311,William,Griffin,william.griffin@jacobsandersenandsmith.com,Press sub,357.956.2160,2024-05-09,Referral,Qualified
7717,462,Tina,Griffith,tina.griffith@powellsullivanandweaver.com,Research scientist (physical sciences),+1-673-628-0372x93450,2024-05-19,Referral,Unqualified
116,2708,Kristin,Warren,kristin.warren@hendricks-holland.com,Market researcher,263.956.6121x12683,2025-06-10,Referral,New
5131,1460,Richard,Everett,richard.everett@bush-hawkins.com,Biomedical scientist,726.950.2557x9710,2023-10-10,Referral,Qualified
5258,2477,Anne,King,anne.king@fieldsinc.com,Forest/woodland manager,(559)859-0173x1128,2025-07-02,Ad,Working
5964,3009,Diana,Ramirez,diana.ramirez@rogersgambleandterry.com,Television floor manager,(853)671-9691x7840,2024-11-23,Web,Unqualified
4499,1029,Cheryl,Hayes,cheryl.hayes@hernandezplc.com,Television/film/video producer,+1-845-355-2511x414,2024-09-28,Cold Call,Working
767,204,Anna,Gonzalez,anna.gonzalez@johnsonmedinaandbrown.com,"Engineer, control and instrumentation",(827)788-3929x034,2024-12-08,Cold Call,Qualified
3021,1813,Andrew,Davis,andrew.davis@perkinscarrilloandwilkins.com,Interpreter,(417)614-4513x97127,2025-07-04,Ad,Working
3521,2433,Kelsey,Miller,kelsey.miller@steele-cox.com,"Scientist, research (physical sciences)",001-655-748-6122x86210,2024-02-13,Cold Call,New
7236,320,Kenneth,Miller,kenneth.miller@fuller-riley.com,Medical technical officer,,2025-01-15,Web,Unqualified
3246,400,Kevin,Norman,kevin.norman@jamesgroup.com,Ergonomist,(877)732-8832x879,2024-03-18,Web,Working
2645,330,Jacqueline,Webster,jacqueline.webster@davissmithandjackson.com,Best boy,8305328164,2025-04-26,Web,Qualified
7657,2760,Megan,Yu,megan.yu@kimandsons.com,Web designer,917.557.4253,2024-12-11,Cold Call,New
1204,3264,Robert,Brooks,robert.brooks@aguirrelawrenceandmartinez.com,Pensions consultant,001-647-313-3809x04353,2025-07-14,Referral,Qualified
3084,2792,Brittany,Schmidt,brittany.schmidt@stanley-rogers.com,Haematologist,+1-662-576-9372x959,2023-09-26,Referral,New
3036,418,Susan,Allen,susan.allen@zimmermaninc.com,Chemical engineer,627.813.2993x6262,2025-02-21,Ad,Qualified
3950,434,Gregory,Jones,gregory.jones@donaldsonplc.com,Sales executive,(349)853-2843x9101,2025-06-28,Cold Call,Qualified
5333,3869,Brett,Schneider,brett.schneider@rivers-mcdowell.com,Intelligence analyst,+1-745-817-4315,2024-12-03,Ad,Unqualified
5106,934,Sean,Brown,sean.brown@andersongroup.com,"Conservator, furniture",814.379.1485x5213,2024-06-12,Web,New
5400,2341,Michael,Powell,michael.powell@brewergroup.com,Retail merchandiser,+1-414-558-8860x551,2024-12-18,Web,Qualified
5339,1210,Angela,Williams,angela.williams@johnson-perry.com,"Administrator, Civil Service",+1-335-530-1156,2023-09-03,Web,Qualified
5427,1552,Kevin,Calderon,kevin.calderon@henrybrownandbutler.com,Energy manager,+1-302-981-1440x08203,2025-01-15,Web,New
1869,394,Cameron,Vance,cameron.vance@mercado-graves.com,Textile designer,610-370-1380x143,2024-01-22,Ad,Working
731,3277,Andrew,Lewis,andrew.lewis@martinezandsons.com,Quality manager,,2023-12-02,Referral,New
646,406,Sarah,Rodriguez,sarah.rodriguez@trujilloplc.com,Nature conservation officer,001-219-962-9183,2025-06-14,Cold Call,Working
7136,2195,Nicole,Zimmerman,nicole.zimmerman@bearddavenportandjohnson.com,"Administrator, local government",959.345.5714x68599,2024-06-19,Cold Call,Qualified
7609,3536,Angela,Figueroa,angela.figueroa@vargaschristensenandpage.com,"Teacher, adult education",(981)226-3460,2024-12-18,Web,New
1254,3620,Mary,Rose,mary.rose@alexanderpaulandbrooks.com,Arboriculturist,(200)983-8899x48089,2025-04-06,Ad,Qualified
3468,1866,Sharon,Moses,sharon.moses@williamsfowlerandnelson.com,"Scientist, clinical (histocompatibility and immunogenetics)",968-961-4892x4979,2025-06-30,Web,Qualified
2539,2510,Manuel,Stephenson,manuel.stephenson@fernandez-jordan.com,"Copywriter, advertising",225-521-2049x7516,2025-07-02,Web,New
3419,2292,Carrie,Knight,carrie.knight@ochoamorrisandboyer.com,Market researcher,443.502.4206x6816,2025-01-08,Ad,Qualified
270,2407,Charles,Pollard,charles.pollard@jacksoncrawfordandjohnson.com,"Engineer, electronics",444.610.2855,2023-06-15,Cold Call,Qualified
4797,3245,Deanna,Cunningham,deanna.cunningham@howellwhiteandlewis.com,"Doctor, hospital",,2025-03-13,Ad,New
7198,1455,Anthony,Valencia,anthony.valencia@peterson-phillips.com,Gaffer,980-935-6103x722,2023-12-18,Ad,Unqualified
5297,2168,Ashley,Maxwell,ashley.maxwell@hardin-williams.com,Multimedia programmer,(249)953-2982x52841,2025-04-04,Web,New
6333,2553,Veronica,Carrillo,veronica.carrillo@benitez-walker.com,Personnel officer,(474)367-3959x13869,2025-07-17,Web,Working
2716,2666,David,Brown,david.brown@gilbert-fernandez.com,Therapeutic radiographer,+1-963-921-0579x79395,2023-10-08,Referral,Working
4505,782,Tammy,Myers,tammy.myers@hernandezltd.com,Meteorologist,001-417-638-6827x2738,2025-07-05,Referral,New
392,302,Patricia,Harris,patricia.harris@smithltd.com,"Psychologist, educational",505.584.8765,2023-02-19,Ad,Working
7154,3753,Carrie,Hill,carrie.hill@oconnor-thompson.com,Chiropractor,001-216-677-4424x418,2025-06-05,Referral,Unqualified
2007,936,Paige,Tyler,paige.tyler@mcconnell-beck.com,Air traffic controller,587.958.1779x3513,2023-09-06,Web,Working
5587,2244,Tonya,Jordan,tonya.jordan@dyerplc.com,"Programmer, multimedia",+1-572-857-0460x1687,2025-07-04,Web,Working
6627,2994,Brittany,Johnson,brittany.johnson@wilcoxwalkerandlopez.com,"Biochemist, clinical",581.396.9359x17430,2025-03-18,Web,New
1849,2955,Samuel,Shelton,samuel.shelton@kaiser-wilson.com,Ship broker,+1-372-835-3087x85764,2025-03-24,Referral,Qualified
2832,39,Lisa,Brown,lisa.brown@singhinc.com,Audiological scientist,001-952-257-9217,2025-05-25,Web,New
7134,3752,Dwayne,Farmer,dwayne.farmer@thompson-cooper.com,Dancer,+1-606-529-2627x757,2024-08-25,Cold Call,Working
4730,2116,Vanessa,Odonnell,vanessa.odonnell@walterswestandhernandez.com,Chartered accountant,+1-427-848-9694,2025-07-09,Referral,Unqualified
110,2260,Heather,Padilla,heather.padilla@millerpriceandpage.com,"Scientist, product/process development",,2025-05-27,Cold Call,Qualified
2462,504,Frank,Green,frank.green@meyersgroup.com,"Doctor, general practice",310.256.7597,2024-06-23,Cold Call,New
7668,2899,Kimberly,Martinez,kimberly.martinez@thomasandsons.com,Social worker,001-598-348-0683x4629,2025-07-07,Ad,Working
2031,3227,Mary,Brennan,mary.brennan@clarkinc.com,Interpreter,390-225-4512x477,2025-03-07,Web,Unqualified
2096,3719,Lisa,Cain,lisa.cain@cantrellllc.com,Site engineer,,2023-12-02,Ad,New
7825,587,Keith,Wilson,keith.wilson@maxwell-moss.com,"Pharmacist, community",+1-902-680-3799x99148,2025-07-04,Ad,Qualified
7677,3704,Alexandra,Blevins,alexandra.blevins@guzman-briggs.com,Applications developer,(884)715-9704x939,2025-06-16,Referral,Working
3848,2761,Megan,Dunn,megan.dunn@westplc.com,Estate manager/land agent,(860)462-6185x65373,2025-07-18,Ad,Unqualified
1309,3611,Dustin,Kemp,dustin.kemp@hollandmcdonaldandvillegas.com,Architectural technologist,+1-578-819-7715x17308,2024-06-01,Web,New
6994,1481,Eric,Mccullough,eric.mccullough@mathis-powers.com,"Nurse, mental health",586-455-4167x6516,2024-11-13,Cold Call,New
5539,630,Rachel,West,rachel.west@leegroup.com,Industrial/product designer,(738)688-2530x283,2023-05-14,Referral,New
5516,824,Jerry,Williamson,jerry.williamson@morganltd.com,"Exhibitions officer, museum/gallery",,2025-02-10,Ad,Qualified
2873,502,David,Watts,david.watts@bartonwongandgray.com,Estate manager/land agent,+1-836-983-6647x08898,2024-09-18,Web,Qualified
702,2352,Michael,Fitzpatrick,michael.fitzpatrick@wrightplc.com,Multimedia programmer,+1-778-535-6233x73729,2025-04-10,Ad,Working
6019,52,Melissa,Lynch,melissa.lynch@reynoldsandsons.com,Haematologist,785.275.3114,2024-08-05,Cold Call,Unqualified
4136,2367,Alexis,Salazar,alexis.salazar@henderson-taylor.com,Forest/woodland manager,(897)338-7294,2023-02-25,Web,Qualified
7804,1757,Beth,Ward,beth.ward@cervantesltd.com,Electronics engineer,674.814.0288,2024-08-03,Cold Call,New
1508,1180,John,Riddle,john.riddle@butlerdickersonanddiaz.com,Archaeologist,238-607-9113,2025-01-15,Web,Working
2887,1554,Paul,Salas,paul.salas@cobb-bradley.com,Advice worker,4618155548,2023-09-03,Referral,Qualified
7077,666,Robert,Harper,robert.harper@stevensplc.com,"Editor, film/video",5225331923,2025-05-16,Ad,New
1836,1480,Robin,Meyers,robin.meyers@longthorntonandrosales.com,"Engineer, petroleum",(345)226-1968,2025-03-10,Web,Working
3090,2223,Gary,Mcmillan,gary.mcmillan@sanchezltd.com,Systems analyst,001-297-988-3563x094,2024-07-12,Ad,New
535,3472,Robert,Turner,robert.turner@thompson-welch.com,Oceanographer,375.911.7011,2025-07-12,Referral,Unqualified
165,3938,Adam,Berry,adam.berry@sloanlewisandwinters.com,Social researcher,(716)735-6840x87332,2025-07-18,Web,Qualified
6710,897,William,Pham,william.pham@mendozaplc.com,"Designer, blown glass/stained glass",001-973-511-2014,2024-03-12,Referral,Qualified
488,1600,Shelby,Woodward,shelby.woodward@mooneynortonandcampbell.com,Insurance risk surveyor,+1-390-225-9604x889,2025-06-03,Cold Call,Working
3567,676,James,Taylor,james.taylor@hayes-sexton.com,Contracting civil engineer,(982)696-9368x80538,2024-11-27,Cold Call,Unqualified
3755,1291,David,Williams,david.williams@hopkinsllc.com,Race relations officer,989-801-5522x401,2024-08-14,Web,Qualified
3687,2912,Nancy,Carroll,nancy.carroll@hodgesgroup.com,"Scientist, research (physical sciences)",710-401-5803,2022-12-02,Referral,Unqualified
3395,1674,Teresa,Glover,teresa.glover@sanchezltd.com,Computer games developer,860-734-2638x5870,2025-05-04,Ad,Working
3304,142,Michelle,Fischer,michelle.fischer@brooks-powers.com,"Engineer, drilling",(534)584-2111,2024-12-18,Referral,Unqualified
3888,2660,Lisa,Peterson,lisa.peterson@greentranandmoore.com,"Geneticist, molecular",(929)866-9754,2025-07-16,Cold Call,Qualified
5665,3887,Christine,Atkins,christine.atkins@chavez-green.com,Careers information officer,351.418.8770,2023-06-28,Web,Working
7052,673,Lee,Hogan,lee.hogan@mccallandsons.com,Pharmacologist,001-563-555-2622x357,2024-01-24,Web,Unqualified
2634,3834,Joshua,Russell,joshua.russell@richard-johnson.com,Office manager,784.961.0728,2025-06-09,Referral,Unqualified
8014,67,Andrea,Cox,andrea.cox@ortizinc.com,Forensic scientist,7828352117,2023-04-17,Cold Call,New
3958,2453,Timothy,Cohen,timothy.cohen@mclaughlingroup.com,Volunteer coordinator,973.723.1825x20360,2025-04-17,Ad,New
3573,1896,Corey,Miller,corey.miller@castillohoodandwalker.com,Historic buildings inspector/conservation officer,208.576.3194,2025-05-18,Ad,New
3742,3579,Ruth,Yang,ruth.yang@chapman-howell.com,Building surveyor,001-676-645-8653x767,2024-04-20,Referral,Working
7998,2330,Christopher,Johnson,christopher.johnson@richardsonjohnsonandwilliams.com,Music tutor,(537)686-0510x34470,2024-01-21,Ad,Unqualified
672,3616,Patrick,Smith,patrick.smith@beasley-martin.com,Aid worker,972.351.6385x8112,2025-05-24,Ad,Unqualified
1563,1123,Amber,Kirby,amber.kirby@smith-hood.com,Health physicist,001-458-502-8063x14903,2025-03-24,Web,Working
1687,2767,Jessica,Smith,jessica.smith@allengroup.com,"Sales professional, IT",(292)249-6450x015,2023-10-04,Cold Call,New
1820,1104,Maria,Lee,maria.lee@delgadokramerandgill.com,"Teacher, primary school",375-953-2082x911,2023-10-04,Referral,Qualified
3986,559,Jessica,Rose,jessica.rose@mooregroup.com,Aeronautical engineer,+1-736-883-8444x24034,2022-11-05,Referral,Qualified
8025,96,Christina,Phillips,christina.phillips@harrisoncastilloandchan.com,Sports coach,842-559-7458,2025-02-04,Referral,Working
4395,2315,Sarah,Mitchell,sarah.mitchell@hansonoconnorandbullock.com,Interior and spatial designer,524-571-5365,2024-05-06,Cold Call,Working
5814,1848,Ashley,Peck,ashley.peck@scott-kelly.com,Interior and spatial designer,001-762-688-2680,2023-10-05,Web,Working
50,1074,Fred,Thompson,fred.thompson@harveyharrisandrodriguez.com,Advertising copywriter,+1-210-328-5717x0835,2024-08-25,Referral,Unqualified
6688,2705,Maria,Wright,maria.wright@thompsonltd.com,Management consultant,534.768.1784x694,2025-01-23,Cold Call,Unqualified
6299,3260,Jeremy,Leach,jeremy.leach@chenandersonandramirez.com,Toxicologist,883-987-8530x108,2024-10-10,Cold Call,Qualified
7308,1172,Mikayla,Pittman,mikayla.pittman@willisinc.com,Pensions consultant,,2023-10-25,Referral,New
3396,2222,Casey,White,casey.white@berrygarciaandschmidt.com,Television floor manager,(880)257-0577,2024-10-14,Ad,Unqualified
705,1532,Edward,Clark,edward.clark@alvarado-johnson.com,Medical technical officer,5382057776,2025-01-10,Referral,New
3736,1049,Curtis,Morris,curtis.morris@adamsbatesandgeorge.com,Advertising art director,(813)410-5200x893,2024-08-14,Cold Call,Unqualified
4119,2621,Steven,Arnold,steven.arnold@davis-jones.com,Claims inspector/assessor,(857)674-0058x13719,2024-11-27,Referral,Working
4918,659,Charles,Anderson,charles.anderson@hughesinc.com,Operational researcher,001-489-735-0277x8865,2023-09-08,Cold Call,New
833,2324,Dawn,Williams,dawn.williams@henderson-chen.com,Research scientist (physical sciences),+1-816-700-8021x80020,2024-10-03,Ad,New
5217,2467,Roger,Duffy,roger.duffy@matthewsrobbinsandchapman.com,Games developer,815-860-0411x27452,2025-06-22,Cold Call,Working
7529,2873,Stacey,Wilkins,stacey.wilkins@pattersonplc.com,"Buyer, retail",451-717-3587x619,2023-08-07,Cold Call,New
2697,168,Steven,Lawson,steven.lawson@gonzales-cunningham.com,Information officer,305-796-0945x29986,2024-09-06,Referral,Unqualified
7417,703,Jason,Cervantes,jason.cervantes@rollins-holt.com,Personnel officer,(732)871-7900x8725,2024-12-24,Cold Call,Qualified
1601,3962,Brian,Rivera,brian.rivera@mcintyreltd.com,"Surveyor, minerals",748-877-8700x59037,2025-07-13,Cold Call,New
7625,1337,Bobby,Butler,bobby.butler@fowlerrileyandphillips.com,Chief Executive Officer,695-873-9784x5718,2025-06-27,Web,Qualified
5896,1336,Justin,Smith,justin.smith@johnsoninc.com,Printmaker,818-548-6243x27122,2025-07-11,Ad,Qualified
5897,1336,April,Hall,april.hall@johnsoninc.com,Oceanographer,242-691-2688x58511,2025-07-10,Web,Qualified
774,1781,Stephanie,Hubbard,stephanie.hubbard@walkerdaviesandedwards.com,"Therapist, art",899-771-8811x860,2023-09-30,Ad,Unqualified
5103,3688,Julie,Sanders,julie.sanders@gonzalezscottandstone.com,Solicitor,001-352-888-3006x1611,2024-05-06,Web,Unqualified
2850,1815,Patricia,Beltran,patricia.beltran@simmonsinc.com,Forest/woodland manager,001-699-835-2766,2024-10-08,Referral,Unqualified
7245,1977,Charles,Patel,charles.patel@porterandsons.com,Commissioning editor,570.417.5650,2023-08-10,Ad,Working
5906,321,Alexandra,Hatfield,alexandra.hatfield@baker-castillo.com,Associate Professor,001-415-441-5574x43092,2023-03-05,Ad,Working
760,513,Eric,Wallace,eric.wallace@masonltd.com,Lawyer,455.929.8971x4562,2023-06-07,Ad,Working
5373,55,Debra,Robinson,debra.robinson@zimmerman-mccormick.com,Call centre manager,726-570-6542,2024-05-12,Ad,Qualified
6509,881,Daniel,Watson,daniel.watson@west-trevino.com,Advice worker,969.206.8333x579,2023-08-21,Cold Call,New
255,230,Charles,Casey,charles.casey@torres-taylor.com,Fashion designer,320-522-6523x375,2025-07-04,Cold Call,Unqualified
1942,3174,Micheal,Carter,micheal.carter@solis-anderson.com,"Producer, radio",(807)426-3859x17272,2025-01-30,Referral,Qualified
4689,3255,Aaron,Rangel,aaron.rangel@cooper-newman.com,Rural practice surveyor,751-374-4868,2024-03-26,Web,Working
1152,32,Peter,Cox,peter.cox@gibsonhayesandboone.com,Dentist,(723)564-6365,2024-01-21,Cold Call,Qualified
5169,3412,Richard,Meyer,richard.meyer@esparzawashingtonanddillon.com,Immunologist,822.760.3776,2024-03-03,Cold Call,New
6533,595,Charles,Oconnell,charles.oconnell@hernandezschneiderandarmstrong.com,"Engineer, materials",,2024-11-26,Ad,New
1707,1020,Stuart,Bridges,stuart.bridges@rivasshahandryan.com,Microbiologist,+1-411-383-7123x215,2024-10-20,Web,New
6891,176,Heather,Marshall,heather.marshall@petersenandsons.com,Secretary/administrator,3622837849,2025-02-16,Cold Call,Working
2941,2862,Kelly,Silva,kelly.silva@valentineknightanddavis.com,"Psychologist, prison and probation services",940.495.3438,2025-04-12,Web,Qualified
4960,783,Stephanie,Solomon,stephanie.solomon@mitchell-gonzalez.com,Insurance claims handler,476.914.2081x26281,2025-06-11,Web,Working
7241,1847,Gabriel,Figueroa,gabriel.figueroa@maddoxinc.com,Risk analyst,588-452-4564x6468,2025-06-28,Cold Call,Unqualified
3806,2386,Michael,Whitehead,michael.whitehead@morenojohnsonandvasquez.com,Technical brewer,+1-879-451-6213x72468,2024-08-18,Cold Call,Working
4660,2251,Russell,Roberts,russell.roberts@delgadoandsons.com,Freight forwarder,(801)479-5085x0813,2024-08-30,Ad,Unqualified
4231,2083,Raymond,Huber,raymond.huber@cochranyorkandbennett.com,Oncologist,(306)691-7857x422,2024-05-02,Ad,Qualified
4943,1545,Mark,Jones,mark.jones@murphy-wiggins.com,Clinical molecular geneticist,+1-228-262-9379x03971,2025-01-12,Referral,New
3275,2744,Christopher,Stewart,christopher.stewart@gilbertltd.com,Landscape architect,001-620-910-2441x911,2025-07-10,Ad,Qualified
3739,2589,Donna,Richards,donna.richards@edwards-leon.com,Pension scheme manager,460.470.9905,2024-11-15,Cold Call,Working
4851,455,Shelley,Lindsey,shelley.lindsey@williams-stewart.com,"Engineer, technical sales",(233)396-5922x6247,2023-02-21,Referral,Qualified
2175,2894,Dorothy,Wagner,dorothy.wagner@taylor-hancock.com,Advertising art director,659.231.2523x3642,2025-06-10,Referral,Unqualified
2385,2399,Robert,Scott,robert.scott@murrayandsons.com,Network engineer,(562)252-4644x05131,2025-04-28,Web,Working
7848,197,Gary,Torres,gary.torres@barberllc.com,Product manager,913-695-9716x46554,2025-04-04,Cold Call,Qualified
1867,1985,Randy,English,randy.english@snyder-lowe.com,"Nurse, children's",001-753-569-6131x361,2025-06-28,Web,Working
4334,3375,Lisa,Graham,lisa.graham@moorebartonandmiller.com,"Engineer, electronics",453.833.2482x88800,2024-09-30,Ad,Working
3675,2596,Mary,Castillo,mary.castillo@stricklandinc.com,Fashion designer,609-266-4090,2025-07-03,Ad,Unqualified
2423,3241,Andrea,Rios,andrea.rios@fuentes-phillips.com,"Surveyor, minerals",,2024-05-31,Cold Call,New
2833,39,Jeffrey,Reyes,jeffrey.reyes@singhinc.com,"Nurse, children's",829-828-1689,2025-07-02,Cold Call,Qualified
3315,2924,David,Graham,david.graham@mason-peterson.com,Clinical molecular geneticist,750.743.7101,2025-02-08,Cold Call,New
6911,1454,Erin,Knight,erin.knight@smithbrownandfrancis.com,"Editor, film/video",671.805.0261x936,2025-02-23,Cold Call,Working
1561,3470,Steve,Martin,steve.martin@jonesltd.com,"Librarian, academic",692.932.4474,2024-05-28,Cold Call,New
6530,3382,Kyle,Smith,kyle.smith@lutz-smith.com,Contracting civil engineer,001-885-593-9011x820,2025-05-26,Ad,Unqualified
273,1387,Robin,Fields,robin.fields@turner-smith.com,Counsellor,001-583-261-1294x013,2025-04-29,Web,New
7882,723,Michelle,Johnson,michelle.johnson@moreno-williams.com,Printmaker,295.674.2366,2025-06-13,Web,Working
6795,2112,Sarah,Frey,sarah.frey@brownnicholsandwilliams.com,Electronics engineer,+1-447-541-5416x50461,2025-03-08,Ad,New
2089,901,Lauren,Mcintosh,lauren.mcintosh@hilledwardsandmckinney.com,"Sales professional, IT",+1-427-497-7500x5350,2024-09-10,Cold Call,Unqualified
5548,2966,Carla,Leach,carla.leach@garcia-white.com,Commercial/residential surveyor,+1-339-609-3803,2024-11-10,Web,Working
33,1548,Dylan,Garcia,dylan.garcia@tyler-allen.com,"Administrator, sports",778.297.3035x362,2024-11-17,Cold Call,New
5094,1438,Jessica,Black,jessica.black@raymond-cain.com,Research scientist (medical),729.431.4930,2024-02-29,Cold Call,Qualified
4310,614,Thomas,Simmons,thomas.simmons@blevins-reyes.com,Communications engineer,335-494-4550x977,2025-06-16,Web,Unqualified
3785,3202,Ebony,Richard,ebony.richard@norrisnavarroandvazquez.com,"Engineer, site",+1-551-819-0831,2025-06-16,Cold Call,Unqualified
7275,1583,Jeremy,Richardson,jeremy.richardson@phamltd.com,Volunteer coordinator,(981)295-2689x993,2024-10-07,Cold Call,Qualified
7936,1322,Tracy,Lopez,tracy.lopez@jonesgroup.com,Landscape architect,+1-640-235-3109x62808,2024-10-23,Referral,Unqualified
2522,2663,Philip,Fry,philip.fry@lambandsons.com,"Engineer, chemical",(621)452-6996x5539,2025-06-27,Web,Qualified
5013,3663,Robert,Young,robert.young@ruizltd.com,Pension scheme manager,494.786.9385x173,2025-04-30,Web,Unqualified
7772,390,Emma,Hawkins,emma.hawkins@jenkinsinc.com,Equality and diversity officer,954.633.2538x826,2024-03-30,Web,Unqualified
4411,1710,Robin,Fischer,robin.fischer@horne-butler.com,Armed forces technical officer,643.806.6430x0834,2024-10-31,Web,Qualified
406,541,Edward,Hill,edward.hill@dixonplc.com,Meteorologist,+1-858-402-3001x4234,2023-04-22,Web,Working
4683,2695,Jeremy,King,jeremy.king@goldenjamesandhenry.com,"Biochemist, clinical",001-458-785-1185x375,2024-11-27,Ad,Working
931,3305,Stephanie,Hart,stephanie.hart@stonegroup.com,Psychotherapist,+1-799-922-0394,2023-10-13,Referral,Unqualified
1818,3325,Darlene,Hill,darlene.hill@ware-woodard.com,Prison officer,(460)435-0284,2024-07-12,Cold Call,Working
1120,827,Nicolas,White,nicolas.white@moseswilliamsandcollins.com,Applications developer,001-886-406-6210x66697,2025-04-20,Ad,New
3710,1263,Preston,Tran,preston.tran@rosebrownandmyers.com,"Designer, furniture",+1-445-838-5875,2024-06-04,Web,Working
3488,3514,Keith,Wyatt,keith.wyatt@hall-smith.com,Actuary,(992)500-5896x788,2024-12-15,Referral,New
2985,1197,Jeffrey,Flores,jeffrey.flores@johnsonharrisandchase.com,Chartered accountant,(250)556-9096x6904,2024-04-16,Cold Call,Qualified
4969,1503,Jessica,Ellis,jessica.ellis@holden-hall.com,Field trials officer,001-552-922-9011x3773,2024-05-22,Referral,Unqualified
7239,3685,Mary,Burgess,mary.burgess@miller-gilbert.com,"Horticulturist, commercial",930-774-2200,2024-12-11,Ad,New
7075,666,Bridget,Cross,bridget.cross@stevensplc.com,Garment/textile technologist,860.341.3704,2024-04-16,Cold Call,Working
5500,3024,Diane,Schmidt,diane.schmidt@smith-reyes.com,Purchasing manager,709-803-1554x184,2025-05-13,Referral,Working
5564,3553,Brandon,Soto,brandon.soto@joseph-orr.com,Chartered legal executive (England and Wales),001-971-808-9070x2290,2024-02-23,Web,Working
6208,3689,Oscar,Paul,oscar.paul@bergerhudsonandrodriguez.com,Electrical engineer,001-880-694-0413x58004,2024-07-13,Ad,Qualified
4604,2594,Emily,Kelley,emily.kelley@rivera-johnston.com,"Physicist, medical",208.499.8649,2024-07-15,Web,Qualified
728,2684,Brenda,Schmidt,brenda.schmidt@stevensonbryantandbeltran.com,Chemical engineer,001-563-347-0991x7450,2025-05-05,Ad,New
3803,3219,Jasmin,Fuller,jasmin.fuller@gomezromeroandjackson.com,Charity officer,883.280.6488,2023-08-16,Referral,Unqualified
4668,2851,Lauren,Bush,lauren.bush@ortiz-gonzalez.com,Naval architect,+1-426-864-8808x3117,2025-01-13,Referral,Working
3542,3409,Jonathan,Ryan,jonathan.ryan@mckenzie-martin.com,Occupational hygienist,+1-820-572-1781x1877,2023-12-09,Referral,New
8060,2717,Pamela,Mcdaniel,pamela.mcdaniel@hernandez-jackson.com,"Scientist, audiological",+1-790-859-2154,2023-12-05,Ad,New
2936,1930,Hunter,Smith,hunter.smith@garcia-turner.com,Futures trader,001-819-264-2288x2253,2025-07-12,Referral,Working
340,1621,Ross,Horne,ross.horne@webbinc.com,"Designer, interior/spatial",407-648-1448,2025-07-15,Ad,Qualified
1332,3516,Darrell,Crawford,darrell.crawford@stonehopkinsandortiz.com,Visual merchandiser,744.754.9093,2025-06-27,Referral,Working
4984,1294,Charles,Wood,charles.wood@jones-adams.com,Speech and language therapist,757-967-6769,2024-04-13,Cold Call,Qualified
4357,1843,Chelsea,Olson,chelsea.olson@richardstorresandmay.com,Investment analyst,4167889886,2025-03-16,Web,New
2710,3473,Christopher,Perkins,christopher.perkins@pollardrodriguezandrobinson.com,Chief Executive Officer,001-201-695-3711x67886,2023-07-12,Referral,Working
5313,3837,Gregory,Myers,gregory.myers@glover-nguyen.com,"Chemist, analytical",+1-368-424-7534,2024-11-05,Web,Qualified
3049,3267,Andrea,Zavala,andrea.zavala@gibsonvaughanandhahn.com,Chief Financial Officer,(930)797-9555,2025-04-18,Referral,Qualified
6516,3653,Arthur,Fox,arthur.fox@whitegroup.com,Financial controller,282-729-9295x60876,2025-02-18,Web,New
452,2475,Aaron,Maxwell,aaron.maxwell@bradshaw-macdonald.com,Computer games developer,581.622.3234x42186,2025-05-24,Ad,Qualified
3740,2589,Rita,Mclaughlin,rita.mclaughlin@edwards-leon.com,Health physicist,,2023-11-14,Referral,Unqualified
4954,2718,Selena,Murphy,selena.murphy@payne-stephens.com,Cytogeneticist,851-348-0031,2025-04-19,Referral,Qualified
3743,3579,Amanda,Armstrong,amanda.armstrong@chapman-howell.com,Insurance underwriter,001-452-295-3557x6727,2025-06-13,Cold Call,New
5179,191,Teresa,Jensen,teresa.jensen@miller-bond.com,Counselling psychologist,716.415.3709x238,2025-06-20,Web,New
7342,1541,Andrew,Kelly,andrew.kelly@richardsonhamiltonandpacheco.com,Theatre manager,(476)476-2477,2024-08-24,Cold Call,Unqualified
6287,3476,Ronald,Pham,ronald.pham@gibson-butler.com,Event organiser,001-297-229-9182x185,2023-04-02,Referral,Qualified
748,3002,Kevin,Webb,kevin.webb@norris-kelly.com,Financial planner,672.591.6376x2525,2025-02-23,Cold Call,Unqualified
4820,288,Derek,Burgess,derek.burgess@lindsey-baker.com,"Scientist, clinical (histocompatibility and immunogenetics)",(242)421-4200x3360,2025-01-20,Cold Call,Unqualified
7597,1678,Elizabeth,Martin,elizabeth.martin@skinner-morales.com,"Journalist, newspaper",(346)795-7900x9255,2024-12-29,Cold Call,Qualified
7745,3686,John,Johnson,john.johnson@onealalexanderandzavala.com,"Engineer, broadcasting (operations)",442-890-3787x487,2025-06-29,Cold Call,Working
7313,2827,Kimberly,Roberts,kimberly.roberts@mejiamorrisandhill.com,Science writer,354.256.4560x622,2025-06-29,Referral,Unqualified
1567,2711,Amanda,Jimenez,amanda.jimenez@mcclure-schultz.com,Brewing technologist,3483460371,2025-06-14,Web,Unqualified
4446,1474,Dale,Green,dale.green@johnsonandsons.com,Photographer,728-906-4854x06078,2023-09-02,Web,Working
4400,3282,Gerald,Cabrera,gerald.cabrera@watkinsandsons.com,Acupuncturist,001-568-811-1820x157,2023-10-14,Cold Call,Unqualified
211,1876,Julia,Kim,julia.kim@miller-stewart.com,"Journalist, newspaper",+1-565-974-1993x045,2025-06-03,Web,New
6544,3853,Lance,Holland,lance.holland@vasquezinc.com,"Accountant, chartered certified",(539)623-8213,2023-09-27,Ad,New
7554,6,Christopher,Walls,christopher.walls@pattersonreedandthomas.com,"Teacher, secondary school",(823)404-0388,2024-03-14,Web,Unqualified
1793,1539,Kristen,Clark,kristen.clark@hill-stephens.com,Chief Marketing Officer,(340)590-0867,2024-11-12,Referral,Working
6517,1162,Mario,Mclean,mario.mclean@mooneychambersandthomas.com,"Lecturer, further education",+1-251-649-3715,2023-10-24,Referral,New
6003,3179,Patrick,Wagner,patrick.wagner@mcintoshsmithandmoreno.com,Archivist,001-720-268-8812x83435,2025-01-25,Ad,Qualified
7698,2995,Christine,Price,christine.price@hartltd.com,"Designer, fashion/clothing",001-710-598-1890x447,2025-03-05,Web,Qualified
4644,784,Theresa,Farmer,theresa.farmer@martinezgroup.com,Chartered public finance accountant,+1-332-354-0598x08126,2025-07-02,Referral,Unqualified
6428,2766,Nicole,Williams,nicole.williams@jackson-cochran.com,Patent examiner,(707)834-9551x940,2025-07-15,Web,New
5830,2376,Victor,Garcia,victor.garcia@carr-hays.com,Retail banker,(807)299-8896,2025-05-11,Web,New
2866,2249,Sara,Davila,sara.davila@garciagrimesandhunter.com,Research scientist (physical sciences),327.273.9830x36836,2025-05-05,Web,Working
2945,3070,Michael,Small,michael.small@willismcleanandaustin.com,Hydrologist,(514)406-9659x6427,2025-03-18,Cold Call,Working
7823,343,Frank,Horn,frank.horn@priceandsons.com,"Conservation officer, nature",001-342-466-0899x2217,2024-01-30,Web,New
5542,3800,John,Lawson,john.lawson@ball-bryant.com,Dispensing optician,696.582.5491,2025-05-19,Web,Working
471,725,David,Williams,david.williams@gomezbenderandsmith.com,Brewing technologist,423-867-7020x925,2024-12-29,Ad,Working
3054,3551,Peggy,Chavez,peggy.chavez@wilsonsandersandsmith.com,Museum/gallery curator,(743)448-1665x510,2024-08-19,Ad,Qualified
3417,372,Victoria,Leonard,victoria.leonard@butlerinc.com,"Lecturer, higher education",001-731-334-6854x24114,2025-01-10,Referral,Qualified
462,2723,Brooke,Tran,brooke.tran@fox-mcdaniel.com,Sports administrator,8806289354,2024-12-30,Referral,New
7619,1100,Jason,Martinez,jason.martinez@whitewrightandcoleman.com,Oncologist,+1-427-779-4179x167,2025-05-05,Cold Call,Working
4130,1326,George,Golden,george.golden@harpervelazquezandjones.com,Restaurant manager,,2023-07-13,Referral,Unqualified
5744,2829,Kevin,Byrd,kevin.byrd@alvarado-smith.com,English as a second language teacher,831.878.3034x987,2024-04-17,Referral,Working
3948,1248,David,Ruiz,david.ruiz@stephenssnyderandmurphy.com,Dramatherapist,749-687-5356,2024-07-27,Ad,New
5191,2491,Steven,Whitehead,steven.whitehead@becker-freeman.com,Video editor,001-570-232-4069x1402,2025-05-17,Web,Working
6796,638,Richard,Murphy,richard.murphy@juarezcolonandreyes.com,Leisure centre manager,543.305.0689x73759,2025-06-06,Ad,Working
2960,2053,Joseph,Cooper,joseph.cooper@santos-wang.com,Arts development officer,(657)699-0425,2025-07-01,Ad,Qualified
1075,1432,Todd,Grant,todd.grant@carpenter-wright.com,Insurance underwriter,,2025-06-13,Cold Call,Unqualified
2526,267,Todd,Saunders,todd.saunders@ballardinc.com,"Surveyor, quantity",412-817-1729x4661,2025-02-25,Ad,Unqualified
5469,65,Michael,Bernard,michael.bernard@rochawrightandsullivan.com,Mental health nurse,+1-810-856-0348x6535,2024-09-16,Referral,Unqualified
4641,292,Sara,Griffin,sara.griffin@johnsonllc.com,Media planner,299-459-9377,2025-04-12,Referral,Unqualified
5083,147,David,Rosales,david.rosales@johnsongroup.com,Educational psychologist,4658577753,2025-07-02,Referral,Unqualified
119,1535,Rachel,Harris,rachel.harris@mcclureltd.com,Clinical psychologist,434.740.9185,2025-03-14,Ad,Working
2295,2845,Sara,Ray,sara.ray@millerplc.com,"Psychologist, occupational",9186498079,2025-01-07,Web,Working
6397,651,Crystal,Vaughn,crystal.vaughn@kelleyhudsonandwallace.com,Dentist,+1-579-213-7244x217,2023-01-28,Referral,Working
6292,3894,Jean,Collins,jean.collins@thompsonhowellandwaters.com,Building control surveyor,350-552-8940,2023-12-31,Ad,Unqualified
3418,372,Stephen,Vega,stephen.vega@butlerinc.com,Patent examiner,+1-813-521-2147x88238,2025-01-01,Cold Call,Qualified
2924,215,Kyle,Manning,kyle.manning@fernandez-french.com,"Therapist, sports",(599)877-1742,2025-03-06,Cold Call,Qualified
4753,2809,Monica,Benson,monica.benson@laragroup.com,"Engineer, manufacturing",+1-883-315-1141x2690,2025-04-11,Web,New
4589,3580,Bruce,Shaw,bruce.shaw@parkergarciaandrussell.com,Clinical cytogeneticist,(760)683-9532x3516,2025-03-11,Referral,Working
2740,3767,Mitchell,Brown,mitchell.brown@woodandsons.com,Customer service manager,295.973.0369x648,2025-05-09,Cold Call,Working
3807,2386,William,Kidd,william.kidd@morenojohnsonandvasquez.com,Trade union research officer,001-647-252-1025x6236,2023-07-29,Web,Qualified
3956,2275,Sarah,Fischer,sarah.fischer@johnson-spencer.com,Recycling officer,737-224-6510x017,2025-04-30,Cold Call,Working
4053,2600,Kathy,Lara,kathy.lara@reedsmithandlee.com,Food technologist,+1-752-382-7053x75340,2024-09-06,Ad,Unqualified
7769,1889,David,Cook,david.cook@snyderplc.com,Ergonomist,(889)992-3470,2025-03-17,Ad,New
717,1050,Susan,Long,susan.long@owen-haynes.com,Commercial horticulturist,001-294-589-3387x6950,2023-12-18,Web,Working
4856,3729,Michael,White,michael.white@carrinc.com,Regulatory affairs officer,7072762672,2025-06-09,Ad,Qualified
7350,1335,Aaron,Reeves,aaron.reeves@moore-larson.com,Camera operator,882-594-2593x283,2024-10-13,Web,New
876,2533,Kelly,Price,kelly.price@fernandez-shaw.com,Tourist information centre manager,851.470.0009x94726,2024-03-12,Referral,New
1013,1165,Jessica,Reyes,jessica.reyes@wolfleeandhanson.com,Artist,403.934.8571x29998,2024-09-10,Cold Call,New
7347,2117,Brooke,Myers,brooke.myers@higginsplc.com,Broadcast presenter,243.541.5664,2022-11-09,Web,New
4880,454,Scott,Terrell,scott.terrell@allenryanandallen.com,"Engineer, maintenance",001-669-471-8346x809,2025-05-24,Web,Working
7222,1831,Veronica,Heath,veronica.heath@tateandsons.com,Games developer,994-849-9904x879,2024-08-27,Ad,Working
2305,2658,Stephen,Hayden,stephen.hayden@smithwilkinsandgonzalez.com,Agricultural consultant,,2024-10-29,Web,Working
3172,931,George,Rodriguez,george.rodriguez@turnerlopezandfowler.com,Occupational hygienist,952.392.5186x829,2025-07-06,Cold Call,New
960,94,Debbie,Kennedy,debbie.kennedy@kirby-powell.com,Systems analyst,983.633.4608,2025-04-13,Referral,Unqualified
3797,3668,John,Carney,john.carney@brown-vargas.com,Health visitor,,2025-04-02,Cold Call,New
4407,3036,David,Lawson,david.lawson@watsonllc.com,Wellsite geologist,(640)629-3242,2025-04-24,Ad,Qualified
2490,528,Deborah,Sims,deborah.sims@tate-sullivan.com,Insurance account manager,298.510.3401x7378,2025-02-27,Cold Call,Unqualified
3791,391,Danny,Miranda,danny.miranda@hudson-edwards.com,"Scientist, product/process development",001-935-657-8524x53793,2025-01-25,Referral,New
4879,946,Bobby,Foster,bobby.foster@huertaplc.com,Ergonomist,877-393-4340x78735,2025-03-27,Referral,Working
1246,2678,Debra,Robertson,debra.robertson@davidsonhuntandcollier.com,"Engineer, building services",315-852-6134x10162,2025-07-15,Ad,New
7794,256,Deborah,Owen,deborah.owen@pierceedwardsandlee.com,"Conservation officer, nature",,2025-04-20,Referral,Unqualified
2090,2220,Michelle,Smith,michelle.smith@blanchard-perez.com,Games developer,(277)226-2412,2025-04-18,Cold Call,Unqualified
1875,2752,Elizabeth,Nichols,elizabeth.nichols@johnsonswansonandowens.com,Radio producer,(358)477-2037x57516,2025-01-17,Ad,Qualified
4480,490,Aaron,Atkins,aaron.atkins@smithltd.com,Ophthalmologist,801-508-2511x6644,2025-03-20,Web,Working
357,2825,Robert,Allen,robert.allen@garciaandsons.com,Fashion designer,+1-351-617-7795x33249,2025-03-22,Web,Unqualified
1972,3547,Laura,Martin,laura.martin@anthonybrownandsimpson.com,Higher education careers adviser,,2023-11-10,Referral,Unqualified
6959,3525,Alicia,Phillips,alicia.phillips@miles-schultz.com,Sales promotion account executive,+1-397-427-8661x5175,2025-03-20,Referral,New
2276,738,James,Hopkins,james.hopkins@sanfordllc.com,Bookseller,(721)307-7584,2024-05-21,Cold Call,Qualified
6130,705,Douglas,Norris,douglas.norris@dennissullivanandstout.com,Health physicist,,2024-12-16,Ad,New
1587,2232,Brett,Luna,brett.luna@walls-roberts.com,"Designer, ceramics/pottery",+1-423-263-1930,2025-06-14,Ad,Qualified
7943,1514,Brianna,Walker,brianna.walker@linllc.com,Planning and development surveyor,001-548-775-4825x674,2023-04-04,Web,Qualified
1939,841,Daniel,Bell,daniel.bell@andersongroup.com,"Clinical scientist, histocompatibility and immunogenetics",+1-320-914-0146x511,2023-11-09,Cold Call,Working
7182,3207,Paul,Young,paul.young@rhodesmunozanddrake.com,Sport and exercise psychologist,945-520-8275,2025-06-10,Ad,New
6345,3051,Diane,Taylor,diane.taylor@robersonllc.com,Control and instrumentation engineer,633.434.3476x11441,2025-07-16,Web,Working
8020,568,Courtney,Dorsey,courtney.dorsey@fulleronealandedwards.com,Call centre manager,(296)336-5628,2025-01-01,Cold Call,Unqualified
5233,578,Jonathan,Brooks,jonathan.brooks@rogersriveraandshaw.com,Immigration officer,+1-659-941-9658x127,2025-04-14,Cold Call,Qualified
3383,2178,Mary,King,mary.king@jones-hart.com,Best boy,001-804-277-6776x7794,2025-06-16,Referral,Working
6827,3780,Stephanie,Carter,stephanie.carter@wilsonrobertsandmarshall.com,International aid/development worker,413-399-4747,2024-10-03,Referral,Unqualified
1785,3362,Robert,Bradley,robert.bradley@williamsltd.com,"Clinical scientist, histocompatibility and immunogenetics",362.703.9456,2025-07-07,Referral,New
142,2067,Brian,Martinez,brian.martinez@stanton-stone.com,Field seismologist,2819448919,2025-06-25,Referral,Unqualified
4618,1992,Amanda,Mcdonald,amanda.mcdonald@marquezparkerandwilson.com,"Conservation officer, nature",287-583-3264,2025-04-28,Cold Call,New
3270,2176,Julia,Dennis,julia.dennis@barberphillipsandgriffin.com,Health and safety inspector,(276)555-5663x927,2025-03-21,Cold Call,Qualified
327,1485,David,Palmer,david.palmer@rodriguezplc.com,Airline pilot,542-814-9832x492,2024-09-18,Ad,New
2592,3808,Taylor,Marsh,taylor.marsh@perkinsgroup.com,"Teacher, primary school",932-707-8590x40056,2024-12-24,Web,Qualified
1966,3717,Robert,Lee,robert.lee@lynch-haynes.com,Mining engineer,293.502.7618x9218,2024-12-19,Cold Call,Unqualified
1093,2509,Stephanie,Clark,stephanie.clark@robertswhiteandtorres.com,Environmental manager,618.353.1740x7712,2025-06-28,Web,Working
1057,2794,Nancy,Scott,nancy.scott@fisher-campbell.com,Occupational hygienist,864.431.6409x48727,2025-02-10,Web,Qualified
5750,3744,Anthony,Wilson,anthony.wilson@hutchinsoninc.com,Customer service manager,679-441-0858x05885,2024-12-07,Web,Working
1604,393,Brittany,Miller,brittany.miller@campbell-lee.com,Commercial horticulturist,631-683-9041,2024-06-13,Ad,Unqualified
6108,2865,Jason,Powell,jason.powell@wrightfrancoandgarcia.com,Warden/ranger,+1-446-665-1304x51957,2024-12-14,Referral,Qualified
6775,3781,Timothy,Fletcher,timothy.fletcher@foxrodriguezandrussell.com,Civil Service fast streamer,729-421-4749x00062,2025-03-23,Referral,Qualified
4448,1474,Michael,Reid,michael.reid@johnsonandsons.com,Optometrist,651-205-6500,2024-08-08,Referral,Working
3671,2719,Stephen,Hansen,stephen.hansen@gilbert-curry.com,"Scientist, research (maths)",+1-594-540-4509x0483,2025-01-27,Referral,New
2835,2295,Amanda,Dixon,amanda.dixon@crawfordandsons.com,Naval architect,669.455.4419x92509,2025-06-13,Web,Qualified
6018,3077,Tammy,Williams,tammy.williams@huynhandsons.com,Ranger/warden,(696)891-9388,2024-06-10,Referral,Qualified
7328,1202,Cheryl,Hughes,cheryl.hughes@ramosllc.com,Counselling psychologist,730.481.0749x446,2025-01-30,Referral,New
4402,3282,Alvin,Simpson,alvin.simpson@watkinsandsons.com,"Chemist, analytical",518-963-0382x870,2024-10-26,Ad,Working
1374,2481,Kimberly,Greene,kimberly.greene@mosscopelandandmorrow.com,Warehouse manager,760-518-6505x1040,2025-04-09,Ad,New
63,2819,Sarah,Barnes,sarah.barnes@taylorplc.com,Politician's assistant,834-420-1853x28842,2024-04-26,Cold Call,Unqualified
6166,2429,Stephen,Graves,stephen.graves@serranojenkinsandschneider.com,Purchasing manager,(786)995-2013x674,2025-04-24,Referral,Qualified
4441,2096,Maria,Harris,maria.harris@doughertyinc.com,Fashion designer,371.445.5739,2023-11-30,Cold Call,Qualified
3250,2212,John,Evans,john.evans@powelllivingstonandgarcia.com,Dentist,001-917-902-4511x40454,2025-07-06,Cold Call,New
6386,972,Jacob,Mathews,jacob.mathews@larson-lucas.com,Higher education lecturer,3556297234,2024-12-18,Ad,Unqualified
3481,1819,Jorge,Lucas,jorge.lucas@henryltd.com,Seismic interpreter,536-599-2780,2025-02-15,Web,Working
6852,2392,Bridget,Patrick,bridget.patrick@mooregroup.com,Commercial/residential surveyor,227.693.0959x292,2024-11-23,Referral,Working
6442,3192,April,Rogers,april.rogers@jarvis-wall.com,Visual merchandiser,991-871-5962,2025-05-07,Ad,Unqualified
6677,3162,Kelly,Davis,kelly.davis@garcia-hughes.com,Immunologist,+1-569-979-4116x792,2024-08-21,Cold Call,New
1166,1933,Kristina,Willis,kristina.willis@allengarciaandwilliams.com,"Surveyor, building control",,2024-09-17,Cold Call,Working
5829,2930,Michelle,Richards,michelle.richards@woodardharrisandward.com,Transport planner,+1-299-626-5876x2300,2024-09-20,Web,Qualified
1124,3562,Julia,King,julia.king@smithwilsonandsilva.com,Air broker,8913806014,2025-07-17,Ad,Working
7622,1684,Jamie,Sellers,jamie.sellers@youngwhitakerandmorgan.com,Electrical engineer,(661)759-4626,2025-04-10,Referral,Working
4276,466,Kimberly,Higgins,kimberly.higgins@reillyrodriguezandmcdonald.com,Trade mark attorney,001-205-848-6509x4964,2025-03-02,Web,Unqualified
1345,1463,Renee,Campos,renee.campos@powersllc.com,Holiday representative,323.521.4347x33725,2025-07-14,Referral,Qualified
159,3029,Michael,Thompson,michael.thompson@simpsongroup.com,"Psychologist, occupational",(921)517-3736x11541,2024-11-23,Referral,New
1805,2293,Janet,Hubbard,janet.hubbard@lee-martinez.com,"Psychologist, clinical",899.485.3905x7425,2025-06-08,Referral,Working
7165,836,Gary,Walter,gary.walter@montoyarosalesandwilliams.com,Advertising copywriter,001-258-287-5027x80224,2025-02-14,Web,Working
2113,2461,Nicole,James,nicole.james@mooreinc.com,Radiation protection practitioner,897-972-5908,2024-09-21,Referral,Unqualified
594,2487,Teresa,Solis,teresa.solis@mcclurewrightandjennings.com,"Teacher, secondary school",(842)953-6266,2025-06-11,Cold Call,Unqualified
1615,2044,Lisa,Branch,lisa.branch@parkergroup.com,Accounting technician,995.560.1996,2025-04-12,Web,Unqualified
2955,1906,Angela,Nelson,angela.nelson@hugheslunaandgutierrez.com,Trading standards officer,,2024-11-09,Ad,Working
5605,342,Allison,Rose,allison.rose@weaverbaldwinandwagner.com,"Scientist, water quality",230.641.9186x918,2023-11-05,Ad,Unqualified
6668,1910,John,Mitchell,john.mitchell@smithwoodandjenkins.com,Commercial horticulturist,001-222-912-4359x6486,2025-02-09,Web,Unqualified
7633,2255,Melissa,Giles,melissa.giles@khaninc.com,Travel agency manager,813-333-5393,2025-04-08,Cold Call,Working
890,531,Melissa,Hunt,melissa.hunt@garcia-moore.com,Ecologist,(689)328-9219x76632,2025-05-13,Ad,Working
7287,3795,Joshua,Mayo,joshua.mayo@millerhallandfitzgerald.com,Emergency planning/management officer,569-806-1066x562,2024-08-27,Referral,New
1184,923,Marvin,Duke,marvin.duke@johnson-harrington.com,Information officer,443.672.7655x744,2024-05-07,Ad,Qualified
2264,3797,Nathan,Wright,nathan.wright@mercerwoodandodom.com,Police officer,916-642-9069x53403,2024-08-21,Ad,Working
1485,472,Jeremy,Hicks,jeremy.hicks@boltonplc.com,Psychotherapist,001-412-702-2420,2024-12-07,Referral,Working
818,1163,Mary,Lopez,mary.lopez@rodriguezsmithandconrad.com,Lexicographer,698-342-6356x027,2023-10-21,Cold Call,New
6362,428,Colleen,Moreno,colleen.moreno@boltonplc.com,Higher education lecturer,+1-396-916-1641x588,2024-12-15,Ad,Working
2427,2428,James,Ibarra,james.ibarra@delgadoperezandbrooks.com,"Investment banker, operational",559.887.1696,2025-01-29,Cold Call,Qualified
3515,196,Timothy,Rodriguez,timothy.rodriguez@moody-mcbride.com,Public relations officer,575-347-6745,2025-05-17,Web,Qualified
4576,963,Jason,Wu,jason.wu@martinezmatthewsandarmstrong.com,Newspaper journalist,(870)254-4410,2024-05-21,Web,Qualified
3176,3168,Steven,Choi,steven.choi@hendricksltd.com,"Radiographer, therapeutic",+1-241-733-3086x743,2025-01-31,Ad,New
7796,3496,Jesus,Shelton,jesus.shelton@alvarezgonzalezandrichardson.com,Heritage manager,+1-580-583-3920x91314,2024-08-28,Cold Call,New
2131,3167,Bobby,Harris,bobby.harris@richardsonltd.com,"Presenter, broadcasting",(282)819-6046x88611,2024-03-15,Ad,New
2571,996,Jennifer,Knapp,jennifer.knapp@scott-wilkins.com,Quarry manager,+1-594-995-2227,2025-07-10,Cold Call,Unqualified
3548,2372,Ann,Franklin,ann.franklin@vaughanllc.com,Public affairs consultant,896-985-0036x114,2022-12-10,Web,Working
2830,2162,Gerald,Hughes,gerald.hughes@jenkinsandsons.com,Medical laboratory scientific officer,2898714539,2025-02-10,Ad,New
3971,3566,Leslie,Vasquez,leslie.vasquez@jonesltd.com,Freight forwarder,+1-770-695-0832x689,2024-06-05,Cold Call,Working
4082,1148,Karen,Gonzalez,karen.gonzalez@perez-thompson.com,"Radiographer, diagnostic",270-614-8707,2025-04-04,Web,Unqualified
5184,868,Colleen,Johnson,colleen.johnson@ellis-gonzalez.com,Cartographer,(271)771-8130x1726,2025-01-19,Referral,New
3457,3878,Alexandra,Dorsey,alexandra.dorsey@mckinney-young.com,Research scientist (medical),(398)548-9897,2025-07-12,Web,New
1653,1584,Cynthia,Warren,cynthia.warren@davis-green.com,"Therapist, nutritional",414-580-8130x714,2023-10-24,Cold Call,New
5845,937,Andrew,Mcgrath,andrew.mcgrath@bennettharveyandschmidt.com,Contracting civil engineer,(437)666-9585x1272,2025-04-23,Web,Unqualified
4447,1474,Madeline,Parker,madeline.parker@johnsonandsons.com,"Presenter, broadcasting",539-541-9927x37659,2024-10-05,Referral,Working
6961,3448,Jeffrey,Wu,jeffrey.wu@henryandsons.com,Banker,(365)897-5319,2025-03-29,Web,Unqualified
5412,2738,Jessica,Garcia,jessica.garcia@barajas-mcguire.com,"Surveyor, mining",618.760.0807,2024-11-11,Web,Qualified
5301,514,Karen,Armstrong,karen.armstrong@luna-collier.com,Toxicologist,001-900-837-0660x565,2024-09-07,Ad,Qualified
5010,629,Kelsey,Poole,kelsey.poole@diaz-roach.com,"Psychologist, counselling",353.497.2292x970,2023-05-13,Cold Call,Qualified
3265,3468,Shannon,Woodward,shannon.woodward@bradford-james.com,"Journalist, magazine",001-854-533-7466x827,2025-07-02,Web,New
8051,3030,Laura,Kirby,laura.kirby@lanedouglasandmclean.com,Chartered loss adjuster,928-559-1461,2024-02-11,Referral,Unqualified
4684,2695,Gregory,Klein,gregory.klein@goldenjamesandhenry.com,Industrial/product designer,701.512.2882x22030,2024-02-13,Referral,Working
5306,1071,Karen,Cole,karen.cole@savage-fisher.com,Web designer,476.755.7574,2024-08-07,Web,New
6681,620,Spencer,Wilkinson,spencer.wilkinson@walkernormanandsnyder.com,Illustrator,878-960-4620x46852,2025-02-05,Cold Call,Unqualified
5937,3707,Andrea,Mayer,andrea.mayer@rodriguez-cortez.com,"Engineer, drilling",001-339-765-4706,2025-04-08,Ad,New
2346,2504,Jill,Hays,jill.hays@gillgroup.com,"Teacher, adult education",544-301-7789,2025-07-11,Web,Unqualified
3866,3937,Alison,Garcia,alison.garcia@lynchgroup.com,Soil scientist,001-799-310-4139x79977,2023-09-26,Ad,Working
7963,2019,Stephanie,Gonzalez,stephanie.gonzalez@edwardsgroup.com,"Engineer, communications",(546)436-5068x271,2024-08-19,Ad,Working
4295,2575,Vicki,Myers,vicki.myers@fisher-bennett.com,Computer games developer,001-451-441-8356x543,2025-03-30,Ad,Qualified
3199,3111,Emily,Parker,emily.parker@youngllc.com,Broadcast journalist,(447)441-2685x524,2024-01-23,Cold Call,Qualified
2156,3158,Elizabeth,Graham,elizabeth.graham@tuckerinc.com,"Therapist, speech and language",420-418-7222x7068,2025-04-08,Web,New
162,2312,Steven,Mcclain,steven.mcclain@herrera-freeman.com,"Therapist, speech and language",304-667-3211x04403,2025-02-09,Referral,Unqualified
6087,3786,Zachary,Whitehead,zachary.whitehead@murphyolsenandwalter.com,"Engineer, civil (contracting)",001-259-919-8165x702,2025-01-27,Ad,Working
1608,2416,Sara,Munoz,sara.munoz@hicks-brown.com,"Clinical scientist, histocompatibility and immunogenetics",001-780-596-4421x96307,2025-03-08,Web,Unqualified
1910,2046,Mary,Wells,mary.wells@robertsonjosephandblake.com,Sports coach,906.242.7898x6656,2024-11-24,Cold Call,New
7990,2626,Richard,Jones,richard.jones@kennedy-miller.com,Hydrogeologist,8867363301,2025-07-17,Ad,Working
5727,435,Leslie,James,leslie.james@garciabrownandkaiser.com,"Surveyor, building control",444.414.7587x9376,2023-04-17,Cold Call,Working
7063,2120,James,Thompson,james.thompson@boyd-woods.com,Psychotherapist,727-941-8826,2025-06-10,Referral,Working
1373,2481,Francis,Hobbs,francis.hobbs@mosscopelandandmorrow.com,"Biochemist, clinical",(863)616-9467,2025-06-08,Cold Call,Unqualified
4740,1469,Ashley,Taylor,ashley.taylor@munozwellsandkent.com,Fish farm manager,324-625-2166x064,2025-04-08,Referral,Unqualified
3905,1900,Amy,Gibson,amy.gibson@gardner-barnett.com,Freight forwarder,+1-664-921-3481x2226,2024-08-30,Web,Qualified
6121,3807,Steven,Osborne,steven.osborne@estrada-elliott.com,"Engineer, energy",201.318.3383x00559,2024-03-08,Ad,Unqualified
4816,3989,Reginald,Barnett,reginald.barnett@greeninc.com,"Teacher, English as a foreign language",838.824.4562x676,2025-06-23,Web,Qualified
7892,3820,Bonnie,Walsh,bonnie.walsh@laminc.com,Insurance broker,,2024-04-14,Ad,Qualified
5731,478,Pamela,Hoffman,pamela.hoffman@smith-martin.com,English as a second language teacher,+1-397-219-0181,2025-05-09,Web,Working
5244,2424,Michele,Mitchell,michele.mitchell@olson-hill.com,Field seismologist,268-725-9753x620,2022-11-10,Web,Unqualified
565,2088,David,Brown,david.brown@mejia-carter.com,"Designer, blown glass/stained glass",219.952.4546,2025-01-08,Cold Call,Unqualified
1213,3266,David,Shelton,david.shelton@anderson-daniel.com,"Development worker, community",265-503-2006x6752,2024-10-10,Cold Call,New
2252,1220,Kenneth,Edwards,kenneth.edwards@grayfriedmanandstuart.com,"Buyer, retail",001-777-793-6296x9636,2023-09-12,Cold Call,New
4585,243,Susan,Horton,susan.horton@ericksonbaileyandshannon.com,Landscape architect,001-994-673-0516x503,2025-06-09,Web,Unqualified
2103,2265,Keith,Brown,keith.brown@martinez-myers.com,Archivist,+1-604-466-1752x103,2025-06-16,Referral,New
6135,1158,Kristen,Wilson,kristen.wilson@hernandezgroup.com,"Development worker, international aid",+1-787-979-2256x99650,2024-03-29,Web,New
2549,3323,Aaron,Oconnell,aaron.oconnell@thomasgroup.com,"Pharmacist, hospital",(939)949-9342x11160,2025-05-25,Web,Unqualified
678,3613,Donna,Hoover,donna.hoover@warnerllc.com,"Designer, textile",953-825-1040,2023-11-08,Cold Call,Qualified
4380,1882,Jacob,Lewis,jacob.lewis@simpsonandsons.com,Dietitian,425-721-4915,2025-05-31,Referral,New
5322,220,Lisa,Schneider,lisa.schneider@mooreplc.com,Garment/textile technologist,438-352-3186,2024-06-10,Web,Qualified
7561,3545,Jill,Ayala,jill.ayala@dennisandsons.com,Theme park manager,001-929-775-0055x95625,2023-04-22,Cold Call,New
3244,3598,Shari,Townsend,shari.townsend@brownestesandrodriguez.com,"Therapist, speech and language",973-877-6331x617,2023-07-01,Web,New
4919,1276,James,Kelley,james.kelley@west-coleman.com,Economist,(686)419-1234x43282,2025-02-11,Referral,Unqualified
2742,245,Marcus,Russell,marcus.russell@dunn-williams.com,Magazine journalist,+1-598-890-5769x49213,2024-06-29,Cold Call,Qualified
1505,2850,Christina,Ruiz,christina.ruiz@wangsmithandharris.com,Advertising copywriter,,2025-04-05,Ad,New
2179,1750,William,Martinez,william.martinez@aguilarwallandrodriguez.com,Tax inspector,(218)782-3376x964,2025-04-30,Ad,New
663,3965,Kevin,Thompson,kevin.thompson@woodsalvaradoandrobertson.com,"Sound technician, broadcasting/film/video",738-769-5888x926,2025-06-18,Web,Working
3817,3564,Mark,Simpson,mark.simpson@weaverltd.com,Warden/ranger,(613)319-7840x6754,2025-01-05,Referral,New
4464,2693,Krystal,Knight,krystal.knight@ryanandsons.com,Adult guidance worker,001-937-522-6887x205,2025-07-15,Web,New
7339,2371,Carol,Murphy,carol.murphy@suarez-parker.com,Social worker,837-434-6694,2024-08-08,Web,Working
6304,586,Linda,Dalton,linda.dalton@moraninc.com,Broadcast presenter,498.347.6004x93738,2025-01-01,Referral,Unqualified
5267,935,Edward,Foster,edward.foster@proctorllc.com,Recruitment consultant,(840)459-3870x0930,2025-07-03,Cold Call,Qualified
4434,3509,Eugene,Atkins,eugene.atkins@thomashowardanddavis.com,Seismic interpreter,398.574.8401x0383,2023-04-20,Ad,New
2387,3508,Sherry,Gates,sherry.gates@moralesgroup.com,"Designer, ceramics/pottery",760-934-7717x8424,2024-08-25,Referral,Working
7547,968,Joseph,Smith,joseph.smith@gomezinc.com,"Teacher, primary school",001-582-249-5844x21867,2023-06-13,Ad,Working
503,2040,Morgan,Fernandez,morgan.fernandez@cooleyplc.com,Computer games developer,+1-504-439-8131,2025-05-09,Ad,Unqualified
6143,218,Jasmine,Keith,jasmine.keith@moorehardingandgarcia.com,Chief Operating Officer,(963)787-9750x434,2023-04-24,Ad,Qualified
7452,282,Megan,Turner,megan.turner@washingtonllc.com,"Accountant, chartered certified",+1-754-749-0667x113,2024-12-08,Ad,New
4339,1759,Zachary,Suarez,zachary.suarez@mullins-caldwell.com,Building surveyor,,2025-07-04,Cold Call,New
1018,2643,Mary,Doyle,mary.doyle@shortcalderonandjohnson.com,Haematologist,+1-565-846-5204x51748,2025-05-11,Referral,Unqualified
2017,757,Nicholas,Hill,nicholas.hill@reyes-perez.com,"Engineer, petroleum",397-870-5049x023,2025-03-11,Web,New
1512,3670,Brianna,Townsend,brianna.townsend@kirkplc.com,Curator,480-667-8029x793,2023-06-30,Cold Call,Unqualified
4300,2426,David,Baldwin,david.baldwin@holmesmitchellanddudley.com,"Designer, fashion/clothing",001-631-382-8625x85000,2024-12-16,Referral,New
3127,2250,Madison,Simmons,madison.simmons@dicksoneverettandmendoza.com,"Teacher, adult education",(955)531-3053,2024-09-03,Cold Call,Working
3142,3718,Alexander,Juarez,alexander.juarez@barreraplc.com,Estate manager/land agent,(206)835-4889x6998,2025-03-23,Web,Qualified
1390,332,Laura,Graham,laura.graham@chapman-evans.com,Management consultant,001-792-466-2382x620,2024-05-26,Web,Unqualified
668,3933,Robert,Rogers,robert.rogers@hallllc.com,Chief Financial Officer,(984)709-7871,2023-06-01,Cold Call,Unqualified
2939,3646,Lance,Zimmerman,lance.zimmerman@olsonllc.com,Manufacturing engineer,001-907-297-3104,2025-07-15,Cold Call,New
2912,460,William,Lewis,william.lewis@mcconnellinc.com,"Engineer, water",(479)582-6641,2024-09-15,Referral,Working
6422,3478,Dylan,Flowers,dylan.flowers@myers-hall.com,"Engineer, drilling",652.784.6272,2024-03-26,Cold Call,Qualified
1202,1777,Nicole,Hodge,nicole.hodge@phillips-campbell.com,Insurance account manager,(809)603-6830,2025-02-13,Cold Call,Qualified
4076,806,Sarah,Williams,sarah.williams@booth-lozano.com,Pensions consultant,001-291-566-3652,2025-07-18,Referral,Unqualified
5454,2981,Ryan,Miller,ryan.miller@greengroup.com,Advertising art director,9148736273,2024-03-26,Ad,Unqualified
253,3317,Joshua,Le,joshua.le@williamsferrellandtaylor.com,Automotive engineer,354.385.2103,2023-03-31,Cold Call,Working
1262,3836,Elizabeth,Sullivan,elizabeth.sullivan@combs-gay.com,Location manager,001-527-392-7968x8030,2025-02-02,Web,Unqualified
1422,2780,Cynthia,Huffman,cynthia.huffman@duncan-gonzalez.com,Health and safety adviser,3468376139,2024-07-20,Web,Working
4940,1281,Tiffany,Adams,tiffany.adams@hartplc.com,Furniture designer,001-853-628-7227x503,2024-02-16,Web,Working
2993,984,Natalie,Mckenzie,natalie.mckenzie@huntermoyerandhowe.com,Lexicographer,463.502.2746x592,2025-06-20,Web,Working
4245,1505,Brian,Marshall,brian.marshall@stuart-howard.com,Audiological scientist,,2023-11-29,Referral,Qualified
1750,711,April,Rivera,april.rivera@pattersonllc.com,Technical author,345.608.9402x0146,2024-12-19,Cold Call,Working
2087,2756,Angelica,White,angelica.white@sosaburnsandatkinson.com,"Therapist, nutritional",,2025-07-09,Web,Qualified
1738,1193,Kara,Hull,kara.hull@webbinc.com,"Optician, dispensing",,2024-10-11,Referral,Qualified
6148,1799,Tara,Johnson,tara.johnson@harrisonllc.com,Bookseller,426-611-8205x2900,2025-06-14,Referral,Unqualified
7352,3612,Patrick,Mclean,patrick.mclean@barrerafigueroaandmitchell.com,"Designer, graphic",696.799.4378,2025-06-15,Referral,Unqualified
6366,3531,Stephanie,Campbell,stephanie.campbell@montoyahaneyandpena.com,Economist,+1-781-855-8400x273,2025-05-28,Referral,Unqualified
4928,2427,Curtis,Howell,curtis.howell@watson-ramirez.com,Interpreter,(856)708-7087x65160,2025-05-09,Ad,Unqualified
2706,825,Joseph,Martinez,joseph.martinez@marshallwebbandstevens.com,Industrial buyer,(632)615-2140,2025-06-18,Cold Call,Qualified
3014,1267,Amanda,Hill,amanda.hill@thomasmartinezandreyes.com,Diplomatic Services operational officer,001-322-681-7433x055,2025-07-01,Cold Call,New
5933,1680,Michael,Ryan,michael.ryan@rodriguezoconnellandwheeler.com,Chief Operating Officer,(732)869-4430x25130,2025-07-06,Referral,Qualified
734,561,Sarah,Davis,sarah.davis@ramosmurrayandhuynh.com,Pensions consultant,,2025-01-08,Referral,Unqualified
1627,3416,Duane,Alvarez,duane.alvarez@lopezcarpenterandmiddleton.com,Private music teacher,931-629-3111,2024-01-12,Web,Unqualified
5990,2892,Tiffany,Hicks,tiffany.hicks@barry-ruiz.com,"Programmer, multimedia",+1-695-824-5267x2341,2023-11-14,Referral,Working
7232,253,Kimberly,Sherman,kimberly.sherman@lee-george.com,Scientific laboratory technician,571-682-1954,2023-06-22,Web,New
3230,2603,Stephen,Jacobson,stephen.jacobson@parrish-burns.com,Corporate treasurer,6925886130,2024-11-29,Cold Call,Qualified
2512,755,Billy,Williams,billy.williams@mcclain-campbell.com,Building surveyor,213.822.2748,2024-02-20,Web,Unqualified
4396,1749,Virginia,Reed,virginia.reed@morenodunnandtaylor.com,Environmental education officer,001-951-237-1040x8194,2023-07-12,Ad,Unqualified
1228,2729,John,Clark,john.clark@garnerandsons.com,Armed forces training and education officer,001-272-726-5480x01104,2025-02-25,Ad,Qualified
6919,873,Michael,Smith,michael.smith@patterson-ellis.com,"Programmer, systems",926.960.9716x9561,2025-04-15,Ad,Unqualified
517,3081,Jeffrey,Owens,jeffrey.owens@paynebrownandcurtis.com,"Scientist, research (physical sciences)",001-265-645-0313x797,2023-12-09,Cold Call,Qualified
3506,3231,Ashley,Wright,ashley.wright@hawkinsmayandmiller.com,General practice doctor,8718330772,2023-11-18,Ad,Qualified
4909,3475,Cody,Howell,cody.howell@edwardsstephensonandjackson.com,Records manager,001-287-220-7857,2024-05-18,Ad,Unqualified
5635,3102,Alexis,Smith,alexis.smith@herringlongandbyrd.com,Personal assistant,487.307.8996x3746,2024-11-04,Referral,Qualified
2773,2545,Carlos,Ryan,carlos.ryan@bradleyllc.com,Exercise physiologist,+1-979-786-5340,2024-10-31,Referral,New
789,616,Wesley,Brown,wesley.brown@martinezbarnesandmontes.com,Public relations officer,618-344-3752x5619,2024-02-23,Referral,Working
6266,3750,Sharon,Conley,sharon.conley@crawfordpageandochoa.com,Special effects artist,+1-924-405-7160,2024-05-12,Web,New
2104,1645,Jose,Schaefer,jose.schaefer@reedwatersandcarlson.com,Cabin crew,549-673-4491x2426,2025-07-11,Ad,Unqualified
4953,1053,Jessica,Walters,jessica.walters@boyeradamsandfitzgerald.com,Higher education careers adviser,395.388.3877x673,2024-03-10,Cold Call,Unqualified
4785,3578,Michael,Washington,michael.washington@velazquezltd.com,"Librarian, public",997.926.4682x3357,2024-09-12,Ad,Qualified
6227,1580,Michael,Davis,michael.davis@smithltd.com,Television production assistant,(749)729-1226x8443,2024-12-29,Referral,New
7221,1831,Theresa,Clark,theresa.clark@tateandsons.com,Dance movement psychotherapist,988.245.5919x51680,2024-08-30,Referral,Working
7381,2254,Nicole,Brown,nicole.brown@norton-woodard.com,Public relations account executive,441.298.5072,2024-10-27,Ad,New
913,2680,Samantha,Clay,samantha.clay@ramosllc.com,"Teacher, secondary school",492.514.8665,2022-12-21,Referral,Qualified
6276,3313,Kevin,Arellano,kevin.arellano@smith-rodriguez.com,Environmental manager,347.863.9500,2024-03-28,Ad,Qualified
656,2194,Cheryl,Little,cheryl.little@richardson-roman.com,Geophysical data processor,+1-572-834-4586x88666,2023-12-24,Ad,Working
2593,2373,Jamie,Griffith,jamie.griffith@salasmooreanddavis.com,Textile designer,277-869-9311,2025-05-24,Referral,New
4734,956,Scott,Allen,scott.allen@kaufmangroup.com,Sub,(965)295-1426x034,2023-02-26,Ad,New
331,1942,Brian,Harris,brian.harris@fullergreeneanddouglas.com,"Designer, furniture",319-316-6044x083,2024-02-04,Ad,New
7718,462,Robin,Copeland,robin.copeland@powellsullivanandweaver.com,"Engineer, drilling",(939)549-4446x4398,2024-08-24,Referral,New
6972,1973,Erin,Martin,erin.martin@berger-gonzalez.com,Product manager,289.736.0250x489,2024-07-18,Referral,Unqualified
3157,1691,Kevin,Pennington,kevin.pennington@sanchezobrienandanderson.com,"Lecturer, higher education",706-328-6697,2023-09-07,Web,Unqualified
7809,2149,Shannon,Snyder,shannon.snyder@walters-rodriguez.com,Barista,001-798-326-9728x290,2025-02-13,Referral,Unqualified
677,3814,Jason,Johnson,jason.johnson@sampsoninc.com,"Geologist, engineering",(701)396-2842x83003,2023-09-13,Referral,New
1241,11,Heather,Cabrera,heather.cabrera@greenalvarezandrivera.com,"Research officer, political party",001-799-391-5985,2025-06-28,Cold Call,New
4758,569,Sharon,Daniels,sharon.daniels@larsonltd.com,Sports coach,001-723-487-4377x5719,2025-04-28,Web,Working
5143,731,Karen,Johnson,karen.johnson@scottwilliamsandlogan.com,"Teacher, secondary school",214-916-4745x7056,2023-11-14,Cold Call,New
4115,2538,Seth,Cohen,seth.cohen@smithandsons.com,Electrical engineer,(364)590-2880x8342,2024-12-30,Cold Call,Unqualified
4025,2109,Antonio,Hamilton,antonio.hamilton@careyinc.com,Interpreter,800.396.0494,2023-12-23,Ad,Working
77,3692,Jenna,Palmer,jenna.palmer@pagesandersandphillips.com,"Lecturer, higher education",+1-937-932-9046x01669,2023-07-11,Ad,New
1001,228,Bruce,Rubio,bruce.rubio@gallaghercolonandheath.com,"Geologist, engineering",836.699.1191x25474,2024-09-15,Referral,Qualified
3196,1657,Timothy,Duran,timothy.duran@bondlewisandpayne.com,Fine artist,390.810.1508,2024-09-10,Referral,Unqualified
2537,2510,Tyrone,Herman,tyrone.herman@fernandez-jordan.com,Market researcher,742-826-4660x603,2024-08-04,Cold Call,Working
6059,3901,Jacob,White,jacob.white@mcclure-ramos.com,Television camera operator,(251)907-4164x7162,2024-07-24,Referral,Working
7729,158,Darin,Martin,darin.martin@mitchellltd.com,"Producer, television/film/video",001-544-422-2098x035,2025-03-11,Ad,Unqualified
7844,77,Sean,Cook,sean.cook@smith-douglas.com,Chartered loss adjuster,537-838-4689x3085,2024-08-01,Cold Call,Qualified
2637,1122,Joshua,Wade,joshua.wade@campbellltd.com,Visual merchandiser,(393)620-0201x7994,2024-04-15,Web,Unqualified
6377,2951,Ryan,Simmons,ryan.simmons@hubbardandsons.com,Television camera operator,7887207346,2025-01-09,Cold Call,Qualified
7530,2873,Fred,Price,fred.price@pattersonplc.com,Commercial/residential surveyor,001-900-684-1736x4245,2024-11-11,Web,Unqualified
5375,2776,Ryan,Gonzalez,ryan.gonzalez@henrywallaceandblair.com,Mental health nurse,(903)202-6280x3099,2024-11-28,Cold Call,Qualified
6870,1075,Donald,Osborne,donald.osborne@adamsjonesandmarshall.com,"Surveyor, planning and development",+1-679-786-4407,2024-07-30,Cold Call,Unqualified
6295,1917,Katrina,Williams,katrina.williams@miller-nichols.com,Chief Executive Officer,001-550-687-7859x82786,2025-02-10,Cold Call,Unqualified
7719,3488,Perry,Ballard,perry.ballard@booneandsons.com,"Copywriter, advertising",(835)532-0512,2024-12-28,Web,Unqualified
1794,3079,Haley,Powell,haley.powell@richardson-petersen.com,Paramedic,+1-415-442-4265x35628,2022-11-16,Referral,Unqualified
3401,2578,John,Murray,john.murray@mcgeellc.com,"Scientist, research (medical)",+1-993-804-6097x5560,2023-06-07,Web,Unqualified
5601,1731,Corey,Harrison,corey.harrison@martinez-klein.com,Systems developer,+1-429-253-8519x65985,2025-04-27,Referral,Qualified
7711,2725,James,Ortiz,james.ortiz@hudson-smith.com,"Designer, exhibition/display",598-384-4484,2025-03-05,Web,Unqualified
6476,2286,Jasmin,Townsend,jasmin.townsend@martinez-anderson.com,Catering manager,(928)811-2197,2025-06-18,Referral,Qualified
6791,410,Amy,Harrison,amy.harrison@davisplc.com,"Social research officer, government",6878592194,2025-03-02,Cold Call,Working
2138,914,Angelica,Bryant,angelica.bryant@thomasgarciaandcrosby.com,Artist,001-813-751-8634x612,2025-07-11,Web,Qualified
613,423,David,Bishop,david.bishop@solisrodriguezandjones.com,"Teacher, secondary school",+1-297-488-8214x65500,2025-01-16,Cold Call,Working
3284,3037,Joshua,Johnson,joshua.johnson@schmidtlloydandalexander.com,Environmental health practitioner,324.538.6271x2319,2023-02-24,Web,New
1725,3539,Barbara,Lopez,barbara.lopez@taylorltd.com,Quantity surveyor,612.945.7472x52837,2023-07-17,Web,Unqualified
5631,1266,James,Walker,james.walker@cohengroup.com,Risk analyst,+1-596-441-1605x318,2025-05-24,Cold Call,New
2990,3352,Patricia,Jones,patricia.jones@anthonyyoungandwatson.com,"Engineer, land",+1-861-812-4269x1956,2023-02-26,Referral,Working
6773,254,David,Carter,david.carter@benton-mayo.com,Facilities manager,001-554-915-8822x829,2023-12-20,Cold Call,Working
3944,1965,James,Garrett,james.garrett@keithltd.com,Advertising copywriter,,2025-06-29,Web,Working
1475,675,Christina,Kemp,christina.kemp@mooreinc.com,Legal executive,+1-878-656-2284,2025-05-28,Cold Call,New
566,326,Jonathan,Johnston,jonathan.johnston@blakeinc.com,Estate manager/land agent,750.300.2644,2024-11-04,Ad,Working
826,1666,Adrian,Smith,adrian.smith@larsonryanandwaters.com,Astronomer,453-544-1793x52417,2024-12-10,Cold Call,Unqualified
3158,1691,Ryan,Clark,ryan.clark@sanchezobrienandanderson.com,Rural practice surveyor,9408048786,2024-11-20,Ad,Unqualified
5398,1348,Paul,Adams,paul.adams@davisinc.com,Chiropodist,777-280-4484x148,2023-07-11,Ad,Qualified
4274,1352,Jenna,Singh,jenna.singh@hallplc.com,Estate manager/land agent,001-924-361-3707,2024-12-18,Web,Qualified
2931,2987,Richard,Oconnor,richard.oconnor@hutchinsongonzalezandmckay.com,Interpreter,4982976409,2024-07-02,Cold Call,Qualified
2019,3733,Betty,Chase,betty.chase@brock-brown.com,Press photographer,(242)874-0970,2025-07-03,Ad,New
4330,2727,Ryan,Leon,ryan.leon@weber-washington.com,"Doctor, hospital",8845361221,2023-05-09,Cold Call,Qualified
3667,344,Riley,West,riley.west@gallowayplc.com,Social researcher,001-819-266-7227x057,2024-04-21,Ad,New
2194,325,Joshua,Perez,joshua.perez@jonesplc.com,"Scientist, research (life sciences)",470-414-4985x7648,2025-05-29,Ad,New
6335,1097,Stephanie,Hood,stephanie.hood@greenrobinsonandquinn.com,Naval architect,946.318.8664,2025-04-12,Referral,Working
1197,1107,Glen,Clark,glen.clark@haynesandsons.com,Herpetologist,(620)650-1613x03760,2024-11-21,Web,Unqualified
6952,1732,Brittany,Adkins,brittany.adkins@johnsonplc.com,Careers information officer,850-531-2972x410,2023-08-06,Cold Call,Working
2584,3687,Michele,Mitchell,michele.mitchell@yates-rogers.com,Systems developer,,2023-01-16,Web,New
7176,1664,Mary,Gay,mary.gay@potterllc.com,Toxicologist,(788)207-8984x0982,2025-06-21,Ad,Working
1290,2420,Nicole,Harrington,nicole.harrington@burgess-black.com,Engineering geologist,,2025-02-26,Cold Call,New
1583,2904,Lindsay,Cline,lindsay.cline@baileybrownandcollins.com,Cytogeneticist,,2024-08-14,Cold Call,Working
467,201,Nicholas,Ponce,nicholas.ponce@yatesltd.com,Holiday representative,(893)605-7155,2023-11-27,Ad,Working
146,23,Kristin,Kramer,kristin.kramer@wrightgroup.com,Research scientist (life sciences),215-464-0153x3689,2025-03-08,Ad,Working
4467,2288,Kerri,James,kerri.james@garcia-paul.com,Press photographer,643.508.7453x5327,2024-10-07,Referral,New
7931,865,Tammy,Sanchez,tammy.sanchez@bartlett-zavala.com,Clothing/textile technologist,688.983.1802,2024-12-16,Ad,New
6499,727,Reginald,Gonzales,reginald.gonzales@garciashawandlee.com,Petroleum engineer,932-602-3398x265,2025-01-30,Web,Unqualified
1843,1693,Robert,Olson,robert.olson@saundersltd.com,"Scientist, water quality",673-665-3649,2025-04-13,Ad,New
6204,2803,Robert,Stephens,robert.stephens@brownllc.com,"Conservation officer, historic buildings",001-253-570-6488x2319,2024-02-10,Web,New
6426,3464,Sandra,Harrington,sandra.harrington@ramirez-bryant.com,"Engineer, manufacturing",230-215-9735,2024-08-07,Cold Call,Qualified
1495,3903,William,Griffith,william.griffith@moses-wright.com,"Engineer, land",(890)567-3206,2025-07-05,Referral,Unqualified
7148,2172,Todd,Phillips,todd.phillips@snyder-morris.com,"Engineer, agricultural",001-533-256-5146x49641,2024-01-03,Cold Call,New
1025,1788,Barbara,Park,barbara.park@hall-mitchell.com,Database administrator,(870)484-0430x16809,2025-02-07,Cold Call,New
2579,2030,Tina,Ware,tina.ware@martinez-brooks.com,"Scientist, biomedical",(956)287-3990x7847,2025-05-14,Ad,New
3375,3349,Jeremy,Daniels,jeremy.daniels@carpenter-fleming.com,Sports development officer,855-628-2632,2025-07-08,Ad,Working
2450,1377,Raymond,Huynh,raymond.huynh@gibsonltd.com,Interpreter,,2024-08-03,Ad,Qualified
5938,3707,Jennifer,Chaney,jennifer.chaney@rodriguez-cortez.com,Chiropractor,001-747-533-4845x24874,2025-04-16,Ad,Unqualified
5009,629,Kathryn,Jenkins,kathryn.jenkins@diaz-roach.com,Software engineer,844.373.4500x06617,2023-03-13,Web,New
446,2090,Carolyn,Blake,carolyn.blake@wilsonplc.com,Translator,271-488-0463x41541,2025-07-03,Referral,Working
1252,1127,Timothy,Dorsey,timothy.dorsey@webstermillerandtaylor.com,Child psychotherapist,811.518.8068,2025-03-17,Referral,Working
6862,2228,Laura,Williams,laura.williams@stoneplc.com,Chartered accountant,001-537-657-6562x88587,2025-05-02,Ad,Unqualified
7847,732,Emily,Cordova,emily.cordova@bushwaltersanddominguez.com,Community pharmacist,+1-342-649-8397x5059,2025-05-30,Referral,New
5994,1083,Allison,Stewart,allison.stewart@livingston-riley.com,"Education officer, museum",+1-749-238-3287,2024-04-25,Referral,Unqualified
5977,120,April,Herrera,april.herrera@lindseyhouseandstokes.com,Osteopath,(917)605-0280x19217,2024-07-12,Referral,Qualified
5002,1340,John,Mckay,john.mckay@kimmortonandmcdaniel.com,"Loss adjuster, chartered",378.249.8531x2694,2024-11-16,Ad,Unqualified
1300,2458,Isabella,Robbins,isabella.robbins@flores-wilcox.com,"Designer, exhibition/display",001-844-390-3494x56690,2023-07-01,Cold Call,Qualified
2358,521,Catherine,Graham,catherine.graham@sosagroup.com,Sports coach,,2025-05-30,Referral,New
7002,1345,Kenneth,Gibbs,kenneth.gibbs@guerreroltd.com,"Engineer, chemical",,2023-09-13,Cold Call,Unqualified
5999,2434,Robert,Morales,robert.morales@davidson-robinson.com,Armed forces operational officer,(322)583-1352,2023-05-30,Web,Unqualified
1584,2904,Deborah,Green,deborah.green@baileybrownandcollins.com,Corporate treasurer,,2025-05-13,Ad,Unqualified
6518,3987,Brian,Lynch,brian.lynch@torresinc.com,Careers adviser,(483)784-9941,2024-05-22,Ad,Working
5390,1643,Matthew,Smith,matthew.smith@pierceplc.com,Sports administrator,(552)735-5271x2349,2024-04-03,Ad,Unqualified
1607,2416,Johnny,Adams,johnny.adams@hicks-brown.com,Ecologist,6113670687,2024-03-23,Web,Unqualified
2965,2733,Carrie,Greene,carrie.greene@martin-ray.com,Counsellor,(461)356-7925x522,2024-06-28,Ad,New
4030,2923,Alfred,Neal,alfred.neal@blairandsons.com,Systems developer,619.943.9795x59665,2023-11-28,Web,Unqualified
7411,646,Laura,Mcdaniel,laura.mcdaniel@wrightllc.com,Exhibition designer,(398)338-8676,2024-06-14,Ad,New
3789,391,Denise,Spears,denise.spears@hudson-edwards.com,Pension scheme manager,724.501.3836x391,2024-04-03,Web,Working
682,1758,Sarah,Church,sarah.church@banksllc.com,Public house manager,882-775-1710x9683,2025-04-16,Ad,New
5163,833,Deborah,Hawkins,deborah.hawkins@martinez-rodriguez.com,Town planner,766-391-4343x515,2025-03-07,Referral,New
5357,799,Jim,Fowler,jim.fowler@hooverbeanandfarrell.com,Water engineer,(389)353-5841x17283,2024-09-23,Referral,Qualified
7073,136,Laura,Scott,laura.scott@gateswaltersandwilliams.com,Mudlogger,252-349-8278x793,2025-06-23,Referral,New
7861,3462,Taylor,Chaney,taylor.chaney@sullivan-watkins.com,Curator,001-239-369-1300x6403,2025-05-23,Web,New
4139,3203,Erik,Parker,erik.parker@simmonsbrownandroberts.com,Barrister,736.456.1775x1842,2024-06-28,Cold Call,Working
4024,2109,Veronica,Jones,veronica.jones@careyinc.com,Government social research officer,001-575-340-0579x5477,2023-08-24,Referral,Working
7635,1802,Joyce,Cross,joyce.cross@wrightlongandday.com,Recruitment consultant,878-394-9368,2025-07-02,Web,Working
5833,172,Derek,Barber,derek.barber@jacobs-aguirre.com,Airline pilot,786.249.5801x1099,2025-04-20,Referral,New
4042,458,Bethany,Bruce,bethany.bruce@heathcampbellandmiller.com,General practice doctor,001-287-475-8838x02510,2025-07-17,Referral,New
5380,2393,Seth,Neal,seth.neal@torres-flynn.com,Community education officer,001-733-437-6236x75081,2023-09-08,Cold Call,Unqualified
1767,720,James,Adams,james.adams@archergroup.com,Sports coach,(255)731-1109x69823,2023-12-19,Cold Call,New
2915,1354,Anthony,Ross,anthony.ross@webercamachoandbryant.com,"Designer, textile",334.428.7550x96523,2024-09-06,Referral,Working
6856,876,Brandon,Jones,brandon.jones@simpsoninc.com,"Engineer, petroleum",856-363-6506,2025-06-27,Referral,Working
2355,3885,Samuel,Russell,samuel.russell@bowersriveraandmiller.com,"Therapist, art",(318)383-5015x22253,2025-06-13,Referral,Working
3189,381,Jerry,Hanson,jerry.hanson@stantonandsons.com,Chartered public finance accountant,436-776-5586x9734,2025-05-13,Web,Working
1759,3330,Dennis,Stone,dennis.stone@price-baker.com,Town planner,875-505-8361,2025-04-21,Referral,New
4401,3282,Cheryl,Mayer,cheryl.mayer@watkinsandsons.com,"Accountant, chartered",786.666.8803x589,2023-11-15,Referral,Working
5079,1315,Ashley,Cross,ashley.cross@delgadoinc.com,Airline pilot,(434)825-0247x36012,2025-03-05,Cold Call,Working
7845,732,Thomas,Price,thomas.price@bushwaltersanddominguez.com,Volunteer coordinator,+1-636-510-0806x3786,2025-05-28,Cold Call,Working
7873,3557,Robert,Stanley,robert.stanley@woodberryandsilva.com,"Presenter, broadcasting",224.808.5571x47534,2025-01-06,Ad,Qualified
5439,1650,Brandon,Marquez,brandon.marquez@morganspencerandmiles.com,Building services engineer,7093657079,2023-12-18,Ad,New
7803,1757,Mark,Smith,mark.smith@cervantesltd.com,Paediatric nurse,(291)548-0765x92885,2025-03-21,Web,New
5879,3976,Kimberly,Thompson,kimberly.thompson@keithltd.com,Corporate investment banker,4742763468,2025-04-02,Referral,New
585,1057,Bryan,Smith,bryan.smith@gonzaleslewisandclark.com,Chief Strategy Officer,960.375.5283,2024-07-05,Referral,New
5779,3415,Ricardo,Brown,ricardo.brown@harrisllc.com,"Engineer, petroleum",+1-210-388-0215x53382,2025-04-15,Ad,Unqualified
6825,2450,Jessica,Henderson,jessica.henderson@vegainc.com,Information officer,+1-650-721-8881x4475,2025-07-10,Web,Qualified
4180,1907,Jerry,Daniels,jerry.daniels@heath-mccormick.com,Medical technical officer,884.526.7626,2025-01-25,Web,New
4216,2273,Blake,Munoz,blake.munoz@thompson-davis.com,Information officer,7004723723,2025-07-06,Referral,New
4307,3609,Michele,Williams,michele.williams@may-norris.com,General practice doctor,+1-947-442-2411,2025-05-24,Referral,Working
2831,1702,Tiffany,Elliott,tiffany.elliott@dunn-rivera.com,"Conservator, furniture",732.378.2897x9368,2025-06-29,Referral,Unqualified
7137,2195,Melinda,Henderson,melinda.henderson@bearddavenportandjohnson.com,Public librarian,977-301-2910x96857,2025-02-08,Referral,Unqualified
3973,1234,Michelle,Richardson,michelle.richardson@klinegroup.com,"Lecturer, higher education",+1-799-944-8196x746,2024-10-29,Ad,Unqualified
8012,67,John,Juarez,john.juarez@ortizinc.com,Advertising account executive,257.497.6244x37061,2024-08-26,Ad,Qualified
3378,1260,Jeffrey,Duran,jeffrey.duran@schroederllc.com,Mechanical engineer,519-590-7461x86353,2024-05-03,Referral,Working
4743,3224,Patricia,Allen,patricia.allen@buchananjonesandlambert.com,Psychiatrist,649-345-3189,2024-07-15,Web,Unqualified
4438,1989,Jonathan,Reilly,jonathan.reilly@warerogersandhoover.com,Tree surgeon,(532)586-4499x212,2025-06-17,Cold Call,New
4050,2789,Tyler,Aguilar,tyler.aguilar@villarrealbarkerandking.com,Homeopath,+1-756-280-8620x913,2023-11-23,Ad,Working
2758,2604,Shawn,Huang,shawn.huang@barry-russell.com,Conference centre manager,467-882-1661,2023-04-25,Cold Call,Unqualified
7256,3902,Tristan,Odom,tristan.odom@wilson-martinez.com,"Doctor, hospital",,2024-10-18,Ad,Working
6343,1855,William,Burton,william.burton@lanellc.com,Chiropractor,875.962.1095x820,2025-04-25,Ad,Unqualified
897,3419,Samantha,Mathis,samantha.mathis@foleychavezandhunt.com,Facilities manager,,2025-03-17,Cold Call,New
511,1045,Joshua,Miller,joshua.miller@bennett-spencer.com,Plant breeder/geneticist,+1-472-398-5667x94122,2024-11-21,Web,New
5075,1659,Julie,Peters,julie.peters@hortoninc.com,Textile designer,2957021488,2025-04-14,Ad,New
1231,1647,Steven,Martinez,steven.martinez@lopezcampbellandleon.com,"Administrator, arts",,2025-07-17,Ad,Working
1786,3362,Michael,Smith,michael.smith@williamsltd.com,Dentist,(809)765-9193x3787,2024-02-21,Referral,Qualified
7200,2389,Martin,Williamson,martin.williamson@sharpandsons.com,Health service manager,544.512.9149x05198,2025-02-23,Web,Qualified
5027,1025,Alexander,Nguyen,alexander.nguyen@mosesguerreroandallison.com,Historic buildings inspector/conservation officer,842-207-4628,2025-07-07,Web,Working
6832,199,Karen,Mccormick,karen.mccormick@costa-butler.com,Herbalist,,2024-05-25,Web,Qualified
7149,2172,Edward,Estrada,edward.estrada@snyder-morris.com,"Physicist, medical",616-649-6480x193,2024-08-04,Ad,Qualified
6549,1929,Mary,Brown,mary.brown@hawkinsvazquezandmyers.com,Chief Technology Officer,8023933767,2024-02-13,Cold Call,Qualified
168,2406,Matthew,Kemp,matthew.kemp@sanchez-rodriguez.com,Orthoptist,941-492-9921x53070,2024-03-26,Cold Call,Qualified
4651,3931,Steven,Nichols,steven.nichols@brownbennettandhancock.com,Youth worker,001-887-904-1577x2784,2024-12-20,Referral,Unqualified
7373,3737,Shannon,Hernandez,shannon.hernandez@scott-santos.com,Estate agent,+1-831-877-6337x2917,2024-03-25,Cold Call,Working
8084,3547,Matthew,Mclaughlin,matthew.mclaughlin@anthonybrownandsimpson.com,Ranger/warden,,2025-04-01,Cold Call,Qualified
686,1701,Maria,Clark,maria.clark@bennettinc.com,Airline pilot,8162771684,2024-11-27,Web,Working
7333,2671,Sara,Sullivan,sara.sullivan@gonzalezjimenezandtaylor.com,Licensed conveyancer,744.669.5602,2025-06-12,Cold Call,Unqualified
1907,475,Tara,Parker,tara.parker@mcdowelllopezandbennett.com,Corporate treasurer,281.282.7460,2025-06-23,Referral,Working
2028,716,Leslie,Anderson,leslie.anderson@cooperbaueranddaniels.com,Energy manager,(936)328-4930x2141,2025-07-15,Web,Working
7903,998,Shane,Arnold,shane.arnold@perryandsons.com,Advertising copywriter,(374)461-8782,2023-10-22,Ad,New
3998,1658,Bryan,Barnett,bryan.barnett@lucero-sandoval.com,"Lecturer, higher education",708-508-2110x23442,2024-12-09,Referral,Unqualified
441,3535,Eduardo,Clark,eduardo.clark@delgado-mcbride.com,Physiological scientist,8199319356,2025-06-25,Cold Call,Qualified
1742,3833,Nicole,Brandt,nicole.brandt@valdezllc.com,Barrister,+1-799-456-9738,2025-05-18,Cold Call,Unqualified
1629,3645,Brenda,Fischer,brenda.fischer@shafferwilliamsandflowers.com,Art gallery manager,001-763-522-1167,2023-03-21,Referral,New
3029,2135,Robert,Moore,robert.moore@bakerplc.com,"Scientist, forensic",849-341-3898x947,2025-02-24,Web,New
1443,3650,Timothy,Ellis,timothy.ellis@stewartjacksonandfisher.com,Facilities manager,760-842-0680x3117,2025-06-25,Referral,New
3329,3782,Anthony,Cummings,anthony.cummings@lopezltd.com,Probation officer,+1-399-566-0388x994,2024-06-13,Ad,Unqualified
1755,145,Donna,Lloyd,donna.lloyd@shahcisnerosandmiller.com,Marine scientist,001-889-311-1377x58083,2025-05-27,Referral,Working
6258,2616,Nicole,Jones,nicole.jones@reynolds-nielsen.com,Television floor manager,6966558100,2025-02-25,Web,Working
7000,82,Thomas,Johnson,thomas.johnson@wong-gay.com,"Engineer, broadcasting (operations)",213-976-0332x94823,2024-10-07,Cold Call,Working
6419,241,Wendy,Andrews,wendy.andrews@smithrobertsandmack.com,"Journalist, newspaper",(949)773-5035,2024-05-30,Referral,Qualified
1446,1818,Kaitlin,Anderson,kaitlin.anderson@barrllc.com,"Education officer, community",510-643-5835,2024-11-12,Referral,Qualified
6616,2225,Vincent,Wilson,vincent.wilson@duarteinc.com,Public house manager,(477)245-5292,2023-02-06,Referral,Working
5128,2880,Carl,Ryan,carl.ryan@gallagherreynoldsandbarajas.com,Hospital doctor,001-368-709-5281x6467,2024-07-24,Web,Working
6483,3145,Justin,Welch,justin.welch@brandtandersonandpennington.com,"Runner, broadcasting/film/video",+1-362-563-8989x3243,2025-06-07,Web,Qualified
7981,3747,Bonnie,Roberts,bonnie.roberts@caseyarnoldandday.com,Nature conservation officer,6957257192,2024-12-26,Ad,Qualified
2809,562,Darren,Brown,darren.brown@baldwin-kim.com,"Scientist, research (life sciences)",447-935-9974,2025-01-30,Ad,New
4059,2323,Christine,Morris,christine.morris@norris-white.com,Geographical information systems officer,(484)209-0654,2025-06-22,Ad,New
4363,3530,Alicia,Barnes,alicia.barnes@stevens-acosta.com,Private music teacher,,2024-07-27,Ad,Unqualified
6642,770,Thomas,Baker,thomas.baker@malone-wallace.com,Administrator,(896)919-0932,2025-07-02,Web,Qualified
167,3938,David,Bennett,david.bennett@sloanlewisandwinters.com,"Surveyor, planning and development",,2025-07-11,Referral,Working
5971,1362,Robert,Miller,robert.miller@klinepattersonandjenkins.com,"Research officer, political party",987.296.3967x66292,2025-05-06,Referral,Qualified
5119,2941,Donald,Franklin,donald.franklin@villegas-rowland.com,Commercial/residential surveyor,2096678654,2024-09-03,Referral,Working
4794,1614,James,Oliver,james.oliver@delgado-bowers.com,Set designer,001-201-770-6770,2025-04-23,Web,Working
5459,322,Tammy,Lopez,tammy.lopez@lee-olson.com,"Programmer, multimedia",(208)562-1568x199,2025-04-11,Web,Working
7051,673,Peter,Tate,peter.tate@mccallandsons.com,Passenger transport manager,(654)685-6939x322,2025-02-13,Cold Call,New
3560,909,Hannah,Pratt,hannah.pratt@johnsonparkandvelez.com,Plant breeder/geneticist,237.506.3667,2023-02-13,Cold Call,Unqualified
305,449,Alyssa,Oliver,alyssa.oliver@wrightparksandflores.com,Barista,547.937.7308,2025-01-10,Ad,New
3966,3846,Richard,Wong,richard.wong@joyce-finley.com,Furniture designer,001-670-264-6732x8607,2025-03-25,Ad,New
3106,3951,Olivia,Morales,olivia.morales@acostagrayandwood.com,Horticultural therapist,925-775-2445x587,2024-10-17,Referral,Unqualified
4461,1689,Shannon,Warren,shannon.warren@kingmartinezandleach.com,Energy engineer,263-547-5236x608,2024-07-10,Cold Call,New
1789,442,Thomas,Cox,thomas.cox@olsonltd.com,"Editor, magazine features",782-328-1532x624,2025-03-29,Cold Call,Qualified
1115,3432,Paul,Reed,paul.reed@mendozaplc.com,"Designer, ceramics/pottery",+1-666-825-2587x426,2023-06-03,Ad,New
6497,1857,Gabriella,Cole,gabriella.cole@harperandsons.com,Telecommunications researcher,001-866-761-8351,2024-07-15,Cold Call,New
121,2301,Jonathan,Frank,jonathan.frank@hernandezsummersandhurst.com,Chartered legal executive (England and Wales),249.705.3508,2025-02-22,Cold Call,Working
7434,2820,James,Hudson,james.hudson@nelsonplc.com,"Scientist, clinical (histocompatibility and immunogenetics)",555.448.0112x900,2025-01-10,Ad,New
2330,2627,Douglas,Lopez,douglas.lopez@gomezhudsonandrodriguez.com,Production engineer,+1-477-568-0262,2023-11-06,Referral,Qualified
5848,165,Chad,Wolf,chad.wolf@willis-phillips.com,Physiological scientist,001-821-570-7451x0157,2024-11-19,Referral,Qualified
3047,1170,George,Fitzpatrick,george.fitzpatrick@moradavisandlopez.com,Broadcast engineer,(694)572-5896,2022-10-19,Web,Qualified
7216,2318,Kimberly,Frazier,kimberly.frazier@kennedyturnerandadams.com,"Administrator, education",(869)603-6815x7184,2023-08-13,Cold Call,New
4121,3211,Leah,Dougherty,leah.dougherty@sweeneyplc.com,Warden/ranger,(796)906-2337x6641,2024-12-22,Cold Call,Working
5048,1717,Mark,Estes,mark.estes@jenkins-johnson.com,Public relations account executive,281.802.0101,2025-02-25,Referral,Unqualified
4145,3490,Michael,Weber,michael.weber@fisher-barry.com,"Investment banker, operational",001-400-543-9481x6057,2024-11-22,Referral,Qualified
954,2339,Jon,Ochoa,jon.ochoa@gonzalesandersonandconway.com,Private music teacher,,2025-06-07,Referral,New
4235,3491,Elizabeth,Kramer,elizabeth.kramer@smithherreraandharris.com,Press sub,001-587-697-7302x51662,2025-06-19,Ad,Working
4070,1373,John,David,john.david@millerandsons.com,Garment/textile technologist,7544674664,2025-03-17,Web,Qualified
6962,3448,Kevin,Brown,kevin.brown@henryandsons.com,Illustrator,393.984.8949,2024-06-29,Cold Call,New
6701,1771,Antonio,Mitchell,antonio.mitchell@smith-nixon.com,Horticultural therapist,7064345344,2025-06-26,Referral,Working
2298,452,Ricky,Sampson,ricky.sampson@thompson-rosario.com,Homeopath,001-276-789-8541x50756,2023-06-08,Referral,Qualified
6818,1019,Jasmine,Keller,jasmine.keller@mcmahonfergusonandjones.com,Animal nutritionist,(684)355-6379x10467,2024-09-11,Web,New
2600,965,Corey,Allen,corey.allen@hernandezllc.com,Medical laboratory scientific officer,853.260.7651x524,2025-07-02,Cold Call,Working
347,882,Joseph,Douglas,joseph.douglas@lambplc.com,Pensions consultant,631.364.6059,2024-03-25,Web,Unqualified
7472,3900,Kenneth,Mason,kenneth.mason@fritzgroup.com,"Designer, furniture",+1-620-821-4277x13573,2025-01-12,Web,Working
605,2737,Richard,Lee,richard.lee@west-brown.com,"Therapist, speech and language",+1-784-206-6543x55679,2024-09-04,Referral,Qualified
1347,3911,Vanessa,Johnson,vanessa.johnson@smithmorganandtran.com,Conference centre manager,7125989314,2023-07-13,Web,Working
518,804,Regina,Gibson,regina.gibson@hopkins-baldwin.com,Lexicographer,984.854.1415,2025-04-23,Web,Qualified
6420,3478,Robert,Salazar,robert.salazar@myers-hall.com,Insurance risk surveyor,257-737-5388x6444,2025-03-22,Web,Unqualified
5669,3320,Jeremy,Doyle,jeremy.doyle@reeves-hines.com,Rural practice surveyor,492-514-9171x61006,2023-08-05,Ad,Unqualified
7996,2330,Karen,Arias,karen.arias@richardsonjohnsonandwilliams.com,Broadcast engineer,+1-713-614-3257x13009,2025-04-04,Ad,Unqualified
699,829,Jessica,Bush,jessica.bush@walkerllc.com,Midwife,001-798-235-7524x035,2024-08-23,Referral,New
6193,3346,Billy,Miller,billy.miller@barrysteeleandfitzgerald.com,Minerals surveyor,536.891.8933x08625,2025-06-21,Ad,New
7368,3200,Justin,Tate,justin.tate@morganinc.com,Marine scientist,554.496.9299,2025-06-12,Web,New
3327,300,Mary,Fleming,mary.fleming@boyd-carter.com,Health and safety adviser,(698)366-0775,2025-02-15,Web,Working
3894,214,Linda,Rojas,linda.rojas@parkermartinezandbrown.com,Curator,+1-468-496-5465x7224,2023-03-28,Web,New
4167,3823,Gary,Williams,gary.williams@hernandez-henderson.com,"Engineer, mining",482-914-0549,2025-06-29,Cold Call,Working
2057,3813,Zachary,Andrade,zachary.andrade@lara-avila.com,Airline pilot,,2024-07-22,Cold Call,New
6247,2403,Tiffany,Reed,tiffany.reed@fisherllc.com,Art therapist,238.984.7639,2025-02-02,Cold Call,Qualified
967,517,Maria,Mullins,maria.mullins@garrettinc.com,Purchasing manager,339.981.2748,2024-05-31,Cold Call,Qualified
737,661,Aaron,Richard,aaron.richard@phillipsrobinsonandzavala.com,IT trainer,785.684.4094x961,2024-10-30,Ad,New
617,3383,Emily,Montgomery,emily.montgomery@barnesjonesandmelendez.com,"Designer, jewellery",4773668157,2024-12-21,Web,Unqualified
4375,867,Natalie,Stewart,natalie.stewart@pittsvegaandmckinney.com,Museum/gallery exhibitions officer,(600)527-3630x288,2023-12-30,Referral,Unqualified
2236,3246,Jeremy,Hoffman,jeremy.hoffman@davidsonwaltonandespinoza.com,Immigration officer,317.542.3648,2025-07-12,Cold Call,Qualified
6138,2127,Richard,Garcia,richard.garcia@bellltd.com,Recruitment consultant,725.817.0288,2025-06-03,Ad,Qualified
4051,2789,Alyssa,Turner,alyssa.turner@villarrealbarkerandking.com,Commissioning editor,(608)976-4670x460,2024-04-09,Cold Call,Unqualified
7261,2585,Connor,Alvarez,connor.alvarez@edwardsgroup.com,Chief Executive Officer,,2025-05-30,Ad,Unqualified
7344,1450,Jason,Jones,jason.jones@boltonllc.com,Broadcast journalist,598.397.1469x81449,2025-06-24,Cold Call,Qualified
1365,2993,Kimberly,Carpenter,kimberly.carpenter@smith-evans.com,Naval architect,884.378.5985,2023-09-17,Referral,Working
7952,1143,Nathan,Sutton,nathan.sutton@haneyltd.com,"Psychotherapist, dance movement",001-763-597-6650x382,2025-03-14,Web,Unqualified
2191,2361,Cheyenne,Frazier,cheyenne.frazier@barnesedwardsandhill.com,Chartered management accountant,001-651-231-7998x547,2025-03-03,Ad,New
2596,223,Carrie,Tran,carrie.tran@sanchezltd.com,Higher education careers adviser,9839878195,2025-01-31,Cold Call,Working
6177,1913,Gabriella,Howard,gabriella.howard@miller-campbell.com,Magazine features editor,(642)203-6753,2025-01-04,Cold Call,Unqualified
8071,2812,Kimberly,Browning,kimberly.browning@holmesmcneilandboyer.com,Chief of Staff,653-698-1305x38518,2025-07-09,Web,Unqualified
5841,1969,Andrea,Frederick,andrea.frederick@price-harvey.com,Consulting civil engineer,530-323-7505x157,2024-01-27,Referral,New
7480,1825,Carlos,Shaw,carlos.shaw@jenkinsjohnsonandmiller.com,Fish farm manager,001-279-580-6065x5614,2025-05-23,Referral,Unqualified
3063,2559,Charlene,Ramos,charlene.ramos@wilson-williams.com,Horticultural consultant,461.422.7043x599,2025-03-19,Referral,Working
7447,3749,Samuel,Deleon,samuel.deleon@crawfordtaylorandwoods.com,"Chemist, analytical",(856)330-6448x874,2024-12-29,Cold Call,Unqualified
2307,283,Randy,Davis,randy.davis@gordonrobinsonanddavis.com,Airline pilot,(360)261-2064,2024-02-09,Web,Unqualified
5337,1210,Kimberly,Bishop,kimberly.bishop@johnson-perry.com,Science writer,942.832.7806x708,2024-08-05,Web,Working
1161,2180,Jeffrey,Lee,jeffrey.lee@ramirezgonzalezandbryant.com,Broadcast presenter,001-644-317-6981x383,2025-07-15,Cold Call,Qualified
1846,2151,Edwin,Smith,edwin.smith@bennettinc.com,Air broker,471.264.7461,2024-06-28,Cold Call,Unqualified
2069,438,Arthur,Sanchez,arthur.sanchez@salazar-olson.com,Colour technologist,305-497-6060x17507,2025-04-30,Cold Call,New
2601,3944,Ricardo,Vazquez,ricardo.vazquez@jacksongroup.com,Surgeon,3268292412,2024-04-24,Cold Call,Working
363,964,James,Taylor,james.taylor@marshall-welch.com,Paramedic,7052687894,2025-06-28,Web,Unqualified
2656,1227,Chad,Bowman,chad.bowman@jimenezplc.com,Environmental consultant,305.713.8598x2119,2023-01-16,Web,Working
5636,974,Taylor,Wise,taylor.wise@johnsongroup.com,Academic librarian,+1-422-821-4282,2024-06-30,Cold Call,New
2183,110,Samuel,Hughes,samuel.hughes@wilkinsonpettyandgoodman.com,Optometrist,,2023-12-02,Web,Qualified
5043,2462,Ryan,Richard,ryan.richard@robertson-young.com,Further education lecturer,,2024-11-20,Web,Unqualified
5166,1098,Amy,Williams,amy.williams@sanfordpatrickandchavez.com,Art gallery manager,991-773-3483x5678,2024-12-18,Referral,Working
3233,2547,Eric,Mueller,eric.mueller@martin-hall.com,Teaching laboratory technician,859.562.8247x75878,2025-05-27,Web,Unqualified
1211,3266,Laurie,Franco,laurie.franco@anderson-daniel.com,Clinical embryologist,428.837.5486x763,2024-12-27,Cold Call,New
3406,787,Rose,Schneider,rose.schneider@smithparrishandmoore.com,Clinical embryologist,607-735-3305x852,2023-08-17,Referral,Unqualified
5966,2248,Vernon,Wood,vernon.wood@downs-smith.com,Immunologist,629.283.3618x6647,2024-05-09,Ad,Working
533,3234,Christopher,Day,christopher.day@herreramyersandconner.com,"Psychologist, prison and probation services",001-891-274-4083,2024-12-14,Referral,Working
3203,111,Christopher,Evans,christopher.evans@thompsonhansenandfernandez.com,Public librarian,(473)264-0377,2025-03-09,Web,New
6459,1512,Eric,Moore,eric.moore@smithgentryandjones.com,"Engineer, water",878.233.4453,2024-11-03,Cold Call,Working
6032,2078,Jason,Moss,jason.moss@blankenshiprogersandstevenson.com,Professor Emeritus,001-522-368-8165,2025-02-02,Ad,Working
7286,2012,Kevin,James,kevin.james@baker-gonzales.com,Risk manager,(539)550-8838x502,2025-01-24,Referral,Qualified
245,1959,Jaime,Pham,jaime.pham@griffithwoodsandbrown.com,Data processing manager,296.699.3399,2023-08-27,Web,Qualified
2176,2894,Laura,Allen,laura.allen@taylor-hancock.com,"Engineer, energy",(278)796-4008x384,2025-02-26,Referral,New
7573,62,Jennifer,Tucker,jennifer.tucker@guerrerollc.com,"Optician, dispensing",001-476-520-0946x4126,2024-02-01,Web,Unqualified
181,2618,Kenneth,Willis,kenneth.willis@shepherdwrightandross.com,"Physicist, medical",403-516-6582x582,2024-12-18,Cold Call,Qualified
7027,2060,Sarah,Villegas,sarah.villegas@browngroup.com,"Journalist, newspaper",001-227-678-4876x33284,2023-11-03,Cold Call,Qualified
1205,3264,Shirley,Clark,shirley.clark@aguirrelawrenceandmartinez.com,Tour manager,780-699-2785x359,2025-06-10,Web,Working
4302,2426,Amanda,Clark,amanda.clark@holmesmitchellanddudley.com,"Surveyor, land/geomatics",+1-326-843-1460x39413,2023-10-18,Web,Unqualified
13,443,Tracy,Griffin,tracy.griffin@hernandezlopezandtate.com,"Scientist, research (life sciences)",001-535-492-3037x5988,2024-11-11,Cold Call,New
5998,333,Holly,Smith,holly.smith@marshallwilliamsandparker.com,Multimedia specialist,+1-516-693-3789,2025-04-14,Referral,Unqualified
8082,1295,Diane,Watts,diane.watts@alvaradollc.com,Ambulance person,(335)777-5063x1670,2024-10-10,Web,Unqualified
4809,2878,Brooke,Alvarez,brooke.alvarez@snyderandsons.com,Lexicographer,323-738-7081,2025-07-10,Referral,Qualified
846,1625,Darren,Kirk,darren.kirk@brownmartinezandhoward.com,"Scientist, research (maths)",(450)836-8766x269,2024-09-11,Ad,Qualified
920,3087,Maurice,Boyd,maurice.boyd@bakerllc.com,Seismic interpreter,501.211.7944x720,2023-08-14,Ad,Working
7089,2159,Deborah,Shea,deborah.shea@mckinney-rice.com,"Producer, radio",+1-965-706-9412,2025-07-02,Web,Qualified
6424,812,Vincent,Huynh,vincent.huynh@gregory-young.com,Higher education lecturer,(934)273-5531,2025-03-20,Ad,Unqualified
1994,741,Kathleen,Marks,kathleen.marks@carey-shepard.com,Careers information officer,893.849.9339x70208,2025-01-07,Ad,Working
4126,3258,Veronica,Davis,veronica.davis@wardrichardsonandmyers.com,Animator,539.734.6471,2025-06-28,Referral,Unqualified
6850,113,Jennifer,Wilson,jennifer.wilson@fleming-dunlap.com,Building services engineer,(258)781-0765,2025-07-10,Ad,Qualified
5699,808,Linda,Taylor,linda.taylor@patelltd.com,Insurance risk surveyor,(424)257-9905x921,2024-01-10,Cold Call,New
2518,3917,Robin,Morton,robin.morton@nolan-perkins.com,Wellsite geologist,(770)721-7391x1849,2025-06-19,Referral,Working
4325,409,Anthony,Rich,anthony.rich@browninggroup.com,"Geologist, engineering",001-874-909-2998x221,2024-10-17,Referral,New
5308,3822,Rebecca,Allen,rebecca.allen@martinstewartandrichardson.com,Merchant navy officer,(761)772-5908,2023-10-12,Ad,Unqualified
2058,3813,Tony,Parker,tony.parker@lara-avila.com,Facilities manager,468-919-8872x8895,2024-01-31,Referral,New
5096,37,Tracey,Lloyd,tracey.lloyd@jonescarrandbond.com,Agricultural consultant,790.329.6652,2025-07-12,Cold Call,New
7533,101,Christina,Hartman,christina.hartman@bush-carrillo.com,Science writer,(794)972-2999,2024-12-12,Cold Call,Working
7576,3250,Mario,Simmons,mario.simmons@garciaplc.com,"Therapist, speech and language",766-484-8527,2023-06-08,Cold Call,Qualified
6243,2397,James,Collins,james.collins@brooksllc.com,"Designer, exhibition/display",547.479.5552,2024-02-10,Web,New
7351,3612,Vincent,Yang,vincent.yang@barrerafigueroaandmitchell.com,Geographical information systems officer,(959)342-3405x981,2024-12-27,Web,Unqualified
7614,2051,Thomas,Gross,thomas.gross@livingstonkingandstrickland.com,"Engineer, control and instrumentation",(813)524-1787x4305,2024-07-22,Ad,Unqualified
5355,2743,Spencer,Moyer,spencer.moyer@torressalasandlewis.com,Records manager,001-703-284-7533,2024-09-27,Referral,New
1010,2755,Mark,Lutz,mark.lutz@bowensimmonsandtaylor.com,Outdoor activities/education manager,+1-381-651-5538x7101,2025-02-01,Ad,New
247,2633,Norman,Pearson,norman.pearson@swansonhebertandjohnson.com,Ship broker,488-657-1545,2025-06-23,Cold Call,Working
2499,3928,Roy,West,roy.west@boltonnormanandwebb.com,Camera operator,498.383.6623x99399,2024-12-08,Cold Call,Working
6387,972,David,Morrow,david.morrow@larson-lucas.com,Medical sales representative,001-786-274-6663x01148,2024-05-28,Web,Working
3614,284,Alex,Peterson,alex.peterson@hillgroup.com,Adult nurse,211.986.0053,2025-05-19,Web,New
413,1405,David,Flores,david.flores@glennltd.com,Science writer,001-338-217-6863x8949,2024-01-19,Ad,Qualified
1457,3243,Judy,Edwards,judy.edwards@crosby-espinoza.com,Homeopath,431.711.3286x278,2024-06-26,Referral,Qualified
6308,3196,Peter,Salazar,peter.salazar@rowegroup.com,Research scientist (physical sciences),7463897244,2025-06-01,Ad,Working
3292,295,Melanie,Jimenez,melanie.jimenez@gomez-thomas.com,Housing manager/officer,297.478.2953x227,2024-06-07,Web,New
6671,3215,Christopher,Reed,christopher.reed@ramsey-lucas.com,Plant breeder/geneticist,(397)792-4228,2025-03-23,Ad,Working
334,503,Billy,Miller,billy.miller@shepardcannonandpeters.com,Consulting civil engineer,,2024-03-24,Web,Working
4653,2111,Mario,Garcia,mario.garcia@clarkandsons.com,"Therapist, sports",(967)855-0070x25660,2025-06-30,Referral,New
3112,1412,Steven,Foster,steven.foster@powellinc.com,Dance movement psychotherapist,881.775.3970x19369,2025-06-20,Web,Qualified
4486,3351,Jeffrey,Odonnell,jeffrey.odonnell@barkerllc.com,Geophysical data processor,001-695-882-7252,2023-04-02,Referral,New
711,967,Benjamin,Parsons,benjamin.parsons@mcclainltd.com,"Lecturer, higher education",579-745-8573x30747,2024-05-24,Web,Unqualified
1265,3118,Morgan,Sparks,morgan.sparks@caldwellplc.com,"Geologist, wellsite",+1-266-485-5942x9114,2024-11-26,Ad,Qualified
5757,3088,Dale,Johnson,dale.johnson@kim-brown.com,Museum education officer,527.512.0511,2024-10-28,Web,Unqualified
3987,3544,Wendy,Hernandez,wendy.hernandez@moodytaylorandvelazquez.com,"Administrator, sports",+1-320-531-0360,2025-04-03,Cold Call,Qualified
6293,3041,Wendy,Gates,wendy.gates@casey-bell.com,Forest/woodland manager,+1-930-343-1087x53260,2025-04-12,Ad,Unqualified
2525,2218,Alexis,Brown,alexis.brown@hughes-tran.com,"Surveyor, building control",286-725-6307,2024-07-19,Web,New
6849,113,Ann,Smith,ann.smith@fleming-dunlap.com,Printmaker,+1-573-840-3274,2025-06-12,Referral,Working
7112,633,Dawn,Atkins,dawn.atkins@williamslevineandjohnson.com,Private music teacher,971-910-8243,2022-12-20,Web,Working
2613,2034,Zachary,Daniels,zachary.daniels@aguirre-taylor.com,"Investment banker, operational",706.730.3060x58129,2025-04-10,Ad,New
780,2147,Kyle,Parsons,kyle.parsons@ramos-mccann.com,"Producer, radio",769-312-8527,2023-02-15,Referral,Qualified
456,3492,Carla,Joseph,carla.joseph@millerltd.com,"Engineer, control and instrumentation",752-335-0056x62022,2025-05-10,Cold Call,Unqualified
101,1494,Michael,Russell,michael.russell@payne-brown.com,Social researcher,586.493.5616,2024-04-08,Web,New
3826,36,Kathryn,Mayo,kathryn.mayo@davis-robertson.com,Petroleum engineer,315-272-3199x0549,2024-11-02,Ad,Unqualified
7486,2583,Sarah,Mclean,sarah.mclean@barkerplc.com,Garment/textile technologist,001-617-632-0788x2383,2025-03-26,Ad,Unqualified
3771,3294,Virginia,Pace,virginia.pace@brownllc.com,Special educational needs teacher,616.535.2891x98907,2025-04-14,Ad,Unqualified
3871,3095,Lindsey,Medina,lindsey.medina@shieldswilliamsandbaker.com,Warehouse manager,+1-693-559-0281x297,2025-06-27,Cold Call,New
390,941,Stacey,Dunn,stacey.dunn@brooksltd.com,"Programme researcher, broadcasting/film/video",721-946-7249x2265,2025-02-11,Referral,Working
3429,2557,Katie,Ramsey,katie.ramsey@harris-rivas.com,Learning mentor,(411)538-5655x10322,2024-07-16,Web,New
2698,779,Corey,Edwards,corey.edwards@harmonrobinsonandmcbride.com,Pathologist,001-651-541-7927x524,2024-08-01,Cold Call,Working
7586,1850,Roberto,Hernandez,roberto.hernandez@long-evans.com,"Engineer, aeronautical",,2025-03-11,Referral,New
7399,1164,Matthew,Garrett,matthew.garrett@morrisllc.com,Patent attorney,001-880-764-0397x141,2025-05-03,Cold Call,Working
4737,702,Angela,Webb,angela.webb@castrogroup.com,Artist,(543)389-7085,2025-06-24,Web,Unqualified
4526,3818,Debra,Mathews,debra.mathews@franklingonzalezandcox.com,"Psychotherapist, dance movement",+1-861-520-0729x8697,2024-10-04,Web,Qualified
801,530,Steven,Bell,steven.bell@donaldson-chavez.com,Medical illustrator,(251)678-9418,2025-02-27,Referral,New
7665,3449,Amy,Hudson,amy.hudson@porter-smith.com,Solicitor,(660)793-4821x8169,2025-05-18,Cold Call,Qualified
4858,247,Leonard,Meyer,leonard.meyer@patelyounganddelgado.com,Tourist information centre manager,2432954058,2024-12-29,Web,New
7392,3812,Bonnie,Sullivan,bonnie.sullivan@woodltd.com,Brewing technologist,581-451-4784x9029,2025-07-16,Referral,Unqualified
1635,1999,Michelle,Bailey,michelle.bailey@gentry-mason.com,Advice worker,731-697-9604x015,2024-03-05,Cold Call,Unqualified
7382,1120,Paul,Mckinney,paul.mckinney@hicksgroup.com,Chemical engineer,001-797-778-2962x68852,2024-06-07,Ad,Qualified
2895,2081,Kimberly,Leonard,kimberly.leonard@ortegallc.com,Nutritional therapist,439.324.5766,2025-04-17,Cold Call,Qualified
6052,2130,Erica,Snyder,erica.snyder@johnsonsmithandsimpson.com,"Engineer, automotive",498.955.2457,2025-03-26,Cold Call,Working
7857,3173,Colleen,Hill,colleen.hill@cannonllc.com,Gaffer,+1-369-946-8107,2025-02-12,Referral,Unqualified
1042,358,Courtney,Hart,courtney.hart@moorellc.com,"Designer, ceramics/pottery",,2025-06-06,Ad,Unqualified
2618,3739,Jessica,Crawford,jessica.crawford@baker-stone.com,Jewellery designer,(776)539-3960x43401,2024-10-06,Web,New
1465,476,Joseph,Tucker,joseph.tucker@chandler-smith.com,Transport planner,322.440.8537x215,2025-03-10,Web,Unqualified
420,3136,Andre,Edwards,andre.edwards@herrera-espinoza.com,"Conservator, museum/gallery",001-834-491-3339x916,2023-10-11,Referral,Qualified
1838,1491,Jerry,Stafford,jerry.stafford@gibsonandsons.com,Waste management officer,873.956.0356,2025-01-30,Web,Unqualified
6625,2316,Juan,Miller,juan.miller@marshallllc.com,"Psychologist, counselling",(614)591-5953x57362,2024-11-21,Referral,Qualified
1030,929,Kenneth,Shaw,kenneth.shaw@fullerplc.com,Magazine features editor,916.304.1999x7065,2024-02-07,Ad,Qualified
5893,776,Howard,Butler,howard.butler@anthony-brown.com,Health and safety inspector,(430)304-3063x39713,2025-05-10,Cold Call,Unqualified
6999,82,Sandra,Davila,sandra.davila@wong-gay.com,Comptroller,619.239.5851,2025-04-22,Cold Call,Working
8048,447,Edward,Bryan,edward.bryan@bergerinc.com,General practice doctor,5378940903,2025-01-18,Web,Unqualified
7836,552,Samuel,Stone,samuel.stone@reedbarronandmonroe.com,Audiological scientist,248.506.0938x4448,2025-06-14,Referral,Qualified
7380,2254,Joseph,Rodriguez,joseph.rodriguez@norton-woodard.com,Best boy,214.386.9542x20939,2025-04-15,Referral,New
4986,2405,James,Bradley,james.bradley@moorewilsonandrose.com,Charity officer,(678)369-4854x383,2025-06-30,Ad,Unqualified
5318,2550,Anthony,Huynh,anthony.huynh@brown-jackson.com,Seismic interpreter,,2024-08-15,Ad,Working
5950,376,William,Morales,william.morales@diazrobinsonandalexander.com,"Conservation officer, nature",+1-235-470-5792x45410,2025-06-30,Referral,Unqualified
5331,3869,Sean,Kim,sean.kim@rivers-mcdowell.com,Marketing executive,,2025-05-03,Referral,Qualified
1454,2900,Tracy,Knapp,tracy.knapp@rossburgessandsampson.com,Outdoor activities/education manager,864.868.1939,2025-03-04,Ad,Qualified
3576,3394,George,Carpenter,george.carpenter@crossandsons.com,Travel agency manager,649-569-8172,2025-03-13,Web,Unqualified
5747,3994,Joel,Miranda,joel.miranda@petersromeroandnelson.com,Medical illustrator,986-229-3410x04123,2023-04-18,Ad,Working
4719,2022,Christine,Nelson,christine.nelson@greerllc.com,Podiatrist,404.321.6225x7261,2024-02-12,Cold Call,Unqualified
6748,3864,Patrick,Carter,patrick.carter@cochran-montoya.com,"Therapist, horticultural",(904)625-5627,2025-06-09,Referral,Qualified
579,2953,Tammy,Robinson,tammy.robinson@colegroup.com,Quality manager,4919372129,2025-01-12,Cold Call,Unqualified
7535,1334,Bob,Proctor,bob.proctor@howellandsons.com,"Engineer, mining",,2024-03-28,Referral,Unqualified
7739,2335,Kathleen,Brown,kathleen.brown@jones-olson.com,"Producer, radio",001-973-625-9479x1077,2025-01-20,Web,Working
4574,942,Timothy,Garcia,timothy.garcia@murphyplc.com,"Designer, fashion/clothing",+1-422-891-7653x23154,2024-02-27,Ad,New
3835,2093,Nathan,Farrell,nathan.farrell@wongandsons.com,Emergency planning/management officer,,2024-11-04,Web,Working
2245,2263,William,Rodriguez,william.rodriguez@laragroup.com,Personal assistant,001-264-965-2755x947,2024-11-18,Cold Call,New
5252,1923,Melissa,Mann,melissa.mann@gonzaleshollandandcaldwell.com,"Administrator, charities/voluntary organisations",+1-399-778-4041x15974,2025-06-06,Web,Qualified
4171,501,Kristin,Lowery,kristin.lowery@parksnealandwilliams.com,"Engineer, civil (contracting)",001-767-984-3886x6817,2025-05-08,Web,Working
8064,2463,Jaclyn,Bell,jaclyn.bell@padillainc.com,Electronics engineer,820.819.5449x16684,2024-03-01,Referral,Working
3501,1529,Matthew,Scott,matthew.scott@lewisgroup.com,"Production assistant, radio",635.994.5463x76664,2024-12-06,Referral,Unqualified
7612,3084,Dustin,Nelson,dustin.nelson@diaz-wheeler.com,"Lecturer, further education",737.932.7991x7690,2025-03-18,Referral,Qualified
6647,3760,Gary,Powers,gary.powers@rodgerssmithandparker.com,Environmental education officer,001-903-737-3474x018,2025-06-14,Ad,Qualified
3236,1101,Richard,Hughes,richard.hughes@kennedyklineandaguirre.com,"Scientist, audiological",+1-224-728-4155x5037,2025-03-06,Referral,Working
5350,1501,Dale,Benitez,dale.benitez@chavezvargasandleblanc.com,Horticultural consultant,001-427-528-4240x79124,2025-02-04,Cold Call,New
6081,1752,Amanda,Dawson,amanda.dawson@vasquez-fisher.com,"Surveyor, rural practice",,2025-02-23,Referral,Working
2181,1972,Cassidy,Merritt,cassidy.merritt@millermckinneyandjohnson.com,"Engineer, broadcasting (operations)",263.369.4321x1785,2025-06-09,Web,New
243,1959,Christian,Howard,christian.howard@griffithwoodsandbrown.com,"Nurse, adult",(290)312-6854x52612,2023-10-26,Referral,Working
3832,809,Jodi,Schroeder,jodi.schroeder@williams-morrow.com,"Editor, film/video",(671)922-5389,2025-06-26,Referral,New
832,2324,Michael,Smith,michael.smith@henderson-chen.com,"Research officer, political party",389.778.1639x87156,2024-08-23,Web,New
6493,1483,Felicia,Dickerson,felicia.dickerson@johnsonjohnsonandryan.com,Press sub,001-400-463-7042x0813,2024-12-18,Referral,Working
5537,630,Jeremy,Mathews,jeremy.mathews@leegroup.com,Careers information officer,+1-714-644-5355x15917,2024-07-19,Ad,Unqualified
3099,439,Elizabeth,Johnson,elizabeth.johnson@morenowheelerandmyers.com,IT trainer,001-838-665-2995x42111,2024-04-02,Referral,Unqualified
2280,2806,Scott,Dixon,scott.dixon@wallaceplc.com,Tax adviser,(665)771-6724x506,2024-11-27,Web,Unqualified
860,1991,Marie,Reynolds,marie.reynolds@watkins-anderson.com,Research scientist (physical sciences),+1-583-252-6679x08978,2025-06-23,Ad,Unqualified
2334,1178,John,Schmitt,john.schmitt@alexanderinc.com,Claims inspector/assessor,(725)660-7243x3590,2024-10-09,Web,Unqualified
3547,469,Susan,Robles,susan.robles@grimes-barnes.com,Purchasing manager,001-740-983-5466x2455,2024-12-21,Ad,Working
7648,3651,Carol,Miller,carol.miller@kennedychavezandnunez.com,Passenger transport manager,2974730093,2024-08-08,Web,Working
3660,2567,Richard,Hansen,richard.hansen@nguyenllc.com,Prison officer,(964)293-7877x5489,2024-04-18,Ad,Working
3178,1527,Brian,Mitchell,brian.mitchell@chavezwoodandnguyen.com,Control and instrumentation engineer,001-297-674-1860x690,2025-06-10,Web,Working
6492,2810,Joyce,Riddle,joyce.riddle@gibsonltd.com,"Scientist, research (life sciences)",+1-544-219-0214,2025-06-30,Ad,New
669,1624,Andrea,Schneider,andrea.schneider@harrison-ramirez.com,Quarry manager,505-903-6598x864,2025-01-04,Cold Call,New
5525,2133,Elizabeth,Taylor,elizabeth.taylor@millertrujilloandrichardson.com,Naval architect,284.419.2378,2024-11-19,Referral,Working
811,2848,Madison,Hampton,madison.hampton@grimesllc.com,"Programme researcher, broadcasting/film/video",001-698-296-0543x51993,2023-07-16,Referral,Working
6171,2314,Ruth,Parker,ruth.parker@durhamwrightandchen.com,Health and safety adviser,001-345-572-5022x63469,2024-02-25,Cold Call,Qualified
6139,42,Leah,Peterson,leah.peterson@perkinsinc.com,Psychiatrist,+1-713-865-7681x436,2024-12-25,Web,Qualified
4831,1557,Jesse,Pearson,jesse.pearson@ruiz-henry.com,Stage manager,(693)432-5379x910,2025-06-03,Cold Call,Unqualified
4359,3301,Jason,Tran,jason.tran@gallegosinc.com,Visual merchandiser,+1-437-785-8377,2024-05-10,Referral,Working
5688,699,Isaac,Harris,isaac.harris@gentrygroup.com,Primary school teacher,+1-400-605-7681x126,2023-05-31,Cold Call,Working
180,2618,Robert,Chang,robert.chang@shepherdwrightandross.com,Careers adviser,796.701.2869x4062,2023-11-02,Web,Qualified
2474,2177,Michael,Massey,michael.massey@santanagrayandcarpenter.com,Homeopath,001-848-928-7544x876,2024-02-16,Cold Call,Qualified
5562,3619,Stephen,Gibson,stephen.gibson@hobbs-lewis.com,Psychiatrist,001-608-663-2153x47713,2025-02-28,Ad,Unqualified
5208,1201,Lisa,Mcdonald,lisa.mcdonald@lewisbishopandjones.com,Interpreter,001-802-702-2223x59535,2024-10-09,Cold Call,Unqualified
3748,2237,Charles,Hensley,charles.hensley@mackinc.com,"Designer, blown glass/stained glass",374.304.0604x58567,2025-05-03,Web,Unqualified
7885,86,Carrie,Moore,carrie.moore@robinsonllc.com,"Engineer, civil (consulting)",452.497.5566,2025-06-27,Referral,Qualified
3677,631,Jerry,Davis,jerry.davis@smithjacksonandschmidt.com,Forensic psychologist,+1-507-981-6733,2024-04-10,Web,New
36,334,Elizabeth,Skinner,elizabeth.skinner@strong-carter.com,Call centre manager,3906609411,2024-01-19,Cold Call,Unqualified
4946,1840,Erica,Dunn,erica.dunn@leachevansandreyes.com,Health service manager,001-264-231-6171x8557,2023-09-14,Referral,New
3479,2346,Amanda,Thomas,amanda.thomas@moralesltd.com,"Conservator, furniture",(509)217-8539x171,2024-08-15,Ad,Working
3570,1517,Erin,Miller,erin.miller@morganinc.com,Chartered loss adjuster,+1-739-872-2447x344,2024-02-04,Cold Call,Unqualified
3786,3202,Charles,Green,charles.green@norrisnavarroandvazquez.com,Energy engineer,+1-559-912-0078x280,2025-06-05,Web,Unqualified
115,2708,David,Thomas,david.thomas@hendricks-holland.com,Dispensing optician,001-216-303-2217x1515,2025-06-11,Cold Call,Working
1614,2457,Timothy,Mcdaniel,timothy.mcdaniel@jordan-rose.com,Textile designer,001-993-445-8128,2025-07-11,Referral,New
5000,3408,Jordan,Nixon,jordan.nixon@kirkllc.com,Archivist,001-528-571-3280,2024-07-20,Cold Call,Working
3752,1196,Carrie,Watts,carrie.watts@brooksrandallandlewis.com,Environmental consultant,203.468.6887x804,2024-03-18,Referral,New
5326,1794,Gerald,Burns,gerald.burns@brownltd.com,Solicitor,+1-446-981-9790,2025-04-08,Cold Call,Unqualified
1466,1651,Rick,Anderson,rick.anderson@marquez-christensen.com,"Therapist, occupational",+1-418-414-3958,2024-07-26,Cold Call,Qualified
2013,681,Alex,Jackson,alex.jackson@moyerllc.com,Nature conservation officer,+1-439-787-3295x283,2023-10-03,Cold Call,Qualified
3115,845,Linda,Mayer,linda.mayer@palmer-richards.com,"Engineer, technical sales",525-358-3445,2025-02-17,Referral,Working
650,3134,Tanya,Davis,tanya.davis@harrisonfarrellanddavis.com,"Engineer, control and instrumentation",,2025-04-16,Web,Working
983,3114,Leonard,Prince,leonard.prince@moorerussellandhicks.com,"Engineer, chemical",001-323-957-5585x769,2024-09-28,Cold Call,Unqualified
5071,3010,David,Green,david.green@petersonmontgomeryandchoi.com,Electrical engineer,001-301-533-6884x14729,2025-02-08,Referral,Working
6261,512,Susan,Lawson,susan.lawson@hopkinssandersandfrench.com,Legal executive,,2025-06-30,Referral,Qualified
7689,758,Alison,Brown,alison.brown@garrett-bauer.com,Applications developer,582.914.2239x81837,2024-02-25,Cold Call,Unqualified
4700,257,Samuel,Woods,samuel.woods@sims-potts.com,Health service manager,+1-985-548-4309x94038,2024-08-17,Ad,New
8052,1740,Joshua,Pierce,joshua.pierce@blevinsplc.com,"Engineer, electrical",238-519-9019,2025-06-29,Ad,Working
3385,198,Kyle,Morris,kyle.morris@wilsonhernandezandmurphy.com,Magazine journalist,001-267-201-8569x14735,2025-06-10,Referral,Unqualified
4374,2736,Michael,Massey,michael.massey@bennettmayandcarlson.com,"Engineer, aeronautical",5759120103,2025-02-04,Cold Call,Unqualified
1902,398,Anne,Mcguire,anne.mcguire@cannonplc.com,Research scientist (medical),(472)400-2139,2025-06-28,Ad,Qualified
2077,2068,Ashley,Brandt,ashley.brandt@chavezgroup.com,Dispensing optician,8327430261,2025-01-25,Web,Qualified
3967,1542,Heather,Cole,heather.cole@davis-jackson.com,Pensions consultant,+1-427-871-0404,2024-06-15,Referral,Working
3691,1115,Brandi,Ramos,brandi.ramos@bridgeskochandhill.com,Pension scheme manager,(323)572-7323x11007,2025-04-12,Web,Unqualified
1251,1127,Tracy,Russell,tracy.russell@webstermillerandtaylor.com,Sports coach,(454)430-0247x607,2024-06-24,Ad,Unqualified
4626,3062,Jillian,Gardner,jillian.gardner@burnettmartinezandgardner.com,Clothing/textile technologist,414-475-0830x6337,2025-04-05,Ad,Working
3565,759,Grant,Jones,grant.jones@jenkinscabreraandhensley.com,International aid/development worker,001-581-640-3124x918,2025-03-13,Referral,Unqualified
2653,1037,Joe,Mullins,joe.mullins@rushllc.com,"Engineer, electrical",,2024-05-01,Ad,Qualified
3139,2548,Jennifer,Hernandez,jennifer.hernandez@petersonclarkandmartinez.com,Technical brewer,(604)802-4880,2024-08-25,Ad,Qualified
4215,2414,Michael,Taylor,michael.taylor@leehorneandanderson.com,Naval architect,523-813-7238x2201,2025-06-15,Web,Unqualified
2467,3815,Daniel,Barnes,daniel.barnes@ramirezllc.com,Financial manager,(259)398-3423,2023-09-15,Referral,Working
4948,488,Janice,Fry,janice.fry@berrymooreandjohnson.com,Garment/textile technologist,389-722-7252,2025-06-10,Ad,Working
1872,1654,Jill,Jackson,jill.jackson@millerltd.com,Artist,,2024-05-13,Ad,Qualified
1178,3235,Paul,Jones,paul.jones@gross-ross.com,Community education officer,(210)886-9592,2025-07-18,Web,New
2704,2921,Tonya,May,tonya.may@piercecochranandperkins.com,Research scientist (maths),,2024-08-24,Referral,Unqualified
4759,569,Harold,Conner,harold.conner@larsonltd.com,"Psychologist, sport and exercise",946-960-0694x29276,2024-06-20,Cold Call,New
2470,1627,Edgar,Hammond,edgar.hammond@carterdanielandberry.com,Operational researcher,894-445-4707,2023-12-19,Web,Qualified
6586,3108,Leah,Vargas,leah.vargas@thorntonbrownandyoder.com,Diplomatic Services operational officer,001-467-220-6533x95992,2024-09-18,Cold Call,New
1361,3413,Megan,Quinn,megan.quinn@woodsgroup.com,"Accountant, chartered management",(733)927-9581x12219,2025-06-08,Referral,Qualified
6196,899,Allison,Dickson,allison.dickson@thomas-chavez.com,Professor Emeritus,668-323-5997x869,2023-02-12,Ad,Unqualified
3728,248,Jennifer,Gomez,jennifer.gomez@smithschultzandrivera.com,Community education officer,281.631.1569x208,2024-11-01,Web,Qualified
4931,1268,Jason,Davis,jason.davis@snyder-ramirez.com,Chief Technology Officer,277-510-9677x4769,2025-05-22,Web,Unqualified
4152,2565,Dean,Alvarez,dean.alvarez@brown-ward.com,Publishing rights manager,(434)261-2891,2025-01-16,Ad,Qualified
2627,2024,Ian,Roberson,ian.roberson@millerplc.com,"Engineer, manufacturing systems",2257164811,2024-06-29,Referral,Unqualified
2682,821,Shirley,Wolf,shirley.wolf@elliott-gonzalez.com,Hydrogeologist,001-420-358-6805x32706,2025-06-04,Cold Call,Working
1914,1153,Denise,Baker,denise.baker@mckenzieshermanandmarks.com,Mudlogger,742.301.8954,2023-10-30,Web,New
4656,2326,Travis,King,travis.king@huffmanltd.com,Warden/ranger,+1-638-332-4550x3756,2025-04-12,Cold Call,Working
4566,1430,Walter,Fuller,walter.fuller@torres-hall.com,Paediatric nurse,,2024-08-27,Referral,Unqualified
5343,57,John,Taylor,john.taylor@waller-shah.com,Physiological scientist,7866816369,2025-05-07,Web,Unqualified
6405,1380,Maria,Barnett,maria.barnett@smithplc.com,"Engineer, building services",304.887.8072x78578,2024-02-15,Web,Working
2043,91,Steven,Hale,steven.hale@snowinc.com,Corporate treasurer,001-636-809-9118x85807,2025-04-23,Cold Call,Working
5541,3800,Diana,Anderson,diana.anderson@ball-bryant.com,Field trials officer,758-704-3404x7606,2025-03-16,Web,Qualified
7731,1285,James,Brady,james.brady@adams-johnson.com,Set designer,(879)567-6413,2025-04-30,Cold Call,Qualified
2475,3592,Sarah,Rodriguez,sarah.rodriguez@lewis-wright.com,Records manager,+1-735-922-9868x9510,2024-01-07,Referral,New
1968,119,Jennifer,Vargas,jennifer.vargas@woodsknightandvaughn.com,"Psychologist, counselling",367-770-4908x31524,2024-09-20,Web,Unqualified
4228,3858,Kyle,Mcknight,kyle.mcknight@boylewarrenandruiz.com,Commercial/residential surveyor,292-556-4304x6039,2024-01-08,Cold Call,New
5330,1612,James,Stephens,james.stephens@wilson-martinez.com,"Surveyor, insurance",334-584-7109x9538,2025-06-17,Cold Call,Unqualified
8057,514,Rachael,Becker,rachael.becker@luna-collier.com,Market researcher,+1-850-610-3275x91051,2024-11-13,Web,Working
6415,596,Darren,Williams,darren.williams@santiagogroup.com,"Teacher, secondary school",224.835.2534,2024-11-01,Web,Unqualified
851,3654,Alex,Davis,alex.davis@myersgroup.com,Mental health nurse,754.495.3790,2024-10-29,Ad,Working
5877,1402,Timothy,Craig,timothy.craig@mathewsllc.com,Chartered public finance accountant,(889)538-5544x2306,2024-10-04,Ad,Working
3954,1126,Corey,Romero,corey.romero@austinphamandcarney.com,"Engineer, maintenance (IT)",797.581.3967x70792,2025-07-14,Ad,Working
6224,3261,Danielle,Brady,danielle.brady@malonemitchellandzhang.com,Barrister,(209)764-9561,2025-04-07,Cold Call,Unqualified
2843,736,Julie,Reed,julie.reed@kim-hughes.com,Insurance risk surveyor,422-441-0099,2024-09-17,Web,Working
2168,1102,Shirley,Allen,shirley.allen@fowlerherreraandoneal.com,"Engineer, civil (consulting)",214.681.8398x1963,2023-01-30,Cold Call,New
3997,1658,Hailey,Warner,hailey.warner@lucero-sandoval.com,Primary school teacher,001-549-200-6230x35567,2024-10-20,Ad,Unqualified
3123,628,Deborah,Porter,deborah.porter@barnettweberandbrown.com,Interpreter,001-962-645-4980x283,2024-03-08,Cold Call,New
2737,983,Jeremy,Johnson,jeremy.johnson@robinsonhessandnelson.com,"Sound technician, broadcasting/film/video",(218)250-1845x027,2025-05-06,Ad,Working
5173,875,Kurt,Hart,kurt.hart@parkerltd.com,Volunteer coordinator,269.410.7574x6526,2025-06-25,Web,Qualified
4479,490,Kevin,Hughes,kevin.hughes@smithltd.com,"Geneticist, molecular",572.367.7368x276,2025-01-03,Ad,New
6612,2985,Diana,Mcmillan,diana.mcmillan@ellishamiltonandbender.com,Herbalist,616.540.2843,2024-09-26,Web,New
1135,2784,Anthony,Sanchez,anthony.sanchez@gordon-leach.com,"Surveyor, land/geomatics",(727)211-2207x1312,2025-02-09,Cold Call,New
1920,1413,Donald,Browning,donald.browning@rodriguezwilliamsandbrown.com,Network engineer,001-394-758-2090,2025-05-18,Ad,Qualified
993,323,Christina,West,christina.west@wilson-li.com,Land/geomatics surveyor,(862)774-5965,2025-04-08,Web,New
5783,962,Susan,Williams,susan.williams@sanchezllc.com,Magazine features editor,(230)250-5757x9992,2025-03-24,Cold Call,New
1139,862,Thomas,Olson,thomas.olson@gonzalezmasonandnelson.com,Chief of Staff,+1-710-961-8669x02736,2025-04-26,Ad,Unqualified
2497,1017,Johnathan,Cox,johnathan.cox@cantrell-ray.com,"Therapist, sports",3136464292,2024-10-03,Ad,Working
3373,603,Amy,Dean,amy.dean@morrison-little.com,Further education lecturer,(562)340-1741,2025-07-10,Cold Call,Working
6555,2763,Raymond,Cook,raymond.cook@johnsongroup.com,Forensic scientist,232-206-8628,2025-04-22,Ad,Unqualified
7752,92,Matthew,Vega,matthew.vega@olsonwillisandrichardson.com,Charity officer,(987)526-4473x34631,2025-04-24,Referral,Qualified
2901,1550,Christopher,Kelly,christopher.kelly@walker-chavez.com,"Doctor, hospital",(240)920-9711x28759,2024-03-20,Cold Call,Unqualified
6040,500,Tanner,Rosales,tanner.rosales@staffordllc.com,"Civil engineer, consulting",001-748-474-1540x01078,2024-12-21,Ad,Qualified
7956,3406,Alexis,Knight,alexis.knight@obrienllc.com,Fitness centre manager,(850)228-5820x9025,2025-05-30,Web,Qualified
1905,971,Patricia,Downs,patricia.downs@thompsongroup.com,Merchant navy officer,+1-805-689-6751x133,2023-02-28,Ad,New
2122,662,Roger,Miller,roger.miller@parker-hayes.com,Careers information officer,(708)900-8744x29035,2023-05-30,Ad,Unqualified
4594,557,Bryan,Bell,bryan.bell@hudsonbutlerandanderson.com,Printmaker,299-260-4982x20941,2025-04-11,Referral,New
3864,3937,Brittany,Lopez,brittany.lopez@lynchgroup.com,"Scientist, research (life sciences)",(611)950-6561,2024-11-01,Web,New
179,1351,Zachary,Brown,zachary.brown@millerllc.com,Product/process development scientist,(658)815-1511,2025-02-17,Referral,Qualified
982,3114,Tina,Weaver,tina.weaver@moorerussellandhicks.com,"Designer, interior/spatial",772-803-6179x3063,2025-04-02,Referral,Unqualified
1183,923,Stephanie,Baker,stephanie.baker@johnson-harrington.com,Press sub,857.744.8797,2023-07-13,Ad,Qualified
4202,124,Marissa,Wilson,marissa.wilson@stuart-smith.com,"Conservator, museum/gallery",,2024-09-29,Cold Call,Working
5900,2305,Brenda,Gibson,brenda.gibson@turnerplc.com,"Nurse, mental health",324.874.1481,2024-06-27,Cold Call,New
6212,3649,Crystal,Boyd,crystal.boyd@nortonplc.com,Town planner,8714980477,2025-06-28,Ad,Unqualified
5419,1284,Brian,Hall,brian.hall@greene-wade.com,Make,+1-216-375-0007x4980,2025-05-14,Ad,New
7691,237,Todd,Smith,todd.smith@freemandavisandsalazar.com,Chief Technology Officer,(223)967-8733x6635,2025-02-22,Referral,New
2855,3249,Melissa,Galloway,melissa.galloway@smithsheaandcarroll.com,"Engineer, civil (contracting)",001-487-754-7671x9237,2025-03-02,Cold Call,Unqualified
2753,1892,Adrian,King,adrian.king@lutzplc.com,Sales promotion account executive,628.580.2702x6138,2024-06-08,Web,Qualified
3124,2595,Kelly,Nelson,kelly.nelson@fernandez-taylor.com,Web designer,001-533-678-2311x2117,2025-07-02,Web,New
7430,3675,David,Macias,david.macias@mcbridemitchellandgilbert.com,Corporate treasurer,341-464-7184x131,2025-04-10,Cold Call,Working
6277,3313,Natalie,Greene,natalie.greene@smith-rodriguez.com,"Editor, commissioning",993-203-6684x483,2024-06-09,Ad,Unqualified
1839,1491,Alexa,Terrell,alexa.terrell@gibsonandsons.com,"Surveyor, building",532-754-0796x660,2024-10-19,Web,Qualified
14,1182,April,Sosa,april.sosa@thomas-crawford.com,Radio producer,(595)478-2323,2023-10-12,Cold Call,Unqualified
5976,120,Ashley,Willis,ashley.willis@lindseyhouseandstokes.com,Interior and spatial designer,650-506-5069,2024-04-17,Cold Call,Unqualified
4318,2807,Vernon,Wells,vernon.wells@thomasgroup.com,Quantity surveyor,(381)374-7252x12531,2025-02-01,Web,Qualified
3947,1248,Steven,Roberts,steven.roberts@stephenssnyderandmurphy.com,Forest/woodland manager,+1-932-426-9996x2881,2024-06-14,Ad,Working
5122,2782,Brooke,Bush,brooke.bush@walkercantrellandweber.com,Conference centre manager,421-511-8248x0462,2024-09-28,Ad,Working
5602,1587,Tiffany,Barnes,tiffany.barnes@todd-weber.com,Music therapist,,2023-10-07,Cold Call,Working
3955,2275,Jennifer,Ramirez,jennifer.ramirez@johnson-spencer.com,IT trainer,(710)290-1614,2024-12-04,Cold Call,Qualified
2012,681,Sherry,Goodman,sherry.goodman@moyerllc.com,Trading standards officer,601.431.7758x8802,2024-05-26,Cold Call,New
1377,505,Joseph,Owens,joseph.owens@fitzgeraldmillerandsnyder.com,Garment/textile technologist,+1-637-607-0788,2025-06-06,Ad,New
3935,3311,Michelle,Howell,michelle.howell@martinezgroup.com,"Administrator, education",(853)652-1753,2024-09-15,Web,Unqualified
3978,1762,Joseph,Thomas,joseph.thomas@murphy-phillips.com,"Programme researcher, broadcasting/film/video",+1-351-939-4923x703,2025-07-01,Web,Unqualified
4220,930,Michael,Gill,michael.gill@hodge-parks.com,Multimedia programmer,+1-683-713-1789x895,2025-03-25,Web,New
2794,2839,Meghan,Gay,meghan.gay@barnettplc.com,Economist,225-832-1792x10984,2024-05-02,Web,Qualified
5100,2282,Michelle,Smith,michelle.smith@barton-walter.com,Careers information officer,001-377-259-3139x6888,2023-08-07,Referral,Qualified
6473,360,Peter,Rosario,peter.rosario@hicks-gibbs.com,Agricultural consultant,+1-805-570-9486,2025-02-05,Ad,New
6880,3603,Samantha,Fernandez,samantha.fernandez@mills-brock.com,Arts development officer,947-269-3541,2024-09-22,Web,Qualified
4711,3990,Mitchell,Diaz,mitchell.diaz@howardpotterandwong.com,Video editor,(317)787-1685,2025-04-23,Ad,Working
6438,3828,Brent,Hooper,brent.hooper@oconnorandsons.com,Geophysical data processor,577.204.0445x4495,2023-08-29,Cold Call,Unqualified
5936,1502,Cristian,Smith,cristian.smith@contreras-chung.com,Risk analyst,683-617-4347x19351,2024-07-22,Web,New
6842,3417,Nicole,Pierce,nicole.pierce@randolphwilkinsandsmith.com,Fast food restaurant manager,+1-970-742-9842x5450,2025-03-05,Referral,Unqualified
5582,3461,Brianna,Moore,brianna.moore@bennett-garrison.com,"Teacher, adult education",001-966-480-7738,2024-08-22,Referral,Working
1655,31,Stacy,Price,stacy.price@brandt-chavez.com,Leisure centre manager,7626017636,2025-04-13,Cold Call,Qualified
3170,3604,Michelle,Prince,michelle.prince@woodardbrownandoneill.com,"Chemist, analytical",(655)651-0465x6632,2025-01-23,Ad,Unqualified
553,448,Jesse,Hall,jesse.hall@parker-melendez.com,Air traffic controller,435.277.2245,2024-01-26,Cold Call,Unqualified
141,917,Patricia,Mills,patricia.mills@joneswalkerandwilliams.com,Physiotherapist,405.231.7708,2024-08-15,Cold Call,New
1760,506,Robert,Paul,robert.paul@garciamackandnunez.com,Lawyer,336.564.3255x184,2024-05-18,Ad,New
2348,41,Katie,Smith,katie.smith@phelpsmorganandtate.com,Clinical psychologist,,2024-04-04,Cold Call,Working
2523,2663,Brittany,Nicholson,brittany.nicholson@lambandsons.com,Tax adviser,643.504.3435,2025-07-05,Ad,Working
7831,617,Sherry,Villarreal,sherry.villarreal@robles-holt.com,Operational investment banker,+1-506-601-3242,2025-05-09,Ad,Unqualified
225,2926,George,Patel,george.patel@blanchardgarciaandbennett.com,Information officer,475.888.6169x67342,2025-07-10,Web,Unqualified
948,1289,Megan,Harris,megan.harris@garciallc.com,Podiatrist,(531)339-4194x60977,2024-04-24,Cold Call,New
7924,3519,Daniel,Luna,daniel.luna@howellandsons.com,"Programmer, applications",334-457-3532,2024-04-11,Web,New
1828,973,Joshua,Hebert,joshua.hebert@marshallwhiteandmoore.com,Actuary,(253)260-3526x063,2024-12-06,Cold Call,New
3877,2033,Jose,Young,jose.young@garcia-walker.com,Outdoor activities/education manager,519.920.5498,2025-04-26,Cold Call,Unqualified
1589,1578,Kevin,Adams,kevin.adams@perezltd.com,Office manager,+1-391-683-8518x687,2024-08-14,Referral,Qualified
771,3667,Joe,Fry,joe.fry@graham-hayes.com,Glass blower/designer,342-592-2268,2024-04-22,Ad,New
5429,1718,Thomas,Mayo,thomas.mayo@donaldsonandsons.com,"Radiographer, therapeutic",785.459.4954,2023-08-16,Referral,New
1382,1302,Jerome,Moss,jerome.moss@townsendwashingtonandperry.com,Politician's assistant,246.816.0071,2023-02-09,Referral,Working
6380,1638,Brandy,Webb,brandy.webb@shawgroup.com,"Editor, magazine features",001-891-531-2629,2024-01-04,Cold Call,Qualified
7477,3214,Michael,Graham,michael.graham@hayesgroup.com,Data processing manager,,2024-07-07,Referral,Working
4671,1668,Rebecca,Delacruz,rebecca.delacruz@morrisweberandmccoy.com,Music tutor,(916)615-8964,2023-08-24,Ad,New
2747,1955,Angelica,Robbins,angelica.robbins@yangsmithandromero.com,Minerals surveyor,+1-566-706-0281x53089,2025-03-26,Ad,Working
8075,3227,Nicole,Miller,nicole.miller@clarkinc.com,Fast food restaurant manager,693.336.4724x433,2025-07-14,Ad,New
6680,1868,Kimberly,Martinez,kimberly.martinez@ellisfischerandreed.com,"Scientist, physiological",+1-714-296-1963,2025-06-24,Referral,Unqualified
463,2723,Angela,Bailey,angela.bailey@fox-mcdaniel.com,Homeopath,(281)696-9751x37692,2025-06-05,Cold Call,Working
5395,3943,Margaret,Thompson,margaret.thompson@mcneilltd.com,Clinical molecular geneticist,(350)645-8790,2024-11-04,Ad,New
7330,2145,Jennifer,Gonzales,jennifer.gonzales@morris-pineda.com,Microbiologist,(297)890-8003x813,2024-03-27,Web,Working
1271,874,Brianna,Wagner,brianna.wagner@mcdonaldhernandezandleon.com,"Teacher, early years/pre",406-795-2449x066,2025-03-16,Cold Call,Qualified
3910,2939,Mariah,Sullivan,mariah.sullivan@eatonandsons.com,"Research officer, political party",001-236-606-8889x71014,2025-07-12,Web,New
1009,2755,James,Miller,james.miller@bowensimmonsandtaylor.com,"Development worker, international aid",302-634-7755x499,2023-07-22,Web,Qualified
3882,3778,Brittany,Campos,brittany.campos@weberlindseyandbennett.com,"Journalist, newspaper",9538107398,2023-01-20,Ad,New
3992,361,Mckenzie,Gray,mckenzie.gray@james-baldwin.com,Futures trader,607-375-1518,2025-07-14,Cold Call,Qualified
6975,2221,Daryl,Reid,daryl.reid@harperhollowayandbryant.com,Retail banker,+1-474-384-6468,2024-02-24,Ad,New
8058,514,Glenn,Trujillo,glenn.trujillo@luna-collier.com,Translator,(298)864-9923,2024-11-11,Cold Call,Qualified
1848,2955,Stephen,Bradshaw,stephen.bradshaw@kaiser-wilson.com,"Surveyor, building",+1-723-877-6490x571,2025-05-06,Ad,Unqualified
1088,2002,Joseph,Tran,joseph.tran@oliverharrisonandsalazar.com,Chartered loss adjuster,(587)599-8161,2024-06-07,Referral,Working
1938,841,Beverly,Pena,beverly.pena@andersongroup.com,Video editor,(686)642-6074x29180,2024-06-28,Web,Unqualified
5008,1142,Michael,Shepard,michael.shepard@peters-ruiz.com,Industrial/product designer,(420)849-7083,2024-09-02,Cold Call,Unqualified
2135,3568,Aaron,Richmond,aaron.richmond@casey-campbell.com,Quantity surveyor,(957)284-2242x4896,2023-02-01,Ad,New
2134,644,John,Patterson,john.patterson@mercadonguyenandschmidt.com,Government social research officer,980.370.2861,2025-01-22,Ad,Unqualified
1190,814,Lisa,Walker,lisa.walker@davisstoneandvasquez.com,Patent examiner,559-764-5467x723,2025-03-31,Referral,Qualified
8045,2835,Mallory,Brown,mallory.brown@thomas-randolph.com,Oncologist,382.412.4100x867,2024-10-22,Ad,Qualified
1963,1510,Jeremy,Gamble,jeremy.gamble@anderson-lozano.com,Town planner,864.845.3847x70115,2024-01-30,Web,New
268,456,Julie,Skinner,julie.skinner@smith-ward.com,Public relations account executive,001-362-432-2681x42104,2024-02-16,Referral,Qualified
5334,642,Tiffany,Moses,tiffany.moses@wood-perry.com,Medical physicist,553.317.4243,2024-09-12,Cold Call,New
1146,1436,Dawn,Kennedy,dawn.kennedy@ricegroup.com,Higher education lecturer,001-421-931-7881x284,2025-04-19,Web,Unqualified
3931,2334,Brian,Williams,brian.williams@hubbardwilsonandbarr.com,Physiotherapist,(337)918-1640,2024-06-25,Referral,Working
3345,3052,Elizabeth,Ward,elizabeth.ward@dunnllc.com,Museum education officer,(484)451-4017,2025-03-27,Cold Call,New
878,2619,Sheila,Lewis,sheila.lewis@fields-pierce.com,Hospital pharmacist,001-648-980-4807x2918,2025-06-28,Web,New
173,3817,Breanna,Cruz,breanna.cruz@boyle-bentley.com,Publishing rights manager,(543)890-8555,2024-10-15,Referral,Unqualified
1946,3513,Diane,Conley,diane.conley@pham-nolan.com,"Producer, television/film/video",244-245-1420x6887,2024-01-16,Ad,Unqualified
5286,1581,Eric,Hall,eric.hall@bowersltd.com,Transport planner,001-842-600-3472,2025-01-08,Ad,Working
2088,901,Lucas,Hutchinson,lucas.hutchinson@hilledwardsandmckinney.com,Contracting civil engineer,371.971.9024x18619,2025-04-23,Web,New
2182,110,Pamela,Wiggins,pamela.wiggins@wilkinsonpettyandgoodman.com,"Psychologist, clinical",001-564-261-3536x7882,2024-04-21,Referral,New
1976,3138,Ashley,Simpson,ashley.simpson@myerswilsonandgrant.com,IT sales professional,,2025-01-28,Referral,Working
4481,3451,David,Robinson,david.robinson@vincentplc.com,Fish farm manager,001-511-441-0306,2025-01-18,Ad,New
5112,1901,Kevin,Charles,kevin.charles@gravesllc.com,"Sound technician, broadcasting/film/video",(313)948-7154x21889,2025-06-04,Cold Call,New
4661,1796,Abigail,Johnson,abigail.johnson@simpsongroup.com,Chief Technology Officer,001-796-725-6099x20942,2024-06-29,Cold Call,Working
5051,189,Christopher,Cohen,christopher.cohen@coleman-villegas.com,Agricultural engineer,+1-385-447-6969x72339,2025-06-08,Ad,Qualified
4553,3049,Theresa,Burns,theresa.burns@terryedwardsandlara.com,Publishing copy,(765)999-8822x83813,2024-11-30,Web,Qualified
5983,2638,Alan,Schneider,alan.schneider@wilsonfisherandbrown.com,"Psychologist, prison and probation services",(722)593-2453,2025-04-06,Web,Qualified
3796,3668,Michael,Simmons,michael.simmons@brown-vargas.com,"Scientist, research (physical sciences)",001-760-208-3238x608,2024-11-19,Ad,Qualified
4257,473,Margaret,Gray,margaret.gray@oliver-montgomery.com,Site engineer,700-723-5099,2025-05-01,Cold Call,Unqualified
6670,667,Albert,Mann,albert.mann@kennedygroup.com,Ranger/warden,701.332.4925,2025-06-13,Web,Qualified
1732,516,Daniel,Russell,daniel.russell@carpenter-rogers.com,"Administrator, education",550.657.2703x2117,2025-02-01,Referral,Unqualified
233,2866,Jennifer,Rivera,jennifer.rivera@gardnerbensonandbuchanan.com,"Engineer, manufacturing",928-744-5492x252,2023-08-19,Web,Qualified
4242,1399,Sara,Jackson,sara.jackson@hesterleeandmorales.com,Aid worker,867-543-9641,2025-06-18,Web,Unqualified
2237,3246,Ryan,Macdonald,ryan.macdonald@davidsonwaltonandespinoza.com,"Geologist, engineering",+1-579-414-8961,2025-07-07,Web,Working
6553,1734,Thomas,Glenn,thomas.glenn@bentleynguyenandmcdonald.com,Barrister,2618387999,2023-11-19,Ad,Qualified
5969,943,Mary,Mcpherson,mary.mcpherson@waltersgroup.com,"Physicist, medical",624.505.9428x694,2024-07-25,Ad,Working
5235,576,Steven,Griffith,steven.griffith@rogershamiltonandwalters.com,Further education lecturer,(323)793-2054,2024-12-06,Ad,Working
386,75,Tamara,Graves,tamara.graves@herrera-jacobs.com,Broadcast journalist,329.956.3992x8388,2025-04-25,Web,Unqualified
1328,3347,Rachel,Jackson,rachel.jackson@taylor-day.com,"Scientist, product/process development",587-588-0772,2024-06-21,Ad,New
4368,3992,Samuel,Lara,samuel.lara@shaw-evans.com,Chief Financial Officer,+1-298-454-2041,2024-02-24,Web,New
1393,2471,Jennifer,Young,jennifer.young@boonecarlsonandgonzalez.com,Hospital doctor,001-736-938-2797x48939,2025-07-04,Ad,Qualified
6038,807,Kimberly,Hood,kimberly.hood@williamsinc.com,English as a foreign language teacher,5825213791,2023-12-21,Referral,Qualified
7867,1331,Paul,Jones,paul.jones@walshandsons.com,Hospital pharmacist,001-800-560-1115x74029,2025-06-09,Web,Working
3155,2418,Joshua,Mason,joshua.mason@byrdplc.com,"Teacher, adult education",806-439-1653x4781,2023-12-27,Ad,Working
3120,1528,Nicole,Brown,nicole.brown@kochburnsandrodriguez.com,Art therapist,(469)633-9660x530,2024-12-30,Web,New
6219,715,Kenneth,Parks,kenneth.parks@stantonbrownandcarr.com,Child psychotherapist,(596)729-8635x73454,2025-07-09,Referral,New
7671,763,Maria,Martinez,maria.martinez@hortonllc.com,Aeronautical engineer,(479)518-6450,2025-04-15,Cold Call,Qualified
8054,1031,Michael,Carter,michael.carter@rodriguezcrawfordandcruz.com,Fitness centre manager,670-864-5491,2023-06-12,Cold Call,Qualified
6724,3527,Robert,Matthews,robert.matthews@gonzalesrosalesandbutler.com,Multimedia programmer,+1-263-427-8343x9972,2025-07-17,Web,Unqualified
5425,1552,Katherine,Fisher,katherine.fisher@henrybrownandbutler.com,Writer,(512)447-3434,2024-01-06,Ad,New
1657,3716,Heather,Dominguez,heather.dominguez@zamorabarryandsimon.com,"Production assistant, television",905.312.3872x078,2025-04-15,Web,Unqualified
448,2544,Kathleen,Powers,kathleen.powers@webbltd.com,Corporate treasurer,+1-921-694-9881x63882,2024-06-13,Ad,New
2864,2233,Karen,Howard,karen.howard@schultzmcdowellandgarcia.com,"Lecturer, higher education",(907)776-0779,2025-01-27,Referral,Working
1299,2458,Rebekah,Nicholson,rebekah.nicholson@flores-wilcox.com,Accounting technician,271-923-7789x187,2025-05-24,Web,New
6468,2659,Kim,Montgomery,kim.montgomery@schneidercastilloandberger.com,Sports administrator,+1-918-266-8477x20923,2025-03-20,Ad,New
6893,1676,Matthew,Lopez,matthew.lopez@ramireznormanandbrock.com,Stage manager,745.605.6226,2024-12-29,Ad,Unqualified
4078,1905,Erin,Garcia,erin.garcia@lee-crane.com,Clinical embryologist,546.788.2959x5808,2025-06-13,Cold Call,New
762,1791,Haley,Humphrey,haley.humphrey@andersonmccarthyandsilva.com,Water engineer,324-613-4389,2023-07-24,Web,Qualified
6085,3786,Kimberly,Gibson,kimberly.gibson@murphyolsenandwalter.com,"Optician, dispensing",966-503-5471x493,2023-12-20,Ad,Unqualified
4494,1458,Benjamin,Perry,benjamin.perry@clarkemillerandcampos.com,Further education lecturer,496.336.4144x5312,2024-11-01,Referral,New
2944,3070,Marcus,Sanchez,marcus.sanchez@willismcleanandaustin.com,Chartered public finance accountant,312-770-7100x532,2024-11-12,Ad,Unqualified
3050,3267,Deborah,Ellis,deborah.ellis@gibsonvaughanandhahn.com,Mining engineer,(342)760-7646x532,2024-11-23,Cold Call,Working
5640,3851,Michelle,Myers,michelle.myers@powellgroup.com,Games developer,001-702-835-1411x9293,2024-08-25,Web,Unqualified
6877,3748,Paul,Evans,paul.evans@wheelermcknightandwolf.com,Chiropractor,361.919.1698,2024-02-12,Referral,New
6967,2032,Daniel,Morris,daniel.morris@chendavisandortega.com,"Engineer, electrical",,2024-09-23,Cold Call,Qualified
1899,3860,Kelly,Medina,kelly.medina@glasscruzandwilliams.com,"Development worker, international aid",298.395.5852,2025-02-09,Web,Unqualified
3982,66,Stephanie,Lester,stephanie.lester@villa-vance.com,Museum education officer,931.615.2654x6224,2025-02-17,Cold Call,Qualified
3326,300,Desiree,Mclaughlin,desiree.mclaughlin@boyd-carter.com,Historic buildings inspector/conservation officer,+1-733-471-3240x60841,2025-04-03,Web,Working
1940,3032,Ashley,Graves,ashley.graves@mullins-collier.com,Accounting technician,,2025-07-10,Cold Call,Qualified
2449,1377,Jennifer,Chandler,jennifer.chandler@gibsonltd.com,Merchant navy officer,001-447-303-7008x916,2023-11-23,Web,Qualified
761,1791,Julian,Bright,julian.bright@andersonmccarthyandsilva.com,Call centre manager,(928)563-3720,2025-01-27,Cold Call,New
3999,444,Jennifer,Mejia,jennifer.mejia@nguyenrichardsonandgarcia.com,Hospital doctor,952-290-5541x925,2023-03-06,Cold Call,New
4702,2437,Mark,Jenkins,mark.jenkins@christensen-soto.com,"Conservation officer, nature",001-387-853-6962,2025-05-29,Cold Call,Unqualified
5655,1499,Sarah,Ryan,sarah.ryan@parsons-martinez.com,Sales promotion account executive,670-563-8985x56819,2025-05-29,Web,Qualified
2984,1867,Michael,Chan,michael.chan@ortiz-evans.com,IT trainer,442.208.8973x68701,2025-06-25,Ad,Unqualified
38,2165,Joshua,Mckinney,joshua.mckinney@berrywaltersandlittle.com,Professor Emeritus,250-607-8590,2024-05-26,Ad,Unqualified
5734,1765,Robert,Dyer,robert.dyer@cohen-lopez.com,Multimedia specialist,+1-905-764-2695,2025-07-01,Cold Call,New
5663,3887,Kathleen,Wood,kathleen.wood@chavez-green.com,Press sub,653-489-9216x520,2025-06-07,Web,Working
1548,2385,Ian,Mcmillan,ian.mcmillan@arnoldgroup.com,Radio producer,511-438-1200x61456,2024-02-07,Ad,Qualified
2249,3110,Leslie,Santos,leslie.santos@johnsongroup.com,Armed forces training and education officer,385.759.2988,2025-07-10,Cold Call,Qualified
6418,241,Juan,Hicks,juan.hicks@smithrobertsandmack.com,Textile designer,(877)378-6989,2024-10-14,Referral,Qualified
1688,2767,Sean,Booker,sean.booker@allengroup.com,"Engineer, water",(407)507-8702x11775,2023-06-11,Cold Call,Qualified
6527,2965,Alexander,Cook,alexander.cook@beckergroup.com,Artist,,2025-06-20,Cold Call,New
7240,3685,Raymond,Pham,raymond.pham@miller-gilbert.com,Armed forces logistics/support/administrative officer,613.223.9364,2025-05-30,Ad,Unqualified
3714,2192,Kimberly,Patel,kimberly.patel@edwardswilsonandturner.com,"Therapist, speech and language",+1-537-628-6503x534,2023-06-29,Referral,Unqualified
2085,1617,Shannon,Warren,shannon.warren@thompson-schmidt.com,"Engineer, structural",761-282-4367,2025-03-17,Ad,Working
6144,218,Robert,Gregory,robert.gregory@moorehardingandgarcia.com,"Engineer, control and instrumentation",(308)214-6510x9155,2023-01-09,Ad,Qualified
8009,1670,Robert,Ramirez,robert.ramirez@hillnewtonandstephenson.com,"Scientist, marine",001-993-971-1278x509,2025-03-20,Cold Call,Qualified
1771,2489,Danielle,Blankenship,danielle.blankenship@grimes-morales.com,Regulatory affairs officer,+1-972-446-0906x533,2025-06-15,Referral,Qualified
5441,2657,Greg,Nelson,greg.nelson@transmithandgraham.com,Occupational hygienist,,2025-05-27,Cold Call,Unqualified
852,3654,John,Hunter,john.hunter@myersgroup.com,Public relations officer,001-355-208-6697x921,2025-05-24,Referral,Qualified
5942,202,Charles,Garcia,charles.garcia@floresltd.com,Recruitment consultant,+1-610-342-7473x04853,2023-12-26,Web,Working
6066,1521,Ryan,Smith,ryan.smith@houston-lozano.com,Research scientist (life sciences),,2025-01-17,Cold Call,Working
6381,1638,Brittney,Richardson,brittney.richardson@shawgroup.com,"Surveyor, minerals",(723)963-9585x336,2025-04-17,Ad,New
7353,3612,Joseph,Patterson,joseph.patterson@barrerafigueroaandmitchell.com,Science writer,+1-208-472-5199,2024-12-29,Ad,Qualified
3264,3300,Stephen,Morgan,stephen.morgan@stewartllc.com,"Therapist, occupational",001-388-962-2566x233,2024-12-09,Web,Qualified
4522,2635,Patrick,Hansen,patrick.hansen@hullinc.com,Animator,963.963.9524,2024-11-16,Cold Call,Unqualified
7386,1667,Wendy,Barrera,wendy.barrera@millergroup.com,Art therapist,313.229.7618x5100,2025-06-02,Cold Call,Unqualified
5352,2991,Michelle,Bullock,michelle.bullock@ramoshawkinsandbell.com,"Engineer, energy",+1-353-991-7645x3671,2025-02-07,Web,New
1987,3886,William,Pollard,william.pollard@cookleeandschmitt.com,Operations geologist,001-738-366-9565x1287,2025-03-12,Ad,New
2999,2732,Chelsea,Mcknight,chelsea.mcknight@hernandez-hogan.com,Public affairs consultant,+1-555-542-0028x691,2025-05-22,Cold Call,Qualified
34,1548,Juan,Perez,juan.perez@tyler-allen.com,Advertising art director,001-520-766-6636x817,2023-03-29,Ad,Working
5762,2422,Erin,White,erin.white@welchplc.com,Ergonomist,(462)780-7259x48818,2025-01-03,Referral,Unqualified
968,3703,Larry,Brown,larry.brown@lang-gibbs.com,"Engineer, energy",+1-826-661-3951x368,2023-11-15,Cold Call,Qualified
3842,1128,Kimberly,Alvarez,kimberly.alvarez@hernandez-wiggins.com,"Surveyor, quantity",(571)978-6108,2024-02-10,Web,Unqualified
5418,1284,Kathryn,Davis,kathryn.davis@greene-wade.com,Comptroller,+1-874-766-1178,2025-02-10,Cold Call,Qualified
4333,1171,Kimberly,Parks,kimberly.parks@averygroup.com,Chiropractor,603-898-0866,2024-04-28,Cold Call,Working
2247,3110,Anthony,Freeman,anthony.freeman@johnsongroup.com,"Therapist, sports",663.988.7086,2025-06-17,Web,Working
6141,42,John,Martin,john.martin@perkinsinc.com,Regulatory affairs officer,548.276.3099x12778,2024-05-19,Cold Call,Unqualified
479,415,Veronica,Lopez,veronica.lopez@lambltd.com,Special effects artist,388-454-7007x974,2024-09-10,Web,Qualified
7058,1410,Jennifer,Hampton,jennifer.hampton@ochoa-gomez.com,"Buyer, industrial",+1-272-614-9906x96416,2025-06-14,Web,Qualified
5649,1690,Gloria,Hogan,gloria.hogan@white-holden.com,"Pharmacist, hospital",+1-249-793-3706x649,2023-10-15,Referral,Unqualified
4008,3494,Tony,Soto,tony.soto@walkerllc.com,"Designer, television/film set",,2025-06-02,Ad,Working
7570,2343,Angelica,Andrade,angelica.andrade@johnstoninc.com,Air cabin crew,446.793.4953,2024-06-27,Cold Call,Qualified
2473,2177,Christopher,Howard,christopher.howard@santanagrayandcarpenter.com,"Investment banker, operational",(952)990-8863x54332,2023-07-30,Cold Call,Working
5485,2528,Sherry,Powers,sherry.powers@fisherjohnsonandsmith.com,Cytogeneticist,001-684-938-0294,2023-05-18,Web,Working
5580,3461,Marie,Hull,marie.hull@bennett-garrison.com,Chiropodist,930-816-8332x66145,2024-11-22,Ad,Qualified
424,2198,Nicolas,Kaiser,nicolas.kaiser@smith-mueller.com,"Therapist, speech and language",,2024-10-31,Web,Qualified
353,3407,Patricia,Vaughn,patricia.vaughn@shieldsltd.com,"Designer, jewellery",566-391-3955,2024-12-05,Referral,Qualified
3793,2897,Brian,Spencer,brian.spencer@hardin-graham.com,Data scientist,375-700-1285x75811,2024-07-25,Cold Call,Working
2082,3121,Mark,Brown,mark.brown@vargas-wells.com,Animator,(459)835-7101,2025-07-15,Cold Call,Working
607,471,Jennifer,Roth,jennifer.roth@johnsonmackandlopez.com,Metallurgist,551.956.3183x7815,2024-04-12,Referral,Qualified
942,2703,Cindy,Holt,cindy.holt@masseyvegaandhall.com,Broadcast journalist,001-536-665-8628x349,2023-11-28,Cold Call,Qualified
4382,797,Kenneth,Watts,kenneth.watts@monroellc.com,Clinical molecular geneticist,(753)826-9757x9058,2025-04-17,Cold Call,Unqualified
975,163,Jenny,Bowen,jenny.bowen@cruzschmidtandwatson.com,Futures trader,,2024-11-04,Cold Call,Unqualified
5218,2467,Clarence,Harris,clarence.harris@matthewsrobbinsandchapman.com,Outdoor activities/education manager,5539008298,2025-03-15,Ad,New
5947,3392,Jason,Parks,jason.parks@brown-davis.com,Physiological scientist,488-397-9763,2025-03-06,Web,Qualified
1234,2460,Christine,Jackson,christine.jackson@riveraharrisandrichmond.com,Barrister's clerk,+1-572-551-9625,2024-12-14,Ad,Working
6747,3864,Cheryl,Lynch,cheryl.lynch@cochran-montoya.com,"Administrator, local government",(993)712-7643x7367,2025-06-16,Referral,Qualified
57,1522,Kelly,Cruz,kelly.cruz@davistranandking.com,"Psychologist, clinical",346.340.1810x156,2024-01-20,Ad,Working
4160,2590,Heather,Nolan,heather.nolan@miller-rodriguez.com,"Research officer, trade union",001-367-207-3738x221,2025-05-19,Cold Call,Working
4412,1710,David,Johnson,david.johnson@horne-butler.com,Dietitian,(928)202-2972x635,2025-06-30,Cold Call,Working
6742,2043,Stacy,Miller,stacy.miller@acostaltd.com,Architect,491.661.7489x33179,2025-02-12,Ad,New
5019,28,Christina,Clay,christina.clay@riddlemcdanielandwang.com,Operational researcher,255-874-4838x64589,2024-11-05,Ad,Qualified
508,2786,Sue,Haley,sue.haley@sweeneychambersandleon.com,Web designer,483-719-9944x14083,2025-04-17,Cold Call,Working
1307,2853,Michael,Cardenas,michael.cardenas@jarvis-shaw.com,"Librarian, public",840-621-4318,2023-05-18,Ad,Unqualified
6913,2751,John,Davis,john.davis@williamsrodgersandnelson.com,Mudlogger,682.956.7672,2022-11-19,Web,Working
1841,1693,Alison,Schroeder,alison.schroeder@saundersltd.com,Sports therapist,+1-937-976-2042x344,2025-05-10,Ad,New
6645,366,Douglas,Dyer,douglas.dyer@ramirezjensenandjones.com,Cytogeneticist,001-731-962-3558x90254,2024-03-13,Cold Call,Qualified
560,239,Lauren,Reeves,lauren.reeves@jensenwilliamsandmyers.com,Local government officer,855-250-9116,2024-06-14,Cold Call,Unqualified
6738,155,John,Smith,john.smith@churchltd.com,Data scientist,(467)559-0013x57159,2024-04-08,Web,Working
5262,2840,Andrew,Duncan,andrew.duncan@bautistareedandwalker.com,Environmental health practitioner,,2025-06-09,Web,New
1543,127,Susan,Haynes,susan.haynes@belllivingstonandcollins.com,Building control surveyor,(807)729-4831x7199,2025-05-29,Web,New
6584,3816,Erika,Pham,erika.pham@dyer-cox.com,"Administrator, Civil Service",+1-698-292-3706,2025-04-12,Ad,Qualified
470,1754,Brenda,Guerrero,brenda.guerrero@washington-nguyen.com,Secondary school teacher,703.225.8731,2024-06-11,Referral,Qualified
8011,3776,Jennifer,Bradley,jennifer.bradley@garcia-reid.com,Research scientist (medical),4619125378,2025-02-20,Web,New
302,2446,Kimberly,Smith,kimberly.smith@richardsonandersonandharris.com,Product designer,442.975.6257x628,2023-05-04,Web,Unqualified
7646,3651,Desiree,Wright,desiree.wright@kennedychavezandnunez.com,"Administrator, local government",+1-978-337-8013,2024-10-22,Web,Unqualified
6110,1161,Travis,Wolfe,travis.wolfe@mccullough-holland.com,Armed forces training and education officer,(253)789-4340x60104,2023-09-06,Cold Call,New
5050,3588,Ana,Price,ana.price@lopez-vaughan.com,Armed forces technical officer,2985579408,2025-07-04,Ad,Unqualified
3276,3340,Christian,Arnold,christian.arnold@petersengilesandmcintosh.com,"Presenter, broadcasting",(380)819-0967,2025-01-21,Ad,New
1064,1344,Tina,Sanchez,tina.sanchez@perezllc.com,Planning and development surveyor,781-632-5335,2024-08-19,Referral,Qualified
7007,1038,Jenna,Malone,jenna.malone@leegroup.com,"Surveyor, hydrographic",+1-563-937-2165,2024-09-19,Ad,Unqualified
2587,98,John,Villanueva,john.villanueva@huynhthomasandandrews.com,Pensions consultant,451.369.1277,2024-05-25,Referral,Working
1973,529,Diana,Contreras,diana.contreras@conley-wilkerson.com,Horticultural therapist,001-390-821-9580x61791,2025-05-18,Cold Call,Qualified
7955,114,John,Lang,john.lang@browninc.com,Private music teacher,(751)346-0127,2024-06-29,Referral,New
86,2513,Andrea,Hogan,andrea.hogan@sheachapmanandkim.com,Company secretary,,2023-08-05,Web,Qualified
5851,104,Angela,Herrera,angela.herrera@perez-martin.com,Administrator,932-763-7191,2025-05-20,Cold Call,Unqualified
5225,74,Melissa,Parker,melissa.parker@sheppardinc.com,Further education lecturer,560.519.0521,2024-12-07,Cold Call,Qualified
3995,1940,Nicole,Jones,nicole.jones@galvanandsons.com,Pathologist,+1-861-544-6118x16028,2023-08-29,Referral,Working
4624,3062,Paul,Tucker,paul.tucker@burnettmartinezandgardner.com,Customer service manager,001-370-218-9421x35959,2024-08-08,Cold Call,Qualified
7953,1143,Marcus,Finley,marcus.finley@haneyltd.com,Interpreter,908-480-1992x40346,2024-11-13,Ad,Qualified
2479,3302,Sharon,Wolf,sharon.wolf@tucker-farrell.com,Art therapist,(857)755-6495x30091,2024-10-20,Web,Unqualified
1895,3034,Rick,Hardy,rick.hardy@hawkins-stewart.com,Contracting civil engineer,,2024-12-04,Ad,Qualified
5657,2749,Stacey,Aguirre,stacey.aguirre@neal-williams.com,Community arts worker,219.382.8118x4298,2025-07-05,Referral,Working
2815,2982,Robin,Salazar,robin.salazar@whiteinc.com,International aid/development worker,757-706-4010x00745,2024-04-17,Referral,New
1941,3174,Anna,Garcia,anna.garcia@solis-anderson.com,"Production assistant, television",(453)256-9206,2025-02-10,Referral,New
2159,1630,Brandon,Moore,brandon.moore@muellerplc.com,Hydrogeologist,,2024-06-10,Cold Call,Working
1576,1033,Jamie,Moore,jamie.moore@hamptonchristianandrose.com,Information officer,640.355.4000,2025-04-17,Web,New
7730,1285,Robin,Rogers,robin.rogers@adams-johnson.com,"Administrator, arts",(376)417-1299,2025-04-10,Cold Call,Working
994,323,George,Espinoza,george.espinoza@wilson-li.com,"Buyer, retail",001-655-741-7822x2015,2025-01-18,Cold Call,New
5741,2778,Kathryn,Fields,kathryn.fields@thomaslozanoandpearson.com,Associate Professor,2774849358,2025-02-18,Referral,Unqualified
2672,2541,Natalie,Mccoy,natalie.mccoy@collinssanchezandray.com,Control and instrumentation engineer,,2025-07-18,Cold Call,New
5178,2576,Matthew,Lee,matthew.lee@monroe-johnson.com,Armed forces operational officer,(670)784-2539x5500,2025-07-01,Referral,New
1351,855,Adam,Perry,adam.perry@rushinc.com,Archivist,,2024-09-04,Web,New
5307,1071,Terri,Simmons,terri.simmons@savage-fisher.com,"Nurse, adult",8399627740,2024-03-13,Cold Call,Working
2217,1482,Brandon,Cunningham,brandon.cunningham@hudsonmercadoandphillips.com,Administrator,+1-313-861-3818x271,2024-11-13,Cold Call,Qualified
2527,3595,Laura,Jones,laura.jones@lanehardinandsmith.com,"Exhibitions officer, museum/gallery",229.220.8451,2023-12-06,Web,Qualified
1296,3236,Jennifer,Johnson,jennifer.johnson@martinezllc.com,"Scientist, research (life sciences)",957-862-0971x650,2025-02-25,Ad,Qualified
2581,1269,Brandon,Sanders,brandon.sanders@peckllc.com,Sports therapist,+1-443-967-2358,2025-06-17,Cold Call,Working
5437,1650,Chase,Choi,chase.choi@morganspencerandmiles.com,Field seismologist,948-385-8706x55845,2023-09-14,Web,Unqualified
1988,1872,Robert,Salinas,robert.salinas@brown-hawkins.com,"Designer, ceramics/pottery",265-273-8666x68943,2025-05-09,Cold Call,Working
1383,1302,Adam,Cook,adam.cook@townsendwashingtonandperry.com,"Administrator, charities/voluntary organisations",762.783.8145,2023-07-02,Web,New
3510,277,Ashley,Gray,ashley.gray@andersonplc.com,Oncologist,379-296-3293,2025-04-10,Cold Call,Working
380,1067,Amy,Fields,amy.fields@robertsltd.com,Travel agency manager,001-380-356-2829x4565,2025-04-05,Referral,Working
596,798,Troy,Murray,troy.murray@johnson-fisher.com,Pathologist,209.796.0213,2025-05-12,Web,Working
6301,3260,Kelly,Collins,kelly.collins@chenandersonandramirez.com,Geoscientist,567-607-8278x257,2025-04-20,Cold Call,Working
3497,1839,Tasha,Davis,tasha.davis@rowellc.com,Careers adviser,240-289-7089x9022,2025-06-24,Cold Call,Working
7778,3793,Janet,Davis,janet.davis@pearsonmyersandcampbell.com,Electrical engineer,+1-274-842-2233x6841,2024-12-01,Referral,Working
5878,1402,Mary,Clark,mary.clark@mathewsllc.com,Occupational psychologist,(380)879-3787x3307,2024-08-03,Web,Unqualified
2505,3297,Patricia,Marshall,patricia.marshall@saundersandsons.com,Occupational therapist,300.684.3244x1364,2024-12-05,Web,New
290,1724,Jason,Perkins,jason.perkins@whiteandsons.com,Toxicologist,366-597-5148,2024-06-15,Referral,Qualified
275,1415,Brendan,Wheeler,brendan.wheeler@becker-wood.com,Actuary,957-998-1385,2024-02-16,Cold Call,Unqualified
1795,3079,Keith,Torres,keith.torres@richardson-petersen.com,Forensic scientist,8632050699,2024-01-25,Cold Call,Unqualified
1225,3888,Kevin,Miller,kevin.miller@williamslopezanddurham.com,Dispensing optician,(819)642-0433,2025-02-25,Referral,Working
8016,547,Joseph,Gillespie,joseph.gillespie@montoya-mccall.com,Quantity surveyor,001-907-810-2991x0164,2025-03-31,Ad,Working
6048,1216,Laurie,Reilly,laurie.reilly@baker-jensen.com,Dance movement psychotherapist,578.889.0712,2025-06-05,Web,Unqualified
4418,3140,Justin,Lozano,justin.lozano@anderson-johnston.com,Armed forces technical officer,,2022-10-15,Ad,Working
7071,2969,Kenneth,Gilbert,kenneth.gilbert@schaefer-hudson.com,Transport planner,(506)350-6879x748,2023-08-17,Cold Call,Unqualified
3402,3787,Lindsay,Bruce,lindsay.bruce@frank-meza.com,"Civil engineer, consulting",(990)613-9697x740,2025-05-08,Cold Call,Qualified
3408,2933,Jason,Elliott,jason.elliott@huntergroup.com,"Journalist, broadcasting",001-986-948-9039x01025,2024-07-04,Web,Working
5471,2153,Angela,Avery,angela.avery@cruzplc.com,International aid/development worker,001-403-514-2134x4555,2025-05-07,Web,Qualified
7506,1797,Nathan,Flores,nathan.flores@adams-jensen.com,"Therapist, sports",402-658-9959x84163,2024-06-30,Referral,Qualified
7528,2873,Richard,Miller,richard.miller@pattersonplc.com,Logistics and distribution manager,9175811365,2023-08-12,Ad,Qualified
2036,280,Jonathan,Harris,jonathan.harris@byrd-baird.com,Armed forces training and education officer,214.845.1271,2025-01-04,Ad,New
2826,3358,Lauren,White,lauren.white@george-dudley.com,Retail manager,+1-245-543-9257x052,2024-01-19,Referral,Working
3815,2016,Judy,Gray,judy.gray@santosyangandberry.com,Careers adviser,+1-407-626-5341x1840,2025-04-05,Web,Working
7620,1684,Jonathan,Gray,jonathan.gray@youngwhitakerandmorgan.com,"Geologist, engineering",301-283-4848x8111,2024-10-01,Referral,Working
4638,2642,Timothy,Hughes,timothy.hughes@bradleyjonesandhamilton.com,Archaeologist,001-218-761-5027x91036,2024-03-19,Referral,Working
5921,1211,Jennifer,Guerra,jennifer.guerra@robinsonmezaandvillegas.com,"Buyer, retail",802.730.4744,2025-04-06,Referral,Qualified
7164,836,Eric,Bishop,eric.bishop@montoyarosalesandwilliams.com,Land/geomatics surveyor,5947202461,2025-04-25,Cold Call,Qualified
1719,299,Laura,Shaffer,laura.shaffer@johnsonchaneyandli.com,"Designer, industrial/product",001-898-423-2941,2025-06-30,Cold Call,Qualified
6331,895,Vanessa,Dunn,vanessa.dunn@combs-leach.com,"Engineer, biomedical",598-668-3122,2025-01-04,Cold Call,Working
1754,145,Thomas,Willis,thomas.willis@shahcisnerosandmiller.com,Lobbyist,571.547.1703,2025-06-07,Referral,Unqualified
4409,2617,Michelle,Wyatt,michelle.wyatt@rivasandsons.com,Industrial/product designer,(816)972-5228,2024-11-08,Ad,Qualified
1623,422,Ricardo,Jackson,ricardo.jackson@huntwalkerandhiggins.com,Geochemist,215-820-9115,2025-07-15,Referral,Unqualified
4997,2872,Maureen,Moore,maureen.moore@torreskennedyandmorrison.com,Educational psychologist,980.442.8282x0156,2025-01-15,Ad,Working
6678,1868,Timothy,Jensen,timothy.jensen@ellisfischerandreed.com,Colour technologist,(583)918-1344,2025-07-05,Referral,Working
375,3019,William,Le,william.le@phamgarciaandparks.com,Pathologist,(416)827-3040x005,2025-03-13,Cold Call,Unqualified
4106,3262,Robin,Benjamin,robin.benjamin@hamiltonevansanddavis.com,Structural engineer,740-390-6608,2023-01-16,Cold Call,Working
4194,1574,Joann,Martinez,joann.martinez@grantsmithandjohnson.com,Amenity horticulturist,877-600-8734x737,2025-05-05,Ad,Working
902,447,Philip,Larson,philip.larson@bergerinc.com,Therapeutic radiographer,9887765944,2025-04-28,Referral,New
5432,3790,Manuel,Gonzalez,manuel.gonzalez@miller-foley.com,"Research officer, government",783-863-2517x10904,2024-12-02,Ad,New
4575,942,William,Mccoy,william.mccoy@murphyplc.com,Games developer,,2025-07-01,Ad,Unqualified
3366,260,Patricia,Whitney,patricia.whitney@whitecortezandthornton.com,"Education officer, environmental",4076784335,2023-10-13,Web,New
3013,1267,Amanda,Burton,amanda.burton@thomasmartinezandreyes.com,Prison officer,882.537.7503x6579,2025-07-06,Cold Call,Qualified
8007,2722,April,Schultz,april.schultz@keller-johnson.com,"Pharmacist, hospital",(291)966-3308x6109,2024-04-30,Ad,Qualified
6808,2997,Kimberly,Morgan,kimberly.morgan@perez-spencer.com,Psychiatric nurse,(913)856-2417,2025-02-21,Web,Unqualified
7377,3674,Christine,Flynn,christine.flynn@holmeswilliamsonandjames.com,Event organiser,(255)385-5825x617,2025-06-07,Ad,Unqualified
7832,3522,Adrian,Moon,adrian.moon@michael-pierce.com,Operational investment banker,001-632-755-0020x85984,2024-07-27,Cold Call,New
1360,1519,Karen,Copeland,karen.copeland@gonzalez-bond.com,Clinical cytogeneticist,(261)503-1989x39840,2024-09-06,Web,Working
7510,3038,Jennifer,Martin,jennifer.martin@taylorkimandchen.com,Museum/gallery curator,517-253-1829,2023-11-28,Referral,New
4301,2426,Megan,May,megan.may@holmesmitchellanddudley.com,Advice worker,466-529-7388x7777,2024-12-04,Cold Call,Working
2897,3587,Taylor,Carter,taylor.carter@dominguez-hamilton.com,Ship broker,(791)983-8192x69755,2024-02-21,Ad,Working
749,3002,Jessica,Cochran,jessica.cochran@norris-kelly.com,International aid/development worker,+1-958-625-2613,2025-02-06,Cold Call,Qualified
4808,2878,Heidi,Morris,heidi.morris@snyderandsons.com,"Designer, television/film set",658-548-7451x20011,2025-06-06,Cold Call,Unqualified
3478,2346,Audrey,Torres,audrey.torres@moralesltd.com,Retail banker,001-228-804-9225x255,2024-09-21,Cold Call,Unqualified
1931,679,Tony,Moore,tony.moore@hillandsons.com,"Accountant, chartered",(475)273-0724x223,2024-11-10,Ad,Qualified
3715,2192,Kevin,Daniel,kevin.daniel@edwardswilsonandturner.com,Environmental health practitioner,,2024-04-25,Cold Call,Working
6127,535,Robert,Soto,robert.soto@orrterryandowens.com,Actuary,527-945-8609,2024-12-27,Referral,New
1038,3512,Pamela,Molina,pamela.molina@griffinplc.com,Management consultant,(858)836-9481x685,2025-04-08,Cold Call,Unqualified
2373,2690,Diana,Wood,diana.wood@leonplc.com,Manufacturing engineer,+1-554-991-6493,2024-08-17,Web,Qualified
389,2928,Donald,Krueger,donald.krueger@arellanomyersandmiller.com,Health and safety adviser,(621)612-9508x94702,2023-07-09,Cold Call,Unqualified
1894,1452,Anthony,Barber,anthony.barber@contrerashoffmanandknight.com,Market researcher,952-384-6659x627,2024-04-15,Referral,Working
3336,918,Nicholas,Lin,nicholas.lin@greergreenandbean.com,"Surveyor, minerals",001-443-653-2020x5702,2025-01-22,Web,Working
5984,3275,Courtney,Alvarez,courtney.alvarez@smith-johnson.com,"Administrator, local government",526.950.9739x504,2025-07-09,Ad,New
2766,3623,Jasmine,Jones,jasmine.jones@chavezbauerandjohnson.com,Hospital doctor,001-578-524-5920x3028,2025-04-02,Referral,Working
4897,1751,Sandra,Green,sandra.green@burkeclayandsalinas.com,Immigration officer,804.530.1076x2491,2023-01-23,Referral,Working
107,3652,Sharon,Tyler,sharon.tyler@wellsjonesandarmstrong.com,Materials engineer,001-485-918-9414x41556,2025-05-28,Web,Working
5817,2210,Andrew,Lyons,andrew.lyons@nicholsplc.com,Professor Emeritus,(745)851-4042x814,2025-07-08,Ad,New
163,1093,Nathan,Harrison,nathan.harrison@finley-cook.com,Sales executive,001-711-964-2563x13776,2024-01-29,Ad,Working
6507,881,Yvonne,Richards,yvonne.richards@west-trevino.com,Heritage manager,+1-496-329-6862,2025-04-05,Referral,Working
2782,362,Kevin,Brown,kevin.brown@perez-jones.com,Diplomatic Services operational officer,949-909-3332,2024-08-05,Web,Unqualified
2949,3922,Sarah,Delacruz,sarah.delacruz@wong-hubbard.com,Immunologist,273.858.5448x02738,2025-02-26,Web,Working
6523,2075,Shane,Herrera,shane.herrera@weaver-parks.com,Hospital pharmacist,+1-698-250-5624x710,2025-03-16,Referral,Qualified
7132,1424,John,Scott,john.scott@west-sanchez.com,Biomedical scientist,+1-956-610-7620x648,2024-05-11,Referral,Working
3787,2773,Samuel,Moore,samuel.moore@krause-phillips.com,"Geneticist, molecular",+1-992-922-7583x8867,2025-07-08,Cold Call,Working
4801,3714,Charles,Harrell,charles.harrell@cisnerosedwardsandedwards.com,Advertising account executive,8786787367,2025-05-16,Web,New
1815,3811,Paul,Stephens,paul.stephens@hoffmaninc.com,Orthoptist,280-300-7571x54188,2024-11-16,Referral,New
4492,1458,Russell,Reese,russell.reese@clarkemillerandcampos.com,Writer,(567)927-8847x667,2025-06-15,Ad,Qualified
2920,3151,Brandon,Kelley,brandon.kelley@woodinc.com,Radio broadcast assistant,+1-680-453-0836,2023-12-20,Referral,New
2907,3022,Gerald,Allison,gerald.allison@vargascarrollandhays.com,Futures trader,+1-870-498-6557,2025-07-06,Referral,Unqualified
2836,2295,Daniel,Lee,daniel.lee@crawfordandsons.com,"Psychotherapist, dance movement",+1-757-974-5088,2025-05-15,Ad,Working
6718,1875,Lisa,Bradley,lisa.bradley@adamsgonzalezandthomas.com,"Surveyor, building",710.424.1792x70702,2024-10-07,Cold Call,New
5603,1587,Crystal,Benitez,crystal.benitez@todd-weber.com,Geochemist,+1-997-942-6678,2024-07-30,Ad,Working
6496,1857,Jill,Gonzalez,jill.gonzalez@harperandsons.com,Aeronautical engineer,+1-974-933-4732x21952,2024-10-31,Cold Call,Qualified
2964,2041,Andrew,Williams,andrew.williams@harper-lee.com,"Administrator, education",001-569-776-1120,2025-05-01,Referral,Qualified
4884,1442,Dawn,Simpson,dawn.simpson@day-smith.com,Automotive engineer,(647)406-8268x475,2024-06-20,Referral,Unqualified
530,1890,Alisha,Morrison,alisha.morrison@blackinc.com,"Surveyor, planning and development",(500)568-7723x69534,2023-06-15,Cold Call,New
5639,1566,Nicholas,Carey,nicholas.carey@mooneyandsons.com,Sport and exercise psychologist,(381)298-1169x96956,2025-01-27,Web,Qualified
5024,397,Alan,Howard,alan.howard@duncanllc.com,Armed forces technical officer,+1-308-830-0016x3352,2025-03-30,Cold Call,Qualified
7969,3872,Tyler,Daniels,tyler.daniels@fullerbrooksandberry.com,Paediatric nurse,001-904-545-4363x11802,2024-07-29,Ad,Working
3644,3437,Gina,Mckay,gina.mckay@robinsongroup.com,Air traffic controller,+1-944-248-7504,2025-05-22,Web,Qualified
5231,2381,Paul,Bailey,paul.bailey@peterscohenandbeard.com,"Production assistant, radio",363.281.0421,2024-12-02,Web,Working
2583,866,Jesse,Frazier,jesse.frazier@shermanltd.com,Diplomatic Services operational officer,(916)252-0849,2023-09-16,Ad,Unqualified
637,3433,Diamond,Davenport,diamond.davenport@weaveradkinsandmacdonald.com,Interpreter,870-952-5681x3986,2025-05-28,Referral,Unqualified
6206,2803,Lacey,Weaver,lacey.weaver@brownllc.com,Textile designer,660.925.9352,2024-08-09,Referral,New
7854,2137,Anthony,Keith,anthony.keith@coxjonesandcooper.com,"Engineer, chemical",3533793734,2023-11-17,Ad,Unqualified
3209,2770,Mark,Hart,mark.hart@hardy-pratt.com,Hydrographic surveyor,(458)780-2349,2023-11-28,Referral,New
7997,2330,Richard,Russell,richard.russell@richardsonjohnsonandwilliams.com,Teaching laboratory technician,(344)637-5350,2024-01-22,Referral,Unqualified
1960,890,Travis,Rodriguez,travis.rodriguez@comptonltd.com,Cartographer,(548)492-8172,2025-05-21,Web,New
4796,3245,Brandi,Hoffman,brandi.hoffman@howellwhiteandlewis.com,Associate Professor,,2025-03-18,Web,New
1421,1026,Jacob,Smith,jacob.smith@macdonaldperezandjohnson.com,Communications engineer,686.823.2343x2078,2025-03-17,Ad,Qualified
2478,2597,Rodney,Ray,rodney.ray@cervantesinc.com,Primary school teacher,378.354.9732,2024-10-17,Web,Working
7605,477,Ronald,Morris,ronald.morris@gray-wilson.com,Accommodation manager,711-578-3250x5718,2025-06-12,Ad,Unqualified
4568,1138,Michelle,Hebert,michelle.hebert@mcdonaldplc.com,Medical secretary,259-568-3266,2025-05-28,Ad,Qualified
1546,3884,Anita,Contreras,anita.contreras@stewartlynnandbright.com,Health promotion specialist,487-555-6266,2025-05-28,Web,Qualified
4770,3303,Tyler,Lawrence,tyler.lawrence@jonesduranandjackson.com,"Designer, exhibition/display",(761)642-1385x751,2024-06-02,Web,Working
5534,1228,Paul,Stevens,paul.stevens@scott-stone.com,Advice worker,001-270-504-1228x51624,2023-12-06,Referral,Qualified
256,1590,Caitlin,Stewart,caitlin.stewart@foleyclarkeandmorgan.com,Dentist,209.450.0022x1826,2025-05-23,Web,Working
109,2260,Karen,Powers,karen.powers@millerpriceandpage.com,Youth worker,(327)773-2519x9844,2025-04-27,Cold Call,Qualified
6556,2763,Stephanie,Schultz,stephanie.schultz@johnsongroup.com,IT trainer,202-362-7503,2023-10-04,Referral,Unqualified
4420,2712,Jason,Morris,jason.morris@morrison-levy.com,Secretary/administrator,+1-438-374-5605,2024-11-12,Cold Call,Working
5483,102,Frank,Jackson,frank.jackson@moranburgessandcallahan.com,Arts development officer,846-995-8330x49206,2023-08-18,Referral,Unqualified
1494,3903,Maurice,Hammond,maurice.hammond@moses-wright.com,Set designer,001-437-326-6862x67450,2025-06-16,Referral,Unqualified
5854,774,Jennifer,Roberts,jennifer.roberts@murraygroup.com,"Accountant, chartered management",707.554.8541,2025-04-16,Web,Qualified
7160,3798,Dean,Smith,dean.smith@jamesltd.com,Technical author,001-447-279-2301x725,2025-05-24,Web,Working
1375,1218,Timothy,Haynes,timothy.haynes@fitzgeraldplc.com,"Radiographer, diagnostic",471.228.3729x16106,2025-06-06,Ad,Unqualified
3996,1658,Karen,Williams,karen.williams@lucero-sandoval.com,Control and instrumentation engineer,+1-945-733-7517x04887,2025-06-19,Web,Unqualified
7426,3004,Daniel,Murray,daniel.murray@andrewsplc.com,"Producer, radio",001-531-721-4365x57600,2025-03-07,Referral,Working
5110,1365,Patrick,Jackson,patrick.jackson@olson-lucero.com,"Engineer, structural",285-900-8275x5529,2025-03-25,Ad,Qualified
6785,225,Jessica,Horn,jessica.horn@legroup.com,"Development worker, international aid",453.967.6126x374,2025-02-12,Web,New
2377,1314,Jasmine,Perez,jasmine.perez@barronwilliamsandgreen.com,Stage manager,(718)542-7557x6216,2025-05-14,Web,Unqualified
630,305,Michael,Horton,michael.horton@mcmillan-walsh.com,"Engineer, agricultural",001-489-789-0934x05021,2024-08-20,Cold Call,New
5788,1893,Ryan,Richardson,ryan.richardson@meyer-richardson.com,Clinical psychologist,865.418.7436x6582,2024-08-01,Web,New
800,3524,Mary,Richards,mary.richards@smith-paul.com,"Accountant, chartered certified",,2024-11-26,Web,Working
4058,2964,Janet,Hines,janet.hines@arnoldplc.com,IT consultant,5548437672,2025-07-17,Web,Qualified
808,2902,Patrick,Myers,patrick.myers@palmerltd.com,Health physicist,(874)674-3361,2025-06-22,Referral,Working
1792,1539,Elizabeth,Murphy,elizabeth.murphy@hill-stephens.com,Animal technologist,+1-599-421-8088,2024-12-18,Cold Call,Unqualified
190,2348,Andrea,Holt,andrea.holt@duranclaytonandwiggins.com,Warehouse manager,322.651.3155x587,2024-12-03,Cold Call,Working
6723,3527,Matthew,Petersen,matthew.petersen@gonzalesrosalesandbutler.com,Tourism officer,,2025-04-04,Cold Call,Unqualified
4547,2009,Jorge,Dickerson,jorge.dickerson@scott-shannon.com,Chartered loss adjuster,+1-348-881-7782,2024-11-04,Web,Unqualified
4360,1884,Chelsea,Hernandez,chelsea.hernandez@crosbygroup.com,Nature conservation officer,236.247.6211,2025-06-18,Ad,Qualified
3655,837,Larry,Thomas,larry.thomas@stevens-willis.com,Theme park manager,935-438-7642x917,2025-02-26,Cold Call,Qualified
937,560,Christopher,Russell,christopher.russell@kelley-sanchez.com,"Engineer, building services",589.245.7785x77247,2024-02-12,Web,Qualified
4243,83,Shelley,Lyons,shelley.lyons@schroeder-lewis.com,Database administrator,819.560.4588,2025-07-17,Referral,New
5838,3144,Rachel,Thomas,rachel.thomas@youngaliandedwards.com,Stage manager,(748)384-1734,2024-04-11,Ad,New
330,2463,Kelsey,Williams,kelsey.williams@padillainc.com,Sports administrator,325-343-4373x919,2024-02-17,Cold Call,New
3186,2901,Stephanie,Brown,stephanie.brown@owens-baker.com,Advice worker,7456260103,2024-12-20,Web,New
5147,1714,Richard,Burnett,richard.burnett@gallegosinc.com,Public relations account executive,9363555244,2023-10-30,Web,Working
5263,2840,Deborah,Smith,deborah.smith@bautistareedandwalker.com,Artist,370-384-3793x8203,2025-03-05,Ad,Qualified
5637,974,Donald,Odonnell,donald.odonnell@johnsongroup.com,"Administrator, charities/voluntary organisations",7285725257,2024-01-08,Ad,Unqualified
1144,817,Derek,Sanders,derek.sanders@davisltd.com,Speech and language therapist,001-760-783-0838x384,2024-02-09,Cold Call,New
4830,1557,Steven,Austin,steven.austin@ruiz-henry.com,Art gallery manager,(885)259-9137,2025-03-12,Web,Qualified
1534,1135,Samantha,Lopez,samantha.lopez@frazierdavisandblair.com,"Scientist, research (physical sciences)",772.246.6804x06240,2025-04-08,Ad,Working
5929,1349,George,Jones,george.jones@hopkins-christensen.com,Public relations account executive,001-300-397-2070x43522,2025-03-10,Cold Call,Unqualified
2828,2162,Timothy,Hughes,timothy.hughes@jenkinsandsons.com,Therapeutic radiographer,407-575-3664,2024-11-21,Cold Call,New
4072,925,Elizabeth,Navarro,elizabeth.navarro@smith-peters.com,Multimedia programmer,+1-785-447-8225,2024-10-30,Referral,Qualified
4361,1030,Larry,Warren,larry.warren@brooks-hernandez.com,Print production planner,001-555-224-8140x5087,2024-03-25,Web,Working
7327,3244,Colleen,Leonard,colleen.leonard@grant-moore.com,"Lighting technician, broadcasting/film/video",(411)461-7679x691,2025-04-16,Cold Call,Qualified
1922,1413,Heather,Campbell,heather.campbell@rodriguezwilliamsandbrown.com,Manufacturing engineer,885.832.5066x022,2024-11-25,Referral,Qualified
744,121,Michael,Black,michael.black@orr-douglas.com,"Social research officer, government",001-346-902-6901,2024-02-19,Web,Working
3990,1241,Anthony,Castillo,anthony.castillo@nelsonplc.com,Office manager,6825620102,2025-02-19,Ad,New
475,301,David,Briggs,david.briggs@lucasinc.com,Neurosurgeon,(773)834-6860x397,2025-01-18,Ad,Unqualified
7641,919,Donna,Taylor,donna.taylor@moses-hill.com,Electronics engineer,833-963-0093,2025-05-12,Cold Call,Qualified
2225,1022,Larry,Johnson,larry.johnson@kingmoonandhall.com,Chief Marketing Officer,930-299-2784,2025-03-20,Ad,Unqualified
21,2344,Vanessa,Wallace,vanessa.wallace@lanerobinsonandcampos.com,Environmental consultant,958-384-7745x1678,2025-07-13,Cold Call,New
709,967,Taylor,Collins,taylor.collins@mcclainltd.com,"Accountant, chartered certified",+1-682-651-6734,2025-01-18,Web,Qualified
1933,2846,Kara,Morales,kara.morales@millermooreandgraham.com,Clinical molecular geneticist,819.429.5217x26720,2022-10-31,Ad,Unqualified
3599,375,Jason,Malone,jason.malone@sweeneyfischerandwelch.com,IT consultant,858-210-1751,2025-05-08,Referral,Working
1078,970,John,Small,john.small@bryant-nunez.com,Commissioning editor,(692)818-7268x5824,2024-09-24,Cold Call,Working
5213,3385,Tammy,Boyd,tammy.boyd@morrowltd.com,Chiropractor,690.298.0440x8364,2024-11-24,Cold Call,New
7125,2238,Debbie,Long,debbie.long@smithltd.com,Games developer,(539)737-6218x11963,2023-09-20,Referral,Qualified
8043,90,Melissa,Hernandez,melissa.hernandez@greenfrenchandsmith.com,Armed forces technical officer,971.604.6449,2025-05-19,Cold Call,Working
805,2879,Gary,Ward,gary.ward@buchananmartinezandhamilton.com,Planning and development surveyor,2664256928,2024-06-17,Cold Call,New
4859,411,Robin,Smith,robin.smith@hollandllc.com,"Designer, fashion/clothing",463.974.6103x37887,2024-01-08,Cold Call,Qualified
3437,3577,Melissa,Graham,melissa.graham@tranlewisandnewman.com,Education administrator,(504)848-9959x3822,2025-02-03,Cold Call,Working
538,609,Alejandro,Johnson,alejandro.johnson@carrillo-kelly.com,"Scientist, water quality",001-503-903-2712,2025-06-05,Ad,Working
6328,2201,Howard,Castro,howard.castro@nguyenpetersenandpowell.com,Fisheries officer,424-923-6591x546,2025-06-25,Referral,Working
2167,1611,Shannon,Brooks,shannon.brooks@castro-graham.com,"Administrator, arts",001-695-293-6706x122,2025-06-09,Ad,Working
5023,1775,Leah,Valentine,leah.valentine@hillgroup.com,Chief Executive Officer,(543)630-8809x968,2024-08-02,Web,Working
6047,2790,Brenda,Rivera,brenda.rivera@longcurryandmoore.com,Ambulance person,(649)603-8141x69592,2024-12-20,Referral,Unqualified
2563,2448,Joshua,Ferrell,joshua.ferrell@murilloinc.com,Records manager,318.860.3336x3451,2025-06-08,Web,Qualified
2277,738,Derek,Patel,derek.patel@sanfordllc.com,Higher education lecturer,5957095072,2024-11-05,Cold Call,New
5251,1923,Joshua,Harper,joshua.harper@gonzaleshollandandcaldwell.com,"Designer, exhibition/display",(438)978-3333x386,2024-12-11,Referral,Unqualified
3367,260,Angie,Guerra,angie.guerra@whitecortezandthornton.com,Printmaker,(332)825-3807x8924,2025-05-03,Web,Working
1376,1218,Melissa,Calderon,melissa.calderon@fitzgeraldplc.com,Patent examiner,001-831-233-8342x084,2024-09-26,Referral,Qualified
5038,1320,John,Young,john.young@ortiz-harris.com,IT sales professional,688.854.2539,2023-04-03,Cold Call,Unqualified
5146,1714,Stephanie,George,stephanie.george@gallegosinc.com,English as a second language teacher,(549)785-1106x906,2024-12-27,Web,New
5320,2550,William,Avila,william.avila@brown-jackson.com,Administrator,001-853-952-3840x681,2024-07-23,Ad,Qualified
3303,142,James,Simon,james.simon@brooks-powers.com,Textile designer,001-378-725-3345,2025-03-02,Web,Unqualified
3804,1011,Keith,Lee,keith.lee@laramccarthyandjohnson.com,Trade union research officer,877.355.0763x941,2025-02-22,Referral,Working
2126,708,Vanessa,Douglas,vanessa.douglas@longgonzalezanddavidson.com,Scientific laboratory technician,+1-347-630-4824,2024-02-01,Ad,Qualified
2648,523,William,Hill,william.hill@wardtuckerandgill.com,Research scientist (medical),320.842.7492x91430,2024-05-07,Web,New
2516,211,Donald,Watson,donald.watson@longburnsandjackson.com,Teaching laboratory technician,382.292.8602,2024-09-27,Cold Call,Qualified
2991,984,Timothy,Jones,timothy.jones@huntermoyerandhowe.com,Product designer,673.298.4815,2024-07-15,Ad,Qualified
1984,2155,Casey,Hardin,casey.hardin@khanfosterandray.com,TEFL teacher,001-263-692-1676x163,2024-10-31,Cold Call,Working
5377,1058,Christopher,Hawkins,christopher.hawkins@williamsgroup.com,Health service manager,(823)934-6875x996,2025-01-03,Ad,Working
7810,3268,Maria,Sanders,maria.sanders@jacksonsimpsonandwalker.com,Higher education lecturer,001-528-676-6298x9667,2023-01-07,Web,New
138,3583,Adrian,Leblanc,adrian.leblanc@johnsonschaeferandrodriguez.com,Careers information officer,001-495-905-2884x8996,2025-01-03,Web,Unqualified
4674,3103,Lisa,Jackson,lisa.jackson@cochran-powers.com,Glass blower/designer,+1-852-449-7226x13447,2023-08-09,Web,New
5886,1242,Belinda,Clark,belinda.clark@fernandez-franco.com,Electronics engineer,644.410.6926,2024-09-25,Referral,Working
2226,1022,Paul,Howard,paul.howard@kingmoonandhall.com,Civil Service administrator,(230)911-4911,2025-06-13,Web,Qualified
7214,2681,Selena,Hayes,selena.hayes@pricegroup.com,Estate manager/land agent,323-249-9890,2025-05-31,Cold Call,Working
6924,125,Nichole,Weiss,nichole.weiss@bowman-melendez.com,Financial trader,,2024-12-22,Ad,Unqualified
2022,1409,Jennifer,Rodriguez,jennifer.rodriguez@wise-martin.com,Sales executive,001-567-427-9695x78511,2025-02-16,Cold Call,Working
908,2748,Brandon,Watson,brandon.watson@austin-stewart.com,Herpetologist,5303613161,2024-09-10,Ad,Working
1279,2100,James,Ramsey,james.ramsey@cooleyburgessandchristian.com,Higher education lecturer,+1-808-811-6078x060,2025-04-09,Ad,New
4672,3336,Christian,Bailey,christian.bailey@kimandsons.com,"Editor, film/video",860.394.3208,2024-10-06,Referral,Unqualified
7069,2969,Margaret,Cooper,margaret.cooper@schaefer-hudson.com,Building control surveyor,001-491-692-5689x643,2024-06-19,Cold Call,Working
647,406,Kevin,Bartlett,kevin.bartlett@trujilloplc.com,"Production assistant, television",(356)420-3728,2025-05-24,Referral,Unqualified
2161,1235,Anthony,Reyes,anthony.reyes@fernandezltd.com,Futures trader,001-645-512-8727x59133,2025-07-10,Web,New
3617,668,Ronald,Spears,ronald.spears@mercadosmithandsavage.com,"Embryologist, clinical",(649)432-5926,2025-05-27,Ad,Working
4009,1873,Ashley,Perry,ashley.perry@holmes-hampton.com,"Engineer, site",001-994-774-3984x213,2024-10-23,Ad,New
664,3965,Caroline,Hicks,caroline.hicks@woodsalvaradoandrobertson.com,Tree surgeon,001-410-231-4113x495,2025-03-19,Ad,Qualified
4979,1236,Julian,Wood,julian.wood@deleonfrankandmiller.com,"Scientist, research (physical sciences)",984-422-3367x72563,2024-10-05,Web,Qualified
2038,1997,Katie,Mcconnell,katie.mcconnell@colonandsons.com,Acupuncturist,(661)536-4484x589,2025-06-28,Referral,New
6374,2740,Linda,Walker,linda.walker@youngmooreandlowe.com,Environmental education officer,695-857-5687,2025-03-31,Ad,New
7049,2380,Stephen,Hartman,stephen.hartman@holmesandsons.com,Systems developer,+1-836-701-7188x64989,2024-02-10,Referral,New
4104,1032,Jeanette,Sullivan,jeanette.sullivan@anderson-floyd.com,"Therapist, sports",(939)953-5360,2025-02-11,Cold Call,New
724,3641,Karen,Beard,karen.beard@barrett-shelton.com,Armed forces operational officer,785-709-8300x58315,2025-01-06,Cold Call,Unqualified
6312,3848,Ryan,Novak,ryan.novak@watsonpayneandmoody.com,"Therapist, horticultural",232.594.9428,2024-06-28,Web,Unqualified
7802,2391,Briana,Hoffman,briana.hoffman@butlerlinandramsey.com,Environmental manager,416.731.3296,2025-05-18,Cold Call,Unqualified
551,448,Brenda,Fox,brenda.fox@parker-melendez.com,Radiation protection practitioner,3912288936,2024-11-04,Referral,Working
1308,3728,Wendy,Singleton,wendy.singleton@daybrownandsanchez.com,Licensed conveyancer,8997082675,2024-05-28,Ad,Qualified
7891,3844,Debbie,Pierce,debbie.pierce@richardsonchandlerandrussell.com,"Designer, textile",001-665-593-2518x196,2025-05-05,Cold Call,New
5101,2282,Elizabeth,Lee,elizabeth.lee@barton-walter.com,"Surveyor, rural practice",829.507.8590x88851,2024-10-31,Web,Unqualified
5391,2062,Richard,Brown,richard.brown@cummingsbrownandsweeney.com,Geographical information systems officer,261.452.9937,2025-05-14,Cold Call,Unqualified
4201,885,Jessica,Blake,jessica.blake@grantporterandreynolds.com,Air traffic controller,9996656788,2024-04-06,Web,New
704,1532,Rose,Wilson,rose.wilson@alvarado-johnson.com,Herpetologist,001-406-522-7638x16546,2025-07-17,Referral,Unqualified
7883,1629,Heather,Coleman,heather.coleman@camposandsons.com,Field trials officer,001-363-452-1215x306,2025-07-16,Cold Call,Qualified
2666,1696,Randy,Huynh,randy.huynh@kelly-ross.com,Forest/woodland manager,736-725-5526,2025-04-26,Web,New
3704,2717,Ian,Ortiz,ian.ortiz@hernandez-jackson.com,"Scientist, product/process development",668-864-0514,2023-06-04,Cold Call,Working
1985,2155,Melissa,Santos,melissa.santos@khanfosterandray.com,Airline pilot,769.685.1148x7667,2025-02-28,Cold Call,Working
7177,1664,John,Sullivan,john.sullivan@potterllc.com,"Nurse, mental health",+1-942-208-6286x9462,2025-05-18,Cold Call,Working
4974,1356,Daniel,Blake,daniel.blake@careyandsons.com,"Teacher, special educational needs",+1-917-417-0754,2024-05-02,Web,New
6704,5,Kimberly,Walker,kimberly.walker@martininc.com,Energy manager,001-340-745-4091x08767,2024-02-09,Ad,Unqualified
5066,3233,Diane,Williams,diane.williams@henry-vasquez.com,Newspaper journalist,9836500844,2024-12-19,Referral,Qualified
3945,1003,Darrell,Brown,darrell.brown@westltd.com,"Engineer, automotive",938-327-3705x5719,2024-06-05,Ad,Qualified
2083,1617,Jason,Wyatt,jason.wyatt@thompson-schmidt.com,Research scientist (maths),001-420-350-7868,2025-05-03,Referral,Unqualified
7611,1055,Patrick,Lee,patrick.lee@nguyenplc.com,Retail banker,+1-738-585-2101x7069,2024-11-06,Referral,Working
2446,3063,Margaret,Petty,margaret.petty@rose-jackson.com,Health and safety adviser,6436380915,2024-01-14,Cold Call,Working
5798,2402,Philip,Gordon,philip.gordon@molina-peterson.com,Production engineer,(218)585-1066,2024-04-29,Referral,Qualified
4280,945,Dawn,Martinez,dawn.martinez@pittmaninc.com,Records manager,502-425-0368x023,2025-06-09,Referral,Working
2622,2602,Pedro,Wagner,pedro.wagner@bowman-caldwell.com,Clinical cytogeneticist,+1-965-283-5330,2023-04-06,Cold Call,Unqualified
3362,563,Crystal,Robinson,crystal.robinson@newmanplc.com,Broadcast journalist,236.684.4091,2024-02-19,Referral,Working
2968,2613,Eric,Briggs,eric.briggs@grahamgroup.com,"Embryologist, clinical",(956)276-6667,2024-11-21,Cold Call,Unqualified
1552,3773,Carol,Stewart,carol.stewart@rossstevensandfrancis.com,Chartered management accountant,360-404-5551,2025-05-01,Web,Unqualified
7876,3627,Nicholas,Gonzalez,nicholas.gonzalez@alvaradopopeandsantos.com,"Therapist, speech and language",(423)388-8983,2025-05-02,Ad,Unqualified
939,2262,Monica,Bailey,monica.bailey@mooreinc.com,Medical technical officer,+1-695-650-2555x084,2025-04-12,Web,Working
4428,2423,Virginia,Moore,virginia.moore@reynoldsgroup.com,Proofreader,001-321-713-7083,2025-04-28,Ad,Unqualified
5691,2066,Bridget,Pierce,bridget.pierce@young-soto.com,Administrator,725.811.8482x1270,2025-04-04,Cold Call,New
1496,3316,Janet,Tanner,janet.tanner@simmons-smith.com,Oceanographer,245.719.8863,2024-01-06,Referral,Qualified
1138,2954,Courtney,Sullivan,courtney.sullivan@dyer-smith.com,"Scientist, research (physical sciences)",879-780-3191x8804,2024-10-01,Ad,New
5401,3257,Ruben,Saunders,ruben.saunders@youngpenaandstevenson.com,Operations geologist,412.810.9356x59480,2025-06-14,Web,New
4277,466,Bryan,Wilson,bryan.wilson@reillyrodriguezandmcdonald.com,IT sales professional,(792)940-4327,2025-01-30,Ad,Unqualified
2655,3743,Timothy,Alexander,timothy.alexander@hudson-hunter.com,"Teacher, special educational needs",001-250-541-4979,2025-04-27,Web,Unqualified
1214,707,Andrew,Wilson,andrew.wilson@barrera-nichols.com,Land,283-902-9912x034,2025-02-13,Cold Call,Unqualified
1394,2471,Daniel,Hart,daniel.hart@boonecarlsonandgonzalez.com,Armed forces operational officer,(993)619-0183x0681,2025-06-10,Ad,New
6326,619,Amanda,Miller,amanda.miller@craigbradleyandcowan.com,Air broker,270-360-1222,2024-07-08,Web,New
6029,356,Marcus,Coleman,marcus.coleman@robertsonllc.com,Dealer,(974)719-5239,2024-12-26,Web,Unqualified
6027,1995,William,Anderson,william.anderson@terrell-torres.com,Sport and exercise psychologist,611-656-6572x49956,2024-12-02,Ad,New
2428,572,Megan,Wood,megan.wood@campbellltd.com,Information systems manager,+1-291-265-1306x39625,2025-04-16,Cold Call,Working
6034,1598,Debra,Scott,debra.scott@rodgers-reese.com,Education administrator,(257)597-8862,2024-12-17,Cold Call,Unqualified
1257,3157,Samantha,Young,samantha.young@hamptonllc.com,Hospital doctor,908-284-0804,2023-04-16,Ad,Unqualified
5953,1655,Carmen,Vega,carmen.vega@myersllc.com,Environmental consultant,927.989.9786x704,2024-09-04,Ad,New
87,1665,Stephanie,West,stephanie.west@price-howard.com,"Surveyor, quantity",+1-226-388-0665x788,2024-05-01,Cold Call,Qualified
1272,1685,Amanda,Wilson,amanda.wilson@patelgroup.com,Town planner,209.359.1765x14229,2025-06-14,Ad,Qualified
6502,3054,Roberta,Hunter,roberta.hunter@morgan-brady.com,"Engineer, water",(939)368-3143x91887,2025-05-25,Referral,Qualified
5207,1201,Kelly,Miller,kelly.miller@lewisbishopandjones.com,"Engineer, electronics",7953511312,2025-06-03,Web,Unqualified
2606,3504,Carla,Hansen,carla.hansen@mcintosh-ross.com,"Surveyor, minerals",656.380.5698x2837,2025-04-06,Cold Call,Unqualified
3346,613,Danny,Bryant,danny.bryant@tucker-rubio.com,"Surveyor, hydrographic",785-665-7588,2023-11-09,Cold Call,Working
7912,3050,Nicholas,Flowers,nicholas.flowers@hill-hicks.com,Agricultural consultant,+1-482-362-5712x72063,2025-05-31,Referral,Qualified
2409,3981,Amanda,Chambers,amanda.chambers@garciamyersandmorgan.com,"Geologist, wellsite",001-905-538-3267x570,2023-10-04,Cold Call,New
4143,3045,John,Bradley,john.bradley@vasquez-huffman.com,"Radiographer, diagnostic",,2025-04-01,Referral,New
6145,2636,Thomas,Wilson,thomas.wilson@collinsandsons.com,"Lecturer, higher education",001-203-969-1896x826,2025-07-03,Ad,Unqualified
7642,919,James,Coleman,james.coleman@moses-hill.com,Clinical research associate,343-706-4179,2025-06-07,Ad,Unqualified
1628,792,Andre,Williams,andre.williams@graves-yates.com,Trading standards officer,848-889-4852x3341,2024-09-02,Referral,Working
3012,1267,Catherine,Martinez,catherine.martinez@thomasmartinezandreyes.com,"Chemist, analytical",6284059244,2025-06-15,Web,Qualified
6896,186,Amber,Johnson,amber.johnson@snyderltd.com,Trading standards officer,9815875863,2024-07-02,Ad,Qualified
7458,3898,Donald,Rivas,donald.rivas@whitesmithandglover.com,Manufacturing systems engineer,985-775-9021x284,2023-12-13,Cold Call,Unqualified
2540,982,Nicholas,Wright,nicholas.wright@marsh-scott.com,Retail buyer,001-662-541-8093x33294,2023-08-29,Cold Call,Qualified
4938,1608,Erin,Robinson,erin.robinson@chenandsons.com,Haematologist,891-922-1112,2025-03-02,Cold Call,New
7184,139,Pamela,Smith,pamela.smith@lloydgroup.com,Industrial/product designer,001-824-378-3278x49216,2024-06-08,Ad,Qualified
7644,1707,Jason,Mckee,jason.mckee@clarkegroup.com,Public relations account executive,(227)468-3521,2025-03-03,Web,Qualified
3279,1206,Amanda,Daugherty,amanda.daugherty@hernandez-bailey.com,"Accountant, chartered management",+1-368-252-2438,2024-12-11,Referral,Working
3011,2731,Shannon,Williams,shannon.williams@johnsonjonesandedwards.com,Toxicologist,001-681-889-8729,2022-11-25,Referral,Qualified
3859,3073,Samantha,Mays,samantha.mays@ibarrawilliamsandhughes.com,Ship broker,8926514681,2024-04-06,Web,Working
703,2352,Karen,Gibbs,karen.gibbs@wrightplc.com,Copy,661-523-8272x16307,2025-04-05,Cold Call,Working
3720,3429,Karen,Murray,karen.murray@lopez-simmons.com,Housing manager/officer,8474032730,2025-04-08,Cold Call,Qualified
79,3692,Amanda,Smith,amanda.smith@pagesandersandphillips.com,International aid/development worker,+1-727-950-1621x70830,2024-06-05,Referral,Working
2513,755,Marcus,Fowler,marcus.fowler@mcclain-campbell.com,"Radiographer, diagnostic",(890)886-6737x49365,2023-06-28,Web,New
8078,3763,Taylor,Cruz,taylor.cruz@freemanvargasandhudson.com,"Teacher, primary school",543-333-5993x226,2024-02-23,Referral,Working
6845,3893,Shannon,Lyons,shannon.lyons@browngarciaandjenkins.com,Holiday representative,001-579-420-9793,2025-02-24,Cold Call,Qualified
1819,3325,Donald,Valenzuela,donald.valenzuela@ware-woodard.com,Human resources officer,001-643-848-0389,2024-06-28,Cold Call,New
5856,3586,Tristan,Ruiz,tristan.ruiz@murphyhernandezandlewis.com,Chief Marketing Officer,(234)958-0601,2024-08-22,Cold Call,Qualified
7304,2893,Joshua,Norton,joshua.norton@lewisllc.com,Prison officer,708-781-6054x4045,2024-09-08,Ad,New
4623,3827,Jessica,Hicks,jessica.hicks@howardplc.com,Web designer,642-588-9224,2025-06-16,Cold Call,Unqualified
6561,507,Barry,Thomas,barry.thomas@gomez-brown.com,"Social research officer, government",+1-405-366-0427,2024-07-24,Referral,Unqualified
3118,1528,Brandon,Walters,brandon.walters@kochburnsandrodriguez.com,Chief Operating Officer,(243)911-0566x86232,2024-11-10,Ad,Working
3961,3206,Eugene,Aguilar,eugene.aguilar@allenltd.com,"Scientist, marine",(866)728-3644x482,2024-06-22,Ad,New
3713,2192,William,Nicholson,william.nicholson@edwardswilsonandturner.com,Chief of Staff,,2024-03-18,Ad,New
6209,1740,Matthew,Petersen,matthew.petersen@blevinsplc.com,Barrister's clerk,001-411-955-2435x79189,2024-10-21,Ad,New
2107,216,John,Ali,john.ali@wilsonbaileyandstewart.com,Homeopath,524.392.1682x390,2025-07-16,Web,New
6736,2915,Amanda,Miller,amanda.miller@perezlucasandmccarty.com,Barista,987-321-8226x0920,2024-07-05,Referral,Unqualified
150,2187,Caitlin,Good,caitlin.good@mcdonaldhickmanandmartinez.com,Teaching laboratory technician,985-500-2969x957,2025-06-17,Cold Call,New
4792,3560,Christine,Lewis,christine.lewis@leegutierrezandbates.com,Community development worker,975-808-0254,2023-09-11,Web,Qualified
4834,3471,Daisy,Williams,daisy.williams@bellltd.com,Health service manager,8937540929,2025-06-04,Referral,Unqualified
5681,1715,Rachel,Yang,rachel.yang@holtllc.com,Research scientist (maths),630.702.2779x5818,2024-09-16,Web,Qualified
7541,2903,Breanna,Brown,breanna.brown@bird-gillespie.com,Ecologist,902-549-1145x668,2025-06-03,Ad,New
1740,234,Amy,Adkins,amy.adkins@mckeeltd.com,Environmental manager,(710)550-2834x62695,2024-04-15,Cold Call,Qualified
6296,1917,Ashley,Trevino,ashley.trevino@miller-nichols.com,Field trials officer,,2025-04-04,Ad,Working
6005,148,Roger,Singleton,roger.singleton@brown-thompson.com,Research scientist (maths),203-469-8864,2025-06-21,Referral,Working
2248,3110,Kristin,Watson,kristin.watson@johnsongroup.com,Optometrist,+1-863-997-8129,2025-02-24,Ad,Unqualified
5823,2974,Kevin,Kelley,kevin.kelley@alexanderreyesandgallagher.com,Call centre manager,732-237-7437x46007,2025-04-25,Cold Call,Working
7252,2382,Melissa,Parker,melissa.parker@rothgroup.com,"Sound technician, broadcasting/film/video",001-862-846-9684,2023-12-14,Web,Unqualified
307,1646,John,Rogers,john.rogers@garciaandsons.com,Forest/woodland manager,467.918.8340x92365,2025-07-06,Referral,Qualified
3912,2676,Lance,Perez,lance.perez@hernandezltd.com,Chartered legal executive (England and Wales),293.319.6400x811,2025-06-25,Web,Qualified
1492,3344,Tiffany,Burns,tiffany.burns@allisondiazandcastillo.com,Mechanical engineer,3046655998,2025-07-07,Web,Qualified
1575,331,Laura,Martin,laura.martin@barnettcobbandmoran.com,Sales promotion account executive,+1-824-706-8530x6197,2024-06-09,Cold Call,Working
1060,1735,Dorothy,Hopkins,dorothy.hopkins@bird-nelson.com,Herpetologist,447.222.9712x210,2024-05-29,Referral,Working
2025,3690,Raymond,Davila,raymond.davila@hernandez-hicks.com,Sports administrator,(661)680-0495,2024-06-17,Web,Qualified
2130,1845,Barry,Watts,barry.watts@nguyenllc.com,Print production planner,(437)834-7900x555,2025-06-01,Referral,Unqualified
7517,2522,Seth,David,seth.david@osbornellc.com,Financial trader,506.934.9466,2025-06-30,Referral,New
3298,177,Jacob,Bryan,jacob.bryan@pattersonandsons.com,Warden/ranger,372-445-7991x39397,2024-11-28,Cold Call,Qualified
6088,657,Jennifer,Jackson,jennifer.jackson@jenkinsfranklinandbrowning.com,Camera operator,(514)685-3636,2025-06-17,Cold Call,Unqualified
7162,863,Daniel,Paul,daniel.paul@butler-sloan.com,Media buyer,(311)398-3792x14765,2024-08-15,Web,Working
4950,488,Luis,Elliott,luis.elliott@berrymooreandjohnson.com,"Surveyor, insurance",+1-666-850-2911x4663,2025-07-10,Cold Call,Qualified
1812,1509,Stefanie,Brown,stefanie.brown@moore-norton.com,Research scientist (physical sciences),(204)803-3449x40460,2025-07-18,Referral,Unqualified
4713,3298,Tara,Flores,tara.flores@rangelsheltonandrobinson.com,"Civil engineer, consulting",001-629-292-4553x647,2024-11-26,Referral,New
6576,1014,Andrew,Gallagher,andrew.gallagher@williamsllc.com,Psychiatrist,001-240-725-5293x1465,2025-03-27,Cold Call,New
78,3692,Teresa,Williams,teresa.williams@pagesandersandphillips.com,Science writer,(588)943-5196,2024-06-18,Referral,Working
2687,2716,Xavier,Luna,xavier.luna@cox-jones.com,Financial trader,+1-247-956-9077x859,2025-06-29,Ad,Qualified
3310,276,Matthew,Figueroa,matthew.figueroa@stewart-schaefer.com,Equality and diversity officer,(727)368-8140x3108,2023-10-09,Web,New
5707,3582,Patrick,Campos,patrick.campos@hendersonmcbrideandwilliams.com,Building surveyor,220.213.4727x44886,2025-06-07,Web,New
1201,1777,Nicole,Mccoy,nicole.mccoy@phillips-campbell.com,Management consultant,001-714-979-2789x305,2025-02-26,Referral,Qualified
4037,622,John,Ali,john.ali@pattersonmunozandcarey.com,"Engineer, mining",+1-801-795-1399,2024-11-12,Referral,Unqualified
249,4000,Charles,Pearson,charles.pearson@crawfordfoleyandortiz.com,Regulatory affairs officer,776-252-5270x6461,2025-04-12,Referral,Qualified
4929,1256,Steven,Franklin,steven.franklin@ferrellllc.com,Barrister,264-323-1577x144,2024-06-10,Referral,Unqualified
2329,162,John,Sullivan,john.sullivan@mooremooreandkim.com,Glass blower/designer,326.899.4458,2025-06-02,Web,Unqualified
1525,2957,Tiffany,Brown,tiffany.brown@hendersonplc.com,"Administrator, sports",535.841.3162x82092,2025-02-20,Cold Call,New
7250,903,Debbie,Hall,debbie.hall@russell-murphy.com,Investment analyst,(997)294-8798x136,2025-07-09,Web,Unqualified
1281,3040,Julie,Ford,julie.ford@hernandez-johnson.com,"Teacher, special educational needs",001-667-426-9185x1306,2024-08-17,Cold Call,Working
3288,3030,William,Jackson,william.jackson@lanedouglasandmclean.com,Facilities manager,+1-564-222-2071x6639,2024-05-11,Web,Working
6186,694,Christopher,James,christopher.james@brown-cox.com,Probation officer,472-346-2938x2585,2025-06-05,Ad,Qualified
7640,919,Dylan,Riley,dylan.riley@moses-hill.com,"Engineer, control and instrumentation",001-590-777-1390,2025-06-30,Referral,Unqualified
4176,1388,Crystal,Anderson,crystal.anderson@roman-wilson.com,Television/film/video producer,001-645-337-4533x41382,2025-06-23,Ad,Unqualified
113,188,Dale,Mccoy,dale.mccoy@swanson-foster.com,Operational investment banker,450-397-4504,2023-07-27,Cold Call,Working
6157,1737,Matthew,Moss,matthew.moss@davidplc.com,Fashion designer,001-368-939-4884x3455,2024-12-18,Referral,New
3452,2206,Fernando,Jensen,fernando.jensen@grahamltd.com,Learning disability nurse,660-883-3160x6592,2024-01-23,Ad,Qualified
5386,463,Tyrone,Mendoza,tyrone.mendoza@irwinsanchezandfletcher.com,"Pharmacist, community",850-401-9139x84374,2025-07-14,Web,Qualified
557,2179,Michael,Mcfarland,michael.mcfarland@long-black.com,Waste management officer,924.683.6819x756,2025-07-17,Web,Working
7607,1593,Doris,Diaz,doris.diaz@floresandsons.com,Mechanical engineer,+1-844-320-8809,2023-12-16,Cold Call,Unqualified
6421,3478,Kristine,Jones,kristine.jones@myers-hall.com,Passenger transport manager,001-466-343-1192x9571,2024-02-24,Referral,New
2041,3381,Alicia,Tucker,alicia.tucker@carpenterllc.com,Illustrator,572-837-7721x0373,2025-07-06,Cold Call,New
5986,1814,Monique,Smith,monique.smith@bakerllc.com,"Nurse, children's",+1-992-422-0000x52339,2024-10-08,Ad,Working
4005,3700,Jennifer,Vincent,jennifer.vincent@pena-west.com,"Scientist, research (physical sciences)",001-973-225-5655,2025-05-10,Cold Call,Qualified
7166,836,Noah,Humphrey,noah.humphrey@montoyarosalesandwilliams.com,Acupuncturist,(717)791-0969x655,2025-07-11,Web,Qualified
4628,1822,Kathryn,Cole,kathryn.cole@hill-short.com,Chemical engineer,(931)887-2410x1849,2025-02-20,Web,Unqualified
3676,337,Keith,Frank,keith.frank@allenltd.com,Building control surveyor,597-740-4171x03521,2023-09-21,Ad,Working
6566,589,Amanda,Roberts,amanda.roberts@romeroltd.com,Jewellery designer,(384)309-7156,2025-03-03,Cold Call,Working
7906,794,Karen,Bond,karen.bond@scott-edwards.com,Medical laboratory scientific officer,565.796.3389,2025-05-04,Ad,Working
6843,3417,Dylan,Fowler,dylan.fowler@randolphwilkinsandsmith.com,"Buyer, retail",+1-651-404-1375,2024-02-07,Cold Call,Qualified
1778,592,Sarah,Snyder,sarah.snyder@myerscampbellandho.com,"Psychologist, occupational",001-492-574-4217x698,2025-05-09,Referral,Working
6529,3382,James,Best,james.best@lutz-smith.com,Publishing copy,578.436.0870x3870,2025-03-15,Referral,Qualified
5411,2738,Evan,Hancock,evan.hancock@barajas-mcguire.com,Chartered management accountant,4448668870,2025-02-24,Referral,Unqualified
5881,3976,Christopher,Vance,christopher.vance@keithltd.com,Minerals surveyor,997-522-0286x842,2024-07-17,Web,Unqualified
5806,598,Jose,Marquez,jose.marquez@pageplc.com,"Teacher, primary school",924.911.4095,2025-05-07,Referral,Unqualified
7427,916,Joseph,Rose,joseph.rose@johnsonwrightandmartinez.com,Cartographer,845-931-0748x45751,2024-12-11,Cold Call,Qualified
6450,3071,Timothy,Valencia,timothy.valencia@coffey-houston.com,Textile designer,+1-518-997-6579,2025-05-14,Web,New
2950,2038,Melissa,Griffith,melissa.griffith@espinozaplc.com,"Designer, fashion/clothing",+1-998-293-8360x01793,2024-11-03,Web,Qualified
6338,1395,Stephen,Stewart,stephen.stewart@rodriguez-cox.com,Race relations officer,+1-505-679-6813x99230,2025-06-23,Cold Call,Working
657,2194,Marissa,Powell,marissa.powell@richardson-roman.com,Counselling psychologist,619-917-5654x1563,2023-09-23,Referral,Working
6274,1854,Jennifer,Garcia,jennifer.garcia@wilsonllc.com,Hospital doctor,+1-931-270-9245x679,2025-07-15,Web,Unqualified
2783,362,Kristine,Henderson,kristine.henderson@perez-jones.com,Contractor,214-870-6074x76720,2025-03-01,Ad,Unqualified
1493,3903,Gregory,Martin,gregory.martin@moses-wright.com,Further education lecturer,706-946-0156,2025-07-04,Referral,Qualified
1631,242,Joe,Davis,joe.davis@smith-jones.com,Furniture conservator/restorer,462.683.3910,2025-07-01,Web,Working
4023,2972,Alexis,Lambert,alexis.lambert@floresinc.com,TEFL teacher,676.812.3583,2025-07-14,Web,Unqualified
2590,43,Jason,Carpenter,jason.carpenter@marquezmartinandallen.com,Animator,6576003789,2025-05-23,Cold Call,New
4892,2106,Alexander,Garcia,alexander.garcia@leach-adams.com,Multimedia specialist,,2025-02-06,Web,New
5866,2783,David,Hamilton,david.hamilton@graham-fleming.com,"Sound technician, broadcasting/film/video",001-548-472-2898x51986,2024-03-23,Cold Call,Qualified
2644,2804,Joshua,Guerra,joshua.guerra@carey-may.com,IT consultant,+1-536-329-3871,2025-05-23,Web,Working
2323,995,John,Cohen,john.cohen@cooperinc.com,Heritage manager,001-895-294-5150x759,2025-01-26,Cold Call,Qualified
461,2723,Wayne,White,wayne.white@fox-mcdaniel.com,Civil Service administrator,(233)342-5692,2025-01-06,Referral,New
3934,3311,William,Mann,william.mann@martinezgroup.com,Special educational needs teacher,(781)427-6316,2025-06-09,Ad,Qualified
2188,549,Nancy,Huerta,nancy.huerta@francis-powell.com,Scientific laboratory technician,,2025-03-24,Referral,Working
1379,842,Andrea,Ramirez,andrea.ramirez@marksltd.com,Immunologist,405.926.3696x03252,2024-04-16,Ad,New
7776,2166,Phillip,Newton,phillip.newton@brown-castillo.com,Herpetologist,705-465-1212x0645,2025-07-07,Ad,Working
4934,3361,Christian,Franklin,christian.franklin@garciallc.com,"Scientist, product/process development",+1-916-412-5694,2023-09-21,Web,Working
3295,1851,Mary,Murray,mary.murray@longandsons.com,"Surveyor, insurance",001-350-303-0638x079,2023-06-12,Web,Working
4800,3714,Vicki,Price,vicki.price@cisnerosedwardsandedwards.com,Health and safety inspector,380-522-0012x549,2025-06-24,Web,Unqualified
6396,651,Michael,Jones,michael.jones@kelleyhudsonandwallace.com,"Scientist, water quality",682-291-8685x723,2023-10-30,Cold Call,Qualified
4419,3140,Angela,Cox,angela.cox@anderson-johnston.com,Actor,449-521-6298x11146,2024-05-15,Web,New
7118,3460,Nathan,Chavez,nathan.chavez@everettandsons.com,Television/film/video producer,(428)430-0200x92949,2025-04-23,Web,Unqualified
3923,3515,Aaron,Ayers,aaron.ayers@castro-burns.com,Youth worker,+1-999-543-5085x844,2024-10-22,Ad,Unqualified
2750,3280,Samantha,Erickson,samantha.erickson@williams-allen.com,"Loss adjuster, chartered",001-252-904-6241x32517,2024-03-24,Cold Call,Working
2452,729,Savannah,Hernandez,savannah.hernandez@simpsonwhiteandolson.com,Brewing technologist,(630)440-1375x087,2025-06-21,Ad,Qualified
1094,3977,Sharon,Vargas,sharon.vargas@leemarshallandgonzalez.com,Microbiologist,(221)581-8224x4589,2024-08-27,Cold Call,Unqualified
4662,1796,Adam,Warner,adam.warner@simpsongroup.com,Ophthalmologist,552.425.6770x2929,2024-12-23,Cold Call,New
7359,2451,Adam,Scott,adam.scott@turnersanchezandcordova.com,Community education officer,508-757-8478x752,2025-06-28,Cold Call,Qualified
4752,1016,James,Arnold,james.arnold@moss-evans.com,Contracting civil engineer,882-631-8861x7762,2025-06-22,Cold Call,Working
4227,2775,Amber,Hayes,amber.hayes@nunez-smith.com,Newspaper journalist,001-763-888-6273,2025-06-04,Ad,Working
6534,1343,Annette,Warner,annette.warner@stewartllc.com,"Nurse, mental health",867-360-4213x99647,2024-07-02,Web,Qualified
6690,1121,Maria,Parsons,maria.parsons@solisinc.com,"Accountant, chartered",,2023-04-09,Web,New
2008,3020,Jon,Beck,jon.beck@robinsonterryandcarter.com,"Journalist, broadcasting",+1-943-973-9365,2025-02-27,Cold Call,Working
6923,125,Jason,Gallagher,jason.gallagher@bowman-melendez.com,Brewing technologist,573.217.4033x3560,2024-09-06,Referral,Working
7205,1807,Dennis,Barnett,dennis.barnett@marshplc.com,Metallurgist,222.896.8437x807,2024-07-23,Ad,Qualified
873,190,Beth,George,beth.george@logan-collins.com,Artist,812.489.0457,2025-01-19,Cold Call,New
4511,3929,Kevin,Serrano,kevin.serrano@mitchellmartinezandruiz.com,Commercial/residential surveyor,768.841.3173,2024-03-04,Web,Qualified
5299,920,Bonnie,Harris,bonnie.harris@chanlopezandhall.com,Advertising copywriter,(822)609-9707x6329,2024-09-27,Cold Call,Unqualified
6030,356,Eric,Robinson,eric.robinson@robertsonllc.com,Landscape architect,209-529-3348x9866,2025-01-15,Web,New
2300,498,Eddie,Barron,eddie.barron@spencer-pope.com,"Geologist, engineering",+1-239-943-6268,2025-05-07,Cold Call,Unqualified
5340,3484,Jeremiah,Webb,jeremiah.webb@lopezllc.com,Regulatory affairs officer,4929639435,2024-12-13,Ad,Working
4550,1782,Mark,Snyder,mark.snyder@manning-norton.com,"Engineer, biomedical",486.844.7116x9519,2025-04-28,Web,Unqualified
91,2958,Michele,Stewart,michele.stewart@smithplc.com,Commercial/residential surveyor,576.601.7210x456,2023-08-23,Cold Call,Unqualified
3921,2566,Teresa,Navarro,teresa.navarro@young-buchanan.com,Learning disability nurse,+1-845-730-0681x474,2025-05-21,Referral,Qualified
6337,1395,Melissa,Gallegos,melissa.gallegos@rodriguez-cox.com,Podiatrist,813.458.2179x53645,2023-12-27,Web,Working
5891,879,Shelley,Russell,shelley.russell@spearsvazquezandsmith.com,Careers adviser,(942)625-6806,2024-11-20,Web,Qualified
2430,3441,Keith,Wright,keith.wright@reidchapmanandsullivan.com,Forest/woodland manager,768.739.4871x7428,2024-01-31,Cold Call,Working
4181,739,Amanda,Sandoval,amanda.sandoval@kimwebsterandbell.com,Glass blower/designer,(753)705-5366x626,2024-09-13,Web,New
7255,1338,Shannon,Thomas,shannon.thomas@meyers-gordon.com,IT technical support officer,8639442599,2023-03-08,Web,Qualified
5679,3971,Angela,Nielsen,angela.nielsen@ford-carter.com,Youth worker,284.439.2305,2025-05-06,Ad,New
7679,3704,Sarah,Davis,sarah.davis@guzman-briggs.com,"Secretary, company",725.434.0030,2025-07-15,Referral,Unqualified
4047,71,Gregory,Lewis,gregory.lewis@monroeltd.com,Textile designer,+1-919-867-7637,2025-06-29,Ad,New
6200,591,Michele,Brown,michele.brown@yorkandsons.com,Associate Professor,+1-744-571-8531x359,2025-06-12,Ad,Unqualified
620,1634,Shane,Arroyo,shane.arroyo@everett-baker.com,TEFL teacher,(985)783-8127,2024-07-28,Ad,Working
521,3986,Victoria,Robinson,victoria.robinson@caldwell-hughes.com,Medical laboratory scientific officer,001-926-887-7349x4490,2024-06-14,Referral,Unqualified
5975,120,Victoria,Flores,victoria.flores@lindseyhouseandstokes.com,Chemical engineer,001-691-671-6235x81628,2024-12-06,Ad,Working
7356,992,Daniel,Mcdaniel,daniel.mcdaniel@brooksmitchellandgregory.com,"Doctor, hospital",529.471.7135x8268,2023-11-15,Cold Call,Unqualified
6281,3672,Jeffrey,Ellis,jeffrey.ellis@garcia-schmidt.com,Management consultant,797-416-9090x252,2023-03-30,Web,Unqualified
6649,2707,Sandra,Pratt,sandra.pratt@jonesllc.com,Wellsite geologist,(703)274-3074x3369,2025-05-23,Cold Call,Unqualified
6232,1106,Brandon,Brown,brandon.brown@barryjohnsonandvelazquez.com,Catering manager,+1-921-888-9449x757,2025-07-08,Web,Unqualified
6256,1778,Brian,Taylor,brian.taylor@vaughantaylorandthomas.com,Magazine journalist,+1-692-394-0415x07107,2023-11-21,Referral,Unqualified
7962,2019,Dana,Ward,dana.ward@edwardsgroup.com,Operations geologist,3217426077,2025-07-03,Referral,Working
7422,660,Vincent,Nichols,vincent.nichols@hallespinozaandmoore.com,Careers adviser,+1-487-962-5563x6143,2024-11-18,Referral,New
75,3181,Kristina,Mccarty,kristina.mccarty@landry-jones.com,Teaching laboratory technician,+1-694-349-7915x26477,2025-03-17,Referral,New
3490,3727,Emily,Hunt,emily.hunt@reyesplc.com,"Chemist, analytical",515-931-5769x832,2025-03-26,Cold Call,Unqualified
7060,3855,Melissa,Bentley,melissa.bentley@buckleyandsons.com,Site engineer,001-634-485-7231x18890,2024-10-30,Cold Call,Working
1404,3390,James,Jenkins,james.jenkins@danielsnelsonandwood.com,Chief Technology Officer,8732965784,2025-04-29,Cold Call,Qualified
1418,1841,Edward,Carroll,edward.carroll@morrisonpinedaandcurry.com,Firefighter,999-221-0853x4807,2025-06-17,Ad,Working
474,3098,Austin,Reid,austin.reid@sheltonandsons.com,Forensic psychologist,+1-634-447-4456x206,2025-01-16,Ad,Qualified
3693,737,Joseph,Sexton,joseph.sexton@holtkeithandsnyder.com,"Engineer, production",814.396.8010,2023-07-12,Cold Call,Working
7526,664,Christy,Page,christy.page@mcleanjacksonandtodd.com,"Engineer, broadcasting (operations)",832-735-6084x58532,2024-03-07,Cold Call,Unqualified
1071,1290,Heather,Jenkins,heather.jenkins@clarkplc.com,"Engineer, control and instrumentation",001-564-327-6989x721,2025-03-10,Ad,Unqualified
6011,698,Patrick,Huerta,patrick.huerta@jonesltd.com,"Physicist, medical",6126416265,2025-07-15,Ad,New
3251,2156,Brandon,Edwards,brandon.edwards@rosalesinc.com,Equality and diversity officer,(565)978-5185x275,2024-08-21,Ad,New
6430,2021,Jacqueline,Keith,jacqueline.keith@martinhughesandparker.com,Insurance underwriter,(919)549-5786x26567,2025-05-28,Ad,New
6548,1929,Kelly,Moore,kelly.moore@hawkinsvazquezandmyers.com,Best boy,(224)399-5207,2024-10-13,Referral,Qualified
7881,723,Steven,Garcia,steven.garcia@moreno-williams.com,Counselling psychologist,001-322-671-9883x7830,2025-07-05,Referral,Qualified
1882,1669,Charles,Frank,charles.frank@mccormick-thomas.com,Market researcher,407.481.0534x48119,2024-09-25,Web,Unqualified
1028,3895,Michael,Burton,michael.burton@whiteperezandsmith.com,General practice doctor,+1-405-707-4312,2022-10-09,Ad,Working
5054,775,Autumn,Park,autumn.park@thomasacostaandcox.com,Learning mentor,642.372.9648x129,2024-09-18,Cold Call,New
7471,2759,John,Johnson,john.johnson@hickmanplc.com,"Clinical scientist, histocompatibility and immunogenetics",918.457.0150x4401,2023-04-04,Ad,Unqualified
1499,1113,Erica,Ballard,erica.ballard@kimcarrollandzamora.com,Financial risk analyst,+1-722-483-0925x6303,2024-11-11,Cold Call,New
520,3777,Kelly,Hawkins,kelly.hawkins@moore-mack.com,Tourist information centre manager,001-683-351-7032x2825,2024-12-24,Cold Call,New
1287,1305,Seth,Houston,seth.houston@hicksinc.com,"Scientist, forensic",264.329.4023,2025-05-20,Cold Call,Unqualified
8059,2717,Paul,Watkins,paul.watkins@hernandez-jackson.com,"Teacher, English as a foreign language",256.215.6441x182,2022-12-17,Cold Call,Working
5726,435,Jason,Fields,jason.fields@garciabrownandkaiser.com,Technical brewer,+1-861-918-7613x6184,2023-06-09,Cold Call,Unqualified
2286,2321,Nicole,Lopez,nicole.lopez@milleratkinsandmoyer.com,Personal assistant,(204)304-1400,2025-06-19,Ad,New
7433,2820,Caroline,Cohen,caroline.cohen@nelsonplc.com,Barista,(281)212-8867x007,2025-01-06,Ad,Unqualified
3081,1363,Kim,Roberts,kim.roberts@kingandsons.com,"Programmer, systems",979-260-3295,2025-02-20,Ad,Unqualified
7725,2769,Holly,Aguilar,holly.aguilar@mcdonaldllc.com,Theatre manager,702-564-4877x3960,2023-06-21,Web,Qualified
6560,1184,Michael,Smith,michael.smith@jonesgroup.com,Catering manager,710.581.6668,2025-06-25,Ad,Unqualified
2546,2455,Heather,Johnson,heather.johnson@hansen-wilson.com,"Librarian, academic",604-432-1778,2025-04-06,Cold Call,Qualified
3255,2920,Laura,Love,laura.love@edwards-fleming.com,Sport and exercise psychologist,9536041582,2024-07-05,Cold Call,New
7271,1663,Suzanne,Ward,suzanne.ward@hood-martinez.com,"Engineer, mining",781.317.6021,2023-07-23,Referral,Working
3463,109,Michael,Bryant,michael.bryant@williams-gonzalez.com,Systems developer,(525)541-8654x103,2025-06-20,Web,Working
5946,440,Scott,Ho,scott.ho@andersonllc.com,"Teacher, special educational needs",531.736.0814x22688,2025-03-11,Referral,Unqualified
1855,2472,Christopher,Wu,christopher.wu@wilsonltd.com,Hydrogeologist,4258757247,2024-05-19,Web,Unqualified
1889,1144,Pamela,Ross,pamela.ross@hallandersonandblack.com,Astronomer,+1-855-770-9205x478,2025-06-23,Web,Working
857,3877,Cody,Willis,cody.willis@smithhenryandgonzalez.com,IT technical support officer,747.289.0628x6184,2024-10-02,Web,Qualified
3724,2886,Robert,Marshall,robert.marshall@hardinandsons.com,Civil Service fast streamer,+1-369-972-8404x82376,2024-02-20,Cold Call,Working
5266,1252,Ana,Petersen,ana.petersen@gordonltd.com,Chief Marketing Officer,780-249-4822x6468,2025-07-01,Referral,Unqualified
4784,3578,Elizabeth,Barnett,elizabeth.barnett@velazquezltd.com,Private music teacher,523.248.7972,2025-05-01,Cold Call,Working
102,3418,Cassandra,White,cassandra.white@hernandezltd.com,Company secretary,672.783.1432,2025-05-21,Cold Call,Working
1992,1983,Anna,Zhang,anna.zhang@castro-baker.com,Community pharmacist,733-930-6248,2025-04-21,Referral,Unqualified
1639,1823,Austin,Cook,austin.cook@martin-joyce.com,Statistician,324.203.2019x04162,2024-12-04,Referral,Qualified
6340,1660,Michael,Young,michael.young@jacksonjamesandshort.com,Toxicologist,(498)218-8337x1743,2023-09-02,Referral,Working
5111,1028,Lance,Goodman,lance.goodman@hollowayltd.com,Best boy,548.890.6626x85587,2025-05-22,Web,New
1076,970,Kelly,Wright,kelly.wright@bryant-nunez.com,Chief Technology Officer,884.700.5802x689,2025-05-03,Cold Call,Unqualified
3604,669,Katherine,Young,katherine.young@cooperandsons.com,"Sound technician, broadcasting/film/video",+1-536-253-9697x7974,2025-02-28,Ad,Working
798,138,Paul,Allen,paul.allen@james-downs.com,Lawyer,758-480-7529,2025-04-30,Web,Unqualified
7048,2380,Amy,Mcdaniel,amy.mcdaniel@holmesandsons.com,Osteopath,922.742.4269x129,2024-10-17,Cold Call,Unqualified
1427,17,Steven,Reed,steven.reed@brownplc.com,Probation officer,001-578-870-7995x403,2025-04-11,Referral,Qualified
3887,1080,Sarah,Robertson,sarah.robertson@miller-smith.com,"Engineer, land",+1-987-457-1267x9147,2023-11-23,Referral,Unqualified
4915,2830,Beverly,Nichols,beverly.nichols@francisharrisandallen.com,Investment analyst,+1-927-299-3739x63799,2023-03-24,Web,Qualified
3218,1427,Raymond,Torres,raymond.torres@casejacksonandwhite.com,Publishing rights manager,278-410-8660x588,2025-04-25,Web,Qualified
2856,3249,Ann,Martin,ann.martin@smithsheaandcarroll.com,"Teacher, adult education",813-315-3183,2025-03-22,Ad,Qualified
610,706,Connor,Watts,connor.watts@kellypowellandsmith.com,Homeopath,+1-693-213-4864x408,2025-03-26,Ad,Working
3666,3373,Ryan,Rhodes,ryan.rhodes@jamesdavisandfrank.com,Financial trader,656-690-5804x681,2024-09-08,Web,Working
337,1547,Jared,Rubio,jared.rubio@murphyinc.com,Ship broker,240.410.9239x1036,2024-12-08,Cold Call,Working
3802,2907,Jacqueline,Petersen,jacqueline.petersen@garciainc.com,"Journalist, newspaper",6095676632,2023-10-06,Referral,Working
3454,496,Jennifer,Morgan,jennifer.morgan@jacobsonsinghandpeterson.com,"Scientist, biomedical",(333)304-7839x637,2025-04-19,Ad,Qualified
7678,3704,Sarah,Nicholson,sarah.nicholson@guzman-briggs.com,Writer,725-563-5940x6623,2025-05-26,Ad,New
155,1431,Brandy,Butler,brandy.butler@sandersplc.com,Information officer,001-896-311-8116,2025-06-23,Web,Qualified
1541,3395,Connie,Allen,connie.allen@gonzalezandsons.com,Trade mark attorney,+1-974-517-2590,2025-07-09,Web,Qualified
2010,1194,Glen,Baker,glen.baker@fishergatesandnelson.com,Archaeologist,(810)666-8975,2024-06-07,Ad,Qualified
3608,3107,Nathaniel,Cardenas,nathaniel.cardenas@wheeler-armstrong.com,"Psychologist, counselling",001-972-474-2678x5617,2025-07-07,Cold Call,Qualified
4551,1782,Daniel,Kirby,daniel.kirby@manning-norton.com,Training and development officer,+1-962-516-4235x7890,2025-05-06,Ad,New
5895,433,Scott,Smith,scott.smith@schmidtmendozaandross.com,Software engineer,472.830.1134,2025-03-08,Web,Working
6873,2624,Jeff,Garcia,jeff.garcia@whitellc.com,Psychotherapist,+1-680-488-4296x8485,2024-06-08,Referral,Working
2,2962,Joanne,Martinez,joanne.martinez@cookpettyandcohen.com,Glass blower/designer,001-846-460-6032,2024-10-23,Ad,New
6779,701,Richard,Crawford,richard.crawford@hanson-morris.com,Holiday representative,965-872-7195,2022-12-21,Referral,Qualified
4098,1189,Jeanette,Wilson,jeanette.wilson@deleon-adkins.com,Immunologist,(246)825-6908x5456,2024-06-02,Cold Call,Qualified
3215,1357,Katelyn,Riggs,katelyn.riggs@bowencruzandmartinez.com,Psychiatric nurse,(361)595-3044x1301,2025-03-23,Ad,New
812,3779,Joshua,Fischer,joshua.fischer@stantonltd.com,Surgeon,442-886-8192x21737,2025-05-07,Web,New
29,141,Kevin,Gordon,kevin.gordon@torres-huynh.com,Financial risk analyst,325-958-5532,2025-06-14,Referral,Qualified
5816,1848,Maria,Holt,maria.holt@scott-kelly.com,Paediatric nurse,+1-275-273-3549x02435,2024-11-16,Ad,New
7617,2520,Bridget,Fitzgerald,bridget.fitzgerald@davisinc.com,Financial planner,001-412-668-1307x61256,2025-03-23,Referral,Working
4937,1608,Joseph,Brown,joseph.brown@chenandsons.com,Publishing rights manager,215-775-5970,2025-05-16,Cold Call,New
5198,2102,Lynn,Oneill,lynn.oneill@robertsonthompsonandjohnson.com,Amenity horticulturist,,2024-07-08,Referral,New
6532,595,Jason,Parker,jason.parker@hernandezschneiderandarmstrong.com,Cabin crew,765.974.8894x77005,2024-05-21,Ad,Unqualified
6210,1740,Stacy,Ruiz,stacy.ruiz@blevinsplc.com,Housing manager/officer,429-875-5701x37558,2024-04-01,Ad,Unqualified
6505,1451,Matthew,Hale,matthew.hale@hubermedinaandlyons.com,Retail buyer,754.365.0269,2023-10-22,Web,Unqualified
3239,1954,Michele,Poole,michele.poole@savagehoodanddavis.com,Chief Executive Officer,379-371-5381x1711,2025-04-08,Cold Call,Working
6045,2085,Philip,Robinson,philip.robinson@harrisonealandthompson.com,Freight forwarder,971-676-7616x105,2023-10-05,Cold Call,Working
5081,1315,Brittany,Young,brittany.young@delgadoinc.com,Operational investment banker,+1-887-558-8222x82246,2023-09-09,Cold Call,New
3037,1821,Heidi,Campbell,heidi.campbell@mckayinc.com,Research scientist (maths),293-562-8386,2025-02-23,Ad,Working
2529,2998,Donna,Harris,donna.harris@kellerplc.com,Physiotherapist,720.787.9590,2023-11-10,Referral,Qualified
6289,3152,Nicholas,Moore,nicholas.moore@johnston-george.com,"Designer, furniture",001-889-857-5244x051,2024-11-01,Referral,Unqualified
736,661,William,Jackson,william.jackson@phillipsrobinsonandzavala.com,"Chemist, analytical",778-819-9449x5819,2024-11-03,Referral,Unqualified
2060,3710,Bryce,Cooley,bryce.cooley@jonesplc.com,"Production designer, theatre/television/film",501.720.4823x18294,2023-09-29,Web,Working
3220,2601,Jean,Brown,jean.brown@smith-hensley.com,Chartered loss adjuster,(487)755-4849,2025-07-13,Referral,Working
1545,3884,Ryan,Bailey,ryan.bailey@stewartlynnandbright.com,Civil Service administrator,238-709-9645,2025-07-02,Ad,Working
76,1208,Vanessa,Krueger,vanessa.krueger@simmonsgroup.com,Careers information officer,521-872-1772,2025-06-13,Ad,New
3433,2474,Amy,Thomas,amy.thomas@chandler-stephens.com,Recycling officer,215-234-1749x97022,2024-10-07,Cold Call,New
4764,2959,Timothy,Richardson,timothy.richardson@clarkeliandharris.com,Printmaker,972-343-9541x31869,2025-07-13,Referral,Working
2548,3323,Justin,Franco,justin.franco@thomasgroup.com,"Engineer, chemical",+1-830-857-8710x45308,2025-06-15,Cold Call,Unqualified
1323,3404,Heather,Hatfield,heather.hatfield@johnsonandsons.com,Outdoor activities/education manager,941-669-6697x295,2025-05-26,Cold Call,Qualified
5511,1829,Haley,Rios,haley.rios@bauer-brewer.com,Office manager,704.274.8845x8042,2025-05-02,Ad,Working
6494,652,Gina,Smith,gina.smith@martinllc.com,Commissioning editor,+1-834-709-8459,2024-12-18,Ad,New
3370,976,Richard,Richards,richard.richards@hilljacksonandbarajas.com,Curator,(834)470-5688x2006,2024-05-01,Ad,Working
7971,2645,Kenneth,Lynch,kenneth.lynch@meyer-castillo.com,Insurance risk surveyor,550-370-0318,2023-09-05,Cold Call,Qualified
5020,28,Marcus,Henderson,marcus.henderson@riddlemcdanielandwang.com,Seismic interpreter,779-653-2888x467,2025-02-27,Web,Qualified
4706,93,Kyle,Ellison,kyle.ellison@ritter-nixon.com,Media planner,001-862-581-7262x57758,2022-12-06,Referral,Unqualified
4936,1608,Heather,Strong,heather.strong@chenandsons.com,Counsellor,841.730.1260,2024-08-21,Ad,Unqualified
1698,2539,David,Mills,david.mills@brownsanchezandcook.com,Rural practice surveyor,(309)844-5378x57983,2025-05-20,Referral,Qualified
312,232,Shawn,Rivera,shawn.rivera@knighthallandklein.com,Insurance risk surveyor,(513)401-8900,2025-07-18,Web,New
7003,1345,John,Cain,john.cain@guerreroltd.com,Editorial assistant,3055196509,2025-07-05,Web,Unqualified
7508,1633,Jesse,Cervantes,jesse.cervantes@underwoodplc.com,Retail manager,708.579.9899x32632,2025-05-04,Web,Working
751,2331,Penny,Walton,penny.walton@brownltd.com,Press sub,(203)476-8551x87260,2025-01-10,Cold Call,Unqualified
6482,3635,Paul,Powell,paul.powell@sanchezallenandsmith.com,Youth worker,521.499.6160,2025-03-26,Cold Call,New
7439,3921,Laura,Garcia,laura.garcia@kanebensonandchavez.com,Adult guidance worker,2873467216,2024-11-04,Ad,Working
4429,2423,Elizabeth,Woods,elizabeth.woods@reynoldsgroup.com,Hydrogeologist,(935)740-7062x793,2025-05-07,Web,Qualified
1229,3905,Elizabeth,Thomas,elizabeth.thomas@bush-miller.com,Naval architect,+1-879-545-5350x675,2024-12-18,Ad,New
1333,3516,Sheila,Cole,sheila.cole@stonehopkinsandortiz.com,Surgeon,001-647-699-0684,2025-06-26,Cold Call,Unqualified
1104,2651,Kelly,Martin,kelly.martin@abbott-bauer.com,Biomedical engineer,001-890-826-0063x40123,2025-05-25,Ad,Working
6349,2529,Anthony,Rose,anthony.rose@harringtonchapmanandtorres.com,"Sound technician, broadcasting/film/video",745.984.7831,2025-04-29,Ad,Qualified
5904,1949,Danielle,Roberts,danielle.roberts@bruce-johnson.com,"Designer, ceramics/pottery",001-929-971-2236,2025-05-20,Cold Call,Qualified
3587,3217,Theodore,Singh,theodore.singh@ramirezthorntonandwhitaker.com,Marine scientist,383.446.0755x54622,2025-05-05,Ad,Working
2823,213,Lisa,Harris,lisa.harris@jonesplc.com,Mental health nurse,001-824-597-2098,2025-05-27,Web,New
426,690,Gina,Franklin,gina.franklin@lewisplc.com,Risk manager,001-721-760-3005x7690,2024-11-10,Cold Call,Unqualified
4956,70,Susan,Berg,susan.berg@sanchez-bell.com,Agricultural consultant,347.683.2081x4398,2024-08-26,Referral,Working
281,3602,Jenna,Diaz,jenna.diaz@gray-brooks.com,Set designer,001-333-852-4597x3649,2023-11-10,Ad,Working
1384,3171,Lori,Gonzalez,lori.gonzalez@pattersonmoralesandstevenson.com,Educational psychologist,001-658-391-5775x744,2023-03-26,Ad,New
89,777,Robert,Sims,robert.sims@phillipsjenkinsandwade.com,"Surveyor, minerals",991-771-4237x1572,2025-04-28,Referral,Working
4780,154,Carl,Bean,carl.bean@johnsonjohnsonandmueller.com,Technical sales engineer,(881)979-4681,2025-07-03,Web,Qualified
8086,266,Shawn,Mcintyre,shawn.mcintyre@chandlertaylorandmiller.com,Animal technologist,527-939-9051x36317,2025-04-07,Web,Qualified
7044,369,Lisa,Howell,lisa.howell@millerandsons.com,"Therapist, nutritional",622.666.4138x5251,2025-03-02,Cold Call,New
6931,1774,Renee,Lloyd,renee.lloyd@hernandez-alvarado.com,Dentist,795.325.8079x02327,2024-09-22,Ad,New
4378,1283,Douglas,Evans,douglas.evans@smithlangandjones.com,"Production assistant, radio",339.552.9471x26828,2025-01-31,Referral,Working
6857,573,Laura,Hicks,laura.hicks@pruittltd.com,"Designer, graphic",409.424.5786x521,2024-04-20,Web,Unqualified
5099,1217,Eric,Wilson,eric.wilson@peterson-hunt.com,Naval architect,997-857-7759,2023-01-24,Ad,Qualified
3865,3937,Tiffany,Scott,tiffany.scott@lynchgroup.com,Training and development officer,001-608-556-3370x6883,2024-06-28,Cold Call,Working
455,3492,Lee,Espinoza,lee.espinoza@millerltd.com,Dealer,(710)820-1220x038,2025-07-07,Ad,Working
4018,604,John,Bowers,john.bowers@reedjacksonandali.com,"Education officer, museum",+1-819-218-3626x9337,2025-05-27,Referral,New
2620,2076,Glenn,Bennett,glenn.bennett@patellopezandellison.com,"Scientist, research (maths)",,2025-03-22,Referral,New
3975,2746,Jennifer,Johnson,jennifer.johnson@millerltd.com,Chiropractor,749.426.8895x77329,2024-09-04,Cold Call,New
7378,3674,Richard,Griffin,richard.griffin@holmeswilliamsonandjames.com,Writer,+1-925-262-1091x601,2023-10-02,Ad,Qualified
3222,1984,Eric,Dawson,eric.dawson@bakerllc.com,Broadcast engineer,+1-446-446-3390,2025-01-30,Cold Call,Unqualified
2279,2806,Steven,Lynch,steven.lynch@wallaceplc.com,"Surveyor, building",9782123609,2024-04-04,Ad,Working
5029,2614,Jason,Norris,jason.norris@pattersonbanksandharrington.com,Diagnostic radiographer,2455214128,2024-11-03,Cold Call,Unqualified
5583,1443,Daniel,Colon,daniel.colon@jonesedwardsandjohnson.com,Maintenance engineer,503.375.4977x90274,2024-08-04,Ad,Working
7741,430,Jennifer,Mcpherson,jennifer.mcpherson@harris-nelson.com,Music therapist,(943)604-8690x4917,2025-06-21,Referral,Working
3496,816,Matthew,Ross,matthew.ross@jackson-flores.com,Magazine journalist,,2025-04-16,Referral,Unqualified
4168,1672,Dawn,Coleman,dawn.coleman@hebert-jimenez.com,Civil Service fast streamer,289-518-8660x950,2025-01-24,Referral,Unqualified
2784,3709,Susan,Fuentes,susan.fuentes@owensmurphyandpetty.com,Chemical engineer,959-507-8995x6790,2025-02-11,Ad,Unqualified
6300,3260,Diana,Spencer,diana.spencer@chenandersonandramirez.com,Agricultural consultant,7482886618,2024-02-07,Ad,New
7173,146,Stephanie,Rodriguez,stephanie.rodriguez@donaldsonllc.com,"Biochemist, clinical",001-415-211-8513x943,2023-04-27,Web,Qualified
4236,3491,Angela,Briggs,angela.briggs@smithherreraandharris.com,Magazine journalist,756.342.3297,2025-05-03,Web,Working
7839,511,Jesse,Hernandez,jesse.hernandez@woodard-lucas.com,Communications engineer,369.961.9889x1727,2025-01-08,Cold Call,Unqualified
1979,1978,Kevin,Burns,kevin.burns@leehensonandtaylor.com,Phytotherapist,(456)490-0420x60686,2025-03-23,Ad,Qualified
1833,691,Karen,Lee,karen.lee@hortonlesteranddavidson.com,Pharmacologist,001-600-489-3140x2132,2025-03-09,Referral,Qualified
8,2031,Erin,Glenn,erin.glenn@robersonwalkerandcrawford.com,"Nurse, mental health",(725)978-7240x250,2023-07-25,Referral,Unqualified
3983,66,Sara,Duran,sara.duran@villa-vance.com,Midwife,5666566085,2025-05-23,Ad,Unqualified
1721,2157,Daniel,Edwards,daniel.edwards@clarkplc.com,Barista,744.716.2983,2023-02-03,Web,Working
3439,955,Jennifer,Smith,jennifer.smith@turner-cook.com,"Scientist, forensic",2345158740,2024-10-08,Web,New
4495,2961,Eric,Mendez,eric.mendez@glennjohnsonandcrane.com,Dentist,448.951.7159x833,2024-10-11,Web,Unqualified
6122,3970,Mary,Johnson,mary.johnson@ellis-contreras.com,Special educational needs teacher,983-651-4732x5873,2025-04-30,Web,Unqualified
7987,3164,Alexandra,Ward,alexandra.ward@shaffer-james.com,Furniture conservator/restorer,001-270-345-5926x6802,2025-05-01,Ad,New
2418,493,Brittany,White,brittany.white@foxbentleyandsmith.com,Forest/woodland manager,784.934.6793,2024-07-14,Referral,Qualified
6443,3192,Kelly,Flores,kelly.flores@jarvis-wall.com,Civil Service administrator,(361)741-5902,2025-04-03,Ad,Working
4992,3487,Jamie,Jackson,jamie.jackson@brown-sanchez.com,"Editor, magazine features",001-305-598-7878x5019,2024-08-21,Cold Call,Unqualified
5796,405,Nicholas,Craig,nicholas.craig@stoutcollinsandvillarreal.com,"Scientist, audiological",(495)540-5827x46372,2023-11-30,Cold Call,New
494,3,Steven,Mason,steven.mason@martin-coleman.com,Software engineer,375.239.8496x26392,2024-12-30,Ad,New
3640,1526,Russell,White,russell.white@villanuevaandsons.com,Consulting civil engineer,809.898.8483x700,2024-07-31,Referral,New
778,3558,David,Garner,david.garner@beckerllc.com,Make,3599958916,2024-09-14,Web,Working
7175,146,Paula,Horn,paula.horn@donaldsonllc.com,Social worker,384-958-0587x2893,2025-03-15,Cold Call,Qualified
3283,1446,Debra,Solomon,debra.solomon@johnsonandsons.com,Marine scientist,301.389.7993,2024-07-24,Referral,Working
3256,2920,Matthew,Mckinney,matthew.mckinney@edwards-fleming.com,Archaeologist,+1-266-486-3964x7181,2025-05-24,Cold Call,Unqualified
5821,1358,Eileen,Allen,eileen.allen@riveraplc.com,Actuary,362.946.1488x104,2024-07-04,Referral,New
204,3542,Charles,Ferrell,charles.ferrell@weberdavisandgarcia.com,"Secretary, company",001-619-492-2177x3817,2025-06-04,Ad,Working
7283,3072,Kelly,Barnes,kelly.barnes@banksplc.com,"Teacher, secondary school",855-537-1447,2025-06-13,Referral,Unqualified
6519,2984,Dustin,Campbell,dustin.campbell@pierce-patterson.com,Exercise physiologist,5999905512,2024-12-31,Referral,Working
1996,741,John,Alexander,john.alexander@carey-shepard.com,Historic buildings inspector/conservation officer,315.587.8616x58051,2025-01-05,Web,Working
223,420,Bruce,Oconnor,bruce.oconnor@palmerltd.com,Commercial art gallery manager,001-974-649-4847x499,2025-03-01,Web,Working
3078,2163,Michaela,Perez,michaela.perez@ellisonltd.com,Retail buyer,001-738-752-6799,2024-01-28,Cold Call,Qualified
5195,1861,Sierra,Taylor,sierra.taylor@adamswilsonandbrown.com,Chief of Staff,6986521941,2024-01-01,Referral,Qualified
5778,1222,Zoe,Davis,zoe.davis@wood-robinson.com,Interpreter,331-254-3029x49338,2023-05-10,Web,Working
5056,775,Stephanie,Cantu,stephanie.cantu@thomasacostaandcox.com,Artist,,2025-04-11,Referral,Unqualified
932,3305,Brooke,Bryan,brooke.bryan@stonegroup.com,Town planner,850.257.6226x59525,2024-01-28,Ad,Unqualified
7925,3519,Robert,Miller,robert.miller@howellandsons.com,Optometrist,(319)597-3333,2025-02-21,Web,Qualified
3664,1466,Jessica,Vargas,jessica.vargas@shawllc.com,Dentist,987.952.4510x447,2025-04-20,Referral,New
1746,1961,Michael,Elliott,michael.elliott@allison-wright.com,"Conservator, museum/gallery",(362)423-3166x6453,2025-07-09,Web,Unqualified
4356,1843,Debra,Smith,debra.smith@richardstorresandmay.com,Field trials officer,(764)565-0944,2025-04-06,Cold Call,Unqualified
7445,2082,Michael,Pollard,michael.pollard@schmidtmoranandritter.com,Retail merchandiser,(548)394-5825,2024-09-28,Ad,Qualified
2763,3993,Jennifer,Flores,jennifer.flores@smith-lambert.com,Interior and spatial designer,691-717-9046x2681,2023-02-13,Web,Qualified
4876,1571,Diana,Browning,diana.browning@hanson-lucero.com,Consulting civil engineer,001-362-966-8032x352,2025-07-17,Web,Qualified
7046,2304,Brittany,Hall,brittany.hall@garretttownsendandwalker.com,"Engineer, technical sales",001-439-908-4983x0303,2024-05-21,Ad,New
5646,293,Donna,Cohen,donna.cohen@gomez-ho.com,Operations geologist,(458)704-7243,2024-08-17,Cold Call,Working
3422,3402,Ryan,Miles,ryan.miles@lucascrawfordanddavis.com,"Chemist, analytical",779-829-3476x74293,2024-03-19,Cold Call,New
3052,3551,Kim,Hoffman,kim.hoffman@wilsonsandersandsmith.com,Ecologist,(552)451-8860,2025-05-05,Web,Working
5890,879,Leah,Phillips,leah.phillips@spearsvazquezandsmith.com,Insurance claims handler,294-466-2394x2499,2024-08-15,Ad,Unqualified
988,3913,Curtis,Kaufman,curtis.kaufman@smithplc.com,Orthoptist,+1-906-790-1134x89002,2025-03-23,Referral,Working
2749,3280,Rachel,Bryant,rachel.bryant@williams-allen.com,Set designer,(646)520-5564x4458,2025-05-06,Cold Call,New
2440,3221,Cynthia,Sanders,cynthia.sanders@simmonsltd.com,Animal technologist,+1-893-877-1958x097,2024-12-14,Ad,New
3083,2709,Alan,Butler,alan.butler@mendoza-mosley.com,"Development worker, community",001-310-742-6735x698,2025-03-27,Ad,New
5348,3242,Christina,Fowler,christina.fowler@danielwintersandhart.com,Broadcast engineer,574.563.7015x249,2025-01-08,Ad,New
8033,2138,Mike,Jones,mike.jones@taylorinc.com,Fashion designer,694-290-9842x236,2025-06-26,Web,Qualified
2308,283,Stephen,Harris,stephen.harris@gordonrobinsonanddavis.com,"Designer, textile",808-360-6367x63595,2025-04-20,Referral,New
7020,3754,Crystal,Wilson,crystal.wilson@lopez-dickerson.com,Radiation protection practitioner,001-344-479-3620x76453,2024-10-08,Cold Call,Working
4999,3408,William,Higgins,william.higgins@kirkllc.com,"Scientist, water quality",(359)988-6866x7032,2024-04-20,Cold Call,Unqualified
606,2737,Jesus,Jones,jesus.jones@west-brown.com,"Scientist, research (physical sciences)",940.384.8802,2023-12-17,Web,Unqualified
359,209,Michael,Warren,michael.warren@burnschangandcarter.com,"Horticulturist, commercial",(753)612-3294,2024-12-06,Ad,New
5624,3226,Brittany,Guerra,brittany.guerra@garcialarsenandbest.com,Education administrator,001-709-244-4587x029,2025-01-31,Referral,Unqualified
4012,2400,Laurie,Weaver,laurie.weaver@sextonandsons.com,Commissioning editor,(947)536-7899x659,2023-08-30,Ad,New
8085,3547,Michael,Haynes,michael.haynes@anthonybrownandsimpson.com,Editorial assistant,484-774-0878,2025-01-25,Cold Call,Unqualified
5416,1259,Charles,Ross,charles.ross@loganshawandquinn.com,"Engineer, communications",881.535.1809x01561,2024-08-23,Web,Qualified
4506,782,Donald,Kramer,donald.kramer@hernandezltd.com,Administrator,(984)903-2573,2025-05-31,Web,New
4788,1531,Elizabeth,Johnson,elizabeth.johnson@roberts-park.com,"Administrator, education",4983951019,2025-07-08,Web,New
984,178,Kenneth,Forbes,kenneth.forbes@figueroapayneandcooper.com,Marketing executive,447-517-9438x7195,2025-02-05,Referral,Working
6589,2289,Danielle,Armstrong,danielle.armstrong@clarke-carter.com,Clinical molecular geneticist,,2025-07-06,Referral,Unqualified
8050,3030,Michael,Mccarthy,michael.mccarthy@lanedouglasandmclean.com,Field trials officer,001-589-819-4749,2023-11-01,Cold Call,New
7489,1720,Jared,Sullivan,jared.sullivan@mcknightgrayandsmith.com,Optometrist,001-671-532-8576x66484,2025-06-07,Referral,New
7606,1593,Dawn,Carroll,dawn.carroll@floresandsons.com,Biomedical scientist,,2023-08-28,Ad,Qualified
2375,373,Jeffrey,Stewart,jeffrey.stewart@chapmanllc.com,Multimedia specialist,403-231-7406x44386,2024-11-05,Referral,New
5736,1765,Larry,Snyder,larry.snyder@cohen-lopez.com,Make,2278826703,2024-05-21,Referral,Unqualified
1362,2612,John,Kirby,john.kirby@andrewsrichardsonandosborne.com,Government social research officer,344-221-6807x606,2024-11-25,Referral,Unqualified
6203,752,Richard,Golden,richard.golden@nguyenllc.com,"Journalist, magazine",675-711-4656,2024-12-09,Web,Working
1916,1153,Paul,Tucker,paul.tucker@mckenzieshermanandmarks.com,"Scientist, water quality",772-341-8683,2024-01-18,Cold Call,New
4793,3560,Jimmy,Rodriguez,jimmy.rodriguez@leegutierrezandbates.com,Senior tax professional/tax inspector,001-863-859-9266x83173,2025-01-31,Ad,New
2603,3607,Cory,Walker,cory.walker@schneider-fisher.com,Community arts worker,(673)952-8200,2025-07-05,Ad,Qualified
4726,678,Nicholas,Knight,nicholas.knight@murraycampbellandsaunders.com,Banker,,2024-08-05,Cold Call,Qualified
7334,2671,Sheri,Miller,sheri.miller@gonzalezjimenezandtaylor.com,"Librarian, academic",949-310-7645x9949,2024-03-16,Web,Working
4732,3265,William,Booker,william.booker@rossjamesandfitzgerald.com,Financial planner,+1-251-710-1231,2023-11-30,Cold Call,Unqualified
5607,342,Robert,Stokes,robert.stokes@weaverbaldwinandwagner.com,"Designer, exhibition/display",+1-577-575-4567x15851,2025-05-09,Referral,New
5171,1863,Amber,Johnson,amber.johnson@gibbs-nichols.com,Best boy,484.845.0032,2025-05-03,Ad,Unqualified
7420,3960,Heidi,Caldwell,heidi.caldwell@holdenltd.com,Human resources officer,617-993-1787x03869,2025-01-05,Cold Call,Working
6725,21,Ryan,Smith,ryan.smith@navarroandsons.com,Music tutor,3992241746,2025-07-15,Ad,Working
3103,1793,Lisa,Boone,lisa.boone@mendozainc.com,"Engineer, broadcasting (operations)",(484)631-2491,2023-03-16,Cold Call,Working
4422,2712,Chloe,Wallace,chloe.wallace@morrison-levy.com,Bookseller,441-291-3001x02242,2025-05-25,Cold Call,Working
7837,552,Steven,Anderson,steven.anderson@reedbarronandmonroe.com,Secretary/administrator,001-917-906-5427x0668,2025-06-21,Cold Call,Working
3656,2302,Richard,Knapp,richard.knapp@collinsbartonandsmith.com,Equities trader,783.219.1128x1942,2024-04-21,Cold Call,Qualified
6220,3617,Melanie,Taylor,melanie.taylor@riverafernandezandtaylor.com,Chief Marketing Officer,001-404-921-9372x9410,2024-01-13,Web,Working
7012,1243,Jose,Simmons,jose.simmons@rogers-cochran.com,Barista,(747)517-2707,2025-03-23,Cold Call,Working
4849,73,Amanda,Baldwin,amanda.baldwin@hamiltongroup.com,Health visitor,780-877-9006,2025-01-12,Ad,Working
4748,1271,Elizabeth,Kelley,elizabeth.kelley@oconnorllc.com,Chartered legal executive (England and Wales),930-266-9253x263,2025-07-13,Ad,Qualified
1540,3395,Amy,Davis,amy.davis@gonzalezandsons.com,Accounting technician,938-764-9894,2025-07-14,Web,New
2314,811,Elizabeth,Reilly,elizabeth.reilly@phillipsandsons.com,Sports therapist,(362)347-9044x1545,2024-04-30,Cold Call,Unqualified
4489,446,Brian,Romero,brian.romero@conley-griffith.com,Oceanographer,(592)274-3225,2024-09-05,Web,New
5585,3001,Christopher,Smith,christopher.smith@millerllc.com,Paramedic,748-530-9967,2023-06-14,Ad,Working
2863,2233,Mario,Davidson,mario.davidson@schultzmcdowellandgarcia.com,Haematologist,+1-860-410-7306x87156,2024-11-25,Web,Working
3372,1094,Jennifer,Miller,jennifer.miller@hurst-lopez.com,Manufacturing engineer,,2024-10-25,Referral,Qualified
837,686,Deborah,Vance,deborah.vance@petersinc.com,Hospital doctor,001-644-675-0259x57122,2024-04-17,Ad,Unqualified
1969,119,Lisa,Ponce,lisa.ponce@woodsknightandvaughn.com,Armed forces logistics/support/administrative officer,992-868-4217x081,2025-06-10,Cold Call,New
7750,3177,Dana,Mueller,dana.mueller@wagner-ochoa.com,Actor,274-894-4701x012,2025-04-05,Cold Call,Qualified
1122,3562,Ronald,Johnson,ronald.johnson@smithwilsonandsilva.com,Leisure centre manager,001-414-881-9328,2025-07-16,Web,Working
5192,2491,Frederick,Osborne,frederick.osborne@becker-freeman.com,Public relations officer,784-333-5855,2024-02-13,Ad,Unqualified
4165,2943,Joseph,Munoz,joseph.munoz@oliver-ortiz.com,Dramatherapist,924.255.5218x9669,2024-04-29,Referral,Unqualified
5230,2381,Kelly,Hardin,kelly.hardin@peterscohenandbeard.com,"Engineer, aeronautical",+1-562-740-9742x04996,2025-05-14,Cold Call,Working
2046,1952,Selena,Hatfield,selena.hatfield@davisjohnsonandmiller.com,Professor Emeritus,001-586-587-1650x119,2023-05-27,Ad,Unqualified
4957,3223,Claudia,Moore,claudia.moore@ruiz-mccall.com,Acupuncturist,4804451973,2024-11-27,Cold Call,Qualified
5223,1721,Deanna,Myers,deanna.myers@cooperltd.com,Pension scheme manager,210-277-9368x73923,2023-12-02,Cold Call,Unqualified
3245,400,David,Jordan,david.jordan@jamesgroup.com,Medical illustrator,(912)248-1081x93480,2024-07-21,Cold Call,Working
7816,1563,Kevin,Johnson,kevin.johnson@diaz-miller.com,Dentist,818.720.7305,2024-11-18,Cold Call,Qualified
583,2968,Lisa,Wood,lisa.wood@baker-valdez.com,Early years teacher,5648138890,2025-06-24,Cold Call,New
483,1773,Jennifer,York,jennifer.york@wuplc.com,Audiological scientist,001-877-738-2713x19673,2025-03-13,Cold Call,Unqualified
3784,3202,Robert,Hutchinson,robert.hutchinson@norrisnavarroandvazquez.com,Biomedical scientist,001-329-878-2704x8155,2025-05-21,Referral,Working
5738,3909,Michele,Elliott,michele.elliott@andersondanielsandthomas.com,Psychiatric nurse,362-467-2031,2024-09-10,Ad,Unqualified
6262,2788,Steven,Evans,steven.evans@taylorlopezandhaley.com,Building control surveyor,225.378.3029,2025-01-04,Referral,New
1706,3442,Caitlyn,Carter,caitlyn.carter@jefferson-thompson.com,Paramedic,944-572-2711,2024-08-25,Cold Call,Unqualified
482,3445,Kathryn,Castro,kathryn.castro@nguyenmasonandcampbell.com,Photographer,+1-476-952-6692,2025-05-18,Ad,Qualified
5930,1349,Tina,Bennett,tina.bennett@hopkins-christensen.com,Equities trader,9034835817,2024-10-12,Referral,Working
556,44,Nicholas,Weaver,nicholas.weaver@bryantmoranandgarcia.com,Printmaker,001-266-214-8830,2025-03-28,Referral,New
182,2618,Jason,Mcbride,jason.mcbride@shepherdwrightandross.com,Printmaker,(371)857-5778,2024-09-30,Ad,Working
3861,14,Robert,Wallace,robert.wallace@meyersperkinsandnelson.com,"Engineer, chemical",+1-787-974-2633x79884,2025-06-10,Referral,New
6042,734,Daniel,Stanley,daniel.stanley@kelly-campos.com,Copy,554-663-9619x6886,2024-02-28,Ad,Unqualified
6965,2888,Kaylee,Lee,kaylee.lee@smith-stewart.com,Energy engineer,+1-965-847-0681x2981,2024-09-14,Ad,New
5488,1461,Cheryl,Smith,cheryl.smith@andersonmartinandjohnson.com,"Surveyor, rural practice",365.841.1469,2024-06-20,Ad,Qualified
1172,3591,Travis,Boyd,travis.boyd@hartmangroup.com,Media planner,001-733-322-1023,2025-07-01,Ad,Unqualified
834,860,Kelly,Johnson,kelly.johnson@meltonllc.com,"Scientist, biomedical",768.597.9405x8683,2025-07-09,Cold Call,Qualified
7918,3292,Taylor,Gutierrez,taylor.gutierrez@hartman-jensen.com,"Secretary, company",001-772-201-0254x052,2024-11-15,Web,Qualified
4367,3057,David,Ortiz,david.ortiz@ricegroup.com,Chief Marketing Officer,(804)847-9940x24903,2024-05-21,Web,Unqualified
6462,746,Sherri,Smith,sherri.smith@lawson-graham.com,Careers adviser,539-839-1040x50900,2024-02-22,Cold Call,New
6768,1384,Steven,George,steven.george@marquezwardandbennett.com,Office manager,234-300-0079x7834,2025-06-08,Ad,Working
5650,1766,Heather,Kim,heather.kim@johnson-murphy.com,Conference centre manager,888.458.9009x522,2025-06-07,Referral,New
571,271,Patrick,Gibson,patrick.gibson@rosepriceandcrosby.com,IT trainer,382-531-0031x39427,2024-03-21,Web,Qualified
863,1698,Steve,Morrow,steve.morrow@parker-phillips.com,Fashion designer,531.588.2787x780,2025-07-11,Web,New
6395,651,Daryl,Wolf,daryl.wolf@kelleyhudsonandwallace.com,Chief Executive Officer,(282)872-4412x2521,2023-02-09,Cold Call,Qualified
5092,1438,Travis,Terry,travis.terry@raymond-cain.com,Media buyer,(723)339-8209x03547,2025-01-24,Web,Unqualified
4852,455,Michelle,Cunningham,michelle.cunningham@williams-stewart.com,Chiropractor,(530)563-6460,2025-04-08,Ad,Qualified
4605,1805,Elizabeth,Daniel,elizabeth.daniel@cookeandsons.com,Lobbyist,(754)370-8281x305,2024-08-02,Ad,Qualified
6732,1376,Katelyn,Taylor,katelyn.taylor@fletchergreenandterry.com,"Scientist, research (physical sciences)",8496819138,2024-12-30,Cold Call,Unqualified
7542,2903,Chad,Henderson,chad.henderson@bird-gillespie.com,Training and development officer,231-915-7139,2025-04-02,Ad,Unqualified
3889,2660,Dana,Rodriguez,dana.rodriguez@greentranandmoore.com,Furniture conservator/restorer,509.733.6356x780,2025-07-10,Web,New
5399,2341,Mary,Ward,mary.ward@brewergroup.com,Forensic scientist,(978)583-1323x060,2024-05-22,Cold Call,Qualified
3949,1248,Kayla,Mann,kayla.mann@stephenssnyderandmurphy.com,"Teacher, English as a foreign language",357.872.9842x59161,2024-10-07,Referral,Unqualified
2196,3526,Kathryn,Garcia,kathryn.garcia@pettyplc.com,Chief Marketing Officer,540-692-5168x77516,2023-04-20,Ad,New
5248,2175,Christopher,Allen,christopher.allen@martinezballardandbradley.com,"Horticulturist, amenity",227-843-4346x454,2023-08-29,Referral,Working
3082,2709,Christopher,Garcia,christopher.garcia@mendoza-mosley.com,"Therapist, nutritional",(463)415-6865x90896,2024-12-16,Ad,Unqualified
3089,2098,Connor,Hardin,connor.hardin@scottltd.com,Recycling officer,200.412.5189x63095,2025-01-08,Cold Call,New
7138,2195,Paul,Mcdonald,paul.mcdonald@bearddavenportandjohnson.com,"Buyer, industrial",777-646-6642x2969,2025-02-02,Ad,Unqualified
7565,2072,Grant,Aguirre,grant.aguirre@castilloandsons.com,Housing manager/officer,(476)940-6028x305,2024-05-17,Cold Call,Qualified
1695,1145,Jeffrey,Young,jeffrey.young@hayden-chapman.com,Diplomatic Services operational officer,281.332.4406x188,2025-03-15,Referral,Unqualified
2384,3723,Amanda,Reyes,amanda.reyes@roseinc.com,Corporate treasurer,876.310.7541,2025-07-01,Cold Call,New
5448,2540,David,Aguilar,david.aguilar@gibson-tran.com,Exercise physiologist,001-994-227-2896,2024-09-28,Cold Call,Working
6787,19,Joe,Romero,joe.romero@salazargroup.com,Secretary/administrator,+1-263-559-6384x24859,2025-03-22,Web,Qualified
6239,2358,Keith,Spencer,keith.spencer@larsenortizandross.com,"Designer, blown glass/stained glass",(400)853-9361x165,2025-04-14,Ad,Unqualified
1645,1006,Amber,Maddox,amber.maddox@ball-love.com,Commissioning editor,001-891-757-1071x100,2025-04-06,Referral,New
3071,840,Kristopher,Cruz,kristopher.cruz@bates-mcintosh.com,Museum/gallery conservator,(253)505-0895x0020,2025-01-08,Web,Qualified
5643,2057,Jonathan,Watson,jonathan.watson@savage-leon.com,"Designer, jewellery",308.532.9821,2025-07-07,Referral,New
4456,3865,Julia,Green,julia.green@robinson-wright.com,"Therapist, drama",+1-835-633-9036x72437,2024-11-25,Web,Working
6007,2826,Jessica,Reyes,jessica.reyes@wilkinsonllc.com,"Designer, blown glass/stained glass",(754)915-9423x136,2024-09-29,Web,Unqualified
861,1991,David,Conley,david.conley@watkins-anderson.com,Medical sales representative,001-684-987-5927x67260,2025-07-12,Web,Working
3823,3380,Courtney,Martin,courtney.martin@franklin-smith.com,Farm manager,(604)437-2712x525,2025-07-15,Referral,Unqualified
1175,2824,Tyler,Powers,tyler.powers@lopez-johnson.com,"Engineer, drilling",742.944.6744,2025-02-22,Ad,Working
4878,946,David,Pena,david.pena@huertaplc.com,Textile designer,001-933-313-2717x737,2024-11-05,Ad,Qualified
4186,3061,Brenda,Little,brenda.little@andrewscantrellandburnett.com,Neurosurgeon,001-692-316-4421x014,2025-06-16,Cold Call,New
4771,2336,Renee,Estrada,renee.estrada@aliandrewsandbennett.com,Energy manager,409-364-8509,2024-03-20,Cold Call,New
5863,2757,Jason,Church,jason.church@beckerinc.com,Animal nutritionist,,2025-04-12,Web,Unqualified
49,3124,Bill,Santos,bill.santos@hebert-mendoza.com,"Teacher, special educational needs",(923)239-8447,2025-05-12,Cold Call,New
71,2303,Gina,Downs,gina.downs@comptonltd.com,Child psychotherapist,+1-594-491-5953x9426,2025-06-28,Referral,Working
3918,328,Linda,Branch,linda.branch@rodriguez-smith.com,"Sales professional, IT",419-740-1089,2023-07-01,Cold Call,Qualified
258,1590,Julie,Burns,julie.burns@foleyclarkeandmorgan.com,Environmental education officer,(454)414-6442x05569,2025-05-02,Ad,Working
7767,1582,Keith,Lawrence,keith.lawrence@deckerplc.com,Armed forces training and education officer,+1-676-381-7229x36586,2024-10-30,Referral,Qualified
601,3772,Dylan,Murphy,dylan.murphy@kirby-allen.com,Travel agency manager,+1-963-892-6547,2024-12-23,Web,New
3187,2901,Elizabeth,Howell,elizabeth.howell@owens-baker.com,"Therapist, drama",(591)909-7738,2025-03-17,Cold Call,Qualified
7917,3292,Rebecca,Hawkins,rebecca.hawkins@hartman-jensen.com,Database administrator,(517)832-5185x83321,2023-12-25,Web,Qualified
2084,1617,Joshua,Jackson,joshua.jackson@thompson-schmidt.com,Theatre stage manager,(796)658-3037x3555,2025-03-23,Web,New
5321,220,Katie,Smith,katie.smith@mooreplc.com,Medical secretary,+1-481-586-1117x4778,2024-09-20,Ad,Qualified
2839,3785,Stephen,Thompson,stephen.thompson@johnsonflemingandprice.com,English as a foreign language teacher,(408)469-6057,2025-02-07,Cold Call,Qualified
194,346,Bradley,Martin,bradley.martin@chavezrobinsonandhale.com,Adult nurse,870-871-6357x94992,2025-06-25,Ad,Qualified
5822,1895,Susan,Odonnell,susan.odonnell@daltoninc.com,Photographer,795.246.6595x781,2024-09-05,Referral,New
763,1791,Ryan,Hill,ryan.hill@andersonmccarthyandsilva.com,"Physicist, medical",+1-951-828-5969x5418,2024-04-08,Web,Unqualified
7436,1367,Matthew,Baker,matthew.baker@benitezgrahamandvasquez.com,Animal technologist,+1-548-474-9564x198,2024-11-07,Ad,Unqualified
7954,1143,Kathryn,Diaz,kathryn.diaz@haneyltd.com,"Surveyor, planning and development",(298)585-4772,2023-11-03,Web,Qualified
2493,1007,Anna,Goodman,anna.goodman@ward-wilson.com,Advice worker,+1-837-200-8481x4699,2024-11-19,Referral,New
3980,1996,Laura,Cortez,laura.cortez@green-jones.com,Planning and development surveyor,(554)805-2840x45912,2023-03-01,Web,Unqualified
5701,808,David,Brown,david.brown@patelltd.com,Fitness centre manager,+1-961-279-7617x229,2023-12-02,Referral,Working
4156,2004,Cindy,Chen,cindy.chen@turnerbrownandhunter.com,Health and safety adviser,001-786-244-7322x7957,2024-06-20,Ad,Unqualified
4779,154,Tracy,Gonzalez,tracy.gonzalez@johnsonjohnsonandmueller.com,Lobbyist,(795)368-5159x178,2025-07-15,Referral,Unqualified
3808,3626,Norman,Wells,norman.wells@griffith-hubbard.com,Multimedia programmer,716-400-9566,2023-11-07,Referral,Unqualified
4204,124,Curtis,Mccann,curtis.mccann@stuart-smith.com,"Biochemist, clinical",441.964.5617x01911,2024-11-02,Ad,Qualified
1765,2283,Veronica,Hernandez,veronica.hernandez@evanszunigaandpeterson.com,"Physicist, medical",(304)200-0233,2025-07-04,Cold Call,Working
2652,1921,Ryan,Holland,ryan.holland@leach-frank.com,"Designer, textile",(319)227-1036,2025-01-31,Web,Unqualified
3249,2212,Judith,Stewart,judith.stewart@powelllivingstonandgarcia.com,"Teacher, English as a foreign language",001-512-370-4504x931,2025-01-03,Referral,New
7481,1825,Jeffrey,Russell,jeffrey.russell@jenkinsjohnsonandmiller.com,Clinical psychologist,365.267.1073x37763,2025-05-28,Ad,Qualified
5912,3493,Allison,Ford,allison.ford@garciasmithandjones.com,Advice worker,742.253.6453,2025-06-30,Web,New
1565,1123,Larry,Miller,larry.miller@smith-hood.com,Cabin crew,+1-852-431-8218x74436,2023-11-09,Referral,Unqualified
7728,158,Logan,David,logan.david@mitchellltd.com,Pathologist,826-904-4861x55479,2025-06-07,Web,Unqualified
419,1389,Leonard,Alvarado,leonard.alvarado@wilson-mcintyre.com,Product designer,530.510.5859x212,2025-05-18,Ad,Unqualified
230,3232,Joshua,Martin,joshua.martin@hansenrichardsonandbarr.com,"Psychologist, prison and probation services",(469)437-6121x5118,2025-07-15,Referral,Qualified
1131,3425,Ronald,Hughes,ronald.hughes@wiley-contreras.com,Amenity horticulturist,544.252.4456x9458,2022-10-23,Referral,Unqualified
1798,144,John,Parker,john.parker@johnsonwoodsandharris.com,Music therapist,+1-835-846-6730x161,2025-04-24,Web,Working
3513,1457,Crystal,Reilly,crystal.reilly@allenleeandgriffin.com,"Merchandiser, retail",776-673-7040x294,2025-03-02,Ad,Working
4297,407,John,Jimenez,john.jimenez@bakerstuartandfritz.com,Chiropractor,+1-928-403-0091x054,2024-12-26,Referral,Qualified
2696,3153,Kyle,Weiss,kyle.weiss@harris-weiss.com,"Civil engineer, contracting",7979268318,2023-02-14,Ad,Unqualified
868,3371,Christina,Stokes,christina.stokes@lambertandsons.com,Special effects artist,371-805-1552,2023-05-01,Ad,Working
4535,2354,Edward,Watson,edward.watson@robertsonestradaandmontoya.com,Metallurgist,(389)962-2047x94818,2024-12-15,Referral,Working
5183,3683,Cody,Martin,cody.martin@morton-porter.com,Sales promotion account executive,(690)942-8796,2025-06-22,Referral,Unqualified
8027,1085,Danielle,Norris,danielle.norris@weberltd.com,Commercial art gallery manager,647.771.3010x063,2025-03-13,Ad,New
377,1741,Alison,James,alison.james@kleinandersonandmoreno.com,"Surveyor, building control",(693)388-7828,2025-03-12,Ad,Working
4212,1699,Jason,Evans,jason.evans@colemandeckerandlin.com,Toxicologist,7795478138,2024-11-04,Cold Call,Qualified
943,2703,Samantha,Lopez,samantha.lopez@masseyvegaandhall.com,Actuary,413.856.7391,2023-05-05,Web,Working
3756,1291,Robert,Sanders,robert.sanders@hopkinsllc.com,"Engineer, site",001-597-373-2451x75807,2025-05-10,Ad,Qualified
6194,3346,Ann,Wright,ann.wright@barrysteeleandfitzgerald.com,Public librarian,+1-703-269-5180x01095,2025-07-03,Cold Call,Working
1862,3555,Angelica,Franco,angelica.franco@callahanweaverandchavez.com,"Development worker, community",001-806-467-9391x3707,2024-03-25,Referral,New
7185,139,Antonio,Kim,antonio.kim@lloydgroup.com,"Psychologist, forensic",365.907.8190x86173,2023-11-08,Cold Call,Unqualified
4615,1036,Faith,Jacobson,faith.jacobson@butlerllc.com,Clinical molecular geneticist,732-684-0585x6475,2024-11-11,Ad,New
5558,762,Michael,Lang,michael.lang@thomasdrakeandgreen.com,Community arts worker,3615124810,2025-05-11,Ad,Qualified
2457,2934,Eric,Anderson,eric.anderson@wolfllc.com,Social researcher,(713)605-0724x10011,2025-04-10,Cold Call,Qualified
1674,1675,Kimberly,Liu,kimberly.liu@smith-ware.com,Product/process development scientist,(729)628-0040x77852,2025-05-15,Referral,Qualified
2892,3705,Matthew,Bailey,matthew.bailey@ayala-edwards.com,Professor Emeritus,843-610-4520,2024-06-10,Cold Call,Working
4962,783,Karen,Mckinney,karen.mckinney@mitchell-gonzalez.com,"Conservation officer, historic buildings",+1-253-240-8537x6535,2025-07-11,Ad,Working
7315,3870,James,Thomas,james.thomas@scottinc.com,Operational researcher,229.316.1697x32573,2025-03-08,Ad,New
7074,136,Robert,Lopez,robert.lopez@gateswaltersandwilliams.com,Health promotion specialist,001-266-334-5718x19049,2024-12-16,Referral,Working
4039,3369,Erika,Thompson,erika.thompson@wardinc.com,Adult guidance worker,+1-648-675-4839x95228,2025-01-22,Cold Call,Working
37,334,Tammy,Austin,tammy.austin@strong-carter.com,Veterinary surgeon,001-554-413-5572x0170,2024-08-18,Ad,Unqualified
7341,3919,Luke,Wood,luke.wood@ferguson-cox.com,"Chemist, analytical",+1-336-972-5497x7503,2024-06-13,Cold Call,Unqualified
1648,3906,Alyssa,Murphy,alyssa.murphy@davis-davis.com,Interior and spatial designer,001-998-891-8249x981,2025-06-26,Cold Call,New
5917,3477,Robert,Rios,robert.rios@hurstinc.com,TEFL teacher,001-793-251-2654x522,2024-06-28,Ad,Working
1661,3434,Kyle,Hernandez,kyle.hernandez@davis-ford.com,Theatre stage manager,(969)647-8002,2024-07-21,Ad,New
3394,3940,Jose,Mason,jose.mason@smithandsons.com,"Buyer, retail",623.714.5009,2025-01-19,Ad,Unqualified
7370,486,Seth,White,seth.white@mason-jackson.com,Armed forces operational officer,+1-697-310-9951x788,2025-06-24,Web,New
4191,721,Diana,Vasquez,diana.vasquez@jonesllc.com,Television production assistant,001-425-391-5625x51779,2025-04-26,Referral,Qualified
3589,2073,Anthony,Hernandez,anthony.hernandez@hays-schroeder.com,Industrial/product designer,8724397593,2025-05-06,Ad,New
3711,1263,Joseph,Evans,joseph.evans@rosebrownandmyers.com,Physiotherapist,(925)427-7529,2022-10-02,Ad,Unqualified
124,2700,Christopher,Baxter,christopher.baxter@brownllc.com,Special educational needs teacher,291.640.2792x7238,2025-07-15,Web,Qualified
311,232,Gilbert,Warren,gilbert.warren@knighthallandklein.com,Lexicographer,+1-243-642-8093,2025-07-17,Ad,Working
4421,2712,Lisa,Torres,lisa.torres@morrison-levy.com,Set designer,,2024-12-19,Cold Call,Working
7041,2945,Paula,Ruiz,paula.ruiz@romerorossandprince.com,Pathologist,270.236.5870,2025-05-13,Cold Call,Unqualified
6954,1732,Craig,Wilson,craig.wilson@johnsonplc.com,Tourism officer,001-841-859-9991x192,2024-03-06,Web,Unqualified
85,900,Diana,Thompson,diana.thompson@millerleonandclark.com,Warehouse manager,592.899.2294,2024-07-15,Web,Qualified
3762,2549,Brandon,Walton,brandon.walton@sanchez-zamora.com,"Doctor, general practice",593-846-4494x983,2025-04-21,Ad,New
160,2312,Barbara,Parsons,barbara.parsons@herrera-freeman.com,Pensions consultant,8549521700,2025-07-12,Cold Call,Qualified
1621,422,Shawna,Diaz,shawna.diaz@huntwalkerandhiggins.com,"Therapist, art",,2025-07-17,Web,Unqualified
2271,1439,Adam,Williams,adam.williams@chambersgroup.com,Automotive engineer,709.991.0571x22126,2025-04-14,Ad,Unqualified
7920,969,Kathy,Waters,kathy.waters@taylorleeandbrown.com,Theatre manager,,2024-03-19,Web,Qualified
4249,2107,Brittney,Washington,brittney.washington@escobargroup.com,"Engineer, biomedical",5838533412,2022-09-09,Cold Call,Unqualified
4188,2309,Daniel,Wagner,daniel.wagner@fordandsons.com,Armed forces logistics/support/administrative officer,617.705.5654x197,2024-11-10,Cold Call,Unqualified
7463,3533,Stephanie,Dickerson,stephanie.dickerson@rodriguez-lin.com,"Therapist, music",(304)388-5219,2025-07-14,Web,Working
3330,3720,Tina,Potts,tina.potts@gatesplc.com,"Engineer, petroleum",217-930-9595,2024-01-15,Web,Unqualified
2908,1251,Seth,Harmon,seth.harmon@bennetthudsonandtate.com,"Surveyor, quantity",(361)464-2203x68721,2024-01-08,Ad,New
6427,3464,Xavier,Jones,xavier.jones@ramirez-bryant.com,Maintenance engineer,884-348-8670x43220,2024-03-05,Cold Call,Working
6012,698,Zachary,Livingston,zachary.livingston@jonesltd.com,Television floor manager,001-855-306-7717,2025-01-02,Referral,New
529,1890,Tammy,Howard,tammy.howard@blackinc.com,Public relations officer,001-821-284-8108,2022-09-25,Ad,New
3159,164,Kimberly,Garrett,kimberly.garrett@beardwilliamsandrogers.com,Occupational therapist,4273260351,2025-06-08,Web,Qualified
2160,1630,Brandon,Henderson,brandon.henderson@muellerplc.com,"Research officer, government",(675)727-6567x824,2025-06-29,Referral,Working
5803,48,Erik,Ayala,erik.ayala@powellinc.com,Immunologist,001-380-380-0336x039,2023-07-02,Ad,Unqualified
2827,3358,Suzanne,Collier,suzanne.collier@george-dudley.com,Occupational hygienist,001-225-992-5221x57956,2024-11-07,Cold Call,New
4502,1378,Tommy,Reid,tommy.reid@russellinc.com,Glass blower/designer,+1-391-913-0146x916,2024-04-23,Web,Working
2163,1235,Nicholas,Dougherty,nicholas.dougherty@fernandezltd.com,TEFL teacher,778.854.5139,2025-06-30,Cold Call,Qualified
5591,553,Paul,Stevens,paul.stevens@kidd-stewart.com,Hotel manager,+1-799-832-6548x505,2025-05-25,Web,Working
4525,3190,Andrew,Greene,andrew.greene@tylerrivasandaustin.com,Dietitian,595-806-5047x9623,2025-03-17,Web,Qualified
1853,2472,Michael,Silva,michael.silva@wilsonltd.com,Financial manager,,2024-07-30,Referral,New
4629,1822,Toni,Higgins,toni.higgins@hill-short.com,Medical technical officer,558.694.9466x745,2025-04-13,Referral,New
7973,2000,Andrew,Soto,andrew.soto@castanedaoliverandcarter.com,Curator,,2025-02-26,Referral,New
6217,1525,Jennifer,Hull,jennifer.hull@franklin-carson.com,Associate Professor,225.616.9270,2024-09-01,Ad,Working
4864,3498,Marc,Nelson,marc.nelson@barnesgroup.com,Tax adviser,859-431-5373,2025-01-03,Referral,Working
7895,1041,Steven,Lee,steven.lee@mckinneyplc.com,Seismic interpreter,+1-445-863-7700x966,2023-11-28,Web,Qualified
1981,3247,Bradley,Hardin,bradley.hardin@zunigaltd.com,"Social research officer, government",001-884-355-4906,2023-06-17,Web,Unqualified
4086,2300,Mary,Burgess,mary.burgess@mendezwrightandturner.com,Public house manager,,2024-07-04,Ad,Unqualified
5370,3677,Laura,Rowland,laura.rowland@smithgeorgeandanderson.com,Chartered legal executive (England and Wales),514.917.2140x969,2023-12-13,Referral,Qualified
7293,3724,Jocelyn,Roberts,jocelyn.roberts@miller-acosta.com,Public affairs consultant,001-467-988-2399x2116,2024-01-31,Ad,New
6539,47,Joseph,Black,joseph.black@clineinc.com,Financial risk analyst,409-778-0372x19887,2024-11-26,Cold Call,Unqualified
7600,712,Theresa,Francis,theresa.francis@mckenzieschmidtandlewis.com,Herbalist,+1-649-811-3519x4350,2025-05-24,Referral,Working
7647,3651,Megan,Lewis,megan.lewis@kennedychavezandnunez.com,"Surveyor, insurance",+1-633-822-8886x61800,2025-06-23,Cold Call,Unqualified
265,3799,Brandon,Fuller,brandon.fuller@floyd-ellison.com,Higher education lecturer,247-621-0110,2025-07-03,Web,Qualified
7951,1951,Gina,Houston,gina.houston@perez-alvarez.com,Merchant navy officer,,2025-05-13,Ad,Unqualified
5120,2941,Krystal,Green,krystal.green@villegas-rowland.com,Database administrator,001-282-775-1581,2023-07-12,Cold Call,New
5291,749,Pamela,Ortiz,pamela.ortiz@allenvangandflores.com,Telecommunications researcher,353-936-4002x9390,2025-05-21,Web,Working
3692,2204,Nathaniel,Smith,nathaniel.smith@cruz-reynolds.com,Occupational hygienist,759.454.8412x1530,2024-10-15,Web,Qualified
6039,174,Janice,Wallace,janice.wallace@jackson-williams.com,"Psychotherapist, dance movement",001-471-338-1515x351,2024-12-18,Cold Call,Unqualified
1737,986,Abigail,Lewis,abigail.lewis@gonzalesltd.com,Equities trader,+1-681-801-3805x2264,2023-05-16,Ad,Unqualified
5629,1232,Danielle,Gay,danielle.gay@palmernortonandrobertson.com,Sports therapist,001-519-299-2675x965,2024-07-10,Referral,Working
3783,2216,Ryan,King,ryan.king@jordanllc.com,"Psychotherapist, dance movement",001-290-853-1918,2025-04-12,Ad,New
7413,1339,Rebecca,Ross,rebecca.ross@reyesblackandbooth.com,Musician,(782)623-7067x168,2024-12-12,Web,New
6739,155,Joanne,Fisher,joanne.fisher@churchltd.com,Advertising copywriter,458.522.1258x8910,2024-04-25,Web,Working
6935,3324,Julie,Andersen,julie.andersen@lang-goodwin.com,Retail merchandiser,767.477.5479x77539,2024-09-25,Referral,Qualified
909,2748,Kyle,Rice,kyle.rice@austin-stewart.com,Ceramics designer,704.383.6367x9734,2025-05-14,Referral,Qualified
5064,1687,Cathy,Woods,cathy.woods@green-mitchell.com,Museum/gallery conservator,001-398-293-8066x8134,2024-11-30,Referral,Working
7139,3363,Chad,Bryant,chad.bryant@hayesltd.com,Health and safety inspector,(584)600-1138,2023-12-13,Cold Call,New
6390,1133,Steven,Morris,steven.morris@fitzpatrickmitchellandhaley.com,Best boy,(355)220-9000,2024-05-29,Ad,Qualified
6834,95,Richard,Hale,richard.hale@morganandsons.com,Sports coach,485-270-8914x0719,2024-11-19,Referral,New
4655,2326,Jeffrey,Anderson,jeffrey.anderson@huffmanltd.com,Plant breeder/geneticist,324-710-6491,2024-09-18,Referral,Working
3625,1073,Christian,Chavez,christian.chavez@wheeler-king.com,"Education officer, environmental",331-373-9452x0243,2025-07-07,Cold Call,Unqualified
1860,3555,Denise,Wilson,denise.wilson@callahanweaverandchavez.com,Broadcast engineer,,2025-03-22,Referral,Working
4518,1191,Elizabeth,Smith,elizabeth.smith@cook-martin.com,Industrial buyer,001-248-259-6676,2025-06-04,Referral,Qualified
205,3542,Shannon,Robinson,shannon.robinson@weberdavisandgarcia.com,Ship broker,(480)646-2707,2025-04-02,Web,Working
6887,2027,Valerie,Allen,valerie.allen@garciayoungandcain.com,"Surveyor, hydrographic",+1-797-676-4819x1882,2025-02-10,Cold Call,Working
3470,714,Christopher,Wood,christopher.wood@sullivan-king.com,Arboriculturist,369-302-2663x5621,2023-08-24,Cold Call,New
4091,29,Amy,Macdonald,amy.macdonald@welchrobersonandlopez.com,Tax inspector,671.258.7341x8104,2024-04-21,Web,Qualified
3896,815,Ryan,Wang,ryan.wang@brownltd.com,"Biochemist, clinical",506.866.5520,2023-07-25,Web,Unqualified
236,719,Kyle,Scott,kyle.scott@tannerllc.com,"Research officer, trade union",358-287-4474,2025-05-20,Referral,Qualified
2597,684,Carrie,Cook,carrie.cook@higgins-horn.com,Air broker,4887035348,2025-04-25,Referral,Unqualified
3382,2178,Kim,Ward,kim.ward@jones-hart.com,Animal nutritionist,(830)533-2701,2025-06-15,Web,Qualified
3874,1902,Lauren,Park,lauren.park@millerinc.com,Sports coach,001-686-272-2157x4193,2025-06-10,Ad,Unqualified
7682,1117,Bridget,Cisneros,bridget.cisneros@rubioshafferandkelley.com,Probation officer,764-954-3357,2025-05-26,Ad,New
5190,2387,Jason,Mills,jason.mills@clarkandsons.com,Museum/gallery curator,+1-443-642-0592x92943,2024-07-25,Referral,Unqualified
726,3641,Kenneth,Rivera,kenneth.rivera@barrett-shelton.com,Primary school teacher,001-706-230-2780,2025-01-03,Cold Call,Qualified
3272,2176,Jeff,Wilson,jeff.wilson@barberphillipsandgriffin.com,IT trainer,(490)943-0452x537,2025-04-01,Cold Call,Unqualified
30,368,Sarah,Perez,sarah.perez@villanueva-hubbard.com,Toxicologist,(957)963-2627,2024-11-24,Web,Qualified
1611,304,Jason,Donovan,jason.donovan@estrada-murphy.com,Farm manager,001-604-607-7093x2384,2025-05-12,Web,Working
7129,1692,Lauren,Osborn,lauren.osborn@gonzales-woodward.com,Oceanographer,+1-207-219-0674x56284,2025-06-13,Ad,Unqualified
4101,3146,Rebekah,Savage,rebekah.savage@terryllc.com,Diplomatic Services operational officer,615.559.1143x2284,2025-03-13,Web,Working
6694,341,Alyssa,Vazquez,alyssa.vazquez@wilsongroup.com,Accounting technician,535-971-9012x982,2025-04-16,Cold Call,Unqualified
2040,1997,Matthew,Rodriguez,matthew.rodriguez@colonandsons.com,Risk manager,(401)885-2838x9426,2025-05-18,Web,Unqualified
342,1621,Vanessa,Miller,vanessa.miller@webbinc.com,Ship broker,(983)237-8468x23712,2025-06-25,Web,Working
5901,1513,Christine,Donaldson,christine.donaldson@pricegroup.com,Dispensing optician,001-508-629-4770,2024-09-08,Ad,New
3358,2931,William,Shelton,william.shelton@barker-edwards.com,Astronomer,314.871.4942,2025-04-20,Cold Call,Qualified
2894,940,Timothy,Franklin,timothy.franklin@pearsonltd.com,Artist,(511)600-2947,2024-04-30,Referral,Qualified
3092,800,Matthew,Johnson,matthew.johnson@powersllc.com,Tour manager,745.423.6926x022,2025-02-28,Cold Call,Working
6181,926,Robert,Goodman,robert.goodman@reyesltd.com,Health and safety adviser,3956929768,2024-07-24,Web,Working
3057,1333,Michael,Oliver,michael.oliver@conway-lane.com,"Engineer, aeronautical",(860)954-6867x56735,2023-04-30,Ad,Qualified
4269,2011,Emily,Diaz,emily.diaz@kingcampbellandpennington.com,Operational researcher,417-412-1667x672,2025-04-27,Cold Call,Qualified
7732,3389,Molly,Pierce,molly.pierce@armstrongcrossandmorgan.com,Exhibition designer,+1-976-396-0838x4431,2025-01-03,Ad,New
6679,1868,Derek,Sawyer,derek.sawyer@ellisfischerandreed.com,Audiological scientist,244-918-5750x45696,2025-07-16,Web,Unqualified
2415,3044,Diana,Ballard,diana.ballard@rodgers-clark.com,Ranger/warden,416.314.9720,2025-05-05,Referral,Unqualified
2174,2894,Scott,Jones,scott.jones@taylor-hancock.com,Police officer,693.622.9517x8672,2025-03-06,Web,Working
218,436,Brittney,Bell,brittney.bell@chan-simmons.com,Structural engineer,340.503.9216x88678,2024-07-10,Web,Working
5899,2305,Edward,Evans,edward.evans@turnerplc.com,Medical secretary,001-218-993-7472,2023-03-11,Ad,Unqualified
407,541,Travis,Patterson,travis.patterson@dixonplc.com,Commercial horticulturist,001-706-631-0922x4151,2024-02-25,Cold Call,Unqualified
7281,769,Krista,Schmidt,krista.schmidt@taylor-baker.com,Personnel officer,+1-359-361-6600x831,2024-11-14,Web,New
2700,1301,Carla,Smith,carla.smith@combs-smith.com,Clinical cytogeneticist,001-897-840-6229x16886,2024-11-11,Ad,Unqualified
5234,578,Timothy,Ramos,timothy.ramos@rogersriveraandshaw.com,Speech and language therapist,618.850.2218x28651,2024-10-24,Cold Call,New
4776,3166,Lori,Marshall,lori.marshall@wrightinc.com,"Journalist, newspaper",+1-325-557-1574x960,2025-05-30,Ad,Qualified
2187,2364,Sherri,Munoz,sherri.munoz@cole-kirk.com,Psychiatric nurse,001-293-740-7938x973,2023-03-28,Web,Qualified
1731,516,Emma,Mendoza,emma.mendoza@carpenter-rogers.com,"Engineer, energy",2335753071,2024-03-09,Web,New
6370,1898,Gina,Cox,gina.cox@lewisestesandhardy.com,Chartered loss adjuster,001-829-822-4660,2025-04-24,Referral,Unqualified
884,2696,Sarah,Smith,sarah.smith@gaykleinandmoreno.com,Museum/gallery curator,001-359-737-4396,2023-12-08,Ad,New
2052,3637,Charles,Watts,charles.watts@phillipssanchezandmartinez.com,Architect,607-741-7567x53912,2024-06-12,Ad,Working
4224,2025,Lauren,Davila,lauren.davila@daltonllc.com,Special effects artist,643-506-4377,2024-05-07,Referral,Qualified
7835,552,Michael,Lee,michael.lee@reedbarronandmonroe.com,Industrial buyer,626.702.3996x6900,2025-06-05,Referral,Unqualified
7050,2380,Christina,Carr,christina.carr@holmesandsons.com,Chief of Staff,001-472-595-4798x380,2024-04-19,Cold Call,Qualified
6479,2091,Michelle,Taylor,michelle.taylor@arnold-shields.com,"Designer, exhibition/display",8602291452,2024-11-26,Referral,New
2969,2613,John,Price,john.price@grahamgroup.com,Training and development officer,4082708271,2024-12-01,Cold Call,New
1950,3465,Rita,Hammond,rita.hammond@henry-holloway.com,"Surveyor, minerals",+1-430-488-1482x840,2025-06-02,Referral,Unqualified
6535,2762,Brooke,Chavez,brooke.chavez@lewisgroup.com,Press sub,(472)783-6208x7992,2025-06-24,Cold Call,New
2874,928,Jessica,Dennis,jessica.dennis@walkerreyesandcampbell.com,"Scientist, research (maths)",625.992.4169,2025-04-09,Web,Qualified
2683,858,Beth,Garza,beth.garza@ellisltd.com,Broadcast journalist,+1-865-240-9987x7972,2023-07-25,Referral,Working
6629,2020,John,Mahoney,john.mahoney@carter-ortiz.com,Museum/gallery curator,001-465-736-9600x732,2024-07-21,Ad,New
2098,3835,Jeffrey,White,jeffrey.white@brownnelsonandwest.com,Hospital pharmacist,001-407-751-3293x744,2024-07-16,Referral,Unqualified
3541,1329,Nicole,Martin,nicole.martin@richardsplc.com,Chartered management accountant,229.500.2929x246,2024-07-02,Referral,New
7686,1347,Matthew,Brooks,matthew.brooks@johnsonandsons.com,"Conservator, furniture",813-735-5151x50173,2025-01-14,Web,New
2966,2733,Jamie,Jenkins,jamie.jenkins@martin-ray.com,"Psychologist, occupational",,2023-11-14,Web,Working
5281,3866,Lawrence,Mejia,lawrence.mejia@wallaceprestonandtaylor.com,Broadcast presenter,(827)829-7220x940,2024-10-26,Cold Call,Working
7203,261,Karla,Joseph,karla.joseph@johnsonandsons.com,Database administrator,335-398-6200,2024-08-02,Cold Call,Unqualified
1807,3708,Jason,Nolan,jason.nolan@rodriguez-dickerson.com,"Engineer, mining",(918)996-7734x360,2023-12-28,Web,Working
7709,2725,Clifford,Fritz,clifford.fritz@hudson-smith.com,Housing manager/officer,+1-217-216-8763x666,2025-04-20,Web,Unqualified
2016,757,Jerry,Bowman,jerry.bowman@reyes-perez.com,Academic librarian,769.822.3802x661,2024-11-22,Cold Call,New
1326,3043,James,Davila,james.davila@lopezdoughertyandpalmer.com,"Civil engineer, consulting",+1-964-798-1098x834,2023-02-04,Web,Qualified
5530,3803,Jorge,Ward,jorge.ward@mcknight-brown.com,Herbalist,969-349-9600x2939,2025-06-18,Ad,Unqualified
5123,2782,Joshua,Becker,joshua.becker@walkercantrellandweber.com,Soil scientist,931-444-9078x76876,2024-09-12,Web,Working
2799,291,Carolyn,Cruz,carolyn.cruz@griffin-perez.com,"Psychologist, sport and exercise",476-382-5014x794,2024-11-13,Ad,Unqualified
5553,3450,Kevin,Murillo,kevin.murillo@espinoza-higgins.com,"Journalist, broadcasting",946.588.8820x027,2024-12-24,Ad,New
1185,923,Rhonda,Mason,rhonda.mason@johnson-harrington.com,"Therapist, occupational",+1-991-268-0406x58162,2023-09-02,Ad,Working
5871,3237,Jenna,Lester,jenna.lester@johnson-bauer.com,Warehouse manager,,2025-06-21,Ad,Working
5464,3806,Mary,Welch,mary.welch@miller-smith.com,Regulatory affairs officer,(676)455-6332,2024-09-15,Web,Working
3852,1371,Justin,Martinez,justin.martinez@crawfordandsons.com,Human resources officer,001-551-369-5304,2025-07-18,Web,Qualified
99,1494,Steven,Green,steven.green@payne-brown.com,Environmental education officer,+1-487-941-3151x46609,2023-09-22,Cold Call,Working
5062,3015,James,Smith,james.smith@jonesrodriguezandsmith.com,Barrister's clerk,+1-214-419-2889x9522,2024-11-23,Cold Call,New
3015,1082,Jimmy,Nelson,jimmy.nelson@willis-patel.com,"Engineer, aeronautical",426.327.7051,2025-07-10,Cold Call,Unqualified
4939,1281,Theodore,Martin,theodore.martin@hartplc.com,Social researcher,752-681-5584x290,2024-04-27,Ad,Qualified
7712,1943,Thomas,Turner,thomas.turner@ruiz-rivera.com,Magazine journalist,734.396.2867x364,2025-01-20,Cold Call,Qualified
6720,2611,Evan,Davis,evan.davis@warellc.com,Theme park manager,251-564-4584x5800,2023-02-24,Web,New
2180,1972,Brian,Cherry,brian.cherry@millermckinneyandjohnson.com,Insurance risk surveyor,900.470.1949x0130,2025-06-30,Cold Call,Unqualified
2218,1487,Brittney,Coleman,brittney.coleman@brooks-henson.com,Medical physicist,724.722.3869,2025-03-06,Referral,Unqualified
5319,2550,Jacqueline,Nguyen,jacqueline.nguyen@brown-jackson.com,Public relations account executive,+1-789-304-8777,2023-02-10,Ad,New
4926,3736,Brian,Thompson,brian.thompson@hayesltd.com,Risk manager,,2024-11-20,Referral,New
1975,529,Laura,Clark,laura.clark@conley-wilkerson.com,IT trainer,+1-712-681-5109x5752,2025-01-02,Referral,Working
444,539,William,Hartman,william.hartman@foxleeandsutton.com,Industrial/product designer,723.466.7339,2025-05-01,Web,Qualified
6901,3067,Rhonda,Patton,rhonda.patton@davis-jordan.com,"Pharmacist, hospital",(604)716-4490,2025-05-17,Web,Working
835,686,Rachel,Blair,rachel.blair@petersinc.com,Air traffic controller,(537)392-2300x532,2024-02-17,Cold Call,Working
4555,481,Caitlin,Ferguson,caitlin.ferguson@owensgroup.com,Chartered loss adjuster,+1-293-831-8476,2025-07-06,Web,Working
1773,3218,Kathleen,Davis,kathleen.davis@boothllc.com,"Engineer, maintenance",921.256.9672x53815,2024-03-09,Ad,New
6713,1366,Elizabeth,Harris,elizabeth.harris@wilsongardnerandjones.com,Chief of Staff,,2024-05-18,Referral,New
7412,1147,Douglas,Mendoza,douglas.mendoza@collinsllc.com,Special effects artist,598-591-6518,2023-09-14,Web,Working
6783,1169,Cynthia,Daniels,cynthia.daniels@russellandsons.com,Social researcher,650.403.1962x1436,2025-04-17,Web,Working
7988,106,Johnny,Miller,johnny.miller@cummings-butler.com,Immigration officer,,2025-07-03,Ad,New
3946,1003,Kevin,Norton,kevin.norton@westltd.com,Facilities manager,001-660-476-8758x3977,2023-09-09,Referral,New
3126,3998,Gregg,Ward,gregg.ward@holmes-savage.com,Firefighter,406-676-4884x9142,2025-05-07,Cold Call,Working
4853,3759,Lisa,Rich,lisa.rich@mitchell-zamora.com,Toxicologist,+1-837-970-8995x6512,2024-06-26,Ad,New
333,503,Barry,White,barry.white@shepardcannonandpeters.com,"Teacher, early years/pre",(709)444-6114x6191,2023-06-23,Web,New
1053,1361,Phyllis,Mason,phyllis.mason@romeroinc.com,Politician's assistant,+1-459-274-5901x191,2024-10-15,Cold Call,Unqualified
3069,2154,Nancy,Guerra,nancy.guerra@greene-espinoza.com,Medical secretary,,2025-04-03,Cold Call,Qualified
6608,2670,Anthony,Garcia,anthony.garcia@estes-cardenas.com,"Scientist, research (life sciences)",001-395-830-3382x80115,2025-01-09,Cold Call,Qualified
5347,3669,Anthony,Walker,anthony.walker@allenllc.com,Energy manager,,2025-02-26,Referral,Unqualified
3289,3030,Christine,Dennis,christine.dennis@lanedouglasandmclean.com,"Therapist, horticultural",380.280.4165,2025-04-18,Ad,New
1917,2793,Ryan,Johnson,ryan.johnson@watsonplc.com,Textile designer,771-243-9161x342,2025-04-15,Web,Working
1660,3434,Jose,Lowery,jose.lowery@davis-ford.com,Careers information officer,+1-417-974-4480,2024-02-09,Cold Call,Working
1240,11,Amanda,Garcia,amanda.garcia@greenalvarezandrivera.com,Pension scheme manager,948-876-3259x0829,2025-07-11,Referral,New
6884,290,Chelsea,Ingram,chelsea.ingram@obrienphillipsandjarvis.com,"Conservator, museum/gallery",327-973-4683x9638,2024-11-13,Cold Call,New
1024,1788,Matthew,Garcia,matthew.garcia@hall-mitchell.com,"Horticulturist, commercial",674.716.1100,2024-11-24,Web,Unqualified
550,3310,Michael,Collins,michael.collins@hansonandsons.com,Patent attorney,(437)345-0847x9448,2025-06-30,Cold Call,Qualified
6091,1110,Kimberly,Howard,kimberly.howard@barnes-hill.com,"Journalist, broadcasting",6313042989,2025-04-15,Web,Qualified
2812,384,Amanda,Meza,amanda.meza@lynnmorseandanderson.com,Probation officer,(547)530-5653x962,2024-12-24,Ad,Working
1804,2293,Donald,Medina,donald.medina@lee-martinez.com,Mental health nurse,(978)509-6120x91512,2025-03-15,Web,Working
2335,1178,Jennifer,Hays,jennifer.hays@alexanderinc.com,Nature conservation officer,+1-741-615-7440x980,2024-09-14,Web,Working
5431,3790,Monica,Ramos,monica.ramos@miller-foley.com,Sports development officer,379.894.6679,2024-10-06,Cold Call,Qualified
7994,2532,David,Wilson,david.wilson@krueger-brown.com,Art gallery manager,822-809-2290x1228,2024-12-21,Cold Call,Qualified
1928,3608,Antonio,Tran,antonio.tran@chavezwalkerandevans.com,Sports therapist,001-576-697-1347,2024-04-04,Web,Unqualified
416,1462,Alexandra,Evans,alexandra.evans@newtoncoleandbowers.com,Cartographer,432.906.8314,2025-05-06,Web,Working
1017,2643,Scott,Kim,scott.kim@shortcalderonandjohnson.com,Technical author,693.232.8428x395,2024-05-08,Referral,New
3937,2143,Brooke,Moore,brooke.moore@frankdiazandmiller.com,Customer service manager,001-699-811-5474x415,2024-11-10,Web,Qualified
6010,698,Steven,Mckenzie,steven.mckenzie@jonesltd.com,Manufacturing engineer,949-889-4818,2024-10-31,Referral,Working
3010,1970,Andrea,Gross,andrea.gross@jennings-simmons.com,Emergency planning/management officer,(489)564-2434x3746,2023-12-08,Cold Call,New
409,2704,Joseph,Williams,joseph.williams@carter-mcgee.com,Patent attorney,531.988.3404,2024-09-27,Web,New
8040,1039,Annette,Patel,annette.patel@murphymyersandtaylor.com,"Engineer, electronics",001-866-338-8996x956,2024-12-20,Referral,New
52,1540,Adam,Olson,adam.olson@adamsllc.com,"Scientist, research (medical)",,2025-01-26,Ad,Qualified
6752,3639,Daniel,Johnson,daniel.johnson@benitezhodgesandwalsh.com,"Development worker, community",621.737.1130x742,2024-09-18,Ad,Unqualified
5118,1258,Jason,Robertson,jason.robertson@garzakennedyandbartlett.com,"Engineer, maintenance (IT)",,2024-08-31,Ad,Qualified
2062,1004,Dana,May,dana.may@alexanderandsons.com,"Optician, dispensing",794-687-1880x5810,2023-01-31,Referral,Qualified
611,3284,Jessica,Alvarez,jessica.alvarez@bakerinc.com,Hotel manager,794-696-8067,2025-01-20,Cold Call,New
7244,647,Duane,Johnson,duane.johnson@powellllc.com,Conference centre manager,201-566-4979x29190,2023-09-13,Web,Working
779,3558,Kathy,Hutchinson,kathy.hutchinson@beckerllc.com,"Engineer, chemical",343-321-5306x66326,2024-09-10,Referral,Working
2162,1235,Nicole,Trujillo,nicole.trujillo@fernandezltd.com,Financial manager,+1-322-666-2877x50996,2025-07-06,Referral,Working
1811,1509,Monica,Martin,monica.martin@moore-norton.com,Audiological scientist,919.293.6734x514,2025-06-30,Referral,Qualified
2647,523,Mark,Waller,mark.waller@wardtuckerandgill.com,Electrical engineer,(936)793-9658x48648,2024-04-02,Web,Qualified
2125,708,Christian,Beck,christian.beck@longgonzalezanddavidson.com,"Production assistant, radio",7012570304,2025-03-25,Referral,Working
7929,3725,Nicholas,Martin,nicholas.martin@gordonjonesandsmith.com,Lawyer,(302)643-2274x6336,2024-09-04,Ad,Working
2055,534,Stephen,Allen,stephen.allen@kennedy-suarez.com,"Designer, textile",001-725-240-8780,2025-03-06,Referral,Unqualified
7155,3601,Danielle,Miles,danielle.miles@johnsonsmithandjohnson.com,"Sound technician, broadcasting/film/video",761-263-2443x8471,2025-04-26,Referral,Unqualified
1117,315,Gordon,Malone,gordon.malone@daniel-weaver.com,Medical laboratory scientific officer,(938)359-4753x56549,2024-11-06,Referral,Unqualified
6020,52,Dillon,Smith,dillon.smith@reynoldsandsons.com,Telecommunications researcher,,2025-06-17,Cold Call,New
1701,3356,Michelle,Rosales,michelle.rosales@watsonfosterandyoung.com,"Horticulturist, commercial",3788408072,2025-07-15,Referral,Working
4855,2054,Tracy,Owens,tracy.owens@stoneplc.com,Associate Professor,001-520-891-4684x603,2024-06-09,Referral,Unqualified
848,3702,David,Johnson,david.johnson@reedandsons.com,Training and development officer,(719)622-4752,2023-11-04,Cold Call,Qualified
5515,2442,Angela,Gilbert,angela.gilbert@grant-price.com,Television floor manager,001-255-903-5882x5335,2025-05-29,Cold Call,Qualified
1316,813,Theresa,Carrillo,theresa.carrillo@masonayalaandwebster.com,Music therapist,746.499.9921x0236,2023-05-17,Cold Call,Qualified
4812,1034,Michael,Webb,michael.webb@harrisonltd.com,Museum/gallery curator,(673)599-7706x1237,2024-12-18,Referral,Working
261,3554,Michael,Pruitt,michael.pruitt@johnson-schroeder.com,Firefighter,001-333-356-9975x73676,2024-12-03,Ad,Working
2709,2401,Jaime,Gaines,jaime.gaines@romerobarnesandkelley.com,Commercial art gallery manager,310.843.5547x07358,2024-11-28,Referral,Qualified
2578,2030,Devon,Santana,devon.santana@martinez-brooks.com,Hospital doctor,001-529-492-0664,2025-06-30,Referral,Unqualified
408,2704,John,Lewis,john.lewis@carter-mcgee.com,Multimedia programmer,902.337.8253,2025-07-11,Ad,Unqualified
7651,3101,Virginia,Cochran,virginia.cochran@andersonbanksandking.com,Trade mark attorney,718.873.9054,2023-09-03,Referral,New
794,3285,Todd,Hess,todd.hess@alexander-beck.com,"Surveyor, rural practice",(406)349-6141,2024-03-02,Referral,Working
5807,598,Caitlin,Davis,caitlin.davis@pageplc.com,Trading standards officer,399-389-9868x213,2025-01-13,Ad,Unqualified
2465,3815,Deanna,Taylor,deanna.taylor@ramirezllc.com,Occupational psychologist,+1-905-448-3119,2024-06-30,Referral,Working
7850,1306,Lauren,Marks,lauren.marks@mullinsinc.com,Advertising copywriter,4724694596,2024-06-23,Ad,New
5125,312,Cory,Riley,cory.riley@bailey-everett.com,Leisure centre manager,001-670-259-2873x6237,2024-08-23,Cold Call,Unqualified
1918,2793,Jennifer,Shea,jennifer.shea@watsonplc.com,Environmental manager,(701)304-2937x5364,2025-04-17,Ad,New
5712,733,Benjamin,Wood,benjamin.wood@foxllc.com,"Accountant, chartered",347-440-8368x914,2025-03-24,Cold Call,New
7659,1070,Joseph,Hopkins,joseph.hopkins@potter-rodriguez.com,Further education lecturer,001-836-931-8675x775,2025-01-26,Referral,Unqualified
4381,797,Eric,Durham,eric.durham@monroellc.com,Recycling officer,,2023-01-19,Referral,Qualified
6753,3639,Evan,Winters,evan.winters@benitezhodgesandwalsh.com,Materials engineer,345-800-9082,2025-03-07,Ad,Qualified
7515,2522,Randall,Allen,randall.allen@osbornellc.com,"Engineer, site",828-439-6133x20797,2025-07-16,Cold Call,New
5653,1499,Carla,Harrison,carla.harrison@parsons-martinez.com,"Engineer, civil (consulting)",5248808601,2024-07-12,Ad,Working
730,3277,David,Rhodes,david.rhodes@martinezandsons.com,IT trainer,,2023-12-02,Referral,Unqualified
5932,1680,Mary,Moore,mary.moore@rodriguezoconnellandwheeler.com,Research scientist (physical sciences),,2025-06-10,Ad,Working
7734,3444,Lacey,Foster,lacey.foster@brooks-glenn.com,"Surveyor, hydrographic",+1-664-904-7978x36426,2024-06-20,Referral,New
5361,581,Dorothy,Sanchez,dorothy.sanchez@jacksongroup.com,Research scientist (life sciences),,2024-01-10,Cold Call,New
1097,730,Christopher,Contreras,christopher.contreras@hernandeztuckerandbrock.com,Estate agent,4296085741,2024-10-22,Web,New
7511,3326,Joyce,Ortega,joyce.ortega@ewing-rose.com,"Psychologist, prison and probation services",(770)712-8376x52198,2023-07-09,Cold Call,New
5627,3150,Abigail,Byrd,abigail.byrd@garcia-peterson.com,"Psychologist, clinical",432.472.9771x77124,2025-05-18,Referral,Working
2367,2570,Thomas,Walker,thomas.walker@wrightmedinaandrivera.com,"Teacher, special educational needs",(390)516-8337x93527,2024-07-30,Ad,Working
8005,187,Nicole,Sims,nicole.sims@davidstoneandburch.com,Claims inspector/assessor,001-897-234-2725x7199,2025-01-02,Referral,Qualified
6213,3649,Jordan,Burns,jordan.burns@nortonplc.com,Information officer,(772)605-8741x92393,2025-05-04,Ad,Qualified
2119,1096,Reginald,Ramirez,reginald.ramirez@salazar-griffin.com,Financial planner,001-666-696-5813x762,2025-05-11,Web,Working
6721,2611,Carol,Hoover,carol.hoover@warellc.com,"Conservation officer, nature",001-638-699-1014,2024-10-14,Referral,New
1720,2157,Melanie,Cooper,melanie.cooper@clarkplc.com,Science writer,001-742-980-5356x4152,2024-02-08,Web,New
476,301,Gregory,Johnson,gregory.johnson@lucasinc.com,Nature conservation officer,506-586-4327x71206,2024-09-13,Web,Unqualified
5392,2062,Jason,Hall,jason.hall@cummingsbrownandsweeney.com,"Sound technician, broadcasting/film/video",378.744.9338,2025-01-17,Referral,Qualified
1227,2729,Matthew,Rivers,matthew.rivers@garnerandsons.com,"Journalist, magazine",391.474.7679x62228,2024-10-06,Cold Call,New
7371,486,Calvin,Meadows,calvin.meadows@mason-jackson.com,Financial controller,001-682-642-6793,2025-07-12,Web,Qualified
2629,2129,Victoria,Garcia,victoria.garcia@johnsonllc.com,Field trials officer,001-739-298-7534,2024-02-08,Ad,Unqualified
2789,3517,Carrie,Hall,carrie.hall@obrienplc.com,Food technologist,001-298-502-4292x457,2024-12-03,Cold Call,Unqualified
3193,1237,Stephen,Bennett,stephen.bennett@barajas-gordon.com,Multimedia specialist,(606)602-2497,2025-02-03,Web,Working
7901,2905,Rebecca,Meadows,rebecca.meadows@mooreclementsandholt.com,"Research officer, political party",(662)712-6398x0717,2025-07-06,Web,Qualified
6192,1411,Timothy,Harvey,timothy.harvey@bonillaramirezandrogers.com,Event organiser,220-391-0174x143,2025-06-01,Cold Call,Working
271,2080,Denise,Malone,denise.malone@williamsonandsons.com,Data scientist,(912)774-8266,2023-12-25,Cold Call,Qualified
6382,1638,Robert,Cain,robert.cain@shawgroup.com,Comptroller,444-530-6815,2023-11-02,Cold Call,Unqualified
6558,2581,Ian,Dixon,ian.dixon@mitchelltownsendandlarson.com,Aid worker,+1-783-721-0978x95996,2024-05-09,Ad,New
5018,28,Elizabeth,Wolf,elizabeth.wolf@riddlemcdanielandwang.com,Accommodation manager,001-460-983-7290x8829,2025-04-04,Ad,Qualified
5746,3994,Alexandra,Mitchell,alexandra.mitchell@petersromeroandnelson.com,Haematologist,430-345-7424x21422,2023-08-06,Referral,Unqualified
2146,2499,Carlos,Gibson,carlos.gibson@schroeder-ward.com,"Engineer, communications",+1-679-703-5162x92287,2025-07-05,Cold Call,Working
7215,2318,Bryan,Gonzalez,bryan.gonzalez@kennedyturnerandadams.com,Health visitor,566.445.0544x47917,2024-11-19,Referral,Unqualified
6778,118,Justin,Wilkins,justin.wilkins@hahnltd.com,Food technologist,409.745.3525,2025-05-21,Cold Call,Unqualified
7993,2532,Steve,Riley,steve.riley@krueger-brown.com,Corporate treasurer,001-427-819-9783x64559,2025-01-14,Ad,Unqualified
5690,273,Erika,Long,erika.long@snyder-kline.com,"Civil engineer, contracting",(970)211-6573,2024-01-07,Cold Call,Working
5749,3744,Jeremy,Andrews,jeremy.andrews@hutchinsoninc.com,Best boy,989.273.7503x34725,2023-07-11,Cold Call,New
3161,164,Samantha,Contreras,samantha.contreras@beardwilliamsandrogers.com,"Teacher, music",443-811-2572,2024-08-16,Cold Call,Unqualified
6749,1520,Bobby,Brady,bobby.brady@crawfordgroup.com,"Engineer, civil (contracting)",,2025-06-03,Ad,Unqualified
697,3319,Joseph,Rivera,joseph.rivera@fisherpattersonandblake.com,Aeronautical engineer,725.748.9399x98405,2025-06-01,Ad,Qualified
519,3777,Willie,Reed,willie.reed@moore-mack.com,Media planner,(296)931-0375,2025-05-17,Referral,Working
4099,3697,Anne,Smith,anne.smith@webbthomasandjackson.com,Field seismologist,396-251-6200x17908,2025-06-21,Web,New
39,2165,Andrew,Tucker,andrew.tucker@berrywaltersandlittle.com,Medical sales representative,7506078793,2025-06-13,Referral,New
5342,3484,Patricia,Myers,patricia.myers@lopezllc.com,Drilling engineer,001-365-796-7520,2024-12-25,Referral,New
2824,213,Denise,Ingram,denise.ingram@jonesplc.com,Surgeon,863.847.7860,2025-05-20,Cold Call,New
4338,2435,Michael,Wagner,michael.wagner@olson-jones.com,Audiological scientist,276-553-0619,2024-01-06,Ad,Working
2327,1359,Douglas,Mason,douglas.mason@melendezllc.com,Operational investment banker,(824)500-7842x139,2024-05-02,Referral,New
2336,1178,Kim,Gonzalez,kim.gonzalez@alexanderinc.com,"Therapist, nutritional",362.963.2504x98858,2025-05-08,Referral,Working
507,2947,Ruben,Scott,ruben.scott@pattersoninc.com,Technical sales engineer,959-548-3508x059,2025-06-02,Ad,Working
1243,2914,Tammy,Rangel,tammy.rangel@scottplc.com,Furniture designer,001-486-522-8078x9559,2024-07-18,Ad,New
6868,2047,Judith,Martinez,judith.martinez@rogersplc.com,Town planner,001-561-567-5378,2024-09-03,Web,Unqualified
1954,135,Kyle,Phillips,kyle.phillips@harveyltd.com,Advertising copywriter,(613)807-7102x77008,2025-01-27,Referral,Unqualified
5651,1766,Daniel,Hill,daniel.hill@johnson-murphy.com,"Editor, film/video",+1-348-885-9723x54653,2025-06-25,Referral,Qualified
6900,3067,Susan,Chan,susan.chan@davis-jordan.com,Tree surgeon,269.842.9832,2025-04-07,Referral,Unqualified
31,2436,Jeffrey,Stephenson,jeffrey.stephenson@acostainc.com,Logistics and distribution manager,740-529-7326,2025-05-31,Referral,New
6448,1738,Ricardo,Sparks,ricardo.sparks@aguilarinc.com,"Surveyor, mining",959.936.1509,2024-09-16,Web,Qualified
5945,440,Brett,Weber,brett.weber@andersonllc.com,Telecommunications researcher,001-873-745-5091x57595,2025-03-07,Web,Qualified
793,3285,Maria,Patterson,maria.patterson@alexander-beck.com,Tour manager,528-307-6526x457,2024-05-10,Web,Qualified
2102,2265,Mario,Nguyen,mario.nguyen@martinez-myers.com,"Designer, interior/spatial",+1-989-722-9902x8495,2025-06-08,Cold Call,New
7450,906,Theresa,Vance,theresa.vance@nunez-baldwin.com,Training and development officer,001-440-771-2837x1976,2024-04-09,Referral,Working
991,2308,George,Garrett,george.garrett@leachgordonandrangel.com,Chartered accountant,871.275.2978x64811,2024-05-19,Web,Qualified
2389,129,Michelle,Gill,michelle.gill@ritter-cooley.com,"Scientist, research (medical)",,2025-03-11,Referral,Qualified
3700,2189,Suzanne,Nelson,suzanne.nelson@chenriveraandreyes.com,Statistician,927-721-0578,2025-01-22,Web,Qualified
5645,293,Raymond,Williams,raymond.williams@gomez-ho.com,Fine artist,(264)589-8540x0803,2024-11-26,Ad,Unqualified
5673,3074,Alicia,Hamilton,alicia.hamilton@romanllc.com,Travel agency manager,206-497-9918x210,2025-03-31,Web,Working
3009,1472,Tyler,Flores,tyler.flores@lloyd-short.com,"Education officer, museum",,2023-05-27,Web,Working
5491,327,Laura,Smith,laura.smith@allenllc.com,Commercial/residential surveyor,,2025-02-23,Cold Call,Unqualified
415,1405,Kelly,Snyder,kelly.snyder@glennltd.com,Exercise physiologist,680-585-6406x4297,2025-01-13,Ad,New
3409,665,Christina,Dunn,christina.dunn@maldonado-stephenson.com,Database administrator,(698)823-0289x067,2024-09-18,Referral,Unqualified
5596,3199,Elizabeth,Jones,elizabeth.jones@grayltd.com,Control and instrumentation engineer,,2025-06-22,Referral,Unqualified
7084,3180,Leon,Green,leon.green@ellis-green.com,Financial adviser,7442835415,2022-12-25,Web,Qualified
2937,993,Charles,Brown,charles.brown@barnettlyonsandjones.com,Field seismologist,+1-291-572-6648x144,2025-02-03,Ad,New
5324,1784,Sarah,Pearson,sarah.pearson@miles-nelson.com,"Journalist, broadcasting",001-697-835-5859x090,2025-04-16,Referral,Qualified
4085,97,Krystal,Rodriguez,krystal.rodriguez@georgebeckerandshaw.com,"Loss adjuster, chartered",001-710-512-6123x620,2025-07-18,Referral,Unqualified
1487,1139,Heather,Johnson,heather.johnson@lopezplc.com,Technical sales engineer,(838)827-6246x592,2024-03-21,Ad,New
5584,3001,Christina,Graham,christina.graham@millerllc.com,Stage manager,(867)736-4267x650,2025-05-21,Referral,Working
5346,3669,Heather,Sandoval,heather.sandoval@allenllc.com,Agricultural consultant,953.443.5334x61978,2024-12-11,Ad,Qualified
4869,3768,Cassandra,Chang,cassandra.chang@shortltd.com,"Surveyor, land/geomatics",(704)822-6689x99092,2024-11-11,Cold Call,Unqualified
5732,886,Patricia,Dominguez,patricia.dominguez@bennettcarrollandkeller.com,Hydrologist,297-973-4429x84610,2025-03-27,Cold Call,Qualified
6822,1817,Angela,Galvan,angela.galvan@phillipsandsons.com,"Pilot, airline",371-638-5268,2024-12-23,Referral,New
4196,3824,Ronald,Wallace,ronald.wallace@reid-cordova.com,Press sub,713-901-6213x5278,2024-09-20,Cold Call,Working
4810,2271,Michael,Rodriguez,michael.rodriguez@campbellrobinsonandgaines.com,"Engineer, automotive",524-521-3603,2024-04-18,Cold Call,Unqualified
7478,153,Thomas,Vaughn,thomas.vaughn@whitevanceandrodriguez.com,"Designer, ceramics/pottery",752-224-9727,2023-10-06,Cold Call,Working
4963,3575,Christopher,Bridges,christopher.bridges@bowman-moore.com,Set designer,(747)246-4659,2025-07-13,Ad,Working
1294,269,Matthew,Jones,matthew.jones@hensonpeckandstanton.com,Clinical research associate,+1-418-907-8898x178,2025-05-08,Web,Unqualified
896,3419,Melissa,Garcia,melissa.garcia@foleychavezandhunt.com,Warehouse manager,(719)708-4020,2025-05-19,Referral,Unqualified
3260,169,Travis,Stewart,travis.stewart@jones-gonzalez.com,Geophysicist/field seismologist,+1-527-801-0939x55800,2025-02-14,Ad,New
3503,3926,Jean,Wilson,jean.wilson@wade-williams.com,"Scientist, marine",952.878.7822,2024-07-28,Referral,Unqualified
4252,2404,Christine,Dennis,christine.dennis@martinez-meyer.com,Theme park manager,591-588-2953,2025-05-21,Ad,Unqualified
6853,2652,Shannon,Williams,shannon.williams@butler-wolf.com,Horticultural consultant,(742)617-3850x5096,2025-05-10,Ad,Qualified
5621,2152,Jack,Navarro,jack.navarro@andersoninc.com,IT trainer,001-266-382-9990x054,2025-03-10,Ad,New
648,406,Justin,Russell,justin.russell@trujilloplc.com,"Geneticist, molecular",(404)514-1839,2024-09-07,Referral,Unqualified
4477,1118,Allen,Taylor,allen.taylor@berry-fox.com,Radio producer,227.876.1118,2024-02-11,Cold Call,Qualified
7384,2480,Michael,Cox,michael.cox@ortega-myers.com,Multimedia programmer,(296)625-3830,2024-07-26,Cold Call,Qualified
2254,894,Deanna,Lara,deanna.lara@kellerplc.com,Office manager,001-566-346-2290x08484,2025-07-02,Cold Call,Unqualified
4964,3575,Ronald,Silva,ronald.silva@bowman-moore.com,"Psychologist, sport and exercise",+1-947-771-5619,2025-07-10,Referral,New
170,2896,Monica,Flynn,monica.flynn@harperterryandbennett.com,Community arts worker,001-309-814-4450,2024-05-07,Ad,Unqualified
338,3523,Patrick,Bell,patrick.bell@simmonsltd.com,Mechanical engineer,001-950-436-7820x0326,2024-09-16,Referral,Unqualified
6659,2563,Jessica,Johnson,jessica.johnson@morales-cunningham.com,Print production planner,001-841-632-5311,2024-10-05,Web,Unqualified
7028,2978,Tyler,Hayes,tyler.hayes@diazpruittandcook.com,Pathologist,425.435.4369,2024-05-01,Referral,New
7490,1720,Erin,Howard,erin.howard@mcknightgrayandsmith.com,"Journalist, broadcasting",301-700-6029,2025-06-12,Ad,Working
3674,2596,Gary,Robinson,gary.robinson@stricklandinc.com,"Psychotherapist, dance movement",001-261-920-6837,2024-04-25,Ad,Qualified
3325,951,Ryan,Murray,ryan.murray@millerllc.com,Broadcast presenter,310-611-3807,2024-01-18,Ad,Unqualified
6531,595,Cynthia,Howard,cynthia.howard@hernandezschneiderandarmstrong.com,"Journalist, broadcasting",,2025-06-16,Ad,Working
4565,3665,Brian,Hernandez,brian.hernandez@espinozawalkerandmyers.com,Early years teacher,+1-577-848-7569x144,2025-05-09,Web,Working
1444,2496,Ashley,Brown,ashley.brown@evansgarciaandnguyen.com,Warden/ranger,457.347.7226,2024-09-10,Cold Call,Working
3624,1073,Ebony,Carson,ebony.carson@wheeler-king.com,"Engineer, energy",671.839.1144x15848,2024-06-07,Referral,Qualified
7754,1464,Steven,Shaffer,steven.shaffer@singletonllc.com,"Radiographer, diagnostic",(670)681-2426x759,2025-04-20,Ad,Unqualified
5047,1717,John,Castro,john.castro@jenkins-johnson.com,Drilling engineer,5228410833,2025-01-13,Cold Call,Unqualified
4744,3224,David,Rowe,david.rowe@buchananjonesandlambert.com,"Civil engineer, contracting",497-881-9429,2025-01-22,Cold Call,Unqualified
2947,1879,Robin,Clark,robin.clark@hopkinsltd.com,Counsellor,001-436-876-5925x048,2025-06-10,Web,Working
6344,3051,Christine,Fisher,christine.fisher@robersonllc.com,Clinical psychologist,(576)397-4751x764,2025-06-20,Web,New
6766,316,Eric,Rogers,eric.rogers@yodergroup.com,Database administrator,001-251-571-9247,2025-07-17,Web,New
7877,2045,Caitlin,Mcclain,caitlin.mcclain@mcclainandsons.com,"Surveyor, hydrographic",(505)887-8873x861,2025-06-15,Web,Working
7675,2229,Raymond,Hawkins,raymond.hawkins@ramirez-calhoun.com,"Pharmacist, hospital",+1-960-373-7216x0155,2025-01-04,Cold Call,New
3919,2425,Carolyn,Zimmerman,carolyn.zimmerman@lewis-rodriguez.com,Logistics and distribution manager,001-671-715-0896x02987,2025-04-06,Cold Call,New
4509,1736,Steven,Ferguson,steven.ferguson@griffinandsons.com,Farm manager,349.248.7850x4220,2024-02-01,Referral,Qualified
622,621,Mark,Hanson,mark.hanson@greenandsons.com,"Scientist, marine",001-993-924-2298x8527,2022-09-13,Ad,Working
4941,3640,Arthur,Torres,arthur.torres@wilsoninc.com,Animal technologist,+1-368-615-1787,2024-12-20,Web,Unqualified
4910,2431,Tracy,Stewart,tracy.stewart@harveygeorgeandmurphy.com,Geochemist,(683)922-1333,2025-06-10,Ad,Unqualified
638,3433,Logan,Hudson,logan.hudson@weaveradkinsandmacdonald.com,Hotel manager,506.610.2865,2025-06-22,Cold Call,Qualified
1276,607,Johnathan,Phillips,johnathan.phillips@garciahouseandanderson.com,"Surveyor, planning and development",628.599.3579x59720,2025-05-22,Cold Call,Working
7568,238,Kimberly,Walker,kimberly.walker@hinton-brown.com,Press sub,001-282-304-0880,2025-02-03,Ad,Unqualified
5159,2535,Jason,Bauer,jason.bauer@chandlergreenandowens.com,Electrical engineer,877-997-6033x29333,2025-07-14,Referral,New
7595,1678,Angela,Bentley,angela.bentley@skinner-morales.com,Marine scientist,763.950.4463x50582,2025-05-23,Referral,Working
4723,318,David,Green,david.green@singhinc.com,Equality and diversity officer,+1-584-213-4098x6115,2024-02-18,Referral,New
5219,3065,Joshua,Stevens,joshua.stevens@floresandsons.com,"Accountant, chartered certified",432.935.4185x86354,2025-02-15,Cold Call,Unqualified
3491,3279,Grant,Boyd,grant.boyd@hernandezplc.com,"Engineer, water",968-643-2879x11743,2024-04-02,Referral,Unqualified
4281,1493,Timothy,Thompson,timothy.thompson@wonginc.com,Paediatric nurse,877-824-5352x2774,2025-04-03,Cold Call,Qualified
6581,1760,Caroline,Flores,caroline.flores@ellis-wagner.com,"Pharmacist, community",868-687-5173,2024-06-24,Referral,Qualified
3507,265,Suzanne,Jones,suzanne.jones@martinezrosarioandsolis.com,Licensed conveyancer,694-216-7288,2025-03-16,Web,Working
7337,526,Erica,Mills,erica.mills@rodriguez-wright.com,"Scientist, clinical (histocompatibility and immunogenetics)",235-590-4361,2025-01-14,Ad,Qualified
6434,25,Jennifer,Lee,jennifer.lee@pierce-copeland.com,"Designer, blown glass/stained glass",001-626-621-2198x4031,2023-12-05,Web,Working
7329,3141,Laurie,Beck,laurie.beck@parks-walker.com,Media planner,001-458-812-9205,2025-01-08,Web,New
5274,3096,Dustin,White,dustin.white@larsenllc.com,Veterinary surgeon,(843)232-4931x01117,2025-04-10,Cold Call,Working
5769,1473,Seth,Meyer,seth.meyer@ellis-carter.com,Nature conservation officer,624-810-7056x8385,2023-06-22,Cold Call,Qualified
6077,2715,Wendy,Murphy,wendy.murphy@clarkmasonandbradford.com,Land/geomatics surveyor,+1-353-220-3009,2025-06-11,Web,New
2224,1064,Erin,Olson,erin.olson@vasquezholderandramsey.com,Freight forwarder,417-321-7792,2025-04-26,Web,New
5089,1920,Michael,Turner,michael.turner@rodriguezandsons.com,"Surveyor, building control",(271)356-5692,2025-03-26,Cold Call,Unqualified
4634,2713,Jason,Miller,jason.miller@walterandsons.com,General practice doctor,(877)793-1832,2025-07-09,Cold Call,Working
81,3377,Melissa,Moore,melissa.moore@nguyenvazquezandharvey.com,"Designer, jewellery",(264)900-3602x3281,2023-06-18,Ad,Unqualified
235,1785,James,Davidson,james.davidson@white-adams.com,"Designer, television/film set",(895)836-5190x505,2025-06-19,Web,Qualified
2847,1798,Carol,Charles,carol.charles@sosapageandalexander.com,Building control surveyor,667.246.0112x5937,2023-10-05,Cold Call,New
2940,3646,Dennis,Lynch,dennis.lynch@olsonllc.com,Horticultural consultant,(323)546-5067x41193,2025-06-24,Referral,Unqualified
4206,2188,Curtis,Mercado,curtis.mercado@dunlapbrockandbowman.com,Cabin crew,001-671-768-0560x207,2025-06-03,Ad,Working
5239,1533,Rachael,Kerr,rachael.kerr@orozcogardnerandpowell.com,Banker,,2025-03-17,Cold Call,New
6455,3423,Jennifer,Cantu,jennifer.cantu@sotoltd.com,Sales executive,366.264.6898x0939,2024-11-12,Ad,Qualified
4035,622,Ana,Turner,ana.turner@pattersonmunozandcarey.com,Chief of Staff,632.650.0263x138,2025-03-27,Ad,Qualified
3070,840,Bonnie,Rogers,bonnie.rogers@bates-mcintosh.com,Telecommunications researcher,,2024-07-12,Web,Unqualified
1638,618,Brandon,Ward,brandon.ward@dodson-martinez.com,Minerals surveyor,001-553-843-4920x6607,2023-06-11,Referral,Unqualified
7186,139,David,Hall,david.hall@lloydgroup.com,"Psychotherapist, dance movement",3529037149,2025-02-07,Referral,Qualified
2171,947,Paul,Cervantes,paul.cervantes@mortonmckeeandrobbins.com,Probation officer,(864)954-2856,2024-04-12,Ad,New
6022,2649,Andrea,Conway,andrea.conway@hernandezwilliamsandshepard.com,Production engineer,232.590.7223x9032,2025-04-15,Web,New
4832,3471,Kara,Fox,kara.fox@bellltd.com,Fast food restaurant manager,416-899-5014,2025-06-28,Ad,New
7806,1140,Peter,Jennings,peter.jennings@jones-chambers.com,Insurance broker,(608)778-1562,2023-10-25,Referral,Unqualified
3813,2016,John,Herrera,john.herrera@santosyangandberry.com,Biomedical scientist,761-519-3018x563,2024-10-18,Referral,New
6225,3261,Christina,Miller,christina.miller@malonemitchellandzhang.com,Building services engineer,539.818.5173x3120,2025-03-21,Referral,Unqualified
6895,186,Daniel,Vargas,daniel.vargas@snyderltd.com,"Radiographer, therapeutic",+1-218-564-8902x5095,2023-12-22,Ad,Unqualified
7795,3496,Charles,Holloway,charles.holloway@alvarezgonzalezandrichardson.com,Sports administrator,575-444-1304x4557,2024-12-21,Referral,Unqualified
5255,2841,Leslie,Todd,leslie.todd@patel-johnson.com,Energy manager,5346293606,2024-09-13,Referral,New
3253,2156,Paul,Ruiz,paul.ruiz@rosalesinc.com,Toxicologist,+1-752-971-9763x27662,2025-03-11,Referral,Unqualified
5440,810,Susan,Banks,susan.banks@johnsonandsons.com,Stage manager,(364)880-1869x561,2024-12-09,Referral,Unqualified
6926,3116,Richard,Nichols,richard.nichols@christensen-marshall.com,Seismic interpreter,(981)921-3703x798,2025-07-13,Ad,New
4425,2059,Andrew,Green,andrew.green@rodriguezplc.com,"Editor, magazine features",+1-902-426-4667x4553,2023-05-11,Ad,New
865,2001,Mark,Morgan,mark.morgan@yuandsons.com,Phytotherapist,2534198513,2024-11-21,Ad,Working
2250,1220,Antonio,Scott,antonio.scott@grayfriedmanandstuart.com,Medical illustrator,001-347-825-7853,2023-11-01,Referral,Unqualified
53,2675,Justin,Clements,justin.clements@ramirezpattersonandjohnson.com,TEFL teacher,001-748-683-5476x14192,2025-03-17,Ad,Working
6156,1737,Joshua,Hanna,joshua.hanna@davidplc.com,Fisheries officer,855.242.7182x2947,2025-04-27,Referral,New
875,2533,Lauren,Farrell,lauren.farrell@fernandez-shaw.com,English as a foreign language teacher,552-818-0903x395,2023-06-16,Referral,New
4102,2891,Nathan,Day,nathan.day@garcialtd.com,Barrister,001-325-255-9662x841,2025-05-08,Web,Working
2272,1439,Crystal,Banks,crystal.banks@chambersgroup.com,"Development worker, community",845.930.2403,2025-03-25,Referral,Unqualified
7666,3449,Suzanne,Ramirez,suzanne.ramirez@porter-smith.com,"Development worker, international aid",211.534.1286x36969,2025-05-01,Web,Unqualified
5671,3482,Robert,Moore,robert.moore@jackson-singh.com,"Therapist, occupational",7623157250,2025-06-13,Referral,Working
823,3186,Michael,Ferguson,michael.ferguson@hoffmangroup.com,Sport and exercise psychologist,(563)700-2757x955,2025-06-24,Referral,Unqualified
97,2181,Kelly,Mitchell,kelly.mitchell@moorenavarroandnichols.com,Research scientist (physical sciences),(240)820-0570x493,2024-05-24,Cold Call,Unqualified
6221,3617,Jeremy,Gonzalez,jeremy.gonzalez@riverafernandezandtaylor.com,Forensic scientist,,2023-07-28,Cold Call,Unqualified
3558,1594,April,Brown,april.brown@thompson-johnson.com,Data processing manager,(496)855-6865x37086,2023-03-21,Referral,Unqualified
2570,996,Pamela,Butler,pamela.butler@scott-wilkins.com,"Doctor, hospital",952-818-8710x3142,2025-07-09,Web,New
5144,731,Monica,Hill,monica.hill@scottwilliamsandlogan.com,Web designer,(444)835-3413x13651,2024-09-05,Cold Call,Qualified
254,3317,Nicole,Christian,nicole.christian@williamsferrellandtaylor.com,Public affairs consultant,001-352-423-8030x373,2024-12-13,Cold Call,Working
1592,2500,Stephanie,Carpenter,stephanie.carpenter@mckenzierobertsandcantrell.com,Health visitor,852.301.5782,2025-07-15,Ad,New
7766,1582,Kevin,Prince,kevin.prince@deckerplc.com,Fitness centre manager,(948)544-2103x800,2024-10-24,Cold Call,Working
1708,3368,Stephanie,Perkins,stephanie.perkins@mcguire-parker.com,Neurosurgeon,001-918-411-1196x1908,2025-06-30,Ad,New
5227,74,Latoya,Howard,latoya.howard@sheppardinc.com,"Therapist, music",863-292-9240x220,2025-05-05,Cold Call,Qualified
2042,3381,Marie,Johnson,marie.johnson@carpenterllc.com,Marketing executive,001-425-780-0747,2025-07-16,Referral,Qualified
525,272,Amanda,Anderson,amanda.anderson@thomas-rodriguez.com,Surgeon,2144502465,2025-05-03,Web,Qualified
1845,585,Amy,Clark,amy.clark@sanchezsanchezandlittle.com,"Pilot, airline",630-979-7620,2024-06-15,Ad,New
7115,910,Kelly,White,kelly.white@underwood-jones.com,"Research officer, political party",+1-377-731-4319x85733,2025-03-20,Referral,New
7098,623,Nathaniel,Watts,nathaniel.watts@banks-silva.com,"Journalist, broadcasting",(755)294-3211x86333,2024-11-24,Referral,Qualified
2821,1575,Michael,Cooper,michael.cooper@vaughnplc.com,Equities trader,788.875.2114x6384,2024-05-26,Cold Call,Unqualified
7696,1976,Timothy,Hebert,timothy.hebert@miller-miller.com,Tree surgeon,(237)727-3587x677,2025-04-25,Cold Call,Qualified
6949,226,Lisa,Johnson,lisa.johnson@kellyllc.com,Hydrogeologist,,2024-12-18,Cold Call,Qualified
5595,2087,Kristen,Benson,kristen.benson@sanfordgroup.com,Air cabin crew,+1-842-333-9842x742,2025-07-17,Cold Call,New
2114,834,Joshua,Johnson,joshua.johnson@hillgroup.com,"Surveyor, mining",001-687-819-6632,2024-11-09,Cold Call,Qualified
362,378,Jeffrey,Kaufman,jeffrey.kaufman@nelson-charles.com,Risk analyst,995-874-3515,2025-01-23,Ad,New
3342,1414,Kerry,Townsend,kerry.townsend@peterson-parker.com,Engineering geologist,438.720.8747x2258,2025-01-03,Web,Unqualified
5911,3493,Amber,Gonzalez,amber.gonzalez@garciasmithandjones.com,"Surveyor, land/geomatics",,2025-06-28,Referral,Unqualified
3180,772,Thomas,Brown,thomas.brown@smithgroup.com,Quality manager,6496839196,2023-11-20,Web,Working
1654,31,Beth,Weber,beth.weber@brandt-chavez.com,Pension scheme manager,+1-445-699-0093x726,2025-06-02,Web,Working
5858,2291,Jasmine,Welch,jasmine.welch@cole-combs.com,"Administrator, Civil Service",402-315-8122,2024-08-04,Web,New
6191,1411,Michael,Morton,michael.morton@bonillaramirezandrogers.com,Dramatherapist,282.408.1451x87991,2025-05-13,Referral,New
5756,957,Sheri,Lewis,sheri.lewis@longjonesandsexton.com,Curator,001-309-968-2178,2025-06-16,Ad,New
6198,2317,Melissa,Thomas,melissa.thomas@turneredwardsandhart.com,"Therapist, sports",892.716.1176,2024-11-06,Cold Call,Unqualified
773,2911,April,Villanueva,april.villanueva@foleyinc.com,"Clinical scientist, histocompatibility and immunogenetics",(764)839-4695x671,2024-03-18,Referral,Qualified
2458,2934,Kristen,Barron,kristen.barron@wolfllc.com,Applications developer,+1-590-460-3819x20827,2025-03-12,Cold Call,New
6060,3901,Jesus,Russell,jesus.russell@mcclure-ramos.com,Cytogeneticist,(401)360-8010,2025-01-03,Referral,Unqualified
6945,329,Claudia,Montoya,claudia.montoya@torresarnoldandkim.com,Veterinary surgeon,964-628-4022,2024-08-31,Ad,Working
8030,401,Daniel,Morrison,daniel.morrison@le-hall.com,"Therapist, music",+1-639-388-5048x3167,2025-04-22,Cold Call,Qualified
7934,353,Luis,Jackson,luis.jackson@mortonandsons.com,Advice worker,784.377.9625,2024-03-14,Web,Unqualified
1637,722,Yvette,Olson,yvette.olson@newmanllc.com,"Editor, magazine features",+1-399-746-5428,2023-07-22,Cold Call,Unqualified
964,2419,Corey,Sanford,corey.sanford@clark-porter.com,"Education officer, museum",463-590-4808,2025-02-11,Ad,New
807,2902,Ashley,Mccoy,ashley.mccoy@palmerltd.com,Investment analyst,4286144599,2025-06-20,Cold Call,Qualified
7939,1728,Veronica,Perry,veronica.perry@murphy-osborne.com,Learning mentor,+1-954-428-2198x2946,2024-06-20,Ad,Qualified
5864,2757,Elizabeth,Padilla,elizabeth.padilla@beckerinc.com,Building surveyor,+1-556-315-3996,2024-06-26,Web,New
2643,2804,Jennifer,Clark,jennifer.clark@carey-may.com,Recruitment consultant,663-484-1663x541,2025-06-08,Ad,New
2080,3121,Richard,Chang,richard.chang@vargas-wells.com,"Surveyor, rural practice",614-444-6203x7737,2024-11-29,Cold Call,Working
5455,2190,Danielle,Nguyen,danielle.nguyen@morrison-garcia.com,Product designer,283-234-3826x674,2025-03-01,Referral,Unqualified
7181,2973,Kenneth,Cook,kenneth.cook@reynoldswillisandthomas.com,Mining engineer,838.341.9979,2024-10-18,Ad,Unqualified
7432,3675,Robert,Blackburn,robert.blackburn@mcbridemitchellandgilbert.com,Intelligence analyst,4076028131,2024-04-01,Referral,Qualified
2890,18,Jessica,Roberts,jessica.roberts@clark-yates.com,Medical physicist,272.687.4260,2025-07-03,Web,Qualified
3936,3311,Kevin,Rivera,kevin.rivera@martinezgroup.com,Immunologist,001-936-806-8092,2024-12-12,Cold Call,Unqualified
2023,1409,Jasmine,Robertson,jasmine.robertson@wise-martin.com,Sports coach,(757)690-4628x80733,2025-06-28,Cold Call,Unqualified
2050,3637,Laura,Moore,laura.moore@phillipssanchezandmartinez.com,Licensed conveyancer,843-254-7997x358,2025-05-12,Web,Qualified
6697,53,Larry,Lewis,larry.lewis@craneramirezandharris.com,Newspaper journalist,001-378-970-5562x520,2025-03-24,Web,New
3913,2795,Logan,Williams,logan.williams@wolfecooleyandyoung.com,General practice doctor,856.711.8462x81673,2025-07-17,Ad,New
4129,1326,Matthew,Keller,matthew.keller@harpervelazquezandjones.com,Paramedic,+1-220-527-4394,2024-10-11,Web,New
4161,977,Sherri,Ramos,sherri.ramos@gonzalezjohnsonandlevine.com,"Research officer, trade union",887.571.0450x975,2024-08-22,Web,Working
5696,1332,Janet,Bates,janet.bates@jacksonllc.com,Production manager,001-418-408-5087,2025-07-06,Referral,Working
4592,557,Brian,Morris,brian.morris@hudsonbutlerandanderson.com,"Sales professional, IT",001-718-913-4516x5583,2025-05-03,Cold Call,Qualified
1806,3708,Kelly,Hernandez,kelly.hernandez@rodriguez-dickerson.com,Psychotherapist,(732)848-8328x0070,2023-09-20,Referral,Qualified
723,179,Austin,Foster,austin.foster@moralesllc.com,"Lecturer, higher education",484.264.3272x3099,2025-07-01,Cold Call,Unqualified
6079,413,Adrian,Mcclain,adrian.mcclain@stephensramirezandcobb.com,Geophysicist/field seismologist,+1-749-489-8517x25745,2025-02-07,Web,Working
1334,3516,David,Evans,david.evans@stonehopkinsandortiz.com,Publishing rights manager,001-356-732-1052x6038,2025-06-07,Web,Unqualified
690,1945,Michael,Mathews,michael.mathews@wagnersilvaandhernandez.com,Ambulance person,001-723-674-0522x4990,2025-01-06,Web,New
4490,446,Sharon,Perkins,sharon.perkins@conley-griffith.com,Health and safety adviser,804-412-3158,2024-12-23,Cold Call,Qualified
5939,3707,Natalie,Blair,natalie.blair@rodriguez-cortez.com,Herpetologist,+1-898-713-9789x13928,2025-03-23,Referral,Unqualified
3875,1902,Samantha,Paul,samantha.paul@millerinc.com,Oncologist,001-533-690-9987x312,2025-07-13,Ad,Working
2678,3283,William,Medina,william.medina@jenningswilliamsandthomas.com,"Editor, commissioning",+1-843-856-0763x32804,2025-01-24,Ad,Unqualified
2661,3248,Joshua,Hardy,joshua.hardy@chenburnettandcross.com,Chartered loss adjuster,(270)545-0119x486,2024-08-26,Referral,Working
4998,203,Tami,Jones,tami.jones@durangroup.com,Adult nurse,751.998.8174,2024-04-10,Referral,New
5962,3293,Jose,Hunt,jose.hunt@whiteadamsandgordon.com,"Psychologist, counselling",(639)980-9417,2025-05-10,Referral,Qualified
1414,3289,Linda,Jackson,linda.jackson@clark-jordan.com,Technical brewer,,2025-06-19,Web,Qualified
548,3310,Earl,Henderson,earl.henderson@hansonandsons.com,Systems analyst,001-487-627-0076x8667,2025-07-03,Ad,Working
5250,3829,Nicole,Thompson,nicole.thompson@thomas-kennedy.com,Systems analyst,+1-934-973-7911x02350,2024-12-23,Ad,Working
2545,3329,Joshua,Combs,joshua.combs@leehowardandvalenzuela.com,Actuary,4693902021,2024-08-28,Ad,Qualified
513,2587,John,Jones,john.jones@poncewhiteandsanders.com,Ship broker,001-296-798-6119x6879,2024-04-20,Web,New
7467,1636,Jennifer,Perez,jennifer.perez@stewartplc.com,Geoscientist,370.302.6518,2024-05-11,Cold Call,New
2762,3993,Carlos,Barber,carlos.barber@smith-lambert.com,Photographer,3349637533,2024-01-17,Ad,New
5760,2422,Frank,Henry,frank.henry@welchplc.com,Emergency planning/management officer,001-374-456-2526x86598,2025-06-17,Cold Call,Unqualified
5883,648,Erica,Jones,erica.jones@crawfordplc.com,"Editor, magazine features",(325)222-1800x0452,2025-03-28,Web,Working
3035,418,Nathan,Campbell,nathan.campbell@zimmermaninc.com,Barrister's clerk,701.892.8447x78114,2025-06-18,Referral,Unqualified
604,3766,Bridget,Lynn,bridget.lynn@sherman-brooks.com,Chief Financial Officer,+1-400-689-5547x59677,2024-09-15,Web,New
4205,2188,Jo,Reed,jo.reed@dunlapbrockandbowman.com,Immigration officer,,2025-07-04,Cold Call,Qualified
3242,2579,Bruce,Diaz,bruce.diaz@guzman-kennedy.com,Media planner,841-932-2258x0361,2024-08-05,Web,Unqualified
1032,2525,James,Blackwell,james.blackwell@schultzgroup.com,"Loss adjuster, chartered",+1-473-540-6551x02960,2024-02-23,Referral,Unqualified
1840,3809,William,Henderson,william.henderson@vasquezbullockandhodge.com,"Designer, industrial/product",305-769-2033x617,2023-07-24,Web,Unqualified
2669,408,Roy,Castillo,roy.castillo@lucas-herrera.com,Event organiser,001-848-240-3861x76232,2025-05-31,Referral,Working
8022,1209,Morgan,Franco,morgan.franco@woods-olson.com,Furniture designer,758-496-1758,2023-06-12,Referral,Unqualified
4046,306,Elizabeth,Carey,elizabeth.carey@leonardgrantandmorales.com,"Scientist, audiological",287-887-2004x606,2023-01-22,Web,Working
505,2947,Shelly,Patterson,shelly.patterson@pattersoninc.com,Television/film/video producer,001-687-710-0641x43686,2025-05-30,Referral,Qualified
2118,2952,Amy,Solis,amy.solis@davis-smith.com,Optometrist,215-964-5504,2025-06-29,Web,New
6064,1521,Christopher,Blake,christopher.blake@houston-lozano.com,"Copywriter, advertising",+1-410-367-5260,2025-04-13,Web,New
2665,1696,Nancy,Carey,nancy.carey@kelly-ross.com,Customer service manager,614-319-1609x796,2025-07-06,Ad,Qualified
3005,1168,Michael,Ruiz,michael.ruiz@clements-murillo.com,Solicitor,463.557.4160,2025-03-12,Referral,Working
5187,1300,Calvin,Hill,calvin.hill@moore-martin.com,Scientific laboratory technician,(250)376-6909x9644,2024-10-01,Cold Call,Unqualified
1107,1844,Robert,Lewis,robert.lewis@knoxbowersandrobertson.com,Civil Service administrator,6677871934,2025-07-08,Cold Call,Qualified
2569,2445,Christopher,Bryant,christopher.bryant@brown-sanchez.com,"Programmer, applications",871-792-1326,2024-06-08,Web,New
7116,910,William,Blackburn,william.blackburn@underwood-jones.com,"Therapist, art",650-960-2369,2025-01-20,Ad,Qualified
8038,2764,Karen,Rivera,karen.rivera@chen-wright.com,Software engineer,356-798-4024x677,2024-08-16,Web,Working
201,357,Sarah,Stephenson,sarah.stephenson@transchneiderandhayden.com,Landscape architect,512.429.2128,2024-09-12,Web,Unqualified
6754,3742,Jennifer,Morgan,jennifer.morgan@williams-ward.com,Engineering geologist,001-620-733-2150x194,2025-05-31,Referral,Qualified
4289,870,Todd,Whitaker,todd.whitaker@sherman-wright.com,Psychotherapist,365.579.3112x99421,2024-11-10,Web,Qualified
5270,3411,Megan,Moore,megan.moore@estrada-meadows.com,Television/film/video producer,(577)301-6511,2023-10-12,Cold Call,Qualified
234,2866,Donald,Sampson,donald.sampson@gardnerbensonandbuchanan.com,"Engineer, mining",+1-327-766-4917x1985,2024-10-28,Referral,New
1594,3056,Tiffany,Rogers,tiffany.rogers@bridges-keller.com,Art gallery manager,001-471-722-3190,2024-05-21,Web,New
7469,3229,Joshua,Sullivan,joshua.sullivan@callahanriceandthornton.com,Technical brewer,(611)553-7502x8476,2025-06-14,Cold Call,Qualified
6767,316,Katherine,Brown,katherine.brown@yodergroup.com,Forensic psychologist,(750)808-0373,2025-06-19,Referral,New
1431,1941,Michael,Cooper,michael.cooper@hughes-white.com,Corporate treasurer,(579)734-0680,2023-10-19,Web,Qualified
6089,1110,Keith,Turner,keith.turner@barnes-hill.com,Haematologist,9299447447,2025-03-04,Ad,New
7724,2769,Patricia,Martin,patricia.martin@mcdonaldllc.com,Geoscientist,+1-893-451-6879x37831,2023-06-27,Web,New
6152,771,Karen,Glass,karen.glass@fieldsinc.com,"Therapist, nutritional",659-847-4942x4948,2024-10-26,Ad,New
5387,463,Kimberly,Rivera,kimberly.rivera@irwinsanchezandfletcher.com,Water engineer,618-498-1538x8942,2025-02-24,Web,New
1450,1562,Patrick,Chen,patrick.chen@griffinsmithandmoore.com,Nutritional therapist,,2025-04-13,Ad,Unqualified
5808,2378,Steven,Baker,steven.baker@andersonllc.com,Marketing executive,001-246-741-2555x43814,2025-07-15,Cold Call,Unqualified
866,2917,Mary,Lutz,mary.lutz@allengroup.com,Charity fundraiser,+1-952-337-3730x78727,2025-01-19,Web,Qualified
3004,1168,Nathan,Whitehead,nathan.whitehead@clements-murillo.com,"Engineer, broadcasting (operations)",+1-375-907-1134x32078,2025-02-03,Referral,New
1324,2099,Sandra,Nolan,sandra.nolan@mezaplc.com,"Scientist, research (life sciences)",930-784-7729,2024-04-25,Cold Call,New
2092,2220,Dawn,Oliver,dawn.oliver@blanchard-perez.com,"Investment banker, operational",+1-205-311-5666,2025-07-16,Referral,Working
35,334,Stephanie,Berger,stephanie.berger@strong-carter.com,"Accountant, chartered management",287.934.9626x2147,2024-11-11,Web,New
6097,2208,Dana,Dean,dana.dean@torreswelchandlutz.com,Cabin crew,735.698.9876,2024-05-05,Web,New
5721,7,Jason,Burke,jason.burke@kellyandsons.com,Purchasing manager,658.300.8438x855,2024-11-10,Referral,New
919,3087,Tracy,Murphy,tracy.murphy@bakerllc.com,Network engineer,+1-358-203-0798,2023-11-19,Ad,Unqualified
7156,3601,Bill,Lewis,bill.lewis@johnsonsmithandjohnson.com,"Teacher, English as a foreign language",228.513.1079x85813,2025-05-09,Web,Qualified
2608,2417,Linda,Cox,linda.cox@smithcollinsandstephens.com,Sports development officer,5727384517,2022-10-06,Referral,Unqualified
713,3924,Derek,Newman,derek.newman@campbellchurchanddelgado.com,Warehouse manager,8908229621,2024-05-15,Web,New
1713,1009,Matthew,Meyer,matthew.meyer@ruizphillipsandballard.com,Travel agency manager,(925)657-2403x549,2025-06-27,Ad,Unqualified
4159,2590,Jill,Martin,jill.martin@miller-rodriguez.com,Arts development officer,+1-784-614-1326x0978,2025-05-22,Web,New
2045,1952,Isaac,Jimenez,isaac.jimenez@davisjohnsonandmiller.com,Arboriculturist,7719505670,2024-10-01,Cold Call,Unqualified
4591,888,Misty,Long,misty.long@braun-adams.com,"Designer, multimedia",(257)653-0592,2025-05-07,Web,Working
7747,3589,Erin,Lyons,erin.lyons@ellis-gates.com,Data processing manager,870.946.4190x66232,2024-06-14,Web,Unqualified
2230,386,Ann,Hahn,ann.hahn@yoder-glenn.com,Colour technologist,(488)752-2002x2105,2025-07-13,Cold Call,Unqualified
2695,3153,Luis,Lopez,luis.lopez@harris-weiss.com,"Therapist, nutritional",+1-840-604-4388x8831,2024-04-24,Web,Qualified
1780,1061,Kelly,Smith,kelly.smith@fulleralexanderandgray.com,Financial risk analyst,001-728-355-5867,2024-12-04,Referral,New
6314,1779,John,Barry,john.barry@cooperltd.com,Public relations account executive,8207163949,2023-02-03,Ad,Qualified
1196,33,Carly,Dean,carly.dean@orozcomurrayandcardenas.com,Museum education officer,3437972691,2023-10-22,Referral,Qualified
810,2848,Brian,Brown,brian.brown@grimesllc.com,"Designer, blown glass/stained glass",268.905.9535x01309,2024-10-11,Referral,Unqualified
3528,3075,Edward,Brown,edward.brown@li-hammond.com,Computer games developer,338.353.4612x7437,2025-07-03,Cold Call,Qualified
3706,2644,Hailey,Johnson,hailey.johnson@yateshuntandwilliams.com,Comptroller,471-711-6488,2025-03-29,Web,New
2858,2325,Kim,Scott,kim.scott@callahan-schroeder.com,Control and instrumentation engineer,001-660-294-9855x8456,2025-07-04,Ad,New
4432,3770,Denise,Hudson,denise.hudson@forbesmooneyandturner.com,Accounting technician,(538)472-0920x2552,2024-04-19,Ad,Qualified
1901,3860,Joseph,Perez,joseph.perez@glasscruzandwilliams.com,Clinical biochemist,001-453-500-4059,2025-04-20,Web,New
1073,952,Rebecca,King,rebecca.king@hall-wong.com,Barista,+1-624-530-4784,2024-04-14,Cold Call,New
7849,1489,Natasha,Sawyer,natasha.sawyer@mercadohamiltonandrios.com,"Research officer, political party",(806)748-2288x9942,2024-07-06,Cold Call,New
2725,2362,Megan,Sanchez,megan.sanchez@davis-duke.com,Exercise physiologist,8705688725,2025-05-04,Web,New
1705,3443,Stephanie,Tucker,stephanie.tucker@adamsplc.com,Personal assistant,893-902-0849x301,2023-05-28,Referral,Qualified
4365,3530,Dorothy,Miller,dorothy.miller@stevens-acosta.com,Hospital doctor,001-634-858-3152,2024-10-11,Web,New
7525,664,Tammy,Frank,tammy.frank@mcleanjacksonandtodd.com,Financial adviser,700.885.8714x9545,2024-04-11,Ad,Unqualified
3020,453,Joseph,Good,joseph.good@dunninc.com,Chartered management accountant,(868)490-6485x3023,2025-03-29,Web,Unqualified
4995,2872,Penny,Green,penny.green@torreskennedyandmorrison.com,Clinical embryologist,001-316-424-2778x5027,2025-01-23,Ad,New
3665,1466,Derrick,Soto,derrick.soto@shawllc.com,"Designer, ceramics/pottery",914.467.6691,2025-04-29,Web,New
6837,1051,Ethan,Tucker,ethan.tucker@bowmansnowandmiddleton.com,Facilities manager,461.241.4498x34119,2025-07-07,Referral,New
3067,2154,Andrew,James,andrew.james@greene-espinoza.com,Geophysical data processor,309.579.7341x3771,2024-11-18,Referral,Working
1752,711,George,Martin,george.martin@pattersonllc.com,"Therapist, sports",(746)497-4581x4736,2024-11-28,Ad,Unqualified
319,2750,Allen,Wilson,allen.wilson@gonzalesandsons.com,Lobbyist,001-571-713-9740x34064,2024-11-18,Ad,New
4537,905,Bill,Thompson,bill.thompson@sandoval-gibson.com,"Psychologist, clinical",869-545-5185x11481,2025-07-05,Referral,Working
1542,127,Adam,Hall,adam.hall@belllivingstonandcollins.com,Marine scientist,001-850-640-1220x3736,2025-02-27,Referral,Unqualified
4222,555,Laura,Cook,laura.cook@lawsoninc.com,Systems analyst,405.519.2420,2023-08-31,Referral,Working
3307,3119,Mike,Garcia,mike.garcia@johnsonandsons.com,Insurance underwriter,404.429.4449x367,2024-09-14,Referral,Unqualified
515,2587,Steven,Smith,steven.smith@poncewhiteandsanders.com,Illustrator,001-467-884-8131x27954,2024-01-01,Referral,Qualified
7976,3399,Steven,Moore,steven.moore@patterson-cantu.com,IT sales professional,355.884.0078x4758,2024-07-29,Cold Call,Qualified
2732,3334,Susan,Vaughan,susan.vaughan@reyescoxandwinters.com,Tax inspector,644-294-3622,2024-08-11,Referral,Qualified
431,170,Tara,Stone,tara.stone@aguilarllc.com,Product manager,(724)204-4272x40700,2025-01-04,Web,Qualified
6049,1216,Jason,Meyers,jason.meyers@baker-jensen.com,"Radiographer, therapeutic",877.781.9091,2025-07-01,Referral,Qualified
7419,3960,Matthew,Davis,matthew.davis@holdenltd.com,Social worker,525.904.1607x30500,2024-08-07,Referral,New
5470,2153,Amy,Johns,amy.johns@cruzplc.com,Nature conservation officer,,2025-04-29,Referral,New
755,2118,Alexandra,Johnson,alexandra.johnson@mirandallc.com,Community arts worker,001-312-835-8378x11635,2025-07-18,Referral,New
6260,3826,Steven,White,steven.white@benderandsons.com,Fashion designer,426.572.0671x98375,2024-07-01,Web,Unqualified
2379,3160,Gregory,Curtis,gregory.curtis@hernandezjohnsonandgood.com,"Lighting technician, broadcasting/film/video",714.789.3395x14830,2025-03-30,Cold Call,Working
1343,2299,Shannon,Edwards,shannon.edwards@brown-sellers.com,Ophthalmologist,(426)887-8964x85271,2025-01-19,Ad,Qualified
3110,1412,Luke,Carey,luke.carey@powellinc.com,Economist,754-787-0753,2025-07-07,Ad,New
73,424,Joseph,Horton,joseph.horton@lutzllc.com,Health and safety adviser,(939)928-8872,2023-07-05,Cold Call,Qualified
5831,2376,Christopher,Hall,christopher.hall@carr-hays.com,"Designer, ceramics/pottery",+1-772-219-1483x621,2025-02-25,Cold Call,Working
7042,2945,Justin,Snow,justin.snow@romerorossandprince.com,Architectural technologist,544.914.1718,2025-05-27,Referral,Unqualified
1703,2077,Robert,Serrano,robert.serrano@duncaninc.com,Air broker,(382)429-4907x7677,2024-07-21,Ad,Working
6478,1604,Steve,Moore,steve.moore@guerramillsandparker.com,Public affairs consultant,410.854.3655,2025-07-03,Web,Qualified
7860,3462,Matthew,Harris,matthew.harris@sullivan-watkins.com,Commercial art gallery manager,487.789.3248x378,2024-11-15,Ad,New
6716,3422,Destiny,Cordova,destiny.cordova@cummings-powell.com,"Engineer, chemical",469.225.7125,2025-02-05,Ad,Working
94,3481,Kelly,Curtis,kelly.curtis@wilsonplc.com,Youth worker,751-920-0359x82884,2025-04-26,Referral,Working
6699,3501,Carol,Newman,carol.newman@hayes-harrison.com,Advertising copywriter,+1-397-744-3454x23938,2024-09-18,Cold Call,Working
3878,2033,Cheryl,Collins,cheryl.collins@garcia-walker.com,Environmental manager,844.511.6305,2025-03-03,Referral,Working
2582,1269,Patricia,Hall,patricia.hall@peckllc.com,Advertising account planner,+1-201-546-8113,2025-03-13,Cold Call,Qualified
2952,2038,Thomas,Nelson,thomas.nelson@espinozaplc.com,Pensions consultant,858.345.7896,2024-10-23,Referral,Qualified
2372,2690,William,Bullock,william.bullock@leonplc.com,Hydrologist,+1-375-393-8062,2024-10-27,Ad,New
6709,2365,Corey,Woods,corey.woods@holmes-holder.com,Solicitor,(926)366-8076x9268,2024-07-11,Cold Call,Qualified
7527,664,Brian,Daniel,brian.daniel@mcleanjacksonandtodd.com,Multimedia programmer,+1-688-568-3337x1790,2025-05-02,Ad,Unqualified
5551,579,William,Villarreal,william.villarreal@perezltd.com,Speech and language therapist,(666)961-4398,2025-03-02,Ad,Unqualified
2265,3797,Kathleen,Johnson,kathleen.johnson@mercerwoodandodom.com,"Administrator, local government",001-402-626-4907x206,2025-05-15,Referral,New
4471,1154,Jillian,Miller,jillian.miller@patterson-duke.com,Architect,(323)249-2729x85495,2025-02-04,Ad,Working
288,1609,Cody,Mclean,cody.mclean@batesinc.com,Drilling engineer,419.379.4241x6644,2024-02-01,Referral,Unqualified
7099,623,Renee,Smith,renee.smith@banks-silva.com,Civil Service fast streamer,(541)915-3597x5054,2024-09-20,Referral,Unqualified
2073,1570,Dylan,Thompson,dylan.thompson@powellandsons.com,"Producer, radio",,2025-07-08,Cold Call,New
3166,744,Rebecca,Kaiser,rebecca.kaiser@welchharrisandharmon.com,Politician's assistant,+1-827-549-5689x9806,2025-02-09,Cold Call,Qualified
5889,2950,Chad,Johnson,chad.johnson@whitegroup.com,Public librarian,001-457-396-3318x83905,2025-03-27,Web,Unqualified
2541,3080,Calvin,Campbell,calvin.campbell@schwartzmillerandjohnston.com,Scientific laboratory technician,853-475-4537x459,2024-04-01,Cold Call,Working
5065,3233,David,Decker,david.decker@henry-vasquez.com,Psychiatrist,513-675-0442x495,2025-07-15,Web,Working
4487,3351,Lee,Farrell,lee.farrell@barkerllc.com,Recycling officer,251.405.8353x692,2024-04-21,Referral,Qualified
4124,3632,Donald,Torres,donald.torres@leonardthomasandlewis.com,Ophthalmologist,375-214-4299,2024-05-29,Ad,Working
294,3957,Timothy,Stone,timothy.stone@watersllc.com,Rural practice surveyor,001-288-378-2353,2024-07-03,Cold Call,Qualified
1758,3624,Stacy,Montgomery,stacy.montgomery@gallagherinc.com,Customer service manager,(808)222-3234,2025-07-17,Cold Call,Unqualified
292,2329,Rachel,Chavez,rachel.chavez@palmerltd.com,Make,320-371-6013,2024-05-04,Web,New
6683,880,Katrina,Hess,katrina.hess@lewis-singh.com,"Education officer, community",625-824-3182x61781,2024-04-15,Web,New
298,822,Corey,Cox,corey.cox@careyinc.com,Telecommunications researcher,(861)348-4875,2024-05-15,Referral,New
7464,3533,Alex,Burns,alex.burns@rodriguez-lin.com,Financial controller,(845)254-1480x6013,2025-05-08,Cold Call,Qualified
2290,2976,Debbie,Stewart,debbie.stewart@sosacisnerosandsweeney.com,Health and safety adviser,+1-865-759-2704x32373,2024-12-10,Cold Call,Working
1428,532,Rachel,Harris,rachel.harris@cobbwebbandpalmer.com,Learning mentor,(554)621-0299,2024-10-24,Web,Unqualified
4861,2327,Kelly,Crawford,kelly.crawford@trujilloplc.com,Proofreader,715-790-4004x1931,2025-05-28,Cold Call,Working
8031,401,Randy,Moore,randy.moore@le-hall.com,Data processing manager,(376)682-5733x46170,2025-06-01,Ad,Working
2151,2768,Jeffrey,Johnson,jeffrey.johnson@allen-davis.com,Building surveyor,001-742-732-0340x222,2024-02-13,Web,New
3464,3083,Zachary,Jackson,zachary.jackson@johnsonrussoandweber.com,Quarry manager,573-324-0619,2024-11-20,Web,New
189,2348,Michael,Pham,michael.pham@duranclaytonandwiggins.com,"Physicist, medical",001-500-538-9645,2024-07-15,Web,Unqualified
4670,2355,Travis,Good,travis.good@walker-steele.com,Surgeon,(783)794-1987,2023-12-06,Ad,Unqualified
2044,91,Jennifer,Ford,jennifer.ford@snowinc.com,Chief Technology Officer,(683)554-8906x275,2024-05-11,Cold Call,Qualified
1649,3906,Anthony,Bryant,anthony.bryant@davis-davis.com,Hotel manager,448-799-3475,2025-06-04,Cold Call,Unqualified
2862,1274,Aaron,Booker,aaron.booker@woodsvargasandwalters.com,Medical technical officer,(434)314-4884x598,2025-03-23,Referral,Working
1447,2542,Kristine,Alexander,kristine.alexander@caldwellandsons.com,Paramedic,8887643506,2025-07-10,Cold Call,Qualified
3475,637,Shannon,Hill,shannon.hill@murrayglassandsingleton.com,"Engineer, electronics",+1-843-241-5316x21591,2024-07-28,Referral,Working
2532,143,Susan,Taylor,susan.taylor@hoffmanrodriguezandburns.com,Museum/gallery exhibitions officer,(242)653-5712x98448,2025-01-22,Web,New
4466,2288,Donna,Davis,donna.davis@garcia-paul.com,"Geneticist, molecular",(757)953-7905x8690,2025-06-07,Web,Working
3214,3378,Drew,Hill,drew.hill@edwardsgonzalezandtaylor.com,"Engineer, maintenance",7925278837,2024-12-06,Referral,Unqualified
7875,3557,Richard,Patel,richard.patel@woodberryandsilva.com,Administrator,(720)993-3820,2025-01-30,Ad,Unqualified
4408,1321,Megan,Ingram,megan.ingram@starkltd.com,Energy engineer,322-381-2271x05475,2024-08-31,Cold Call,New
6248,2403,Melinda,Henry,melinda.henry@fisherllc.com,Charity officer,9816205873,2024-09-29,Cold Call,Qualified
1380,842,Thomas,Flores,thomas.flores@marksltd.com,Office manager,(437)777-6635,2025-01-09,Web,Qualified
6817,1019,Samantha,Owens,samantha.owens@mcmahonfergusonandjones.com,"Solicitor, Scotland",615-798-3225x11947,2023-10-18,Web,Working
1744,2572,Laura,Ellis,laura.ellis@banks-allen.com,"Administrator, Civil Service",991.210.8252x502,2025-04-29,Referral,Qualified
3237,1010,Bruce,Hogan,bruce.hogan@tranltd.com,"Optician, dispensing",845-700-3650,2024-07-30,Ad,Unqualified
4597,3518,Ryan,Henderson,ryan.henderson@brown-keller.com,Town planner,(227)473-0183x87222,2025-04-20,Cold Call,Qualified
5887,3308,Dana,Davis,dana.davis@stokes-frank.com,"Investment banker, operational",001-270-737-8527x4372,2025-06-22,Web,New
7502,538,Leah,Hurst,leah.hurst@fernandezandsons.com,Restaurant manager,(225)696-6919x28595,2024-10-30,Referral,Unqualified
4207,2188,John,Williams,john.williams@dunlapbrockandbowman.com,English as a foreign language teacher,401-351-3314,2025-06-18,Cold Call,Working
5768,355,Mary,Wagner,mary.wagner@howardltd.com,Waste management officer,,2025-06-28,Ad,Qualified
5685,1599,Maria,Gibson,maria.gibson@martinez-sharp.com,Environmental health practitioner,799.779.3383,2025-06-22,Ad,Qualified
4332,1171,Stacy,Reyes,stacy.reyes@averygroup.com,"Therapist, speech and language",001-459-314-6766,2024-11-25,Web,Qualified
3609,1828,Alyssa,Espinoza,alyssa.espinoza@randallinc.com,Higher education careers adviser,(345)737-6588x74714,2023-08-16,Cold Call,Unqualified
7057,1410,Rebekah,Carpenter,rebekah.carpenter@ochoa-gomez.com,"Conservation officer, nature",(783)893-0834,2025-02-24,Web,Working
5710,2821,Richard,Massey,richard.massey@phillips-wilkinson.com,Environmental health practitioner,001-313-883-9069x9260,2024-10-31,Web,Qualified
1827,973,Paige,Sanchez,paige.sanchez@marshallwhiteandmoore.com,Professor Emeritus,+1-564-217-9672,2025-05-22,Web,Unqualified
3499,1529,Steven,Johnson,steven.johnson@lewisgroup.com,"Secretary, company",(852)914-0982,2022-11-18,Ad,Qualified
4742,1469,Matthew,Cochran,matthew.cochran@munozwellsandkent.com,Building surveyor,864-297-4143,2024-10-15,Referral,Unqualified
5914,1013,Christine,Hines,christine.hines@jenkinsandsons.com,Retail manager,+1-384-888-9409x581,2022-12-25,Web,Working
2974,2482,Sharon,Brown,sharon.brown@horton-tucker.com,Armed forces logistics/support/administrative officer,5336662589,2025-05-07,Cold Call,Unqualified
7369,3200,Teresa,Gregory,teresa.gregory@morganinc.com,Network engineer,(648)825-6728,2025-05-21,Web,Working
1606,2416,Stacy,Park,stacy.park@hicks-brown.com,Public librarian,001-245-825-7054x412,2024-04-15,Ad,Working
367,1233,Brian,Francis,brian.francis@ramseygroup.com,"Producer, television/film/video",237-556-2159x2688,2025-03-26,Ad,Qualified
5658,26,Andrea,King,andrea.king@bowman-brown.com,Customer service manager,702.875.1820,2024-04-20,Cold Call,Qualified
7575,3250,Jeffrey,Griffin,jeffrey.griffin@garciaplc.com,Fashion designer,377-270-0128x1206,2023-01-20,Referral,Unqualified
286,89,Melody,Peterson,melody.peterson@bradyltd.com,Geophysical data processor,(689)933-9621,2025-06-24,Ad,Unqualified
3531,1993,Timothy,Wood,timothy.wood@allen-garcia.com,"Nurse, mental health",694-540-8968,2024-08-23,Referral,Unqualified
5700,808,Jesse,Singh,jesse.singh@patelltd.com,Charity officer,660-791-5542x5621,2024-06-30,Ad,Unqualified
1182,1149,Amanda,Simpson,amanda.simpson@clarkltd.com,Outdoor activities/education manager,+1-392-552-9892,2023-07-10,Web,New
791,307,William,Bryan,william.bryan@thompsonsmithanddouglas.com,Manufacturing systems engineer,612-868-6554x54954,2025-02-12,Cold Call,Qualified
3968,3882,Michael,Butler,michael.butler@anthonymillsandsmith.com,Environmental manager,7445273132,2023-02-19,Cold Call,Qualified
3202,3026,Emily,Moore,emily.moore@carey-brown.com,"Producer, television/film/video",+1-242-333-2729x744,2024-09-24,Web,Qualified
4183,739,Jacob,Brown,jacob.brown@kimwebsterandbell.com,Chief Financial Officer,941-852-3286x8975,2024-08-20,Web,Qualified
5882,648,Douglas,Stephens,douglas.stephens@crawfordplc.com,Dealer,001-255-438-9400x600,2025-06-25,Web,Qualified
133,181,Erika,Harrison,erika.harrison@rowlandjordanandjohnson.com,Civil Service fast streamer,001-451-601-8609x335,2025-02-08,Cold Call,New
7325,3244,Roy,Shepherd,roy.shepherd@grant-moore.com,"Engineer, petroleum",001-585-480-1012x961,2025-06-07,Referral,New
3781,2216,Karen,Jones,karen.jones@jordanllc.com,"Sound technician, broadcasting/film/video",299-376-3593x10372,2023-11-17,Referral,Unqualified
4538,3673,Meghan,Matthews,meghan.matthews@thomasjordanandburns.com,"Accountant, chartered public finance",(931)962-6943x68607,2025-06-10,Ad,Unqualified
2352,3014,Thomas,Brown,thomas.brown@leellc.com,Legal executive,6027426054,2025-03-16,Referral,Working
6968,2032,Catherine,Smith,catherine.smith@chendavisandortega.com,"Engineer, electronics",,2024-11-23,Referral,New
4504,3543,Autumn,Dyer,autumn.dyer@hollandfaulknerandweber.com,Quarry manager,001-803-825-1866x6215,2025-03-17,Ad,Unqualified
7145,3047,Nicholas,Fields,nicholas.fields@baileyinc.com,Technical brewer,(256)571-2185x2402,2024-10-31,Referral,New
2760,445,Matthew,Gonzalez,matthew.gonzalez@lambertgroup.com,Exercise physiologist,(349)984-6831x5804,2024-12-18,Web,Unqualified
5791,3532,Gabrielle,Wood,gabrielle.wood@marshallbrownandmiranda.com,Plant breeder/geneticist,271-384-9723x356,2024-03-25,Web,Unqualified
5465,3806,Cynthia,Bennett,cynthia.bennett@miller-smith.com,Audiological scientist,001-410-538-1990,2025-02-09,Ad,Qualified
5175,781,Mary,Zimmerman,mary.zimmerman@smithinc.com,Freight forwarder,+1-284-685-6294x338,2024-11-06,Cold Call,Qualified
5804,48,Benjamin,Brown,benjamin.brown@powellinc.com,Garment/textile technologist,850.823.5190x8476,2025-01-10,Referral,New
7257,3902,Michael,Mahoney,michael.mahoney@wilson-martinez.com,"Radiographer, diagnostic",235-973-0612x723,2025-02-20,Cold Call,Qualified
7743,3189,Marcia,Warren,marcia.warren@harrisongroup.com,Historic buildings inspector/conservation officer,897.267.1578x5807,2024-02-01,Web,Working
1402,1386,Michelle,Anderson,michelle.anderson@franconguyenandharris.com,"Designer, television/film set",,2024-10-03,Web,Working
2190,2361,Kyle,Henry,kyle.henry@barnesedwardsandhill.com,"Editor, magazine features",694.914.6918,2024-08-14,Web,Qualified
7826,587,David,Petty,david.petty@maxwell-moss.com,Retail buyer,(776)233-7263x473,2025-05-17,Web,Working
2485,1459,Rachel,Walker,rachel.walker@nelson-martin.com,"Conservator, furniture",(700)747-3657x0678,2025-01-15,Referral,Unqualified
2631,483,Kenneth,Camacho,kenneth.camacho@chandler-yates.com,Quantity surveyor,001-848-525-5038x805,2025-06-28,Cold Call,Unqualified
6432,25,Lindsay,Bailey,lindsay.bailey@pierce-copeland.com,Commercial art gallery manager,6034261008,2024-02-21,Referral,Working
3073,3959,Ryan,Miller,ryan.miller@mooregroup.com,Advice worker,(635)942-0585x379,2024-12-14,Referral,Working
4552,3049,Steven,Livingston,steven.livingston@terryedwardsandlara.com,Museum education officer,686.215.0228x5676,2023-06-30,Ad,Unqualified
8083,1295,Gregory,Hunt,gregory.hunt@alvaradollc.com,Civil Service fast streamer,+1-900-283-0640x252,2024-10-01,Cold Call,Working
2197,2735,Lauren,Scott,lauren.scott@christianturnerandnorris.com,Human resources officer,+1-985-858-9400x925,2025-01-31,Ad,Qualified
372,1909,Angela,Reyes,angela.reyes@strickland-peterson.com,Clinical molecular geneticist,(260)205-7252x622,2025-04-30,Ad,Unqualified
7001,82,Dana,Norton,dana.norton@wong-gay.com,"Research officer, political party",+1-401-284-6899x84578,2024-12-06,Ad,Working
3324,951,Louis,Robertson,louis.robertson@millerllc.com,Purchasing manager,3756309728,2023-09-20,Web,Working
3635,3563,Timothy,Thompson,timothy.thompson@millermilesandschmitt.com,"Therapist, art",001-751-668-3663,2023-06-27,Cold Call,New
1618,1379,Alexander,Campos,alexander.campos@cooper-hall.com,Veterinary surgeon,(939)534-7799,2023-06-27,Web,Unqualified
674,3616,Gina,Mcdowell,gina.mcdowell@beasley-martin.com,Geoscientist,264.448.2518x2318,2025-03-21,Referral,Qualified
2778,726,Patricia,Johnson,patricia.johnson@campbell-berg.com,"Therapist, horticultural",474-800-4499,2024-11-27,Ad,Working
5972,1362,James,King,james.king@klinepattersonandjenkins.com,Product designer,(721)866-1210x505,2025-02-17,Web,Working
8006,2722,Ian,Cunningham,ian.cunningham@keller-johnson.com,Quality manager,4769258930,2024-10-24,Ad,Qualified
5842,1745,Chad,Guerra,chad.guerra@perkinsbrownandcunningham.com,Warehouse manager,001-641-820-7600,2024-11-09,Web,Unqualified
5303,514,Tamara,Hughes,tamara.hughes@luna-collier.com,Call centre manager,001-942-502-6233,2024-12-21,Ad,Qualified
4089,2625,April,Zuniga,april.zuniga@martin-snow.com,Museum education officer,001-897-872-2305x37555,2024-07-05,Web,Unqualified
2192,2361,Matthew,Smith,matthew.smith@barnesedwardsandhill.com,Community education officer,657.460.7125,2025-07-04,Referral,Qualified
1926,805,Albert,Charles,albert.charles@avilaltd.com,"Engineer, site",001-554-968-3250x867,2024-10-17,Cold Call,New
5733,886,James,Norton,james.norton@bennettcarrollandkeller.com,Drilling engineer,364-387-3802x3936,2025-04-21,Referral,Unqualified
4172,2259,Andrew,Waters,andrew.waters@whitefernandezandtucker.com,"Engineer, communications",,2023-08-26,Web,Qualified
815,259,Victor,Ritter,victor.ritter@rodriguez-nelson.com,Engineering geologist,001-380-401-8104x463,2024-02-24,Ad,Unqualified
5951,376,Justin,Ward,justin.ward@diazrobinsonandalexander.com,"Education officer, museum",572.542.6863,2025-06-23,Ad,New
7822,343,Sarah,Thompson,sarah.thompson@priceandsons.com,Amenity horticulturist,694-937-4928x46166,2024-07-04,Referral,Working
3258,954,Richard,Ray,richard.ray@carr-brooks.com,Armed forces operational officer,709.837.6247,2025-04-24,Ad,Qualified
5121,2941,Kevin,Spears,kevin.spears@villegas-rowland.com,"Scientist, research (physical sciences)",427-414-2494x317,2024-03-23,Cold Call,Qualified
5974,2502,Joseph,Taylor,joseph.taylor@greengroup.com,Television camera operator,(367)444-5678x738,2024-11-14,Ad,New
348,882,Samantha,Knight,samantha.knight@lambplc.com,"Embryologist, clinical",001-899-565-7394x2836,2024-02-14,Referral,Working
4690,3890,Rick,Bradford,rick.bradford@cook-robinson.com,Product designer,816.665.7523x778,2025-01-30,Web,Qualified
2391,2036,Sandra,Norman,sandra.norman@lopezgrayandperkins.com,Data processing manager,(980)594-2811x901,2025-07-03,Cold Call,New
6346,2517,James,Smith,james.smith@barber-sherman.com,"Journalist, broadcasting",276.944.6970x87918,2023-01-14,Web,Qualified
252,3317,Hannah,Walsh,hannah.walsh@williamsferrellandtaylor.com,Film/video editor,,2023-11-22,Cold Call,Qualified
7055,3758,Marcus,Martin,marcus.martin@newmaninc.com,Estate agent,384.960.0681x708,2025-04-21,Web,Unqualified
3938,3775,Ryan,Dillon,ryan.dillon@zuniga-garcia.com,"Engineer, automotive",001-785-672-2316,2025-05-07,Web,New
4470,1154,Kelsey,Duke,kelsey.duke@patterson-duke.com,"Development worker, community",001-997-774-1944,2024-12-03,Referral,Qualified
652,3185,Elizabeth,Cook,elizabeth.cook@hamiltonltd.com,"Conservation officer, historic buildings",(449)615-7440,2024-10-07,Cold Call,Qualified
4891,2944,Jonathan,Ho,jonathan.ho@campbellobrienandcardenas.com,Food technologist,500.662.7896x79797,2025-05-23,Referral,Unqualified
5070,3010,Logan,Simpson,logan.simpson@petersonmontgomeryandchoi.com,"Engineer, civil (contracting)",+1-336-329-4637x14780,2025-07-04,Web,Qualified
3225,3287,Phyllis,Martinez,phyllis.martinez@harrisgroup.com,Network engineer,,2025-02-08,Web,Qualified
5705,677,Susan,Vazquez,susan.vazquez@wardwilliamsandhughes.com,Site engineer,+1-481-274-3518x2500,2024-03-15,Cold Call,Working
3262,169,Angela,Gutierrez,angela.gutierrez@jones-gonzalez.com,Water quality scientist,946.808.5578x91896,2025-02-20,Referral,New
1694,1145,Debra,Collier,debra.collier@hayden-chapman.com,Accommodation manager,001-814-396-2786x13568,2025-03-18,Referral,New
7100,3458,Bradley,Dawson,bradley.dawson@madden-gay.com,"Administrator, Civil Service",+1-590-265-9537x46448,2025-04-13,Ad,Unqualified
7251,903,Andrew,Taylor,andrew.taylor@russell-murphy.com,"Surveyor, planning and development",469.776.1391x68628,2024-04-10,Ad,New
3033,639,Cynthia,Hunt,cynthia.hunt@ponce-french.com,Oceanographer,(604)859-0588x6301,2025-04-18,Referral,New
7560,3545,Tiffany,Watson,tiffany.watson@dennisandsons.com,"Biochemist, clinical",464.552.5378,2024-03-06,Ad,Working
7550,985,Steve,Smith,steve.smith@kerrinc.com,Passenger transport manager,(457)974-1695,2024-10-11,Cold Call,Qualified
3108,1524,Roger,Thompson,roger.thompson@browngroup.com,Occupational therapist,735.521.0048,2024-05-30,Cold Call,Unqualified
403,183,Samuel,Johnson,samuel.johnson@jacksoninc.com,Plant breeder/geneticist,(857)589-0550x3769,2022-10-21,Cold Call,Qualified
4351,2236,Nathan,Clarke,nathan.clarke@andersonandsons.com,Physiological scientist,367.837.9122,2024-12-23,Cold Call,Working
4666,761,John,Salazar,john.salazar@bentley-owens.com,"Engineer, drilling",+1-371-878-7483x858,2024-09-02,Ad,Unqualified
6367,3531,Danielle,Gray,danielle.gray@montoyahaneyandpena.com,Physiotherapist,302.835.3824,2024-03-07,Web,Qualified
5775,685,Megan,Miller,megan.miller@smithallenandgomez.com,Contracting civil engineer,+1-503-777-5307,2024-06-27,Ad,Working
7703,2432,Tyler,Jackson,tyler.jackson@osbornwoodandhunter.com,Gaffer,+1-963-215-2255x12510,2024-10-12,Ad,Qualified
5283,640,David,Burton,david.burton@cook-walker.com,English as a second language teacher,508.545.6467x17601,2024-10-31,Web,Working
4387,3741,Donald,Henderson,donald.henderson@duranthomasanddeleon.com,Community development worker,729-232-6791x8850,2023-11-28,Ad,Unqualified
4154,2913,Kimberly,Mahoney,kimberly.mahoney@greentorresandanderson.com,Restaurant manager,+1-817-568-8444x28192,2025-06-28,Web,New
7005,786,Janice,Adams,janice.adams@diaz-price.com,Immunologist,(813)216-7064x04177,2023-08-06,Web,New
2674,1150,Manuel,Cox,manuel.cox@anthony-olson.com,"Therapist, music",,2025-05-31,Ad,Qualified
2315,3154,Danny,Jackson,danny.jackson@ramirezgrayandturner.com,Clinical embryologist,(742)366-4730x68349,2025-06-13,Web,Qualified
5309,3822,Jeffrey,Ross,jeffrey.ross@martinstewartandrichardson.com,Audiological scientist,974-403-8245,2025-01-06,Web,Unqualified
4562,1385,Jonathan,Bowman,jonathan.bowman@prattevansandharrison.com,Corporate investment banker,259-998-2601x03573,2024-12-23,Ad,Working
4335,3375,Matthew,Neal,matthew.neal@moorebartonandmiller.com,Purchasing manager,913.268.8130x6191,2024-09-11,Web,Qualified
5797,2884,Tyler,Boyd,tyler.boyd@hudsoninc.com,"Loss adjuster, chartered",496-900-0561x94403,2024-07-18,Web,Unqualified
2455,3599,Craig,Adams,craig.adams@barajasllc.com,"Scientist, clinical (histocompatibility and immunogenetics)",664.424.8593,2025-07-05,Cold Call,New
186,2855,Christina,Perkins,christina.perkins@fisher-moran.com,Multimedia programmer,642-620-7070x50826,2024-08-09,Referral,Unqualified
6096,2208,Steven,Johnson,steven.johnson@torreswelchandlutz.com,Gaffer,839.651.4463,2024-04-28,Cold Call,Working
2979,3596,Alan,Hale,alan.hale@wilson-gray.com,Trade union research officer,4998983238,2024-02-15,Referral,Unqualified
2906,3022,William,Williams,william.williams@vargascarrollandhays.com,Fitness centre manager,(331)765-0581x5611,2025-05-27,Cold Call,Qualified
5452,2234,Paige,Henry,paige.henry@rose-garcia.com,Biomedical engineer,(937)399-8315,2022-10-07,Web,Working
3390,1918,Levi,Garcia,levi.garcia@washingtonortizandstanley.com,Lexicographer,+1-359-817-7698x102,2025-01-29,Web,Qualified
6552,1734,Matthew,Jones,matthew.jones@bentleynguyenandmcdonald.com,"Psychologist, prison and probation services",9629579188,2023-03-09,Ad,Qualified
1556,22,Robert,Jones,robert.jones@danielsltd.com,"Engineer, mining",(478)741-5457,2024-04-30,Ad,Working
4643,784,Sarah,Calderon,sarah.calderon@martinezgroup.com,Restaurant manager,001-314-608-4532x76390,2025-07-10,Cold Call,Unqualified
2580,1269,Amber,Stevens,amber.stevens@peckllc.com,"Geneticist, molecular",(955)758-6174,2024-11-12,Ad,Working
3794,2897,Kayla,Reid,kayla.reid@hardin-graham.com,"Engineer, broadcasting (operations)",001-206-687-0178,2024-06-01,Ad,New
7979,3220,Ashley,Kelly,ashley.kelly@fields-pittman.com,International aid/development worker,966.819.5841,2024-04-02,Referral,Qualified
2787,2701,Andrea,Lee,andrea.lee@melendez-rivera.com,Dramatherapist,(865)820-8335,2025-04-16,Referral,Working
6542,1810,Jonathan,Butler,jonathan.butler@hughes-thomas.com,Heritage manager,403-254-3536x6000,2025-05-11,Ad,Working
3824,3380,Jennifer,Suarez,jennifer.suarez@franklin-smith.com,Careers adviser,001-963-517-0464x0133,2025-07-12,Referral,Unqualified
5199,252,Julie,Taylor,julie.taylor@curtiswatkinsandshelton.com,Psychotherapist,(614)989-6224x33770,2023-07-01,Web,New
1903,398,Kimberly,Burns,kimberly.burns@cannonplc.com,Telecommunications researcher,382.858.0950,2025-06-26,Cold Call,Unqualified
212,1876,Angela,Maldonado,angela.maldonado@miller-stewart.com,Colour technologist,(465)847-9658x092,2024-11-02,Referral,Unqualified
3208,2770,Tina,Ashley,tina.ashley@hardy-pratt.com,Naval architect,827.649.6327,2025-04-15,Web,Qualified
3696,3529,John,Campbell,john.campbell@austin-mata.com,Paramedic,952.811.3057,2025-07-01,Referral,Working
4316,352,James,Hanna,james.hanna@jonesshepardandmueller.com,Armed forces logistics/support/administrative officer,+1-436-769-9987x198,2025-07-15,Web,Unqualified
4482,2411,Todd,Holland,todd.holland@rhodes-smith.com,"Nurse, learning disability",+1-319-607-5856x643,2025-05-17,Web,Qualified
6866,3930,Laura,Reynolds,laura.reynolds@joseph-davenport.com,Metallurgist,001-965-409-8271x037,2024-11-20,Referral,New
4755,175,Matthew,Smith,matthew.smith@allenleonardandkelley.com,"Surveyor, building",514.649.2342x841,2023-08-24,Cold Call,Working
1591,921,Brittney,Miller,brittney.miller@smithgroup.com,"Surveyor, mining",535.823.3204,2024-12-22,Referral,New
6650,1370,Kyle,Stewart,kyle.stewart@myerswilsonandgraves.com,"Pharmacist, community",,2025-07-07,Ad,Working
1598,3915,Bradley,Parker,bradley.parker@watsonplc.com,Learning disability nurse,4423320785,2023-04-22,Ad,Qualified
2771,1603,Monique,Rhodes,monique.rhodes@mirandapaulandmendoza.com,Local government officer,419.628.1749,2024-11-19,Ad,Unqualified
5846,937,Rebecca,Young,rebecca.young@bennettharveyandschmidt.com,"Civil engineer, consulting",917.290.1902,2024-08-15,Web,New
803,530,Christina,Foster,christina.foster@donaldson-chavez.com,Conference centre manager,001-731-984-7073,2024-05-06,Cold Call,Unqualified
3111,1412,Sarah,Rodriguez,sarah.rodriguez@powellinc.com,Hydrogeologist,+1-453-653-4101x92724,2025-06-16,Cold Call,Qualified
6980,117,Louis,Bush,louis.bush@andersonandsons.com,"Accountant, chartered management",001-379-635-6860x3894,2025-03-27,Ad,Unqualified
799,138,Michelle,Faulkner,michelle.faulkner@james-downs.com,Counselling psychologist,+1-319-263-5055x337,2024-11-29,Referral,Qualified
3008,1472,David,Pittman,david.pittman@lloyd-short.com,Insurance underwriter,291.869.3705x9905,2024-04-07,Web,Unqualified
6437,1626,Zachary,Tapia,zachary.tapia@palmergroup.com,Adult guidance worker,(857)969-0338x56706,2024-09-17,Web,New
1620,392,Diane,Gray,diane.gray@ibarra-carter.com,Animator,907.942.1478x7980,2025-01-26,Web,New
3650,1874,Peter,Hill,peter.hill@powellfoxandramos.com,"Engineer, petroleum",(951)588-5952x031,2025-07-05,Referral,Qualified
6303,1375,Jennifer,Haley,jennifer.haley@guerreroltd.com,Archaeologist,+1-394-263-5186x46717,2025-03-18,Referral,Working
7268,1916,Brian,Hicks,brian.hicks@spencer-meyers.com,"Surveyor, building control",+1-831-209-2579x89811,2025-01-27,Cold Call,Unqualified
6056,1476,Aaron,Williams,aaron.williams@smith-davis.com,"Programmer, multimedia",413-383-6815,2023-12-20,Ad,New
6987,735,Christine,Knight,christine.knight@johnsonplc.com,Building surveyor,548-335-5009x35006,2025-03-06,Referral,Qualified
2051,3637,Mary,Hernandez,mary.hernandez@phillipssanchezandmartinez.com,Radio broadcast assistant,394-420-6032x65864,2024-06-10,Web,Qualified
400,1543,Thomas,Frazier,thomas.frazier@wallswilsonandcox.com,Counsellor,+1-552-207-3882x2097,2025-02-19,Web,Working
5670,3482,Daniel,Morrison,daniel.morrison@jackson-singh.com,"Surveyor, building control",001-472-719-5736x0055,2025-06-25,Web,Unqualified
7813,2349,Joseph,White,joseph.white@kelleygroup.com,Solicitor,728-581-1952x37310,2024-08-09,Cold Call,Qualified
5363,2979,Mary,Jenkins,mary.jenkins@hillplc.com,Midwife,(279)299-6437,2023-02-07,Cold Call,Qualified
3518,654,Karen,Thomas,karen.thomas@smithinc.com,"Producer, television/film/video",215.670.0591x6426,2025-07-04,Referral,Qualified
6639,274,Brenda,Greene,brenda.greene@rivera-garcia.com,"Research officer, trade union",(887)288-8555,2025-02-20,Ad,Unqualified
4337,2435,Amber,Woods,amber.woods@olson-jones.com,IT sales professional,+1-342-513-1343x4595,2025-05-28,Web,New
296,3957,Melissa,Edwards,melissa.edwards@watersllc.com,Merchant navy officer,(254)989-2887x85506,2023-01-19,Referral,Unqualified
3032,639,John,Williams,john.williams@ponce-french.com,Research scientist (physical sciences),719.697.7502,2025-05-01,Ad,New
2483,1459,Monica,Brooks,monica.brooks@nelson-martin.com,Higher education lecturer,(207)286-1053x6450,2025-07-04,Ad,New
6920,873,Holly,Walters,holly.walters@patterson-ellis.com,Hospital doctor,001-918-703-1476x560,2024-10-11,Ad,Working
6989,3341,Gwendolyn,Larson,gwendolyn.larson@bishopplc.com,"Nurse, children's",(944)203-2516x487,2025-05-06,Referral,Working
7558,2184,Tammy,Chang,tammy.chang@alvarez-holland.com,Cytogeneticist,001-507-354-1795x9646,2023-12-31,Cold Call,Unqualified
4824,508,Robert,Hays,robert.hays@porterharperandbright.com,"Surveyor, planning and development",+1-312-835-7492,2024-04-20,Ad,Qualified
3774,2338,Catherine,Smith,catherine.smith@smithhernandezandpark.com,Insurance claims handler,(352)511-9815,2022-11-30,Cold Call,Qualified
4966,742,Darryl,Robinson,darryl.robinson@paulwilliamsanddixon.com,Passenger transport manager,(453)495-8620,2023-12-12,Web,Working
4491,20,Eddie,Campbell,eddie.campbell@whitneyhernandezandboyd.com,Immunologist,323.536.8598x2877,2025-01-24,Cold Call,Qualified
154,1431,Susan,Sims,susan.sims@sandersplc.com,Charity fundraiser,(781)859-0490x327,2025-07-16,Ad,Unqualified
4586,2741,Lindsay,Klein,lindsay.klein@lopezplc.com,"Teacher, adult education",+1-306-507-3858x98754,2024-08-23,Referral,Working
941,2703,Patricia,Williams,patricia.williams@masseyvegaandhall.com,Marketing executive,(710)592-6354x705,2024-05-10,Ad,Working
3392,2631,Raymond,Medina,raymond.medina@mcdonaldrhodesandjenkins.com,"Therapist, horticultural",243-581-7960,2024-01-01,Ad,New
1291,948,Megan,Moore,megan.moore@edwards-hutchinson.com,Hospital doctor,+1-957-835-1197x2241,2024-02-08,Web,Qualified
3235,1101,Jeffrey,Hayes,jeffrey.hayes@kennedyklineandaguirre.com,Medical illustrator,274-683-0542,2025-06-27,Ad,Unqualified
1370,1530,Lisa,Jones,lisa.jones@miller-mckinney.com,Broadcast journalist,001-652-460-8647x16777,2025-05-02,Ad,Qualified
1865,1985,Ryan,Dawson,ryan.dawson@snyder-lowe.com,Public librarian,(695)245-6942x08357,2024-05-16,Web,Unqualified
2692,2742,Jennifer,Grant,jennifer.grant@watkinsllc.com,Research scientist (medical),788-425-9776,2024-08-21,Referral,Unqualified
6672,3215,Stephanie,Smith,stephanie.smith@ramsey-lucas.com,"Engineer, civil (contracting)",,2025-07-03,Ad,New
1369,1783,Amy,Coleman,amy.coleman@munozwernerandgonzalez.com,"Teacher, music",(974)708-3893,2025-02-02,Ad,Working
3634,670,Veronica,Ross,veronica.ross@hammondleeandlozano.com,Armed forces technical officer,+1-677-497-2948x37985,2024-08-10,Cold Call,Unqualified
6025,3769,Kevin,Ward,kevin.ward@fox-green.com,"Scientist, marine",825.973.6332x130,2024-07-07,Referral,Qualified
5843,1745,Stephen,Berg,stephen.berg@perkinsbrownandcunningham.com,Investment analyst,3359843680,2024-12-25,Web,Working
3879,3333,Chelsea,Hood,chelsea.hood@jefferson-bennett.com,Camera operator,919.243.2332x8147,2024-10-26,Cold Call,New
5206,2860,James,Coleman,james.coleman@chapmanplc.com,Materials engineer,646.597.6836,2024-08-04,Web,Unqualified
916,2591,Yolanda,Smith,yolanda.smith@kempgonzalezandholland.com,Arts development officer,684.906.7666x696,2024-10-31,Referral,Working
1033,2525,Christopher,Miller,christopher.miller@schultzgroup.com,"Designer, interior/spatial",270-398-2926,2025-02-02,Cold Call,Unqualified
1456,2900,Ashley,Diaz,ashley.diaz@rossburgessandsampson.com,"Programme researcher, broadcasting/film/video",766-305-0454,2025-07-07,Cold Call,Qualified
5785,1591,Marie,Miller,marie.miller@petersonsalasandthompson.com,Tax adviser,379-638-5125x1178,2024-12-22,Cold Call,New
5826,3618,Christopher,Anthony,christopher.anthony@mitchellgroup.com,Radiation protection practitioner,647.404.4506x522,2025-03-26,Ad,Working
5704,677,Kimberly,Williams,kimberly.williams@wardwilliamsandhughes.com,Theatre manager,001-417-744-0197x634,2024-06-08,Cold Call,Working
1040,3512,Alexander,Clark,alexander.clark@griffinplc.com,Estate manager/land agent,896.781.2723x63897,2025-06-25,Web,Unqualified
6028,356,Michelle,Ballard,michelle.ballard@robertsonllc.com,Research scientist (life sciences),+1-627-209-0937x768,2025-06-18,Ad,Qualified
2148,3914,Gabriel,Mcintyre,gabriel.mcintyre@patel-reed.com,Market researcher,(365)901-6279,2025-06-26,Referral,Unqualified
4985,2405,Andrew,Long,andrew.long@moorewilsonandrose.com,Regulatory affairs officer,+1-348-378-7890x67232,2024-06-21,Ad,New
2454,3664,Brett,Villanueva,brett.villanueva@nielsenfreemanandbates.com,Tourist information centre manager,+1-661-420-0915x8358,2025-04-10,Cold Call,Working
2834,39,Jesse,Trevino,jesse.trevino@singhinc.com,Brewing technologist,561-290-8906x01573,2025-02-05,Ad,New
5941,202,Edwin,Fitzpatrick,edwin.fitzpatrick@floresltd.com,Magazine journalist,,2022-10-23,Referral,Working
7972,2000,Lucas,Jensen,lucas.jensen@castanedaoliverandcarter.com,Theme park manager,(365)905-5761,2025-03-14,Referral,Unqualified
7798,2443,Courtney,Davis,courtney.davis@scottllc.com,"Development worker, international aid",392-306-7002,2025-06-04,Cold Call,New
3637,1682,Andrew,Reilly,andrew.reilly@cookinc.com,Futures trader,(838)979-3173x6991,2025-05-05,Ad,Working
202,357,John,Davis,john.davis@transchneiderandhayden.com,Multimedia programmer,+1-629-641-6177x1911,2024-03-17,Cold Call,New
1007,182,John,Marquez,john.marquez@ellisoninc.com,Graphic designer,+1-437-738-4905x8288,2025-06-25,Referral,Qualified
4699,257,Joshua,Barnett,joshua.barnett@sims-potts.com,Civil Service administrator,8616734696,2024-07-16,Referral,New
5158,2535,Jason,Terrell,jason.terrell@chandlergreenandowens.com,Futures trader,+1-979-330-8310x014,2025-04-08,Ad,Working
1409,10,Michael,Fox,michael.fox@florespowellandnichols.com,Human resources officer,001-230-295-6505x454,2024-05-27,Web,Unqualified
6772,869,Shannon,Castillo,shannon.castillo@smithltd.com,"Surveyor, planning and development",,2025-05-16,Referral,Qualified
4476,1118,Hannah,Phillips,hannah.phillips@berry-fox.com,Veterinary surgeon,5698008707,2024-09-06,Web,New
7592,3671,Teresa,Brown,teresa.brown@gutierrez-petersen.com,Barista,001-521-591-3281x067,2025-07-08,Referral,Unqualified
2049,3440,Shirley,Shepard,shirley.shepard@cordovaortizandcross.com,"Designer, furniture",434-777-4658x4972,2024-07-15,Cold Call,Working
2646,330,Jacqueline,Morris,jacqueline.morris@davissmithandjackson.com,Print production planner,728.535.4820x81946,2025-05-23,Web,New
5837,2537,Richard,Armstrong,richard.armstrong@coxmercerandparks.com,Corporate treasurer,001-409-623-9693x45692,2024-09-06,Ad,Working
3363,563,Amber,Mckee,amber.mckee@newmanplc.com,Fitness centre manager,290-367-7406,2023-09-19,Ad,Unqualified
608,3695,Samantha,Miller,samantha.miller@vance-jordan.com,"Psychotherapist, dance movement",001-431-551-6677x5502,2023-08-03,Web,New
7103,953,Michelle,Carr,michelle.carr@bushplc.com,Learning disability nurse,,2025-02-19,Web,New
5172,875,Andrew,Ellis,andrew.ellis@parkerltd.com,Sports development officer,615.913.6970,2025-06-09,Web,Working
4248,1426,Thomas,Gilbert,thomas.gilbert@collinsltd.com,"Accountant, chartered management",001-440-673-2811,2024-07-27,Cold Call,Unqualified
69,275,Jonathan,Martinez,jonathan.martinez@martin-franco.com,Corporate treasurer,249.593.9125x16486,2024-04-25,Cold Call,Working
7602,590,Katie,Torres,katie.torres@chapmanplc.com,"Scientist, water quality",2086015379,2025-03-28,Cold Call,New
6696,53,Jessica,Cuevas,jessica.cuevas@craneramirezandharris.com,"Engineer, energy",,2024-12-08,Web,New
5573,650,Toni,Thompson,toni.thompson@gayplc.com,Maintenance engineer,+1-389-610-4455x4505,2025-06-29,Referral,Working
7623,2242,Sarah,Warner,sarah.warner@nelsonlewisandsherman.com,Industrial buyer,685.857.2501,2025-05-21,Referral,Working
5403,1174,Stacey,Lopez,stacey.lopez@petersplc.com,Air traffic controller,,2025-01-27,Web,Qualified
706,3721,Shawna,Liu,shawna.liu@adamscohenandthompson.com,Broadcast engineer,+1-262-424-6866x01301,2024-05-06,Cold Call,Working
5087,832,Jason,Miller,jason.miller@harrisltd.com,"Therapist, occupational",,2025-03-18,Referral,New
6655,249,Teresa,Torres,teresa.torres@elliott-mcknight.com,"Engineer, broadcasting (operations)",(610)605-9236,2024-11-24,Referral,Qualified
5759,3088,Rebecca,Shea,rebecca.shea@kim-brown.com,Editorial assistant,586-388-8221x4268,2024-11-21,Referral,Unqualified
6722,3527,David,Willis,david.willis@gonzalesrosalesandbutler.com,Advertising copywriter,729.611.7712x133,2025-06-20,Referral,Unqualified
1964,3483,Lisa,Morris,lisa.morris@gordon-malone.com,Chief Technology Officer,459.526.5393x51186,2025-05-09,Web,Qualified
164,1093,Renee,Mullins,renee.mullins@finley-cook.com,Museum/gallery curator,(385)437-0268x18803,2024-05-24,Ad,New
4173,2259,Jessica,Silva,jessica.silva@whitefernandezandtucker.com,Games developer,7645403471,2024-11-03,Referral,Unqualified
7721,3614,Nicholas,Schmidt,nicholas.schmidt@james-medina.com,Education administrator,(640)888-6860,2024-10-11,Web,Working
7540,3420,Anthony,Mendoza,anthony.mendoza@marquezleeandandrade.com,"Investment banker, corporate",+1-888-274-0842x85776,2023-09-29,Web,Working
684,1701,Tanya,Gonzalez,tanya.gonzalez@bennettinc.com,Aid worker,,2024-08-18,Referral,Unqualified
3544,2345,Johnny,Holt,johnny.holt@hamiltonballardandmartin.com,"Therapist, occupational",(790)741-6730x8640,2024-08-06,Referral,Working
3689,548,Jennifer,Brown,jennifer.brown@jacobs-bennett.com,Marine scientist,316.920.5583x758,2025-03-11,Referral,Unqualified
5226,74,James,Rivera,james.rivera@sheppardinc.com,Hydrologist,716.441.3014,2025-03-04,Web,Unqualified
1797,2171,Ashley,Wilson,ashley.wilson@ibarra-nelson.com,Fisheries officer,688-842-6854x09249,2024-06-14,Ad,New
7571,2343,Erik,Lynch,erik.lynch@johnstoninc.com,Music tutor,(369)336-8964x825,2024-09-27,Referral,Unqualified
841,1239,Amanda,Pitts,amanda.pitts@butler-jones.com,Heritage manager,+1-412-321-7683x3910,2024-04-03,Cold Call,Qualified
5593,3975,Shelley,Conrad,shelley.conrad@tuckerinc.com,Market researcher,753-816-7942x53295,2025-05-27,Cold Call,Qualified
7018,1729,Jacob,Small,jacob.small@evans-sanchez.com,"Scientist, forensic",2738619825,2025-04-05,Referral,Working
1282,2231,Manuel,Anderson,manuel.anderson@baldwinllc.com,Press photographer,(838)734-1855x1342,2023-11-24,Referral,Unqualified
3898,1166,Todd,Ferguson,todd.ferguson@fowlerdiazandnavarro.com,Medical secretary,(408)761-3037,2024-12-05,Ad,Working
925,1416,Michelle,Cross,michelle.cross@bautistajohnstonandhuber.com,"Engineer, maintenance (IT)",606.959.9276x741,2023-03-17,Cold Call,Unqualified
2664,1696,Pam,Costa,pam.costa@kelly-ross.com,Contracting civil engineer,407.595.1281,2025-06-20,Cold Call,Working
2177,1750,Angela,Wolf,angela.wolf@aguilarwallandrodriguez.com,Broadcast journalist,001-860-403-0520x707,2025-01-07,Web,Working
6525,3086,Darlene,Wilson,darlene.wilson@hallinc.com,"Psychologist, clinical",580.587.8967,2025-06-06,Cold Call,New
23,1327,Sean,Lutz,sean.lutz@patelinc.com,Horticultural consultant,(471)571-6268x233,2025-07-13,Ad,New
6254,1778,Benjamin,Young,benjamin.young@vaughantaylorandthomas.com,Sales executive,693.226.1064x34684,2023-10-07,Ad,Qualified
6543,1810,Robin,Myers,robin.myers@hughes-thomas.com,Advertising account planner,476-872-0478x3889,2025-05-19,Ad,Unqualified
7064,2120,Oscar,Henderson,oscar.henderson@boyd-woods.com,IT trainer,(523)269-8396x55348,2024-02-01,Cold Call,Unqualified
764,2131,Aimee,Williams,aimee.williams@carpentergroup.com,Geophysicist/field seismologist,855.383.8559x60399,2024-06-15,Referral,Unqualified
827,1666,Jeremy,Hill,jeremy.hill@larsonryanandwaters.com,Research scientist (medical),289-220-7973x934,2024-10-08,Ad,Qualified
6956,1837,Jared,Thomas,jared.thomas@gates-maynard.com,"Pharmacist, hospital",001-531-355-1487x89387,2025-03-20,Cold Call,New
3522,126,Peter,Morgan,peter.morgan@anderson-howard.com,Systems analyst,283.398.9269x30237,2024-09-19,Referral,Qualified
2711,3473,Tiffany,Frederick,tiffany.frederick@pollardrodriguezandrobinson.com,"Engineer, manufacturing",(977)383-5157x4337,2023-04-20,Ad,Working
1766,720,Karen,Rogers,karen.rogers@archergroup.com,"Programmer, applications",001-515-314-1261x232,2024-02-12,Ad,New
264,2507,Amy,Mccullough,amy.mccullough@jacksonplc.com,Learning mentor,719.387.7282x524,2025-03-29,Cold Call,Qualified
3441,1280,Hailey,Singh,hailey.singh@mooreyoungandhernandez.com,Analytical chemist,860-792-7979,2025-04-30,Cold Call,Working
612,3284,James,Ingram,james.ingram@bakerinc.com,Counselling psychologist,(969)229-7791x2541,2025-05-14,Cold Call,Qualified
3701,1768,Melissa,Jones,melissa.jones@moore-herrera.com,Production manager,(433)403-5372,2024-07-30,Referral,Working
282,3602,Matthew,Rivera,matthew.rivera@gray-brooks.com,Mental health nurse,(538)724-7506x07100,2023-11-21,Web,Qualified
1735,986,Kari,Hogan,kari.hogan@gonzalesltd.com,Recruitment consultant,+1-489-973-4379,2025-03-14,Cold Call,New
4606,2440,Nicholas,Washington,nicholas.washington@kellyplc.com,Statistician,(408)994-2712x37061,2025-05-16,Referral,Qualified
7781,717,Matthew,Gordon,matthew.gordon@adams-mcgee.com,Graphic designer,+1-857-392-8286x06995,2023-10-01,Ad,Unqualified
629,305,Rodney,Jackson,rodney.jackson@mcmillan-walsh.com,Dancer,,2023-06-10,Cold Call,Qualified
2917,1152,Jennifer,Dean,jennifer.dean@harrisgonzalezandchambers.com,Personal assistant,315.565.0830x604,2025-02-22,Cold Call,New
7553,6,Jessica,Hernandez,jessica.hernandez@pattersonreedandthomas.com,Passenger transport manager,+1-971-219-9501x0867,2024-01-29,Web,Working
564,2088,Heather,Holmes,heather.holmes@mejia-carter.com,Data processing manager,(385)616-4847x470,2024-05-27,Referral,Working
6073,3175,Lisa,Stephenson,lisa.stephenson@phelps-ward.com,Radio producer,+1-590-714-0014,2024-07-26,Web,Working
4720,778,Jerry,Fernandez,jerry.fernandez@espinozawoodandlee.com,"Runner, broadcasting/film/video",(640)513-0138x92285,2024-08-19,Cold Call,Working
5575,1027,Darin,Wilson,darin.wilson@robinsonllc.com,Broadcast engineer,(237)793-2183,2025-02-25,Ad,Working
869,3371,Lance,Downs,lance.downs@lambertandsons.com,Associate Professor,312-690-5938x06200,2023-09-11,Ad,Working
598,1167,Kyle,Ruiz,kyle.ruiz@clarkturneranddavis.com,Theatre stage manager,298.351.3811x86051,2022-09-27,Web,Qualified
7578,1079,Michael,Barton,michael.barton@grosssalinasandrodriguez.com,General practice doctor,001-540-310-8367,2024-02-04,Referral,Unqualified
4848,3756,Connor,Lynch,connor.lynch@masonmillerandhill.com,"Scientist, research (physical sciences)",4077708049,2023-12-16,Cold Call,Unqualified
1341,425,Tammy,Strickland,tammy.strickland@olsenltd.com,Pension scheme manager,001-788-259-5989,2024-11-24,Referral,Working
6997,2560,Kelsey,Mann,kelsey.mann@garrettandsons.com,Hotel manager,,2023-10-21,Cold Call,Qualified
4715,1309,Eric,Roberts,eric.roberts@martinezjenkinsandhodge.com,"Therapist, sports",755.794.3589x7073,2023-04-29,Cold Call,Unqualified
5609,1500,Larry,Johnson,larry.johnson@bookergroup.com,Learning mentor,687.846.3721,2024-09-07,Cold Call,Working
741,3821,Jeffrey,Yates,jeffrey.yates@davisandsons.com,Advertising copywriter,(884)794-4737x2619,2022-11-16,Web,Unqualified
4825,508,Stacey,Bray,stacey.bray@porterharperandbright.com,"Programmer, multimedia",252.342.1244,2024-03-22,Web,New
5273,2569,Isaiah,Hernandez,isaiah.hernandez@onealinc.com,Clinical biochemist,563.472.4511,2024-05-19,Referral,Working
4813,380,Jeffrey,Malone,jeffrey.malone@sanfordmorganandjohnson.com,Computer games developer,228.729.8203x95731,2025-05-15,Ad,Qualified
1650,3906,Joseph,Vega,joseph.vega@davis-davis.com,Research scientist (life sciences),(981)490-8922,2025-05-25,Cold Call,Unqualified
2091,2220,Steven,Myers,steven.myers@blanchard-perez.com,Transport planner,488-697-4942x651,2025-06-10,Web,New
5155,3658,Stephen,Perry,stephen.perry@rose-gomez.com,"Engineer, manufacturing",991.371.2770x451,2025-02-15,Ad,Working
2426,2610,Troy,Johnston,troy.johnston@rivas-hunter.com,Special effects artist,(279)357-8167,2025-06-15,Referral,Unqualified
5630,268,Elizabeth,Mcneil,elizabeth.mcneil@huffmanplc.com,Insurance risk surveyor,(798)835-5721,2024-11-07,Cold Call,New
151,2183,Jessica,Williams,jessica.williams@tylermunozandrandolph.com,Management consultant,658-363-4437,2024-02-11,Referral,Working
6550,1929,Mary,Shah,mary.shah@hawkinsvazquezandmyers.com,Ship broker,3436555019,2025-05-04,Ad,New
6904,3135,Erica,Johnston,erica.johnston@guerra-evans.com,"Production designer, theatre/television/film",(562)781-1873x458,2024-11-23,Ad,Working
4170,1313,Kimberly,Lowery,kimberly.lowery@kennedy-huffman.com,Science writer,001-594-630-9681,2025-03-04,Cold Call,Working
2576,1544,Richard,Peterson,richard.peterson@rossandsons.com,Historic buildings inspector/conservation officer,,2023-11-23,Referral,Qualified
572,2493,Kristin,Nichols,kristin.nichols@murrayandsons.com,Arts administrator,(733)575-7966x053,2024-10-09,Web,Working
395,3830,Margaret,Williams,margaret.williams@sextonandsons.com,"Engineer, control and instrumentation",001-938-480-7522x73985,2023-12-11,Referral,Unqualified
5176,781,Megan,Davis,megan.davis@smithinc.com,Web designer,2219288899,2025-02-19,Cold Call,New
41,2369,Angela,Weber,angela.weber@lewis-mason.com,Archaeologist,796-918-8601x48928,2024-04-08,Cold Call,New
623,621,Ashley,Gay,ashley.gay@greenandsons.com,"Scientist, forensic",,2025-02-14,Cold Call,Qualified
5694,1223,Paul,Grant,paul.grant@hoffmanschwartzandwalker.com,Occupational psychologist,+1-705-944-6601x48703,2023-05-07,Cold Call,Working
7580,641,Mark,Brown,mark.brown@farmerpotterandrios.com,Proofreader,+1-413-303-1234x966,2025-07-11,Cold Call,Working
1991,1983,Jacqueline,Douglas,jacqueline.douglas@castro-baker.com,Social researcher,9827578747,2025-03-02,Referral,Qualified
4968,1503,Justin,Myers,justin.myers@holden-hall.com,Risk analyst,001-368-352-5483x9124,2025-03-24,Web,Working
7076,666,Alexander,Hammond,alexander.hammond@stevensplc.com,"Scientist, forensic",484-408-9846,2024-05-30,Web,Unqualified
4114,2538,Sophia,Vazquez,sophia.vazquez@smithandsons.com,Immunologist,+1-309-850-6361x625,2024-05-27,Ad,Working
1482,3128,Brittney,Hall,brittney.hall@williams-peterson.com,Materials engineer,+1-435-777-4953x670,2024-09-12,Web,New
3620,611,Rita,Mendoza,rita.mendoza@richmondllc.com,Theatre stage manager,,2024-07-04,Cold Call,Working
303,2446,Shannon,Henry,shannon.henry@richardsonandersonandharris.com,Drilling engineer,+1-739-518-4483,2025-07-11,Referral,Working
6758,1490,Karen,Price,karen.price@briggs-jones.com,Pharmacologist,561-693-5909,2025-03-22,Ad,New
5260,464,Amy,Leon,amy.leon@petersandsons.com,"Research officer, political party",640-343-4874x888,2024-10-16,Referral,Unqualified
7714,2049,Amy,Davis,amy.davis@kiddandsons.com,Technical brewer,668.861.3604,2025-01-27,Cold Call,Qualified
2880,2018,Shelley,Owens,shelley.owens@may-martin.com,Public librarian,001-637-578-7131,2025-05-10,Referral,New
6741,2043,Jill,Powell,jill.powell@acostaltd.com,"Scientist, marine",001-782-439-4102,2024-08-19,Ad,New
6491,2810,Cheryl,Pena,cheryl.pena@gibsonltd.com,Higher education lecturer,2607731135,2025-05-01,Cold Call,New
7539,2269,Robert,Banks,robert.banks@medinaplc.com,Medical technical officer,394.202.4612,2025-01-21,Cold Call,Unqualified
685,1701,Hannah,Santiago,hannah.santiago@bennettinc.com,Hospital pharmacist,706.541.9481x23675,2024-06-06,Web,Working
4707,93,Betty,Gomez,betty.gomez@ritter-nixon.com,Soil scientist,(499)684-4147,2023-10-25,Referral,Working
4951,1888,Tyler,Mccarthy,tyler.mccarthy@rodgers-steele.com,"Librarian, public",612-972-1731,2024-02-24,Web,Unqualified
6888,2027,Gregory,Allen,gregory.allen@garciayoungandcain.com,"Geologist, engineering",848-316-7802x259,2024-11-06,Web,Working
1245,551,Nancy,Weaver,nancy.weaver@kennedy-watkins.com,"Teacher, adult education",637-885-5812,2024-09-19,Web,Unqualified
6802,1245,Jason,Howard,jason.howard@changcontrerasandgonzalez.com,Museum/gallery exhibitions officer,2179793834,2025-05-14,Cold Call,Unqualified
6068,1632,Kristen,Golden,kristen.golden@sloanmcbrideandgibson.com,"Surveyor, planning and development",001-945-315-2243x4467,2025-01-18,Referral,Qualified
5033,1043,Raymond,Murphy,raymond.murphy@coxdavisandpierce.com,"Engineer, land",876.848.6111x81389,2025-06-04,Referral,New
5764,2200,Sean,Stephenson,sean.stephenson@williamsllc.com,Insurance underwriter,001-369-728-4183x16507,2024-05-09,Cold Call,Qualified
7323,3585,Susan,Rangel,susan.rangel@king-ramirez.com,"Engineer, drilling",783-661-2432x9055,2025-03-25,Ad,Unqualified
7782,717,Kathy,Miller,kathy.miller@adams-mcgee.com,"Scientist, research (medical)",211-918-1338x8471,2023-03-10,Web,Unqualified
2788,2701,Richard,Meadows,richard.meadows@melendez-rivera.com,Town planner,+1-924-341-3250x37431,2025-05-19,Web,Unqualified
11,443,Pamela,Ponce,pamela.ponce@hernandezlopezandtate.com,"Therapist, music",+1-277-924-5472x671,2023-10-31,Referral,New
1900,3860,Donna,Martin,donna.martin@glasscruzandwilliams.com,"Conservator, museum/gallery",(218)583-5515x571,2024-01-19,Ad,Qualified
188,2855,John,Hoffman,john.hoffman@fisher-moran.com,Artist,992.819.0956x8064,2024-12-20,Web,Working
2521,2582,Lorraine,Zuniga,lorraine.zuniga@juarez-jensen.com,Ambulance person,(935)891-8092,2025-02-12,Cold Call,Unqualified
7364,103,Beth,Ortiz,beth.ortiz@smith-barber.com,Financial manager,(415)966-2894x0764,2024-12-09,Web,New
5517,824,Nicole,Wood,nicole.wood@morganltd.com,Sub,250-698-0608,2024-07-24,Cold Call,New
6776,3781,Krystal,Higgins,krystal.higgins@foxrodriguezandrussell.com,Nutritional therapist,,2024-08-28,Ad,Unqualified
4284,626,Christian,Campbell,christian.campbell@bryantgroup.com,"Restaurant manager, fast food",(355)593-6335x84273,2025-01-04,Web,Working
7897,1700,Madison,Rasmussen,madison.rasmussen@huffmangroup.com,"Therapist, drama",+1-227-329-6110,2024-12-28,Referral,New
5532,891,Sarah,Martin,sarah.martin@fields-johnson.com,Contracting civil engineer,001-775-344-3412x103,2024-08-20,Web,New
316,3935,Katherine,King,katherine.king@davenportandsons.com,"Runner, broadcasting/film/video",280-888-6602x069,2025-07-06,Ad,Unqualified
2219,1487,Christopher,Barrett,christopher.barrett@brooks-henson.com,"Engineer, electrical",4188123751,2024-12-28,Referral,Unqualified
7079,597,Melissa,Chavez,melissa.chavez@turner-huynh.com,Health service manager,442-911-7215x3428,2025-06-26,Ad,Working
4218,2273,Kayla,Dyer,kayla.dyer@thompson-davis.com,Oncologist,317.624.1695x4339,2025-03-19,Cold Call,Qualified
1616,2044,Haley,Doyle,haley.doyle@parkergroup.com,Commercial horticulturist,380-576-4839,2025-04-25,Web,Unqualified
7300,636,April,Mcclure,april.mcclure@smith-poole.com,"Psychotherapist, child",852-645-8205x79064,2025-06-03,Cold Call,Working
7768,1889,Jane,Glover,jane.glover@snyderplc.com,Hydrographic surveyor,(968)326-5838x34128,2025-05-24,Ad,New
1640,1823,Brandi,Rodriguez,brandi.rodriguez@martin-joyce.com,Legal executive,782.411.7922x3457,2025-02-17,Cold Call,Unqualified
2852,1815,Brett,Pacheco,brett.pacheco@simmonsinc.com,Multimedia specialist,001-313-821-3285x784,2025-06-03,Web,New
6592,2105,Brian,Bartlett,brian.bartlett@snydervasquezandlucas.com,Fisheries officer,436.662.9296x428,2025-05-26,Referral,Qualified
7690,237,Brian,Morrison,brian.morrison@freemandavisandsalazar.com,Health visitor,+1-691-427-0976,2025-06-16,Referral,New
5638,1566,Joseph,Lamb,joseph.lamb@mooneyandsons.com,Clinical psychologist,909.514.0212x691,2025-02-10,Ad,Unqualified
3238,1954,Daniel,Ho,daniel.ho@savagehoodanddavis.com,Technical sales engineer,970-230-8204x840,2025-03-18,Cold Call,Qualified
7403,2882,Bobby,Williams,bobby.williams@berg-alvarez.com,Retail merchandiser,(494)213-7567x79194,2024-08-02,Ad,New
4221,555,Gina,Martinez,gina.martinez@lawsoninc.com,"Surveyor, land/geomatics",+1-787-629-8908x5774,2023-07-04,Referral,Qualified
5656,2667,Wendy,Dunlap,wendy.dunlap@gravesreeseandstanley.com,Barista,(887)525-5526x3024,2024-11-18,Referral,Working
562,2268,Sean,Brennan,sean.brennan@kennedy-johnson.com,Stage manager,465-985-2130,2024-12-21,Web,Qualified
3695,3529,Nancy,Hernandez,nancy.hernandez@austin-mata.com,Trade union research officer,(772)602-7101x14270,2025-05-02,Referral,Working
4554,3049,Jerry,Whitehead,jerry.whitehead@terryedwardsandlara.com,Physiological scientist,584.250.1357x22945,2025-03-25,Web,Qualified
6792,410,Laurie,Salazar,laurie.salazar@davisplc.com,Police officer,911-292-8986x04779,2025-01-22,Referral,Qualified
1171,3591,Michael,Delacruz,michael.delacruz@hartmangroup.com,Social researcher,001-594-270-3185,2025-06-15,Referral,Qualified
2553,1579,Richard,Smith,richard.smith@williams-washington.com,Scientific laboratory technician,+1-547-791-3529,2024-02-19,Cold Call,Working
881,2662,Christopher,Black,christopher.black@mitchell-bolton.com,Building surveyor,(973)963-8742x648,2024-07-12,Referral,Unqualified
3353,3078,Wendy,Palmer,wendy.palmer@harrisongroup.com,Podiatrist,214-637-7131x39208,2025-06-15,Web,Qualified
7661,3299,Marc,Bennett,marc.bennett@milleribarraandperkins.com,Press photographer,264-758-8307x014,2024-12-09,Referral,Qualified
3707,2644,Brian,Weaver,brian.weaver@yateshuntandwilliams.com,Operational researcher,(302)237-8110x84293,2025-04-30,Web,Working
1176,2824,Haley,Lam,haley.lam@lopez-johnson.com,IT sales professional,,2024-05-02,Cold Call,Unqualified
3316,672,Blake,Drake,blake.drake@pittschanandhuang.com,Environmental manager,576.871.8124x2093,2024-10-02,Referral,Unqualified
516,3081,Amanda,Tanner,amanda.tanner@paynebrownandcurtis.com,Dealer,234-885-8408x90850,2022-12-08,Web,Qualified
1158,2478,Christopher,Harris,christopher.harris@burnsinc.com,Drilling engineer,001-742-861-8276x776,2025-06-13,Referral,Qualified
3683,3941,Michelle,Elliott,michelle.elliott@reyesgroup.com,Medical laboratory scientific officer,203-404-1875x3142,2025-04-13,Web,New
3320,1903,Paul,Rodriguez,paul.rodriguez@hansenllc.com,Insurance broker,754.782.0838,2025-06-19,Referral,Qualified
1357,1068,Kimberly,Trevino,kimberly.trevino@lewisandsons.com,Control and instrumentation engineer,232-262-3557x091,2024-05-17,Cold Call,Working
609,3695,Gerald,Benjamin,gerald.benjamin@vance-jordan.com,Database administrator,635.365.9459x64880,2023-03-25,Cold Call,Qualified
3487,3514,James,Hall,james.hall@hall-smith.com,Waste management officer,001-458-684-1495x38351,2023-11-16,Ad,Qualified
7312,2827,Kaylee,Henry,kaylee.henry@mejiamorrisandhill.com,Electronics engineer,692-780-2592x0656,2025-07-18,Ad,Qualified
4548,2009,Christopher,Russell,christopher.russell@scott-shannon.com,Prison officer,001-909-394-9265x528,2024-07-22,Web,Qualified
5538,630,Kevin,Martin,kevin.martin@leegroup.com,Housing manager/officer,(287)513-6889x76621,2024-03-07,Referral,Working
6637,3306,James,Brown,james.brown@roberts-campos.com,Human resources officer,001-359-789-0469x0767,2025-02-26,Ad,Unqualified
6869,1075,Jennifer,Barrera,jennifer.barrera@adamsjonesandmarshall.com,Astronomer,685.519.1431x943,2024-10-04,Web,Working
3066,1212,Laura,Harris,laura.harris@garciaplc.com,Tax adviser,001-847-333-9797x832,2024-12-25,Referral,Qualified
425,690,Elizabeth,Sandoval,elizabeth.sandoval@lewisplc.com,Exhibition designer,(906)657-3027x8232,2025-06-03,Ad,Unqualified
3533,1372,Mason,Carter,mason.carter@maldonadocarrilloandhicks.com,Gaffer,(292)633-7686,2025-02-25,Ad,Qualified
5745,2829,Wendy,Mccoy,wendy.mccoy@alvarado-smith.com,Photographer,661.558.9255x3964,2024-04-01,Referral,Qualified
3241,2579,Kaitlyn,Silva,kaitlyn.silva@guzman-kennedy.com,"Doctor, general practice",001-649-880-8853x74802,2023-10-13,Cold Call,New
5836,1008,Dillon,Gardner,dillon.gardner@millerinc.com,Clinical biochemist,+1-334-953-5288x28503,2025-03-06,Ad,Working
7735,3444,Laura,Greene,laura.greene@brooks-glenn.com,"Scientist, physiological",(581)362-2778,2023-03-28,Cold Call,Working
7667,3449,Kyle,Gardner,kyle.gardner@porter-smith.com,Naval architect,2603207215,2025-05-29,Referral,Unqualified
1528,2280,Melissa,Mckinney,melissa.mckinney@loganpalmerandboone.com,Best boy,8219928706,2025-07-02,Cold Call,Qualified
4907,3475,David,Riley,david.riley@edwardsstephensonandjackson.com,Oceanographer,911.545.8419x9507,2024-10-22,Web,Qualified
506,2947,Lindsay,Livingston,lindsay.livingston@pattersoninc.com,Physiotherapist,001-352-936-0581x4029,2025-06-29,Ad,Unqualified
6703,1771,Hannah,Bender,hannah.bender@smith-nixon.com,General practice doctor,+1-385-423-5387x79178,2025-02-25,Referral,Qualified
3598,375,Christopher,Avery,christopher.avery@sweeneyfischerandwelch.com,Ranger/warden,001-222-765-3403,2025-06-10,Cold Call,Qualified
6771,869,Theresa,James,theresa.james@smithltd.com,Statistician,529-904-5383,2024-04-23,Referral,Qualified
5813,1601,Joseph,Robinson,joseph.robinson@masseypetersonandandrews.com,Database administrator,354-562-0516,2024-12-25,Referral,New
5305,1071,Kristen,Henderson,kristen.henderson@savage-fisher.com,"Teacher, primary school",(368)201-1620x53173,2025-01-08,Web,New
1335,1219,Joseph,Rodriguez,joseph.rodriguez@lee-singh.com,"Copywriter, advertising",+1-511-415-1351x075,2025-06-23,Cold Call,Working
5723,877,Tasha,Smith,tasha.smith@russell-mueller.com,Archaeologist,966-743-9210x8174,2023-06-09,Cold Call,Unqualified
5763,2200,Chelsea,King,chelsea.king@williamsllc.com,"Engineer, maintenance (IT)",517-534-6626x1237,2025-06-30,Referral,Unqualified
768,204,Darrell,Davis,darrell.davis@johnsonmedinaandbrown.com,Site engineer,826-313-1471x37121,2025-03-08,Referral,Working
4270,2011,Nicole,Howard,nicole.howard@kingcampbellandpennington.com,"Geologist, engineering",296-846-8570x9936,2023-12-27,Referral,New
5457,2190,Kirk,Erickson,kirk.erickson@morrison-garcia.com,Lexicographer,6445857446,2025-02-20,Web,Unqualified
1248,2277,Lori,Horton,lori.horton@bryant-avery.com,Textile designer,908-841-3535x73295,2024-04-28,Web,New
3863,14,Scott,Davis,scott.davis@meyersperkinsandnelson.com,"Lecturer, higher education",626.914.0122x111,2025-07-04,Referral,New
7688,758,Tammy,Horne,tammy.horne@garrett-bauer.com,Special educational needs teacher,255-619-7629x05985,2024-06-30,Referral,Qualified
1336,1219,Randy,Smith,randy.smith@lee-singh.com,Optometrist,5484732596,2025-06-27,Referral,Qualified
7158,2999,Crystal,Pierce,crystal.pierce@sosa-farley.com,Ergonomist,(906)481-1593,2025-03-27,Referral,Working
4657,2326,Jay,Saunders,jay.saunders@huffmanltd.com,Museum/gallery conservator,001-278-832-6164x12292,2024-07-05,Web,Unqualified
1123,3562,Michelle,Lee,michelle.lee@smithwilsonandsilva.com,Advertising account executive,918.566.7785x39589,2025-07-16,Referral,Working
5188,1300,Maria,Solis,maria.solis@moore-martin.com,Dentist,+1-451-446-1924,2023-12-13,Cold Call,New
2293,1761,Jessica,Johnston,jessica.johnston@stevensonloganandsmith.com,Music tutor,+1-691-798-9997x12581,2024-06-10,Cold Call,Unqualified
349,1255,Charles,Graves,charles.graves@smiththompsonandmaxwell.com,Dentist,466.409.7697,2024-03-12,Cold Call,Unqualified
3718,3429,John,Barker,john.barker@lopez-simmons.com,Mudlogger,499.889.4026x95383,2024-07-02,Referral,Unqualified
499,871,Teresa,Harrison,teresa.harrison@allenfriedmanandsanford.com,"Engineer, manufacturing",715-580-1007x907,2025-02-28,Web,Unqualified
1070,2527,Michele,Robinson,michele.robinson@reedmccoyandadams.com,"Engineer, civil (contracting)",551-869-8823x8413,2025-04-23,Ad,Qualified
7348,3863,Rebecca,Carter,rebecca.carter@morrisltd.com,Magazine features editor,426-738-7220x3158,2025-02-09,Web,Working
7889,2089,Kyle,Jackson,kyle.jackson@mitchell-frost.com,"Engineer, land",001-319-552-7001x93521,2025-02-13,Web,New
4747,1271,April,Bauer,april.bauer@oconnorllc.com,"Accountant, chartered public finance",(372)955-6565,2024-03-06,Ad,Working
2671,2541,Raymond,Jordan,raymond.jordan@collinssanchezandray.com,"Engineer, biomedical",638-776-6803,2025-06-24,Referral,Working
489,1600,Jeremiah,Griffin,jeremiah.griffin@mooneynortonandcampbell.com,"Therapist, art",(799)529-0053x20007,2024-11-16,Ad,Qualified
5359,1441,John,Lewis,john.lewis@baileygroup.com,"Production assistant, television",863-549-4450x8636,2024-12-25,Ad,Qualified
3169,1286,Mckenzie,Elliott,mckenzie.elliott@carter-murphy.com,Research scientist (maths),+1-353-773-8721x75737,2024-05-17,Ad,New
666,3933,Jenna,Ayers,jenna.ayers@hallllc.com,Podiatrist,3392653664,2025-05-29,Cold Call,New
4850,455,Stephanie,Mcdaniel,stephanie.mcdaniel@williams-stewart.com,"Engineer, petroleum",001-382-645-1391x1134,2024-05-29,Cold Call,Qualified
4635,2713,Victor,Spencer,victor.spencer@walterandsons.com,Conference centre manager,210.733.4844,2025-07-04,Cold Call,Unqualified
1397,2842,Nicholas,Olson,nicholas.olson@walton-dixon.com,Regulatory affairs officer,(815)635-4325,2025-06-12,Cold Call,Qualified
1043,2593,Wendy,Barnes,wendy.barnes@joneskaufmanandgutierrez.com,Insurance account manager,001-223-880-1821x64411,2023-05-30,Referral,Unqualified
237,719,Chad,Sampson,chad.sampson@tannerllc.com,"Librarian, academic",3563741878,2025-06-15,Cold Call,Unqualified
3731,3251,Bernard,Brady,bernard.brady@jonesrogersandhill.com,Banker,,2024-12-30,Ad,Qualified
370,2889,Brian,Young,brian.young@alexandervasquezandcarter.com,Graphic designer,674.895.7460x13027,2025-04-25,Cold Call,Unqualified
6840,1958,Christian,Ortiz,christian.ortiz@perezinc.com,"Accountant, chartered management",362-994-5736,2024-08-09,Referral,Unqualified
222,420,James,Payne,james.payne@palmerltd.com,International aid/development worker,236-703-9320x9057,2025-03-06,Cold Call,Working
7748,3589,Lindsay,Boyd,lindsay.boyd@ellis-gates.com,Manufacturing systems engineer,(593)524-1439,2024-07-23,Referral,New
5170,3412,Patrick,Leach,patrick.leach@esparzawashingtonanddillon.com,Tree surgeon,(677)446-1385x0786,2023-11-26,Ad,New
6318,2252,Lisa,Smith,lisa.smith@hunterltd.com,Financial manager,(389)371-2310x876,2025-05-27,Cold Call,Working
6624,2316,Mark,Williams,mark.williams@marshallllc.com,"Engineer, maintenance (IT)",001-850-597-6432x2747,2024-08-22,Web,Unqualified
4266,2395,Jason,Pitts,jason.pitts@wrightmcclureandburns.com,Soil scientist,235.695.8084x202,2023-12-18,Ad,Unqualified
2829,2162,Paula,Murray,paula.murray@jenkinsandsons.com,Music therapist,328-967-7561,2025-01-26,Ad,Qualified
6280,2777,Eric,Valdez,eric.valdez@castrowalkerandmiller.com,"Lecturer, higher education",(843)953-3357x983,2025-07-16,Cold Call,Working
6921,577,Jennifer,Scott,jennifer.scott@cookplc.com,Ranger/warden,2592150378,2024-12-11,Web,Unqualified
7269,1916,Michelle,Lynch,michelle.lynch@spencer-meyers.com,Call centre manager,+1-873-540-1326,2024-09-12,Cold Call,New
412,3642,Jill,Davis,jill.davis@mccarthynortonandturner.com,Human resources officer,306.399.7337x4357,2024-04-02,Cold Call,Qualified
3145,49,Richard,Adams,richard.adams@frederickpriceandduncan.com,Health promotion specialist,770.965.3619x5459,2025-05-17,Referral,Qualified
2304,2658,Deborah,Jordan,deborah.jordan@smithwilkinsandgonzalez.com,Meteorologist,711.311.3281x036,2025-05-22,Web,Qualified
4376,867,Elizabeth,Murphy,elizabeth.murphy@pittsvegaandmckinney.com,"Secretary, company",001-441-648-6096x5050,2024-08-19,Web,Qualified
3424,3321,Jennifer,Mann,jennifer.mann@johnsonfryandedwards.com,Petroleum engineer,(904)741-0384x140,2024-09-20,Referral,Unqualified
4898,1751,Kristin,Torres,kristin.torres@burkeclayandsalinas.com,Database administrator,5112669302,2023-08-19,Cold Call,Qualified
4860,3968,Joel,Thomas,joel.thomas@byrd-marshall.com,Multimedia specialist,+1-723-358-0557,2024-10-28,Cold Call,Qualified
3646,1935,Lori,Roberts,lori.roberts@montes-pittman.com,"Accountant, chartered certified",896.771.1505,2024-07-04,Ad,Working
7894,1041,Zachary,Hawkins,zachary.hawkins@mckinneyplc.com,Hydrographic surveyor,783-951-2461x462,2023-09-01,Ad,Unqualified
1143,817,Patricia,Brooks,patricia.brooks@davisltd.com,Contractor,(812)274-7731x1444,2024-03-29,Cold Call,Qualified
3828,3222,James,Mcdowell,james.mcdowell@wilsonltd.com,Theatre manager,8868662068,2025-03-14,Referral,Unqualified
7461,3731,Larry,Thomas,larry.thomas@wallswilliamsandriley.com,Geoscientist,6749329898,2023-02-27,Web,Unqualified
7202,1381,Elizabeth,Skinner,elizabeth.skinner@watsonthomasandrojas.com,Equities trader,(654)584-0258x1092,2025-02-09,Ad,Working
6735,1953,Dawn,Owens,dawn.owens@scottgroup.com,Operational researcher,3938707228,2025-06-23,Ad,Working
7298,3726,Amy,Freeman,amy.freeman@walker-wallace.com,"Nurse, adult",+1-297-295-7604x9130,2023-10-10,Web,Unqualified
8037,2764,Sara,Cunningham,sara.cunningham@chen-wright.com,Physiological scientist,+1-430-636-2575,2025-03-11,Web,Qualified
2528,3595,Jennifer,Garrett,jennifer.garrett@lanehardinandsmith.com,"Surveyor, rural practice",001-566-777-5210x367,2024-11-21,Referral,Working
7013,1243,Tyler,Estrada,tyler.estrada@rogers-cochran.com,Water engineer,688.558.7343,2025-01-16,Cold Call,Working
4609,927,Cindy,Walker,cindy.walker@valenciainc.com,Local government officer,677.667.6127,2023-07-04,Referral,Qualified
4745,3224,Jorge,Meyer,jorge.meyer@buchananjonesandlambert.com,Financial adviser,254.761.0950x11375,2023-06-19,Cold Call,Unqualified
2169,947,John,Daniels,john.daniels@mortonmckeeandrobbins.com,Materials engineer,378.619.8993x284,2024-05-17,Ad,Unqualified
1471,2101,Brandon,Pope,brandon.pope@taylorespinozaandthomas.com,"Psychologist, forensic",001-902-628-1980x403,2025-07-12,Cold Call,New
4944,3694,Jasmine,Simpson,jasmine.simpson@stevensbradfordandstevens.com,Video editor,(799)988-4593x0263,2025-05-03,Referral,Working
2607,3504,Christopher,Smith,christopher.smith@mcintosh-ross.com,"Surveyor, land/geomatics",,2024-02-24,Ad,Qualified
6307,1368,Robert,Lee,robert.lee@watkinsandsons.com,"Merchandiser, retail",(983)206-4799,2024-09-01,Referral,Qualified
2962,2041,Antonio,Rodriguez,antonio.rodriguez@harper-lee.com,Land/geomatics surveyor,(743)282-7338,2025-05-01,Web,Qualified
1304,298,Rebecca,Lozano,rebecca.lozano@barker-gray.com,Financial controller,(202)763-2310x601,2025-04-30,Web,Qualified
7488,1720,Julia,Rice,julia.rice@mcknightgrayandsmith.com,"Designer, multimedia",+1-732-639-2228x3344,2025-06-23,Referral,New
1665,2028,April,Curtis,april.curtis@briggsgroup.com,"Physicist, medical",001-514-638-4328,2025-07-14,Cold Call,Unqualified
6197,2317,Yvonne,Floyd,yvonne.floyd@turneredwardsandhart.com,Petroleum engineer,417-357-6241x0811,2025-03-22,Cold Call,Unqualified
354,3407,Adrian,Terrell,adrian.terrell@shieldsltd.com,Claims inspector/assessor,820.654.7582x62668,2025-01-13,Cold Call,Unqualified
4952,2577,Judy,Walton,judy.walton@shafferllc.com,Ophthalmologist,728-248-6241x29742,2024-02-11,Web,New
7151,780,Samantha,Herrera,samantha.herrera@franklinbrownanddean.com,"Development worker, international aid",001-689-713-7471x77658,2024-06-17,Cold Call,Unqualified
3941,371,Jeff,Carter,jeff.carter@mcintoshgroup.com,Actor,(861)517-6547,2023-10-06,Referral,Working
6707,3312,Kenneth,Dunlap,kenneth.dunlap@taylorgroup.com,Chartered accountant,(981)773-9063x5450,2024-09-19,Ad,Working
7383,1120,Joseph,Johnson,joseph.johnson@hicksgroup.com,"Surveyor, building",410-369-7846x49439,2024-11-20,Ad,Unqualified
754,545,William,Cobb,william.cobb@warnerltd.com,Operational investment banker,+1-340-971-5814,2024-07-07,Ad,Working
3473,637,Janet,Davis,janet.davis@murrayglassandsingleton.com,"Accountant, chartered management",430.370.8347,2022-09-27,Web,Working
2492,575,Melanie,Perry,melanie.perry@camachopenaandroberts.com,Tourist information centre manager,970-572-4313x7160,2024-10-08,Web,Qualified
6124,1534,Bryan,Krause,bryan.krause@watson-fox.com,Chartered loss adjuster,+1-931-745-0252x94753,2025-02-14,Cold Call,Qualified
4722,318,Julia,May,julia.may@singhinc.com,"Physicist, medical",001-241-682-8418x396,2025-07-13,Ad,Unqualified
1062,1344,Joshua,Nelson,joshua.nelson@perezllc.com,Scientific laboratory technician,8827055897,2025-01-29,Cold Call,Unqualified
6199,2317,William,Gibson,william.gibson@turneredwardsandhart.com,Market researcher,272.555.1498x41332,2025-02-11,Cold Call,New
2651,1921,Carl,Lawson,carl.lawson@leach-frank.com,Chief of Staff,(576)365-5852x89267,2025-05-24,Cold Call,New
6113,1886,Diana,Johnson,diana.johnson@brownandersonandford.com,Further education lecturer,001-776-832-7965,2023-07-28,Cold Call,Working
4920,2556,Scott,Compton,scott.compton@phamandsons.com,"Editor, magazine features",+1-832-207-5295,2025-04-12,Web,Unqualified
5478,1273,Joy,Mccoy,joy.mccoy@hodge-young.com,Educational psychologist,+1-585-452-4562,2024-08-22,Ad,Working
5494,244,Sarah,Whitehead,sarah.whitehead@henryltd.com,"Journalist, magazine",787.357.3403x149,2023-08-26,Ad,Working
7170,219,Nicole,Williams,nicole.williams@gregoryplc.com,"Designer, exhibition/display",3397286223,2023-11-17,Cold Call,Qualified
1634,1824,Jonathan,Hampton,jonathan.hampton@andersonrobinsonandmurphy.com,Advice worker,400-497-2967x12903,2024-10-30,Referral,Working
4268,2011,Rick,Lara,rick.lara@kingcampbellandpennington.com,"Loss adjuster, chartered",001-981-845-9705,2024-02-06,Ad,Working
1068,2340,Tiffany,Fox,tiffany.fox@gonzalezcordovaandarroyo.com,"Nurse, mental health",001-867-466-1595x93865,2025-03-23,Cold Call,Qualified
5973,2502,Christina,Atkins,christina.atkins@greengroup.com,Occupational hygienist,(422)837-5830,2025-07-02,Ad,New
4822,288,Tyrone,Martin,tyrone.martin@lindsey-baker.com,"Accountant, chartered",631-295-0047,2024-10-30,Cold Call,Unqualified
5294,1956,Martha,Roman,martha.roman@robertsonandsons.com,Public affairs consultant,248-931-6279x66329,2024-01-10,Cold Call,New
2054,534,James,Walton,james.walton@kennedy-suarez.com,Patent examiner,+1-631-245-2205x08868,2025-05-04,Cold Call,Working
578,2953,Natasha,Barrett,natasha.barrett@colegroup.com,Media buyer,,2024-11-26,Web,New
3428,2557,Michelle,Lewis,michelle.lewis@harris-rivas.com,Analytical chemist,+1-231-468-0195x39016,2023-11-24,Web,Unqualified
1049,3093,Alyssa,Bailey,alyssa.bailey@gibson-hart.com,"Designer, blown glass/stained glass",879-709-1092x4458,2025-04-27,Cold Call,New
5003,1084,Stephen,Bennett,stephen.bennett@brooksburnsandmack.com,Health visitor,(580)354-3223,2025-05-23,Cold Call,Unqualified
6820,2598,Valerie,Harris,valerie.harris@hayden-cook.com,Early years teacher,(590)999-9718x96141,2024-12-06,Cold Call,Qualified
636,3433,Alicia,Phillips,alicia.phillips@weaveradkinsandmacdonald.com,IT sales professional,(243)383-3526x33435,2025-06-17,Cold Call,Working
3184,3698,Theresa,Austin,theresa.austin@oneillllc.com,Civil Service fast streamer,485-758-9462,2025-04-13,Web,New
3357,2931,Donna,Potts,donna.potts@barker-edwards.com,"Surveyor, insurance",434.829.9749x105,2025-05-15,Cold Call,Working
7759,1744,Alan,George,alan.george@robbins-wood.com,Child psychotherapist,(850)369-2631x66285,2025-05-02,Cold Call,New
7746,3686,Nicholas,Chen,nicholas.chen@onealalexanderandzavala.com,Wellsite geologist,+1-677-863-3763x566,2024-02-21,Web,Working
5028,2614,Thomas,Shaffer,thomas.shaffer@pattersonbanksandharrington.com,"Scientist, clinical (histocompatibility and immunogenetics)",872-696-8924,2023-08-27,Cold Call,New
2935,1930,Pamela,Spencer,pamela.spencer@garcia-turner.com,Illustrator,(649)333-0636,2025-07-14,Web,Working
7082,3180,Michael,Allison,michael.allison@ellis-green.com,"Development worker, international aid",(268)337-9459,2024-08-19,Web,Working
3633,670,Julie,Stewart,julie.stewart@hammondleeandlozano.com,"Exhibitions officer, museum/gallery",252-683-0625x8585,2025-03-11,Web,Working
696,2967,John,Hardin,john.hardin@westgroup.com,Ophthalmologist,740.763.6518x86976,2024-12-03,Cold Call,New
6149,1799,Joseph,Frazier,joseph.frazier@harrisonllc.com,Private music teacher,001-875-444-9593x8870,2025-06-30,Web,Qualified
7532,101,Amy,Silva,amy.silva@bush-carrillo.com,Armed forces training and education officer,671.660.6404x864,2024-10-06,Ad,New
6185,3396,Jason,Hawkins,jason.hawkins@masseygroup.com,Chartered accountant,001-925-251-0489,2023-09-26,Cold Call,Qualified
4056,78,Julie,Hensley,julie.hensley@wise-adkins.com,Acupuncturist,+1-496-575-9333,2025-03-21,Referral,Unqualified
7062,2120,Shane,Riddle,shane.riddle@boyd-woods.com,Adult guidance worker,+1-454-568-9078x3209,2023-05-05,Web,Qualified
5224,2515,Brianna,Ortega,brianna.ortega@brewer-wood.com,Youth worker,820-417-7378x4597,2025-06-24,Cold Call,New
6829,3907,Chad,Ingram,chad.ingram@martininc.com,Building services engineer,001-750-229-3863,2023-12-11,Referral,Unqualified
1133,3426,Patricia,Carpenter,patricia.carpenter@smithsanchezandadkins.com,"Designer, exhibition/display",(565)630-3298,2025-03-29,Web,Unqualified
5777,1222,Carmen,Jones,carmen.jones@wood-robinson.com,Land/geomatics surveyor,271.881.5853x785,2025-03-18,Web,Qualified
4988,240,Kimberly,Shaw,kimberly.shaw@bowmannguyenandvalentine.com,Structural engineer,001-466-516-7180x3406,2025-07-04,Referral,Unqualified
3933,2334,Hannah,Montoya,hannah.montoya@hubbardwilsonandbarr.com,"Psychologist, counselling",757-249-7698x506,2025-04-22,Cold Call,New
6917,2505,Ricardo,Warren,ricardo.warren@clark-fisher.com,Video editor,001-436-530-4018x975,2023-12-03,Web,New
1102,2651,Tamara,Brown,tamara.brown@abbott-bauer.com,Ceramics designer,6248249302,2025-04-14,Web,Working
6928,3467,Destiny,Odom,destiny.odom@myersltd.com,Clinical biochemist,961-317-1707x13120,2025-02-22,Ad,Working
2172,3507,Cameron,Baker,cameron.baker@johnsoninc.com,"Surveyor, building control",(670)701-7067,2025-03-17,Ad,New
2215,1482,Patricia,Williams,patricia.williams@hudsonmercadoandphillips.com,Early years teacher,964.735.7260,2024-11-28,Cold Call,Working
6341,1855,Alfred,Ford,alfred.ford@lanellc.com,"Scientist, biomedical",5255945635,2025-03-02,Referral,Unqualified
4096,1189,Michael,Arias,michael.arias@deleon-adkins.com,"Engineer, manufacturing systems",(657)994-6036x71109,2023-05-16,Ad,Working
2881,2018,Sarah,Johnson,sarah.johnson@may-martin.com,"Scientist, physiological",(765)825-7037x96354,2024-10-28,Cold Call,Qualified
2489,980,Grant,Decker,grant.decker@hays-alvarez.com,Arboriculturist,636-512-6162,2025-05-08,Ad,Working
3183,3698,Donald,Anderson,donald.anderson@oneillllc.com,Insurance broker,(814)536-8833,2025-05-03,Ad,Working
849,3702,Daniel,Lozano,daniel.lozano@reedandsons.com,"Scientist, water quality",+1-942-290-0277x4004,2024-05-07,Ad,New
7465,3533,Morgan,Russell,morgan.russell@rodriguez-lin.com,Astronomer,+1-390-707-9338x851,2025-07-01,Cold Call,Unqualified
4110,828,Justin,Garrison,justin.garrison@nunezkimanddiaz.com,Herpetologist,001-928-901-8402x59673,2025-01-17,Web,New
5241,1261,Cheryl,Perez,cheryl.perez@jenkinsplc.com,Chartered management accountant,607-384-2292,2025-01-20,Web,Unqualified
7014,2646,James,Patel,james.patel@scottgroup.com,Fish farm manager,(980)427-8868x249,2025-03-13,Cold Call,Qualified
7297,2936,Seth,Hayes,seth.hayes@nguyenltd.com,Surgeon,334-387-0605,2025-01-05,Web,Qualified
5832,172,Angela,Peters,angela.peters@jacobs-aguirre.com,Claims inspector/assessor,632.414.7237,2024-10-25,Ad,Working
5869,509,Kathryn,Brown,kathryn.brown@weavergroup.com,Field seismologist,001-294-700-7749x920,2024-05-18,Ad,Working
3668,1213,Mark,Kelly,mark.kelly@yorkbrownandsmith.com,"Scientist, research (maths)",959.782.8532x4722,2024-01-20,Web,Unqualified
2392,2036,Emily,Monroe,emily.monroe@lopezgrayandperkins.com,Amenity horticulturist,(725)775-3571x945,2024-09-02,Ad,Unqualified
5820,208,Melissa,Nelson,melissa.nelson@holt-ingram.com,Civil Service administrator,+1-547-638-7466x65553,2024-12-16,Ad,Working
1863,296,Carol,Burton,carol.burton@taylor-beck.com,Banker,(825)365-0635x263,2025-07-18,Referral,Working
2070,3874,Stephanie,Stone,stephanie.stone@blackllc.com,Warden/ranger,(900)738-1042x4342,2025-06-11,Referral,New
1355,655,Chris,Nolan,chris.nolan@smith-cooper.com,Pharmacologist,897-580-0117,2023-11-14,Ad,Qualified
3248,2212,Joseph,Williams,joseph.williams@powelllivingstonandgarcia.com,Video editor,391-337-9637,2024-05-16,Cold Call,Working
1149,1390,Patrick,Singh,patrick.singh@englishgroup.com,Games developer,466-441-1448x5647,2025-06-29,Ad,Working
1181,1111,William,Burgess,william.burgess@kim-perez.com,Automotive engineer,001-417-271-3715x243,2024-01-27,Cold Call,New
3915,3839,Tanya,Lewis,tanya.lewis@rodriguez-rowe.com,"Engineer, mining",657-608-1779x567,2025-02-13,Ad,Unqualified
2429,572,Margaret,Carr,margaret.carr@campbellltd.com,Special effects artist,275-628-4625,2023-04-16,Ad,Working
442,3535,Stephen,Patel,stephen.patel@delgado-mcbride.com,Psychiatrist,448-253-8937x566,2025-04-21,Cold Call,New
5080,1315,Christopher,Hall,christopher.hall@delgadoinc.com,Veterinary surgeon,+1-536-220-1538x48714,2023-10-10,Cold Call,Qualified
4620,3538,Oscar,Peterson,oscar.peterson@millergroup.com,Higher education lecturer,001-541-787-8472x10367,2025-03-17,Web,Working
2433,3327,Susan,Jacobs,susan.jacobs@moralesclayandnixon.com,Early years teacher,340.725.0852x61366,2025-07-01,Cold Call,New
1199,2394,Bethany,Reed,bethany.reed@barrera-bradley.com,Arts development officer,001-319-438-9200x917,2024-12-12,Web,New
7537,2269,Sharon,Paul,sharon.paul@medinaplc.com,Actor,867.363.3360,2025-03-07,Referral,New
3838,3576,Emma,Wallace,emma.wallace@tate-howard.com,"Merchandiser, retail",576-951-4396,2024-03-07,Referral,Qualified
7235,1425,Michael,Logan,michael.logan@brooks-hernandez.com,"Restaurant manager, fast food",+1-857-322-5053x992,2025-01-30,Cold Call,Unqualified
1425,17,Madison,Jones,madison.jones@brownplc.com,Medical physicist,810.493.0287x539,2025-06-29,Referral,Qualified
6883,290,Lindsay,Olson,lindsay.olson@obrienphillipsandjarvis.com,Soil scientist,+1-803-509-5473x7642,2024-04-17,Referral,Qualified
7615,2421,Alexander,Meyer,alexander.meyer@dunnarmstrongandgriffin.com,Advertising copywriter,708.474.8321x46725,2023-10-16,Ad,Qualified
856,184,Michael,Newton,michael.newton@little-jenkins.com,Theme park manager,+1-259-507-8980x295,2025-07-10,Ad,New
4016,3170,Kelly,Myers,kelly.myers@georgeperezandmccarthy.com,Sport and exercise psychologist,876.641.3352,2025-01-18,Referral,Unqualified
4080,3027,Steven,Moore,steven.moore@pachecogarciaandlyons.com,Hydrologist,738.200.1395x7956,2024-10-13,Ad,Qualified
747,3064,Teresa,Taylor,teresa.taylor@hill-martinez.com,Trade mark attorney,001-717-987-8254,2025-01-23,Referral,Unqualified
397,1312,Cynthia,Anderson,cynthia.anderson@foxinc.com,Mining engineer,545.210.6420x230,2024-05-11,Ad,Working
5406,1703,Steve,Newton,steve.newton@johnsonandsons.com,Civil Service administrator,(919)610-6708,2024-06-11,Referral,New
3885,3621,Derek,Brown,derek.brown@hatfielddiazandsmith.com,Forensic scientist,001-328-794-3703x55730,2024-08-05,Referral,Working
2630,2129,Lisa,Smith,lisa.smith@johnsonllc.com,Sports therapist,001-756-516-8555,2024-06-23,Referral,Working
6982,2142,Michael,Steele,michael.steele@johnsongroup.com,Special effects artist,001-281-974-3146,2023-01-24,Cold Call,New
7303,2893,Tonya,Lee,tonya.lee@lewisllc.com,"Civil engineer, contracting",974-939-2153x083,2025-06-26,Ad,New
1264,3605,Jacqueline,Cobb,jacqueline.cobb@smith-mckinney.com,Podiatrist,001-250-503-7676x34241,2023-04-02,Referral,New
1283,1686,Brett,Kelly,brett.kelly@stricklandglennandcarroll.com,Transport planner,(356)287-0969x6865,2025-05-24,Web,New
6557,2581,Mary,Allen,mary.allen@mitchelltownsendandlarson.com,Equities trader,001-602-336-7015x459,2025-03-05,Ad,New
3219,2601,Leslie,Weaver,leslie.weaver@smith-hensley.com,Set designer,(305)374-1134x0272,2025-07-09,Ad,Unqualified
66,2956,Patrick,White,patrick.white@owen-smith.com,"Surveyor, land/geomatics",201-409-1261x62697,2025-03-30,Cold Call,New
5888,2950,Janice,Spencer,janice.spencer@whitegroup.com,Theme park manager,001-538-628-0860,2025-05-24,Cold Call,Unqualified
6470,484,Kathleen,Herrera,kathleen.herrera@reyes-moore.com,Magazine features editor,5694649146,2024-06-11,Referral,Working
618,3383,Amber,Taylor,amber.taylor@barnesjonesandmelendez.com,Video editor,532.762.1957,2025-02-02,Ad,Qualified
1728,3016,Samuel,Smith,samuel.smith@bell-king.com,Human resources officer,359-693-2382x6583,2025-07-11,Web,New
1764,2283,Elizabeth,Scott,elizabeth.scott@evanszunigaandpeterson.com,Ship broker,450.949.7442x87045,2024-12-11,Ad,Unqualified
1188,658,James,Cooper,james.cooper@fergusonmillerandgomez.com,Claims inspector/assessor,942.631.6802x80374,2025-05-31,Cold Call,Unqualified
3538,653,Jennifer,Johns,jennifer.johns@clarkgroup.com,Management consultant,001-538-754-0125,2025-06-05,Web,Working
6806,2997,Brian,Jones,brian.jones@perez-spencer.com,Amenity horticulturist,9257939244,2025-02-17,Cold Call,Working
192,3857,Laura,Smith,laura.smith@johnsongroup.com,Armed forces logistics/support/administrative officer,+1-378-452-9279x47489,2025-02-02,Ad,Unqualified
3831,809,Aaron,Johnson,aaron.johnson@williams-morrow.com,Operational investment banker,8512277811,2024-06-05,Web,New
4932,1268,Michael,Cross,michael.cross@snyder-ramirez.com,Fine artist,263-909-8274,2025-05-07,Ad,Working
3140,2548,Edward,Garcia,edward.garcia@petersonclarkandmartinez.com,Tax inspector,456-477-9449x79258,2023-05-09,Cold Call,Unqualified
1572,1042,Stephen,Atkinson,stephen.atkinson@johnson-davis.com,Brewing technologist,958-733-4738x261,2025-07-13,Cold Call,Unqualified
3331,3720,Erik,Simmons,erik.simmons@gatesplc.com,Paramedic,890.420.2334x06589,2025-01-10,Referral,Working
2015,2688,Judith,Flores,judith.flores@priceplc.com,Artist,001-512-616-0100x15569,2025-05-10,Ad,Working
402,183,Tim,Love,tim.love@jacksoninc.com,Fitness centre manager,313-387-4669,2023-07-17,Cold Call,Working
4520,795,David,Hernandez,david.hernandez@carter-williamson.com,Land/geomatics surveyor,220.286.3753,2024-12-20,Referral,Unqualified
3023,1628,Colleen,Lewis,colleen.lewis@harrisonleblancandhogan.com,"Surveyor, planning and development",9899491898,2025-05-04,Web,Working
2425,2610,Rachel,Stevens,rachel.stevens@rivas-hunter.com,Stage manager,001-902-548-4235x878,2025-06-10,Ad,Qualified
5271,3411,Bridget,Anderson,bridget.anderson@estrada-meadows.com,"Psychologist, counselling",(949)797-6747x743,2024-05-21,Ad,Unqualified
7172,3357,Andrea,Mahoney,andrea.mahoney@ellis-gonzales.com,Heritage manager,(892)757-4659,2024-11-04,Cold Call,Unqualified
4815,3989,Tara,Patel,tara.patel@greeninc.com,"Journalist, newspaper",001-568-329-4745,2025-06-06,Web,Working
6372,2779,Sandra,Koch,sandra.koch@garciahoodandharvey.com,Bookseller,+1-579-463-6574,2025-02-08,Cold Call,Unqualified
4226,3711,Patricia,Boyd,patricia.boyd@hojohnsonandmays.com,Clinical molecular geneticist,+1-232-361-5531x57676,2025-03-19,Cold Call,Qualified
8061,2717,Charles,George,charles.george@hernandez-jackson.com,Senior tax professional/tax inspector,518.443.8720x68063,2025-01-23,Cold Call,Qualified
2883,1649,Whitney,Bennett,whitney.bennett@rodriguezgroup.com,Planning and development surveyor,(772)266-3941x3143,2025-04-08,Web,Working
4895,688,Jesse,Young,jesse.young@jonesplc.com,Industrial buyer,(582)862-2678x3240,2024-06-22,Cold Call,Qualified
4799,3714,Cynthia,Zimmerman,cynthia.zimmerman@cisnerosedwardsandedwards.com,Herpetologist,247.390.1514x653,2025-06-24,Ad,Unqualified
272,2080,James,Calderon,james.calderon@williamsonandsons.com,Chemical engineer,480.472.7350x085,2025-02-28,Web,New
4708,93,Michael,Wiley,michael.wiley@ritter-nixon.com,Chief Technology Officer,573-996-8961x12241,2023-02-26,Web,New
2381,3991,Roberto,Carrillo,roberto.carrillo@wagner-jenkins.com,Local government officer,419.308.9354,2025-01-07,Web,New
689,3745,Tyler,Green,tyler.green@raymondjacksonandberg.com,Geophysical data processor,801.362.5073,2024-08-02,Cold Call,Working
4150,68,Adam,Little,adam.little@kennedyclementsandroberts.com,Petroleum engineer,+1-317-740-2705,2025-07-15,Web,Unqualified
6728,354,David,Williams,david.williams@englishedwardsandfisher.com,Rural practice surveyor,736-800-8801x5972,2025-02-22,Referral,Qualified
673,3616,Lori,King,lori.king@beasley-martin.com,Network engineer,001-728-881-1026x8597,2025-05-21,Ad,Unqualified
3472,1772,Jacob,Monroe,jacob.monroe@kruegerbrownandrichard.com,Agricultural engineer,(538)634-2249x747,2025-04-06,Cold Call,Working
3782,2216,Christopher,Nguyen,christopher.nguyen@jordanllc.com,"Teacher, primary school",707-893-5181x88910,2025-01-22,Cold Call,Working
3101,3359,David,Singh,david.singh@chavez-bush.com,Manufacturing engineer,001-280-203-1005x65979,2024-11-14,Referral,Unqualified
7520,2164,Omar,Bowers,omar.bowers@normanandsons.com,Electrical engineer,417.916.9038,2025-02-14,Ad,Working
1440,474,Molly,Lam,molly.lam@younghayesandrogers.com,Maintenance engineer,402.545.2115x02848,2025-06-03,Ad,Unqualified
7572,62,Steven,Patel,steven.patel@guerrerollc.com,Police officer,362.543.1800x88151,2024-10-06,Referral,New
5004,1084,Thomas,French,thomas.french@brooksburnsandmack.com,"Civil engineer, consulting",(953)392-2403x0378,2025-06-18,Cold Call,Working
2432,3327,Gregory,Stewart,gregory.stewart@moralesclayandnixon.com,"Therapist, horticultural",001-763-749-2682x4081,2025-07-05,Referral,Unqualified
6469,2659,Sarah,Ferrell,sarah.ferrell@schneidercastilloandberger.com,Maintenance engineer,400-779-0296,2025-02-18,Referral,Working
1995,741,Diana,Mcbride,diana.mcbride@carey-shepard.com,Social worker,733.950.7554,2025-07-05,Referral,Qualified
6667,1789,Denise,Keith,denise.keith@greenclarkandlewis.com,Counselling psychologist,001-709-541-4310x389,2025-07-09,Web,Working
5618,1226,Kevin,Torres,kevin.torres@robertsburtonandwheeler.com,Early years teacher,+1-868-503-3998x3747,2024-03-17,Cold Call,Working
8034,2138,Sandra,White,sandra.white@taylorinc.com,Chartered public finance accountant,(727)330-3380,2025-06-03,Web,Unqualified
1714,1009,Scott,Walker,scott.walker@ruizphillipsandballard.com,Medical laboratory scientific officer,+1-486-553-3122x8770,2025-06-03,Cold Call,Qualified
7418,703,Lisa,Harper,lisa.harper@rollins-holt.com,Arboriculturist,306-235-6934x02937,2025-03-25,Web,Working
6033,2078,Olivia,Martinez,olivia.martinez@blankenshiprogersandstevenson.com,"Surveyor, mining",+1-328-891-0383,2025-03-13,Ad,New
698,829,Beth,Matthews,beth.matthews@walkerllc.com,Immunologist,456.506.3114x9885,2025-04-15,Ad,Qualified
6894,3000,Sherri,Beard,sherri.beard@martinrojasandpreston.com,Furniture designer,+1-331-485-8414x22028,2025-07-07,Web,New
2719,3495,Jasmine,Chavez,jasmine.chavez@bryantnguyenandweber.com,Education administrator,(979)233-1018x322,2025-03-30,Cold Call,Qualified
4717,554,David,Paul,david.paul@soto-rodriguez.com,"Conservation officer, historic buildings",001-590-401-6652,2024-03-28,Cold Call,New
6656,753,Jeffrey,Williams,jeffrey.williams@davis-potts.com,Prison officer,001-791-737-4281x744,2024-12-09,Ad,Working
4065,1429,Jeff,Johnson,jeff.johnson@benitezrogersandgrimes.com,"Pharmacist, community",931-758-7759x0582,2025-03-23,Referral,Unqualified
5210,3263,James,Chan,james.chan@oliverdeckerandcox.com,Media planner,001-681-784-5839x3239,2024-04-11,Referral,Working
4208,3802,Kari,Hughes,kari.hughes@baker-cox.com,Training and development officer,+1-242-714-0390x171,2025-03-09,Web,Qualified
6234,1637,Nicole,Watkins,nicole.watkins@gibsonthompsonandsutton.com,Translator,+1-455-883-0486x6713,2022-10-15,Web,Unqualified
2514,755,Diane,Melendez,diane.melendez@mcclain-campbell.com,"Buyer, industrial",259-226-3690,2025-07-06,Cold Call,Qualified
4225,3711,Ernest,Nichols,ernest.nichols@hojohnsonandmays.com,Network engineer,881-971-0973x1116,2025-06-14,Referral,Qualified
7514,3661,Sabrina,Patterson,sabrina.patterson@mcgeehenryandriddle.com,Multimedia programmer,001-789-803-6786x11097,2024-07-21,Web,Unqualified
82,3845,Sonya,Moore,sonya.moore@vangplc.com,Insurance claims handler,001-571-428-8568x57623,2025-06-04,Ad,New
1790,2470,Sharon,Solomon,sharon.solomon@ramoshuberandrodgers.com,Biomedical engineer,001-660-536-6014x1703,2025-05-12,Referral,Qualified
172,3817,Joseph,Henry,joseph.henry@boyle-bentley.com,"Designer, jewellery",,2025-05-27,Cold Call,New
7669,763,Amy,Wilson,amy.wilson@hortonllc.com,"Buyer, industrial",330.871.8298,2025-04-10,Web,Unqualified
6809,16,Michael,Andrade,michael.andrade@joneskingandpadilla.com,Community arts worker,001-296-421-5542x457,2024-12-16,Cold Call,New
4331,1171,Matthew,Henderson,matthew.henderson@averygroup.com,Maintenance engineer,+1-570-952-5237x03421,2025-05-05,Referral,Qualified
1570,1066,Jillian,Woods,jillian.woods@cooknunezandgarcia.com,"Engineer, communications",+1-896-536-1444x45845,2024-08-30,Cold Call,Working
5578,3436,Bonnie,Booth,bonnie.booth@berry-perez.com,Information officer,716.282.2553,2024-12-25,Cold Call,Unqualified
7858,3173,Kiara,Alvarez,kiara.alvarez@cannonllc.com,Land/geomatics surveyor,2009504582,2025-04-14,Web,Qualified
5257,2477,Beverly,Adams,beverly.adams@fieldsinc.com,Lexicographer,(362)984-8020x454,2025-05-13,Cold Call,Working
2154,1790,Dana,Beasley,dana.beasley@rodriguez-mendez.com,Health service manager,857.942.2860x576,2025-06-28,Web,Unqualified
955,2339,Stephen,Grimes,stephen.grimes@gonzalesandersonandconway.com,"Administrator, education",480.354.0578,2025-02-11,Web,Working
4343,1418,Michael,Ramos,michael.ramos@quinnplc.com,Quantity surveyor,863.238.6432x25935,2025-05-28,Web,Working
4844,2456,Christian,Rodriguez,christian.rodriguez@robles-kirby.com,Fashion designer,399.946.6947x278,2024-05-12,Cold Call,Working
5872,3237,Connor,Thompson,connor.thompson@johnson-bauer.com,"Optician, dispensing",+1-966-422-3970x570,2025-05-25,Cold Call,Qualified
92,3481,Joseph,Graham,joseph.graham@wilsonplc.com,Pathologist,+1-215-563-3059x144,2025-01-28,Web,Qualified
183,823,Jonathan,Garrett,jonathan.garrett@mooreinc.com,"Engineer, aeronautical",001-974-220-5617x33036,2024-11-17,Ad,Qualified
6176,3048,Teresa,Wright,teresa.wright@white-robertson.com,Advertising account planner,514-748-2163x688,2023-10-25,Cold Call,Working
6559,2332,Jacqueline,Moore,jacqueline.moore@smith-simon.com,Surgeon,753.260.9831,2023-07-14,Web,New
1378,505,Stacey,Hayes,stacey.hayes@fitzgeraldmillerandsnyder.com,"Engineer, broadcasting (operations)",001-219-393-1692x92938,2024-10-26,Ad,Qualified
687,3745,Chad,Anthony,chad.anthony@raymondjacksonandberg.com,Equality and diversity officer,+1-377-765-0193x555,2024-08-19,Web,Unqualified
1268,1360,Olivia,Johnson,olivia.johnson@collinsandsons.com,Higher education lecturer,001-893-625-4266x9911,2025-02-12,Referral,New
5290,749,Jill,Gibbs,jill.gibbs@allenvangandflores.com,Automotive engineer,+1-852-347-3246x7819,2025-04-28,Cold Call,Unqualified
5137,1994,Brenda,Garcia,brenda.garcia@smithandsons.com,"Psychologist, prison and probation services",5226845497,2025-07-02,Cold Call,New
8035,2005,Hannah,Chandler,hannah.chandler@smithgroup.com,Geophysicist/field seismologist,(576)280-8868x3310,2024-03-18,Referral,New
580,3210,Stephen,Lamb,stephen.lamb@petersonblevinsandsimpson.com,Building surveyor,(249)232-1831x227,2023-07-29,Web,New
6214,3649,Karen,Fisher,karen.fisher@nortonplc.com,"Scientist, clinical (histocompatibility and immunogenetics)",964.458.9110x6505,2025-05-28,Ad,New
6622,1316,Tony,Cruz,tony.cruz@ford-garza.com,Psychiatrist,(713)979-4771x674,2025-06-20,Referral,New
978,156,Joanne,Farrell,joanne.farrell@cooper-guzman.com,Adult guidance worker,+1-927-636-3049x163,2025-06-14,Referral,Working
199,3431,Anthony,French,anthony.french@loweplc.com,Petroleum engineer,218-287-3684,2024-10-06,Cold Call,Unqualified
2213,1723,Brittany,Roth,brittany.roth@wanggrayandallen.com,"Designer, jewellery",+1-770-835-1261x33578,2025-04-07,Ad,Unqualified
1809,2641,Jennifer,Howard,jennifer.howard@mullins-villarreal.com,Operational investment banker,(258)632-9835x44168,2025-04-07,Cold Call,Unqualified
435,2558,Allen,Hernandez,allen.hernandez@bond-martinez.com,Web designer,(568)596-7182x8496,2023-09-02,Cold Call,Unqualified
7110,3908,Ronald,Villegas,ronald.villegas@ferguson-miller.com,Ceramics designer,(806)350-1850x132,2025-02-27,Web,Working
6402,1615,James,Yu,james.yu@andersonplc.com,Patent attorney,001-226-203-7320x521,2025-07-04,Referral,Working
7367,3200,Angela,Jensen,angela.jensen@morganinc.com,Legal executive,898.534.3335x643,2025-06-22,Web,Working
4303,2342,Dustin,Horton,dustin.horton@lewisllc.com,Waste management officer,(468)630-5004,2024-01-14,Ad,Working
3764,2650,Robert,Wilson,robert.wilson@welchgroup.com,Pathologist,995-726-2277x110,2024-09-07,Ad,New
2699,1301,Benjamin,Hernandez,benjamin.hernandez@combs-smith.com,"Nurse, children's",604-569-7976x2579,2024-02-21,Ad,Qualified
7123,2980,Joseph,Miller,joseph.miller@halecaldwellandpadilla.com,Publishing copy,5912730345,2023-07-18,Referral,Qualified
5963,3009,Gary,Sullivan,gary.sullivan@rogersgambleandterry.com,"Development worker, community",627.874.6473x934,2024-01-22,Ad,Unqualified
7107,487,Daniel,White,daniel.white@hobbsinc.com,Travel agency manager,001-293-327-1472x5404,2025-06-28,Web,Qualified
2572,996,Robert,Leonard,robert.leonard@scott-wilkins.com,Food technologist,353.495.7497,2025-07-09,Web,Working
4652,2111,Joshua,Ellis,joshua.ellis@clarkandsons.com,Chief Financial Officer,627.277.4225,2025-06-12,Cold Call,New
5222,1721,Brian,Frye,brian.frye@cooperltd.com,"Programmer, systems",456-817-1641,2024-09-23,Ad,Unqualified
3890,2660,Scott,Day,scott.day@greentranandmoore.com,"Surveyor, building control",5742146395,2025-06-27,Web,Qualified
4034,3783,Elaine,Miller,elaine.miller@schneiderllc.com,Recruitment consultant,001-972-236-4339x7259,2024-01-12,Web,Unqualified
6067,351,Nicole,Young,nicole.young@vegallc.com,Energy engineer,3047359261,2024-11-07,Cold Call,Unqualified
2398,3961,Larry,May,larry.may@douglas-reynolds.com,Diagnostic radiographer,254.858.1141,2025-02-23,Web,New
62,2819,Sandra,Price,sandra.price@taylorplc.com,Investment analyst,6429350936,2023-01-26,Cold Call,Unqualified
1087,893,Daisy,Chapman,daisy.chapman@king-strong.com,Animator,(486)384-6244,2025-07-02,Web,Unqualified
3048,987,Tiffany,Mitchell,tiffany.mitchell@griffininc.com,Oceanographer,538.509.3219,2022-12-28,Web,Working
6216,1525,Kathleen,Adkins,kathleen.adkins@franklin-carson.com,Corporate treasurer,(696)288-8544,2025-02-25,Web,Qualified
979,156,Christopher,Rice,christopher.rice@cooper-guzman.com,Insurance account manager,901-710-1057x38610,2025-04-03,Web,Qualified
4640,2642,Emily,Fleming,emily.fleming@bradleyjonesandhamilton.com,"Development worker, international aid",(892)224-3655x9418,2024-03-29,Cold Call,Unqualified
5367,3503,Joshua,Mitchell,joshua.mitchell@campbell-sanchez.com,Field seismologist,717.776.4067x829,2024-12-02,Cold Call,Working
3834,3567,Bobby,Russell,bobby.russell@nguyen-reyes.com,"Designer, blown glass/stained glass",,2023-04-10,Referral,New
7024,50,Sean,Gonzalez,sean.gonzalez@brock-howard.com,Bonds trader,(750)846-4283,2024-08-06,Web,Working
947,3838,Nina,Ewing,nina.ewing@cantullc.com,Government social research officer,362-500-5371,2023-12-10,Cold Call,Working
7249,903,Devin,Melendez,devin.melendez@russell-murphy.com,Clinical psychologist,001-274-607-7448x604,2024-09-08,Referral,Qualified
3369,976,Alyssa,Rice,alyssa.rice@hilljacksonandbarajas.com,Actor,,2024-10-07,Ad,Working
1086,893,Michelle,Hanson,michelle.hanson@king-strong.com,Retail merchandiser,6568832873,2024-10-08,Cold Call,Unqualified
3146,49,Nicole,King,nicole.king@frederickpriceandduncan.com,"Geologist, engineering",3388134559,2025-05-16,Cold Call,Qualified
4240,2441,Donna,Martin,donna.martin@sanchezmitchellandwalker.com,"Scientist, research (medical)",3174287963,2023-10-12,Ad,New
2680,1105,Samantha,Smith,samantha.smith@castillollc.com,Tree surgeon,576.266.8105x2110,2025-07-05,Web,Working
6510,2447,Amy,Mays,amy.mays@garciallc.com,"Engineer, petroleum",250-879-6425x5189,2023-06-07,Ad,Working
590,1555,Cameron,Gonzalez,cameron.gonzalez@colealexanderandadams.com,Adult nurse,001-722-701-1156x622,2023-12-10,Cold Call,New
5979,1408,Rebecca,Bell,rebecca.bell@franklinwardandnichols.com,Quarry manager,001-571-322-3204x630,2024-05-31,Cold Call,Unqualified
4724,318,Rachel,May,rachel.may@singhinc.com,Freight forwarder,356.627.4414x950,2024-09-13,Cold Call,New
7407,3630,Victoria,Edwards,victoria.edwards@fryandsons.com,Textile designer,001-515-865-3708x43451,2024-11-03,Referral,New
6288,3476,Tracey,Moore,tracey.moore@gibson-butler.com,Building control surveyor,651.540.7098x330,2022-12-25,Referral,Unqualified
5716,1833,Matthew,Perry,matthew.perry@martinez-pitts.com,Quarry manager,001-639-519-7006x54440,2025-02-23,Ad,Qualified
6684,880,Patricia,Valdez,patricia.valdez@lewis-singh.com,"Runner, broadcasting/film/video",+1-437-342-2652,2025-04-30,Referral,Unqualified
6939,594,Rhonda,Garcia,rhonda.garcia@johnsonmyersandsmith.com,Forensic scientist,001-754-601-6585x993,2025-06-07,Web,New
5045,767,Pamela,Miller,pamela.miller@raymondburgessandwilliams.com,"Civil engineer, contracting",952.653.6407,2025-04-28,Referral,Qualified
67,2956,Sue,Smith,sue.smith@owen-smith.com,Information officer,574-990-2549,2022-10-19,Cold Call,Working
2212,566,Elizabeth,Anderson,elizabeth.anderson@martingreenandblevins.com,Writer,(200)617-0686x130,2023-08-25,Ad,Unqualified
3094,2919,Veronica,Steele,veronica.steele@hughesstephensonandgarrett.com,"Administrator, Civil Service",517.832.1373x089,2025-06-16,Ad,Qualified
7585,1495,Victoria,Thompson,victoria.thompson@castroltd.com,"Copywriter, advertising",(729)273-9099x4563,2024-06-25,Ad,Unqualified
1504,1613,Linda,Fowler,linda.fowler@morganobrienandmiller.com,Physiotherapist,+1-458-969-9828x5313,2024-07-14,Cold Call,Unqualified
7699,1021,Joann,Johnson,joann.johnson@lewisandsons.com,Ophthalmologist,6012010175,2025-02-13,Web,Qualified
1305,298,Jamie,Garcia,jamie.garcia@barker-gray.com,"Restaurant manager, fast food",307-408-5958,2025-06-05,Referral,Working
1270,874,Stephen,Hobbs,stephen.hobbs@mcdonaldhernandezandleon.com,"Engineer, technical sales",001-286-277-5778x71829,2025-06-25,Cold Call,Qualified
3618,668,Edwin,Ryan,edwin.ryan@mercadosmithandsavage.com,Careers information officer,(786)886-9722x682,2025-03-07,Cold Call,Qualified
2287,1827,Megan,Wheeler,megan.wheeler@shortinc.com,Legal secretary,437.983.9122x835,2024-11-16,Ad,New
6454,3423,John,Robinson,john.robinson@sotoltd.com,Commissioning editor,001-440-794-3633,2025-07-15,Cold Call,Unqualified
3527,3075,Jared,Baldwin,jared.baldwin@li-hammond.com,Public relations officer,+1-353-818-2480x497,2025-07-02,Referral,New
3100,3359,Scott,Mcguire,scott.mcguire@chavez-bush.com,Archaeologist,(696)484-0204x6177,2025-05-12,Cold Call,Unqualified
4020,1912,Michael,Rodriguez,michael.rodriguez@rogers-fritz.com,Tourist information centre manager,5803954778,2024-10-30,Web,Working
4350,2236,Kristin,Johnson,kristin.johnson@andersonandsons.com,Leisure centre manager,,2025-04-29,Referral,New
536,3472,James,Rubio,james.rubio@thompson-welch.com,Retail buyer,001-384-953-0833,2025-07-10,Web,Qualified
640,1927,Michael,Spencer,michael.spencer@douglas-ford.com,Theatre manager,+1-901-994-7758x3142,2023-09-11,Ad,Working
3133,3405,Bryan,Yoder,bryan.yoder@fergusonwilliamsandchandler.com,Financial planner,001-973-202-9679x9611,2024-10-11,Referral,Working
729,3277,Erin,Kemp,erin.kemp@martinezandsons.com,Research scientist (maths),521.728.8492,2024-03-19,Web,New
2374,373,John,Martinez,john.martinez@chapmanllc.com,Colour technologist,001-286-269-5032x772,2025-05-09,Referral,Qualified
2865,2233,James,Reyes,james.reyes@schultzmcdowellandgarcia.com,"Surveyor, mining",783.400.7752,2023-07-05,Ad,Qualified
3156,2418,Jesse,Osborne,jesse.osborne@byrdplc.com,Professor Emeritus,001-229-920-1420x782,2024-10-27,Ad,Working
4193,350,Stephen,Collins,stephen.collins@pittslewisandjohns.com,Dealer,+1-414-456-8075,2025-06-21,Ad,Working
3125,2357,Marvin,Smith,marvin.smith@bennetttuckerandmiller.com,Therapeutic radiographer,+1-996-657-1435x797,2023-10-28,Web,Unqualified
1058,2794,James,Page,james.page@fisher-campbell.com,Hospital doctor,(356)282-4380,2023-05-09,Referral,New
3,1694,Maria,Jones,maria.jones@wangllc.com,Astronomer,001-528-382-5522,2024-12-20,Cold Call,Unqualified
1388,3428,Kevin,Williams,kevin.williams@patton-bell.com,Film/video editor,,2025-02-23,Referral,Unqualified
3932,2334,Alexander,Riley,alexander.riley@hubbardwilsonandbarr.com,Fashion designer,909.500.4520,2025-04-07,Cold Call,Unqualified
2242,87,Nicholas,Santiago,nicholas.santiago@buckleymoodyandlewis.com,Purchasing manager,432-691-6466x317,2025-07-07,Ad,Qualified
3042,907,Jessica,Solis,jessica.solis@underwoodplc.com,Race relations officer,666.572.1182,2024-12-05,Ad,Qualified
4725,678,Zachary,Powers,zachary.powers@murraycampbellandsaunders.com,Race relations officer,748-741-1884,2024-03-18,Web,Working
2383,3723,Frank,Pacheco,frank.pacheco@roseinc.com,Clothing/textile technologist,(703)393-5495x926,2025-05-14,Web,Qualified
5718,1833,Manuel,Brown,manuel.brown@martinez-pitts.com,"Engineer, electronics",676.632.0576x6730,2024-11-20,Cold Call,Unqualified
3434,1175,Dalton,Taylor,dalton.taylor@rodriguez-white.com,Music therapist,(705)791-6061,2024-04-08,Ad,New
3988,3544,Joshua,Bean,joshua.bean@moodytaylorandvelazquez.com,Financial adviser,434.895.4273,2025-07-18,Web,New
5495,3454,Christopher,Johnson,christopher.johnson@duncanjacksonandglover.com,Private music teacher,001-793-480-2696x2723,2023-06-28,Referral,New
7663,2095,James,Smith,james.smith@robinsonplc.com,Landscape architect,3337240036,2024-05-13,Web,Unqualified
5874,1712,Daniel,Payne,daniel.payne@cooklambertandcarey.com,Insurance claims handler,9353557908,2023-05-01,Referral,Unqualified
3391,2631,Stacy,Parker,stacy.parker@mcdonaldrhodesandjenkins.com,Visual merchandiser,570-446-0103x14087,2025-04-06,Cold Call,Unqualified
7808,2149,Scott,Ortiz,scott.ortiz@walters-rodriguez.com,"Investment banker, operational",(894)660-9763x2743,2023-11-29,Ad,Qualified
4976,3169,Heather,Robinson,heather.robinson@combscastanedaandjohnson.com,Theatre director,(910)574-2990x0970,2022-10-16,Referral,Working
3116,845,Melanie,Burns,melanie.burns@palmer-richards.com,"Scientist, water quality",(510)904-5589x529,2025-03-02,Cold Call,Unqualified
4911,2431,Jim,Massey,jim.massey@harveygeorgeandmurphy.com,Midwife,200-795-4215x569,2025-06-12,Referral,New
2657,1227,Michelle,Mcconnell,michelle.mcconnell@jimenezplc.com,Chartered legal executive (England and Wales),+1-238-562-9761x707,2024-03-25,Ad,New
4108,828,Jill,Ryan,jill.ryan@nunezkimanddiaz.com,Advertising copywriter,370-921-2851x04915,2025-03-29,Web,Qualified
2419,493,Melissa,Gray,melissa.gray@foxbentleyandsmith.com,Secondary school teacher,569-450-8080x338,2025-01-27,Referral,New
3297,177,Lisa,Carpenter,lisa.carpenter@pattersonandsons.com,Chemical engineer,001-521-467-6579x58206,2024-08-29,Web,Working
3688,548,Jose,Turner,jose.turner@jacobs-bennett.com,"Engineer, control and instrumentation",(880)959-3764x6508,2025-04-10,Ad,Working
6717,3422,Nicholas,Scott,nicholas.scott@cummings-powell.com,Computer games developer,497.999.9803x8595,2025-05-23,Cold Call,Working
1831,2196,Elizabeth,Lyons,elizabeth.lyons@huertaharrisandrobinson.com,Tour manager,+1-937-286-7624,2025-04-27,Web,Qualified
2739,1,Dennis,Clark,dennis.clark@fowler-brown.com,English as a foreign language teacher,963.390.4898,2024-12-23,Referral,Working
2844,2986,Elizabeth,Matthews,elizabeth.matthews@jordanplc.com,Risk manager,(805)541-7454,2024-01-27,Referral,Working
1327,3347,Lisa,Jimenez,lisa.jimenez@taylor-day.com,"Psychologist, educational",680.531.3801x6676,2025-07-15,Referral,New
3895,214,Cesar,Adams,cesar.adams@parkermartinezandbrown.com,Mudlogger,001-274-908-7848x576,2025-02-17,Web,New
3079,2163,Brian,Wilson,brian.wilson@ellisonltd.com,Commercial art gallery manager,400-738-7421x0987,2024-04-06,Web,Qualified
7335,526,Brenda,Padilla,brenda.padilla@rodriguez-wright.com,Office manager,8409199097,2024-06-07,Referral,New
3881,3778,Megan,Moreno,megan.moreno@weberlindseyandbennett.com,Company secretary,5203998458,2024-10-14,Cold Call,Qualified
5379,2745,Ashley,Sosa,ashley.sosa@woods-robinson.com,Water quality scientist,657-248-6078x7872,2025-02-03,Web,Qualified
4135,2367,Kyle,Lee,kyle.lee@henderson-taylor.com,Geochemist,(814)521-7621x934,2023-02-27,Ad,Unqualified
7322,3585,Sara,Garcia,sara.garcia@king-ramirez.com,Facilities manager,001-408-782-8037x566,2025-03-17,Referral,New
2861,262,Melissa,Sanders,melissa.sanders@navarrosmithandperez.com,Corporate investment banker,806.574.9069x748,2025-07-09,Referral,New
3536,3932,Joseph,Lopez,joseph.lopez@young-gordon.com,Chartered accountant,001-877-553-8244x21846,2025-05-15,Web,Unqualified
4060,2323,Neil,Cardenas,neil.cardenas@norris-white.com,Magazine journalist,(924)213-5054x3324,2025-07-07,Ad,Qualified
584,2968,Jack,Martin,jack.martin@baker-valdez.com,Glass blower/designer,638.287.2281x045,2025-03-12,Ad,Unqualified
2538,2510,Angela,Yang,angela.yang@fernandez-jordan.com,Hydrologist,001-322-758-1172x85182,2024-09-17,Ad,Qualified
1491,3344,Debra,Jones,debra.jones@allisondiazandcastillo.com,"Engineer, manufacturing systems",631.673.0036x027,2025-05-30,Web,Qualified
5586,2244,Roger,Brown,roger.brown@dyerplc.com,Catering manager,440-411-3517,2025-05-13,Ad,New
2942,2862,Kathy,Gutierrez,kathy.gutierrez@valentineknightanddavis.com,"Designer, jewellery",(821)875-4029,2025-01-04,Cold Call,Working
3632,670,Kayla,Phillips,kayla.phillips@hammondleeandlozano.com,Geographical information systems officer,(614)345-2228x1064,2024-10-19,Cold Call,Unqualified
2150,2768,Holly,Anderson,holly.anderson@allen-davis.com,Microbiologist,767-874-0598,2025-04-07,Web,Unqualified
5127,312,Jennifer,Valentine,jennifer.valentine@bailey-everett.com,"Therapist, art",280.703.2968x08769,2024-03-27,Cold Call,Working
3436,3577,Amber,Hill,amber.hill@tranlewisandnewman.com,"Engineer, structural",+1-748-910-1006x345,2025-04-26,Ad,Working
2456,687,Ashley,Harris,ashley.harris@mackinc.com,Logistics and distribution manager,001-331-783-5557,2025-03-10,Referral,Qualified
6941,1198,Kayla,Curry,kayla.curry@johnsonmccallandlawrence.com,Herpetologist,001-435-911-7858x1409,2025-02-08,Referral,New
5458,322,Nicole,Brown,nicole.brown@lee-olson.com,Communications engineer,640-686-3592,2025-06-26,Web,New
6365,3712,Michele,Brown,michele.brown@conradgroup.com,Set designer,5872675594,2024-10-19,Cold Call,Working
6463,2908,Ronald,Black,ronald.black@taylorplc.com,Clinical research associate,484.964.3310x23223,2025-02-26,Web,New
2072,3874,Jeremy,Williams,jeremy.williams@blackllc.com,Animal technologist,+1-571-530-6817x589,2023-08-09,Ad,Qualified
481,415,Thomas,Yates,thomas.yates@lambltd.com,"Accountant, chartered management",556-927-1297,2024-06-24,Ad,Working
2845,2986,Allen,King,allen.king@jordanplc.com,Cytogeneticist,328.882.1498x35324,2024-03-05,Referral,New
4234,1966,Cynthia,Ortiz,cynthia.ortiz@gray-gross.com,"Editor, magazine features",729-813-9334,2024-02-05,Web,New
3579,3843,Luke,Brooks,luke.brooks@kingsmithandgraham.com,"Surveyor, mining",(748)939-2743,2023-11-10,Ad,Unqualified
4811,2271,Victoria,Peterson,victoria.peterson@campbellrobinsonandgaines.com,Theatre manager,001-884-307-7080x9349,2024-12-05,Ad,New
1091,2454,Margaret,Collins,margaret.collins@boylehardingandmiller.com,"Accountant, chartered public finance",849.900.0222x189,2025-06-01,Web,Qualified
1936,137,Jennifer,Edwards,jennifer.edwards@smith-williams.com,"Engineer, production",001-484-524-5981,2024-04-22,Ad,Qualified
3025,3127,Meghan,Smith,meghan.smith@gallegosplc.com,"Editor, magazine features",418.971.7710x8917,2025-06-24,Referral,New
3300,2632,Michael,Higgins,michael.higgins@johnsonandsons.com,"Engineer, control and instrumentation",(335)381-2130x251,2025-06-08,Cold Call,Unqualified
2933,2987,Kenneth,Harmon,kenneth.harmon@hutchinsongonzalezandmckay.com,Multimedia programmer,(710)225-6415x67432,2024-09-12,Referral,Unqualified
6273,1854,Samantha,French,samantha.french@wilsonllc.com,Brewing technologist,+1-592-778-8993,2025-07-16,Referral,New
7097,623,Tristan,Braun,tristan.braun@banks-silva.com,Marine scientist,535-322-1018x160,2025-05-16,Web,Working
7980,3747,Logan,Olson,logan.olson@caseyarnoldandday.com,Archivist,001-226-456-6012x1341,2025-07-15,Ad,Unqualified
2676,3559,Paige,Stone,paige.stone@cox-chapman.com,Health promotion specialist,(836)689-3388x475,2024-02-12,Cold Call,Unqualified
4146,892,William,Harvey,william.harvey@orr-lopez.com,Magazine journalist,266.813.0387,2025-04-26,Ad,Working
3819,2363,Krista,Reed,krista.reed@chandiazandmckay.com,"Librarian, academic",352-505-1991x8733,2023-08-25,Cold Call,New
5571,1950,William,Riggs,william.riggs@gomez-perez.com,Agricultural engineer,957-214-5821x0388,2023-05-11,Ad,Qualified
5404,1174,Melissa,Ritter,melissa.ritter@petersplc.com,"Designer, blown glass/stained glass",+1-953-777-6104x555,2024-09-10,Web,Working
2350,41,Christopher,Garza,christopher.garza@phelpsmorganandtate.com,Secretary/administrator,967.627.3145x28451,2024-08-21,Referral,Working
1641,1823,Anthony,Fields,anthony.fields@martin-joyce.com,Magazine features editor,494-394-6028x0683,2024-01-10,Ad,Unqualified
1947,3513,Patricia,Meyer,patricia.meyer@pham-nolan.com,Maintenance engineer,785.240.0497x228,2025-04-25,Web,New
7237,320,April,Moore,april.moore@fuller-riley.com,Medical physicist,882.241.6373,2024-10-23,Cold Call,Unqualified
6142,218,Sharon,Hensley,sharon.hensley@moorehardingandgarcia.com,Toxicologist,001-561-944-8086x17910,2025-05-26,Ad,New
1646,944,Aaron,Murphy,aaron.murphy@williamsllc.com,Financial trader,+1-233-614-0549x13172,2024-07-28,Referral,Qualified
4311,3706,Tara,Weber,tara.weber@morrisplc.com,Acupuncturist,(602)514-2706x3301,2025-07-09,Ad,New
248,1980,Lee,Smith,lee.smith@williamsllc.com,Chief Operating Officer,226-498-3948x778,2025-02-07,Cold Call,New
2612,3485,Erika,Carroll,erika.carroll@york-stone.com,Applications developer,(444)339-0140x411,2025-02-17,Cold Call,Working
6071,140,Geoffrey,Kaiser,geoffrey.kaiser@burnscampbellandshepard.com,Contracting civil engineer,491-322-0663x62728,2024-12-24,Web,New
6102,1515,Lori,Hays,lori.hays@dyerphillipsanddavies.com,"Designer, jewellery",+1-672-348-1749x355,2024-01-03,Referral,New
287,89,Amy,Nguyen,amy.nguyen@bradyltd.com,Amenity horticulturist,+1-592-661-8473x482,2025-03-10,Referral,Qualified
3672,861,Margaret,Diaz,margaret.diaz@millsgeorgeandlucas.com,Statistician,001-976-284-9082x597,2025-06-28,Referral,Qualified
4871,431,Christopher,Perez,christopher.perez@lucasgroup.com,Chemical engineer,595-963-9425x589,2025-01-04,Ad,Qualified
8004,187,Frank,Ewing,frank.ewing@davidstoneandburch.com,"Surveyor, building",899-229-5642,2024-10-23,Ad,Unqualified
1258,3157,Darren,White,darren.white@hamptonllc.com,Product designer,851.554.8875,2024-05-30,Referral,New
3952,467,Travis,Harvey,travis.harvey@andrade-callahan.com,Race relations officer,796.682.8054,2024-06-12,Referral,Working
5482,3655,Leonard,Franco,leonard.franco@reyesortizandjones.com,Homeopath,,2024-09-12,Referral,Unqualified
6564,340,Peter,Dunlap,peter.dunlap@rodriguezsanchezandjames.com,Equities trader,802-402-5490,2024-03-30,Ad,Working
3349,3201,Patrick,Howard,patrick.howard@wallaceltd.com,IT trainer,+1-485-480-2552,2024-09-17,Cold Call,Qualified
216,1001,Linda,Moss,linda.moss@conner-soto.com,Media buyer,219.998.5531x4239,2025-03-08,Web,Working
4539,2408,Amanda,Holmes,amanda.holmes@wilsonmorrisonandle.com,Transport planner,(457)685-6212x528,2025-05-01,Ad,Qualified
4697,3633,Amy,Raymond,amy.raymond@thompsonpriceandcarr.com,Jewellery designer,359.635.4079x0507,2025-07-01,Ad,New
561,239,Lisa,Wilson,lisa.wilson@jensenwilliamsandmyers.com,Health physicist,791-476-9354x348,2023-10-24,Web,Qualified
5849,104,Priscilla,Harris,priscilla.harris@perez-martin.com,International aid/development worker,405-385-7441x0780,2025-06-25,Cold Call,New
3351,2313,John,Jackson,john.jackson@robinsonplc.com,Research scientist (medical),504.223.4572x177,2025-02-20,Referral,Working
7033,527,Stephanie,Castro,stephanie.castro@owensjohnsonandbooker.com,Arts administrator,+1-434-435-7534x7981,2023-06-16,Ad,Working
4921,2546,Carrie,Young,carrie.young@price-wood.com,Pensions consultant,644-629-9691x9083,2025-05-02,Cold Call,Unqualified
5215,2328,George,Brown,george.brown@browninc.com,"Psychologist, educational",001-919-552-7839x268,2024-09-05,Web,New
2081,3121,Lorraine,Alvarez,lorraine.alvarez@vargas-wells.com,Conference centre manager,253.383.2787,2024-07-29,Web,Unqualified
2724,2362,Aaron,Turner,aaron.turner@davis-duke.com,Logistics and distribution manager,2575792955,2025-03-24,Web,Qualified
70,275,Stephen,Kim,stephen.kim@martin-franco.com,Environmental manager,294.957.6947x170,2025-04-25,Ad,Working
3243,2579,Danielle,Sanchez,danielle.sanchez@guzman-kennedy.com,"Therapist, speech and language",(617)256-4117x5796,2024-09-01,Cold Call,Unqualified
4827,2050,Deborah,Christensen,deborah.christensen@conwayphillipsandwarren.com,Advertising account planner,(459)463-9400x283,2024-12-21,Cold Call,New
2838,3785,Erin,Smith,erin.smith@johnsonflemingandprice.com,Set designer,001-687-348-8518x3131,2024-11-06,Ad,Unqualified
5682,2511,Tina,Mendoza,tina.mendoza@harrell-cooper.com,Chartered loss adjuster,714.586.5613,2024-10-03,Web,Working
3002,3876,Kimberly,Jones,kimberly.jones@rodriguezriceandjohnson.com,Market researcher,001-519-584-2329x7080,2024-10-14,Cold Call,Qualified
284,1835,Cameron,Reid,cameron.reid@stewart-shepherd.com,Sports development officer,229-998-0835x632,2024-03-23,Web,Unqualified
3584,680,Andrew,Sawyer,andrew.sawyer@ramirezandsons.com,Chartered management accountant,001-227-539-6378x939,2023-08-17,Referral,Working
2797,291,Kyle,Miles,kyle.miles@griffin-perez.com,"Clinical scientist, histocompatibility and immunogenetics",001-240-331-3096x7864,2024-08-14,Referral,Qualified
5666,2026,Donald,Henry,donald.henry@andrews-kennedy.com,Health service manager,,2024-04-14,Cold Call,New
5520,3570,Nicole,Martin,nicole.martin@clarkinc.com,"Engineer, biomedical",001-550-586-6622,2024-11-23,Web,Working
589,1555,Matthew,Lee,matthew.lee@colealexanderandadams.com,Legal executive,(365)866-9791x23319,2025-05-13,Cold Call,Unqualified
6167,2937,Melissa,Daniels,melissa.daniels@wardbrownanddaniel.com,Research scientist (physical sciences),(279)411-3966x05645,2025-06-03,Referral,Working
6601,2108,Rebecca,Stanley,rebecca.stanley@fordgonzalezandmcneil.com,Writer,992-506-6481,2024-10-23,Referral,Unqualified
213,1876,Kenneth,Brown,kenneth.brown@miller-stewart.com,Video editor,(692)736-4083,2025-03-16,Ad,New
6971,1973,Lori,Freeman,lori.freeman@berger-gonzalez.com,IT technical support officer,+1-361-567-0249x939,2023-02-05,Referral,Unqualified
1126,171,Stanley,Cowan,stanley.cowan@alexandermarshallandhenderson.com,Editorial assistant,771-752-3232x927,2023-12-31,Ad,Working
5549,231,Kevin,Johnston,kevin.johnston@robles-woods.com,"Surveyor, minerals",001-576-365-2091,2025-05-26,Referral,Qualified
187,2855,Mary,Campbell,mary.campbell@fisher-moran.com,Transport planner,958.921.4662x787,2024-04-08,Web,Unqualified
4862,2327,Danielle,Day,danielle.day@trujilloplc.com,Special educational needs teacher,769.382.9978x328,2025-06-25,Ad,New
1079,1743,Julie,Stewart,julie.stewart@griffinltd.com,"Radiographer, diagnostic",647.606.6812x0119,2024-05-22,Cold Call,New
7169,2823,Nicole,Sexton,nicole.sexton@andersongroup.com,"Accountant, chartered",001-945-980-2078x206,2025-07-13,Referral,Unqualified
1156,3480,Dominic,Gutierrez,dominic.gutierrez@sanchez-simmons.com,Optometrist,001-522-240-7141x9689,2022-12-03,Cold Call,Working
4244,83,Tiffany,Gray,tiffany.gray@schroeder-lewis.com,Operational researcher,(263)315-9085x722,2025-04-19,Ad,Unqualified
2547,3323,Ellen,Rodriguez,ellen.rodriguez@thomasgroup.com,Accommodation manager,001-932-495-0179x88247,2025-06-06,Web,Qualified
1852,3852,Samantha,Morris,samantha.morris@shortmillsandmckinney.com,Office manager,(291)697-2193x23663,2025-03-12,Web,Working
3798,3668,Jenna,Cervantes,jenna.cervantes@brown-vargas.com,"Education officer, museum",5338549166,2025-02-28,Web,New
4405,3590,Matthew,Wright,matthew.wright@baxterplc.com,"Geologist, engineering",,2024-06-17,Web,Qualified
5800,3446,David,Ashley,david.ashley@buckplc.com,Sport and exercise psychologist,343.769.0606x719,2024-03-14,Ad,New
1277,2100,Monica,Brown,monica.brown@cooleyburgessandchristian.com,Armed forces training and education officer,,2025-03-21,Referral,Working
6000,2006,Karen,Alvarez,karen.alvarez@harding-green.com,Sports development officer,001-446-708-1608,2024-12-19,Web,Unqualified
3719,3429,Nicholas,Edwards,nicholas.edwards@lopez-simmons.com,Office manager,+1-833-757-9442x56902,2022-12-26,Referral,Unqualified
7830,2174,Megan,Rice,megan.rice@robinsontaylorandcabrera.com,Counselling psychologist,4289259158,2024-04-20,Ad,Working
4613,1036,Zachary,Cook,zachary.cook@butlerllc.com,Clinical research associate,878-592-2452,2023-08-15,Ad,Qualified
7406,3159,Julie,Mclean,julie.mclean@smithinc.com,"Teacher, English as a foreign language",001-949-779-2642x177,2024-12-30,Cold Call,New
1297,3236,Sydney,Wright,sydney.wright@martinezllc.com,Architectural technologist,426-674-2239x73658,2024-07-27,Ad,Working
7783,1262,Russell,Spencer,russell.spencer@rodriguezyatesandmorris.com,Furniture conservator/restorer,(628)283-5315x291,2022-12-13,Web,New
3716,489,Erin,Smith,erin.smith@mitchellsantanaandblack.com,"Psychotherapist, child",527.525.5327x805,2025-01-02,Web,Working
3843,1128,Michelle,Stewart,michelle.stewart@hernandez-wiggins.com,"Nurse, learning disability",9899943182,2024-04-12,Cold Call,Unqualified
8015,547,Patrick,Santos,patrick.santos@montoya-mccall.com,Chief Financial Officer,(489)250-6615x962,2025-02-02,Ad,New
3149,2929,Amy,Bell,amy.bell@rivasltd.com,"Merchandiser, retail",+1-346-866-8271x843,2024-05-15,Referral,Unqualified
3277,3340,Gregory,Fleming,gregory.fleming@petersengilesandmcintosh.com,Contractor,(975)769-6604x453,2025-07-16,Ad,Qualified
2659,3248,Matthew,Ruiz,matthew.ruiz@chenburnettandcross.com,"Civil engineer, consulting",954.588.8043x8754,2023-11-08,Cold Call,Qualified
2349,41,Cathy,Page,cathy.page@phelpsmorganandtate.com,Contractor,508.299.9193x04696,2024-07-03,Ad,Unqualified
7029,1536,Douglas,Tran,douglas.tran@murphycisnerosandchung.com,"Presenter, broadcasting",(557)618-4373x4135,2024-06-16,Referral,New
6782,3666,Justin,Armstrong,justin.armstrong@castrollc.com,"Scientist, forensic",572-358-5297,2024-04-29,Web,Qualified
1727,451,Chelsea,Flynn,chelsea.flynn@erickson-bernard.com,Community education officer,9068846074,2025-04-18,Ad,Unqualified
5238,1533,Katie,Singh,katie.singh@orozcogardnerandpowell.com,Seismic interpreter,+1-675-932-5083x02259,2025-06-08,Referral,Working
1331,852,Ashley,Conrad,ashley.conrad@browninc.com,"Scientist, product/process development",+1-945-435-4936x2374,2024-10-30,Ad,Qualified
3580,1957,Julia,Crosby,julia.crosby@glover-solis.com,Financial controller,5043234470,2025-01-02,Web,Working
7793,2574,Steven,Pope,steven.pope@austin-tran.com,Interior and spatial designer,929.662.6544,2025-01-20,Web,Qualified
3893,3212,John,Fisher,john.fisher@morrisnicholsandblack.com,"Engineer, communications",(974)742-6912x71801,2025-04-24,Ad,Working
4199,3528,Hannah,Wright,hannah.wright@monroeowensandcervantes.com,Ergonomist,(310)722-2235x233,2024-12-11,Web,New
531,286,Andrew,Pearson,andrew.pearson@mullinsinc.com,"Engineer, drilling",8669558743,2025-03-14,Referral,Qualified
7470,3229,James,Miller,james.miller@callahanriceandthornton.com,Product/process development scientist,333-786-3249,2025-05-02,Cold Call,Unqualified
477,301,Christine,Rodriguez,christine.rodriguez@lucasinc.com,Secondary school teacher,(229)405-1454x925,2025-04-01,Cold Call,Unqualified
2552,419,Courtney,Williams,courtney.williams@jarvis-stevens.com,Aeronautical engineer,+1-391-454-3340,2025-04-28,Ad,Qualified
10,2031,Alyssa,Guerra,alyssa.guerra@robersonwalkerandcrawford.com,"Therapist, sports",+1-340-700-2625x967,2025-04-16,Referral,Working
1004,3956,Dustin,Mcgee,dustin.mcgee@nobleplc.com,Scientific laboratory technician,785.212.7752x97634,2025-07-11,Web,New
3627,1982,Derek,Martin,derek.martin@murphyltd.com,"Engineer, manufacturing",+1-371-989-3386x86947,2025-04-18,Referral,Qualified
7109,3908,Anne,Oneal,anne.oneal@ferguson-miller.com,Speech and language therapist,001-978-291-7423x578,2025-02-20,Referral,Qualified
3213,3378,Jessica,Franklin,jessica.franklin@edwardsgonzalezandtaylor.com,Dietitian,+1-560-427-0919x577,2025-07-12,Web,Unqualified
969,3703,Cassandra,Horton,cassandra.horton@lang-gibbs.com,Primary school teacher,+1-406-819-6956x6507,2023-04-10,Ad,Working
7229,3841,Angela,Alvarez,angela.alvarez@griffithltd.com,Community education officer,962-505-9568,2025-02-06,Cold Call,Working
5770,1473,Brenda,Cook,brenda.cook@ellis-carter.com,Interpreter,922-370-6022,2023-05-23,Cold Call,Qualified
6595,3958,Dustin,Moore,dustin.moore@wright-watson.com,Commercial/residential surveyor,+1-454-211-8468x66968,2024-07-29,Ad,Working
906,1986,Ruben,Miller,ruben.miller@wilson-west.com,"Engineer, civil (consulting)",711.302.8823x2623,2025-01-30,Cold Call,New
5907,321,Anna,Coffey,anna.coffey@baker-castillo.com,Further education lecturer,001-622-414-8495x852,2023-10-09,Ad,Working
1619,1379,Hannah,Rivera,hannah.rivera@cooper-hall.com,Fisheries officer,370.549.4584x87818,2023-06-23,Ad,Working
5200,252,Darius,Williams,darius.williams@curtiswatkinsandshelton.com,Orthoptist,001-763-946-0418x3929,2023-10-17,Ad,Working
6619,1396,Brandon,Johnson,brandon.johnson@johnstonandsons.com,Chief Strategy Officer,925-217-1476,2023-04-14,Cold Call,Working
171,635,Natasha,Suarez,natasha.suarez@changinc.com,"Designer, blown glass/stained glass",(357)448-6635,2024-08-23,Ad,Qualified
5336,3193,Ashley,Murphy,ashley.murphy@whiteandsons.com,"Engineer, manufacturing systems",851-564-7865,2025-02-12,Web,Unqualified
4642,2665,James,King,james.king@carneybeardandmiranda.com,Administrator,999-724-2397x23910,2023-12-02,Referral,New
3972,3566,Robert,Lambert,robert.lambert@jonesltd.com,Toxicologist,9426590953,2024-05-10,Ad,New
7397,3629,Christine,Reynolds,christine.reynolds@davidson-steele.com,"Conservator, furniture",586-717-3670x2926,2024-01-24,Cold Call,New
3460,1926,Alyssa,Green,alyssa.green@zimmermanstevensandsmith.com,Solicitor,616.875.9056x5181,2025-05-28,Web,Working
7213,2681,Bruce,Collins,bruce.collins@pricegroup.com,"Accountant, chartered",790-318-9471x2300,2024-05-29,Cold Call,Unqualified
5989,2892,Elizabeth,Matthews,elizabeth.matthews@barry-ruiz.com,General practice doctor,(277)233-5942,2025-02-02,Cold Call,Working
361,378,Jamie,Pace,jamie.pace@nelson-charles.com,Product manager,001-883-242-2762x8025,2022-12-17,Cold Call,Unqualified
5074,625,Tara,Alvarez,tara.alvarez@bishoprodriguezandbriggs.com,"Engineer, water",456.970.4588x4277,2025-05-25,Cold Call,Qualified
4549,1782,Nicholas,Wood,nicholas.wood@manning-norton.com,Multimedia specialist,+1-584-442-9014x6311,2025-05-23,Ad,Working
3925,999,Ariana,Brady,ariana.brady@wyattrobertsandanderson.com,Insurance claims handler,203-305-6041x52501,2023-12-22,Web,New
2239,2466,April,Blankenship,april.blankenship@brown-terry.com,Forensic scientist,(877)835-8681x048,2024-06-24,Ad,Unqualified
6634,63,Caitlin,Crawford,caitlin.crawford@mccoyspenceandthomas.com,Public house manager,,2024-01-09,Cold Call,Working
1730,1159,Natalie,Wagner,natalie.wagner@colemanjacobsandoneill.com,Diplomatic Services operational officer,+1-862-813-0551x78859,2024-12-26,Referral,Qualified
7685,1347,Robert,Garcia,robert.garcia@johnsonandsons.com,Forest/woodland manager,+1-493-706-7879x3325,2025-05-13,Web,Working
7670,763,Ashley,Shaw,ashley.shaw@hortonllc.com,Photographer,(533)927-5029,2025-05-17,Cold Call,Qualified
1039,3512,Whitney,Tucker,whitney.tucker@griffinplc.com,Conference centre manager,+1-570-663-8333x512,2025-01-17,Web,Working
3734,1049,Steven,Page,steven.page@adamsbatesandgeorge.com,Commercial art gallery manager,001-475-790-9051x0279,2023-09-15,Referral,Unqualified
7105,3660,Shane,Molina,shane.molina@dixon-berger.com,"Therapist, horticultural",001-703-926-2360,2025-04-30,Referral,Unqualified
2677,1565,Mario,Fleming,mario.fleming@robinsongibsonandmcintosh.com,Environmental education officer,+1-969-826-7387x9707,2025-06-01,Referral,Qualified
1651,2877,Wesley,Davis,wesley.davis@wheelerlopezandclay.com,Herpetologist,001-554-364-4417x703,2025-07-03,Web,Working
2363,2146,Richard,Guzman,richard.guzman@proctorllc.com,"Exhibitions officer, museum/gallery",419.372.4599x7286,2025-01-19,Ad,Unqualified
4498,1095,Angela,Harris,angela.harris@wolfe-garcia.com,Risk manager,(994)617-1061,2025-07-02,Cold Call,Working
3000,2732,Diana,Kerr,diana.kerr@hernandez-hogan.com,"Nurse, learning disability",001-813-241-1315x34804,2025-07-13,Ad,Qualified
7431,3675,Melissa,Gutierrez,melissa.gutierrez@mcbridemitchellandgilbert.com,Customer service manager,7706998681,2025-03-03,Referral,New
251,3130,Mike,Schultz,mike.schultz@gray-west.com,Health and safety adviser,802-756-2056x0233,2023-01-04,Cold Call,New
1952,2115,Michelle,Gray,michelle.gray@waters-phillips.com,"Scientist, product/process development",612-987-3344x2749,2025-02-11,Referral,New
7365,3345,Marie,Foster,marie.foster@berryllc.com,Herbalist,001-773-215-2705x619,2024-09-30,Ad,Qualified
923,382,Joseph,Smith,joseph.smith@taylorltd.com,Secondary school teacher,958-447-1659x8077,2025-02-14,Ad,Qualified
4144,3490,Debra,Ramirez,debra.ramirez@fisher-barry.com,Purchasing manager,+1-439-991-8609x2846,2024-01-24,Referral,New
6487,3184,Betty,Watson,betty.watson@pena-collins.com,"Scientist, research (physical sciences)",001-962-495-3069x81482,2024-10-01,Ad,Working
6425,812,Christine,Hawkins,christine.hawkins@gregory-young.com,Archivist,001-390-258-8509,2025-01-11,Ad,New
246,2633,Victoria,Clark,victoria.clark@swansonhebertandjohnson.com,Multimedia specialist,760-999-8645,2025-06-28,Cold Call,Qualified
4088,2625,Adrian,Reed,adrian.reed@martin-snow.com,"Buyer, industrial",001-841-381-8557,2024-12-02,Referral,Unqualified
4837,3272,John,Lynch,john.lynch@tuckeryoungandsparks.com,Catering manager,+1-589-318-0607,2025-02-18,Ad,New
15,846,Theresa,Haney,theresa.haney@trujillolambandcollins.com,Nature conservation officer,230-272-0924x1673,2025-05-23,Web,New
5194,1861,Christine,Reyes,christine.reyes@adamswilsonandbrown.com,"Pilot, airline",001-511-666-7320x003,2025-05-15,Web,Unqualified
1761,506,Jennifer,Williams,jennifer.williams@garciamackandnunez.com,Tree surgeon,357.796.6296x35335,2024-02-09,Cold Call,Unqualified
3622,1922,Katherine,Andrews,katherine.andrews@flynndavisandhenderson.com,Insurance broker,+1-228-560-5585,2023-05-29,Ad,Unqualified
6669,667,Aaron,Sanchez,aaron.sanchez@kennedygroup.com,Environmental consultant,(976)839-8452x69041,2025-05-25,Cold Call,Unqualified
122,2301,Donna,Dominguez,donna.dominguez@hernandezsummersandhurst.com,"Solicitor, Scotland",001-852-814-6719,2024-12-13,Ad,New
6400,1615,Sierra,Collins,sierra.collins@andersonplc.com,Site engineer,,2025-06-13,Referral,Unqualified
6165,2429,Robert,Rodriguez,robert.rodriguez@serranojenkinsandschneider.com,Leisure centre manager,,2025-05-14,Referral,New
2316,1205,Jeffrey,Barber,jeffrey.barber@simpsonpierceandevans.com,Insurance underwriter,457-415-2764x00704,2024-03-22,Referral,Unqualified
5203,2692,Jose,Stone,jose.stone@riveraandsons.com,Set designer,001-567-657-1670,2025-06-01,Web,New
2491,116,Jeffrey,Calhoun,jeffrey.calhoun@gonzalez-rojas.com,Market researcher,(476)826-0363x2717,2025-04-30,Referral,New
2342,3025,Jonathon,Washington,jonathon.washington@morrisinc.com,Research scientist (medical),,2025-01-11,Web,Working
1949,3465,Emily,Ward,emily.ward@henry-holloway.com,Chief Marketing Officer,481-741-4938,2025-03-15,Referral,New
2681,1105,James,Evans,james.evans@castillollc.com,Herpetologist,889.845.9241,2025-06-01,Referral,Qualified
7324,3585,Spencer,Benton,spencer.benton@king-ramirez.com,Energy manager,6486302218,2025-04-26,Referral,Working
5285,2721,Justin,Greer,justin.greer@hubbardayersandmorales.com,"Engineer, control and instrumentation",(461)759-5916x18855,2025-03-09,Cold Call,Unqualified
514,2587,Jennifer,Mccormick,jennifer.mccormick@poncewhiteandsanders.com,"Surveyor, commercial/residential",4335716018,2025-06-19,Referral,Working
2356,521,Carol,Davis,carol.davis@sosagroup.com,"Lecturer, further education",(535)423-3062x777,2025-05-24,Web,Working
6361,428,Regina,Park,regina.park@boltonplc.com,Tax inspector,635-350-3943x395,2025-06-30,Cold Call,Qualified
5447,3916,David,Howe,david.howe@martin-robinson.com,Product manager,001-269-436-3756,2023-07-10,Ad,Qualified
6485,3145,Kimberly,Lewis,kimberly.lewis@brandtandersonandpennington.com,Public affairs consultant,001-473-317-2236x313,2025-01-07,Cold Call,New
2097,3719,Cathy,Obrien,cathy.obrien@cantrellllc.com,Biomedical engineer,775.871.2188,2024-11-04,Ad,Qualified
2558,1864,Steven,Jones,steven.jones@turnerandrewsandadams.com,Comptroller,(801)757-9860x77311,2024-09-19,Cold Call,Qualified
6207,3689,Jose,Ramirez,jose.ramirez@bergerhudsonandrodriguez.com,Teaching laboratory technician,941.978.4394x1622,2024-08-31,Cold Call,New
4232,2083,Kristine,Henderson,kristine.henderson@cochranyorkandbennett.com,Clothing/textile technologist,(739)944-1787x760,2025-07-17,Referral,Unqualified
8049,447,Steven,Byrd,steven.byrd@bergerinc.com,Higher education careers adviser,+1-801-830-8559,2024-04-01,Web,Unqualified
4069,1373,Alexandra,Green,alexandra.green@millerandsons.com,Research scientist (medical),(526)614-8169,2025-03-28,Referral,Working
6100,2366,Jesse,Herrera,jesse.herrera@keller-webb.com,Information officer,354-551-4139x11927,2025-01-18,Web,Qualified
7113,633,Angela,Carter,angela.carter@williamslevineandjohnson.com,"Scientist, forensic",(326)438-5926,2022-09-20,Cold Call,Qualified
2748,1955,Nathaniel,Holloway,nathaniel.holloway@yangsmithandromero.com,Games developer,+1-395-965-2197x034,2025-01-03,Web,Qualified
2757,2347,Robert,Mays,robert.mays@reynolds-greene.com,Research scientist (medical),411-332-5697x3102,2025-02-17,Referral,Qualified
3440,955,Stacy,White,stacy.white@turner-cook.com,Plant breeder/geneticist,001-561-525-2189,2024-12-26,Cold Call,Working
886,1081,Holly,Stanley,holly.stanley@garcia-collins.com,Forest/woodland manager,001-869-369-4093x142,2025-05-29,Cold Call,Unqualified
4680,3963,Christopher,Roberts,christopher.roberts@youngandsons.com,Volunteer coordinator,307.625.4140x93634,2025-07-04,Ad,Unqualified
759,513,Melissa,Evans,melissa.evans@masonltd.com,Heritage manager,890-231-2862x2135,2024-05-04,Web,Qualified
4972,3085,Cheryl,Rosario,cheryl.rosario@fergusonruizandbarber.com,"Designer, interior/spatial",550.804.7969x51441,2024-07-22,Web,Qualified
2258,959,Ricky,Smith,ricky.smith@smithltd.com,Seismic interpreter,(748)950-3196x5650,2024-02-12,Ad,Working
6685,1492,Christian,Williams,christian.williams@hernandezhollandandtaylor.com,Air traffic controller,383.836.3292,2025-05-26,Ad,Qualified
2972,2430,Sara,Jackson,sara.jackson@bakergroup.com,Architect,+1-627-917-1355x748,2025-04-18,Referral,Qualified
4288,222,Shelley,Vaughn,shelley.vaughn@callahanllc.com,Air traffic controller,+1-344-253-2357x0008,2025-02-28,Ad,New
7865,3384,David,Parker,david.parker@hannabergerandhartman.com,"Designer, multimedia",+1-807-707-1052x53560,2025-06-09,Ad,Working
3814,2016,Natasha,Patel,natasha.patel@santosyangandberry.com,"Engineer, drilling",5183483510,2025-06-17,Cold Call,Unqualified
5824,2974,Amy,Smith,amy.smith@alexanderreyesandgallagher.com,"Engineer, agricultural",489.434.9866,2023-02-09,Cold Call,Qualified
1961,890,Emily,Lewis,emily.lewis@comptonltd.com,Chartered loss adjuster,485-286-7403x635,2025-05-17,Web,Qualified
5181,191,Amber,Gonzalez,amber.gonzalez@miller-bond.com,Seismic interpreter,+1-491-463-0389,2024-11-22,Referral,Qualified
6062,388,John,Brown,john.brown@williams-wu.com,"Copywriter, advertising",(313)578-3140x382,2023-12-04,Ad,Working
2232,2534,Justin,Valdez,justin.valdez@smithruizandalvarez.com,Counselling psychologist,251-941-5739,2023-08-12,Web,Unqualified
500,2449,Jennifer,Perry,jennifer.perry@gibson-davila.com,"Engineer, water",887.853.6806x667,2023-05-22,Cold Call,Working
83,900,Jerry,Munoz,jerry.munoz@millerleonandclark.com,Housing manager/officer,291.226.9743x1364,2024-09-22,Referral,New
7753,92,Renee,Mason,renee.mason@olsonwillisandrichardson.com,Psychiatric nurse,565.203.9652,2024-11-13,Cold Call,Qualified
4323,713,Crystal,Cummings,crystal.cummings@ramirez-bailey.com,Water quality scientist,+1-301-633-5719x9368,2024-05-26,Ad,New
2195,3526,Phillip,Haney,phillip.haney@pettyplc.com,"Journalist, newspaper",290.594.1031x8435,2024-12-18,Ad,Unqualified
1236,2787,Patrick,Bates,patrick.bates@watts-jacobs.com,Community education officer,001-666-471-3548x3738,2025-04-23,Ad,Unqualified
5776,1222,Edward,Underwood,edward.underwood@wood-robinson.com,Radio producer,385.831.2029,2023-07-25,Cold Call,Qualified
6897,582,David,Peters,david.peters@jacksonandsons.com,Travel agency manager,001-551-684-6741x79076,2024-03-23,Cold Call,Working
1955,135,Antonio,Smith,antonio.smith@harveyltd.com,Operational investment banker,(855)853-0964,2024-02-20,Web,New
4955,70,Christopher,Guerra,christopher.guerra@sanchez-bell.com,"Designer, furniture",001-273-397-6618,2025-06-11,Referral,New
522,3986,David,Johnson,david.johnson@caldwell-hughes.com,"Horticulturist, commercial",+1-531-384-9456x8442,2023-12-12,Referral,Unqualified
4599,820,Allen,Schroeder,allen.schroeder@bellinc.com,Health and safety adviser,385-608-0372,2024-12-13,Web,Working
3581,1957,Jeffrey,Smith,jeffrey.smith@glover-solis.com,"Designer, interior/spatial",605.974.0106,2025-05-08,Web,New
5677,3295,Daniel,Murphy,daniel.murphy@kingplc.com,Metallurgist,+1-498-359-3488x865,2025-07-06,Ad,New
718,1353,Joseph,Lopez,joseph.lopez@adams-cohen.com,Newspaper journalist,001-374-356-2739,2023-12-06,Web,Qualified
3130,3372,Mackenzie,Mckenzie,mackenzie.mckenzie@pittman-martin.com,Clinical biochemist,757-663-1104,2025-03-08,Cold Call,Working
7805,1786,Monique,Thompson,monique.thompson@murraybautistaandcraig.com,International aid/development worker,,2025-04-05,Cold Call,Working
48,3124,Rachel,Santos,rachel.santos@hebert-mendoza.com,Paediatric nurse,951-404-5578x7349,2024-10-25,Web,Unqualified
788,616,Beverly,Jensen,beverly.jensen@martinezbarnesandmontes.com,"Radiographer, diagnostic",(681)801-5461x733,2024-03-15,Cold Call,New
1164,2459,Derrick,Jones,derrick.jones@cooperandsons.com,Pension scheme manager,997.821.5509x0748,2024-02-01,Referral,New
5360,581,Tyler,Baker,tyler.baker@jacksongroup.com,Manufacturing engineer,(896)299-3648,2024-06-03,Cold Call,Qualified
5453,2981,Evelyn,Santana,evelyn.santana@greengroup.com,"Engineer, energy",(240)888-6345x56109,2024-12-20,Referral,Working
6246,1924,Randy,Morales,randy.morales@montgomeryandsons.com,"Designer, ceramics/pottery",458.290.8648x0439,2025-05-15,Cold Call,Unqualified
7362,3682,Andrew,Mendez,andrew.mendez@pacheco-williams.com,Equality and diversity officer,952-994-4939x6982,2023-02-14,Referral,Qualified
1411,3636,Kaitlin,Bowen,kaitlin.bowen@cantucollinsanddavis.com,"Geneticist, molecular",(922)300-6428x99983,2025-04-15,Web,Unqualified
2354,3885,Adam,Garcia,adam.garcia@bowersriveraandmiller.com,Chief of Staff,846-569-2993,2025-06-28,Cold Call,New
1680,542,Logan,Miller,logan.miller@bowerswadeandhall.com,Fine artist,,2025-06-05,Referral,Unqualified
7516,2522,Melissa,Calhoun,melissa.calhoun@osbornellc.com,Prison officer,+1-425-290-7797x42481,2025-07-14,Web,Unqualified
4595,1589,Adam,Petty,adam.petty@gibsonlopezandtyler.com,Community development worker,(227)493-3325,2025-01-15,Ad,Unqualified
2351,3014,Joseph,Parks,joseph.parks@leellc.com,Glass blower/designer,869-304-6823x7274,2024-08-07,Cold Call,Working
7751,92,Erin,Berry,erin.berry@olsonwillisandrichardson.com,Tax inspector,853.497.2326x351,2024-12-27,Referral,Working
1342,425,Renee,Mcdonald,renee.mcdonald@olsenltd.com,Land/geomatics surveyor,,2025-02-03,Web,Working
3080,2163,Teresa,Lee,teresa.lee@ellisonltd.com,Community education officer,2325711719,2024-08-30,Cold Call,Unqualified
4540,167,Jeffrey,Carrillo,jeffrey.carrillo@pierceprattandgutierrez.com,Industrial buyer,(612)264-4509,2024-02-24,Ad,Working
1477,3082,Anna,Page,anna.page@haydenlewisandpatel.com,Health and safety inspector,001-830-845-2911x6098,2025-05-23,Ad,Working
4214,2414,Gregory,Reid,gregory.reid@leehorneandanderson.com,Production engineer,917.457.3999,2024-11-23,Referral,Working
5563,3619,Douglas,Mcguire,douglas.mcguire@hobbs-lewis.com,"Scientist, physiological",(258)829-0931x094,2024-12-04,Cold Call,Unqualified
351,1255,Joseph,Smith,joseph.smith@smiththompsonandmaxwell.com,Advertising art director,554-477-5753x3326,2023-08-23,Cold Call,Qualified
5569,831,John,Jones,john.jones@allenplc.com,Museum education officer,(785)960-6066,2024-04-12,Ad,Working
6375,2740,Jonathan,Maynard,jonathan.maynard@youngmooreandlowe.com,Immigration officer,3852042966,2023-08-18,Referral,Qualified
1449,1562,Kristin,Lowe,kristin.lowe@griffinsmithandmoore.com,Industrial buyer,001-231-850-2784x308,2025-06-26,Referral,New
5574,650,Thomas,Valentine,thomas.valentine@gayplc.com,Hotel manager,702-817-2817,2023-11-08,Web,Unqualified
7476,3489,Kyle,Pearson,kyle.pearson@trujillogroup.com,Further education lecturer,737.862.5179,2025-06-22,Ad,Qualified
4455,3865,Jacob,Burns,jacob.burns@robinson-wright.com,Office manager,588-245-0909,2023-12-23,Referral,Working
4663,1253,Jessica,Smith,jessica.smith@santiagoltd.com,Chartered certified accountant,001-956-218-8195x79812,2025-06-06,Referral,Qualified
2229,386,Manuel,Johnson,manuel.johnson@yoder-glenn.com,Arboriculturist,(660)335-2583,2025-07-02,Referral,Working
4523,2635,Joshua,Evans,joshua.evans@hullinc.com,Herbalist,(928)832-2866,2024-12-04,Referral,Unqualified
6398,157,Brian,Neal,brian.neal@patel-ortiz.com,Health physicist,+1-980-615-2026x2189,2024-11-13,Web,New
750,3973,Jennifer,Jackson,jennifer.jackson@leegroup.com,"Presenter, broadcasting",973-847-3188x298,2023-12-16,Ad,Unqualified
434,2558,Anna,Greene,anna.greene@bond-martinez.com,Occupational psychologist,3906582679,2025-02-15,Referral,Qualified
1501,2640,Timothy,Munoz,timothy.munoz@fisherknightandhowe.com,"Engineer, technical sales",001-941-298-9912x98134,2025-03-11,Cold Call,Unqualified
5659,26,Renee,White,renee.white@bowman-brown.com,"Surveyor, quantity",572-349-3996x7471,2024-07-23,Ad,Qualified
3181,772,Elizabeth,Banks,elizabeth.banks@smithgroup.com,Counsellor,001-356-570-8084x20763,2024-07-01,Ad,New
5139,3552,Vincent,Peck,vincent.peck@perez-lozano.com,Wellsite geologist,+1-606-533-5506x5627,2024-02-13,Web,New
1986,3886,Meredith,Owens,meredith.owens@cookleeandschmitt.com,Meteorologist,708-277-5529,2025-04-08,Web,Working
3822,3380,Sandra,Lee,sandra.lee@franklin-smith.com,Radiation protection practitioner,,2025-07-13,Cold Call,Qualified
4647,1417,Leah,Johnson,leah.johnson@wellsinc.com,Human resources officer,+1-667-307-8629x84687,2022-10-20,Ad,Unqualified
6355,3571,Katherine,Peck,katherine.peck@jenningsltd.com,Therapeutic radiographer,573.833.7085x611,2024-12-18,Web,Working
6955,3296,Linda,Murphy,linda.murphy@holdenpatrickandchambers.com,Data processing manager,,2024-04-28,Ad,Qualified
468,2885,Scott,Pope,scott.pope@aguirreplc.com,Landscape architect,+1-807-201-9356x3844,2025-03-20,Referral,Qualified
1810,2641,Gregory,Griffin,gregory.griffin@mullins-villarreal.com,Archivist,639-357-4467x5688,2024-08-10,Referral,New
5282,3866,Ryan,Luna,ryan.luna@wallaceprestonandtaylor.com,"Psychologist, occupational",8105338280,2025-03-06,Cold Call,Qualified
5529,3803,Kelly,Graham,kelly.graham@mcknight-brown.com,"Designer, exhibition/display",,2025-05-14,Referral,Working
239,3610,Jeremy,Best,jeremy.best@wellsllc.com,Garment/textile technologist,876.906.9364x8236,2025-04-25,Referral,Working
5633,2412,Christian,Schmidt,christian.schmidt@little-barrett.com,Tax inspector,889.427.9454x90385,2025-06-21,Web,Qualified
4563,3090,Megan,Cole,megan.cole@lewisespinozaandtaylor.com,Chartered public finance accountant,534.590.3839x5312,2025-02-05,Cold Call,Unqualified
7933,2310,Brandon,Turner,brandon.turner@larsonrossanddorsey.com,Commercial/residential surveyor,644-840-1297,2025-01-27,Ad,New
1909,2046,Theresa,Ayala,theresa.ayala@robertsonjosephandblake.com,"Buyer, retail",844-441-6456x2517,2025-03-23,Ad,Unqualified
5739,3474,Kathryn,Briggs,kathryn.briggs@powersromeroandlawson.com,"Engineer, civil (consulting)",(212)333-4404x988,2024-07-14,Ad,Working
6327,2201,Joseph,Benson,joseph.benson@nguyenpetersenandpowell.com,Dance movement psychotherapist,(492)774-4048,2024-08-17,Web,New
2882,1709,George,Kramer,george.kramer@simmonsinc.com,IT trainer,294-617-3912x42043,2025-03-31,Cold Call,Unqualified
1579,2854,Michele,Ramos,michele.ramos@smith-blanchard.com,"Engineer, drilling",,2025-02-20,Cold Call,Working
6790,2682,Curtis,Joseph,curtis.joseph@mackwattsandreed.com,Adult guidance worker,740-594-9375,2024-11-29,Ad,Qualified
2515,211,Wendy,Clark,wendy.clark@longburnsandjackson.com,Freight forwarder,718.615.2957x13045,2024-06-22,Web,Qualified
1574,331,Jillian,Mckinney,jillian.mckinney@barnettcobbandmoran.com,"Buyer, industrial",599.716.8159x60986,2024-11-26,Cold Call,Working
8070,2812,Collin,Hicks,collin.hicks@holmesmcneilandboyer.com,"Journalist, newspaper",713-345-6294x023,2025-06-05,Cold Call,Qualified
5943,202,Steven,Davila,steven.davila@floresltd.com,Insurance account manager,(877)696-3111x69242,2025-06-20,Cold Call,New
4094,2858,Sara,Ramirez,sara.ramirez@martin-taylor.com,Counselling psychologist,8217253282,2025-06-01,Web,Unqualified
2869,2337,Evan,Thomas,evan.thomas@gonzalesbakerandwilson.com,"Production assistant, radio",(923)774-9047,2025-05-31,Web,Unqualified
4451,3950,David,Garza,david.garza@schultzltd.com,"Education officer, environmental",001-947-349-1559x05325,2025-03-06,Ad,Unqualified
2136,1293,Kevin,Bennett,kevin.bennett@lawsonthompsonandbarton.com,"Engineer, structural",8105143445,2024-08-25,Web,Qualified
5481,3655,Chase,Ferguson,chase.ferguson@reyesortizandjones.com,Associate Professor,567-562-1608x38077,2024-10-25,Referral,Qualified
7984,2637,Michael,Rosario,michael.rosario@brocksanchezandmartin.com,Adult guidance worker,001-879-376-2311,2024-10-27,Cold Call,Unqualified
1220,130,Katie,Gordon,katie.gordon@harrison-carter.com,Planning and development surveyor,+1-667-587-8434x127,2025-03-16,Ad,New
4140,3203,Larry,Owens,larry.owens@simmonsbrownandroberts.com,Visual merchandiser,+1-585-401-9720x91220,2024-04-30,Web,Working
2234,789,Charles,Logan,charles.logan@williams-white.com,Accounting technician,(844)787-4759x493,2025-04-09,Cold Call,Qualified
7569,2343,Jason,Gomez,jason.gomez@johnstoninc.com,Manufacturing systems engineer,(973)275-6856,2024-03-02,Ad,New
6285,414,Rita,Gould,rita.gould@morrisltd.com,Arts administrator,001-647-277-6147x04953,2022-11-05,Ad,Working
242,2656,Johnny,Castro,johnny.castro@reesegroup.com,"Merchandiser, retail",920.480.5337,2024-05-20,Ad,Qualified
1085,893,Charles,Caldwell,charles.caldwell@king-strong.com,Sales promotion account executive,,2025-03-28,Referral,Unqualified
6183,3286,Ruth,Mcfarland,ruth.mcfarland@davisllc.com,"Nurse, adult",636-230-5081x704,2024-11-24,Cold Call,Working
5077,1865,Lucas,Thomas,lucas.thomas@taylor-miller.com,"Scientist, research (medical)",903.457.3648,2023-04-20,Web,Qualified
6708,2365,Phillip,Bender,phillip.bender@holmes-holder.com,Energy manager,(325)244-6699,2025-07-13,Web,Working
2994,3122,Robert,Johnson,robert.johnson@smith-jackson.com,"Production assistant, radio",+1-821-759-8301,2024-09-02,Referral,Working
7961,2019,Jonathan,Barton,jonathan.barton@edwardsgroup.com,"Pharmacist, community",765.489.7720,2025-07-03,Cold Call,Working
5265,1012,Kevin,Clark,kevin.clark@coxinc.com,"Investment banker, corporate",2029006234,2025-03-29,Web,New
4739,3593,John,Thomas,john.thomas@lee-russell.com,Control and instrumentation engineer,001-251-902-4777x2020,2025-06-13,Referral,Unqualified
278,233,Colleen,Paul,colleen.paul@lin-francis.com,"Engineer, land",356.787.0837x28589,2023-11-19,Cold Call,Working
7124,2980,David,Ferguson,david.ferguson@halecaldwellandpadilla.com,"Scientist, research (maths)",508.766.5704,2023-04-11,Referral,Qualified
5819,208,Jessica,Hubbard,jessica.hubbard@holt-ingram.com,"Teacher, English as a foreign language",(388)914-7379x3080,2025-01-25,Ad,Working
976,1023,Gabrielle,Hernandez,gabrielle.hernandez@diazrichardsonandjackson.com,"Engineer, water",(619)904-4341,2023-08-10,Referral,Qualified
8047,2835,Kenneth,Scott,kenneth.scott@thomas-randolph.com,Games developer,+1-766-802-6309x16787,2024-12-19,Cold Call,New
4430,3770,Paul,Anderson,paul.anderson@forbesmooneyandturner.com,Call centre manager,242-431-5282x811,2024-06-02,Web,Working
3642,1048,Jose,Taylor,jose.taylor@jones-salas.com,Archivist,578.355.2903x6381,2025-04-26,Web,Working
2424,3241,Joshua,Martin,joshua.martin@fuentes-phillips.com,"Merchandiser, retail",351.678.9932,2024-06-21,Referral,Working
378,2811,Jonathan,Hamilton,jonathan.hamilton@daughertyandersonandthomas.com,Insurance underwriter,+1-378-970-5578x8109,2024-12-09,Web,Working
6536,2762,Peter,Vasquez,peter.vasquez@lewisgroup.com,Administrator,382-862-3177x9685,2025-04-25,Cold Call,Working
7456,122,Rhonda,Morrow,rhonda.morrow@chavezandsons.com,Medical physicist,306.735.5536,2024-03-14,Ad,Qualified
2376,373,Jordan,Davis,jordan.davis@chapmanllc.com,"Engineer, mining",339-774-3406x4839,2023-11-15,Ad,Unqualified
5253,1923,Kristin,Perez,kristin.perez@gonzaleshollandandcaldwell.com,Dispensing optician,702.682.1431x523,2024-10-10,Referral,New
6466,1114,Daniel,Lester,daniel.lester@pinedaplc.com,Financial adviser,241.714.3277,2024-05-23,Referral,New
5740,3474,Chase,Robinson,chase.robinson@powersromeroandlawson.com,Fisheries officer,+1-513-498-2966x30112,2025-03-06,Cold Call,New
7194,3031,Kimberly,Thomas,kimberly.thomas@andersongroup.com,Medical sales representative,451-392-9537,2023-10-15,Referral,Working
2216,1482,Kyle,Nelson,kyle.nelson@hudsonmercadoandphillips.com,Race relations officer,871-319-6830,2025-06-18,Referral,Unqualified
4508,1736,Eric,Hale,eric.hale@griffinandsons.com,Minerals surveyor,990.771.5717,2023-07-18,Web,Working
5279,3897,James,King,james.king@robertsrichardsonandlindsey.com,"Editor, commissioning",(686)265-6932x1080,2025-07-07,Web,Working
5834,172,Kelsey,Matthews,kelsey.matthews@jacobs-aguirre.com,Agricultural engineer,+1-538-651-1293x5985,2025-01-21,Web,Working
127,412,Christopher,Morgan,christopher.morgan@meyergreenandaguilar.com,Geophysicist/field seismologist,765-972-4810x320,2025-06-26,Referral,Unqualified
2817,3850,Antonio,Stevens,antonio.stevens@browngroup.com,"Engineer, chemical",(501)391-8097,2023-08-30,Web,Unqualified
308,1646,Jeffrey,Huynh,jeffrey.huynh@garciaandsons.com,"Secretary, company",407.884.4035,2025-06-14,Ad,Qualified
5007,1142,Justin,Myers,justin.myers@peters-ruiz.com,Sales promotion account executive,899-681-0775x523,2025-03-15,Referral,Unqualified
1310,3611,Kurt,Glover,kurt.glover@hollandmcdonaldandvillegas.com,Intelligence analyst,3219438582,2023-11-06,Cold Call,Qualified
3763,2747,Anne,Beck,anne.beck@montes-jones.com,Contractor,+1-204-844-9000,2025-03-09,Cold Call,Qualified
2099,3835,Isaiah,Williams,isaiah.williams@brownnelsonandwest.com,Teaching laboratory technician,415-210-5171x340,2024-11-15,Ad,New
3232,3059,Rachel,Perez,rachel.perez@adamsltd.com,Civil Service fast streamer,(595)344-9645,2025-07-07,Ad,Unqualified
3446,3511,Rebekah,Dunlap,rebekah.dunlap@zimmermancampbellandmoran.com,Multimedia programmer,5117956238,2024-05-16,Web,Working
492,450,Christopher,Gallagher,christopher.gallagher@masoncastilloandramos.com,Community arts worker,,2025-06-19,Cold Call,Working
335,1547,Andrew,Fletcher,andrew.fletcher@murphyinc.com,Public affairs consultant,590.544.6202,2024-09-16,Cold Call,New
130,3469,Richard,Neal,richard.neal@molina-ryan.com,Air traffic controller,669-513-9354,2025-03-25,Cold Call,Unqualified
6014,2927,Robert,Cochran,robert.cochran@reedandsons.com,Forensic psychologist,8826269041,2025-01-07,Cold Call,Unqualified
1014,1165,Belinda,Leonard,belinda.leonard@wolfleeandhanson.com,"Surveyor, rural practice",(314)915-1960,2023-06-08,Cold Call,Working
7288,3499,Daniel,Douglas,daniel.douglas@andersonbarnesandquinn.com,Nutritional therapist,+1-903-691-2681x716,2025-02-21,Referral,Working
4868,3768,Laura,Murray,laura.murray@shortltd.com,Educational psychologist,4274967607,2023-06-23,Ad,Working
7833,3522,Spencer,Alvarado,spencer.alvarado@michael-pierce.com,Animal technologist,757-656-8459,2025-03-22,Cold Call,New
8032,2138,Corey,Gutierrez,corey.gutierrez@taylorinc.com,Patent examiner,214-889-1181x36564,2025-05-28,Cold Call,Qualified
4587,2741,Jessica,Williams,jessica.williams@lopezplc.com,Theatre director,385.427.8910x3008,2024-03-09,Referral,Unqualified
3545,469,Holly,Wilson,holly.wilson@grimes-barnes.com,Volunteer coordinator,,2025-04-01,Web,Qualified
1677,2398,Cesar,Kelly,cesar.kelly@curryinc.com,Phytotherapist,585.229.2911,2024-04-19,Cold Call,Unqualified
655,2194,Sarah,Alvarez,sarah.alvarez@richardson-roman.com,Special educational needs teacher,(325)980-4983x34757,2023-11-07,Web,Unqualified
7032,527,Glenda,Fisher,glenda.fisher@owensjohnsonandbooker.com,"Biochemist, clinical",,2024-05-25,Cold Call,New
7505,1797,Donald,Harrison,donald.harrison@adams-jensen.com,Clinical embryologist,804.648.0418x5134,2024-08-05,Referral,Qualified
74,424,Jacob,White,jacob.white@lutzllc.com,Government social research officer,282-323-6192,2024-12-31,Web,Unqualified
7242,647,Caitlin,Hall,caitlin.hall@powellllc.com,Herbalist,001-425-409-0762x9746,2023-06-29,Ad,Working
5310,3822,Lee,Nguyen,lee.nguyen@martinstewartandrichardson.com,Local government officer,754.788.5597,2023-11-15,Cold Call,Working
5801,3100,Brian,Sanchez,brian.sanchez@meyerllc.com,Private music teacher,909-719-4190,2023-12-04,Referral,Unqualified
4397,3290,James,Snyder,james.snyder@munozwareandperry.com,Radio broadcast assistant,+1-851-609-1528x07879,2024-08-25,Ad,Qualified
3144,3718,John,Robinson,john.robinson@barreraplc.com,Academic librarian,001-468-255-9434,2025-06-23,Ad,Qualified
6743,2043,Cindy,Rodriguez,cindy.rodriguez@acostaltd.com,Surgeon,703-241-2365x18417,2025-05-10,Ad,Qualified
5276,221,Victoria,Scott,victoria.scott@vazquezcostaandsanchez.com,Politician's assistant,3545829307,2024-07-21,Ad,Unqualified
5473,319,Bryan,Mercado,bryan.mercado@trevinogroup.com,Personnel officer,227-876-0409x2021,2024-10-14,Cold Call,Unqualified
2095,1109,Nicole,Reyes,nicole.reyes@herreraltd.com,Chief Marketing Officer,+1-343-930-2848x07376,2025-07-17,Cold Call,Working
7234,253,Mary,Tate,mary.tate@lee-george.com,Lawyer,+1-940-397-1292x05575,2024-07-27,Referral,New
6546,2123,Brett,Moore,brett.moore@mendoza-castillo.com,Accounting technician,001-403-470-9900x000,2024-12-28,Referral,Unqualified
352,3407,Karen,Dixon,karen.dixon@shieldsltd.com,"Designer, graphic",(238)404-6266x6724,2024-06-28,Cold Call,New
4033,627,Katrina,Love,katrina.love@thompson-stout.com,Aid worker,386-622-6840x5328,2025-01-16,Referral,Working
7157,1713,Benjamin,Lamb,benjamin.lamb@mccarthy-taylor.com,Charity officer,(246)976-4803,2025-02-12,Web,Working
7726,2769,Travis,Phillips,travis.phillips@mcdonaldllc.com,Nutritional therapist,704.219.3020,2023-05-21,Cold Call,Working
7500,2161,Thomas,Wheeler,thomas.wheeler@bennettandsons.com,"Education officer, community",557-628-5666,2025-06-07,Referral,Qualified
822,3176,Jenny,Burke,jenny.burke@jamesplc.com,Biomedical engineer,+1-650-945-8295x656,2025-02-20,Referral,Unqualified
2312,3995,Jessica,Gross,jessica.gross@dayrodriguezandramos.com,Holiday representative,001-383-819-3868x28170,2024-05-26,Referral,Working
2559,1864,Scott,Miller,scott.miller@turnerandrewsandadams.com,Trade union research officer,256-963-8874,2023-09-14,Web,New
4353,2169,Brian,Mclean,brian.mclean@ramirez-stanley.com,Medical sales representative,8965756315,2023-09-24,Referral,Qualified
4045,306,Nancy,Cunningham,nancy.cunningham@leonardgrantandmorales.com,Forest/woodland manager,842-597-7881x0683,2024-01-29,Referral,New
541,461,Paul,Meadows,paul.meadows@myersinc.com,"Teacher, adult education",384-904-7393x9367,2024-02-28,Web,Qualified
5995,1083,Erica,Dougherty,erica.dougherty@livingston-riley.com,Comptroller,(672)474-8462x8579,2023-11-23,Referral,Qualified
6451,3071,Michelle,Beck,michelle.beck@coffey-houston.com,"Scientist, research (life sciences)",3064157260,2025-02-11,Cold Call,New
1302,2910,Martin,Thomas,martin.thomas@boothmillerandsmith.com,"Surveyor, building control",888.424.9311x794,2024-11-03,Ad,New
4601,1681,Sarah,Kirk,sarah.kirk@arnold-young.com,Farm manager,(558)231-4091,2023-08-15,Referral,Working
7777,3793,Erin,Sellers,erin.sellers@pearsonmyersandcampbell.com,"Teacher, music",(884)324-0549x98928,2024-12-30,Cold Call,Qualified
6979,117,Peter,Ruiz,peter.ruiz@andersonandsons.com,Tourism officer,743.348.4839,2025-04-09,Ad,Unqualified
1275,607,Abigail,Smith,abigail.smith@garciahouseandanderson.com,Energy engineer,+1-829-673-5497x04699,2025-01-20,Referral,Unqualified
5725,2245,David,Jackson,david.jackson@johnsonllc.com,"Psychologist, counselling",500-770-6043x30351,2025-05-26,Referral,New
5940,1254,Paul,Ruiz,paul.ruiz@bakerinc.com,"Programmer, multimedia",674-243-0118x990,2024-05-07,Cold Call,New
3873,1151,Kathleen,Ross,kathleen.ross@lawsoninc.com,Consulting civil engineer,755-416-4613,2025-03-27,Cold Call,New
3960,3206,Curtis,Holmes,curtis.holmes@allenltd.com,"Programmer, multimedia",7448037963,2024-03-05,Referral,New
2259,3018,Justin,Simmons,justin.simmons@briggspriceandhamilton.com,Dietitian,454.832.1648x116,2025-02-10,Ad,Qualified
3484,3339,Charles,Anderson,charles.anderson@riveraclineandcooper.com,Exhibition designer,5085968113,2024-09-16,Referral,New
8019,568,Zachary,Hamilton,zachary.hamilton@fulleronealandedwards.com,"Designer, industrial/product",404.692.7247,2025-07-13,Cold Call,Working
2412,2918,Steven,Joseph,steven.joseph@singhmcknightandmalone.com,Medical illustrator,001-747-607-8621,2024-08-21,Web,Unqualified
4838,1602,Mary,Rocha,mary.rocha@smith-larson.com,Civil Service fast streamer,001-403-356-8549x45620,2025-01-29,Ad,Working
2297,2845,Brett,Morris,brett.morris@millerplc.com,"Scientist, clinical (histocompatibility and immunogenetics)",574.332.3610x9227,2025-03-23,Ad,Working
7660,3299,Laura,Woods,laura.woods@milleribarraandperkins.com,Chemical engineer,(790)934-7887x0037,2023-02-18,Cold Call,Qualified
7444,3497,Lisa,Malone,lisa.malone@price-chen.com,Speech and language therapist,433.871.4776,2024-03-20,Ad,Unqualified
7054,61,Cory,Wood,cory.wood@lopezgravesandtyler.com,"Engineer, manufacturing systems",374.594.9003x9186,2025-07-18,Ad,Qualified
7320,1400,Heidi,Owens,heidi.owens@wyattmurphyandmiller.com,Catering manager,9652313269,2024-10-20,Referral,Qualified
1467,1651,Michelle,Heath,michelle.heath@marquez-christensen.com,Fine artist,6698450473,2024-08-14,Ad,New
4029,1801,Matthew,Stevens,matthew.stevens@jonesmannandhuang.com,Dancer,,2025-03-17,Referral,Working
6814,2086,Timothy,Stewart,timothy.stewart@green-ramirez.com,"Administrator, charities/voluntary organisations",(765)271-7288,2024-04-08,Web,Unqualified
1350,855,Joseph,Santos,joseph.santos@rushinc.com,"Designer, fashion/clothing",+1-837-608-3408x79359,2025-06-19,Web,Working
6607,2055,Kristin,Roberts,kristin.roberts@frankespinozaandhowell.com,Lexicographer,001-590-487-5893,2023-07-05,Referral,Qualified
679,3613,Ethan,Griffin,ethan.griffin@warnerllc.com,"Surveyor, quantity",306.591.3251x61152,2024-03-31,Web,Unqualified
2417,710,Maxwell,Bishop,maxwell.bishop@hillinc.com,Orthoptist,571.574.5961x9427,2025-07-02,Cold Call,New
3268,878,Michael,Joseph,michael.joseph@coleltd.com,Music tutor,+1-600-902-7151x3558,2025-06-27,Web,Unqualified
4712,3990,Donna,Lopez,donna.lopez@howardpotterandwong.com,"Engineer, control and instrumentation",(439)703-8206x69593,2025-04-25,Referral,Unqualified
853,1887,Ronald,Huerta,ronald.huerta@ferguson-thompson.com,Herbalist,470.241.3607x8315,2025-04-26,Cold Call,Unqualified
1416,3289,Jessica,Miller,jessica.miller@clark-jordan.com,"Journalist, newspaper",(957)928-1299x67431,2023-09-10,Ad,Unqualified
3775,2390,Cory,King,cory.king@gonzalezgroup.com,Agricultural consultant,826-886-0949,2025-07-11,Web,Qualified
8053,1740,John,Ramirez,john.ramirez@blevinsplc.com,"Journalist, broadcasting",829.433.6528x000,2023-02-02,Cold Call,Unqualified
757,2118,Rebecca,Powell,rebecca.powell@mirandallc.com,Social researcher,233-399-2700x5651,2023-12-23,Ad,Qualified
6964,2888,Lisa,Thomas,lisa.thomas@smith-stewart.com,"Engineer, mining",723-687-7580x1342,2025-03-13,Referral,Qualified
430,170,Erik,Smith,erik.smith@aguilarllc.com,Actor,(850)478-6866x0924,2024-01-23,Ad,New
6545,2123,Ross,Dunn,ross.dunn@mendoza-castillo.com,Higher education lecturer,+1-448-987-9245x355,2024-08-03,Cold Call,New
6441,3192,Elizabeth,Williams,elizabeth.williams@jarvis-wall.com,"Education officer, museum",445-929-6152x4146,2025-05-13,Cold Call,New
1337,1975,Felicia,Hawkins,felicia.hawkins@smith-cole.com,Merchant navy officer,,2024-06-26,Cold Call,New
5589,2121,Shane,Calhoun,shane.calhoun@reillyhamiltonandfrederick.com,Building services engineer,+1-838-491-1307x988,2024-02-25,Web,Qualified
7618,1100,David,Brock,david.brock@whitewrightandcoleman.com,"Engineer, land",5916319531,2025-06-09,Cold Call,Unqualified
6948,3099,Carolyn,Smith,carolyn.smith@cortez-rice.com,"Scientist, marine",496-868-3602,2025-03-21,Referral,Qualified
4416,3789,Lindsey,Hess,lindsey.hess@ramirez-jones.com,Media buyer,(489)875-9172x780,2025-06-07,Cold Call,Working
3790,391,Ashley,Glenn,ashley.glenn@hudson-edwards.com,"Engineer, civil (consulting)",+1-224-331-0185x204,2025-05-09,Ad,Qualified
4031,2923,Nancy,Stanton,nancy.stanton@blairandsons.com,Chartered loss adjuster,380-331-8734x05922,2025-01-18,Cold Call,Qualified
4198,2257,Samuel,Wilson,samuel.wilson@pruitt-figueroa.com,Hydrologist,001-810-369-9372x910,2024-08-14,Referral,Qualified
5446,349,Kelly,Grant,kelly.grant@boyercostaandmoore.com,"Education officer, museum",774.400.6944x30193,2025-04-19,Web,Unqualified
4433,3509,Caitlyn,Casey,caitlyn.casey@thomashowardanddavis.com,"Sound technician, broadcasting/film/video",8572096603,2024-08-25,Web,Unqualified
7552,2714,Vicki,Robinson,vicki.robinson@stricklandandsons.com,"Doctor, hospital",001-759-578-6178,2025-06-22,Referral,New
1461,3457,Kyle,Graves,kyle.graves@hendricks-andrade.com,Special effects artist,(880)422-6869x18397,2024-12-31,Web,Unqualified
491,450,Jesse,Ruiz,jesse.ruiz@masoncastilloandramos.com,"Engineer, petroleum",001-286-733-9720x022,2025-05-09,Cold Call,Working
112,188,John,Cook,john.cook@swanson-foster.com,Agricultural consultant,,2024-10-11,Web,Unqualified
5205,2692,Nicholas,Harrison,nicholas.harrison@riveraandsons.com,Chartered management accountant,779.781.1869,2025-07-12,Web,Qualified
1330,852,Selena,Ferguson,selena.ferguson@browninc.com,Scientific laboratory technician,922.251.5030x2778,2025-02-10,Web,New
4977,3169,Christopher,Lopez,christopher.lopez@combscastanedaandjohnson.com,"Teacher, primary school",715-880-0668,2025-01-08,Referral,Unqualified
3053,3551,Ronnie,Ballard,ronnie.ballard@wilsonsandersandsmith.com,"Surveyor, land/geomatics",597.432.9649x7327,2024-12-14,Web,New
616,1160,Jesus,Knapp,jesus.knapp@pearson-henson.com,Land,235-730-3071x27531,2024-04-21,Referral,Qualified
4273,1352,Jessica,Freeman,jessica.freeman@hallplc.com,Pathologist,635-813-3660x87542,2025-01-08,Web,Working
2495,3840,Nicole,Lopez,nicole.lopez@brownfergusonandjones.com,Immunologist,+1-502-746-9499x55773,2023-03-09,Ad,New
1704,1708,Sherry,Williamson,sherry.williamson@moore-lopez.com,Clinical embryologist,001-609-802-9504x95032,2024-10-02,Cold Call,Working
5600,1731,Robert,Garcia,robert.garcia@martinez-klein.com,Professor Emeritus,2658713831,2025-04-16,Web,Unqualified
3735,1049,Rebecca,Collins,rebecca.collins@adamsbatesandgeorge.com,Applications developer,001-772-452-3390x955,2025-05-29,Cold Call,New
1544,933,Tara,Dean,tara.dean@briggs-price.com,Multimedia programmer,876.506.7338x8660,2025-05-11,Referral,Working
6055,1476,Jeffrey,Hampton,jeffrey.hampton@smith-davis.com,IT trainer,+1-645-960-2857x7432,2024-11-27,Cold Call,Working
161,2312,Michael,Wood,michael.wood@herrera-freeman.com,"Administrator, sports",001-528-765-3033x5437,2025-01-24,Referral,Working
6951,226,Donald,Manning,donald.manning@kellyllc.com,Veterinary surgeon,001-439-833-8712x650,2024-03-12,Cold Call,Unqualified
2534,3891,Bradley,Ramirez,bradley.ramirez@cummingsllc.com,Food technologist,001-974-450-5445x02449,2024-11-03,Cold Call,New
220,3842,Steve,Smith,steve.smith@hornerobbinsandbecker.com,Jewellery designer,337.646.9656x10821,2025-07-12,Referral,Qualified
1945,2211,Joseph,Dominguez,joseph.dominguez@smithplc.com,Immigration officer,+1-800-564-5744x0390,2025-05-07,Web,New
6912,2751,Sonia,Morris,sonia.morris@williamsrodgersandnelson.com,Radio producer,001-808-732-4056x361,2023-04-29,Referral,Unqualified
6023,3769,Denise,Allen,denise.allen@fox-green.com,"Journalist, magazine",,2024-12-26,Referral,Working
277,233,Paul,Anderson,paul.anderson@lin-francis.com,Electronics engineer,(804)700-9589,2023-01-31,Referral,Working
2922,801,Rebecca,Mills,rebecca.mills@hernandezburnettandmercer.com,Counselling psychologist,+1-220-773-4476x685,2025-02-27,Cold Call,Working
4062,258,David,Shaw,david.shaw@braun-cole.com,Higher education lecturer,001-428-816-3451x8622,2025-01-16,Ad,Qualified
3267,3784,Shannon,Johnson,shannon.johnson@jacksonllc.com,Tourism officer,322-652-5719x2655,2024-08-10,Web,Unqualified
5108,1365,Tiffany,Esparza,tiffany.esparza@olson-lucero.com,"Geologist, engineering",+1-606-909-7880x72367,2024-07-02,Referral,Qualified
3900,1640,Tammie,Rivera,tammie.rivera@guzmansolomonandchavez.com,Clinical embryologist,823.531.3088x474,2025-05-10,Web,Unqualified
4184,1537,Jennifer,Tate,jennifer.tate@wileysheltonandcuevas.com,Pathologist,001-211-589-6628x5086,2025-04-21,Cold Call,Working
3399,2578,Robert,Peck,robert.peck@mcgeellc.com,Soil scientist,624-423-8156x7948,2024-09-26,Cold Call,Qualified
6568,1523,Isaac,Smith,isaac.smith@owenhayesandbush.com,Musician,735-301-2727,2024-06-18,Referral,Unqualified
3455,496,Kristina,Henson,kristina.henson@jacobsonsinghandpeterson.com,Interpreter,730-293-2271x5114,2025-04-21,Web,Unqualified
2609,2281,Corey,Delgado,corey.delgado@bartonltd.com,Animal technologist,(357)280-7088,2025-07-11,Referral,New
7629,2523,Justin,Wilson,justin.wilson@white-davis.com,Counsellor,486-219-6885x06158,2024-11-25,Cold Call,Qualified
1125,171,Mike,Williams,mike.williams@alexandermarshallandhenderson.com,Outdoor activities/education manager,(568)303-9568x69254,2025-04-24,Web,Working
6187,694,Robert,Pierce,robert.pierce@brown-cox.com,"Conservator, furniture",843.789.4248x985,2025-02-12,Web,Working
2486,2514,Caroline,Bennett,caroline.bennett@mcmillan-johnson.com,"Research officer, government",283-973-8733x5958,2024-09-23,Web,Qualified
5652,1766,Aaron,Lynch,aaron.lynch@johnson-murphy.com,Primary school teacher,589-977-5004x60491,2025-07-16,Cold Call,New
4557,1733,Daniel,Pena,daniel.pena@harrisltd.com,"Administrator, Civil Service",,2025-03-05,Cold Call,Working
3841,1128,Elizabeth,Velez,elizabeth.velez@hernandez-wiggins.com,"Designer, textile",(467)537-0377,2024-12-20,Ad,New
4107,3262,Jessica,Stanley,jessica.stanley@hamiltonevansanddavis.com,Interior and spatial designer,294-528-4622,2023-07-14,Web,Qualified
6784,1706,William,Adams,william.adams@carrilloloweandmiller.com,Biomedical scientist,001-811-288-5352x954,2024-05-26,Web,New
6389,1133,Ralph,Johnson,ralph.johnson@fitzpatrickmitchellandhaley.com,Wellsite geologist,+1-362-733-3343x110,2023-02-02,Referral,Unqualified
1036,1881,Valerie,Jones,valerie.jones@gilmoreinc.com,Quality manager,+1-693-658-6477x1055,2025-02-23,Referral,New
6456,3423,Joshua,Kramer,joshua.kramer@sotoltd.com,"Surveyor, commercial/residential",001-201-955-5815x63196,2025-03-18,Cold Call,New
4151,68,Angela,Miller,angela.miller@kennedyclementsandroberts.com,"Scientist, biomedical",397.914.3008x4429,2025-07-16,Ad,Working
7935,1322,Jonathan,Harrison,jonathan.harrison@jonesgroup.com,"Accountant, chartered certified",934.932.8325,2024-01-21,Web,Qualified
6879,3603,Richard,Hill,richard.hill@mills-brock.com,Patent examiner,728.874.5377x1533,2024-06-28,Cold Call,Unqualified
2053,534,Jonathan,Hill,jonathan.hill@kennedy-suarez.com,"Designer, television/film set",994.525.5180x9146,2025-04-02,Ad,Working
5545,574,Kevin,Lucas,kevin.lucas@bradyhernandezandhayes.com,Chartered legal executive (England and Wales),+1-414-358-4403x78727,2023-06-12,Ad,Unqualified
6286,3476,Jose,Green,jose.green@gibson-butler.com,"Designer, jewellery",782-360-3711x84196,2022-11-02,Ad,Qualified
1002,1946,Donald,Hanson,donald.hanson@oconnor-brooks.com,"Civil engineer, contracting",+1-781-995-5178,2025-03-17,Ad,New
6385,972,Dean,Ramos,dean.ramos@larson-lucas.com,"Radiographer, diagnostic",,2024-10-22,Referral,Qualified
5993,1083,Robin,Shea,robin.shea@livingston-riley.com,Chartered legal executive (England and Wales),408-250-3146,2024-02-21,Referral,Unqualified
6737,155,April,Ryan,april.ryan@churchltd.com,Video editor,329-362-5057x437,2025-04-26,Web,Unqualified
903,1002,Patrick,Erickson,patrick.erickson@schaefer-bush.com,Occupational psychologist,6758912527,2025-06-13,Ad,Working
147,23,Nicole,Doyle,nicole.doyle@wrightgroup.com,Ergonomist,267.205.5835x0884,2023-01-12,Web,Working
1768,756,Renee,Myers,renee.myers@rodriguezvargasandalexander.com,Press sub,3738720693,2024-09-20,Web,Qualified
1580,2706,Megan,Wade,megan.wade@fostersmithandgomez.com,Armed forces logistics/support/administrative officer,+1-498-326-6151x5229,2025-05-11,Ad,New
4474,324,Stephanie,Chavez,stephanie.chavez@boone-murray.com,Clothing/textile technologist,001-790-475-1450x9928,2024-09-07,Referral,New
1232,1647,Brad,Sanchez,brad.sanchez@lopezcampbellandleon.com,Financial risk analyst,,2025-07-16,Web,Unqualified
4431,3770,Benjamin,David,benjamin.david@forbesmooneyandturner.com,"Buyer, retail",455.239.5660,2023-10-12,Referral,Qualified
5186,868,Stephanie,Marshall,stephanie.marshall@ellis-gonzalez.com,Television/film/video producer,817-453-2729,2025-02-23,Referral,Unqualified
3886,1080,Monique,Patrick,monique.patrick@miller-smith.com,Legal secretary,891-511-6519,2025-01-09,Cold Call,Unqualified
6765,1176,Laura,Jones,laura.jones@smithllc.com,Dealer,574.845.8690,2025-03-20,Referral,Working
1906,475,Emily,Lopez,emily.lopez@mcdowelllopezandbennett.com,"Engineer, land",664-768-0270x5140,2025-01-26,Ad,Working
3205,1393,Lauren,Hahn,lauren.hahn@maddenjohnstonandharrington.com,Acupuncturist,(275)952-2475,2025-03-23,Referral,Unqualified
120,2301,Matthew,Castillo,matthew.castillo@hernandezsummersandhurst.com,Insurance risk surveyor,417.974.1499,2025-05-04,Referral,Qualified
2986,1197,Bianca,Turner,bianca.turner@johnsonharrisandchase.com,"Therapist, music",001-389-633-9662x9176,2024-06-10,Ad,New
2501,1015,Zachary,Rojas,zachary.rojas@thorntonandsons.com,Data processing manager,826.753.0763x88042,2024-04-02,Cold Call,New
3673,2596,Terry,Sims,terry.sims@stricklandinc.com,"Surveyor, minerals",3889508100,2024-01-06,Web,Working
1497,1113,Corey,Juarez,corey.juarez@kimcarrollandzamora.com,Data scientist,723-640-4218x09682,2025-01-28,Referral,Unqualified
2896,2081,Traci,Smith,traci.smith@ortegallc.com,Scientific laboratory technician,367-404-5891,2025-07-15,Ad,Unqualified
2306,283,Lauren,Walker,lauren.walker@gordonrobinsonanddavis.com,"Administrator, education",(260)905-2236x92442,2025-05-14,Ad,Qualified
3899,287,Derek,Adams,derek.adams@martinezgarciaandhayes.com,Building surveyor,4176331981,2024-10-03,Cold Call,New
1054,938,Maria,Herrera,maria.herrera@weaverplc.com,Intelligence analyst,(318)543-3594,2023-12-15,Cold Call,Unqualified
2067,3881,Mark,Vazquez,mark.vazquez@roseinc.com,Furniture designer,6193166293,2025-02-18,Cold Call,Qualified
5011,629,Leslie,Mitchell,leslie.mitchell@diaz-roach.com,"Scientist, biomedical",+1-621-641-7573x35177,2024-08-11,Web,Qualified
4560,3565,Heather,Walker,heather.walker@youngcollinsandthomas.com,Set designer,(606)711-7809x2470,2025-07-16,Referral,Unqualified
2673,2541,Mark,Clark,mark.clark@collinssanchezandray.com,"Programmer, applications",835-575-1138x760,2025-07-02,Web,New
2980,3596,Christopher,Jones,christopher.jones@wilson-gray.com,Set designer,361.434.0551x12210,2025-06-20,Ad,Unqualified
7187,3271,Luke,Smith,luke.smith@gallowayltd.com,Careers adviser,(442)511-9009x343,2024-10-19,Cold Call,New
7964,3953,David,Nichols,david.nichols@torresgroup.com,Therapeutic radiographer,(287)715-4613,2025-03-09,Referral,Qualified
5413,383,Vanessa,Gibson,vanessa.gibson@davisthompsonandpowers.com,Secondary school teacher,001-997-731-5401x39971,2025-03-28,Cold Call,Qualified
6250,3013,Amber,Bennett,amber.bennett@johnsonruizandjones.com,Data processing manager,(807)220-9376,2025-03-18,Cold Call,Working
3312,246,Tara,Fletcher,tara.fletcher@graham-wallace.com,Recruitment consultant,290.597.4420x48611,2023-02-28,Web,Working
8067,3204,Shelby,Stewart,shelby.stewart@padillallc.com,"Civil engineer, contracting",+1-882-719-1369,2025-07-12,Web,Working
5182,1561,Shawn,Taylor,shawn.taylor@phillipsparkerandhenderson.com,Farm manager,+1-371-683-6469x453,2025-04-02,Cold Call,New
1696,1880,Anthony,Green,anthony.green@baileymillerandromero.com,Pensions consultant,(820)246-6743x29179,2023-12-25,Referral,Working
8073,2773,Andrew,Ellis,andrew.ellis@krause-phillips.com,Intelligence analyst,+1-231-532-6267x40966,2025-06-28,Cold Call,Qualified
5862,2415,Carl,Bishop,carl.bishop@smithscottandjoseph.com,Community education officer,436-911-9620x42997,2022-10-15,Referral,Unqualified
4967,1185,Sherry,Moore,sherry.moore@martinezmasseyandoconnell.com,Tourism officer,(585)639-4200x01534,2025-03-18,Referral,Working
6128,705,Jessica,Williams,jessica.williams@dennissullivanandstout.com,Optometrist,+1-600-405-7785x680,2025-03-18,Referral,New
5543,574,Charles,Bond,charles.bond@bradyhernandezandhayes.com,"Designer, multimedia",(609)652-5511x085,2023-06-20,Ad,Qualified
5608,1500,Marissa,Garcia,marissa.garcia@bookergroup.com,"Restaurant manager, fast food",,2025-02-17,Referral,Unqualified
5151,3281,Matthew,Rivera,matthew.rivera@oliverinc.com,Multimedia programmer,+1-210-951-3663,2025-01-19,Web,Qualified
4558,1733,Brittany,Taylor,brittany.taylor@harrisltd.com,"Therapist, sports",425-483-6383,2023-05-12,Web,Qualified
1306,3889,Amy,Hess,amy.hess@velasquezstewartandmckenzie.com,Firefighter,603.809.9344,2025-05-06,Ad,Unqualified
5664,3887,Brittany,Carrillo,brittany.carrillo@chavez-green.com,"Production designer, theatre/television/film",660.953.3202,2024-07-09,Web,New
5957,308,Marissa,Hodges,marissa.hodges@kirk-phillips.com,"Psychologist, counselling",(376)479-2089,2025-06-23,Ad,New
4312,3706,Richard,Young,richard.young@morrisplc.com,Community arts worker,263-619-2105x3907,2025-07-16,Cold Call,Unqualified
7904,998,Julia,Gilmore,julia.gilmore@perryandsons.com,"Nurse, mental health",+1-830-799-5942,2024-11-12,Cold Call,Unqualified
7178,1664,Daniel,Santiago,daniel.santiago@potterllc.com,Biomedical engineer,001-647-617-8277x9139,2025-07-15,Ad,Unqualified
2378,1314,John,Jones,john.jones@barronwilliamsandgreen.com,Materials engineer,684-600-0165,2025-05-15,Cold Call,New
6934,3324,Corey,Hernandez,corey.hernandez@lang-goodwin.com,Accommodation manager,,2025-01-25,Ad,Qualified
428,3540,Robin,Roberts,robin.roberts@millerandsons.com,Bonds trader,835.978.2519x30631,2024-10-25,Ad,New
4149,1934,Raymond,Brown,raymond.brown@williamsperezandjackson.com,Public relations officer,253.519.7994x9503,2025-03-31,Web,New
4038,3369,Mary,Webb,mary.webb@wardinc.com,Theme park manager,(264)606-2849,2025-06-05,Cold Call,New
770,3667,Jacqueline,Guzman,jacqueline.guzman@graham-hayes.com,Regulatory affairs officer,(305)264-8799x308,2024-02-21,Ad,Working
4049,71,Jordan,Allen,jordan.allen@monroeltd.com,Pensions consultant,432.560.3313x87712,2025-05-20,Web,Working
6137,2127,Julia,Hendrix,julia.hendrix@bellltd.com,Architect,9948404027,2025-05-04,Ad,Unqualified
3928,724,Jennifer,Wilson,jennifer.wilson@jones-herrera.com,Dance movement psychotherapist,386.487.6289x94948,2025-06-26,Cold Call,Unqualified
2902,3379,Riley,Butler,riley.butler@murphy-lopez.com,"Psychologist, sport and exercise",731.807.0677,2022-10-04,Web,Working
4873,1471,Jennifer,Simmons,jennifer.simmons@mcdonalddixonandsampson.com,"Teacher, primary school",(501)306-2471,2025-05-26,Ad,New
5136,3696,Joseph,Bell,joseph.bell@newtongroup.com,Education administrator,596-934-4902,2025-05-30,Ad,Unqualified
104,281,Keith,Coleman,keith.coleman@huffmanhendersonandlewis.com,Commercial/residential surveyor,866.210.6694x97472,2024-11-20,Web,New
5104,3688,Donald,Bell,donald.bell@gonzalezscottandstone.com,Archivist,001-647-308-6606x4044,2025-05-12,Referral,Qualified
4087,2625,Maureen,Harris,maureen.harris@martin-snow.com,Arts administrator,+1-808-307-9207x5033,2025-06-14,Referral,New
745,121,Dana,Brooks,dana.brooks@orr-douglas.com,"Lecturer, further education",(402)644-8176,2024-12-29,Cold Call,Qualified
6414,3161,Ann,Hernandez,ann.hernandez@griffithplc.com,Corporate treasurer,744-396-6432,2025-06-03,Referral,New
229,3003,Jennifer,Flynn,jennifer.flynn@whitellc.com,"Engineer, chemical",499-758-7906x2017,2024-02-11,Referral,Working
7243,647,Molly,Mcdonald,molly.mcdonald@powellllc.com,Curator,9703194483,2024-03-15,Cold Call,Working
2106,1645,Natalie,Guerrero,natalie.guerrero@reedwatersandcarlson.com,"Scientist, biomedical",(251)996-8147,2025-07-13,Referral,Working
7,1808,Kenneth,Lozano,kenneth.lozano@phillipslawsonanddavis.com,Advice worker,001-968-719-1364x985,2025-05-09,Web,New
7834,3522,Cynthia,Suarez,cynthia.suarez@michael-pierce.com,Fine artist,(853)582-3863,2025-02-02,Web,Qualified
3561,546,Katherine,Rivera,katherine.rivera@turner-everett.com,"Secretary, company",403.441.8066x6338,2024-09-15,Web,Working
3846,3805,Carolyn,Mccarthy,carolyn.mccarthy@martincarterandcarr.com,"Producer, radio",9463280334,2023-04-06,Ad,New
5828,2930,Richard,Jennings,richard.jennings@woodardharrisandward.com,Estate manager/land agent,985-515-9717x1749,2025-01-09,Referral,Working
7130,3005,Jennifer,Kennedy,jennifer.kennedy@rileydavisandberry.com,Fish farm manager,(952)279-1388x9302,2025-05-22,Web,New
1020,1091,Mario,Stanley,mario.stanley@pratt-reid.com,Immunologist,643-890-3067x89187,2024-03-25,Referral,New
3588,365,Lisa,Barton,lisa.barton@ballard-brown.com,Social researcher,001-980-645-5815x2953,2024-02-13,Cold Call,New
365,1233,Andrew,Smith,andrew.smith@ramseygroup.com,Acupuncturist,287-322-0859x26910,2024-03-08,Web,Unqualified
5304,2274,David,Boyer,david.boyer@scott-jennings.com,Market researcher,,2025-04-29,Cold Call,New
6026,1995,Mary,Powell,mary.powell@terrell-torres.com,Learning disability nurse,+1-794-857-8629x9244,2025-07-18,Cold Call,New
3495,816,Dennis,Roy,dennis.roy@jackson-flores.com,Clinical biochemist,001-742-204-7231x9880,2025-05-29,Referral,Unqualified
1678,2398,Jessica,Crawford,jessica.crawford@curryinc.com,Media buyer,(442)891-3081,2024-01-05,Referral,Qualified
3512,1457,David,Smith,david.smith@allenleeandgriffin.com,Location manager,(231)799-5763x7465,2024-08-12,Cold Call,Qualified
5428,1718,Christina,Garner,christina.garner@donaldsonandsons.com,Planning and development surveyor,001-617-208-4006x3095,2024-08-29,Ad,Qualified
3355,3039,William,Miller,william.miller@contrerastownsendandgarcia.com,"Therapist, horticultural",229.965.1554,2024-10-15,Ad,Working
953,2838,Lisa,Lam,lisa.lam@suttonjohnsonandwright.com,"Restaurant manager, fast food",(401)879-8264,2024-08-29,Referral,Working
1956,3873,Warren,Huber,warren.huber@kennedyhollandandgoodwin.com,Sales promotion account executive,(691)848-7312,2025-04-02,Cold Call,Unqualified
3354,3039,Olivia,Hanna,olivia.hanna@contrerastownsendandgarcia.com,"Engineer, materials",(849)301-5195x68081,2025-07-10,Referral,Working
7788,2620,Evan,Cooper,evan.cooper@vasquezltd.com,Microbiologist,001-597-889-0110,2025-05-15,Web,Qualified
3597,1931,Cathy,Rivera,cathy.rivera@meadows-frank.com,Training and development officer,001-565-416-1093x8459,2024-09-16,Ad,Working
3380,2808,Maureen,Lloyd,maureen.lloyd@owensltd.com,"Nurse, learning disability",8262415323,2024-05-28,Web,Qualified
4399,3290,Barbara,Curtis,barbara.curtis@munozwareandperry.com,"Education officer, environmental",9948371903,2024-07-01,Referral,Unqualified
3661,913,Jordan,Cantu,jordan.cantu@mack-pena.com,"Therapist, music",226-375-5962x1713,2023-10-02,Web,Qualified
4607,2440,Derek,Wong,derek.wong@kellyplc.com,"Psychologist, sport and exercise",904.290.7930,2025-06-04,Web,Working
4211,3288,Robert,Rodriguez,robert.rodriguez@guzmanjohnsandswanson.com,Animal nutritionist,419-527-6265x7037,2025-07-17,Cold Call,Qualified
4804,3337,Jodi,Jones,jodi.jones@wilson-riley.com,Statistician,+1-252-651-8543x7139,2025-04-08,Ad,Qualified
3019,453,Alexandra,Turner,alexandra.turner@dunninc.com,Personal assistant,(728)398-4331,2025-02-25,Ad,Qualified
7301,636,Lori,Rhodes,lori.rhodes@smith-poole.com,Astronomer,273-760-1180,2025-05-16,Cold Call,Unqualified
3830,809,Thomas,Morris,thomas.morris@williams-morrow.com,"Designer, ceramics/pottery",001-284-220-3901,2024-10-26,Ad,Unqualified
4203,124,Gary,Hall,gary.hall@stuart-smith.com,Warehouse manager,856.969.3177x335,2024-02-17,Web,New
2078,3825,Crystal,Hill,crystal.hill@cunninghamcarrilloandhartman.com,"Doctor, general practice",001-356-932-2207x810,2025-01-24,Web,New
1741,3833,Courtney,Miller,courtney.miller@valdezllc.com,Quality manager,294-957-0781x192,2025-02-04,Web,Unqualified
1734,2844,Gina,Williams,gina.williams@mcguirejohnsonandcastaneda.com,Musician,(545)972-0275x1081,2024-09-08,Cold Call,Unqualified
5510,1287,Angela,Sanders,angela.sanders@dickersonlopezandpace.com,Horticultural consultant,432-755-3422x629,2024-11-15,Web,Qualified
158,3029,Martha,Smith,martha.smith@simpsongroup.com,Systems developer,838-522-6062x716,2024-09-28,Web,Qualified
1065,709,Victoria,Pena,victoria.pena@kochallenandharrison.com,Firefighter,+1-476-852-8098x9902,2024-09-07,Web,New
6633,63,Sharon,Obrien,sharon.obrien@mccoyspenceandthomas.com,Archaeologist,(582)761-1473x6565,2024-01-20,Web,Unqualified
6163,2677,Sharon,Allen,sharon.allen@davis-perkins.com,Air broker,825-580-5211x714,2024-05-29,Web,Working
297,822,Jennifer,Young,jennifer.young@careyinc.com,"Scientist, research (physical sciences)",+1-557-312-9271x1411,2023-03-21,Ad,Unqualified
2406,3521,Timothy,Sims,timothy.sims@millermillerandpacheco.com,Toxicologist,,2022-11-28,Web,New
5675,235,Jessica,Harrell,jessica.harrell@petersongroup.com,"Producer, television/film/video",6808651964,2025-06-24,Web,Qualified
1221,130,Nicole,Spencer,nicole.spencer@harrison-carter.com,"Producer, radio",8354653653,2024-09-17,Web,Qualified
7591,2801,Jesse,Goodman,jesse.goodman@leach-morrison.com,Ecologist,(836)505-0358x0558,2025-04-19,Ad,Working
6302,1375,Mark,Barnes,mark.barnes@guerreroltd.com,Learning disability nurse,(803)501-3789x3781,2023-09-22,Web,New
5269,3999,Kaylee,Long,kaylee.long@braun-lloyd.com,"Administrator, local government",6385331584,2025-06-30,Cold Call,New
3741,2589,Brian,Hall,brian.hall@edwards-leon.com,"Scientist, clinical (histocompatibility and immunogenetics)",001-226-590-4915,2024-04-11,Ad,Unqualified
4567,1430,Michael,Robinson,michael.robinson@torres-hall.com,Product/process development scientist,739-551-8536x3283,2025-06-01,Web,New
783,3634,Mark,Murphy,mark.murphy@wellsnealandhuff.com,"Administrator, charities/voluntary organisations",815-260-9887,2025-06-03,Referral,Unqualified
3328,3782,Jennifer,Peterson,jennifer.peterson@lopezltd.com,"Engineer, biomedical",654.452.1976,2025-03-31,Cold Call,New
2878,1558,Jason,Galloway,jason.galloway@priceltd.com,Consulting civil engineer,,2024-12-01,Web,Working
4751,1016,Angela,Ray,angela.ray@moss-evans.com,IT technical support officer,8993195301,2023-12-06,Cold Call,Working
4393,2990,Lauren,Wagner,lauren.wagner@gonzalezltd.com,IT technical support officer,(657)289-4825x3162,2024-08-16,Referral,New
3554,2785,Jennifer,Watts,jennifer.watts@dixon-webb.com,"Journalist, newspaper",590.835.5829,2025-03-01,Web,New
3058,1333,Kathleen,Rios,kathleen.rios@conway-lane.com,Outdoor activities/education manager,362-207-4554x47136,2022-11-11,Web,Unqualified
7926,335,Cameron,Hammond,cameron.hammond@pena-williams.com,Industrial/product designer,,2025-01-13,Ad,New
4773,2215,John,Turner,john.turner@jordan-bradley.com,Volunteer coordinator,292-563-8453x957,2025-01-05,Ad,New
2240,58,Daniel,Taylor,daniel.taylor@knightgroup.com,Fast food restaurant manager,668.747.7511x214,2024-09-15,Web,Working
1472,2101,Victoria,Lee,victoria.lee@taylorespinozaandthomas.com,"Designer, interior/spatial",(644)775-4136,2025-04-25,Cold Call,Working
2636,3335,Steve,Ingram,steve.ingram@barnesjohnsonandbarrett.com,Hydrologist,001-645-871-7815,2022-11-27,Web,Working
5221,2058,Stacey,Gray,stacey.gray@frazier-anderson.com,"Psychologist, occupational",324.665.9365x62040,2025-06-26,Web,Unqualified
2589,43,William,Herrera,william.herrera@marquezmartinandallen.com,Microbiologist,001-564-585-2668x4898,2025-05-03,Cold Call,Working
19,3256,Pamela,Mccann,pamela.mccann@phillipsltd.com,"Nurse, adult",9818461117,2024-09-30,Ad,Unqualified
3200,3936,Anita,Thompson,anita.thompson@perezhayesandmckinney.com,Health promotion specialist,8699500522,2024-12-11,Referral,New
2615,2034,Marc,Sanders,marc.sanders@aguirre-taylor.com,"Therapist, horticultural",(399)258-9643x00091,2024-12-30,Ad,New
3397,1620,Janet,Lawson,janet.lawson@pricerobertsandpeterson.com,"Designer, multimedia",914-760-9848,2024-07-05,Web,Working
5581,3461,Michael,Hernandez,michael.hernandez@bennett-garrison.com,Adult guidance worker,001-562-403-5140,2025-03-23,Cold Call,Qualified
2460,515,Kenneth,Ross,kenneth.ross@jonesleonandmorton.com,Insurance underwriter,656.219.9615x9026,2023-08-11,Ad,Working
6630,2685,Kathleen,Thomas,kathleen.thomas@park-greer.com,"Radiographer, diagnostic",+1-277-959-0329x43665,2025-04-17,Ad,Qualified
3904,2834,Michael,Lewis,michael.lewis@watersllc.com,Telecommunications researcher,001-450-850-5886x553,2025-07-11,Ad,Unqualified
6255,1778,Carolyn,Estrada,carolyn.estrada@vaughantaylorandthomas.com,"Engineer, chemical",,2024-12-18,Cold Call,Qualified
6514,2822,Michelle,Butler,michelle.butler@rivers-stanley.com,"Engineer, mining",4767924073,2025-05-31,Ad,Unqualified
4842,3859,Tina,Harding,tina.harding@johnson-walker.com,"Geologist, wellsite",865.588.2609,2025-07-02,Web,Unqualified
7095,1803,Tiffany,Taylor,tiffany.taylor@muellertaylorandthompson.com,"Therapist, nutritional",(569)556-2822x222,2024-12-07,Ad,Qualified
3306,3094,Kimberly,Byrd,kimberly.byrd@reesemitchellandlewis.com,"Optician, dispensing",659.837.0092,2025-03-11,Ad,Working
6596,3958,Stephanie,Ramirez,stephanie.ramirez@wright-watson.com,Child psychotherapist,+1-439-278-2013x17943,2024-07-13,Ad,Working
5787,768,Brittany,Maxwell,brittany.maxwell@sanfordwigginsandjuarez.com,Fine artist,+1-864-323-2273x69508,2024-10-26,Web,Working
1625,3416,Melissa,Stevens,melissa.stevens@lopezcarpenterandmiddleton.com,Charity officer,848.924.5804,2023-04-27,Ad,Qualified
3906,2506,Clinton,Houston,clinton.houston@fergusonharringtonandjackson.com,Theatre director,(515)423-1505,2025-05-15,Referral,Unqualified
4275,1352,John,Wells,john.wells@hallplc.com,Investment analyst,,2024-12-24,Ad,Working
3282,131,Joe,Brown,joe.brown@montgomeryinc.com,Airline pilot,001-331-475-1938x23576,2024-12-06,Web,Qualified
4075,806,Daniel,Coffey,daniel.coffey@booth-lozano.com,Advertising account planner,+1-493-750-2451x4322,2025-07-06,Cold Call,Unqualified
1041,358,Dustin,Lin,dustin.lin@moorellc.com,Research scientist (physical sciences),497.668.9468x94961,2025-06-13,Web,New
4584,243,Brian,Wilson,brian.wilson@ericksonbaileyandshannon.com,Artist,+1-481-788-4043,2025-03-08,Cold Call,Working
2302,497,Allison,Jones,allison.jones@martinezplc.com,"Physicist, medical",001-987-326-0438x88995,2023-01-22,Web,Qualified
6604,1507,Teresa,Downs,teresa.downs@trujillo-house.com,Economist,2695907239,2024-07-18,Web,Working
1,2962,Diana,Clark,diana.clark@cookpettyandcohen.com,Energy engineer,8013674983,2025-04-20,Cold Call,Qualified
3445,3511,Katie,Jones,katie.jones@zimmermancampbellandmoran.com,"Psychologist, clinical",464.581.6212x544,2024-09-25,Web,Working
4478,490,Angela,Lambert,angela.lambert@smithltd.com,"Programme researcher, broadcasting/film/video",539-354-5088x8533,2024-10-09,Referral,New
421,3740,Jillian,Mckenzie,jillian.mckenzie@brownplc.com,"Surveyor, insurance",735.673.4627x7977,2023-07-01,Ad,Unqualified
6759,1490,Andrea,Gamble,andrea.gamble@briggs-jones.com,Web designer,(962)326-2934x31828,2025-01-01,Cold Call,Qualified
1112,2691,Michael,Dudley,michael.dudley@bellinc.com,Futures trader,+1-421-422-3624x33437,2024-01-17,Referral,Qualified
3529,3075,Michael,Turner,michael.turner@li-hammond.com,Mining engineer,+1-361-991-5759x1776,2025-07-13,Ad,New
373,1909,Jamie,Gray,jamie.gray@strickland-peterson.com,Diplomatic Services operational officer,694-858-3194x25027,2025-04-01,Cold Call,Qualified
5566,3553,Brian,Davis,brian.davis@joseph-orr.com,"Teacher, music",(248)941-6995x25920,2024-02-20,Web,New
2275,1257,Chad,Castro,chad.castro@bartoninc.com,Oncologist,9165334298,2024-05-01,Web,Working
7965,3953,April,Harrison,april.harrison@torresgroup.com,Sports development officer,940-690-6508,2025-02-13,Ad,New
2756,2347,Megan,Fisher,megan.fisher@reynolds-greene.com,"Engineer, building services",307-416-3906x897,2025-07-11,Cold Call,Working
7305,3659,Jennifer,Petersen,jennifer.petersen@oconnellgroup.com,Pension scheme manager,001-538-552-5391x0839,2025-01-30,Web,New
3177,3597,John,Fischer,john.fischer@bellrogersandstewart.com,"Scientist, marine",(669)524-5456x675,2023-11-22,Cold Call,Working
2928,3400,Karen,Payne,karen.payne@williamshillandhill.com,General practice doctor,(340)744-7939x756,2025-05-26,Web,Qualified
882,2320,Ann,Ellison,ann.ellison@hood-parker.com,"Civil engineer, contracting",689-761-1632x6187,2025-02-09,Ad,Unqualified
2133,3167,Garrett,Brown,garrett.brown@richardsonltd.com,"Scientist, clinical (histocompatibility and immunogenetics)",,2023-11-22,Web,New
1314,45,Michael,Richardson,michael.richardson@arroyobryantandbutler.com,Outdoor activities/education manager,,2025-02-04,Referral,New
6175,3048,Anthony,Walters,anthony.walters@white-robertson.com,"Surveyor, insurance",+1-881-520-4646,2023-10-26,Web,New
813,3779,Melanie,Ross,melanie.ross@stantonltd.com,Warden/ranger,+1-688-267-1812x88624,2025-01-04,Web,New
3869,610,Gordon,Clark,gordon.clark@fernandez-miller.com,Osteopath,001-256-784-0838x8912,2024-03-26,Cold Call,Working
1453,2639,Emily,Russell,emily.russell@youngandsons.com,Comptroller,,2024-12-15,Referral,Qualified
1059,1735,Vernon,Johnson,vernon.johnson@bird-nelson.com,"Education officer, museum",231-715-3393x2049,2025-03-10,Referral,Qualified
3943,1965,Michael,Ellis,michael.ellis@keithltd.com,Town planner,(535)619-3932,2025-01-04,Referral,Unqualified
4182,739,Michael,White,michael.white@kimwebsterandbell.com,Chartered public finance accountant,875-672-1982,2024-07-14,Referral,Qualified
3929,724,Donna,Baker,donna.baker@jones-herrera.com,"Horticulturist, amenity",884-428-4668,2024-11-05,Cold Call,Qualified
7345,1450,Tammy,Jackson,tammy.jackson@boltonllc.com,Interpreter,387.350.6590x132,2025-03-10,Web,New
411,3642,Stacey,Hubbard,stacey.hubbard@mccarthynortonandturner.com,"Scientist, biomedical",001-499-709-0350x4662,2024-08-24,Cold Call,Unqualified
6238,2358,Amber,Stephens,amber.stephens@larsenortizandross.com,Speech and language therapist,+1-631-779-4308x86165,2025-01-24,Ad,Qualified
6044,1069,Alexander,Olson,alexander.olson@ortizshermanandgreen.com,Horticultural consultant,(536)293-5367x23008,2023-12-28,Cold Call,Unqualified
2772,1603,Norma,Hawkins,norma.hawkins@mirandapaulandmendoza.com,"Teacher, early years/pre",001-846-243-6766x5426,2025-03-25,Ad,Unqualified
1537,2799,Joseph,Phillips,joseph.phillips@goodwinandsons.com,"Engineer, electronics",685-558-6536,2024-12-12,Ad,Unqualified
3993,1940,Terry,Roberts,terry.roberts@galvanandsons.com,Air broker,352-253-5295x490,2024-10-30,Ad,New
7716,462,Luis,Rosario,luis.rosario@powellsullivanandweaver.com,Retail merchandiser,001-518-840-8778x350,2024-01-03,Referral,Unqualified
2616,336,Kevin,Bates,kevin.bates@chapman-johnson.com,"Biochemist, clinical",+1-415-318-1914x0402,2025-06-11,Cold Call,Unqualified
5958,308,Tim,Weaver,tim.weaver@kirk-phillips.com,"Administrator, sports",(960)421-2226x3183,2025-05-14,Referral,Qualified
4639,2642,Thomas,James,thomas.james@bradleyjonesandhamilton.com,Tourist information centre manager,(715)206-9098x8886,2024-12-09,Cold Call,New
4527,3818,April,Solis,april.solis@franklingonzalezandcox.com,"Doctor, general practice",715.631.5533,2025-02-17,Cold Call,Working
5275,3096,Latoya,Garza,latoya.garza@larsenllc.com,Administrator,(461)318-9694x8867,2025-01-08,Ad,New
6899,582,Jamie,Johnson,jamie.johnson@jacksonandsons.com,Recruitment consultant,242.720.1748x5777,2025-06-02,Referral,Working
2729,426,Charles,Guzman,charles.guzman@guerraduncanandtaylor.com,"Engineer, electronics",202.280.8951x645,2024-11-20,Web,Working
40,2369,Elizabeth,Wilkins,elizabeth.wilkins@lewis-mason.com,"Psychotherapist, child",(852)340-5189,2024-01-05,Cold Call,Working
7720,3488,Mary,Williams,mary.williams@booneandsons.com,Arts administrator,842-305-0689x26445,2025-01-19,Referral,Unqualified
2149,3914,Laura,Cunningham,laura.cunningham@patel-reed.com,Advertising art director,434-403-1369,2025-07-17,Web,Qualified
2506,2800,Samantha,Leonard,samantha.leonard@hillgroup.com,Warehouse manager,980-778-2925x501,2025-07-17,Cold Call,Qualified
5598,480,Caitlin,King,caitlin.king@chavezinc.com,"Doctor, hospital",001-217-968-9740,2023-06-21,Ad,Working
588,1555,James,Garner,james.garner@colealexanderandadams.com,"Accountant, chartered certified",858.947.8899,2025-03-19,Cold Call,Working
1132,3426,Lawrence,Garcia,lawrence.garcia@smithsanchezandadkins.com,"Conservator, furniture",8707071292,2024-11-13,Cold Call,New
5055,775,Amy,Irwin,amy.irwin@thomasacostaandcox.com,Systems developer,(820)481-7899x6907,2025-06-28,Web,Working
1395,2698,Angelica,Harrison,angelica.harrison@brucellc.com,Interpreter,7887265155,2024-03-23,Web,Unqualified
4933,3361,Holly,Smith,holly.smith@garciallc.com,Geophysical data processor,+1-614-550-8787x0884,2024-01-10,Referral,New
6251,3013,Andrea,Ali,andrea.ali@johnsonruizandjones.com,"Therapist, sports",245-796-2812,2025-06-08,Referral,Unqualified
2186,2364,Colleen,Fuller,colleen.fuller@cole-kirk.com,Community development worker,001-408-471-5131,2023-08-11,Cold Call,Unqualified
5644,293,Jack,Waters,jack.waters@gomez-ho.com,Historic buildings inspector/conservation officer,001-705-566-1393x0118,2025-05-10,Cold Call,Qualified
1080,1743,Robert,Holmes,robert.holmes@griffinltd.com,"Engineer, petroleum",5745495053,2023-01-07,Cold Call,Working
5528,3803,Stephanie,Short,stephanie.short@mcknight-brown.com,IT sales professional,001-800-531-3811x513,2025-07-11,Cold Call,New
3653,3459,Jonathan,Woods,jonathan.woods@clarkandsons.com,Archaeologist,664.986.0647,2024-11-17,Cold Call,New
1830,2296,Debbie,Phillips,debbie.phillips@reidllc.com,Games developer,+1-256-371-3913,2025-04-30,Ad,New
5030,2614,Rebecca,Johnson,rebecca.johnson@pattersonbanksandharrington.com,"Surveyor, building",+1-239-748-2694,2024-05-10,Cold Call,Qualified
3410,1303,Tyler,Anderson,tyler.anderson@keywrightandwright.com,"Runner, broadcasting/film/video",(580)600-6096,2024-10-08,Web,Unqualified
4256,473,Stephanie,Carpenter,stephanie.carpenter@oliver-montgomery.com,Health service manager,641-909-0509,2024-09-22,Cold Call,Unqualified
7393,1299,Larry,Baker,larry.baker@rodriguezplc.com,Make,698.572.6786,2025-06-27,Cold Call,Qualified
7080,3126,Jose,David,jose.david@bensongroup.com,"Radiographer, therapeutic",001-978-894-9001x059,2024-09-07,Ad,Unqualified
3261,169,Danielle,Davis,danielle.davis@jones-gonzalez.com,Psychiatric nurse,614-397-0681x77236,2025-05-27,Ad,Unqualified
4373,2736,Morgan,Clark,morgan.clark@bennettmayandcarlson.com,Archaeologist,+1-690-988-5250x4274,2024-06-08,Cold Call,Working
5955,3194,Rebecca,Lee,rebecca.lee@webster-king.com,"Designer, ceramics/pottery",520-925-9510,2022-09-26,Cold Call,Qualified
4496,1342,Sarah,Hanna,sarah.hanna@byrd-stephens.com,"Journalist, broadcasting",435-260-1733x79447,2024-04-21,Cold Call,Unqualified
5892,879,Amy,Brooks,amy.brooks@spearsvazquezandsmith.com,Art gallery manager,(339)581-2334,2025-05-07,Web,Working
6184,3112,Jamie,French,jamie.french@matthewsplc.com,"Psychologist, clinical",2946708817,2024-05-05,Web,Qualified
6004,148,John,Prince,john.prince@brown-thompson.com,Radio broadcast assistant,873.773.1410,2025-04-19,Web,Unqualified
1083,1677,James,Hughes,james.hughes@howardsimpsonandhowe.com,Television floor manager,(833)355-1968x980,2025-04-03,Cold Call,Working
4603,1681,Tanya,Taylor,tanya.taylor@arnold-young.com,"Lighting technician, broadcasting/film/video",+1-206-524-8520x006,2025-03-06,Cold Call,Qualified
1888,1618,Kiara,Castaneda,kiara.castaneda@gonzalesinc.com,Health and safety adviser,927-763-5454,2025-03-04,Ad,Qualified
3105,2989,Katherine,Blanchard,katherine.blanchard@woodsharrisonandnelson.com,Health physicist,736-664-9219x9686,2023-12-12,Ad,Qualified
4435,1820,Jeffery,Davis,jeffery.davis@thompsondeanandjohnston.com,Transport planner,+1-925-737-7730x204,2024-07-01,Ad,New
3335,918,Charles,Walker,charles.walker@greergreenandbean.com,Fisheries officer,(236)939-8256x5899,2025-06-21,Web,Unqualified
893,3028,Barbara,Vargas,barbara.vargas@klineltd.com,Immunologist,(984)375-7234x857,2024-04-19,Referral,Working
3607,2064,William,White,william.white@nunezwashingtonandpatel.com,"Teacher, adult education",(767)436-9612x5739,2024-10-07,Cold Call,Unqualified
7360,2451,Andrea,Mcmillan,andrea.mcmillan@turnersanchezandcordova.com,"Scientist, research (physical sciences)",001-590-853-1870,2024-11-29,Web,Working
1261,3836,Victor,Campbell,victor.campbell@combs-gay.com,Maintenance engineer,414-250-3903x78886,2024-09-22,Web,Working
8002,3165,William,Williams,william.williams@quinnwoodandcook.com,Scientific laboratory technician,496-342-6063x50985,2025-04-24,Ad,Unqualified
5619,1419,Stephen,Cox,stephen.cox@gilberthardinandrodriguez.com,Forest/woodland manager,001-899-776-5255x576,2024-11-05,Ad,New
7126,2238,Daniel,Johnston,daniel.johnston@smithltd.com,Personal assistant,001-437-467-6112x8824,2024-01-28,Cold Call,New
2403,3155,Amanda,Jones,amanda.jones@wolfllc.com,Maintenance engineer,,2025-05-08,Ad,Qualified
5068,1870,Shannon,Fitzgerald,shannon.fitzgerald@orozco-mitchell.com,Educational psychologist,8572906962,2025-06-01,Referral,Qualified
7949,3147,David,Thomas,david.thomas@moore-johnson.com,Leisure centre manager,4814806069,2025-05-06,Ad,New
4452,1704,Katherine,Johnson,katherine.johnson@gallagherarmstrongandmatthews.com,Private music teacher,(658)219-5974x6754,2023-09-09,Web,Qualified
3197,3111,Sean,Nguyen,sean.nguyen@youngllc.com,Special educational needs teacher,399-864-8803x20010,2025-07-06,Ad,Working
5,1694,Heather,Price,heather.price@wangllc.com,Materials engineer,,2024-10-06,Referral,New
5948,3392,Brandon,Mayer,brandon.mayer@brown-davis.com,"Education officer, community",(494)526-1639,2024-11-22,Web,Qualified
5407,1703,Breanna,Morgan,breanna.morgan@johnsonandsons.com,Petroleum engineer,8084859615,2025-04-10,Ad,Qualified
840,3466,Jennifer,Ward,jennifer.ward@moorelewisandatkinson.com,Ergonomist,390.550.8281x60276,2024-06-03,Ad,Unqualified
3520,2433,Robert,Gray,robert.gray@steele-cox.com,"Presenter, broadcasting",(483)666-6059x0341,2025-02-13,Ad,Unqualified
7372,3737,Emily,Murphy,emily.murphy@scott-santos.com,Analytical chemist,3109130831,2025-04-09,Web,Working
3500,1529,Samantha,Bowers,samantha.bowers@lewisgroup.com,Clothing/textile technologist,(687)204-4662x6811,2023-02-01,Referral,Qualified
398,1312,Julie,Glover,julie.glover@foxinc.com,Rural practice surveyor,+1-653-261-0734x6920,2024-06-12,Referral,Qualified
7579,641,Tiffany,Tyler,tiffany.tyler@farmerpotterandrios.com,Magazine journalist,461.856.6677x655,2025-07-09,Cold Call,Working
4472,3974,Sarah,Williams,sarah.williams@garrisonschneiderandgardner.com,"Programmer, applications",001-238-311-4372x8340,2025-02-05,Ad,New
1301,2458,Cheryl,Frank,cheryl.frank@flores-wilcox.com,Actuary,,2023-04-12,Referral,New
6324,3216,Charles,Lewis,charles.lewis@hale-bennett.com,"Scientist, marine",314.827.3084,2024-11-20,Web,Qualified
7524,389,Tiffany,Esparza,tiffany.esparza@davislambandschaefer.com,Photographer,+1-418-298-3013x78906,2025-06-17,Referral,Qualified
5214,2328,Amy,Mccullough,amy.mccullough@browninc.com,Passenger transport manager,+1-960-499-0536,2025-07-10,Referral,Working
4267,2395,Chelsea,Barber,chelsea.barber@wrightmcclureandburns.com,Occupational hygienist,001-843-550-1271x6836,2023-10-28,Referral,Working
7762,1497,Brandy,Bryan,brandy.bryan@penaplc.com,Environmental education officer,695.966.6344x857,2025-02-09,Ad,Working
3412,1303,Edward,Butler,edward.butler@keywrightandwright.com,Toxicologist,268.326.8253x50700,2024-04-17,Referral,Qualified
156,1431,Steven,Chang,steven.chang@sandersplc.com,"Engineer, mining",822-590-9242x470,2025-07-03,Cold Call,Qualified
1526,2957,Eric,Hansen,eric.hansen@hendersonplc.com,Marine scientist,(872)804-5982x4329,2023-08-06,Cold Call,Working
2751,3280,Heather,Carpenter,heather.carpenter@williams-allen.com,"Designer, blown glass/stained glass",,2024-05-10,Referral,New
555,44,Bailey,Crawford,bailey.crawford@bryantmoranandgarcia.com,Music therapist,(797)559-7169,2025-06-08,Ad,New
3132,1318,Matthew,Johnson,matthew.johnson@church-may.com,"Psychotherapist, child",905.485.1104x07186,2024-12-22,Referral,Unqualified
4027,1869,Jacob,Harmon,jacob.harmon@hale-chavez.com,Pharmacologist,(794)289-9010,2025-04-04,Cold Call,Working
4983,1294,Christian,Mann,christian.mann@jones-adams.com,Astronomer,(209)805-2940,2024-09-08,Ad,Unqualified
6311,3848,Rebecca,Santos,rebecca.santos@watsonpayneandmoody.com,Museum education officer,935-821-0925,2024-12-17,Ad,Unqualified
567,326,Mark,Carter,mark.carter@blakeinc.com,"Engineer, site",397-632-1422x1491,2024-03-18,Ad,New
5414,1259,Michael,Weber,michael.weber@loganshawandquinn.com,Automotive engineer,230.696.0840,2025-03-10,Web,Unqualified
6313,3848,Meghan,Flores,meghan.flores@watsonpayneandmoody.com,"Therapist, horticultural",001-345-422-1628x665,2024-09-08,Ad,Qualified
6528,2965,Edward,Harrington,edward.harrington@beckergroup.com,Information systems manager,(655)334-2557x20212,2025-02-21,Referral,Working
6129,705,Christopher,Cook,christopher.cook@dennissullivanandstout.com,"Designer, graphic",(974)256-1096x768,2025-01-25,Web,Qualified
228,3003,Anna,Mooney,anna.mooney@whitellc.com,"Buyer, industrial",(319)640-2644,2025-06-20,Referral,Unqualified
3212,1577,Zachary,Perez,zachary.perez@smithbradfordandharris.com,Learning disability nurse,989-623-3785x0478,2024-11-05,Referral,Qualified
25,3910,Sheryl,Myers,sheryl.myers@chambersllc.com,Food technologist,001-349-466-3595x179,2025-03-30,Web,Working
478,2360,Pam,Mccarty,pam.mccarty@cisnerosinc.com,Electronics engineer,001-257-734-2600x9551,2024-09-25,Web,Working
3855,2883,Steven,Newman,steven.newman@coxllc.com,"Geologist, wellsite",297-906-3597x46709,2022-12-20,Referral,Qualified
4777,1207,John,Andrade,john.andrade@williamsgroup.com,Consulting civil engineer,396.373.7674,2024-12-08,Cold Call,Unqualified
7457,3898,Jason,Salas,jason.salas@whitesmithandglover.com,"Restaurant manager, fast food",484.835.4530x820,2024-10-21,Ad,Working
7316,3870,Adriana,Romero,adriana.romero@scottinc.com,Information officer,(607)392-1243,2025-04-07,Web,New
5376,2776,Valerie,Schultz,valerie.schultz@henrywallaceandblair.com,Company secretary,967.319.7632x527,2024-11-10,Web,Working
4061,2323,Dana,Franco,dana.franco@norris-white.com,Armed forces logistics/support/administrative officer,716.500.2185x875,2025-06-29,Web,Working
2320,24,Melinda,Johnson,melinda.johnson@leonardyoderandrodriguez.com,"Surveyor, minerals",860-565-6674x238,2024-10-11,Ad,Unqualified
2956,2724,Todd,White,todd.white@manngroup.com,Hydrogeologist,288-683-1061x506,2023-08-30,Referral,New
4947,1840,Matthew,Harris,matthew.harris@leachevansandreyes.com,"Therapist, horticultural",+1-538-678-6114,2023-08-18,Cold Call,Unqualified
3254,2920,Megan,White,megan.white@edwards-fleming.com,Hydrographic surveyor,368-776-1844x6026,2023-09-08,Ad,Qualified
6524,3086,Mary,Williams,mary.williams@hallinc.com,"Designer, ceramics/pottery",(265)693-1454,2025-05-16,Ad,Qualified
1612,2457,Donna,Parsons,donna.parsons@jordan-rose.com,Magazine journalist,(418)454-2083x69590,2025-01-13,Ad,New
1989,1872,Michelle,Parker,michelle.parker@brown-hawkins.com,Media buyer,(675)910-0947x8223,2024-12-24,Web,Unqualified
2274,1944,Sara,George,sara.george@reyesmillerandkelley.com,Geoscientist,602-724-1236x106,2024-11-28,Web,Unqualified
1474,457,Katrina,Cooper,katrina.cooper@wilson-thompson.com,Educational psychologist,(379)375-7196x5732,2025-02-06,Cold Call,New
232,3232,Sherri,Rogers,sherri.rogers@hansenrichardsonandbarr.com,Solicitor,296.690.8175x406,2025-07-12,Ad,Unqualified
5880,3976,Steven,Hines,steven.hines@keithltd.com,Recycling officer,001-307-580-4563x37917,2024-05-17,Referral,Qualified
3769,958,Jessica,Ruiz,jessica.ruiz@white-rice.com,"Embryologist, clinical",(568)924-8219,2023-02-24,Cold Call,Working
5884,3254,Linda,Conner,linda.conner@wiley-wilson.com,Fisheries officer,(826)313-3906x721,2023-12-11,Cold Call,Unqualified
5058,1392,Melissa,Lee,melissa.lee@gomezduranandrivas.com,"Librarian, public",001-295-247-8263x4348,2025-03-22,Cold Call,Unqualified
6356,3751,Willie,Bell,willie.bell@brown-house.com,Biomedical engineer,+1-471-531-6470x71995,2024-12-22,Cold Call,Working
1943,2211,Dillon,Simon,dillon.simon@smithplc.com,Naval architect,250.725.2731,2025-06-26,Referral,Unqualified
8013,67,Julia,Thomas,julia.thomas@ortizinc.com,Health visitor,864-675-3757x70186,2023-09-12,Referral,Unqualified
6093,1780,Lisa,Farmer,lisa.farmer@fitzpatrickllc.com,Pathologist,436.343.8714x89607,2024-09-02,Cold Call,Unqualified
7589,2801,Thomas,Wall,thomas.wall@leach-morrison.com,Scientific laboratory technician,(711)752-7162x31984,2025-05-18,Cold Call,Qualified
2816,2982,Christine,Jackson,christine.jackson@whiteinc.com,Commercial art gallery manager,,2025-06-13,Ad,Unqualified
2319,24,Linda,Ferrell,linda.ferrell@leonardyoderandrodriguez.com,Civil Service fast streamer,(755)640-7061x929,2024-08-06,Cold Call,Working
558,849,Joseph,Martinez,joseph.martinez@garcia-norman.com,Animal nutritionist,001-717-308-2885x9583,2025-05-28,Web,Unqualified
7555,1568,Victor,Torres,victor.torres@marquez-ramos.com,Garment/textile technologist,+1-294-403-8483x5028,2024-03-15,Web,New
6986,735,William,Howell,william.howell@johnsonplc.com,"Scientist, research (life sciences)",611-556-1829,2024-01-25,Cold Call,Working
4055,78,Anne,Cole,anne.cole@wise-adkins.com,Surgeon,774.317.7252x681,2025-01-13,Ad,Working
688,3745,Vincent,Harris,vincent.harris@raymondjacksonandberg.com,Local government officer,970.684.1855x5108,2024-10-13,Referral,Qualified
4324,409,Brenda,Knight,brenda.knight@browninggroup.com,"Editor, film/video",001-483-558-7863x009,2023-09-02,Cold Call,New
7314,3870,Jordan,Everett,jordan.everett@scottinc.com,Exercise physiologist,274.602.2134x9732,2025-03-07,Ad,Qualified
6350,2529,Jennifer,Smith,jennifer.smith@harringtonchapmanandtorres.com,"Teacher, music",001-905-543-8444x0865,2025-03-15,Cold Call,New
3006,1168,Timothy,Anderson,timothy.anderson@clements-murillo.com,Social researcher,904.925.5992x63372,2025-03-04,Referral,Working
5242,2531,Katherine,Alvarado,katherine.alvarado@harrissmithandrose.com,Product/process development scientist,638.558.1754x3060,2025-06-09,Referral,Qualified
7887,3978,Timothy,Meyers,timothy.meyers@valentine-doyle.com,"Teacher, music",680-357-3778,2024-11-14,Cold Call,Working
5059,1392,Cynthia,Kent,cynthia.kent@gomezduranandrivas.com,Video editor,(824)210-5121,2025-01-22,Web,New
404,3230,Jason,Townsend,jason.townsend@lopezllc.com,Geophysicist/field seismologist,5627816390,2024-02-10,Web,Working
3917,328,Johnathan,Mays,johnathan.mays@rodriguez-smith.com,Air broker,291.287.8465x248,2024-12-24,Web,Unqualified
6264,3338,Jonathan,Ross,jonathan.ross@armstrongwilliamsandmccoy.com,"Embryologist, clinical",266.825.1276x8467,2023-09-05,Web,Unqualified
3360,1077,Devin,Alexander,devin.alexander@bradley-holland.com,Site engineer,001-991-387-3972x2719,2024-09-13,Ad,Qualified
946,3838,Rachel,Boyd,rachel.boyd@cantullc.com,Medical physicist,967.358.6854x711,2024-06-28,Cold Call,New
3259,3183,Michael,Mccormick,michael.mccormick@johnson-frazier.com,"Therapist, music",(909)318-2720,2024-05-24,Web,Working
4348,859,Shane,Price,shane.price@gonzalez-king.com,Homeopath,+1-668-605-4846x147,2025-03-21,Cold Call,Qualified
4961,783,Joseph,Black,joseph.black@mitchell-gonzalez.com,Chiropractor,+1-227-848-9779,2025-06-30,Cold Call,Qualified
6472,484,Teresa,Molina,teresa.molina@reyes-moore.com,Music tutor,,2024-09-06,Ad,New
4133,3925,Andrew,Cameron,andrew.cameron@bradshawgarnerandpope.com,Probation officer,001-789-482-4054x6659,2025-01-13,Cold Call,New
4246,1505,Brittany,Gonzalez,brittany.gonzalez@stuart-howard.com,Dealer,+1-507-593-6040,2025-04-12,Cold Call,Working
5480,3204,Theresa,Cooper,theresa.cooper@padillallc.com,Health and safety adviser,(280)817-4790,2025-07-16,Web,Qualified
2807,1264,Steven,Smith,steven.smith@sanchezllc.com,"Education officer, environmental",+1-490-704-3466,2024-01-12,Referral,Working
5850,104,Steven,Johnson,steven.johnson@perez-martin.com,"Scientist, forensic",786-228-7311,2025-05-15,Ad,New
5021,1775,Regina,Kim,regina.kim@hillgroup.com,"Teacher, secondary school",+1-246-798-7981,2025-04-04,Referral,Unqualified
635,3972,Wendy,Roman,wendy.roman@jamesandersonandmoore.com,Trading standards officer,878.882.1577,2024-09-30,Ad,New
3505,3231,Eric,Buck,eric.buck@hawkinsmayandmiller.com,Electrical engineer,232-681-6846,2023-11-17,Cold Call,Working
4703,1719,Amy,Riddle,amy.riddle@colemanallenandnewton.com,Facilities manager,573-785-3479x096,2024-02-14,Referral,Unqualified
5085,832,Matthew,Mueller,matthew.mueller@harrisltd.com,"Nurse, adult",328.913.3916,2024-06-26,Cold Call,Unqualified
5463,3832,Sherry,Nguyen,sherry.nguyen@gonzales-acosta.com,Counselling psychologist,(542)422-6944,2025-06-16,Ad,Qualified
3413,785,Ashley,Myers,ashley.myers@davismclaughlinanddavidson.com,Regulatory affairs officer,(777)269-9890,2024-01-05,Web,Unqualified
639,363,Anna,Perez,anna.perez@conradtapiaandwalsh.com,Facilities manager,698.992.5073,2024-05-29,Web,Qualified
3549,2372,Brian,Barrett,brian.barrett@vaughanllc.com,Medical sales representative,(482)539-7195,2022-10-02,Web,Qualified
3308,3119,James,Griffin,james.griffin@johnsonandsons.com,Careers adviser,225.364.7476x3075,2025-04-18,Cold Call,Working
1887,1618,Paula,Berry,paula.berry@gonzalesinc.com,Materials engineer,838-973-4779,2025-07-08,Ad,Qualified
2642,1914,Francis,Jones,francis.jones@watsongroup.com,Animal technologist,229.884.2110x707,2025-05-24,Referral,Working
7566,2072,David,Williams,david.williams@castilloandsons.com,Theatre manager,+1-519-857-1816,2024-01-24,Web,Working
5592,553,Ashley,Taylor,ashley.taylor@kidd-stewart.com,Energy manager,+1-888-259-5072x868,2024-06-19,Cold Call,Unqualified
1693,1145,Kimberly,Edwards,kimberly.edwards@hayden-chapman.com,"Therapist, sports",+1-851-242-3800x6342,2025-03-18,Ad,Working
6673,3215,John,Smith,john.smith@ramsey-lucas.com,Senior tax professional/tax inspector,,2025-06-26,Referral,Qualified
2076,2068,Jeffrey,Warner,jeffrey.warner@chavezgroup.com,Field trials officer,(339)218-4707x91931,2023-09-14,Cold Call,Qualified
6151,771,Robert,Wallace,robert.wallace@fieldsinc.com,Human resources officer,+1-475-958-0538x9082,2025-07-08,Web,Working
6878,3603,Stephanie,Gray,stephanie.gray@mills-brock.com,Special educational needs teacher,264-994-0837x9024,2025-01-08,Referral,Working
1532,3307,Evelyn,Flores,evelyn.flores@gregory-benjamin.com,Public house manager,001-439-229-5886x5591,2023-10-28,Referral,Unqualified
6978,367,Christopher,Johnson,christopher.johnson@klein-jordan.com,Theatre manager,(537)610-1514x44866,2023-09-23,Referral,New
2619,2076,Jesse,Becker,jesse.becker@patellopezandellison.com,Oceanographer,001-690-568-8985x943,2025-04-10,Ad,New
1854,2472,Joseph,Turner,joseph.turner@wilsonltd.com,"Engineer, communications",(347)275-4900,2024-03-20,Ad,Unqualified
140,917,Bridget,Werner,bridget.werner@joneswalkerandwilliams.com,Translator,001-204-729-3679,2024-08-08,Ad,Unqualified
4532,2674,Jeff,Ramsey,jeff.ramsey@garner-valdez.com,"Physicist, medical",6679504322,2023-12-12,Ad,Unqualified
5364,2979,Lisa,Page,lisa.page@hillplc.com,Geoscientist,,2025-07-03,Web,Working
6242,2397,Jeff,Hoover,jeff.hoover@brooksllc.com,"Exhibitions officer, museum/gallery",001-215-860-2536x297,2025-02-23,Cold Call,Qualified
5371,108,James,Roberts,james.roberts@smithgroup.com,Hydrologist,001-490-654-6234x79210,2025-05-30,Web,Unqualified
221,2132,Tracy,Vasquez,tracy.vasquez@harveyhaneyandwilkinson.com,Freight forwarder,+1-880-568-6228x1168,2023-08-20,Ad,Working
3757,1282,Colton,Escobar,colton.escobar@lawrencewebsterandmorris.com,"Pharmacist, community",3953090558,2024-12-19,Web,Qualified
7959,2267,Natalie,Soto,natalie.soto@fisher-sanchez.com,Psychiatrist,493-700-0195x212,2025-02-08,Ad,Working
667,3933,Ann,Ward,ann.ward@hallllc.com,Writer,+1-971-789-8788x65558,2025-04-13,Web,Unqualified
1031,929,William,James,william.james@fullerplc.com,Hydrographic surveyor,001-426-996-6653x413,2023-06-10,Cold Call,Unqualified
7483,605,William,Evans,william.evans@mckinneyplc.com,Colour technologist,(232)830-3152,2025-07-12,Web,Working
5755,1653,Chad,Brown,chad.brown@loveheathandsanchez.com,Osteopath,655.758.2496x39225,2025-02-09,Ad,New
3337,3387,Debbie,Clark,debbie.clark@ellisonperryandcunningham.com,"Research officer, government",001-329-225-1973x77757,2024-08-18,Ad,Unqualified
1993,1983,Barbara,Patterson,barbara.patterson@castro-baker.com,Medical technical officer,971-608-4677x5052,2025-06-22,Ad,New
4694,2110,Kenneth,Benjamin,kenneth.benjamin@carroll-york.com,"Teacher, early years/pre",975-261-2534x449,2025-04-30,Ad,Unqualified
4980,1560,Gloria,Simmons,gloria.simmons@hart-stewart.com,"Designer, industrial/product",(886)453-0486,2025-07-07,Web,Working
4665,761,Catherine,Winters,catherine.winters@bentley-owens.com,"Social research officer, government",7706627484,2025-03-30,Referral,New
3727,543,Robert,Ramirez,robert.ramirez@silva-beck.com,Fast food restaurant manager,+1-975-527-9278x4216,2024-10-13,Web,Unqualified
5860,2291,Eric,Watkins,eric.watkins@cole-combs.com,"Engineer, energy",+1-832-500-2126x0399,2024-07-22,Ad,Unqualified
4057,2964,Susan,Knight,susan.knight@arnoldplc.com,"Clinical scientist, histocompatibility and immunogenetics",(260)629-2569,2025-06-14,Ad,Unqualified
1400,3871,Natalie,Stone,natalie.stone@russo-burke.com,Metallurgist,001-828-287-1581x3677,2025-06-16,Referral,Unqualified
7722,3614,Joshua,Mays,joshua.mays@james-medina.com,"Production designer, theatre/television/film",(975)998-4012x9782,2025-01-10,Ad,Qualified
5117,2942,Carlos,Morgan,carlos.morgan@johnsonplc.com,"Engineer, chemical",(402)795-6799x301,2024-09-01,Ad,Qualified
1391,332,Rebecca,Smith,rebecca.smith@chapman-evans.com,Product/process development scientist,704.986.3790x70868,2024-02-24,Cold Call,Qualified
1791,1539,Erik,Smith,erik.smith@hill-stephens.com,Field seismologist,489.369.7653x3639,2023-11-12,Referral,Qualified
3347,3201,Jeffrey,Hensley,jeffrey.hensley@wallaceltd.com,Administrator,281-442-1109,2024-08-22,Referral,Unqualified
4630,826,Hayley,Mendoza,hayley.mendoza@bradythompsonandmcdonald.com,Chartered loss adjuster,,2025-02-11,Web,Qualified
1110,2495,Terry,Farmer,terry.farmer@williamsburtonandreid.com,Camera operator,695-239-2829x911,2025-06-17,Cold Call,Working
4572,3771,Michaela,Hale,michaela.hale@torreshudsonandmueller.com,Senior tax professional/tax inspector,001-846-737-0159x40892,2024-04-02,Web,New
509,2333,Bruce,Hunt,bruce.hunt@edwardswallsandmitchell.com,Land,2543847179,2024-11-06,Web,Working
3543,2345,Melissa,Barnes,melissa.barnes@hamiltonballardandmartin.com,Barrister,,2025-02-14,Referral,Working
5857,3586,Sheila,Garcia,sheila.garcia@murphyhernandezandlewis.com,Chiropractor,764.290.1056,2025-04-27,Web,Working
2011,2498,Laura,Miller,laura.miller@petersendavisandmitchell.com,Barrister's clerk,4306901022,2025-01-24,Ad,New
5784,962,Joseph,Sullivan,joseph.sullivan@sanchezllc.com,"Accountant, chartered management",(847)904-9519x7198,2025-06-05,Referral,Working
859,3877,Heather,Taylor,heather.taylor@smithhenryandgonzalez.com,Production engineer,+1-799-803-5357,2025-03-05,Web,New
1179,1111,Hannah,Garrison,hannah.garrison@kim-perez.com,Adult guidance worker,750-421-2503,2025-02-01,Web,Working
6211,1740,Katie,Ford,katie.ford@blevinsplc.com,"Education officer, museum",538-352-7428x2742,2024-11-22,Referral,New
5445,349,Richard,Massey,richard.massey@boyercostaandmoore.com,"Programmer, applications",(231)869-2485x66985,2025-04-17,Web,Unqualified
4090,29,Deborah,Moreno,deborah.moreno@welchrobersonandlopez.com,Chartered legal executive (England and Wales),664.906.3714x0409,2024-09-27,Cold Call,Qualified
3030,2135,David,Smith,david.smith@bakerplc.com,Public relations officer,+1-733-914-5194x450,2025-04-07,Web,Qualified
3044,3656,Carl,Flynn,carl.flynn@morsegroup.com,Professor Emeritus,+1-347-867-5030x87627,2024-07-05,Cold Call,Unqualified
1970,1060,Preston,Murray,preston.murray@rosales-hicks.com,Computer games developer,963-952-4675,2024-08-23,Web,Unqualified
1893,1452,Raymond,Nolan,raymond.nolan@contrerashoffmanandknight.com,Facilities manager,001-351-697-7845x29531,2024-10-20,Cold Call,Qualified
5220,2058,Kevin,Hernandez,kevin.hernandez@frazier-anderson.com,IT consultant,,2025-06-29,Ad,Unqualified
6226,1580,Michelle,Bass,michelle.bass@smithltd.com,"Lecturer, higher education",968.702.7846,2025-03-07,Ad,Unqualified
4845,2456,Samuel,Bailey,samuel.bailey@robles-kirby.com,Copy,287-754-7167x9265,2025-05-25,Cold Call,Qualified
6996,2560,Kathy,Jones,kathy.jones@garrettandsons.com,"Therapist, drama",571.670.6653x673,2024-04-06,Referral,Qualified
1250,2849,Mary,Lewis,mary.lewis@scottparkerandvilla.com,Health and safety inspector,679-773-9437,2025-05-12,Cold Call,New
8076,3227,Amy,Cox,amy.cox@clarkinc.com,Sports administrator,967-379-2575x2353,2025-07-04,Web,New
7916,3715,Angela,Anderson,angela.anderson@taylorjonesandperez.com,Lexicographer,(965)369-5117x715,2025-01-03,Ad,Qualified
722,3182,Steve,Page,steve.page@jackson-lucas.com,Veterinary surgeon,001-631-913-0408,2024-12-20,Referral,Unqualified
2006,3332,Shannon,Villa,shannon.villa@olson-stuart.com,Research scientist (maths),001-415-577-8863,2025-07-07,Cold Call,Qualified
3568,676,Matthew,Knox,matthew.knox@hayes-sexton.com,Child psychotherapist,+1-668-532-2318x854,2024-02-18,Referral,New
4695,2110,Tony,Johnson,tony.johnson@carroll-york.com,"Journalist, newspaper",,2025-02-12,Ad,Qualified
6158,1737,Andrea,Keller,andrea.keller@davidplc.com,English as a foreign language teacher,+1-640-280-5233x03975,2025-04-28,Cold Call,Working
2261,270,Lonnie,King,lonnie.king@chavezltd.com,Product manager,(345)702-7897x8879,2024-08-16,Ad,Working
504,2040,Robert,Price,robert.price@cooleyplc.com,Local government officer,265-384-0932,2024-09-10,Referral,New
5084,147,Jacqueline,Carter,jacqueline.carter@johnsongroup.com,Scientific laboratory technician,001-910-593-7412x3367,2025-07-17,Cold Call,Unqualified
6189,2056,Veronica,Ho,veronica.ho@stewartplc.com,"Therapist, horticultural",(750)307-5224,2023-06-01,Web,Working
7893,1041,Malik,Martinez,malik.martinez@mckinneyplc.com,Office manager,+1-680-435-8727x491,2023-12-31,Web,New
6719,1875,Mary,Berry,mary.berry@adamsgonzalezandthomas.com,"Therapist, music",230.952.4765x78860,2023-08-02,Referral,Unqualified
5012,3663,Tammy,Davis,tammy.davis@ruizltd.com,Secondary school teacher,(440)224-8805x71843,2025-07-04,Referral,Unqualified
2752,3253,Caitlin,Cervantes,caitlin.cervantes@robersoncarlsonandgarza.com,Scientific laboratory technician,001-209-285-6488x399,2025-06-10,Cold Call,Unqualified
4255,1440,Krista,Chandler,krista.chandler@higgins-davis.com,"Surveyor, insurance",+1-397-310-0133x500,2025-03-26,Referral,New
134,2710,Christy,Sanders,christy.sanders@curryllc.com,Patent examiner,(665)700-0814,2025-04-16,Referral,Qualified
936,560,William,Collins,william.collins@kelley-sanchez.com,Communications engineer,(392)968-0826x8477,2024-07-26,Web,Working
5622,924,Amy,Smith,amy.smith@waltonandsons.com,Sports administrator,+1-299-437-9196,2024-09-02,Web,New
1784,2017,Nicole,Allen,nicole.allen@grossruizandwatson.com,Futures trader,9403363364,2025-02-22,Web,Qualified
1118,315,Alan,Andersen,alan.andersen@daniel-weaver.com,Trading standards officer,255-880-8910x717,2024-10-30,Cold Call,Unqualified
5546,3269,Glenn,Hill,glenn.hill@saunders-allen.com,Licensed conveyancer,(801)336-3795x382,2025-03-31,Web,Working
2184,13,Caitlin,Hunter,caitlin.hunter@tuckervaughanandhernandez.com,Chartered certified accountant,4787354672,2025-04-27,Cold Call,Working
7986,3164,Nicole,Rocha,nicole.rocha@shaffer-james.com,"Engineer, materials",(691)530-6865,2025-06-23,Ad,Unqualified
7260,2585,Bradley,Davis,bradley.davis@edwardsgroup.com,Structural engineer,001-395-658-6131,2025-05-23,Ad,Qualified
6902,3135,Jacqueline,West,jacqueline.west@guerra-evans.com,Financial trader,001-571-225-2113x8044,2025-02-02,Ad,Working
7423,660,Misty,Fowler,misty.fowler@hallespinozaandmoore.com,Special educational needs teacher,784.356.6069,2024-09-27,Referral,New
2840,3213,Cynthia,Curry,cynthia.curry@danielsinc.com,Product designer,839-705-3938x7499,2025-05-17,Referral,Working
2221,1496,Craig,Morton,craig.morton@bakercruzandbowman.com,Veterinary surgeon,001-768-803-8052x77197,2023-01-08,Ad,Qualified
2035,612,Amanda,Mitchell,amanda.mitchell@keller-hood.com,Magazine journalist,(661)325-0192x28135,2024-09-06,Referral,New
3897,1166,Christine,Riggs,christine.riggs@fowlerdiazandnavarro.com,Publishing rights manager,431.406.9201,2024-10-27,Referral,Working
2364,1878,Samantha,Morales,samantha.morales@stuart-jones.com,"Designer, jewellery",001-997-588-4028x192,2024-02-15,Ad,Working
6336,1097,Linda,Thompson,linda.thompson@greenrobinsonandquinn.com,"Nurse, children's",+1-974-360-3385x8492,2024-08-17,Cold Call,Working
226,2926,Jeffrey,Johnson,jeffrey.johnson@blanchardgarciaandbennett.com,Intelligence analyst,(507)944-2997x720,2025-06-19,Web,Qualified
4459,3191,Phillip,Mitchell,phillip.mitchell@callahanandsons.com,Armed forces logistics/support/administrative officer,+1-974-746-6690x42746,2025-05-13,Ad,New
3287,2464,Brandi,Hall,brandi.hall@lewisllc.com,Health promotion specialist,379-373-7389,2023-03-30,Web,Qualified
3922,3515,Charles,Michael,charles.michael@castro-burns.com,Maintenance engineer,001-398-873-1484x984,2023-06-28,Cold Call,Qualified
1868,394,Jaime,Townsend,jaime.townsend@mercado-graves.com,"Therapist, occupational",969-369-4387x50594,2025-01-11,Referral,New
6734,2551,Alexandria,Frazier,alexandria.frazier@phillipsllc.com,"Engineer, petroleum",9876302965,2025-01-03,Ad,Qualified
586,1057,Tara,Carter,tara.carter@gonzaleslewisandclark.com,"Psychologist, occupational",(301)933-7725,2025-03-06,Ad,Unqualified
7914,3050,Angela,Thomas,angela.thomas@hill-hicks.com,Camera operator,8583838477,2025-05-13,Referral,Qualified
7039,310,Joshua,Gill,joshua.gill@coxgonzalezandrobinson.com,Textile designer,001-763-454-7697,2025-07-04,Referral,Unqualified
4513,1214,David,Phillips,david.phillips@walshschwartzandburke.com,Call centre manager,+1-530-505-2714,2024-10-18,Web,Unqualified
1632,1824,Lisa,Mcdonald,lisa.mcdonald@andersonrobinsonandmurphy.com,Warehouse manager,+1-856-748-3510x344,2025-03-16,Referral,Qualified
1890,1144,Russell,Murphy,russell.murphy@hallandersonandblack.com,"Production assistant, television",+1-929-464-8324x7947,2025-06-04,Web,Unqualified
888,1244,Claire,Warren,claire.warren@conradplc.com,Trading standards officer,(973)256-6159,2024-09-23,Web,Unqualified
6325,3216,Thomas,Harrington,thomas.harrington@hale-bennett.com,Outdoor activities/education manager,001-577-988-8320x452,2024-12-07,Web,Unqualified
671,3097,Carlos,Hood,carlos.hood@williams-morgan.com,Education administrator,691-451-7174x9460,2024-08-21,Web,Qualified
3359,2931,Cristina,Rodriguez,cristina.rodriguez@barker-edwards.com,IT trainer,(698)688-4603x767,2025-04-08,Web,Unqualified
1600,3962,Alexis,Oconnor,alexis.oconnor@mcintyreltd.com,Advertising account executive,856-403-0256x81789,2025-05-27,Referral,Unqualified
3323,615,Jonathon,Wright,jonathon.wright@rodrigueztaylorandjohnson.com,Textile designer,001-554-435-7881x107,2025-01-15,Web,Qualified
2746,520,Chase,Griffith,chase.griffith@roberts-perry.com,"Surveyor, building control",2247312836,2024-02-17,Ad,Working
2551,419,Ricky,Gordon,ricky.gordon@jarvis-stevens.com,"Administrator, arts",(871)438-9729x77786,2024-10-26,Referral,Working
5647,1690,Susan,Odom,susan.odom@white-holden.com,Financial risk analyst,234.998.4172x4379,2023-03-04,Ad,Unqualified
1924,805,William,Wilson,william.wilson@avilaltd.com,Photographer,+1-342-439-8250,2025-06-09,Referral,New
3920,2566,Kyle,House,kyle.house@young-buchanan.com,"Producer, television/film/video",001-335-400-8678,2023-01-29,Ad,New
4233,1966,David,Lopez,david.lopez@gray-gross.com,Hotel manager,4427540190,2023-10-28,Referral,New
6623,2316,Thomas,Parker,thomas.parker@marshallllc.com,"Teacher, special educational needs",8986174404,2024-03-22,Ad,Unqualified
7192,2562,Sharon,Davis,sharon.davis@brown-michael.com,"Pilot, airline",480-785-3608x36521,2025-05-24,Ad,New
4889,2944,Andrea,Simpson,andrea.simpson@campbellobrienandcardenas.com,Architect,753.338.2610x5871,2024-12-22,Cold Call,Unqualified
2228,386,Michael,Wilson,michael.wilson@yoder-glenn.com,Occupational hygienist,211.606.0970,2025-07-14,Cold Call,Unqualified
3860,1776,Tiffany,Winters,tiffany.winters@villegasgroup.com,"Surveyor, planning and development",001-402-382-3552x27953,2025-02-01,Web,Unqualified
1217,2518,Rachael,Ponce,rachael.ponce@webballenandchan.com,Mental health nurse,853.747.0451x78605,2024-01-08,Ad,Working
6577,2802,Francisco,Brown,francisco.brown@smithinc.com,"Education officer, museum",493.977.1818,2024-07-29,Ad,Working
7991,2516,Amy,Williams,amy.williams@ellisltd.com,Chartered accountant,+1-764-538-8707x1945,2025-04-16,Ad,Unqualified
1535,1135,Roberto,Smith,roberto.smith@frazierdavisandblair.com,TEFL teacher,475-862-0105,2025-07-06,Ad,New
5249,3829,Sarah,Ramirez,sarah.ramirez@thomas-kennedy.com,"Secretary, company",(985)903-1346,2024-12-20,Web,Working
6506,1451,Stacy,Freeman,stacy.freeman@hubermedinaandlyons.com,"Conservator, museum/gallery",675.855.9101,2025-02-23,Cold Call,New
3679,631,Michelle,Hunter,michelle.hunter@smithjacksonandschmidt.com,Engineering geologist,(990)362-0670x2311,2024-09-14,Cold Call,New
6774,3781,Tina,Anderson,tina.anderson@foxrodriguezandrussell.com,Energy manager,+1-856-622-7230,2025-03-09,Referral,Working
6411,922,James,Bailey,james.bailey@jonesvincentandlara.com,Horticultural therapist,3467032226,2025-05-01,Referral,New
1486,2256,Eric,Moss,eric.moss@mclaughlin-gonzales.com,Chartered accountant,266.997.0623,2025-06-01,Cold Call,Working
5115,2942,Mark,Kennedy,mark.kennedy@johnsonplc.com,Hotel manager,+1-230-417-5158,2024-05-17,Web,Unqualified
3654,837,Matthew,White,matthew.white@stevens-willis.com,Investment analyst,001-302-756-6302x09612,2025-06-12,Web,Unqualified
683,1758,Kaitlyn,Mcdaniel,kaitlyn.mcdaniel@banksllc.com,Information systems manager,+1-628-835-2565x827,2024-10-24,Web,New
7819,3556,Justin,Romero,justin.romero@wheeler-cooper.com,Accommodation manager,+1-573-705-6467x168,2024-09-02,Web,Qualified
1864,296,Lisa,Schwartz,lisa.schwartz@taylor-beck.com,"Surveyor, minerals",702-518-1778,2025-06-12,Cold Call,Working
7536,1334,Vincent,Rivers,vincent.rivers@howellandsons.com,Sub,488.332.7133x6356,2024-08-07,Web,New
7207,2774,Vicki,Suarez,vicki.suarez@mcdanielkingandsimpson.com,Lawyer,9887102007,2024-08-30,Referral,Working
7284,2012,Karen,Blair,karen.blair@baker-gonzales.com,Agricultural engineer,261-921-4944x44222,2025-07-06,Referral,Working
1699,2539,Denise,Mckee,denise.mckee@brownsanchezandcook.com,"Engineer, structural",001-282-360-8528x8820,2024-10-17,Cold Call,Working
1165,2459,Jordan,Jimenez,jordan.jimenez@cooperandsons.com,Garment/textile technologist,(964)417-9524x25221,2023-12-08,Web,New
1005,3831,Ryan,Wells,ryan.wells@odonnell-robinson.com,Volunteer coordinator,(671)218-0007,2024-11-03,Ad,Unqualified
4054,78,Timothy,Simmons,timothy.simmons@wise-adkins.com,Music tutor,001-760-586-6516,2023-11-14,Cold Call,Working
4282,626,Mary,Taylor,mary.taylor@bryantgroup.com,"Surveyor, minerals",927-457-8357x75710,2025-05-06,Cold Call,Working
317,3935,Sandy,Knight,sandy.knight@davenportandsons.com,Hospital pharmacist,460.431.1510x952,2025-05-24,Web,Qualified
2560,3125,Christopher,Brown,christopher.brown@hunterplc.com,Clinical molecular geneticist,7292347832,2025-04-20,Web,New
6223,3261,Laura,Swanson,laura.swanson@malonemitchellandzhang.com,Materials engineer,657-912-5112x284,2025-05-16,Web,Unqualified
6172,2314,Brad,Gomez,brad.gomez@durhamwrightandchen.com,Psychiatrist,001-890-953-2150x640,2025-02-06,Web,Qualified
1599,1722,Margaret,Thomas,margaret.thomas@bryantinc.com,Camera operator,321.742.1188x56640,2024-03-12,Cold Call,Working
660,2573,Troy,Berry,troy.berry@jacksondominguezandpacheco.com,Corporate treasurer,930-496-7736,2025-07-09,Ad,Qualified
2324,995,Scott,Brooks,scott.brooks@cooperinc.com,Energy engineer,(886)681-4279,2024-09-01,Ad,New
3340,3017,Stacey,Peters,stacey.peters@castaneda-campbell.com,Financial planner,(550)400-5508,2025-04-06,Ad,New
4965,3575,Mariah,Whitehead,mariah.whitehead@bowman-moore.com,Field seismologist,398.277.4448x78368,2025-07-03,Ad,New
2004,3332,Brian,Patel,brian.patel@olson-stuart.com,"Accountant, chartered public finance",709-359-5417x8387,2025-07-02,Ad,New
7780,717,Lisa,Johnson,lisa.johnson@adams-mcgee.com,Aid worker,,2023-11-30,Ad,New
2976,3854,Audrey,Hart,audrey.hart@leblanc-perez.com,Mechanical engineer,+1-260-765-5849x630,2024-09-26,Web,Working
883,2320,Kaylee,Meadows,kaylee.meadows@hood-parker.com,Health service manager,493-826-1589x8575,2025-06-04,Web,New
971,3393,Savannah,Powell,savannah.powell@smith-andrews.com,Accommodation manager,228.822.5036,2024-01-31,Web,New
1559,997,Glenda,Knight,glenda.knight@fernandeztaylorandsaunders.com,Contracting civil engineer,533.818.1160x8850,2024-12-04,Cold Call,New
7496,2084,Daniel,Ibarra,daniel.ibarra@rileygroup.com,Medical physicist,630-490-0530,2023-01-19,Referral,Unqualified
7311,2827,Luis,Matthews,luis.matthews@mejiamorrisandhill.com,Energy manager,534-386-4316x15774,2025-05-08,Ad,Qualified
7067,2571,Beth,Payne,beth.payne@mccullough-mclaughlin.com,Prison officer,476.274.2169x18609,2024-02-12,Web,Qualified
2444,960,Stuart,Williams,stuart.williams@snowllc.com,Patent attorney,233-208-4929x85227,2023-10-31,Referral,Qualified
1769,2489,Dale,Ramirez,dale.ramirez@grimes-morales.com,Geoscientist,,2025-04-20,Cold Call,New
1726,451,Deanna,Lamb,deanna.lamb@erickson-bernard.com,Prison officer,412-771-6394x960,2023-10-18,Web,New
2199,2735,Christina,Henry,christina.henry@christianturnerandnorris.com,Operational investment banker,001-209-484-7188x35585,2024-12-26,Ad,New
829,1559,Paul,Holmes,paul.holmes@greengroup.com,Risk manager,001-661-806-1045x69328,2024-06-04,Referral,New
7081,3126,Lauren,Rosales,lauren.rosales@bensongroup.com,Metallurgist,001-865-705-3995x77538,2025-06-19,Web,Unqualified
1691,1564,Victor,Jones,victor.jones@jonesdiazandmiller.com,Building surveyor,+1-983-828-1505x08390,2025-07-13,Cold Call,Unqualified
6638,3306,Adam,Cooper,adam.cooper@roberts-campos.com,Interior and spatial designer,7515952245,2025-05-01,Ad,Unqualified
5366,3503,Justin,Jones,justin.jones@campbell-sanchez.com,Personnel officer,001-633-395-4390x344,2024-03-09,Web,Working
1189,814,Rebecca,Reed,rebecca.reed@davisstoneandvasquez.com,"Engineer, communications",856.436.3258x24503,2025-03-29,Referral,Working
6188,694,Randall,Nguyen,randall.nguyen@brown-cox.com,Clinical research associate,,2025-01-08,Referral,New
6498,727,Andrew,Perry,andrew.perry@garciashawandlee.com,Geographical information systems officer,644-716-0128x7805,2024-06-25,Referral,Qualified
7440,3921,Kristina,Andrews,kristina.andrews@kanebensonandchavez.com,Optometrist,991.393.1982,2024-08-23,Ad,Unqualified
1668,3939,Jose,Smith,jose.smith@thompson-smith.com,Quantity surveyor,001-428-523-3810x532,2024-12-13,Cold Call,Qualified
344,683,Spencer,Daniels,spencer.daniels@harperltd.com,Veterinary surgeon,,2024-04-25,Web,Working
2170,947,Deanna,Smith,deanna.smith@mortonmckeeandrobbins.com,Animal nutritionist,(259)220-3984x736,2024-04-16,Referral,Unqualified
4807,3792,Bradley,Chandler,bradley.chandler@lopezobrienandramos.com,Insurance underwriter,230.729.8195x5768,2024-10-01,Ad,New
1127,171,Angela,Pratt,angela.pratt@alexandermarshallandhenderson.com,Engineering geologist,001-403-595-9167x93329,2025-07-03,Referral,Unqualified
6682,880,Justin,Parker,justin.parker@lewis-singh.com,Optometrist,533-596-7744,2024-12-03,Cold Call,Unqualified
2825,3358,Michael,Taylor,michael.taylor@george-dudley.com,Medical technical officer,001-639-789-3498,2024-07-06,Web,New
4916,3304,Jonathan,Reynolds,jonathan.reynolds@herreracalhounandkelley.com,Tour manager,(463)762-4962x9731,2025-04-08,Cold Call,Working
139,3583,Steve,Hernandez,steve.hernandez@johnsonschaeferandrodriguez.com,Cabin crew,+1-441-700-0031x71420,2024-09-26,Cold Call,New
6947,329,Kimberly,Walker,kimberly.walker@torresarnoldandkim.com,Television camera operator,001-836-846-5295,2025-05-05,Ad,Working
7225,2217,Shelly,Sims,shelly.sims@bishop-anderson.com,"Accountant, chartered",(377)563-7896x652,2025-05-04,Web,New
7091,402,Ralph,Nelson,ralph.nelson@hillpettyandcampbell.com,Dispensing optician,(851)935-1301,2023-11-27,Web,Working
7191,2562,Kevin,Farmer,kevin.farmer@brown-michael.com,Cytogeneticist,226-776-1121x96264,2025-06-27,Referral,Working
7475,3920,David,Schultz,david.schultz@meyerwoodardandmcmillan.com,Environmental health practitioner,548.844.5755x7428,2024-12-22,Cold Call,Working
5032,1043,Paul,Alexander,paul.alexander@coxdavisandpierce.com,Mudlogger,980-860-9615x475,2024-12-23,Web,Unqualified
6353,671,Kristina,Taylor,kristina.taylor@terrythompsonandcampos.com,Learning disability nurse,+1-762-267-9387x197,2025-04-30,Ad,Qualified
7285,2012,Kiara,Chapman,kiara.chapman@baker-gonzales.com,"Conservation officer, nature",+1-251-764-5340x048,2025-02-26,Ad,New
649,3134,Eric,Jenkins,eric.jenkins@harrisonfarrellanddavis.com,Geophysical data processor,523-367-0788x181,2024-12-23,Cold Call,New
910,544,Danielle,Smith,danielle.smith@obrienfordandpetty.com,Child psychotherapist,5553286238,2025-01-20,Referral,Qualified
7264,2564,Courtney,Dawson,courtney.dawson@millerandsons.com,Risk analyst,(987)483-1220x28636,2025-07-08,Web,Working
7127,1692,George,Thompson,george.thompson@gonzales-woodward.com,Contractor,894-311-2141,2025-05-17,Referral,Working
60,1569,Brian,Gregory,brian.gregory@mossllc.com,Futures trader,750-953-9065x4747,2025-01-11,Ad,Working
6815,2086,Angela,Tate,angela.tate@green-ramirez.com,"Psychologist, educational",(383)473-4945,2024-01-13,Web,Unqualified
7664,2095,David,Wright,david.wright@robinsonplc.com,"Engineer, maintenance (IT)",001-550-925-8360x796,2023-09-21,Ad,Unqualified
6799,149,Erica,Levine,erica.levine@cisnerosandsons.com,"Lecturer, further education",(477)374-5072,2024-11-13,Web,New
98,2181,Jacob,Arroyo,jacob.arroyo@moorenavarroandnichols.com,"Optician, dispensing",001-598-377-0178,2024-07-17,Web,Qualified
4611,519,David,Sanchez,david.sanchez@wilsonltd.com,Emergency planning/management officer,001-626-731-3334,2025-07-18,Referral,Unqualified
7144,3047,Susan,Randall,susan.randall@baileyinc.com,"Teacher, adult education",001-633-866-2147x3489,2025-01-12,Ad,Working
5078,1865,Blake,Hoover,blake.hoover@taylor-miller.com,Prison officer,877.489.9885x54089,2023-12-12,Ad,Unqualified
1325,3043,Paul,Johnston,paul.johnston@lopezdoughertyandpalmer.com,"Engineer, aeronautical",734.901.7338x23734,2025-06-23,Web,New
4415,1846,Christopher,Flores,christopher.flores@jacksonroyandmalone.com,Surgeon,930-856-6441x850,2025-06-11,Web,Working
1372,1530,Heather,Simon,heather.simon@miller-mckinney.com,"Engineer, materials",339-334-0768x9624,2025-03-09,Web,New
5114,387,Garrett,Perry,garrett.perry@miller-rivera.com,"Psychologist, counselling",(317)557-9258x3627,2023-11-02,Ad,Qualified
6937,932,Ryan,Peterson,ryan.peterson@hensleyhornandhurst.com,Tourist information centre manager,001-524-394-9888x5392,2023-12-28,Cold Call,Working
1448,1562,Audrey,Johnson,audrey.johnson@griffinsmithandmoore.com,Farm manager,+1-924-556-8027x0388,2025-01-05,Web,Qualified
447,2544,Victor,Moran,victor.moran@webbltd.com,Commercial horticulturist,537.342.1808x72736,2025-05-31,Cold Call,Unqualified
8041,1039,Rebekah,Hawkins,rebekah.hawkins@murphymyersandtaylor.com,Analytical chemist,5353241681,2025-01-08,Cold Call,Unqualified
1578,2854,Charles,Reid,charles.reid@smith-blanchard.com,Amenity horticulturist,(215)722-0921x04531,2024-11-18,Web,Unqualified
6471,484,Sabrina,Davis,sabrina.davis@reyes-moore.com,Environmental manager,553.745.2063,2024-11-30,Referral,Working
3404,3787,Shawn,Briggs,shawn.briggs@frank-meza.com,"Programmer, multimedia",375-989-6250x23610,2025-06-10,Web,Working
5702,2859,Gregg,Howard,gregg.howard@clarkgroup.com,Chartered legal executive (England and Wales),(699)242-3033,2025-02-10,Ad,Qualified
2870,2337,Larry,Davidson,larry.davidson@gonzalesbakerandwilson.com,"Education officer, community",001-654-732-9315x0176,2023-09-05,Cold Call,New
1825,1108,Karina,Bradley,karina.bradley@lewisbartonanddavis.com,Diplomatic Services operational officer,2509926312,2025-04-16,Referral,Unqualified
3652,3459,Patrick,Watson,patrick.watson@clarkandsons.com,Equities trader,001-401-718-2835x1996,2024-12-08,Web,Working
4650,192,Julie,Duke,julie.duke@white-delacruz.com,Tour manager,,2025-05-16,Cold Call,Working
3182,3455,Todd,James,todd.james@mendez-reyes.com,Bookseller,852.986.0291x12064,2024-02-25,Ad,Qualified
6609,2670,Andrew,Adkins,andrew.adkins@estes-cardenas.com,Conference centre manager,525.232.7500,2024-11-02,Referral,Qualified
3601,1705,Michael,Harding,michael.harding@willisllc.com,Investment analyst,+1-914-778-0692x96613,2025-03-27,Cold Call,Working
1191,814,James,Young,james.young@davisstoneandvasquez.com,"Therapist, nutritional",(440)985-1821x298,2025-05-19,Web,New
6665,1789,Erik,Hall,erik.hall@greenclarkandlewis.com,Conference centre manager,001-691-516-8383x67265,2025-04-22,Ad,Working
2713,3606,Elizabeth,Stout,elizabeth.stout@sharpplc.com,Operational investment banker,001-623-971-2351,2025-05-12,Web,Qualified
6797,638,Charlotte,Valdez,charlotte.valdez@juarezcolonandreyes.com,Materials engineer,+1-259-996-6327,2025-05-25,Cold Call,Qualified
2691,2182,Thomas,Chavez,thomas.chavez@harvey-yates.com,Advertising account planner,(757)613-2267,2024-12-17,Ad,Qualified
4614,1036,Randy,Burgess,randy.burgess@butlerllc.com,Operations geologist,(600)225-5537x72875,2024-08-29,Web,New
6369,2861,John,Tran,john.tran@vargasmoralesandrandall.com,"Designer, fashion/clothing",(402)783-7327,2023-05-31,Referral,Unqualified
5678,3295,Nicole,Wong,nicole.wong@kingplc.com,Medical secretary,001-707-773-9718,2025-05-06,Ad,Unqualified
64,533,Christopher,Shelton,christopher.shelton@mueller-welch.com,"Production assistant, television",719-789-0347x38140,2025-04-15,Cold Call,Working
3414,785,Kelly,Reed,kelly.reed@davismclaughlinanddavidson.com,Chief of Staff,296-670-3928,2024-02-05,Cold Call,Unqualified
1711,3353,Jill,Jones,jill.jones@monroe-clay.com,"Geologist, wellsite",(441)247-0503x50712,2025-04-16,Referral,New
5358,799,Robert,Mcmahon,robert.mcmahon@hooverbeanandfarrell.com,Hydrographic surveyor,001-413-340-2038x77906,2024-02-28,Cold Call,Qualified
4015,3170,Colleen,Ruiz,colleen.ruiz@georgeperezandmccarthy.com,Homeopath,717.987.6290,2023-07-26,Ad,Qualified
1344,1463,Matthew,Lane,matthew.lane@powersllc.com,Interior and spatial designer,001-299-932-6051,2025-07-11,Ad,Unqualified
6823,1817,Anne,Callahan,anne.callahan@phillipsandsons.com,Brewing technologist,001-456-604-9494,2024-01-16,Cold Call,Unqualified
2206,1428,Heather,Potts,heather.potts@lewismatthewsandpayne.com,Illustrator,315.262.0715x64034,2024-11-15,Cold Call,New
7414,1339,Matthew,Long,matthew.long@reyesblackandbooth.com,Agricultural engineer,(915)225-2108x10416,2025-02-07,Ad,Working
2916,1152,Jeremiah,Hinton,jeremiah.hinton@harrisgonzalezandchambers.com,Advice worker,6595848414,2025-01-14,Ad,Unqualified
2143,850,Bradley,Porter,bradley.porter@jacksonloweandtorres.com,Futures trader,001-779-486-9648x8233,2025-05-29,Cold Call,Qualified
7196,695,Michael,Pratt,michael.pratt@andersoninc.com,"Solicitor, Scotland",+1-650-809-8035x84849,2025-05-17,Cold Call,New
1208,1842,Clifford,Walker,clifford.walker@bellvazquezandschmitt.com,Electrical engineer,782-987-3366x9488,2024-05-18,Ad,New
443,539,David,Carter,david.carter@foxleeandsutton.com,Retail manager,379-728-8068x10973,2024-12-04,Referral,New
3489,3727,Pamela,Bradley,pamela.bradley@reyesplc.com,Learning disability nurse,540.831.9186,2025-06-16,Referral,New
1712,2307,Richard,Dennis,richard.dennis@gomez-mckee.com,"Social research officer, government",+1-821-327-4703x655,2023-04-05,Cold Call,Qualified
1892,1052,Christopher,Martinez,christopher.martinez@swansonruizandthomas.com,"Radiographer, diagnostic",(357)452-4528x582,2025-07-15,Web,Unqualified
5771,1862,James,Bradshaw,james.bradshaw@glennltd.com,Marine scientist,,2024-11-15,Web,Working
4616,1992,Noah,King,noah.king@marquezparkerandwilson.com,Advertising account executive,+1-999-573-3713,2025-07-01,Referral,Qualified
4795,1614,Erin,Ortiz,erin.ortiz@delgado-bowers.com,Interior and spatial designer,(793)476-9985x368,2025-04-05,Referral,Qualified
153,2183,Rebecca,Lewis,rebecca.lewis@tylermunozandrandolph.com,"Conservator, furniture",348.853.7481,2023-01-26,Ad,Working
1230,3905,Charles,Harris,charles.harris@bush-miller.com,Personal assistant,(201)757-1218,2023-07-26,Web,Working
1581,2706,Michael,Moore,michael.moore@fostersmithandgomez.com,"Pharmacist, hospital",730.923.2337,2025-03-05,Referral,Unqualified
7006,786,Mackenzie,Holmes,mackenzie.holmes@diaz-price.com,Research scientist (medical),629-566-4475x4211,2023-07-03,Web,Qualified
1857,468,Justin,Palmer,justin.palmer@mejia-harris.com,Field trials officer,001-470-924-0358x13675,2024-12-17,Referral,Qualified
3001,2732,Yvette,Clark,yvette.clark@hernandez-hogan.com,Museum education officer,+1-871-531-1966x09739,2025-06-15,Ad,Unqualified
2100,3835,Pamela,Franklin,pamela.franklin@brownnelsonandwest.com,"Accountant, chartered",001-771-203-8107x2063,2024-10-16,Web,Unqualified
227,3003,Allison,Miller,allison.miller@whitellc.com,Insurance account manager,(930)539-2489x18105,2025-07-02,Referral,Unqualified
4414,1846,Erica,Mason,erica.mason@jacksonroyandmalone.com,"Production assistant, television",+1-477-585-8119x92983,2024-05-26,Ad,New
137,3583,Stephen,Wright,stephen.wright@johnsonschaeferandrodriguez.com,Production engineer,+1-732-596-3225,2024-11-18,Ad,New
3371,976,Todd,Gutierrez,todd.gutierrez@hilljacksonandbarajas.com,"Librarian, public",,2024-12-24,Ad,Qualified
3799,839,Regina,Brown,regina.brown@lozano-walton.com,General practice doctor,521.758.7483x9191,2025-04-21,Ad,Qualified
4981,2119,Joshua,Wilson,joshua.wilson@beckergroup.com,Naval architect,329.203.0798x249,2025-07-16,Web,Qualified
3602,1705,Marcus,Raymond,marcus.raymond@willisllc.com,Retail merchandiser,001-496-963-5941x56360,2025-06-14,Web,Qualified
5751,150,Scott,Jensen,scott.jensen@ross-wilson.com,Television camera operator,507-705-4421,2024-11-30,Ad,New
4500,1378,Daniel,Davenport,daniel.davenport@russellinc.com,Psychiatric nurse,5447034564,2024-01-29,Ad,Unqualified
7583,1062,Vanessa,Davis,vanessa.davis@oconnellkhanandshaw.com,Research scientist (life sciences),7518626419,2025-07-15,Referral,New
6583,1760,Jill,Gill,jill.gill@ellis-wagner.com,Wellsite geologist,,2025-03-31,Cold Call,Qualified
2127,602,Nancy,Mitchell,nancy.mitchell@campos-snyder.com,Medical laboratory scientific officer,614.550.8479x9674,2024-04-20,Web,Working
4262,518,Bradley,Smith,bradley.smith@romero-mcconnell.com,"Engineer, technical sales",647-430-8053,2025-04-13,Cold Call,Unqualified
4071,1373,Brittany,Foster,brittany.foster@millerandsons.com,Agricultural engineer,747-238-5059x777,2024-09-17,Ad,Qualified
1670,1157,Mark,Jackson,mark.jackson@carpentercontrerasandmiller.com,Ship broker,001-260-684-2141,2024-10-29,Cold Call,Working
47,3124,Diana,Hunter,diana.hunter@hebert-mendoza.com,Colour technologist,758.365.3315x5973,2023-05-18,Web,Unqualified
3389,1918,Susan,Snyder,susan.snyder@washingtonortizandstanley.com,Forensic psychologist,208.971.2271x7143,2025-03-07,Cold Call,Working
7764,1497,Shannon,Marshall,shannon.marshall@penaplc.com,Financial controller,277-666-2679,2024-06-27,Referral,Working
7133,3752,Elizabeth,Lee,elizabeth.lee@thompson-cooper.com,"Teacher, special educational needs",4182155717,2023-11-23,Web,Qualified
3231,3059,Cody,Kennedy,cody.kennedy@adamsltd.com,Lexicographer,900-808-1105,2025-07-02,Web,Working
3393,374,Natalie,Jones,natalie.jones@garcia-williams.com,Civil Service fast streamer,(747)218-6259,2024-06-01,Referral,Unqualified
3546,469,Joseph,Fisher,joseph.fisher@grimes-barnes.com,Air broker,(913)294-7928x71220,2025-07-12,Ad,Working
4833,3471,Brianna,Nguyen,brianna.nguyen@bellltd.com,"Engineer, petroleum",969.932.5894x07044,2025-02-24,Referral,New
2585,3687,Gabriel,Williams,gabriel.williams@yates-rogers.com,Communications engineer,260.372.3105x86160,2023-04-27,Ad,Working
453,3912,Nicole,Beck,nicole.beck@townsendjamesandfleming.com,Learning disability nurse,266.589.2622,2025-06-25,Cold Call,New
3483,1819,Christian,Carroll,christian.carroll@henryltd.com,Cytogeneticist,560-461-8452,2025-07-18,Web,Qualified
6521,2075,Linda,Walker,linda.walker@weaver-parks.com,Graphic designer,901.835.7219x4343,2025-06-28,Referral,Working
1883,1669,Adrian,Tyler,adrian.tyler@mccormick-thomas.com,Building control surveyor,001-254-770-8430x3450,2024-09-02,Cold Call,Unqualified
3319,40,Jeff,Goodman,jeff.goodman@danielshowardandjones.com,Psychiatric nurse,+1-239-330-3603x78445,2023-08-18,Referral,Unqualified
2129,1845,Brian,Case,brian.case@nguyenllc.com,Make,,2025-04-30,Referral,New
6467,2659,Carmen,Frank,carmen.frank@schneidercastilloandberger.com,Database administrator,217-763-0143,2025-05-16,Web,Qualified
6864,3930,Ryan,Nelson,ryan.nelson@joseph-davenport.com,"Research officer, government",633-574-4097x4399,2024-06-06,Cold Call,Qualified
2322,2253,Christopher,Davis,christopher.davis@floreshoustonandjackson.com,Land/geomatics surveyor,820.420.6057x186,2024-10-27,Ad,New
3046,3270,Ashley,Oliver,ashley.oliver@foxmillerandsmith.com,"Surveyor, building",001-444-367-6251x98922,2023-12-06,Cold Call,New
3651,3459,Harold,Rhodes,harold.rhodes@clarkandsons.com,Manufacturing engineer,(791)984-7090x3691,2025-01-11,Ad,Qualified
5107,934,Cody,Williams,cody.williams@andersongroup.com,"Buyer, retail",553.928.3236,2024-01-19,Web,Qualified
9,2031,Rodney,Chan,rodney.chan@robersonwalkerandcrawford.com,Public relations account executive,,2023-06-12,Web,Unqualified
7922,969,Steven,Powell,steven.powell@taylorleeandbrown.com,Forensic psychologist,001-685-558-1597x15980,2023-11-30,Ad,Working
2269,2486,Sarah,West,sarah.west@bates-burke.com,"Teacher, adult education",986-987-0462,2025-02-20,Cold Call,Unqualified
1129,3425,Darrell,Hendrix,darrell.hendrix@wiley-contreras.com,Quality manager,,2024-04-02,Ad,Qualified
5025,397,Jennifer,Collins,jennifer.collins@duncanllc.com,Financial controller,774.712.9360,2023-09-13,Referral,Working
1515,27,Caleb,Mitchell,caleb.mitchell@cruzllc.com,Musician,001-965-537-5110x142,2024-02-16,Referral,New
3659,2567,Sheila,Martin,sheila.martin@nguyenllc.com,Sports development officer,791.330.1990,2024-03-03,Ad,New
5521,3570,Erica,Young,erica.young@clarkinc.com,Chief Executive Officer,(545)877-1220x086,2024-03-17,Ad,Unqualified
4658,2251,Terri,Stevens,terri.stevens@delgadoandsons.com,Production engineer,+1-407-638-0735,2024-11-27,Ad,Unqualified
3384,3042,Phillip,Smith,phillip.smith@atkins-odom.com,"Doctor, general practice",(590)404-4408,2024-07-30,Ad,Qualified
6654,249,Fernando,Downs,fernando.downs@elliott-mcknight.com,Cytogeneticist,825.792.1042x235,2025-03-24,Ad,Working
7122,1770,Joseph,Smith,joseph.smith@mcculloughltd.com,Statistician,943-604-3073,2025-04-12,Cold Call,Working
7374,8,Gail,Pollard,gail.pollard@coleman-bailey.com,"Doctor, hospital",284.368.5357x59421,2024-02-07,Referral,New
4445,314,John,Dunn,john.dunn@harrellplc.com,Housing manager/officer,528-773-1401x022,2025-06-04,Web,Working
7756,2588,Jennifer,Donaldson,jennifer.donaldson@powellllc.com,Clothing/textile technologist,(545)599-6717x994,2025-07-06,Cold Call,Qualified
1858,468,Denise,Adams,denise.adams@mejia-harris.com,Geochemist,001-610-789-8781,2023-08-19,Cold Call,Qualified
4366,3057,Nicole,Johnson,nicole.johnson@ricegroup.com,"Sales professional, IT",(723)802-8784x0025,2024-10-03,Cold Call,Working
7613,2051,Kimberly,Daniels,kimberly.daniels@livingstonkingandstrickland.com,Forensic scientist,(409)239-0815x5848,2024-11-14,Web,Unqualified
1312,2186,David,Christian,david.christian@reedcunninghamandmueller.com,Dealer,688.923.0287x010,2023-11-08,Referral,Unqualified
22,2039,Michael,Patrick,michael.patrick@mannwalkerandjohnson.com,Holiday representative,(861)718-7951x3891,2025-06-14,Web,New
3891,3212,Erica,Mcbride,erica.mcbride@morrisnicholsandblack.com,Ecologist,+1-272-686-7678x2018,2025-02-10,Cold Call,Working
5692,2066,Gene,Fletcher,gene.fletcher@young-soto.com,Lobbyist,+1-399-655-8230x92884,2025-03-31,Cold Call,Qualified
6909,1454,Debra,Marks,debra.marks@smithbrownandfrancis.com,"Development worker, international aid",(234)721-5833,2024-01-05,Cold Call,Unqualified
2338,3979,Julie,Price,julie.price@silvawilliamsandschaefer.com,Associate Professor,+1-464-525-5972x9453,2025-03-03,Web,Qualified
3600,1705,Katherine,Young,katherine.young@willisllc.com,Applications developer,(387)471-3072x737,2024-12-24,Ad,New
1622,422,Alexandra,Krueger,alexandra.krueger@huntwalkerandhiggins.com,English as a foreign language teacher,(465)519-8522x68471,2025-07-15,Cold Call,Qualified
3443,1280,Joshua,Rowland,joshua.rowland@mooreyoungandhernandez.com,"Engineer, water",359.355.2936,2025-06-24,Referral,New
3191,1237,Kelly,Zuniga,kelly.zuniga@barajas-gordon.com,"Engineer, agricultural",+1-986-333-2549x31518,2024-02-12,Referral,New
8029,401,Nicole,Fletcher,nicole.fletcher@le-hall.com,Medical sales representative,(529)855-6974x4831,2025-05-05,Ad,Working
3167,744,Jeffery,Harris,jeffery.harris@welchharrisandharmon.com,Quantity surveyor,(392)468-9149,2024-09-22,Referral,Unqualified
7253,2382,Michael,Estrada,michael.estrada@rothgroup.com,Proofreader,916.761.8956x09692,2025-01-25,Cold Call,Qualified
4185,1537,Gerald,Carter,gerald.carter@wileysheltonandcuevas.com,"Administrator, arts",+1-700-694-6724x6683,2025-02-11,Referral,Qualified
8062,3292,Sharon,Ware,sharon.ware@hartman-jensen.com,Immunologist,231.534.2759,2024-08-08,Web,New
3901,1640,Hector,Gill,hector.gill@guzmansolomonandchavez.com,Radiation protection practitioner,607.689.1764x5240,2025-01-22,Cold Call,New
2998,1005,Jennifer,Payne,jennifer.payne@smithplc.com,Museum/gallery conservator,+1-907-358-5326,2025-06-20,Referral,New
3216,1357,Donna,Hartman,donna.hartman@bowencruzandmartinez.com,Public relations account executive,+1-414-871-7036x0203,2025-07-14,Ad,Unqualified
3068,2154,Matthew,Hunt,matthew.hunt@greene-espinoza.com,Medical illustrator,(232)205-3472x1790,2025-07-06,Cold Call,Unqualified
3381,2808,Francisco,Phillips,francisco.phillips@owensltd.com,Psychotherapist,(229)586-7292x0633,2025-05-25,Web,Working
1226,3888,Thomas,Crosby,thomas.crosby@williamslopezanddurham.com,"Chemist, analytical",(557)729-2586,2025-03-04,Referral,New
1658,3716,Nicole,Clarke,nicole.clarke@zamorabarryandsimon.com,"Restaurant manager, fast food",+1-849-975-1746x956,2024-03-20,Ad,Working
3939,3775,Carol,Jones,carol.jones@zuniga-garcia.com,Corporate investment banker,5466870872,2024-07-28,Ad,Unqualified
4007,3494,Shelly,Murray,shelly.murray@walkerllc.com,"Investment banker, corporate",001-334-713-0015x116,2025-05-05,Ad,Working
1026,1610,Chelsea,Murray,chelsea.murray@thomasandsons.com,Learning disability nurse,,2025-03-04,Cold Call,Unqualified
2402,2148,Tiffany,Hughes,tiffany.hughes@watersltd.com,"Surveyor, minerals",+1-889-990-3445x63802,2024-11-25,Web,Qualified
2294,847,Ronald,Roberts,ronald.roberts@jennings-wolfe.com,Dealer,342-991-2630x9477,2024-08-12,Cold Call,New
6412,64,Shannon,Tate,shannon.tate@meyerhamiltonandmiller.com,Insurance underwriter,(293)689-7828,2024-07-20,Cold Call,New
3113,2136,Erika,Harrison,erika.harrison@crawfordwilliamsandhuff.com,Cabin crew,661-459-5440x5814,2025-04-01,Referral,New
6938,227,Taylor,Morris,taylor.morris@dayandsons.com,Armed forces operational officer,2558811041,2025-07-15,Web,Qualified
6693,341,Gregory,Rodriguez,gregory.rodriguez@wilsongroup.com,Lawyer,830-707-0842x654,2024-06-04,Referral,Unqualified
2105,1645,Michael,Rojas,michael.rojas@reedwatersandcarlson.com,Arts development officer,615.827.0092x300,2025-07-01,Ad,Working
3759,251,James,Woodward,james.woodward@hernandezrossandruiz.com,English as a second language teacher,786-773-9919,2024-11-03,Cold Call,Working
1610,304,Elizabeth,Smith,elizabeth.smith@estrada-murphy.com,Environmental consultant,+1-569-864-8161x9285,2025-07-10,Web,Qualified
6120,3291,Christopher,Medina,christopher.medina@howardplc.com,Chartered legal executive (England and Wales),640-758-6556x8657,2024-11-20,Web,Qualified
6730,354,John,Rodriguez,john.rodriguez@englishedwardsandfisher.com,Maintenance engineer,001-354-515-0072x596,2023-06-15,Ad,New
1630,3645,Autumn,Lopez,autumn.lopez@shafferwilliamsandflowers.com,Chief Marketing Officer,712.798.7543x81478,2024-12-02,Referral,New
2244,2263,Robert,Brady,robert.brady@laragroup.com,"Education officer, environmental",(382)282-5120,2025-07-17,Web,Unqualified
4322,713,Wesley,Schmitt,wesley.schmitt@ramirez-bailey.com,Industrial buyer,,2024-12-26,Web,New
7443,3497,Heather,Franco,heather.franco@price-chen.com,English as a foreign language teacher,831.686.8109x3915,2025-06-25,Cold Call,New
2911,460,Benjamin,Short,benjamin.short@mcconnellinc.com,"Teacher, adult education",669.539.0936x9463,2024-02-26,Ad,Working
7896,1700,Katherine,Klein,katherine.klein@huffmangroup.com,Insurance claims handler,724-381-0496x9429,2025-07-10,Referral,New
4197,3824,Matthew,Hale,matthew.hale@reid-cordova.com,Administrator,+1-765-758-7589x5171,2025-07-09,Ad,New
2152,2768,Michael,Escobar,michael.escobar@allen-davis.com,Proofreader,5716043173,2023-08-30,Cold Call,Qualified
6031,2078,Joseph,Gutierrez,joseph.gutierrez@blankenshiprogersandstevenson.com,"Production designer, theatre/television/film",+1-831-673-9006x301,2025-06-13,Ad,Unqualified
5910,1834,William,Foster,william.foster@martinez-cain.com,Dentist,(755)477-3209x273,2025-05-29,Ad,New
6317,2252,Jennifer,Contreras,jennifer.contreras@hunterltd.com,Risk analyst,,2025-05-24,Web,Qualified
3387,3109,Nicholas,Logan,nicholas.logan@turnerrossandkhan.com,"Lecturer, higher education",3748146407,2025-06-26,Ad,Working
1851,3852,Ernest,Fisher,ernest.fisher@shortmillsandmckinney.com,Retail merchandiser,001-807-735-6230x615,2025-01-03,Web,Unqualified
6083,3370,Kevin,Dodson,kevin.dodson@cannonltd.com,Environmental education officer,539.717.9676x56065,2025-06-30,Referral,Unqualified
1673,2895,Dawn,Mcintosh,dawn.mcintosh@martinpageandkemp.com,"Engineer, drilling",297-771-5745,2025-06-03,Web,Working
6132,3615,Christopher,Smith,christopher.smith@wilsonbestandzuniga.com,Travel agency manager,677-481-3194,2024-08-13,Web,Qualified
2714,3606,Adam,Scott,adam.scott@sharpplc.com,"Production assistant, television",,2025-07-14,Referral,New
4122,3632,Elizabeth,Reyes,elizabeth.reyes@leonardthomasandlewis.com,Radiation protection practitioner,655-790-4178x44432,2024-09-18,Web,Unqualified
3778,264,Charles,Mendoza,charles.mendoza@murrayandsons.com,"Engineer, energy",239.756.4734,2024-06-08,Referral,Unqualified
2904,180,Lisa,Miller,lisa.miller@vargasadamsandsantos.com,Geochemist,(349)885-2260,2025-02-12,Referral,Qualified
3991,1241,Rebecca,Hamilton,rebecca.hamilton@nelsonplc.com,Radiation protection practitioner,788-522-1883x2864,2024-09-10,Cold Call,New
7676,2229,Kimberly,Preston,kimberly.preston@ramirez-calhoun.com,Restaurant manager,001-982-529-5159,2024-05-12,Referral,Working
6399,157,Melinda,Lee,melinda.lee@patel-ortiz.com,Multimedia specialist,870-980-2138,2024-01-03,Referral,Working
2399,2946,James,Lawson,james.lawson@lopezfisherandrandall.com,"Surveyor, land/geomatics",001-251-375-5824,2025-06-10,Web,Working
694,580,Leslie,Estrada,leslie.estrada@lopezcontrerasandholmes.com,Herbalist,(437)308-8781x8882,2024-03-15,Ad,Working
7695,2114,Maria,Patterson,maria.patterson@sanchez-thompson.com,Outdoor activities/education manager,001-989-509-7200x55519,2025-06-09,Referral,Qualified
3136,2042,Dustin,Perez,dustin.perez@collinsfarmerandrosales.com,"Merchandiser, retail",861.464.7568x018,2025-02-07,Cold Call,New
577,1046,Nancy,Manning,nancy.manning@massey-campbell.com,Commissioning editor,+1-703-836-7350x09674,2024-06-29,Ad,Unqualified
1511,3670,Cheyenne,Newman,cheyenne.newman@kirkplc.com,Set designer,921.228.5259,2024-07-30,Cold Call,Qualified
3749,2237,John,Osborne,john.osborne@mackinc.com,"Surveyor, building",625.523.9311x556,2025-05-15,Referral,Unqualified
1222,130,Nicole,Murphy,nicole.murphy@harrison-carter.com,Production manager,823-770-1350x04120,2024-10-22,Cold Call,New
4843,3859,Erin,Baker,erin.baker@johnson-walker.com,Copy,950.582.9267,2025-03-11,Web,Working
309,3142,David,Rice,david.rice@caseyltd.com,Physiotherapist,955-310-7321x6698,2025-02-26,Ad,Working
132,1576,Lauren,Terry,lauren.terry@livingston-taylor.com,Pharmacologist,001-499-970-5257x157,2025-07-13,Web,Working
1692,1564,David,Petty,david.petty@jonesdiazandmiller.com,Oceanographer,(313)865-0372x72964,2025-07-12,Cold Call,Working
3179,772,Robin,Dawson,robin.dawson@smithgroup.com,Associate Professor,739-555-9647,2025-03-25,Ad,Unqualified
4543,1860,Mary,Myers,mary.myers@penaplc.com,Operational investment banker,+1-906-256-8724x43082,2024-06-26,Cold Call,New
2166,2104,Jeremiah,Obrien,jeremiah.obrien@hendricksltd.com,"Scientist, audiological",+1-774-370-7648,2024-09-20,Web,Unqualified
3415,785,Jennifer,Edwards,jennifer.edwards@davismclaughlinanddavidson.com,Exhibition designer,001-874-889-7994x4695,2023-08-19,Ad,New
5462,3832,Robert,Diaz,robert.diaz@gonzales-acosta.com,"Therapist, horticultural",(886)749-5209,2025-04-30,Referral,Unqualified
6960,3525,Terri,Harris,terri.harris@miles-schultz.com,"Conservation officer, nature",972.751.3023,2024-04-12,Ad,Working
2128,602,Laura,Rivas,laura.rivas@campos-snyder.com,Medical sales representative,+1-403-710-6493x41398,2024-05-24,Cold Call,Unqualified
473,3098,Matthew,Thornton,matthew.thornton@sheltonandsons.com,"Psychologist, counselling",291-757-7153x014,2025-03-11,Cold Call,Working
299,822,Adam,Perkins,adam.perkins@careyinc.com,"Psychologist, educational",709.724.8133,2025-05-26,Web,Working
4678,2734,Brandon,Braun,brandon.braun@clementsandsons.com,Animator,(312)299-0865,2024-11-11,Ad,Qualified
5840,1969,Christopher,Day,christopher.day@price-harvey.com,Artist,568.691.6600x429,2023-12-24,Cold Call,Working
2292,1761,Sabrina,Moyer,sabrina.moyer@stevensonloganandsmith.com,"Surveyor, building control",765.641.8903x8277,2025-01-06,Referral,Unqualified
3211,1577,Grace,Gonzalez,grace.gonzalez@smithbradfordandharris.com,Community development worker,,2024-03-13,Web,Unqualified
3076,3638,Charles,Rubio,charles.rubio@english-ross.com,Illustrator,+1-881-339-5801x88533,2025-01-25,Web,Qualified
7909,1478,Ronald,Dickerson,ronald.dickerson@goodgroup.com,Orthoptist,724-908-2798x77547,2024-06-23,Web,New
6486,3184,Alexander,Sandoval,alexander.sandoval@pena-collins.com,English as a foreign language teacher,+1-949-508-5276x7782,2023-09-12,Web,Working
4163,978,Lisa,Lee,lisa.lee@blankenshipllc.com,Hospital pharmacist,+1-929-557-7012,2024-05-18,Web,Qualified
7610,1055,Kimberly,Jackson,kimberly.jackson@nguyenplc.com,Chartered legal executive (England and Wales),+1-864-393-5476x884,2024-05-11,Referral,Unqualified
4468,2288,Lindsay,Morgan,lindsay.morgan@garcia-paul.com,Tourism officer,,2024-06-07,Web,Working
5109,1365,Charles,Horn,charles.horn@olson-lucero.com,Chief Technology Officer,561-508-8924,2023-04-17,Web,Qualified
3902,1640,Jonathan,Lyons,jonathan.lyons@guzmansolomonandchavez.com,"Presenter, broadcasting",+1-666-309-2681x414,2025-03-26,Web,Unqualified
4067,3139,Lisa,Reyes,lisa.reyes@elliottgroup.com,Commercial/residential surveyor,630.719.6148,2025-07-05,Ad,Unqualified
195,1231,Sheryl,Harding,sheryl.harding@smithgriffinandwilson.com,Licensed conveyancer,(901)361-1122,2025-07-15,Cold Call,Unqualified
2395,3967,Zachary,Carroll,zachary.carroll@davis-burton.com,Quarry manager,001-331-275-3572x448,2022-11-14,Referral,Unqualified
4362,1030,Carla,Gibson,carla.gibson@brooks-hernandez.com,"Copywriter, advertising",,2023-03-28,Web,Unqualified
125,3996,Scott,Larson,scott.larson@schwartzplc.com,Insurance account manager,+1-590-987-9046x45475,2025-07-12,Referral,New
7543,2903,Stephen,House,stephen.house@bird-gillespie.com,Sales promotion account executive,(757)859-0665,2024-07-06,Web,Unqualified
8010,2654,Michael,Jackson,michael.jackson@myerssheppardandandrews.com,Tour manager,001-583-708-4789x39817,2025-02-28,Cold Call,New
5934,1680,Dennis,Tucker,dennis.tucker@rodriguezoconnellandwheeler.com,English as a second language teacher,(271)692-8136x99821,2025-05-30,Web,Qualified
1919,266,Natasha,Chase,natasha.chase@chandlertaylorandmiller.com,Art gallery manager,670-997-6172,2025-02-15,Referral,Qualified
4646,1417,Pamela,Jones,pamela.jones@wellsinc.com,Horticultural therapist,001-358-378-9974x374,2023-01-01,Web,Qualified
6240,2358,Stephanie,Dixon,stephanie.dixon@larsenortizandross.com,Musician,(538)237-6104,2025-04-24,Referral,Unqualified
1092,2509,Kelli,Walters,kelli.walters@robertswhiteandtorres.com,Newspaper journalist,+1-598-594-9142,2025-06-14,Ad,Qualified
45,2197,Gloria,Ellis,gloria.ellis@hendersondixonandhardin.com,Logistics and distribution manager,910.543.6003x21966,2024-10-09,Referral,Unqualified
385,207,Miranda,Brown,miranda.brown@fisher-bennett.com,Financial risk analyst,,2023-11-06,Web,Qualified
3477,345,Kyle,Anderson,kyle.anderson@edwardshubbardandstevens.com,"Engineer, agricultural",362-965-8628x50778,2023-11-14,Web,Working
7705,2432,Dustin,Ortiz,dustin.ortiz@osbornwoodandhunter.com,"Civil engineer, contracting",+1-558-358-9911x73295,2023-07-13,Web,Qualified
2744,520,Darryl,Tucker,darryl.tucker@roberts-perry.com,Textile designer,(465)469-0148,2025-03-19,Web,Unqualified
5164,1098,Melinda,Newman,melinda.newman@sanfordpatrickandchavez.com,"Engineer, energy",557.557.5872,2025-06-08,Referral,Working
2061,2869,Kelly,Walsh,kelly.walsh@poolecarterandjordan.com,Tourist information centre manager,+1-471-869-6350x62656,2025-04-08,Ad,Qualified
4066,1429,Crystal,Holden,crystal.holden@benitezrogersandgrimes.com,Immigration officer,+1-549-862-1115,2024-11-24,Referral,New
238,1146,Melissa,Rodriguez,melissa.rodriguez@reynolds-richardson.com,Gaffer,3407573190,2024-12-23,Web,Qualified
3631,3011,Virginia,Dominguez,virginia.dominguez@acevedodayandhale.com,"Administrator, arts",001-575-979-0905,2024-05-04,Ad,New
3421,2292,Richard,Smith,richard.smith@ochoamorrisandboyer.com,Biomedical engineer,+1-347-811-3928,2025-02-21,Web,Qualified
944,1063,Vincent,Williams,vincent.williams@chavezgroup.com,"Administrator, education",(519)978-7007x29012,2023-08-17,Web,New
3847,2761,Amber,Long,amber.long@westplc.com,Television/film/video producer,408.736.0704,2025-06-27,Ad,Working
4444,314,James,Harris,james.harris@harrellplc.com,"Surveyor, hydrographic",001-252-559-5290x74216,2025-04-22,Cold Call,New
7879,1683,Michael,Rhodes,michael.rhodes@dominguez-villanueva.com,Economist,(385)489-3636,2025-05-31,Ad,Working
6598,2070,Melvin,Brown,melvin.brown@mendezinc.com,Energy manager,,2024-02-12,Cold Call,Working
7658,2760,Amy,Wright,amy.wright@kimandsons.com,Production manager,684.797.2901,2025-01-22,Referral,Qualified
7652,3101,Travis,Cortez,travis.cortez@andersonbanksandking.com,Advertising account planner,6386553101,2023-08-16,Referral,Unqualified
2448,2689,Molly,Lopez,molly.lopez@reid-rogers.com,Air broker,+1-644-578-5327x375,2024-08-14,Web,New
1642,2898,Larry,Sutton,larry.sutton@hardin-mccarthy.com,Maintenance engineer,,2025-04-10,Ad,Unqualified
5735,1765,Jason,Yu,jason.yu@cohen-lopez.com,"Psychotherapist, child",001-956-345-0152x236,2024-12-13,Cold Call,New
4391,2294,Kimberly,Parker,kimberly.parker@griffinherreraandyoung.com,"Psychologist, counselling",(317)325-5589,2023-11-15,Ad,Working
721,1465,Robert,Pratt,robert.pratt@howard-bishop.com,Health visitor,+1-289-484-4562x58886,2024-04-28,Ad,New
6094,1780,Christina,Gonzales,christina.gonzales@fitzpatrickllc.com,Market researcher,841-793-4847,2024-12-07,Ad,Qualified
6392,902,Amber,Cisneros,amber.cisneros@jones-randall.com,Press photographer,823.790.2226x435,2025-05-28,Web,Qualified
7217,1671,Derrick,Martinez,derrick.martinez@owensnunezandkelly.com,"Administrator, education",(728)972-3310,2025-05-17,Cold Call,New
2759,445,Brett,Brown,brett.brown@lambertgroup.com,Speech and language therapist,816-536-8639,2024-12-02,Web,Unqualified
6950,226,Linda,Williams,linda.williams@kellyllc.com,Licensed conveyancer,(258)686-8836,2024-02-10,Ad,New
7684,1347,Victor,Heath,victor.heath@johnsonandsons.com,Chief Financial Officer,(706)250-1636x418,2024-07-14,Referral,New
662,1470,Paul,Morgan,paul.morgan@douglasltd.com,Call centre manager,556.244.2609x3697,2023-02-23,Web,Qualified
1074,1432,Richard,Francis,richard.francis@carpenter-wright.com,Environmental consultant,577.241.3038x93270,2025-05-22,Referral,Qualified
1237,2787,Ashley,Singh,ashley.singh@watts-jacobs.com,"Designer, ceramics/pottery",,2025-01-24,Referral,Working
6991,3341,Anthony,Johnson,anthony.johnson@bishopplc.com,"Engineer, production",528.317.1033x0167,2024-06-11,Referral,Working
7473,3228,Angela,Castillo,angela.castillo@gilmorellc.com,Sales promotion account executive,,2025-03-22,Cold Call,New
6889,176,Ashley,Tran,ashley.tran@petersenandsons.com,"Geneticist, molecular",(786)714-7693x71290,2023-07-29,Referral,Unqualified
6058,195,Travis,Williams,travis.williams@hutchinsoninc.com,Materials engineer,686.876.5802,2024-12-18,Ad,Working
1167,1933,Jacob,Long,jacob.long@allengarciaandwilliams.com,Information officer,323.485.4759x2344,2024-08-28,Ad,Qualified
2371,2690,Joseph,Wilson,joseph.wilson@leonplc.com,"Designer, ceramics/pottery",(660)333-7497,2025-03-26,Ad,Working
3708,185,Melinda,Gonzalez,melinda.gonzalez@rodriguezinc.com,Automotive engineer,(733)345-6678x5803,2025-07-09,Web,New
6460,746,Stephanie,Tyler,stephanie.tyler@lawson-graham.com,Outdoor activities/education manager,5109195937,2024-04-12,Cold Call,Unqualified
7911,1478,Ashley,Edwards,ashley.edwards@goodgroup.com,Health visitor,(319)742-7009,2024-03-28,Cold Call,New
1441,1498,Christina,Lee,christina.lee@stevenson-johnson.com,"Teacher, adult education",510.516.4388x2602,2024-08-22,Web,New
144,2067,Devin,Allen,devin.allen@stanton-stone.com,"Pharmacist, hospital",6744100078,2024-10-16,Web,Unqualified
1295,269,Roberto,Martin,roberto.martin@hensonpeckandstanton.com,Consulting civil engineer,223-361-3268x94484,2025-05-22,Cold Call,Unqualified
1884,1669,Michelle,Gallagher,michelle.gallagher@mccormick-thomas.com,Geochemist,(984)887-6657x9209,2023-06-23,Referral,Qualified
680,1747,Betty,Love,betty.love@edwardsandsons.com,"Nurse, mental health",5994406784,2025-02-26,Cold Call,New
7396,2813,John,Mullen,john.mullen@larsondoyleandjones.com,Research scientist (maths),320.666.9317x420,2025-03-23,Ad,New
6461,746,Anna,Jenkins,anna.jenkins@lawson-graham.com,"Conservation officer, historic buildings",725.833.1829x53358,2023-07-29,Web,New
7710,2725,Christopher,Larson,christopher.larson@hudson-smith.com,Operational researcher,(226)238-3350x40524,2025-02-04,Web,New
7102,953,Tiffany,Morgan,tiffany.morgan@bushplc.com,Local government officer,7565194797,2024-10-01,Web,New
1847,2955,David,Richardson,david.richardson@kaiser-wilson.com,Child psychotherapist,001-794-380-9255x886,2025-07-09,Referral,Qualified
6958,2410,Marissa,Raymond,marissa.raymond@morrisonllc.com,"Education officer, environmental",359-292-2111x0678,2025-02-20,Cold Call,New
6969,2032,Melissa,Walker,melissa.walker@chendavisandortega.com,Surgeon,274.500.0135x68440,2025-06-17,Cold Call,Working
676,3814,Douglas,Johnson,douglas.johnson@sampsoninc.com,"Programmer, multimedia",(465)798-2534,2025-06-01,Web,Qualified
6230,3035,Denise,Jones,denise.jones@johnsongroup.com,Animal nutritionist,7939607174,2025-03-17,Web,Unqualified
3350,2313,Barry,Mcbride,barry.mcbride@robinsonplc.com,Site engineer,4406949497,2025-01-27,Cold Call,Qualified
5550,579,Patrick,Melendez,patrick.melendez@perezltd.com,Biomedical engineer,8273294885,2025-03-12,Referral,Working
1016,1382,Mark,Cameron,mark.cameron@harveyinc.com,"Copywriter, advertising",+1-700-795-9186x954,2025-04-18,Ad,Qualified
3613,284,Ashley,Yates,ashley.yates@hillgroup.com,Chartered certified accountant,001-450-905-7733,2025-03-09,Cold Call,Unqualified
885,704,Loretta,Mcdaniel,loretta.mcdaniel@jordancarsonandhouse.com,Actuary,+1-935-633-5000x234,2023-03-05,Referral,Unqualified
1339,2497,Jimmy,Myers,jimmy.myers@moreno-phillips.com,"Journalist, newspaper",(283)853-7074x050,2023-03-04,Referral,Qualified
5393,2062,Mario,Douglas,mario.douglas@cummingsbrownandsweeney.com,"Chemist, analytical",232.903.9014,2025-03-22,Referral,Unqualified
6503,3054,Melissa,Watts,melissa.watts@morgan-brady.com,Telecommunications researcher,(826)939-1327x3191,2025-05-14,Cold Call,New
6009,1328,Peter,Mccarthy,peter.mccarthy@pottsortizandmatthews.com,Commissioning editor,001-258-408-6341,2024-10-27,Referral,Working
7587,1850,Catherine,Young,catherine.young@long-evans.com,Multimedia specialist,354.507.5814x8252,2025-05-12,Ad,New
701,2352,Wendy,Davis,wendy.davis@wrightplc.com,Graphic designer,310-795-2410,2025-04-10,Cold Call,New
169,2406,Melissa,Brown,melissa.brown@sanchez-rodriguez.com,"Copywriter, advertising",001-567-540-2832x321,2025-05-09,Cold Call,Unqualified
1437,570,Richard,Galvan,richard.galvan@andersongibbsandgreen.com,Make,5094286085,2024-01-17,Cold Call,Unqualified
3566,676,Kenneth,Lee,kenneth.lee@hayes-sexton.com,Environmental education officer,370.822.1897x59814,2025-05-04,Web,Qualified
2246,2263,Amy,Moore,amy.moore@laragroup.com,"Teacher, English as a foreign language",(850)392-6198,2023-07-29,Web,Qualified
5781,38,Christie,Webster,christie.webster@myers-edwards.com,Catering manager,535.783.4764x207,2024-12-01,Cold Call,New
2586,3687,Stephanie,Conner,stephanie.conner@yates-rogers.com,Database administrator,861.381.0425,2023-02-13,Web,Qualified
259,3554,Dillon,Daniels,dillon.daniels@johnson-schroeder.com,Tax adviser,477.227.7441x58943,2024-08-05,Ad,Qualified
6872,2624,Stephanie,Lopez,stephanie.lopez@whitellc.com,"Restaurant manager, fast food",2242898068,2025-01-12,Ad,New
2738,983,Nicholas,Wang,nicholas.wang@robinsonhessandnelson.com,Ambulance person,848-401-8181x394,2025-01-29,Ad,Working
3028,3594,Lindsey,Joseph,lindsey.joseph@kingllc.com,Data processing manager,8705525073,2025-04-28,Referral,Working
3448,2202,Mary,Wilson,mary.wilson@jonesinc.com,Sports administrator,,2024-03-03,Cold Call,Qualified
7757,2588,Allison,Soto,allison.soto@powellllc.com,"Engineer, communications",001-365-594-9098x1070,2025-06-12,Ad,Qualified
4384,989,Eileen,Lopez,eileen.lopez@gonzalezplc.com,IT sales professional,5647728390,2025-06-22,Cold Call,Unqualified
486,1330,Sarah,Jordan,sarah.jordan@mcfarland-smith.com,Marine scientist,(898)488-2256x4898,2025-04-15,Cold Call,Unqualified
7247,3447,William,Vincent,william.vincent@smithpotterandgarcia.com,Tourism officer,(359)587-5717x13456,2024-09-19,Cold Call,Working
2792,2864,Edward,Burke,edward.burke@jamesgroup.com,Counselling psychologist,856-506-4764x42215,2024-08-07,Web,Qualified
7070,2969,Ashley,Henson,ashley.henson@schaefer-hudson.com,Contracting civil engineer,296-362-0923x64226,2022-09-04,Ad,Working
3361,563,Brooke,Miller,brooke.miller@newmanplc.com,Writer,+1-447-704-4172,2023-02-08,Ad,Unqualified
707,3721,Elizabeth,Reid,elizabeth.reid@adamscohenandthompson.com,"Research officer, government",745.360.9505,2025-03-11,Cold Call,Unqualified
7159,2999,John,Sims,john.sims@sosa-farley.com,"Physicist, medical",(485)710-7933x89152,2024-12-02,Ad,New
5422,3701,Shannon,Jackson,shannon.jackson@coleman-wright.com,Speech and language therapist,366-926-8773x46878,2024-01-16,Referral,Qualified
3942,371,Sara,Elliott,sara.elliott@mcintoshgroup.com,Retail banker,7352159780,2025-04-04,Web,New
2575,2870,Jon,Lynch,jon.lynch@bennett-clay.com,IT technical support officer,(560)303-3585,2025-05-14,Web,Working
7446,2082,Erika,Reed,erika.reed@schmidtmoranandritter.com,Personal assistant,001-849-751-2758,2025-05-27,Ad,Unqualified
356,2825,Brian,Moore,brian.moore@garciaandsons.com,Advertising account executive,001-813-800-2478x86384,2025-06-09,Ad,Qualified
7484,1631,Edwin,Williams,edwin.williams@jacksonthorntonandnewman.com,Local government officer,341.824.9947,2025-06-17,Ad,Qualified
2484,1459,Jill,Weaver,jill.weaver@nelson-martin.com,"Sales professional, IT",(706)927-0947,2025-01-28,Ad,Working
6150,771,Mandy,Smith,mandy.smith@fieldsinc.com,Operations geologist,8594004691,2025-02-07,Web,New
6569,1523,Gregory,Walker,gregory.walker@owenhayesandbush.com,"Teacher, early years/pre",(663)810-0197,2025-04-13,Referral,New
6474,360,Dillon,Beck,dillon.beck@hicks-gibbs.com,"Merchandiser, retail",001-291-207-5961x558,2025-05-12,Cold Call,New
5022,1775,Emily,Padilla,emily.padilla@hillgroup.com,Event organiser,+1-898-788-4050x49860,2024-08-03,Cold Call,Working
123,2700,Emma,Zavala,emma.zavala@brownllc.com,Product manager,(422)882-2110,2025-04-20,Referral,Qualified
7707,2634,Jason,Morse,jason.morse@chambersltd.com,Outdoor activities/education manager,,2025-06-09,Ad,Unqualified
844,3367,Denise,Mason,denise.mason@ramirezsparksandcampbell.com,"Conservator, furniture",414-747-5497,2025-04-19,Cold Call,Working
310,2125,James,Orr,james.orr@smithinc.com,Brewing technologist,532-591-1205,2025-06-22,Referral,Qualified
5827,2930,Michael,Estrada,michael.estrada@woodardharrisandward.com,Higher education lecturer,(349)891-5599x128,2025-01-21,Ad,Unqualified
5421,2554,Mark,Colon,mark.colon@davisreynoldsandlewis.com,Musician,986-897-6761,2024-11-13,Referral,Qualified
7072,136,Jeffery,Oconnor,jeffery.oconnor@gateswaltersandwilliams.com,"Engineer, maintenance (IT)",509.223.9557x6123,2024-11-01,Cold Call,New
2690,2182,Joseph,Gonzalez,joseph.gonzalez@harvey-yates.com,Broadcast journalist,001-377-345-1694,2025-06-11,Referral,New
3657,2628,Kathy,Jensen,kathy.jensen@wellstaylorandbennett.com,"Designer, graphic",(534)941-2580x5204,2025-06-30,Web,Unqualified
5997,333,Wyatt,Wood,wyatt.wood@marshallwilliamsandparker.com,Aid worker,+1-961-574-9306x228,2024-12-21,Referral,Working
996,1974,Christine,Martinez,christine.martinez@mooney-humphrey.com,Site engineer,(666)816-1148x372,2024-03-26,Ad,New
2703,2921,Brandy,Atkinson,brandy.atkinson@piercecochranandperkins.com,Artist,481.613.6321,2024-12-09,Cold Call,New
2774,2545,Linda,Barton,linda.barton@bradleyllc.com,Radio broadcast assistant,5225950532,2024-09-02,Ad,Unqualified
72,424,Heather,Daniels,heather.daniels@lutzllc.com,Museum education officer,4212245290,2024-07-28,Referral,Unqualified
7814,2349,Alan,Morrison,alan.morrison@kelleygroup.com,Diplomatic Services operational officer,341-264-2451x9221,2025-01-17,Referral,Unqualified
1965,3717,Kimberly,White,kimberly.white@lynch-haynes.com,Careers adviser,5935477911,2025-04-06,Ad,New
3217,1427,Rebecca,Williams,rebecca.williams@casejacksonandwhite.com,Building surveyor,355-792-8761x83379,2024-09-03,Ad,Working
3697,3529,Anna,Dudley,anna.dudley@austin-mata.com,"Teacher, adult education",(733)637-5085x8156,2025-05-10,Web,Qualified
1034,2525,Kenneth,Odom,kenneth.odom@schultzgroup.com,"Scientist, audiological",362.926.8505x410,2024-07-18,Ad,Qualified
7179,1204,Craig,Moore,craig.moore@humphrey-landry.com,"Conservation officer, nature",(835)394-5990x67051,2025-07-04,Web,Qualified
2396,3961,Janice,Thomas,janice.thomas@douglas-reynolds.com,Ergonomist,001-215-700-4591x20840,2025-03-28,Cold Call,Qualified
7292,3724,David,Reynolds,david.reynolds@miller-acosta.com,"Surveyor, planning and development",(912)713-2012,2022-12-09,Web,Qualified
1473,457,Rhonda,Bond,rhonda.bond@wilson-thompson.com,"Scientist, physiological",,2024-07-20,Cold Call,Unqualified
1035,1881,Mindy,Carpenter,mindy.carpenter@gilmoreinc.com,"Education officer, museum",(895)484-8867,2025-03-03,Web,Qualified
1529,2280,Russell,Robinson,russell.robinson@loganpalmerandboone.com,Accommodation manager,(241)723-1889,2025-06-04,Referral,Working
6037,807,Jennifer,Mayer,jennifer.mayer@williamsinc.com,Make,001-798-267-1321x2664,2024-05-17,Referral,New
3134,3405,Andrea,Anderson,andrea.anderson@fergusonwilliamsandchandler.com,Clinical psychologist,527-951-3928,2024-08-26,Web,Qualified
6229,3035,Rebecca,Molina,rebecca.molina@johnsongroup.com,Medical technical officer,9223186345,2025-05-31,Web,Working
1586,2232,Amanda,Black,amanda.black@walls-roberts.com,"Engineer, maintenance (IT)",(980)337-1456x60213,2024-10-23,Web,New
1617,1379,Jacob,Smith,jacob.smith@cooper-hall.com,Petroleum engineer,+1-864-635-1438x01906,2023-12-28,Cold Call,Unqualified
3721,2686,Christina,Smith,christina.smith@herrera-nguyen.com,Advertising account executive,001-328-588-5772,2025-04-10,Ad,Qualified
1269,874,Amber,Cruz,amber.cruz@mcdonaldhernandezandleon.com,Archaeologist,949.478.8984,2025-07-11,Referral,Qualified
1468,1651,Tyler,Clark,tyler.clark@marquez-christensen.com,Chief Executive Officer,+1-974-784-7460x673,2025-06-07,Web,Working
4002,2319,Marvin,Jenkins,marvin.jenkins@hammondbennettandsutton.com,Exercise physiologist,(622)370-9531,2024-10-04,Ad,New
924,1573,David,Maldonado,david.maldonado@diazltd.com,Sub,422.391.2572x993,2025-01-30,Ad,Qualified
5922,3106,Stacy,Cox,stacy.cox@brown-lester.com,Customer service manager,(392)499-1150,2024-12-27,Referral,Unqualified
7653,2353,Alvin,Obrien,alvin.obrien@millscastilloandgonzales.com,Television production assistant,415.431.1658,2025-07-07,Web,Unqualified
2780,1131,Gregory,Rush,gregory.rush@wheeler-kelly.com,Company secretary,001-794-346-9005,2025-06-29,Referral,New
6750,1520,Steven,Thornton,steven.thornton@crawfordgroup.com,IT technical support officer,+1-954-334-6690x7068,2025-06-30,Referral,New
2909,1251,Heidi,Mendoza,heidi.mendoza@bennetthudsonandtate.com,Clinical cytogeneticist,366.734.2792x87175,2025-05-27,Ad,Working
4138,1968,William,Stewart,william.stewart@sanchezandsons.com,"Administrator, local government",,2025-07-18,Cold Call,Unqualified
1560,3722,Marie,Blackburn,marie.blackburn@hudson-martinez.com,"Therapist, drama",001-738-362-0373x01162,2024-02-25,Referral,Qualified
1569,2370,Michael,Silva,michael.silva@chambers-wilkins.com,Field seismologist,6394566892,2025-04-28,Ad,Unqualified
2650,1921,Jeremy,Daniels,jeremy.daniels@leach-frank.com,"Lighting technician, broadcasting/film/video",001-865-996-1427x460,2024-06-27,Cold Call,Working
1029,929,Audrey,Love,audrey.love@fullerplc.com,Intelligence analyst,+1-812-528-6206x6618,2024-12-02,Referral,New
1098,3365,Sharon,Schultz,sharon.schultz@lewispatrickandskinner.com,"Programmer, applications",571.362.7742x6938,2025-02-19,Referral,Qualified
972,979,Chelsea,Nelson,chelsea.nelson@brownplc.com,Chartered accountant,579-209-2008,2025-03-22,Web,New
7306,3659,Michelle,Butler,michelle.butler@oconnellgroup.com,Site engineer,001-586-555-4936x76841,2025-04-28,Ad,Qualified
4503,1727,Christopher,Whitaker,christopher.whitaker@carterinc.com,Careers information officer,2725100748,2024-11-30,Referral,Qualified
3038,3574,Adam,Bates,adam.bates@clarkfletcherandmoreno.com,Patent examiner,+1-980-795-7845x9720,2024-11-29,Ad,Unqualified
7626,1337,Tara,Williams,tara.williams@fowlerrileyandphillips.com,"Engineer, building services",662.578.1882x82878,2025-06-16,Ad,New
5925,3892,Patrick,Buchanan,patrick.buchanan@batesshepherdandtran.com,Rural practice surveyor,001-808-424-1831,2024-05-19,Ad,Qualified
1219,1753,Brandon,Kemp,brandon.kemp@moore-murray.com,Armed forces logistics/support/administrative officer,872.386.7183x201,2025-04-03,Ad,Working
7608,1593,Richard,Franklin,richard.franklin@floresandsons.com,"Engineer, water",(356)576-6257x669,2025-03-29,Ad,Working
3137,2042,Travis,Braun,travis.braun@collinsfarmerandrosales.com,"Doctor, hospital",333.715.9966,2024-08-14,Cold Call,New
8081,3215,Cheyenne,Mata,cheyenne.mata@ramsey-lucas.com,"Accountant, chartered management",+1-574-718-2390x9539,2025-06-11,Cold Call,Working
6617,2225,Michael,Hall,michael.hall@duarteinc.com,Chiropractor,614.397.9476x67631,2025-01-13,Ad,Unqualified
3867,1369,Kimberly,Garcia,kimberly.garcia@gomeztuckerandrose.com,Personal assistant,001-454-309-7938,2025-03-07,Referral,Qualified
3722,194,Holly,Hamilton,holly.hamilton@henderson-williams.com,Biomedical scientist,(443)968-7397x549,2025-06-22,Web,Qualified
1800,2815,Anna,Vasquez,anna.vasquez@solomonplc.com,Records manager,(790)395-9091x99062,2025-07-04,Cold Call,Qualified
4424,3360,Edward,Cooper,edward.cooper@rossllc.com,Technical author,953-215-2291,2024-07-29,Referral,New
7338,2371,Brittney,Lee,brittney.lee@suarez-parker.com,Ophthalmologist,,2024-09-06,Ad,Qualified
5818,2210,Ronald,Rogers,ronald.rogers@nicholsplc.com,Statistician,(631)698-3435,2025-07-11,Web,Qualified
7811,3268,Scott,Schmidt,scott.schmidt@jacksonsimpsonandwalker.com,Dramatherapist,652.594.4667x815,2023-05-14,Web,Unqualified
922,382,Linda,Douglas,linda.douglas@taylorltd.com,Information officer,001-997-544-8744x08587,2024-03-06,Web,Qualified
1478,3082,Jeffrey,Hardin,jeffrey.hardin@haydenlewisandpatel.com,Personnel officer,001-255-515-8732x27722,2025-04-23,Web,Working
437,2035,Robert,Parsons,robert.parsons@kochandsons.com,"Engineer, electrical",362-358-6293x167,2023-11-02,Cold Call,New
6903,3135,Chad,Weiss,chad.weiss@guerra-evans.com,Medical laboratory scientific officer,(736)484-6275,2025-06-03,Ad,Working
7792,2574,Whitney,Martin,whitney.martin@austin-tran.com,"Secretary, company",001-688-820-5960x64429,2023-07-12,Cold Call,New
2871,502,Christopher,Fry,christopher.fry@bartonwongandgray.com,Public house manager,393-737-9220x504,2025-02-01,Web,New
2303,497,Joshua,Anderson,joshua.anderson@martinezplc.com,"Engineer, civil (consulting)",,2024-08-30,Ad,New
6618,1396,Clayton,Boyd,clayton.boyd@johnstonandsons.com,Accounting technician,(492)488-5719x7851,2023-03-01,Cold Call,Unqualified
7424,3004,Nancy,Dean,nancy.dean@andrewsplc.com,"Engineer, materials",669.446.5872x7567,2025-05-30,Ad,Working
4097,1189,Donald,Hill,donald.hill@deleon-adkins.com,Print production planner,579-308-6429,2025-01-17,Ad,Unqualified
5498,2239,Jason,Smith,jason.smith@sparkshendrixandsmith.com,"Producer, radio",+1-557-805-5203x5263,2025-07-14,Ad,Working
2543,2922,Carmen,Cooper,carmen.cooper@mosleyllc.com,"Surveyor, hydrographic",001-969-936-5177x6016,2024-05-18,Ad,New
7628,2523,Mary,Garcia,mary.garcia@white-davis.com,Marine scientist,713.896.7508x875,2025-06-15,Web,Unqualified
6231,1106,Kayla,Khan,kayla.khan@barryjohnsonandvelazquez.com,Brewing technologist,201-788-8182x428,2025-07-18,Referral,Working
5931,3046,Seth,Nguyen,seth.nguyen@shawtorresandwilson.com,Public relations officer,(588)775-6125x1223,2025-05-16,Ad,Unqualified
4237,2772,Keith,Cline,keith.cline@matthews-nguyen.com,"Engineer, technical sales",9362275860,2025-05-26,Referral,Working
4326,409,Willie,Hood,willie.hood@browninggroup.com,Chartered legal executive (England and Wales),001-742-459-6217x96534,2023-07-27,Ad,Qualified
6279,2777,Cameron,Combs,cameron.combs@castrowalkerandmiller.com,"Producer, radio",8029715981,2025-07-16,Referral,Unqualified
7771,2160,Harold,Pace,harold.pace@klinegroup.com,Water engineer,607.258.7191,2024-04-02,Cold Call,New
1363,1767,Chelsea,Rojas,chelsea.rojas@evans-bowen.com,Youth worker,522-473-0404,2025-02-18,Referral,Unqualified
2039,1997,Terri,Hubbard,terri.hubbard@colonandsons.com,Town planner,001-898-202-8984x5028,2025-05-31,Referral,Qualified
2071,3874,Steve,Levy,steve.levy@blackllc.com,Environmental manager,(871)653-2943x25000,2023-06-23,Web,Unqualified
7907,794,Mark,Collins,mark.collins@scott-edwards.com,Private music teacher,598.260.2318,2025-05-05,Web,New
3684,3941,John,Hernandez,john.hernandez@reyesgroup.com,Claims inspector/assessor,+1-251-345-5706x2903,2025-05-08,Ad,Working
341,1621,Sandra,Mckinney,sandra.mckinney@webbinc.com,Legal executive,(972)962-2927x716,2025-05-31,Referral,Working
2282,2971,Robert,Jones,robert.jones@lambertgroup.com,Research scientist (physical sciences),434.843.5448x792,2024-10-09,Web,Qualified
1412,3636,Michael,Marks,michael.marks@cantucollinsanddavis.com,"Engineer, petroleum",387-565-6560,2023-07-17,Web,Unqualified
7086,1199,Elizabeth,Phelps,elizabeth.phelps@quinn-owens.com,Warehouse manager,767.817.0763x09029,2025-03-06,Cold Call,Working
3164,3007,Michelle,Martinez,michelle.martinez@weber-peterson.com,"Engineer, maintenance",421-482-3400,2024-07-24,Cold Call,Working
51,1540,John,Small,john.small@adamsllc.com,"Therapist, horticultural",(344)489-8728x500,2024-11-02,Ad,Qualified
4457,2247,James,Hogan,james.hogan@birdmorrisonandadams.com,Health service manager,603-866-3111,2024-07-04,Referral,New
4533,2674,Ryan,Horton,ryan.horton@garner-valdez.com,Financial trader,683-411-3033x4493,2025-01-04,Ad,New
5552,3450,Maria,Ramirez,maria.ramirez@espinoza-higgins.com,Adult nurse,925.368.6569,2024-11-06,Cold Call,Unqualified
148,23,Jody,Stewart,jody.stewart@wrightgroup.com,Production engineer,915-388-2329x541,2024-10-14,Ad,New
8036,2005,Carrie,Smith,carrie.smith@smithgroup.com,Financial manager,721.462.0804,2024-01-03,Referral,Working
5041,2874,Keith,Schwartz,keith.schwartz@olsengrantandcampbell.com,Museum/gallery conservator,456.547.8112x975,2023-11-13,Ad,Unqualified
2810,562,Tonya,Fleming,tonya.fleming@baldwin-kim.com,"Engineer, civil (consulting)",001-519-828-1236x8291,2025-02-26,Ad,Working
2796,2871,Susan,Thomas,susan.thomas@kimcollierandtaylor.com,Retail buyer,261.233.0275x666,2025-04-26,Cold Call,New
4219,930,Sara,Rogers,sara.rogers@hodge-parks.com,Insurance risk surveyor,(876)903-5690x77226,2025-03-25,Ad,New
1923,1308,Lauren,Jennings,lauren.jennings@masontorresandberry.com,Recycling officer,631-623-7831x3247,2025-05-04,Web,New
6786,1422,Patricia,Brown,patricia.brown@martinezgarrisonandhenderson.com,Diagnostic radiographer,001-952-753-4272,2025-04-10,Cold Call,New
7400,205,Ashley,Weber,ashley.weber@miller-robinson.com,Advice worker,2109529824,2024-02-01,Ad,Working
2328,1359,Amy,Gentry,amy.gentry@melendezllc.com,"Surveyor, building",474-653-0704x7842,2024-11-03,Cold Call,Unqualified
4465,2693,Kristin,Smith,kristin.smith@ryanandsons.com,Veterinary surgeon,001-993-833-6620x98715,2025-07-10,Referral,New
2263,3797,Rita,Torres,rita.torres@mercerwoodandodom.com,Microbiologist,8084052983,2024-11-03,Web,Unqualified
4123,3632,Melissa,Reed,melissa.reed@leonardthomasandlewis.com,Counselling psychologist,,2025-07-08,Ad,Working
2667,379,Elaine,Clark,elaine.clark@fox-harris.com,Commissioning editor,543-749-9183,2024-06-15,Cold Call,Unqualified
665,3965,Johnny,Smith,johnny.smith@woodsalvaradoandrobertson.com,Fitness centre manager,,2025-07-11,Cold Call,New
5229,2381,Mary,Fischer,mary.fischer@peterscohenandbeard.com,"Scientist, biomedical",940-245-3648x13123,2025-01-29,Web,Working
3989,1200,Michael,Williams,michael.williams@marshall-brown.com,Patent examiner,461-469-4575x30876,2025-04-10,Web,Working
5037,3757,Nancy,Rodriguez,nancy.rodriguez@wellsjohnsonandbaker.com,Structural engineer,384.645.0284,2023-04-07,Web,Unqualified
795,3285,Gary,Garcia,gary.garcia@alexander-beck.com,Counselling psychologist,001-212-585-1360x94249,2024-07-02,Web,New
4515,2798,Amanda,Potter,amanda.potter@pierceestesandcooper.com,"Psychologist, occupational",779-772-6558,2024-12-04,Referral,Unqualified
5875,3868,Julie,Brady,julie.brady@lopez-sanchez.com,"Scientist, research (maths)",001-423-777-1676x008,2023-09-26,Web,Unqualified
3198,3111,Angela,Moore,angela.moore@youngllc.com,Chartered certified accountant,,2023-12-12,Referral,Working
5405,1703,Rachel,Wolfe,rachel.wolfe@johnsonandsons.com,"Programmer, systems",001-974-206-1994x62824,2024-08-06,Cold Call,New
1398,3871,Joshua,Carter,joshua.carter@russo-burke.com,Associate Professor,994-262-0637x08091,2025-07-05,Cold Call,New
4819,3133,Erin,King,erin.king@williamsperezandramirez.com,Actor,001-726-490-7584x82325,2025-07-18,Cold Call,New
5288,1581,Corey,James,corey.james@bowersltd.com,Electronics engineer,(711)564-6252,2024-04-10,Cold Call,Unqualified
2405,3155,Amy,Owens,amy.owens@wolfllc.com,"Designer, jewellery",001-669-478-5857x291,2025-04-02,Cold Call,Working
3174,931,Christopher,Chen,christopher.chen@turnerlopezandfowler.com,Sport and exercise psychologist,832.342.1880x70053,2024-02-18,Referral,Unqualified
1782,788,Kenneth,Bell,kenneth.bell@martinezstevensandnorton.com,Sports therapist,978-882-3449,2024-07-20,Cold Call,Qualified
5540,3800,Jeffrey,Merritt,jeffrey.merritt@ball-bryant.com,Plant breeder/geneticist,001-334-429-8442x55334,2025-05-25,Ad,Qualified
2278,2949,Laura,George,laura.george@robersonplc.com,Haematologist,243-592-2402x290,2024-11-30,Cold Call,Working
2066,3178,Danielle,Pollard,danielle.pollard@woodpearsonandvelasquez.com,Financial risk analyst,260-423-0062x4830,2025-01-14,Referral,Unqualified
1244,2914,Randy,Jennings,randy.jennings@scottplc.com,"Accountant, chartered public finance",955.743.9424,2025-01-26,Ad,Qualified
1045,2647,Michelle,Lee,michelle.lee@nguyenllc.com,Site engineer,+1-950-746-1540x57742,2025-07-13,Ad,Qualified
3285,3037,Lucas,Smith,lucas.smith@schmidtlloydandalexander.com,"Engineer, broadcasting (operations)",463-642-8824x963,2025-07-09,Ad,New
440,395,Casey,Wilson,casey.wilson@reedrobertsandwhite.com,"Therapist, drama",426.569.8371x894,2024-10-31,Cold Call,Unqualified
7800,2443,Charles,Bailey,charles.bailey@scottllc.com,"Psychotherapist, dance movement",+1-779-880-8960,2025-07-16,Cold Call,New
7270,1663,Morgan,Russell,morgan.russell@hood-martinez.com,Ranger/warden,7503626491,2023-11-19,Referral,Unqualified
5588,2244,Christopher,Hobbs,christopher.hobbs@dyerplc.com,Contractor,439-846-3030x3877,2025-03-14,Ad,Qualified
1353,2287,William,Rodriguez,william.rodriguez@lopez-perkins.com,"Therapist, sports",+1-727-964-7391,2025-02-02,Referral,New
900,3899,Juan,Cruz,juan.cruz@murphyinc.com,Product designer,(908)756-8341,2024-09-19,Web,New
4118,1187,John,Small,john.small@grosshenryandanderson.com,Licensed conveyancer,(756)849-6612x0619,2024-08-19,Web,Unqualified
7817,1563,Caleb,Robertson,caleb.robertson@diaz-miller.com,"Therapist, music",001-615-957-3437x694,2025-06-12,Cold Call,Qualified
3017,3584,Monica,Ramos,monica.ramos@harris-goodwin.com,Health service manager,(505)426-6452x38220,2024-08-19,Referral,Unqualified
6798,2322,Sierra,Moss,sierra.moss@bennett-miller.com,Special educational needs teacher,(736)551-3513,2023-09-23,Cold Call,Unqualified
4155,1919,David,Flores,david.flores@wagner-dean.com,Museum/gallery conservator,699-793-9750x148,2025-05-24,Ad,Working
4460,1689,Robert,Leonard,robert.leonard@kingmartinezandleach.com,Museum/gallery exhibitions officer,+1-355-433-9039x012,2024-02-26,Referral,Qualified
3074,3959,Jeremy,Stevens,jeremy.stevens@mooregroup.com,Lexicographer,844-483-1123x52130,2022-10-18,Ad,Qualified
7389,485,Melissa,Cannon,melissa.cannon@robinsonpalmerandrivera.com,"Engineer, materials",605-850-2029x435,2024-11-26,Referral,New
4627,1822,John,Hodge,john.hodge@hill-short.com,Telecommunications researcher,(301)447-0391x4376,2024-06-20,Referral,New
5259,464,William,Porter,william.porter@petersandsons.com,"Engineer, site",+1-205-227-4070x924,2025-01-10,Ad,Unqualified
6711,897,Alexander,Oliver,alexander.oliver@mendozaplc.com,Chief Executive Officer,784-215-8639,2023-11-23,Web,Working
619,1634,Amy,Mercado,amy.mercado@everett-baker.com,Financial trader,462.675.3022x454,2024-08-08,Ad,New
2981,3596,Amy,Ellis,amy.ellis@wilson-gray.com,Town planner,571-412-7450,2023-12-04,Cold Call,Qualified
4914,2830,Edward,Lee,edward.lee@francisharrisandallen.com,"Runner, broadcasting/film/video",(271)958-2194x38330,2024-09-17,Referral,Unqualified
5145,2213,Kelly,Perkins,kelly.perkins@hudsoninc.com,Chartered public finance accountant,(360)787-1647,2023-05-02,Referral,Working
5329,3762,Joshua,Garrett,joshua.garrett@choi-price.com,Charity fundraiser,(828)473-6321,2024-03-29,Web,Working
5570,1950,Robert,Boyd,robert.boyd@gomez-perez.com,"Runner, broadcasting/film/video",4658872219,2025-06-04,Cold Call,Qualified
725,3641,Brandon,Stevens,brandon.stevens@barrett-shelton.com,Health and safety adviser,645.605.0567x4158,2025-03-22,Referral,Unqualified
5197,2102,Craig,Lopez,craig.lopez@robertsonthompsonandjohnson.com,"Scientist, physiological",+1-888-837-5012x8345,2024-07-26,Referral,Unqualified
6445,1891,John,Carlson,john.carlson@parkerbeltrananddavis.com,Aeronautical engineer,+1-967-315-1291x0430,2024-04-16,Ad,Unqualified
5292,1956,Christopher,Stephens,christopher.stephens@robertsonandsons.com,"Editor, film/video",7653680300,2024-04-20,Referral,Working
3041,907,Shane,Jones,shane.jones@underwoodplc.com,Product manager,818.440.5181,2025-01-03,Referral,Qualified
4142,3045,Kristen,Kirk,kristen.kirk@vasquez-huffman.com,"Editor, magazine features",+1-983-403-6505x637,2025-02-27,Web,Unqualified
3612,1192,Sarah,Smith,sarah.smith@jenkinsgroup.com,"Engineer, aeronautical",884.461.2427x99729,2025-01-06,Referral,Qualified
5674,3074,Kathleen,Logan,kathleen.logan@romanllc.com,Air traffic controller,001-881-239-8501x89626,2024-09-25,Referral,Working
5261,464,Paul,Roberts,paul.roberts@petersandsons.com,Haematologist,001-455-217-6663x952,2024-08-01,Referral,Working
2445,960,Ryan,Edwards,ryan.edwards@snowllc.com,Retail merchandiser,,2025-03-07,Referral,Unqualified
7321,1400,Raven,Becker,raven.becker@wyattmurphyandmiller.com,Corporate treasurer,608.366.0436,2024-02-24,Web,Working
2588,43,Anthony,James,anthony.james@marquezmartinandallen.com,"Engineer, energy",+1-391-784-6202x151,2025-04-15,Cold Call,New
2288,1827,Janet,Hammond,janet.hammond@shortinc.com,Financial adviser,001-754-763-5969x5351,2024-06-01,Ad,Qualified
7390,1538,Robert,Davis,robert.davis@powellmccarthyandriley.com,Land/geomatics surveyor,972-996-9881x457,2025-04-27,Ad,Unqualified
6332,2553,Elizabeth,Johnson,elizabeth.johnson@benitez-walker.com,Transport planner,6922820292,2024-12-03,Web,Unqualified
7871,1979,Amanda,Figueroa,amanda.figueroa@huynhjonesandbaldwin.com,Radiation protection practitioner,753.435.4937,2023-10-13,Referral,New
1915,1153,Miguel,King,miguel.king@mckenzieshermanandmarks.com,Architectural technologist,919.844.0959x7776,2024-08-13,Referral,Qualified
5133,3120,Mackenzie,Ballard,mackenzie.ballard@brownandsons.com,Dietitian,(708)844-0332x5560,2023-08-15,Referral,Qualified
1044,583,Ryan,Schneider,ryan.schneider@flores-turner.com,Analytical chemist,523-266-6378,2025-05-20,Ad,Unqualified
5130,2880,Bryan,Galloway,bryan.galloway@gallagherreynoldsandbarajas.com,Arts administrator,232.568.3319,2024-05-01,Ad,Unqualified
1141,3788,Joseph,Garcia,joseph.garcia@washington-wilson.com,Charity officer,3422919347,2024-01-24,Web,Working
5338,1210,Virginia,Murphy,virginia.murphy@johnson-perry.com,"Engineer, petroleum",,2023-08-17,Web,Working
693,313,Judith,Kramer,judith.kramer@perezcooperandgregory.com,Editorial assistant,341.247.4868,2024-12-12,Ad,Qualified
6512,1137,Tonya,Davis,tonya.davis@robertsestradaandhernandez.com,Cytogeneticist,+1-516-905-3924,2025-02-16,Ad,Working
5368,3677,Dawn,Daugherty,dawn.daugherty@smithgeorgeandanderson.com,"Nurse, children's",+1-566-562-0345x30607,2025-02-04,Cold Call,New
1873,2752,Dwayne,Stephens,dwayne.stephens@johnsonswansonandowens.com,Manufacturing engineer,(746)843-3342,2025-06-13,Cold Call,Working
6069,1632,Jeffrey,Alvarez,jeffrey.alvarez@sloanmcbrideandgibson.com,Chartered legal executive (England and Wales),359.931.4272x058,2024-10-22,Ad,New
7499,2161,Frank,Thomas,frank.thomas@bennettandsons.com,Magazine features editor,001-291-792-1240x93744,2025-07-06,Ad,Qualified
4475,324,Alexis,Payne,alexis.payne@boone-murray.com,Haematologist,708-731-0717,2025-01-12,Referral,Working
108,3652,Michael,Bryan,michael.bryan@wellsjonesandarmstrong.com,Electrical engineer,(566)529-6181x35552,2025-04-14,Web,New
6360,3238,Veronica,Rice,veronica.rice@hurleywuandmarsh.com,Health physicist,853-658-3005,2025-02-15,Referral,Unqualified
6816,2086,Regina,Robles,regina.robles@green-ramirez.com,"Surveyor, minerals",+1-958-486-5264x37751,2024-01-06,Web,New
742,3156,Michelle,Taylor,michelle.taylor@cole-glover.com,Energy manager,720-807-8687,2024-02-24,Cold Call,Working
3760,251,Louis,Richardson,louis.richardson@hernandezrossandruiz.com,Regulatory affairs officer,557.717.8704,2024-03-31,Cold Call,Unqualified
5606,342,Jeanne,Green,jeanne.green@weaverbaldwinandwagner.com,Corporate treasurer,+1-762-814-0205x3182,2024-02-15,Cold Call,Qualified
5717,1833,Shannon,Trevino,shannon.trevino@martinez-pitts.com,Community arts worker,671.536.2340x71895,2025-06-06,Ad,Unqualified
3690,548,Justin,Taylor,justin.taylor@jacobs-bennett.com,Health and safety inspector,3753131473,2025-03-24,Web,Working
27,3910,Stacy,Roberts,stacy.roberts@chambersllc.com,Medical secretary,001-405-805-6098x388,2025-04-10,Cold Call,New
2633,3834,Andrea,Farrell,andrea.farrell@richard-johnson.com,Museum education officer,528-418-4717,2025-07-07,Cold Call,New
5243,2531,Craig,Hansen,craig.hansen@harrissmithandrose.com,Insurance claims handler,3486504208,2024-04-12,Cold Call,Unqualified
7880,1683,William,Mcdonald,william.mcdonald@dominguez-villanueva.com,"Chemist, analytical",(518)403-0221x957,2025-02-15,Cold Call,Qualified
5325,1784,Mackenzie,Reynolds,mackenzie.reynolds@miles-nelson.com,"Civil engineer, contracting",+1-202-517-7102x26651,2024-08-25,Referral,Unqualified
2728,132,Kim,Martin,kim.martin@bensonllc.com,"Psychologist, prison and probation services",+1-806-678-3399x10998,2025-04-05,Cold Call,Unqualified
2854,961,Kelsey,Morales,kelsey.morales@newtoncalderonandcastillo.com,Tourist information centre manager,970-735-0204,2025-07-06,Ad,New
3293,295,Marcus,Dawson,marcus.dawson@gomez-thomas.com,Public relations account executive,977.519.5716,2024-08-09,Referral,Qualified
4991,3487,Patricia,Butler,patricia.butler@brown-sanchez.com,Media planner,659.821.1978,2025-03-09,Web,Unqualified
1879,1224,Becky,Willis,becky.willis@brooksknightandharrison.com,Tax inspector,(856)774-0327,2025-03-29,Web,Qualified
1717,210,Lindsay,Booker,lindsay.booker@robertsknightandfreeman.com,Social worker,993.655.3903x896,2024-12-26,Web,Working
8024,96,Kelly,Mcbride,kelly.mcbride@harrisoncastilloandchan.com,"Editor, film/video",(373)277-1822x46516,2024-12-12,Web,Qualified
6322,3006,Jamie,Stewart,jamie.stewart@jones-gonzalez.com,Artist,+1-712-323-0623,2024-09-19,Ad,New
772,2911,Melissa,Avery,melissa.avery@foleyinc.com,Automotive engineer,945.910.6666x2008,2025-03-23,Cold Call,Working
2989,2122,Lisa,Lamb,lisa.lamb@weaverlamandgonzalez.com,"Nurse, mental health",310.200.7264x81946,2024-11-14,Cold Call,Unqualified
6253,2128,Jonathon,Logan,jonathon.logan@sawyermurphyandlarsen.com,Land,401.254.0700x36682,2023-03-29,Ad,Qualified
7784,1262,John,Griffin,john.griffin@rodriguezyatesandmorris.com,"Engineer, water",606-959-9602x5558,2024-11-19,Web,Working
2001,1404,Melissa,Fox,melissa.fox@hernandez-powell.com,Publishing rights manager,001-650-210-3329x895,2025-05-22,Web,Qualified
4389,2294,Melissa,Odonnell,melissa.odonnell@griffinherreraandyoung.com,Environmental manager,719.907.2842x05562,2024-12-19,Web,Unqualified
6611,1894,Jacob,Rivera,jacob.rivera@hammond-dudley.com,Town planner,001-508-304-3607x7464,2023-09-14,Cold Call,Qualified
8069,2812,Robert,Bowen,robert.bowen@holmesmcneilandboyer.com,Theatre manager,664.468.0796x232,2025-06-22,Web,New
3022,1813,Toni,Moore,toni.moore@perkinscarrilloandwilkins.com,Operations geologist,8278451900,2025-05-04,Cold Call,Unqualified
4633,2713,Brian,Kramer,brian.kramer@walterandsons.com,Geoscientist,+1-615-820-2147x95952,2025-07-06,Cold Call,Working
7402,1885,Jennifer,Foster,jennifer.foster@hodgeschurchandclark.com,"Designer, multimedia",895.251.1558x190,2022-09-17,Web,Qualified
4883,802,Cindy,Leon,cindy.leon@bellinc.com,Commercial art gallery manager,570-544-1417x593,2023-06-25,Ad,Unqualified
6161,1859,Matthew,Valenzuela,matthew.valenzuela@henrygroup.com,"Embryologist, clinical",(330)493-4685x9609,2024-05-17,Cold Call,Qualified
3578,3843,Clayton,Bailey,clayton.bailey@kingsmithandgraham.com,"Radiographer, diagnostic",001-659-501-2537,2024-08-26,Cold Call,Qualified
633,3972,Jennifer,Bridges,jennifer.bridges@jamesandersonandmoore.com,Television floor manager,(767)403-5509x15032,2024-03-16,Referral,Working
7375,949,Marcus,Riley,marcus.riley@gardner-williams.com,Politician's assistant,904.258.0204x0515,2025-04-07,Web,Unqualified
1558,997,Kathleen,Chase,kathleen.chase@fernandeztaylorandsaunders.com,Gaffer,(395)351-7566x170,2025-01-30,Referral,Working
4561,3565,Eric,Burns,eric.burns@youngcollinsandthomas.com,"Secretary, company",885.324.2403,2025-07-12,Web,Working
1667,3939,Erika,Hughes,erika.hughes@thompson-smith.com,Fine artist,728.577.4246,2025-05-18,Ad,Unqualified
4766,15,Julie,Brown,julie.brown@bowen-phillips.com,Commercial horticulturist,438.495.0019x2383,2025-06-17,Referral,Qualified
7519,2164,Adrienne,Daniel,adrienne.daniel@normanandsons.com,"Research officer, government",249-375-3964,2024-04-27,Web,New
3027,3594,Donna,Price,donna.price@kingllc.com,Advertising account planner,585.751.0536x10307,2024-01-10,Referral,New
1239,11,Christopher,Martinez,christopher.martinez@greenalvarezandrivera.com,Estate agent,+1-260-416-1739x74997,2025-05-31,Cold Call,Qualified
4917,255,Thomas,Rowe,thomas.rowe@coxharrisandpowell.com,Hydrographic surveyor,406-804-0941,2025-02-28,Ad,New
6562,507,Matthew,Freeman,matthew.freeman@gomez-brown.com,Civil Service administrator,247-330-4464x2046,2024-11-06,Cold Call,Qualified
6495,364,Makayla,Ramirez,makayla.ramirez@fletcherinc.com,Mental health nurse,+1-574-808-5405x4737,2024-04-20,Web,Qualified
5715,550,Denise,Allen,denise.allen@owenltd.com,Legal executive,(845)632-2900,2025-06-30,Web,Working
965,517,Pamela,Holder,pamela.holder@garrettinc.com,"Psychotherapist, dance movement",647.963.7182x67489,2024-10-28,Referral,New
2717,2666,Chris,Lopez,chris.lopez@gilbert-fernandez.com,Geographical information systems officer,331-403-0616,2024-12-12,Cold Call,Working
921,382,Kelsey,Martin,kelsey.martin@taylorltd.com,Actor,001-311-756-1289x68203,2023-12-28,Web,Unqualified
4377,867,Jennifer,Nelson,jennifer.nelson@pittsvegaandmckinney.com,"Geologist, engineering",7537304967,2024-09-10,Referral,Working
6729,354,Brian,Gordon,brian.gordon@englishedwardsandfisher.com,Information systems manager,+1-208-806-5111x403,2025-06-12,Ad,Qualified
1834,1763,John,Rice,john.rice@patterson-conley.com,"Physicist, medical",(890)922-5498x763,2024-07-31,Cold Call,Working
3809,3626,Marissa,Macdonald,marissa.macdonald@griffith-hubbard.com,Production manager,+1-690-674-8784,2024-12-05,Cold Call,Unqualified
5590,2121,John,Daniel,john.daniel@reillyhamiltonandfrederick.com,"Engineer, materials",(574)534-7606,2024-02-03,Referral,Qualified
6435,3997,Charles,Duke,charles.duke@summersbishopandscott.com,"Surveyor, minerals",(749)700-3329x4863,2024-10-19,Cold Call,New
3147,2929,Deborah,Collier,deborah.collier@rivasltd.com,"Civil engineer, consulting",(410)358-3178,2023-02-14,Web,Working
2743,245,Dustin,Baker,dustin.baker@dunn-williams.com,Copy,482-747-3237x6379,2025-03-20,Cold Call,Unqualified
6838,1051,Hannah,Sanchez,hannah.sanchez@bowmansnowandmiddleton.com,"Scientist, biomedical",9949499400,2025-03-25,Referral,Qualified
5628,1232,Steven,Mathews,steven.mathews@palmernortonandrobertson.com,Advertising copywriter,001-692-633-4094x5505,2024-08-18,Cold Call,Working
6826,2450,Kara,Ewing,kara.ewing@vegainc.com,Holiday representative,(399)268-7110x543,2023-11-11,Cold Call,Working
374,1909,Rebecca,Smith,rebecca.smith@strickland-peterson.com,"Engineer, structural",740.805.3687,2025-03-07,Web,Unqualified
7820,3556,Kim,Goodman,kim.goodman@wheeler-cooper.com,Estate agent,640-206-4449x5044,2024-03-08,Ad,Qualified
1967,3717,Karen,Kane,karen.kane@lynch-haynes.com,English as a second language teacher,(353)624-7688,2024-02-08,Web,Unqualified
4213,2414,Daniel,Smith,daniel.smith@leehorneandanderson.com,Theatre stage manager,212-933-0884x19441,2023-06-24,Web,Working
6886,524,Nancy,Nichols,nancy.nichols@terrell-hancock.com,Landscape architect,517.501.5554x326,2025-06-03,Cold Call,Unqualified
645,2061,Calvin,Watson,calvin.watson@stevensonltd.com,Research scientist (medical),,2024-06-13,Web,Working
5512,884,Jeremy,Ferguson,jeremy.ferguson@hernandezleonandsparks.com,Interpreter,(273)988-0255x609,2024-12-26,Web,New
3517,654,Christopher,Chen,christopher.chen@smithinc.com,Chartered public finance accountant,594.298.2039,2025-07-09,Referral,Working
4440,754,Tina,Norman,tina.norman@bryantltd.com,Fast food restaurant manager,,2023-08-17,Cold Call,New
603,3772,Madeline,Rose,madeline.rose@kirby-allen.com,"Journalist, broadcasting",319.346.8214,2024-06-07,Web,Qualified
7435,2820,Patricia,George,patricia.george@nelsonplc.com,Electrical engineer,001-729-314-1952,2024-02-20,Cold Call,Qualified
838,3466,James,Wagner,james.wagner@moorelewisandatkinson.com,"Engineer, broadcasting (operations)",(844)541-9051,2024-03-18,Referral,Qualified
394,302,Kimberly,Hayes,kimberly.hayes@smithltd.com,"Engineer, biomedical",873.527.0648x255,2023-08-03,Web,Working
5211,3263,Amy,Schmidt,amy.schmidt@oliverdeckerandcox.com,"Therapist, horticultural",001-426-259-1762x37950,2024-04-30,Cold Call,Qualified
7637,1802,Sara,Fox,sara.fox@wrightlongandday.com,"Scientist, research (maths)",001-457-870-1782x181,2025-04-30,Cold Call,Qualified
7557,1568,Destiny,Liu,destiny.liu@marquez-ramos.com,Hospital pharmacist,479.979.3904,2023-02-25,Cold Call,New
5794,2191,Paul,Hill,paul.hill@gomezrussellandmartin.com,"Scientist, water quality",+1-835-493-6455x9895,2025-04-15,Cold Call,New
8023,2970,Lacey,Peters,lacey.peters@chen-graham.com,"Nurse, children's",(263)962-3018,2025-06-03,Referral,Qualified
5709,2821,Brian,Greene,brian.greene@phillips-wilkinson.com,Pharmacologist,001-524-281-7717x916,2025-05-15,Ad,Qualified
7121,1770,Angel,Miranda,angel.miranda@mcculloughltd.com,International aid/development worker,(925)675-7933x9912,2025-06-09,Referral,Unqualified
2804,1183,Angela,Greene,angela.greene@richards-brown.com,Further education lecturer,6769473506,2022-12-20,Referral,Working
4041,458,Stacy,Price,stacy.price@heathcampbellandmiller.com,Bookseller,(897)560-5176x707,2025-06-08,Ad,Working
7501,538,Christopher,Stone,christopher.stone@fernandezandsons.com,Tour manager,4895851470,2024-05-27,Cold Call,New
3465,3083,Ryan,Phillips,ryan.phillips@johnsonrussoandweber.com,Control and instrumentation engineer,+1-683-948-8287,2024-12-14,Web,Qualified
6691,2818,Angela,Powell,angela.powell@brewerltd.com,Holiday representative,(765)958-9951x3761,2025-07-15,Cold Call,Working
7584,1495,Kelli,Jackson,kelli.jackson@castroltd.com,"Development worker, community",489-943-8202x0287,2023-11-05,Ad,New
5916,3477,Nicole,Miller,nicole.miller@hurstinc.com,Bookseller,354-703-7858x38726,2024-08-05,Ad,New
6582,1760,Natalie,Crane,natalie.crane@ellis-wagner.com,Photographer,689-624-0969x54096,2024-05-30,Web,Qualified
4901,1275,Howard,Mitchell,howard.mitchell@jenkinswigginsandguzman.com,"Surveyor, insurance",845-922-2948x943,2025-06-29,Referral,Unqualified
3551,236,Natasha,Johnson,natasha.johnson@galvan-leblanc.com,"Administrator, sports",(682)433-7930,2024-08-12,Ad,Qualified
3532,1993,Brad,Mcbride,brad.mcbride@allen-garcia.com,"Pharmacist, hospital",9566635044,2024-03-30,Web,Working
5617,1226,James,Anderson,james.anderson@robertsburtonandwheeler.com,Legal secretary,352.321.3712x09561,2024-12-22,Web,Qualified
6698,53,Scott,Bell,scott.bell@craneramirezandharris.com,"Nurse, adult",630.989.0395x90162,2025-04-07,Web,Qualified
1908,2046,Craig,Gould,craig.gould@robertsonjosephandblake.com,Film/video editor,663.935.3199x52970,2025-02-07,Referral,Qualified
260,3554,Jennifer,Park,jennifer.park@johnson-schroeder.com,"Engineer, petroleum",201-874-7138x57307,2025-02-03,Ad,Unqualified
2594,2373,Cindy,Little,cindy.little@salasmooreanddavis.com,Logistics and distribution manager,001-743-271-8544x112,2025-05-12,Cold Call,Unqualified
3376,1260,Karen,Mosley,karen.mosley@schroederllc.com,Community education officer,+1-687-334-6364x3793,2024-02-03,Web,Working
2111,2461,Suzanne,Roberts,suzanne.roberts@mooreinc.com,Bonds trader,,2024-05-19,Web,New
3628,1982,Martha,Chambers,martha.chambers@murphyltd.com,"Production designer, theatre/television/film",786-225-3318,2024-02-11,Ad,Qualified
5982,1826,Bradley,Miller,bradley.miller@payne-thomas.com,Radio producer,(616)795-2788x7767,2024-07-09,Ad,New
4317,2807,Johnny,Jackson,johnny.jackson@thomasgroup.com,Theatre stage manager,+1-565-354-3081x386,2024-10-27,Referral,Qualified
324,3391,Megan,Gutierrez,megan.gutierrez@rojasgroup.com,Landscape architect,(883)994-6769x824,2025-05-21,Ad,Unqualified
7790,1695,Warren,Jones,warren.jones@weavergroup.com,"Conservator, museum/gallery",(780)781-4689x3117,2025-04-24,Referral,Unqualified
7683,1403,Peter,White,peter.white@fernandezplc.com,"Teacher, special educational needs",634.969.3241x44508,2024-09-24,Cold Call,New
6700,3501,Bianca,Weber,bianca.weber@hayes-harrison.com,"Pharmacist, community",+1-494-734-8341x043,2024-09-20,Web,Working
5610,819,Justin,Henderson,justin.henderson@contrerasrojasandferguson.com,Clinical embryologist,001-484-754-3542x768,2025-03-15,Referral,Unqualified
7940,3966,Joseph,Richmond,joseph.richmond@garcia-hanson.com,Office manager,392.802.9209x48002,2023-07-27,Web,Working
6376,2940,Rachel,Barton,rachel.barton@weaver-hanson.com,Multimedia specialist,+1-296-942-6169,2025-05-19,Web,Qualified
1514,1054,Tommy,Powell,tommy.powell@vasquezharrellandmorris.com,Structural engineer,820.514.5084x3840,2025-03-11,Cold Call,Qualified
3563,3952,Gary,Barnett,gary.barnett@adamsltd.com,Financial planner,+1-468-603-0043x0602,2023-08-15,Cold Call,Qualified
6811,16,Kelly,Pennington,kelly.pennington@joneskingandpadilla.com,Animal technologist,(794)532-3696x8162,2025-02-12,Cold Call,New
1871,1654,Teresa,Young,teresa.young@millerltd.com,"Teacher, adult education",+1-660-763-5035,2023-02-25,Cold Call,Unqualified
7209,697,Kimberly,Taylor,kimberly.taylor@foxgroup.com,Energy engineer,762-569-5169x96342,2024-10-06,Cold Call,New
7354,2284,Kyle,Love,kyle.love@gravesllc.com,"Engineer, biomedical",,2024-09-19,Ad,New
6008,1328,Gregory,Perry,gregory.perry@pottsortizandmatthews.com,"Teacher, music",9069384094,2025-04-22,Ad,Unqualified
4026,1869,Brandi,Briggs,brandi.briggs@hale-chavez.com,Armed forces training and education officer,244-823-6986,2025-04-29,Referral,New
6352,671,Jessica,Stevens,jessica.stevens@terrythompsonandcampos.com,"Lecturer, further education",861-332-5292,2023-08-12,Ad,Qualified
3263,1858,Joseph,Melton,joseph.melton@bullockltd.com,Telecommunications researcher,+1-647-380-9657x555,2024-03-16,Web,New
928,1325,James,Davis,james.davis@gill-fuller.com,Engineering geologist,3733402126,2024-07-29,Referral,Qualified
4987,2405,Stephen,Jones,stephen.jones@moorewilsonandrose.com,Chemical engineer,,2025-01-04,Referral,Working
3788,2773,Melissa,George,melissa.george@krause-phillips.com,"Clinical scientist, histocompatibility and immunogenetics",344-997-8499,2025-07-01,Referral,Qualified
523,3986,John,Mayer,john.mayer@caldwell-hughes.com,"Horticulturist, amenity",570.804.7489,2024-06-11,Referral,Unqualified
6898,582,Steven,Bryant,steven.bryant@jacksonandsons.com,Energy engineer,701.577.9632x4633,2023-04-17,Ad,Working
285,1835,Allison,Smith,allison.smith@stewart-shepherd.com,"Engineer, drilling",(805)328-8304x85483,2025-05-20,Ad,New
5141,2297,Paul,Anthony,paul.anthony@gibson-diaz.com,Magazine journalist,339.920.9319x9502,2024-09-14,Web,Qualified
3352,2313,Rebecca,Ortega,rebecca.ortega@robinsonplc.com,Dancer,797.492.7679x8277,2025-04-13,Cold Call,Qualified
2340,1877,Deanna,Rhodes,deanna.rhodes@reyesinc.com,"Engineer, drilling",552.216.2196,2023-04-26,Ad,Unqualified
4559,3565,Sean,Johnson,sean.johnson@youngcollinsandthomas.com,Hydrogeologist,+1-972-930-5107x77835,2025-07-08,Web,New
7197,1455,Darren,Frank,darren.frank@peterson-phillips.com,Diplomatic Services operational officer,309.402.3045,2024-07-06,Web,New
7299,1246,Christopher,Ross,christopher.ross@saunders-horne.com,"Engineer, petroleum",001-717-649-7963,2024-06-12,Ad,Working
7821,2608,Marcus,Pace,marcus.pace@scott-andrews.com,"Engineer, energy",(262)842-8758x127,2023-05-16,Cold Call,Working
1186,2932,Sean,Scott,sean.scott@wise-solomon.com,Magazine features editor,+1-475-844-3118x75020,2025-07-06,Referral,New
5594,3975,Patrick,Anderson,patrick.anderson@tuckerinc.com,Actor,(983)669-7767x174,2025-06-24,Ad,Working
6257,2616,Ryan,Salazar,ryan.salazar@reynolds-nielsen.com,Bookseller,001-325-278-4820,2025-05-03,Ad,Unqualified
2463,88,Christopher,Holmes,christopher.holmes@gallegosgroup.com,Hydrogeologist,(579)792-2421,2024-12-19,Ad,Working
2842,3734,Dennis,Roberts,dennis.roberts@alvarezinc.com,Seismic interpreter,(406)595-5602x9529,2024-07-31,Web,Working
6371,1549,Micheal,Patterson,micheal.patterson@rochallc.com,Management consultant,+1-326-656-3194,2025-07-03,Web,Unqualified
6263,2788,Tiffany,Woods,tiffany.woods@taylorlopezandhaley.com,"Merchandiser, retail",281-367-6075,2025-05-12,Referral,Qualified
5572,159,Curtis,Howard,curtis.howard@websterlopezandklein.com,Building control surveyor,859-562-8497,2024-12-27,Ad,New
4885,1442,Lisa,Nguyen,lisa.nguyen@day-smith.com,Hotel manager,+1-620-856-5872x23165,2024-04-12,Ad,Working
8072,2773,Thomas,Gonzalez,thomas.gonzalez@krause-phillips.com,Horticultural consultant,001-767-279-2851x0016,2025-07-14,Referral,Working
6993,1481,Stephen,Craig,stephen.craig@mathis-powers.com,Health service manager,+1-225-621-6000x9287,2025-03-22,Referral,New
4621,3538,Michael,Sullivan,michael.sullivan@millergroup.com,Educational psychologist,4644956611,2025-06-26,Ad,New
3321,1903,Jennifer,Wong,jennifer.wong@hansenllc.com,"Engineer, manufacturing",001-529-673-6586,2024-12-24,Web,New
6513,2822,Cheryl,Henderson,cheryl.henderson@rivers-stanley.com,Secretary/administrator,461-477-4418x56256,2025-04-26,Web,Working
5711,733,Daniel,James,daniel.james@foxllc.com,"Secretary, company",517.338.9540,2024-05-06,Referral,Qualified
7596,1678,Joshua,Prince,joshua.prince@skinner-morales.com,Biomedical scientist,+1-604-496-8235x8838,2025-03-02,Cold Call,Unqualified
4682,2695,Cynthia,Kelly,cynthia.kelly@goldenjamesandhenry.com,"Psychotherapist, child",798.490.1163x187,2024-11-22,Ad,Qualified
345,683,Sheila,Oneal,sheila.oneal@harperltd.com,Research scientist (physical sciences),977-625-1365,2025-02-22,Referral,Unqualified
5812,1601,Robin,Bowers,robin.bowers@masseypetersonandandrews.com,Regulatory affairs officer,2692864810,2024-12-16,Web,Working
5799,2402,Lisa,Williams,lisa.williams@molina-peterson.com,"Teacher, secondary school",422-988-8352x329,2024-10-09,Web,Unqualified
4081,1148,Benjamin,Floyd,benjamin.floyd@perez-thompson.com,"Radiographer, therapeutic",+1-201-514-0113x32606,2025-06-15,Referral,Working
7938,1728,David,Garrison,david.garrison@murphy-osborne.com,English as a foreign language teacher,428-604-5279,2024-07-15,Referral,Working
1459,3274,Bruce,Fernandez,bruce.fernandez@huntbennettandmosley.com,Consulting civil engineer,292-368-8014,2025-03-23,Ad,Qualified
46,465,James,Phillips,james.phillips@wagnerforbesandrowe.com,Clinical psychologist,848.846.5554x78121,2025-03-01,Cold Call,Qualified
7111,3908,Natalie,Romero,natalie.romero@ferguson-miller.com,"Designer, graphic",(688)403-2714x4389,2025-06-04,Referral,New
3451,2206,Laura,Brown,laura.brown@grahamltd.com,Tour manager,392-977-9296x252,2024-05-25,Ad,Unqualified
1430,1941,Teresa,Bryant,teresa.bryant@hughes-white.com,"Surveyor, building control",(357)309-8539,2023-10-30,Cold Call,Working
5703,2859,Melissa,Clark,melissa.clark@clarkgroup.com,Television floor manager,604-612-8998x474,2024-08-03,Cold Call,Unqualified
4105,2530,Kathleen,Rodriguez,kathleen.rodriguez@mortonllc.com,Prison officer,505.579.9070x13613,2025-03-17,Cold Call,Working
1603,2653,Christopher,Rodriguez,christopher.rodriguez@howard-martinez.com,"Runner, broadcasting/film/video",216-768-3398,2023-10-03,Web,Unqualified
1119,827,Connie,Perry,connie.perry@moseswilliamsandcollins.com,Adult nurse,(536)545-4273x059,2024-11-29,Cold Call,Qualified
6323,3006,Eric,Anderson,eric.anderson@jones-gonzalez.com,Public house manager,(984)698-9501,2025-03-18,Cold Call,New
3471,714,Amy,Black,amy.black@sullivan-king.com,Passenger transport manager,540-579-1602x4065,2023-09-25,Ad,New
2954,2388,Kathleen,Thomas,kathleen.thomas@bridgescampbellandhernandez.com,"Designer, graphic",(785)942-8824x8550,2024-04-07,Ad,Working
3858,3073,Kimberly,Tate,kimberly.tate@ibarrawilliamsandhughes.com,Trade mark attorney,001-680-972-1563x46291,2023-08-10,Ad,Working
7163,863,Debra,Martinez,debra.martinez@butler-sloan.com,Radiation protection practitioner,594-951-5707x445,2023-12-24,Ad,Unqualified
2158,1630,Robert,Williams,robert.williams@muellerplc.com,"Pharmacist, hospital",863.573.9624,2024-02-07,Ad,Working
790,307,Tyler,Carr,tyler.carr@thompsonsmithanddouglas.com,"Therapist, art",499.662.2288,2025-01-04,Ad,Working
8026,96,Danny,Harris,danny.harris@harrisoncastilloandchan.com,"Designer, ceramics/pottery",(386)846-5184,2024-11-14,Cold Call,Qualified
1663,1990,Deborah,Reed,deborah.reed@washingtonltd.com,"Engineer, civil (contracting)",,2025-06-27,Web,Qualified
2921,3151,Kristen,Harris,kristen.harris@woodinc.com,Animal nutritionist,+1-357-217-5320x889,2023-11-23,Referral,Working
4888,2831,Rachel,Roberson,rachel.roberson@hansengroup.com,Clinical biochemist,001-807-584-8809x4043,2024-07-16,Referral,Working
3629,3011,Jennifer,Cruz,jennifer.cruz@acevedodayandhale.com,Music tutor,(266)679-1461,2025-07-17,Cold Call,New
2112,2461,Amanda,Brown,amanda.brown@mooreinc.com,Ship broker,835-528-3416,2024-05-05,Referral,Qualified
6504,1434,Cheryl,Willis,cheryl.willis@lawson-hughes.com,Quantity surveyor,001-230-371-0284,2025-02-02,Web,Qualified
1573,1042,William,Davis,william.davis@johnson-davis.com,"Engineer, energy",483.906.2626x8995,2025-04-23,Cold Call,Qualified
7624,2242,Andre,Hammond,andre.hammond@nelsonlewisandsherman.com,Forest/woodland manager,265-860-8750x9017,2025-07-07,Web,Working
6179,981,Daniel,Johnson,daniel.johnson@robbinsmurphyandcole.com,Logistics and distribution manager,+1-443-319-8819x929,2025-04-14,Referral,Working
6712,1366,Angela,Graham,angela.graham@wilsongardnerandjones.com,"Pharmacist, hospital",266-666-0278x51991,2025-07-13,Cold Call,Working
1897,217,James,Robertson,james.robertson@morrisplc.com,Theatre manager,001-972-881-3145x562,2024-01-25,Ad,New
5369,3677,Erik,Sexton,erik.sexton@smithgeorgeandanderson.com,Community pharmacist,866-649-9529x6846,2024-05-12,Web,Qualified
3062,80,Tara,Wells,tara.wells@sullivanmccallandrichardson.com,Forensic scientist,,2025-02-16,Ad,Qualified
2621,2602,Amanda,Waters,amanda.waters@bowman-caldwell.com,Building control surveyor,856-937-2552,2023-02-11,Referral,Qualified
5772,1862,David,Fields,david.fields@glennltd.com,"Engineer, energy",475.510.0310,2024-12-21,Ad,New
2617,336,Jason,Gill,jason.gill@chapman-johnson.com,"Designer, ceramics/pottery",001-477-297-0120x386,2025-06-29,Referral,Working
1452,2639,Robert,Sanford,robert.sanford@youngandsons.com,"Radiographer, therapeutic",(881)668-9026,2025-03-20,Web,New
1077,970,Trevor,Mccann,trevor.mccann@bryant-nunez.com,Barrister's clerk,461-644-2206x0642,2024-10-17,Web,Qualified
6168,2937,Travis,Roy,travis.roy@wardbrownanddaniel.com,Counsellor,(264)869-1635x389,2025-04-20,Ad,Working
5508,696,Jeremiah,Smith,jeremiah.smith@craigandsons.com,Plant breeder/geneticist,001-456-836-2027x008,2024-09-11,Web,Qualified
2564,166,Stephanie,Ward,stephanie.ward@briggssotoandayala.com,"Education officer, museum",784-746-8966x87400,2024-05-24,Web,Working
1260,285,Colleen,Osborn,colleen.osborn@brown-larson.com,Television camera operator,001-903-402-7046x1981,2025-02-12,Ad,Unqualified
6388,1133,Jackie,Baker,jackie.baker@fitzpatrickmitchellandhaley.com,"Scientist, marine",,2023-09-06,Cold Call,New
4516,1475,Erin,Mercado,erin.mercado@roweplc.com,Television camera operator,8233494415,2024-11-12,Referral,New
3535,3804,Daniel,Cain,daniel.cain@williamsbarreraandjensen.com,"Geologist, wellsite",(381)787-4851x9824,2024-11-01,Cold Call,Working
6915,151,Mark,Hunt,mark.hunt@cummings-bentley.com,Drilling engineer,(702)264-2302x85240,2025-04-01,Cold Call,Unqualified
6855,876,Deborah,Hopkins,deborah.hopkins@simpsoninc.com,Waste management officer,361.595.8086x573,2025-03-08,Web,Unqualified
3758,251,Matthew,Rose,matthew.rose@hernandezrossandruiz.com,"Engineer, broadcasting (operations)",(515)756-8298x30191,2024-04-23,Ad,Working
3227,601,Lauren,Stevens,lauren.stevens@garrettgroup.com,"Therapist, sports",(993)228-9678,2025-06-29,Web,Qualified
1157,3480,Eric,Lewis,eric.lewis@sanchez-simmons.com,"Scientist, research (physical sciences)",001-701-722-3777x2666,2024-04-08,Referral,Working
4394,2990,Jeremy,Palmer,jeremy.palmer@gonzalezltd.com,Meteorologist,(249)373-9242,2023-09-02,Cold Call,New
3459,1926,Matthew,Scott,matthew.scott@zimmermanstevensandsmith.com,Fast food restaurant manager,(780)785-3637x3836,2025-06-09,Ad,Unqualified
4437,1989,Danielle,Ramos,danielle.ramos@warerogersandhoover.com,"Engineer, broadcasting (operations)",825-259-4288x254,2025-07-08,Ad,Working
3226,3287,Michael,Taylor,michael.taylor@harrisgroup.com,Barrister's clerk,(920)905-1499,2024-12-08,Ad,Working
2745,520,Pedro,Mitchell,pedro.mitchell@roberts-perry.com,Architect,661-981-8417,2024-05-23,Cold Call,Qualified
1438,474,Michael,Richardson,michael.richardson@younghayesandrogers.com,"Engineer, chemical",202-769-9838x79507,2025-06-24,Referral,Working
2867,2249,Rebecca,Long,rebecca.long@garciagrimesandhunter.com,Commissioning editor,404.648.4353,2025-05-07,Cold Call,Working
7108,487,Ebony,Randall,ebony.randall@hobbsinc.com,"Engineer, electronics",+1-205-788-0936,2025-01-19,Cold Call,Qualified
4806,3792,Jonathan,Johnson,jonathan.johnson@lopezobrienandramos.com,Outdoor activities/education manager,(546)329-9546x69262,2024-01-14,Referral,Unqualified
3386,198,Robert,Ayala,robert.ayala@wilsonhernandezandmurphy.com,Paramedic,690-289-7272x14286,2025-05-13,Web,Qualified
7868,3328,Christopher,Turner,christopher.turner@ellisonhardyandchavez.com,Jewellery designer,746.684.6522x19858,2025-07-12,Ad,Qualified
3516,2298,Matthew,Christian,matthew.christian@waltonltd.com,Warden/ranger,,2025-01-21,Referral,Working
554,3561,Jack,Pham,jack.pham@smithrosarioandjones.com,Community pharmacist,,2024-08-20,Referral,Unqualified
1320,796,Shawn,Flowers,shawn.flowers@gardnersullivanandwilliams.com,Financial risk analyst,443.566.6605x187,2024-10-24,Ad,Unqualified
6819,1019,Joseph,Beck,joseph.beck@mcmahonfergusonandjones.com,Broadcast engineer,541.595.5399x158,2024-08-23,Web,Working
191,1240,Jeremy,Blackburn,jeremy.blackburn@taylor-cochran.com,Politician's assistant,(809)329-9440x56690,2025-02-03,Web,Qualified
3854,2883,Jonathan,Gibson,jonathan.gibson@coxllc.com,"Presenter, broadcasting",680-724-4590x65824,2025-06-29,Referral,Qualified
1137,2784,Michelle,Williams,michelle.williams@gordon-leach.com,Fashion designer,733-816-2676,2025-01-23,Cold Call,New
7326,3244,James,Stuart,james.stuart@grant-moore.com,"Programmer, multimedia",+1-523-360-4322x681,2025-06-19,Ad,Unqualified
5623,3226,Jimmy,Rich,jimmy.rich@garcialarsenandbest.com,Computer games developer,001-550-962-2764,2025-05-03,Cold Call,Unqualified
4679,3963,Amy,Paul,amy.paul@youngandsons.com,Community education officer,+1-352-587-0693x712,2025-06-22,Referral,Qualified
1517,3129,Joshua,Gregory,joshua.gregory@millerllc.com,Press sub,573.475.6035,2025-04-05,Cold Call,New
539,1247,Beth,Burch,beth.burch@singh-velez.com,Production manager,(494)461-1415x1107,2024-11-23,Referral,New
8044,90,Theresa,Pearson,theresa.pearson@greenfrenchandsmith.com,"Engineer, broadcasting (operations)",001-456-386-7194x6993,2024-10-28,Cold Call,Qualified
3228,2603,Lindsay,Garza,lindsay.garza@parrish-burns.com,Chartered accountant,8192648857,2023-08-17,Referral,Qualified
4728,1806,Rachel,Rodriguez,rachel.rodriguez@lee-reed.com,Clinical biochemist,327-377-5637x90434,2023-04-25,Web,Working
1718,3984,Susan,Ryan,susan.ryan@lopezgroup.com,"Embryologist, clinical",416.885.0652,2024-01-08,Referral,Working
4371,3421,David,Mcfarland,david.mcfarland@wallaceburnsandmueller.com,"Accountant, chartered",001-524-412-0712x25960,2025-06-01,Ad,New
7818,3556,Zachary,Martin,zachary.martin@wheeler-cooper.com,"Accountant, chartered management",,2025-02-14,Referral,Qualified
480,415,Billy,Bennett,billy.bennett@lambltd.com,English as a foreign language teacher,497-369-6506x852,2024-03-11,Referral,New
2400,2946,Natalie,Hutchinson,natalie.hutchinson@lopezfisherandrandall.com,Media buyer,816.756.5869,2024-12-05,Referral,Unqualified
3974,2746,Brian,Leon,brian.leon@millerltd.com,"Scientist, research (maths)",(459)654-7337,2024-08-19,Ad,Unqualified
6930,3467,Samantha,Figueroa,samantha.figueroa@myersltd.com,"Education officer, community",324-871-7490,2024-11-01,Referral,Unqualified
1533,3676,Lisa,Buck,lisa.buck@davisllc.com,Games developer,708.217.5728x4612,2024-07-10,Cold Call,New
7068,3439,Timothy,Harris,timothy.harris@bellgroup.com,Financial controller,,2025-07-07,Ad,New
6973,1656,Susan,Sanchez,susan.sanchez@thomashillandbrennan.com,Psychiatric nurse,3432679206,2024-10-13,Referral,Unqualified
4313,3706,Emily,Tucker,emily.tucker@morrisplc.com,Television/film/video producer,543-944-0865,2025-07-15,Cold Call,Unqualified
1012,1467,Joseph,Patterson,joseph.patterson@wallgroup.com,Telecommunications researcher,001-229-650-1165,2025-01-30,Web,Unqualified
6116,3355,Christine,Mitchell,christine.mitchell@scottltd.com,Product/process development scientist,555-822-8075,2025-06-20,Ad,Unqualified
5438,1650,Roger,Harris,roger.harris@morganspencerandmiles.com,Naval architect,747-786-5417x387,2023-01-22,Cold Call,Qualified
6118,3291,Tammy,Smith,tammy.smith@howardplc.com,Contracting civil engineer,9884866685,2024-05-09,Referral,New
3702,1768,Donna,Jones,donna.jones@moore-herrera.com,"Administrator, sports",4226817458,2024-12-19,Ad,Qualified
7838,511,Andres,Molina,andres.molina@woodard-lucas.com,Animal technologist,517-769-1825,2024-03-03,Referral,Working
5506,689,Michael,Salas,michael.salas@allengroup.com,Geoscientist,860-910-9523x0127,2024-11-13,Cold Call,Working
3837,3576,Daniel,Fitzgerald,daniel.fitzgerald@tate-howard.com,Licensed conveyancer,001-819-276-9952x822,2025-03-04,Cold Call,Unqualified
2165,2104,Michelle,Garcia,michelle.garcia@hendricksltd.com,Primary school teacher,712-629-0850x33625,2024-10-27,Referral,Qualified
1247,2277,Rachel,Rodgers,rachel.rodgers@bryant-avery.com,Training and development officer,001-826-386-3082x6877,2025-07-01,Web,Qualified
5236,576,Jennifer,Johnson,jennifer.johnson@rogershamiltonandwalters.com,Archivist,213.769.1862x5988,2025-07-11,Referral,New
1686,1130,Lisa,Gibson,lisa.gibson@mitchellwilsonandshepard.com,"Accountant, chartered public finance",001-205-330-0881,2025-07-04,Cold Call,Working
2805,1183,Debbie,Richardson,debbie.richardson@richards-brown.com,"Embryologist, clinical",+1-650-482-4074x2216,2025-04-14,Cold Call,Qualified
4659,2251,Ryan,Vasquez,ryan.vasquez@delgadoandsons.com,Theatre stage manager,(612)339-6858x540,2024-10-25,Referral,Working
7649,844,Kristen,Villarreal,kristen.villarreal@carrillo-powers.com,Building control surveyor,359.788.5348,2024-11-05,Web,Working
7999,2687,Brent,Lozano,brent.lozano@leeinc.com,Graphic designer,(908)901-6960x98396,2024-11-15,Web,Qualified
2519,3917,Jamie,Hawkins,jamie.hawkins@nolan-perkins.com,"Designer, textile",798.531.4682,2023-09-13,Cold Call,New
457,3492,Robert,Green,robert.green@millerltd.com,"Designer, graphic",001-790-541-1833x4081,2025-05-10,Referral,Qualified
2978,1830,Amanda,Pugh,amanda.pugh@bennettandsons.com,Futures trader,(522)310-8620x8101,2023-10-07,Web,Qualified
5150,1141,Christina,Gentry,christina.gentry@buckleyinc.com,Learning mentor,494-546-7957,2023-08-23,Web,Unqualified
756,2118,Walter,Young,walter.young@mirandallc.com,Conference centre manager,001-591-873-2726x881,2023-12-09,Ad,Working
6636,2699,Michelle,Jones,michelle.jones@vargasperezandelliott.com,"Programmer, systems",7144482755,2024-03-29,Web,Working
184,823,Alyssa,Salinas,alyssa.salinas@mooreinc.com,"Engineer, manufacturing",6465496923,2024-12-09,Ad,New
7394,2813,Cheryl,Cooper,cheryl.cooper@larsondoyleandjones.com,Aeronautical engineer,880-711-6322x77558,2025-06-23,Referral,Unqualified
7968,3872,Adam,Graham,adam.graham@fullerbrooksandberry.com,Geographical information systems officer,001-971-664-4508,2024-01-04,Ad,Unqualified
4685,3113,John,Wilson,john.wilson@fisher-rush.com,Careers adviser,670.469.3584,2025-06-16,Referral,Working
4973,1356,Julie,Wade,julie.wade@careyandsons.com,Technical sales engineer,469-385-6046,2024-07-03,Web,Qualified
7672,3510,Jennifer,Martinez,jennifer.martinez@coleman-mitchell.com,"Engineer, electronics",718.369.6770,2024-08-20,Web,Qualified
7562,3861,April,Gardner,april.gardner@hall-lindsey.com,"Scientist, clinical (histocompatibility and immunogenetics)",001-346-449-6978x865,2025-02-17,Ad,New
4190,721,Marc,Villa,marc.villa@jonesllc.com,Metallurgist,+1-995-286-4456x031,2025-01-16,Cold Call,Qualified
269,2606,Donna,Brown,donna.brown@ellishouseandstephens.com,"Surveyor, building control",550-720-4618,2024-05-21,Web,Working
7106,3660,James,Lane,james.lane@dixon-berger.com,Armed forces logistics/support/administrative officer,(687)674-6729,2025-03-07,Cold Call,Working
7025,2060,Cristian,Wilson,cristian.wilson@browngroup.com,Graphic designer,+1-443-787-2375x4926,2024-11-22,Referral,Qualified
4676,2258,Stephen,Rich,stephen.rich@lewis-smith.com,Clothing/textile technologist,712.705.9409x8913,2025-04-22,Web,New
3104,1296,Monica,Stanley,monica.stanley@wolf-powers.com,Agricultural engineer,(382)373-1203,2024-08-18,Web,Unqualified
5116,2942,Traci,Mcdaniel,traci.mcdaniel@johnsonplc.com,Information officer,859.805.0561,2025-06-09,Cold Call,Working
1455,2900,Debra,Hunter,debra.hunter@rossburgessandsampson.com,Ecologist,300.647.6221x24373,2025-05-15,Cold Call,Unqualified
2668,408,Melissa,Guzman,melissa.guzman@lucas-herrera.com,Tree surgeon,(301)949-1417x828,2025-05-06,Web,Working
5792,3532,Rebecca,Austin,rebecca.austin@marshallbrownandmiranda.com,Health service manager,552.639.8768x419,2024-04-30,Web,Unqualified
1015,1165,Dawn,Green,dawn.green@wolfleeandhanson.com,Contractor,001-664-714-0494x7906,2023-06-17,Cold Call,Working
1313,45,Stephanie,Smith,stephanie.smith@arroyobryantandbutler.com,Advertising art director,2155354265,2025-06-14,Ad,New
1886,1963,Lee,White,lee.white@ruizltd.com,Barista,(369)495-3228x28285,2022-11-25,Ad,Qualified
735,348,Nicholas,Miller,nicholas.miller@burgess-zhang.com,"Scientist, research (physical sciences)",001-347-859-1352x03918,2024-07-25,Web,New
632,3239,Michael,Schroeder,michael.schroeder@garcia-colon.com,Industrial/product designer,805-428-6928,2025-01-07,Web,Working
2436,1078,Lisa,Williams,lisa.williams@banksplc.com,Naval architect,+1-608-910-4587x896,2025-05-18,Web,Qualified
2382,60,Allen,Flores,allen.flores@evans-padilla.com,"Conservation officer, nature",7872226068,2025-04-21,Referral,Unqualified
4410,2617,Bradley,Cain,bradley.cain@rivasandsons.com,Social researcher,824-824-7753,2024-11-20,Cold Call,New
4828,838,Sheila,Douglas,sheila.douglas@santiagogarciaandhernandez.com,Chief Marketing Officer,+1-575-828-9780x93029,2025-03-14,Referral,Working
5868,509,Brian,Armstrong,brian.armstrong@weavergroup.com,Government social research officer,833.846.6417x258,2024-03-19,Referral,Working
7544,3600,Colin,Elliott,colin.elliott@aguilarchristensenandrodriguez.com,Adult guidance worker,700.864.0337x7933,2025-04-02,Referral,New
3658,1230,Bruce,Duffy,bruce.duffy@gray-kaufman.com,Hospital doctor,379-357-0472x49926,2024-10-30,Referral,Unqualified
6452,3071,Ryan,Hanson,ryan.hanson@coffey-houston.com,"Conservator, museum/gallery",001-552-668-5568,2024-12-17,Cold Call,Qualified
1808,3309,Brian,Arias,brian.arias@dickerson-stafford.com,Land/geomatics surveyor,(733)810-3374x51167,2025-06-18,Web,New
7884,1629,Bobby,White,bobby.white@camposandsons.com,Government social research officer,228-611-4663x89531,2025-07-11,Referral,Unqualified
1925,805,Alexander,Wilson,alexander.wilson@avilaltd.com,Visual merchandiser,9942791804,2025-06-11,Web,New
1160,2478,Kristen,Mercer,kristen.mercer@burnsinc.com,"Lighting technician, broadcasting/film/video",481-756-0025x749,2025-07-14,Cold Call,Qualified
670,3097,Austin,Gray,austin.gray@williams-morgan.com,Paramedic,513.822.6056x519,2025-07-15,Cold Call,Qualified
7551,2714,Phillip,Dennis,phillip.dennis@stricklandandsons.com,Hotel manager,(553)817-8592,2024-09-22,Cold Call,New
3603,669,Daniel,Ford,daniel.ford@cooperandsons.com,"Programmer, systems",,2025-05-22,Web,Working
7290,3105,Nicholas,Mckee,nicholas.mckee@williamsoncobbandbarrett.com,Tourist information centre manager,+1-535-442-2829x58183,2025-07-03,Cold Call,Qualified
3957,2453,Terri,Cunningham,terri.cunningham@mclaughlingroup.com,Charity officer,001-342-970-8833x3346,2025-06-20,Cold Call,Unqualified
4254,2404,Karen,Young,karen.young@martinez-meyer.com,International aid/development worker,(806)394-9201x14205,2025-05-05,Ad,Unqualified
4772,2336,Rachel,Crawford,rachel.crawford@aliandrewsandbennett.com,"Designer, multimedia",+1-651-777-6210,2024-12-08,Web,New
4092,29,Philip,Phillips,philip.phillips@welchrobersonandlopez.com,Scientific laboratory technician,+1-311-726-3689x1400,2024-11-03,Ad,Qualified
4148,1934,Nathan,Gonzalez,nathan.gonzalez@williamsperezandjackson.com,"Nurse, mental health",(528)975-0099x565,2025-04-29,Ad,Qualified
4583,1592,Sharon,Roy,sharon.roy@douglasgibsonandsnyder.com,Accounting technician,501-732-4086,2023-06-21,Ad,Qualified
5460,3755,Jack,Willis,jack.willis@watersinc.com,Technical brewer,(633)867-7881x2213,2024-01-25,Referral,Unqualified
5968,943,Philip,Cervantes,philip.cervantes@waltersgroup.com,"Engineer, broadcasting (operations)",(716)637-5229x201,2023-06-07,Ad,Qualified
7206,1807,Cindy,Hill,cindy.hill@marshplc.com,Health and safety inspector,001-207-276-8356x06607,2024-09-20,Cold Call,Qualified
4113,2538,Deanna,Bennett,deanna.bennett@smithandsons.com,"Optician, dispensing",4233776070,2024-10-02,Ad,Qualified
1859,468,Rebecca,Jennings,rebecca.jennings@mejia-harris.com,Art therapist,(399)686-9192x051,2025-02-10,Cold Call,Qualified
6848,113,Ryan,Hurley,ryan.hurley@fleming-dunlap.com,Writer,851-540-5189,2025-07-17,Cold Call,New
323,263,Daniel,Sullivan,daniel.sullivan@dunlap-keller.com,Tax adviser,+1-642-675-3864,2024-04-20,Web,Qualified
7022,3240,Maria,Moyer,maria.moyer@williamsbakerandjackson.com,Chief Operating Officer,449-477-9114,2025-02-17,Web,Working
5767,355,Victoria,Lawrence,victoria.lawrence@howardltd.com,Insurance account manager,+1-276-979-2858x63626,2025-06-30,Cold Call,Unqualified
4239,2441,James,Gray,james.gray@sanchezmitchellandwalker.com,Ophthalmologist,001-950-679-2278,2023-09-06,Referral,Working
5536,2205,Erin,Cabrera,erin.cabrera@chanhoodandfitzgerald.com,Chiropractor,392-929-5498,2025-01-19,Web,Qualified
4449,600,James,Owens,james.owens@guerrero-ibarra.com,"Conservator, furniture",357-675-3742x732,2025-07-17,Ad,Working
1389,3428,Eddie,Parks,eddie.parks@patton-bell.com,Dealer,586-751-3300x2530,2025-06-21,Cold Call,Unqualified
7211,889,Rebecca,Key,rebecca.key@taylorhuntandmaxwell.com,Psychiatrist,001-458-356-8242x35406,2024-03-19,Web,Unqualified
7590,2801,Rebecca,Walsh,rebecca.walsh@leach-morrison.com,Broadcast journalist,+1-688-236-3482,2025-07-14,Cold Call,Unqualified
3562,546,William,Bennett,william.bennett@turner-everett.com,Comptroller,705.873.5425,2023-04-18,Web,Qualified
6614,2985,Kevin,Jackson,kevin.jackson@ellishamiltonandbender.com,"Surveyor, minerals",001-826-255-5617x92986,2024-07-28,Cold Call,Qualified
8028,3678,Shirley,Bush,shirley.bush@davisswansonandgomez.com,Training and development officer,611-897-8390,2025-06-19,Ad,New
502,2449,Daniel,Singh,daniel.singh@gibson-davila.com,Training and development officer,001-853-373-5321x6028,2023-11-27,Web,Qualified
1788,3273,Deborah,Smith,deborah.smith@barryvalenzuelaandharvey.com,"Psychotherapist, dance movement",+1-602-226-0264x32471,2025-06-13,Referral,Working
1415,3289,Christopher,White,christopher.white@clark-jordan.com,Animal nutritionist,+1-210-238-7453x8139,2025-02-13,Cold Call,New
5615,2521,Dustin,Vance,dustin.vance@johnson-malone.com,"Producer, radio",001-971-225-5455x0528,2024-01-28,Web,Qualified
2241,58,David,Nash,david.nash@knightgroup.com,Civil Service fast streamer,+1-221-917-0131x87731,2024-11-05,Cold Call,Qualified
5748,3994,Cathy,Hughes,cathy.hughes@petersromeroandnelson.com,Conference centre manager,999-816-0239x8224,2023-07-02,Cold Call,Qualified
4714,1871,Diane,Fisher,diane.fisher@blackltd.com,Interior and spatial designer,001-508-417-9349x33376,2024-09-12,Cold Call,New
5410,2738,Michael,Klein,michael.klein@barajas-mcguire.com,"Producer, radio",241.200.6093x167,2025-04-13,Referral,New
5232,578,Jonathon,Fuller,jonathon.fuller@rogersriveraandshaw.com,Print production planner,483.824.3199x4396,2024-07-19,Referral,Unqualified
5040,2874,Matthew,Ayala,matthew.ayala@olsengrantandcampbell.com,Information officer,(584)753-8638,2025-07-08,Referral,New
5565,3553,Brenda,Ferguson,brenda.ferguson@joseph-orr.com,"Programme researcher, broadcasting/film/video",4379614379,2025-02-28,Ad,Qualified
546,793,Kerry,Williams,kerry.williams@danielsallenandkeller.com,Dietitian,479.530.2475x327,2025-07-07,Ad,Qualified
2848,1798,Alexander,Donaldson,alexander.donaldson@sosapageandalexander.com,Petroleum engineer,973-760-2572x1350,2024-02-13,Ad,Unqualified
4648,1417,Brenda,Carter,brenda.carter@wellsinc.com,Glass blower/designer,(576)890-8404,2023-11-30,Cold Call,Unqualified
3908,2506,Gloria,Roberts,gloria.roberts@fergusonharringtonandjackson.com,Recycling officer,+1-941-716-3346x6091,2025-06-30,Referral,Working
2026,3690,James,Hernandez,james.hernandez@hernandez-hicks.com,Wellsite geologist,5258804739,2024-11-10,Ad,New
224,2926,Tracy,Hopkins,tracy.hopkins@blanchardgarciaandbennett.com,"Administrator, Civil Service",001-322-423-1309x61327,2025-07-09,Cold Call,Working
4265,377,James,Moore,james.moore@fisherinc.com,"Surveyor, hydrographic",769-979-7282,2024-07-01,Web,Working
7521,2278,Shannon,Murphy,shannon.murphy@gutierrezllc.com,Financial planner,818.425.1403,2024-08-28,Ad,Unqualified
1605,393,Elizabeth,Garza,elizabeth.garza@campbell-lee.com,Insurance broker,269-807-7099,2025-04-16,Cold Call,Unqualified
3585,3217,Valerie,Mills,valerie.mills@ramirezthorntonandwhitaker.com,Theatre director,+1-812-202-4260x183,2025-05-17,Referral,New
4426,2059,Jessica,Floyd,jessica.floyd@rodriguezplc.com,Learning disability nurse,+1-333-554-1324x623,2023-11-04,Cold Call,Working
6660,2563,Melanie,Jacobs,melanie.jacobs@morales-cunningham.com,Race relations officer,001-251-328-4548x3914,2024-06-15,Cold Call,Qualified
7451,906,Shannon,Rhodes,shannon.rhodes@nunez-baldwin.com,Writer,001-999-842-0696x4675,2024-07-02,Cold Call,New
6620,1396,Jesse,Jensen,jesse.jensen@johnstonandsons.com,Television/film/video producer,888.422.7457,2024-09-19,Referral,Qualified
6410,922,Douglas,White,douglas.white@jonesvincentandlara.com,Dramatherapist,001-545-623-0540x67785,2024-01-27,Cold Call,New
4887,2831,Alexa,Harper,alexa.harper@hansengroup.com,Corporate treasurer,001-458-241-8878x2287,2024-03-20,Ad,Qualified
7598,712,Douglas,Pena,douglas.pena@mckenzieschmidtandlewis.com,Brewing technologist,9249973909,2025-07-14,Web,Qualified
2628,2129,Stephen,Bond,stephen.bond@johnsonllc.com,Food technologist,828.616.4373x746,2024-12-08,Cold Call,Unqualified
5216,2328,Christina,Avila,christina.avila@browninc.com,"Runner, broadcasting/film/video",793-466-0164,2024-08-23,Referral,Working
3680,3502,Susan,Horton,susan.horton@pennington-bradley.com,Counselling psychologist,+1-918-599-8719x3600,2023-08-09,Ad,Qualified
4521,795,Donald,Harris,donald.harris@carter-williamson.com,Hospital pharmacist,(406)371-0041,2025-07-05,Cold Call,Qualified
1163,2180,Michael,Hayes,michael.hayes@ramirezgonzalezandbryant.com,"Engineer, technical sales",(963)684-4579,2025-01-07,Cold Call,Unqualified
5129,2880,Aaron,Graham,aaron.graham@gallagherreynoldsandbarajas.com,Multimedia programmer,926-883-9010,2025-07-03,Cold Call,Working
1111,645,Kimberly,Ramos,kimberly.ramos@james-brock.com,"Research officer, government",001-788-216-9617x3983,2024-02-08,Ad,New
4336,2435,Jasmine,Evans,jasmine.evans@olson-jones.com,Colour technologist,,2025-02-22,Ad,Unqualified
5472,3376,William,Williams,william.williams@dunnblackanddavis.com,Chiropodist,001-784-869-8879,2025-02-26,Referral,New
6125,2227,Linda,Miller,linda.miller@francofloresandnguyen.com,Environmental health practitioner,637.549.8317,2025-03-10,Ad,Working
4729,1806,David,Kelly,david.kelly@lee-reed.com,Visual merchandiser,4554844801,2023-04-15,Referral,New
6436,1626,Megan,Thomas,megan.thomas@palmergroup.com,Microbiologist,372-927-7766,2024-12-05,Ad,Qualified
6379,72,Amy,Ramos,amy.ramos@jenkins-hernandez.com,"Nurse, adult",499.318.5459x899,2025-03-03,Referral,Qualified
7545,3600,Janet,Hansen,janet.hansen@aguilarchristensenandrodriguez.com,Hydrologist,001-682-804-9553x063,2025-07-14,Referral,New
1958,2048,Daniel,James,daniel.james@perryinc.com,Firefighter,725.987.5421x99131,2024-10-13,Cold Call,Qualified
7429,1324,Raymond,Keller,raymond.keller@ramos-schwartz.com,Hydrographic surveyor,679.437.5370x7925,2023-10-28,Web,Unqualified
276,2375,John,Holt,john.holt@harrisonjenningsandlewis.com,"Therapist, sports",9937770958,2024-01-22,Referral,New
1464,1812,Ruben,Walker,ruben.walker@morganandsons.com,Chartered public finance accountant,374-423-9386x8398,2024-11-08,Referral,New
6297,1917,Amanda,Pittman,amanda.pittman@miller-nichols.com,Speech and language therapist,(799)207-5328x613,2025-01-15,Cold Call,Unqualified
1709,3368,Samantha,Taylor,samantha.taylor@mcguire-parker.com,Clinical research associate,001-235-750-7707x672,2025-07-06,Referral,Working
1434,1988,David,Roth,david.roth@fletcher-wagner.com,Pathologist,936.981.5876x83187,2024-03-10,Web,Working
5435,1116,Sandra,Kane,sandra.kane@nielseninc.com,Clinical molecular geneticist,968.216.4509x6211,2025-03-08,Ad,New
2079,3825,Steven,King,steven.king@cunninghamcarrilloandhartman.com,Educational psychologist,5393136490,2025-04-03,Referral,New
7654,2353,Sheryl,Stewart,sheryl.stewart@millscastilloandgonzales.com,Fine artist,234.365.6694x7139,2025-04-26,Cold Call,Qualified
992,323,Tyler,Reyes,tyler.reyes@wilson-li.com,Nutritional therapist,,2025-07-14,Ad,Qualified
157,2379,Jordan,Barker,jordan.barker@bradleyltd.com,Jewellery designer,(273)774-2461,2024-06-07,Web,New
2535,3891,Jamie,Williams,jamie.williams@cummingsllc.com,Broadcast presenter,869-651-9194x07221,2025-06-13,Referral,Qualified
914,2680,Andrew,Michael,andrew.michael@ramosllc.com,"Surveyor, land/geomatics",403-409-3498,2023-11-11,Ad,Working
7645,1707,David,Gonzalez,david.gonzalez@clarkegroup.com,Management consultant,001-607-645-2921,2025-05-18,Referral,Working
1469,567,Erika,Brown,erika.brown@smithandsons.com,"Buyer, industrial",001-937-217-7286x0455,2025-02-02,Web,New
6646,1616,Danielle,Horton,danielle.horton@allison-brown.com,Community pharmacist,001-327-323-2267x0901,2025-03-31,Referral,New
8074,3227,Cory,Matthews,cory.matthews@clarkinc.com,Information officer,+1-761-598-3919x81494,2025-03-18,Web,Qualified
3519,2134,Anthony,Mcconnell,anthony.mcconnell@grahamltd.com,Video editor,(385)745-7436x34543,2025-02-01,Referral,Working
6489,634,Tammy,Morgan,tammy.morgan@garciacarrollandallen.com,Public librarian,256-665-1965,2024-09-20,Referral,Qualified
7701,764,Ryan,Taylor,ryan.taylor@wilsonwrightandpatterson.com,Local government officer,(544)868-4128x7283,2025-02-17,Referral,Working
7549,985,Justin,Williams,justin.williams@kerrinc.com,Volunteer coordinator,+1-535-481-8742,2024-11-02,Referral,Unqualified
5996,333,Anthony,Rogers,anthony.rogers@marshallwilliamsandparker.com,Charity fundraiser,6783244650,2025-05-15,Cold Call,New
5844,937,Grace,Crawford,grace.crawford@bennettharveyandschmidt.com,Community pharmacist,398-620-8118,2024-03-06,Referral,Qualified
1366,2993,Brandi,Mason,brandi.mason@smith-evans.com,Prison officer,+1-328-506-0798,2025-01-30,Ad,Unqualified
3795,3622,Jeffrey,Kerr,jeffrey.kerr@hernandezltd.com,Educational psychologist,5456744495,2024-03-05,Referral,New
1669,2796,Kevin,Kelley,kevin.kelley@simpson-cowan.com,Writer,001-599-743-2563x02165,2025-04-02,Cold Call,Qualified
5383,2351,Christopher,Willis,christopher.willis@johnsonnealandbaker.com,Chief Marketing Officer,241-998-9051x8559,2025-06-08,Ad,Unqualified
6674,1421,Devin,Martinez,devin.martinez@kelleyalvarezandmoran.com,Print production planner,680.725.2594,2025-04-25,Web,Working
4990,240,Makayla,Miller,makayla.miller@bowmannguyenandvalentine.com,"Engineer, water",685.977.0273x8859,2025-07-17,Cold Call,New
3641,1526,Michelle,Hall,michelle.hall@villanuevaandsons.com,Nutritional therapist,277.967.5774x92646,2023-10-01,Referral,Unqualified
3299,2632,Stephanie,Davis,stephanie.davis@johnsonandsons.com,Associate Professor,001-412-224-9326x0607,2024-08-09,Referral,Unqualified
2736,1311,Jonathan,Rodgers,jonathan.rodgers@garcialtd.com,Diplomatic Services operational officer,001-488-351-2686x5652,2025-03-19,Web,Unqualified
4654,2111,Jennifer,Green,jennifer.green@clarkandsons.com,Professor Emeritus,,2025-06-17,Cold Call,New
2857,2325,David,Figueroa,david.figueroa@callahan-schroeder.com,Camera operator,2839022424,2025-06-20,Referral,Unqualified
450,2475,Jose,Knight,jose.knight@bradshaw-macdonald.com,"Surveyor, quantity",249-843-8879,2023-12-11,Ad,Qualified
5423,1936,Samantha,Bishop,samantha.bishop@robinson-gibson.com,Financial adviser,7396699885,2025-06-05,Ad,Qualified
5497,3454,Sara,Garner,sara.garner@duncanjacksonandglover.com,Public house manager,904.953.0317x90447,2025-04-24,Ad,Unqualified
4003,2319,Lawrence,Francis,lawrence.francis@hammondbennettandsutton.com,Dentist,686.991.4950x066,2025-04-15,Ad,Working
2859,262,Scott,Mann,scott.mann@navarrosmithandperez.com,Corporate treasurer,001-425-214-9198,2025-06-09,Web,Working
1356,655,Wendy,King,wendy.king@smith-cooper.com,Electrical engineer,001-247-508-2980x19556,2023-11-22,Cold Call,Working
4341,2013,Stephen,Howell,stephen.howell@kirkgrayandcarrillo.com,Electronics engineer,(590)333-4440x09633,2023-09-22,Referral,Unqualified
4000,444,Denise,Best,denise.best@nguyenrichardsonandgarcia.com,"Engineer, maintenance",+1-812-675-6643x1620,2023-06-16,Web,Working
836,686,Samantha,Durham,samantha.durham@petersinc.com,Production engineer,520-924-7652x732,2025-03-15,Ad,Qualified
7704,2432,Justin,Jones,justin.jones@osbornwoodandhunter.com,"Education officer, museum",+1-354-703-0647x09253,2023-06-25,Referral,Qualified
5256,2477,Kimberly,Guerrero,kimberly.guerrero@fieldsinc.com,Tree surgeon,786.847.5979x2789,2024-10-28,Referral,Unqualified
4398,3290,Kimberly,Bennett,kimberly.bennett@munozwareandperry.com,Quality manager,342.430.8537x232,2024-02-22,Referral,Working
6103,1515,George,Wilson,george.wilson@dyerphillipsanddavies.com,"Engineer, control and instrumentation",001-259-682-0876x947,2025-03-30,Ad,Working
5157,2535,Angela,Clark,angela.clark@chandlergreenandowens.com,"Lecturer, further education",001-390-998-3503x57495,2024-09-18,Web,New
6567,589,Rachel,Torres,rachel.torres@romeroltd.com,Musician,3823847623,2025-02-28,Web,Qualified
103,3418,Nancy,Higgins,nancy.higgins@hernandezltd.com,Landscape architect,001-498-405-2117x1965,2025-04-21,Referral,New
4063,258,Kelly,Hunt,kelly.hunt@braun-cole.com,"Accountant, chartered certified",3683412674,2023-12-23,Web,Qualified
6099,2366,Anthony,Lee,anthony.lee@keller-webb.com,Copy,+1-577-547-8562,2025-01-19,Web,Qualified
6907,3927,Austin,Hale,austin.hale@gomezjohnsonandperez.com,Advertising account executive,7102979483,2025-07-17,Ad,Qualified
2357,521,Erin,Duarte,erin.duarte@sosagroup.com,Control and instrumentation engineer,001-820-963-1767x074,2025-06-12,Web,Working
4298,407,Destiny,Wagner,destiny.wagner@bakerstuartandfritz.com,Holiday representative,782.671.1477x4989,2023-07-09,Cold Call,Working
7267,766,Dennis,Sanford,dennis.sanford@flemingplc.com,Equality and diversity officer,(259)696-1662,2025-03-29,Cold Call,Qualified
2851,1815,Jared,Orr,jared.orr@simmonsinc.com,"Teacher, early years/pre",867.936.0956,2025-01-03,Ad,New
1340,425,Bethany,Smith,bethany.smith@olsenltd.com,Waste management officer,(795)851-4806,2024-07-30,Cold Call,Unqualified
460,632,Daniel,Butler,daniel.butler@mitchell-arellano.com,Risk analyst,607.998.2889,2025-06-08,Cold Call,New
2875,2863,Andrew,Ramirez,andrew.ramirez@stevensltd.com,Legal executive,001-337-998-4566x51409,2025-07-18,Ad,Qualified
5722,537,Tristan,Kennedy,tristan.kennedy@alvarezleeandhardy.com,"Surveyor, minerals",,2024-09-18,Web,Working
7188,3271,Joshua,Carey,joshua.carey@gallowayltd.com,Barista,001-399-386-1452x949,2025-03-31,Referral,Unqualified
5504,79,Shaun,Pittman,shaun.pittman@garciabrooksandwhitney.com,Air traffic controller,6596370496,2024-05-21,Cold Call,New
1801,3763,Alexander,Lara,alexander.lara@freemanvargasandhudson.com,Veterinary surgeon,278.893.9470,2023-05-30,Cold Call,New
7534,101,Jason,Davis,jason.davis@bush-carrillo.com,Personnel officer,863.633.3078x00671,2025-01-04,Web,New
4259,1225,Christina,Stephens,christina.stephens@huffbellandnorris.com,Operations geologist,228-470-2184,2025-03-04,Cold Call,Unqualified
5502,421,Patricia,Burton,patricia.burton@robertsltd.com,"Scientist, research (physical sciences)",(995)875-1927,2023-12-17,Cold Call,Unqualified
6597,2070,Michelle,Morales,michelle.morales@mendezinc.com,Public relations officer,(863)626-2342,2023-02-27,Referral,New
3853,1371,James,Bush,james.bush@crawfordandsons.com,"Engineer, aeronautical",(946)926-9941x59825,2025-07-17,Ad,Qualified
6687,2705,Jeff,Decker,jeff.decker@thompsonltd.com,"Scientist, water quality",001-835-364-3483,2025-02-03,Ad,Unqualified
4756,175,Mary,Smith,mary.smith@allenleonardandkelley.com,Interior and spatial designer,954.599.4735x18708,2024-06-26,Ad,Working
3201,3026,Katherine,Rodriguez,katherine.rodriguez@carey-brown.com,Television floor manager,+1-911-431-0801x64048,2025-05-10,Referral,Unqualified
858,3877,Nancy,Villarreal,nancy.villarreal@smithhenryandgonzalez.com,Company secretary,001-562-824-0433x4233,2024-08-30,Referral,New
2005,3332,Pamela,Burke,pamela.burke@olson-stuart.com,Tree surgeon,343-759-2447x06494,2025-06-06,Referral,Working
5754,2409,Angela,Dickerson,angela.dickerson@johnsonltd.com,Microbiologist,7389124904,2023-07-07,Referral,New
1212,3266,Daniel,Beck,daniel.beck@anderson-daniel.com,Fashion designer,+1-871-591-5796x080,2024-11-20,Web,Working
96,3388,Sabrina,Richardson,sabrina.richardson@carrillovazquezandshaw.com,"Research officer, trade union",865-906-3276x55363,2024-12-20,Referral,Unqualified
3031,639,Angela,Sanchez,angela.sanchez@ponce-french.com,Chiropractor,774-331-6002x139,2025-02-28,Cold Call,Working
214,1001,Thomas,Davenport,thomas.davenport@conner-soto.com,Equities trader,980.557.2483x946,2025-01-31,Referral,Qualified
894,3456,Nicholas,Johnson,nicholas.johnson@villarrealltd.com,"Radiographer, therapeutic",973.366.6725x39671,2024-06-12,Web,Unqualified
2930,3400,Kayla,Mayer,kayla.mayer@williamshillandhill.com,"Editor, commissioning",382-833-1706,2025-04-22,Ad,Unqualified
614,423,Ellen,Lopez,ellen.lopez@solisrodriguezandjones.com,Ecologist,(373)266-6088x668,2025-05-14,Cold Call,Working
7639,2010,Dean,Oconnell,dean.oconnell@cain-adams.com,Paramedic,399-325-9028x478,2023-06-01,Cold Call,New
4131,564,Julia,Barnes,julia.barnes@marquez-flores.com,Applications developer,(327)968-6863,2023-10-14,Cold Call,Unqualified
3476,345,April,Moyer,april.moyer@edwardshubbardandstevens.com,Pensions consultant,(506)385-4123x60502,2025-04-29,Ad,New
5805,598,Alexander,Wong,alexander.wong@pageplc.com,Restaurant manager,001-254-736-2007x104,2025-01-23,Web,New
4935,3361,Daniel,Petersen,daniel.petersen@garciallc.com,Materials engineer,(477)853-7632x6233,2025-05-12,Web,Qualified
2641,1914,Jennifer,Davis,jennifer.davis@watsongroup.com,"Therapist, horticultural",(212)855-0273x9165,2025-04-21,Cold Call,Working
7238,320,Brandon,Ayala,brandon.ayala@fuller-riley.com,"Programme researcher, broadcasting/film/video",+1-786-235-3789x588,2024-08-17,Cold Call,New
2769,2444,Heidi,Martin,heidi.martin@parkerandersonandrichards.com,"Producer, radio",(343)413-5124x91613,2025-06-19,Web,Qualified
2147,3914,Victoria,Bonilla,victoria.bonilla@patel-reed.com,Chiropractor,332.496.2266x679,2025-06-30,Web,New
3645,1935,Howard,Tucker,howard.tucker@montes-pittman.com,Company secretary,462.451.4295x05779,2025-03-23,Referral,Working
4147,1934,Amanda,Thomas,amanda.thomas@williamsperezandjackson.com,Press photographer,(478)708-1878x430,2025-05-26,Web,Working
3909,2939,Justin,Miller,justin.miller@eatonandsons.com,Theme park manager,464.457.5896,2025-05-23,Referral,Unqualified
4283,626,Christopher,Gonzalez,christopher.gonzalez@bryantgroup.com,Quarry manager,,2024-12-29,Web,Unqualified
2267,3735,Courtney,Reynolds,courtney.reynolds@reynoldscollinsandrodriguez.com,Community pharmacist,533.882.1508x42045,2024-05-06,Web,Unqualified
5477,3746,Jeff,Williams,jeff.williams@matthews-lopez.com,Conference centre manager,590.437.2034,2024-01-17,Cold Call,Unqualified
291,2329,Robert,Torres,robert.torres@palmerltd.com,Medical laboratory scientific officer,+1-759-469-4053x7915,2023-11-01,Cold Call,Unqualified
2715,2479,Lisa,Gallegos,lisa.gallegos@davis-wu.com,Lobbyist,9747469043,2025-07-18,Cold Call,Unqualified
2684,858,Marcus,Burke,marcus.burke@ellisltd.com,"Administrator, Civil Service",(390)254-2927x62421,2024-05-05,Referral,Working
2203,1132,Kelly,Brown,kelly.brown@myersarnoldandjones.com,Food technologist,606-712-5215,2025-07-07,Ad,Qualified
2765,3623,Andrew,Smith,andrew.smith@chavezbauerandjohnson.com,Herpetologist,,2025-04-18,Ad,Qualified
1837,1480,Krystal,Valencia,krystal.valencia@longthorntonandrosales.com,"Engineer, land",8819011047,2025-01-16,Referral,Qualified
802,530,David,Campbell,david.campbell@donaldson-chavez.com,Insurance broker,+1-432-424-9887x86867,2025-03-29,Ad,Working
4507,782,Eric,Rodriguez,eric.rodriguez@hernandezltd.com,Call centre manager,+1-574-983-5980x79596,2025-06-27,Referral,New
7846,732,Bryan,Myers,bryan.myers@bushwaltersanddominguez.com,"Civil engineer, consulting",001-969-314-3553x44847,2025-05-16,Web,New
7379,1679,Zachary,Richards,zachary.richards@smith-young.com,"Conservator, museum/gallery",317-661-4661x382,2024-01-10,Ad,Unqualified
2872,502,Tyler,Brown,tyler.brown@bartonwongandgray.com,"Teacher, English as a foreign language",335.678.1126,2025-06-16,Ad,Qualified
3151,1468,Richard,Everett,richard.everett@fishersheppardandwoodard.com,Estate manager/land agent,001-708-242-3065x696,2024-09-15,Cold Call,Unqualified
7004,786,Charles,Brewer,charles.brewer@diaz-price.com,"Research officer, government",(334)448-5463x1060,2023-10-26,Referral,New
2599,965,Jared,Hamilton,jared.hamilton@hernandezllc.com,Best boy,001-702-929-4337x2965,2025-07-09,Ad,New
2926,2906,Sabrina,Lambert,sabrina.lambert@torresandsons.com,Hospital pharmacist,+1-906-697-8832x37836,2025-01-28,Ad,Working
3682,3502,William,Davis,william.davis@pennington-bradley.com,"Surveyor, minerals",+1-453-987-6588x6290,2024-09-25,Web,Qualified
7143,1716,Andrew,Tanner,andrew.tanner@mclaughlingravesandmcpherson.com,Charity fundraiser,743-612-9252x36253,2025-05-09,Cold Call,Qualified
7538,2269,Joshua,Walter,joshua.walter@medinaplc.com,"Administrator, charities/voluntary organisations",(349)750-6929,2025-07-09,Referral,Unqualified
6488,634,Ryan,Bray,ryan.bray@garciacarrollandallen.com,"Surveyor, minerals",001-727-251-4163,2024-09-18,Ad,New
2123,662,James,Pitts,james.pitts@parker-hayes.com,Airline pilot,319-600-2885,2023-12-14,Cold Call,Working
6501,3942,Alex,Rush,alex.rush@dominguezltd.com,"Librarian, academic",+1-938-993-8078x500,2024-12-13,Ad,Working
4675,3103,Erin,Thompson,erin.thompson@cochran-powers.com,"Designer, furniture",323.852.7165,2024-04-13,Ad,Working
6977,2221,Tyler,Williams,tyler.williams@harperhollowayandbryant.com,Government social research officer,+1-729-864-0302x097,2024-08-05,Referral,Qualified
381,1067,Tammy,Murillo,tammy.murillo@robertsltd.com,Public relations account executive,517-202-6594x04228,2025-05-27,Cold Call,Working
1588,1578,Sheri,Sims,sheri.sims@perezltd.com,Pension scheme manager,547-403-9923,2024-05-27,Web,Unqualified
6447,1738,David,Cannon,david.cannon@aguilarinc.com,Records manager,(715)773-2823,2023-06-08,Ad,Unqualified
2063,1004,Sandra,Mason,sandra.mason@alexanderandsons.com,Records manager,+1-660-862-0489x7967,2025-01-26,Referral,Working
7862,2037,Zachary,Owens,zachary.owens@robinsonkimandwilliams.com,Environmental health practitioner,936.889.1922x9568,2025-01-15,Referral,Working
3334,918,Christopher,Wood,christopher.wood@greergreenandbean.com,Museum/gallery exhibitions officer,915-981-9034x837,2025-01-12,Cold Call,Qualified
3816,3564,Luke,Harrison,luke.harrison@weaverltd.com,Insurance account manager,(340)811-2888x518,2024-06-18,Ad,Qualified
4894,2106,Jennifer,Hardy,jennifer.hardy@leach-adams.com,Technical brewer,(892)380-5220x0875,2025-03-07,Web,Working
4210,1179,Matthew,Smith,matthew.smith@smith-curtis.com,"Copywriter, advertising",001-407-619-4992x0625,2025-04-27,Cold Call,Qualified
809,2848,Colleen,Boone,colleen.boone@grimesllc.com,"Production assistant, radio",001-742-785-7224x4077,2023-12-25,Cold Call,Unqualified
4286,3947,Kenneth,Phillips,kenneth.phillips@brownphillipsandhoffman.com,Photographer,+1-611-909-2681,2025-01-28,Cold Call,New
1911,2144,Bradley,Rivera,bradley.rivera@lloyd-knapp.com,"Engineer, manufacturing",+1-258-381-1931x694,2025-02-02,Cold Call,Working
5507,689,Laura,Herrera,laura.herrera@allengroup.com,Software engineer,(260)638-1256x68984,2024-11-03,Referral,New
3850,1350,Kevin,Reeves,kevin.reeves@thompsonwilliamsandnewton.com,Production manager,302-977-2020x1670,2024-06-20,Referral,Qualified
7680,1117,Brandon,Floyd,brandon.floyd@rubioshafferandkelley.com,Rural practice surveyor,+1-617-420-5539x7630,2025-06-22,Web,Unqualified
4602,1681,Michael,Dawson,michael.dawson@arnold-young.com,Politician's assistant,001-498-278-4608x739,2023-04-30,Web,New
5729,1203,Ruben,Smith,ruben.smith@mossinc.com,Equities trader,001-443-361-0066,2025-02-20,Cold Call,Qualified
6570,1795,Carolyn,Patton,carolyn.patton@sullivanpetersonandcoleman.com,"Designer, graphic",001-477-503-3492x807,2024-05-26,Ad,Unqualified
8042,90,Paul,Webb,paul.webb@greenfrenchandsmith.com,"Administrator, Civil Service",001-817-957-7710x8444,2025-03-15,Cold Call,New
7183,3207,Patrick,Jenkins,patrick.jenkins@rhodesmunozanddrake.com,Futures trader,681-739-6106,2023-03-30,Ad,Working
2120,1096,Leslie,Nguyen,leslie.nguyen@salazar-griffin.com,Osteopath,+1-909-364-8864x768,2025-03-12,Ad,Unqualified
4949,488,Richard,Knight,richard.knight@berrymooreandjohnson.com,Management consultant,740.862.0893,2025-06-08,Cold Call,Working
7336,526,Cindy,Casey,cindy.casey@rodriguez-wright.com,IT consultant,(346)851-6838x316,2024-12-02,Referral,Working
2554,1579,Robert,Wilson,robert.wilson@williams-washington.com,Water quality scientist,(870)380-8275x271,2025-04-24,Ad,Qualified
3165,744,Shelly,Obrien,shelly.obrien@welchharrisandharmon.com,Print production planner,540-555-4174,2024-10-02,Referral,New
4544,1860,Jonathon,Hutchinson,jonathon.hutchinson@penaplc.com,"Editor, commissioning",+1-213-756-8201x1014,2024-12-23,Web,Working
5567,831,Randy,Gardner,randy.gardner@allenplc.com,Nutritional therapist,(241)624-7773x580,2023-07-15,Ad,New
4578,2673,Earl,Newton,earl.newton@hartmanreynoldsandreid.com,Travel agency manager,813-252-8770,2024-03-24,Ad,New
32,1548,Sandra,Jones,sandra.jones@tyler-allen.com,Police officer,576.661.2326,2023-04-24,Referral,Unqualified
2504,54,Jessica,Smith,jessica.smith@rodgersgarciaandjohnson.com,Public house manager,763.325.5883,2025-05-14,Cold Call,Qualified
4253,2404,Samuel,Luna,samuel.luna@martinez-meyer.com,Veterinary surgeon,348.307.3699,2025-04-05,Cold Call,Unqualified
6547,2805,Todd,Nelson,todd.nelson@dennisllc.com,Medical secretary,664-660-2931,2023-09-05,Referral,Working
6500,3942,Walter,Trevino,walter.trevino@dominguezltd.com,"Merchandiser, retail",598-945-0437x538,2024-06-21,Cold Call,New
1826,1433,Jody,Price,jody.price@carsonbutleranddavis.com,Forensic scientist,(506)526-4236x648,2023-06-04,Web,Qualified
55,1588,Stacey,Hebert,stacey.hebert@cohengarciaandsmith.com,Politician's assistant,319.405.8691x07873,2025-03-23,Web,New
4927,2427,Barry,Perry,barry.perry@watson-ramirez.com,Product manager,+1-438-759-8412x84152,2025-04-22,Cold Call,Qualified
7715,2049,Shelby,Pitts,shelby.pitts@kiddandsons.com,Probation officer,(358)930-6815,2025-02-26,Ad,New
7317,2655,Ashlee,Blankenship,ashlee.blankenship@williamsllc.com,Jewellery designer,913.357.1628,2024-01-21,Referral,New
6800,149,Spencer,Rivera,spencer.rivera@cisnerosandsons.com,Make,712-291-3102x820,2024-11-21,Ad,Unqualified
4632,3794,Tracey,Perry,tracey.perry@brownllc.com,Catering manager,908.817.4535x64944,2024-09-15,Web,Working
874,2533,Donna,Bailey,donna.bailey@fernandez-shaw.com,Clinical biochemist,551.753.1303x89212,2024-12-11,Cold Call,New
1539,3500,Robin,Lewis,robin.lewis@banks-martinez.com,"Designer, multimedia",583.897.6185x805,2025-07-15,Cold Call,Unqualified
1289,1445,Nathaniel,Pope,nathaniel.pope@powellrossandjones.com,"Scientist, forensic",001-579-610-6718x841,2025-02-02,Cold Call,Working
2420,493,Jason,Koch,jason.koch@foxbentleyandsmith.com,Operations geologist,(795)329-5384x866,2025-03-12,Cold Call,New
1582,2904,Randy,Valencia,randy.valencia@baileybrownandcollins.com,Toxicologist,001-756-795-2688x50995,2023-08-11,Referral,Qualified
6804,1245,Audrey,Carter,audrey.carter@changcontrerasandgonzalez.com,Social researcher,(415)342-2761x6186,2025-04-21,Cold Call,New
5202,3764,Yolanda,Moore,yolanda.moore@woods-hancock.com,Database administrator,432-892-7366x75271,2024-04-07,Web,Unqualified
197,1231,Antonio,Martinez,antonio.martinez@smithgriffinandwilson.com,Medical laboratory scientific officer,(493)504-6785,2024-08-05,Cold Call,Working
1643,2898,Evan,Walker,evan.walker@hardin-mccarthy.com,Production manager,876.556.4299,2025-06-17,Referral,Qualified
7482,605,Jesse,Cameron,jesse.cameron@mckinneyplc.com,Housing manager/officer,(866)322-0176x67684,2025-06-06,Ad,Qualified
5555,2833,Shane,Rojas,shane.rojas@mcfarlandmartinezandleon.com,Clinical molecular geneticist,793-998-5750,2025-06-11,Referral,Qualified
2813,3955,Linda,Acevedo,linda.acevedo@gonzalesharrellandandrade.com,Technical brewer,+1-366-397-9960x25191,2025-01-06,Cold Call,Unqualified
6981,117,Jeffrey,Moses,jeffrey.moses@andersonandsons.com,Network engineer,959-419-7230,2024-07-27,Web,Unqualified
7736,1295,Daniel,Bailey,daniel.bailey@alvaradollc.com,"Programmer, applications",942.300.1202x95214,2024-08-24,Cold Call,Working
6764,1265,Gary,Santos,gary.santos@hodgesgroup.com,Copy,731-904-2897x547,2023-06-01,Referral,Qualified
4309,2124,Richard,Kennedy,richard.kennedy@davisgordonandalvarez.com,Personal assistant,7522866944,2023-11-07,Referral,Unqualified
4727,1662,Cristian,Bennett,cristian.bennett@robertsinc.com,Secondary school teacher,001-852-417-6676x16002,2025-01-01,Cold Call,Qualified
3119,1528,David,Wyatt,david.wyatt@kochburnsandrodriguez.com,Waste management officer,289.588.9718x93411,2025-06-17,Cold Call,Unqualified
5323,220,Sherri,Barrett,sherri.barrett@mooreplc.com,Actuary,640-971-5781,2025-04-19,Referral,Working
7010,399,Jennifer,Hopkins,jennifer.hopkins@coleman-moreno.com,Sports therapist,+1-511-903-6592,2024-12-15,Referral,Unqualified
2624,1586,Mark,Guerra,mark.guerra@moore-hawkins.com,Private music teacher,332-834-0947x87256,2024-10-20,Cold Call,Qualified
4524,3190,Michael,Smith,michael.smith@tylerrivasandaustin.com,Biomedical scientist,587.758.8471x82936,2023-07-23,Referral,Working
542,461,Amy,Reynolds,amy.reynolds@myersinc.com,Nature conservation officer,(428)542-1149x16152,2024-03-05,Web,New
6070,3205,Jason,Mendoza,jason.mendoza@walters-meyers.com,Emergency planning/management officer,305.249.5247x71853,2025-06-02,Referral,Unqualified
1921,1413,Thomas,Stewart,thomas.stewart@rodriguezwilliamsandbrown.com,Production engineer,336-259-6509x062,2024-04-07,Ad,Unqualified
6024,3769,Robert,Bond,robert.bond@fox-green.com,Make,001-334-850-5417x01649,2025-06-03,Ad,Unqualified
3122,628,Catherine,Daugherty,catherine.daugherty@barnettweberandbrown.com,Astronomer,(987)770-6595x30348,2023-07-08,Ad,Working
898,3419,Travis,West,travis.west@foleychavezandhunt.com,Systems developer,3667771648,2025-05-15,Cold Call,Working
95,3388,Tyler,Burton,tyler.burton@carrillovazquezandshaw.com,Occupational hygienist,+1-871-564-1811x15128,2024-11-26,Web,Qualified
262,2230,Tyler,Glover,tyler.glover@wardllc.com,Research scientist (life sciences),(809)408-7302,2025-06-11,Cold Call,New
3595,482,Samantha,Robinson,samantha.robinson@mccallplc.com,Computer games developer,3733177712,2024-11-29,Ad,New
4501,1378,Melissa,Beard,melissa.beard@russellinc.com,Exercise physiologist,(457)484-4614,2024-12-08,Referral,Qualified
2431,3441,Daniel,Rubio,daniel.rubio@reidchapmanandsullivan.com,Accounting technician,001-249-635-4100x2658,2023-06-28,Referral,New
3492,3279,Joshua,Santos,joshua.santos@hernandezplc.com,Estate agent,,2024-08-21,Ad,Unqualified
1881,3386,Erin,Hogan,erin.hogan@wilson-melendez.com,Sports administrator,5046219966,2024-11-23,Referral,Working
3040,2726,Janice,Nelson,janice.nelson@hansen-gallagher.com,Immigration officer,(798)557-4123,2025-04-12,Web,New
1685,3662,Jesse,White,jesse.white@lopez-terrell.com,"Radiographer, diagnostic",(305)524-2757,2025-05-14,Cold Call,Unqualified
1255,3620,Ronald,Carrillo,ronald.carrillo@alexanderpaulandbrooks.com,Air broker,871.501.7879x904,2024-11-21,Cold Call,Unqualified
4802,4,Patricia,Fuller,patricia.fuller@fosterplc.com,"Education officer, environmental",641.868.0484,2024-09-09,Cold Call,Working
5456,2190,Jessica,Nguyen,jessica.nguyen@morrison-garcia.com,"Engineer, maintenance (IT)",930-976-5514,2025-03-28,Cold Call,Unqualified
1387,3428,Lauren,Delgado,lauren.delgado@patton-bell.com,"Scientist, clinical (histocompatibility and immunogenetics)",(528)823-2560x1425,2025-05-13,Web,Unqualified
5960,2508,Emma,Sanford,emma.sanford@coxltd.com,"Scientist, research (maths)",653-261-7031,2025-04-07,Web,Qualified
2075,1570,Ryan,Perry,ryan.perry@powellandsons.com,Chief Technology Officer,+1-204-413-8343,2025-06-21,Cold Call,Qualified
6403,2219,Rebecca,Rodriguez,rebecca.rodriguez@williamsconradandbraun.com,Operations geologist,375-878-9748x7389,2025-07-01,Ad,Working
5693,2066,Mary,Bailey,mary.bailey@young-soto.com,Chief Executive Officer,895-405-3103x2859,2024-11-11,Cold Call,Unqualified
4264,377,Charles,Peterson,charles.peterson@fisherinc.com,"Horticulturist, amenity",422-652-0707x831,2024-10-26,Ad,Working
152,2183,Sonya,Rice,sonya.rice@tylermunozandrandolph.com,Physiological scientist,(481)669-6033x55879,2023-09-29,Web,New
651,3134,Robin,Carter,robin.carter@harrisonfarrellanddavis.com,Associate Professor,+1-573-430-1139,2024-12-20,Web,Qualified
3916,3839,Jonathan,Bartlett,jonathan.bartlett@rodriguez-rowe.com,Animal technologist,396-640-8754,2024-12-19,Cold Call,New
4886,2831,Jessica,Farley,jessica.farley@hansengroup.com,Phytotherapist,+1-414-500-8623x973,2025-05-08,Web,Unqualified
396,3830,Gregory,Mccall,gregory.mccall@sextonandsons.com,Artist,+1-469-375-1445x62316,2024-02-24,Cold Call,New
5876,1402,Frank,Nguyen,frank.nguyen@mathewsllc.com,Research scientist (physical sciences),,2025-04-07,Cold Call,Unqualified
2973,2430,Linda,Scott,linda.scott@bakergroup.com,Freight forwarder,824.960.9104,2024-11-13,Cold Call,New
391,941,Lauren,Williams,lauren.williams@brooksltd.com,Mechanical engineer,244-612-5558,2025-01-14,Cold Call,Working
6858,674,Elizabeth,Love,elizabeth.love@montgomerynealandcobb.com,Publishing rights manager,5862762266,2022-10-03,Referral,New
1982,3343,Ashley,Smith,ashley.smith@smithllc.com,Geoscientist,603-829-9092,2024-05-29,Ad,Unqualified
293,3322,Dustin,Wilson,dustin.wilson@youngsmithandsutton.com,Cabin crew,(285)215-2452x73892,2022-12-08,Cold Call,Qualified
3610,1828,Latasha,Davis,latasha.davis@randallinc.com,Electrical engineer,+1-746-284-2964x768,2023-09-28,Web,Unqualified
7168,2823,John,Smith,john.smith@andersongroup.com,"Therapist, nutritional",390.269.2028x82763,2025-07-08,Web,Unqualified
1096,730,Alisha,Davila,alisha.davila@hernandeztuckerandbrock.com,Chief Financial Officer,613.279.9648,2022-11-03,Referral,Unqualified
4908,3475,Nicholas,Bush,nicholas.bush@edwardsstephensonandjackson.com,Aid worker,(996)587-5439,2024-10-30,Web,New
6689,1121,Joseph,Goodwin,joseph.goodwin@solisinc.com,Location manager,213-894-3077x1840,2023-07-30,Web,New
6475,2286,Sarah,Booth,sarah.booth@martinez-anderson.com,Advertising account planner,(864)500-6303x37344,2024-06-17,Ad,Qualified
7019,1729,Charles,Rivera,charles.rivera@evans-sanchez.com,Charity fundraiser,233.924.3219x20635,2025-03-29,Referral,Qualified
7512,3661,Ivan,Carroll,ivan.carroll@mcgeehenryandriddle.com,"Programmer, applications",(494)453-4753,2024-08-16,Web,Qualified
274,494,Laura,Miller,laura.miller@rosscarrollandjohnson.com,Estate agent,512.737.7611x7126,2023-05-04,Referral,Unqualified
753,545,Nicholas,Peterson,nicholas.peterson@warnerltd.com,"Secretary, company",645-720-4040x47252,2025-05-26,Referral,Working
2393,2036,Laura,Adams,laura.adams@lopezgrayandperkins.com,Glass blower/designer,(520)966-1860x853,2025-05-11,Ad,Qualified
2189,549,Jacqueline,Quinn,jacqueline.quinn@francis-powell.com,Sports administrator,,2024-09-05,Web,Qualified
387,1641,Megan,Scott,megan.scott@martinezinc.com,Set designer,611-732-3079,2025-06-07,Referral,Qualified
44,2197,Sherri,Sherman,sherri.sherman@hendersondixonandhardin.com,"Journalist, magazine",599-763-8594x555,2024-12-09,Cold Call,Working
5612,115,Wendy,Allen,wendy.allen@nguyenllc.com,Chartered accountant,207-358-6659,2024-08-27,Cold Call,New
4157,3644,Julie,Gibbs,julie.gibbs@cook-santiago.com,"Engineer, water",(230)812-7655,2025-02-18,Web,Unqualified
2670,3969,Adriana,Hudson,adriana.hudson@lewisandsons.com,Chartered public finance accountant,001-212-460-2545x6055,2025-02-25,Referral,New
743,121,Michelle,Hill,michelle.hill@orr-douglas.com,Meteorologist,723.860.0738x5494,2025-04-18,Referral,Qualified
872,190,Ryan,Adams,ryan.adams@logan-collins.com,Product/process development scientist,(993)253-4599,2025-05-17,Web,Working
3840,536,Sandra,Long,sandra.long@gardnerplc.com,Personal assistant,292.876.4792x60007,2022-08-21,Referral,Working
7693,2114,Jeffrey,Holmes,jeffrey.holmes@sanchez-thompson.com,Administrator,001-602-569-3373x76736,2024-05-04,Ad,New
4354,2169,Maria,Lopez,maria.lopez@ramirez-stanley.com,"Engineer, drilling",8168847911,2024-11-12,Cold Call,Working
6985,2552,Paul,Perez,paul.perez@garciaandrewsanddickson.com,Estate agent,7835448231,2024-10-17,Ad,New
933,3187,Denise,Lambert,denise.lambert@hudson-stokes.com,"Pilot, airline",848-874-8444,2025-02-15,Referral,Working
2550,419,Jill,Hill,jill.hill@jarvis-stevens.com,"Engineer, chemical",,2024-12-09,Cold Call,New
1216,707,Anita,Harris,anita.harris@barrera-nichols.com,Hospital pharmacist,4959327548,2024-08-28,Cold Call,New
5919,1211,Judy,Armstrong,judy.armstrong@robinsonmezaandvillegas.com,"Teacher, special educational needs",495.526.2531x6687,2025-04-02,Ad,Qualified
7278,740,Devon,Miller,devon.miller@smithmoyerandgrimes.com,"Buyer, retail",449-376-0682x225,2024-12-06,Web,Qualified
3590,3964,Paul,Hoffman,paul.hoffman@craig-lopez.com,Financial trader,(822)635-6694x380,2025-07-07,Web,New
6821,1817,Brandon,Hill,brandon.hill@phillipsandsons.com,"Accountant, chartered public finance",212.225.8509,2024-05-20,Referral,Qualified
6908,3033,Scott,Ward,scott.ward@mooresmithandhinton.com,Chartered legal executive (England and Wales),681.941.9037x985,2025-02-26,Referral,Unqualified
1503,1613,Lauren,Richardson,lauren.richardson@morganobrienandmiller.com,Hospital pharmacist,4123011835,2025-07-04,Referral,Working
3407,2933,Kelly,Daniels,kelly.daniels@huntergroup.com,"Sales professional, IT",493.702.3415,2024-05-10,Referral,New
2030,716,Jessica,Ponce,jessica.ponce@cooperbaueranddaniels.com,Charity officer,3448628349,2025-06-01,Referral,Unqualified
5708,3582,Mark,Hamilton,mark.hamilton@hendersonmcbrideandwilliams.com,Licensed conveyancer,704-828-8628x3633,2025-01-13,Cold Call,Qualified
12,443,Tyler,Gonzales,tyler.gonzales@hernandezlopezandtate.com,Learning mentor,+1-352-367-1736x60753,2023-11-27,Referral,Qualified
3096,2909,Angela,Williams,angela.williams@smithgroup.com,Herpetologist,2782760824,2024-12-28,Cold Call,New
2517,211,Matthew,Hunt,matthew.hunt@longburnsandjackson.com,Claims inspector/assessor,564.682.4476,2024-11-03,Web,New
1483,3123,Patrick,Young,patrick.young@jacksongroup.com,"Designer, industrial/product",317-887-8776x855,2023-04-11,Web,Qualified
3461,1926,Justin,Scott,justin.scott@zimmermanstevensandsmith.com,Hydrologist,+1-372-990-9975x2760,2025-05-15,Referral,Unqualified
4293,760,Brandon,Murillo,brandon.murillo@parkerandsons.com,"Nurse, children's",,2024-12-22,Web,New
959,1249,Kelly,Evans,kelly.evans@johnsonllc.com,"Engineer, agricultural",389.354.8644x66422,2024-10-28,Ad,Working
1829,3066,Sara,Chapman,sara.chapman@brownjeffersonanddavis.com,Physiological scientist,641.607.7919,2024-01-03,Web,Unqualified
658,2573,Sarah,Young,sarah.young@jacksondominguezandpacheco.com,Television floor manager,673.639.0389,2025-04-18,Ad,Working
7015,2646,Todd,Rogers,todd.rogers@scottgroup.com,"Therapist, art",,2025-07-07,Referral,New
3726,1644,Ryan,Webb,ryan.webb@ingram-taylor.com,Communications engineer,778.569.0317x503,2024-11-06,Cold Call,Working
432,170,Jennifer,Steele,jennifer.steele@aguilarllc.com,"Surveyor, mining",819.531.5594x781,2025-06-14,Web,New
2886,2438,Maria,Flores,maria.flores@fergusonbatesandbaker.com,Chartered accountant,896-973-1372,2024-05-16,Cold Call,New
7401,728,Whitney,Watts,whitney.watts@meyersjonesandmendoza.com,"Doctor, general practice",7289399902,2025-06-16,Referral,Qualified
7574,62,Tina,Young,tina.young@guerrerollc.com,"Engineer, electrical",(875)884-0678x49332,2025-04-02,Referral,Unqualified
643,1173,Michelle,Robinson,michelle.robinson@turner-bray.com,Armed forces logistics/support/administrative officer,+1-707-968-8626x0390,2023-11-08,Ad,New
320,173,Tyler,Hurst,tyler.hurst@waller-campbell.com,Industrial/product designer,382.441.7314,2025-03-28,Ad,New
1267,1360,Debra,Moore,debra.moore@collinsandsons.com,"Engineer, electronics",(229)356-9425x753,2023-12-27,Referral,Unqualified
111,188,Austin,Jennings,austin.jennings@swanson-foster.com,Consulting civil engineer,+1-366-863-2187,2025-02-01,Ad,Qualified
2853,9,Tammy,Anderson,tammy.anderson@adamsporterandallen.com,"Engineer, chemical",269-453-1838,2024-10-13,Referral,New
4517,1475,Amanda,Nunez,amanda.nunez@roweplc.com,English as a second language teacher,559-904-3422x9238,2025-06-07,Ad,Unqualified
5149,1141,Richard,Jones,richard.jones@buckleyinc.com,Landscape architect,995-492-6331,2025-05-23,Ad,Qualified
1288,1445,Ross,Gill,ross.gill@powellrossandjones.com,Broadcast journalist,+1-781-376-9229x2842,2024-02-16,Web,Unqualified
2768,2444,Kimberly,Palmer,kimberly.palmer@parkerandersonandrichards.com,Fashion designer,690-874-2825x817,2025-07-06,Web,Unqualified
708,3721,Nicholas,Martinez,nicholas.martinez@adamscohenandthompson.com,Further education lecturer,+1-965-729-5169,2024-04-09,Cold Call,Working
6267,3750,Katherine,Smith,katherine.smith@crawfordpageandochoa.com,Retail banker,673.513.8332x639,2024-03-15,Ad,Working
3969,3882,Kayla,Hall,kayla.hall@anthonymillsandsmith.com,Research scientist (medical),+1-622-222-3051x9337,2023-09-12,Web,Unqualified
752,2331,Steven,Hopkins,steven.hopkins@brownltd.com,"Programmer, applications",774.946.6355x33156,2024-10-30,Ad,Unqualified
6249,2403,James,Mendez,james.mendez@fisherllc.com,Magazine journalist,+1-224-889-3903,2025-07-16,Ad,Unqualified
4993,3487,Pamela,Jones,pamela.jones@brown-sanchez.com,Quantity surveyor,001-356-562-6869x2796,2025-01-20,Referral,Qualified
166,3938,Elizabeth,Wilson,elizabeth.wilson@sloanlewisandwinters.com,Dietitian,504.800.0500x1877,2025-07-17,Ad,Unqualified
1399,3871,Cassandra,Cox,cassandra.cox@russo-burke.com,"Surveyor, hydrographic",5692940362,2025-05-28,Cold Call,New
5402,1174,Michele,Banks,michele.banks@petersplc.com,"Surveyor, mining",4253410535,2025-02-09,Referral,Qualified
4875,1571,Angela,Villa,angela.villa@hanson-lucero.com,Community education officer,(387)997-5375,2025-01-15,Ad,Working
5980,2648,William,Porter,william.porter@gordongroup.com,Art gallery manager,6183327358,2023-12-15,Ad,New
1109,2495,Jennifer,Chapman,jennifer.chapman@williamsburtonandreid.com,"Journalist, magazine",896-558-0511,2025-06-16,Web,New
2533,143,Joseph,Lamb,joseph.lamb@hoffmanrodriguezandburns.com,"Research officer, trade union",001-228-272-8689x494,2024-02-26,Referral,Working
4017,604,Kevin,Robinson,kevin.robinson@reedjacksonandali.com,"Engineer, maintenance",001-915-383-5732x2286,2025-05-24,Ad,New
6063,388,Mary,Robinson,mary.robinson@williams-wu.com,"Engineer, civil (consulting)",364.984.4926x97974,2024-08-30,Ad,Working
6046,2085,Bryan,Hubbard,bryan.hubbard@harrisonealandthompson.com,Minerals surveyor,(794)569-6092x61548,2025-06-26,Ad,Working
4781,1769,Jordan,Fuller,jordan.fuller@lopezmartinandmorales.com,Armed forces technical officer,308.393.5536,2023-09-07,Web,Qualified
4347,1518,Bradley,Frederick,bradley.frederick@richllc.com,Rural practice surveyor,(919)339-9606x9438,2025-04-02,Ad,Working
4074,1551,Stephanie,Gilmore,stephanie.gilmore@castroinc.com,Volunteer coordinator,,2025-06-20,Ad,Unqualified
5067,1870,Jessica,Santiago,jessica.santiago@orozco-mitchell.com,"Surveyor, mining",527.551.6228x945,2024-09-30,Cold Call,Working
3458,3878,Valerie,Nelson,valerie.nelson@mckinney-young.com,Surgeon,2957279180,2025-07-11,Referral,Working
5196,1304,Russell,Morales,russell.morales@manningwashingtonandvillarreal.com,Chartered certified accountant,001-598-548-7413,2025-04-23,Ad,Qualified
1518,1595,Sharon,Weber,sharon.weber@kimmooreandsutton.com,"Surveyor, insurance",001-213-559-2683x97211,2025-05-27,Cold Call,Unqualified
1445,2496,Karen,Clark,karen.clark@evansgarciaandnguyen.com,Osteopath,(363)573-2403x098,2024-10-28,Web,New
4710,3990,Joshua,Aguirre,joshua.aguirre@howardpotterandwong.com,"Administrator, arts",964-490-2629x084,2024-11-14,Ad,New
4436,1989,Morgan,Terry,morgan.terry@warerogersandhoover.com,Mechanical engineer,(872)432-4478,2025-05-06,Web,Qualified
4775,3166,Clayton,Gallegos,clayton.gallegos@wrightinc.com,Sports development officer,+1-503-410-5155x5056,2025-04-15,Cold Call,Qualified
7233,253,Douglas,Ruiz,douglas.ruiz@lee-george.com,Personal assistant,609.995.8317x178,2025-01-27,Cold Call,Working
3117,1444,Jennifer,Frey,jennifer.frey@elliottcruzandlamb.com,Environmental manager,(369)877-9837x024,2025-04-21,Referral,New
1774,856,Kyle,Guzman,kyle.guzman@owengarciaandtaylor.com,Clinical biochemist,338.642.9106x871,2024-01-10,Ad,Unqualified
6579,2802,Nancy,Graves,nancy.graves@smithinc.com,Sports administrator,(906)870-6130,2025-05-31,Referral,Unqualified
3821,2363,Tommy,Gonzalez,tommy.gonzalez@chandiazandmckay.com,Actor,565-901-1033x69930,2023-10-29,Ad,Qualified
2614,2034,Michelle,Greene,michelle.greene@aguirre-taylor.com,Comptroller,941.945.8997x345,2025-05-12,Cold Call,New
6092,1780,Jason,Gonzalez,jason.gonzalez@fitzpatrickllc.com,Site engineer,001-907-923-5818,2024-09-10,Referral,New
4881,3537,Anna,Collier,anna.collier@thompson-fleming.com,Advice worker,807-728-4394,2024-09-27,Referral,Qualified
5861,2415,Melissa,Shelton,melissa.shelton@smithscottandjoseph.com,"Surveyor, building",959.218.3313x8818,2023-09-12,Cold Call,Qualified
2777,726,Derek,Colon,derek.colon@campbell-berg.com,Geochemist,(876)309-3946x6809,2025-06-20,Ad,Working
7905,35,Karen,Edwards,karen.edwards@kingwilliamsandswanson.com,Outdoor activities/education manager,890-245-7681x78118,2024-10-28,Referral,Unqualified
100,1494,Michael,Carter,michael.carter@payne-brown.com,Immigration officer,+1-316-561-0588,2024-12-03,Ad,New
1562,3470,Kimberly,Cantrell,kimberly.cantrell@jonesltd.com,"Surveyor, commercial/residential",272.878.4981,2025-02-03,Cold Call,New
118,1535,Kathleen,Moore,kathleen.moore@mcclureltd.com,"Nurse, adult",5662192820,2024-11-29,Cold Call,New
777,3558,Jeremy,Galvan,jeremy.galvan@beckerllc.com,Civil Service fast streamer,+1-419-576-1330x91551,2024-03-22,Cold Call,New
2567,2445,Catherine,Dougherty,catherine.dougherty@brown-sanchez.com,"Engineer, water",001-397-963-6757x063,2025-05-16,Cold Call,Unqualified
727,2684,Daniel,Taylor,daniel.taylor@stevensonbryantandbeltran.com,Leisure centre manager,724-474-1296,2022-10-12,Ad,Unqualified
5088,3479,Daniel,Salazar,daniel.salazar@stevensowensandmann.com,Music tutor,001-437-766-7253x540,2025-03-17,Web,Qualified
5061,3015,Claudia,Leon,claudia.leon@jonesrodriguezandsmith.com,Warehouse manager,257-836-8649x796,2024-10-14,Web,Qualified
3411,1303,Derek,Hernandez,derek.hernandez@keywrightandwright.com,"Engineer, electronics",884.809.1922x10867,2024-02-29,Ad,Unqualified
4068,3139,Sarah,Ramirez,sarah.ramirez@elliottgroup.com,"Therapist, drama",964.615.7090,2025-07-05,Cold Call,Qualified
5277,221,Catherine,Stevens,catherine.stevens@vazquezcostaandsanchez.com,"Engineer, petroleum",2573002581,2024-05-02,Cold Call,Working
231,3232,Megan,Potter,megan.potter@hansenrichardsonandbarr.com,Product designer,278.778.0820,2025-02-10,Cold Call,New
2511,2413,Laura,Spears,laura.spears@taylorandsons.com,Advertising copywriter,,2025-02-25,Web,Unqualified
2992,984,Thomas,Foster,thomas.foster@huntermoyerandhowe.com,"Designer, graphic",(322)905-7628x646,2025-05-08,Referral,Unqualified
1170,1639,Susan,Robbins,susan.robbins@marsh-vargas.com,Charity officer,279-973-8711x009,2025-04-20,Ad,Unqualified
267,161,Kara,Contreras,kara.contreras@petersonandsons.com,Stage manager,636.266.7957x02494,2024-10-01,Referral,New
5620,2152,Sean,Reyes,sean.reyes@andersoninc.com,"Nurse, children's",001-464-847-0176,2024-10-27,Referral,Working
4882,3505,Wendy,Williams,wendy.williams@snyderllc.com,"Accountant, chartered",932-284-3230,2025-04-01,Cold Call,New
6290,3894,Kayla,Lewis,kayla.lewis@thompsonhowellandwaters.com,Proofreader,839.606.1727,2024-05-12,Ad,Working
6686,2705,Stacey,Williams,stacey.williams@thompsonltd.com,"Teacher, special educational needs",581-678-8595x014,2025-01-01,Web,Unqualified
7210,697,Michelle,Harris,michelle.harris@foxgroup.com,Clinical cytogeneticist,450.599.6892x85687,2025-02-05,Referral,Unqualified
1571,338,Sara,Herman,sara.herman@johnstongroup.com,"Surveyor, hydrographic",625.386.7005x4360,2025-07-09,Referral,New
3647,1935,Johnny,Martinez,johnny.martinez@montes-pittman.com,Equities trader,812-451-4140x33141,2023-06-29,Referral,Unqualified
6537,3195,Ashley,Johnson,ashley.johnson@jonestuckerandyoung.com,"Scientist, research (maths)",(288)409-8869x10575,2025-05-19,Ad,Unqualified
7295,3693,Gregory,Ryan,gregory.ryan@warewilliamsandbaker.com,Financial trader,9724357489,2025-06-08,Referral,New
1408,10,David,Novak,david.novak@florespowellandnichols.com,"Psychologist, counselling",222-859-2242,2024-04-11,Ad,Unqualified
244,1959,Zachary,Macdonald,zachary.macdonald@griffithwoodsandbrown.com,Accommodation manager,+1-270-496-3679x301,2024-12-10,Ad,Working
6867,2047,Amy,Garner,amy.garner@rogersplc.com,Management consultant,692.944.0834x836,2025-01-13,Web,Working
526,272,Robert,Thomas,robert.thomas@thomas-rodriguez.com,"Research officer, trade union",(372)844-3437x621,2025-06-23,Web,Working
59,747,Cory,Mullen,cory.mullen@davisltd.com,Camera operator,576.253.7233,2024-03-09,Cold Call,New
2311,991,Mary,Huynh,mary.huynh@gomezplc.com,Commercial art gallery manager,4903417622,2023-11-23,Cold Call,Unqualified
5766,355,Alicia,Kelley,alicia.kelley@howardltd.com,Land/geomatics surveyor,741-755-5275x2751,2025-06-26,Cold Call,New
1249,2849,Tiffany,Martinez,tiffany.martinez@scottparkerandvilla.com,Dentist,312.808.4850,2024-11-06,Ad,Qualified
5561,3619,Yolanda,Terry,yolanda.terry@hobbs-lewis.com,Haematologist,+1-816-428-6736x154,2025-06-20,Cold Call,Working
5556,762,Jennifer,King,jennifer.king@thomasdrakeandgreen.com,Secretary/administrator,(746)661-9221,2025-07-06,Web,Unqualified
1180,1111,Regina,Miller,regina.miller@kim-perez.com,Politician's assistant,903.899.6225x8231,2023-12-12,Web,New
2520,3331,Angelica,Benson,angelica.benson@loveltd.com,"Designer, ceramics/pottery",+1-951-266-2620x012,2024-09-12,Referral,Working
4450,600,Amber,Edwards,amber.edwards@guerrero-ibarra.com,Wellsite geologist,+1-513-750-8863x920,2025-06-04,Web,Unqualified
2741,3767,Vanessa,Smith,vanessa.smith@woodandsons.com,Publishing copy,(901)429-8832,2024-08-02,Cold Call,New
746,3548,Barbara,Douglas,barbara.douglas@knappclarkandpeters.com,Associate Professor,001-643-764-4126x552,2024-12-24,Ad,New
7742,430,Marc,Cruz,marc.cruz@harris-nelson.com,Housing manager/officer,926-666-0971,2025-01-14,Ad,Unqualified
2231,2534,Chelsea,Walker,chelsea.walker@smithruizandalvarez.com,Public relations account executive,472-210-9682,2023-02-21,Cold Call,New
4001,2319,Jennifer,Fischer,jennifer.fischer@hammondbennettandsutton.com,Public librarian,001-961-512-0160x759,2023-01-29,Cold Call,Unqualified
831,2324,Stephen,Carroll,stephen.carroll@henderson-chen.com,Health promotion specialist,(867)558-0710x490,2024-12-13,Web,New
4217,2273,Allen,Maldonado,allen.maldonado@thompson-davis.com,Race relations officer,001-560-916-5893,2025-06-17,Ad,Working
7387,1667,Alexis,Burnett,alexis.burnett@millergroup.com,"Education officer, community",963.892.1825x759,2025-05-20,Referral,New
7627,2015,Lindsey,Adams,lindsey.adams@johnsoncastilloandhunter.com,Rural practice surveyor,001-829-653-2953x84034,2025-05-23,Web,Unqualified
4439,754,Sherry,Lee,sherry.lee@bryantltd.com,"Physicist, medical",5065568625,2023-03-21,Referral,Working
5568,831,Michelle,Miller,michelle.miller@allenplc.com,"Scientist, forensic",886.992.9401x309,2024-06-06,Referral,Working
496,663,Brenda,Santana,brenda.santana@danielswhiteandwood.com,Office manager,(876)418-6716x8628,2025-05-14,Web,Working
3175,3168,Jason,Fischer,jason.fischer@hendricksltd.com,Musician,+1-285-914-4595x03829,2024-12-06,Web,Working
2273,3862,Barbara,Richards,barbara.richards@farrellllc.com,Research scientist (physical sciences),563.965.0113x4890,2024-11-04,Ad,Qualified
2602,3607,Julia,Smith,julia.smith@schneider-fisher.com,Clinical research associate,631-828-7362x92217,2025-06-25,Web,Qualified
5247,2175,Tamara,Brown,tamara.brown@martinezballardandbradley.com,Clinical psychologist,,2023-02-15,Web,Unqualified
6017,3077,Glenda,Nguyen,glenda.nguyen@huynhandsons.com,Professor Emeritus,001-669-381-3679x56166,2024-03-06,Cold Call,Working
2281,2806,Kevin,Morales,kevin.morales@wallaceplc.com,Contractor,886.545.7141,2024-04-27,Referral,Qualified
4512,3929,Mark,Wolfe,mark.wolfe@mitchellmartinezandruiz.com,Outdoor activities/education manager,376.205.9348x683,2024-06-06,Cold Call,Qualified
5341,3484,Alicia,Neal,alicia.neal@lopezllc.com,Production manager,(609)226-5749x06564,2025-05-08,Web,New
1082,2356,Jordan,Rangel,jordan.rangel@andersoncampbellandolson.com,Pathologist,783-472-5838,2024-06-05,Cold Call,Unqualified
1145,817,Timothy,Williams,timothy.williams@davisltd.com,Armed forces training and education officer,(934)640-4466,2025-02-26,Cold Call,Qualified
3747,2925,Ellen,Williams,ellen.williams@henryweissandmyers.com,Armed forces training and education officer,430-543-5574,2025-01-30,Ad,Unqualified
895,3456,Andrea,King,andrea.king@villarrealltd.com,Chemical engineer,+1-920-489-3892x8523,2024-10-26,Web,Working
3271,2176,Angela,Kelley,angela.kelley@barberphillipsandgriffin.com,Chemical engineer,271.693.4325x939,2025-05-13,Web,Working
574,2493,Nicole,Bishop,nicole.bishop@murrayandsons.com,Systems developer,4783105240,2025-01-22,Cold Call,Qualified
2948,1756,Amanda,Crawford,amanda.crawford@buchananllc.com,"Scientist, research (maths)",001-757-974-7226x61874,2022-12-02,Ad,Working
3379,2808,Nicholas,Stuart,nicholas.stuart@owensltd.com,Social researcher,273.648.4119x07940,2025-02-18,Web,Unqualified
5014,3663,Jeremy,Dickson,jeremy.dickson@ruizltd.com,"Engineer, automotive",9459432082,2025-04-08,Web,Working
1676,2856,Roberta,Watson,roberta.watson@fernandezphelpsanddonaldson.com,Air broker,,2025-03-29,Ad,Qualified
7908,212,Joseph,Robinson,joseph.robinson@kingrobinsonandgalloway.com,Field seismologist,8475370303,2023-04-21,Ad,Unqualified
1162,2180,Kimberly,Guerrero,kimberly.guerrero@ramirezgonzalezandbryant.com,"Therapist, sports",356.390.8290x3944,2024-09-07,Referral,Unqualified
7140,3363,Denise,Mack,denise.mack@hayesltd.com,Secretary/administrator,+1-871-998-8364x629,2024-03-03,Ad,Unqualified
2205,1132,Angel,Brooks,angel.brooks@myersarnoldandjones.com,Logistics and distribution manager,(541)690-4767x35768,2025-05-12,Ad,Unqualified
493,450,Brian,Howell,brian.howell@masoncastilloandramos.com,"Engineer, production",392-490-8408,2024-07-04,Cold Call,Working
3592,133,Shawn,Martinez,shawn.martinez@guzmangroup.com,Diagnostic radiographer,(371)281-6221,2025-02-11,Web,Working
563,2268,Michael,Dorsey,michael.dorsey@kennedy-johnson.com,"Research officer, government",(612)662-5703,2023-09-30,Referral,New
4028,1869,Tina,Larsen,tina.larsen@hale-chavez.com,Artist,001-721-842-3666x138,2025-05-01,Ad,Unqualified
540,1247,Thomas,Glover,thomas.glover@singh-velez.com,"Nurse, learning disability",(830)843-0220x4379,2025-03-14,Ad,Unqualified
3075,1035,Hannah,Smith,hannah.smith@russellgroup.com,"Engineer, aeronautical",(868)535-9014,2024-04-02,Cold Call,Qualified
6628,2020,Emily,Cox,emily.cox@carter-ortiz.com,Civil Service fast streamer,782.297.2022,2025-06-08,Referral,New
5526,2185,Justin,Allen,justin.allen@nielsengroup.com,Financial planner,+1-625-444-9284x2949,2025-05-07,Web,Qualified
2481,3302,Daniel,Jenkins,daniel.jenkins@tucker-farrell.com,Microbiologist,001-509-310-8358x68359,2024-02-24,Referral,New
7346,1567,Allen,Perry,allen.perry@estesgroup.com,"Restaurant manager, fast food",,2023-11-09,Referral,Qualified
3524,126,Destiny,Rhodes,destiny.rhodes@anderson-howard.com,"Loss adjuster, chartered",+1-358-445-9623x56674,2024-04-24,Referral,Unqualified
7827,1195,Jennifer,Anderson,jennifer.anderson@thompsonadamsandconrad.com,"Psychologist, prison and probation services",+1-461-728-2676x76634,2025-03-28,Web,Unqualified
7531,2702,Brittany,Chapman,brittany.chapman@ochoaandsons.com,Health service manager,510.573.4723,2023-07-30,Ad,New
7546,968,Amber,Weber,amber.weber@gomezinc.com,Mental health nurse,+1-894-737-0506x330,2023-07-28,Referral,New
4978,3169,Carla,Miranda,carla.miranda@combscastanedaandjohnson.com,"Editor, commissioning",9412861410,2023-04-02,Cold Call,Unqualified
1274,1725,Amber,Williams,amber.williams@valenzuelamurrayandlang.com,Investment analyst,788.930.8524,2025-07-09,Cold Call,Working
20,3256,John,Davis,john.davis@phillipsltd.com,"Surveyor, building control",270.322.7760,2025-01-04,Web,New
1824,1108,Debra,Wilson,debra.wilson@lewisbartonanddavis.com,Dispensing optician,001-303-376-4660x294,2024-12-19,Ad,Unqualified
193,346,Jane,Acevedo,jane.acevedo@chavezrobinsonandhale.com,Local government officer,8528460430,2024-12-25,Cold Call,New
6995,1481,Nicholas,Green,nicholas.green@mathis-powers.com,Quarry manager,+1-443-704-1964x66039,2025-01-05,Referral,Qualified
4315,352,Amanda,Ayala,amanda.ayala@jonesshepardandmueller.com,Adult nurse,6328967198,2025-06-07,Referral,Qualified
5689,699,Cindy,Sanders,cindy.sanders@gentrygroup.com,Media planner,+1-437-222-4663x80646,2025-03-12,Cold Call,Qualified
7601,590,Shawn,Tucker,shawn.tucker@chapmanplc.com,"Engineer, manufacturing systems",+1-756-799-2908x890,2024-07-30,Ad,Qualified
3540,1329,Rachel,Strickland,rachel.strickland@richardsplc.com,"Designer, furniture",8398183287,2023-05-24,Web,Working
3368,260,Larry,Williams,larry.williams@whitecortezandthornton.com,Environmental manager,947-788-1046x3754,2023-11-02,Ad,Working
2958,2724,Daniel,Price,daniel.price@manngroup.com,Homeopath,001-754-946-3383x5656,2025-07-17,Web,Qualified
7479,1825,Phillip,White,phillip.white@jenkinsjohnsonandmiller.com,"Engineer, manufacturing systems",(547)695-7724,2024-04-17,Ad,New
1187,658,Savannah,Long,savannah.long@fergusonmillerandgomez.com,Photographer,223-363-2191x79345,2025-05-25,Ad,New
2726,1572,Jessica,Young,jessica.young@burke-heath.com,Public librarian,281-594-6841x76533,2025-06-06,Cold Call,Unqualified
7513,3661,Ann,Richmond,ann.richmond@mcgeehenryandriddle.com,"Engineer, control and instrumentation",,2024-08-27,Web,Unqualified
2027,3690,David,Gross,david.gross@hernandez-hicks.com,Herpetologist,+1-598-669-1974x1340,2025-01-12,Cold Call,Qualified
7083,3180,Sharon,Calhoun,sharon.calhoun@ellis-green.com,"Journalist, broadcasting",713.546.8162x699,2025-05-29,Web,Working
4790,2867,Michael,Black,michael.black@adams-nguyen.com,"Engineer, aeronautical",+1-279-720-6493,2024-12-09,Ad,Working
7310,1449,Joseph,Flores,joseph.flores@nelsonltd.com,Facilities manager,(302)983-5726x8541,2025-05-24,Cold Call,Unqualified
2975,2396,Austin,Carey,austin.carey@davisjonesandramirez.com,Television production assistant,+1-968-455-3274x9194,2025-04-05,Ad,Working
6329,2201,Jon,Davis,jon.davis@nguyenpetersenandpowell.com,"Surveyor, mining",+1-589-800-0428,2024-01-08,Ad,Working
7289,3105,Megan,Miranda,megan.miranda@williamsoncobbandbarrett.com,"Therapist, horticultural",+1-925-503-0768x35022,2025-07-08,Ad,New
1751,711,Linda,Perkins,linda.perkins@pattersonllc.com,Manufacturing engineer,594.335.0403,2024-07-07,Web,Qualified
6180,926,Jonathan,Wilson,jonathan.wilson@reyesltd.com,Toxicologist,296.713.8774,2024-03-02,Ad,Qualified
203,3542,Erica,York,erica.york@weberdavisandgarcia.com,Air traffic controller,001-388-454-5575,2025-05-29,Cold Call,Qualified
1108,2495,Jeffery,Wang,jeffery.wang@williamsburtonandreid.com,Holiday representative,+1-271-415-0161,2025-06-20,Referral,Unqualified
828,1559,Joseph,Fields,joseph.fields@greengroup.com,"Administrator, arts",(220)889-2301x100,2023-10-02,Web,Working
5042,2462,Robert,Castro,robert.castro@robertson-young.com,Magazine journalist,5049198547,2024-05-19,Referral,Unqualified
6803,1245,Patrick,Lowe,patrick.lowe@changcontrerasandgonzalez.com,"Surveyor, land/geomatics",234-957-6930x19084,2025-03-06,Ad,New
5737,3909,Douglas,Parks,douglas.parks@andersondanielsandthomas.com,Theatre director,+1-296-420-9572x1804,2024-08-14,Web,Unqualified
6777,118,Emily,Carson,emily.carson@hahnltd.com,Charity officer,(715)698-8432x93315,2025-04-23,Referral,New
2164,2104,Sarah,Everett,sarah.everett@hendricksltd.com,Public relations account executive,+1-213-895-5181x2271,2025-05-09,Cold Call,Unqualified
1787,3273,Billy,Ward,billy.ward@barryvalenzuelaandharvey.com,"Pilot, airline",7632982928,2025-06-13,Ad,Qualified
206,432,Mary,Vasquez,mary.vasquez@kleinhardyandevans.com,Pensions consultant,504-751-6735x9587,2024-06-06,Referral,Unqualified
336,1547,Gregory,Browning,gregory.browning@murphyinc.com,Surgeon,001-366-337-1572x34569,2025-03-31,Ad,Unqualified
7824,343,Linda,Nguyen,linda.nguyen@priceandsons.com,"Teacher, English as a foreign language",+1-493-581-8130x71926,2024-10-31,Ad,Qualified
3095,1726,Briana,Phillips,briana.phillips@leonardchristensenandpage.com,"Social research officer, government",(517)627-5592x19778,2024-08-18,Ad,Unqualified
1877,1018,Jeffrey,Navarro,jeffrey.navarro@sanders-schroeder.com,"Programmer, multimedia",001-350-978-4679,2024-11-22,Cold Call,Working
2566,166,Anne,James,anne.james@briggssotoandayala.com,Health and safety adviser,444-433-9013x59763,2023-07-28,Ad,Unqualified
1168,1639,Leslie,Wu,leslie.wu@marsh-vargas.com,Personal assistant,469.750.4040x38233,2024-12-23,Web,Qualified
4392,2990,Jennifer,Hurst,jennifer.hurst@gonzalezltd.com,"Education officer, museum",(310)919-2436x487,2024-01-24,Ad,Unqualified
4178,1907,Matthew,Russo,matthew.russo@heath-mccormick.com,Meteorologist,300-425-4831,2024-10-11,Web,Qualified
2353,206,Joshua,Mendoza,joshua.mendoza@snyderhernandezandmartin.com,Broadcast engineer,317.258.6575,2022-09-25,Cold Call,New
6407,2126,James,Franco,james.franco@wangdennisandjames.com,Systems analyst,+1-662-950-8879,2024-12-14,Ad,Qualified
2721,2555,Sandra,Hill,sandra.hill@johnson-jackson.com,Mechanical engineer,800-938-2183x015,2024-11-06,Ad,New
326,1485,Veronica,Clark,veronica.clark@rodriguezplc.com,"Producer, television/film/video",,2024-11-10,Ad,Unqualified
2447,2689,Patricia,Obrien,patricia.obrien@reid-rogers.com,Contractor,561.626.6262x481,2023-02-07,Ad,New
1551,1832,Daniel,Guzman,daniel.guzman@castrogroup.com,Personal assistant,001-303-763-7209x522,2024-10-13,Ad,Unqualified
4453,1704,Jennifer,Solomon,jennifer.solomon@gallagherarmstrongandmatthews.com,Neurosurgeon,358.264.4106x33564,2023-01-07,Referral,Unqualified
6107,2865,Christine,Pugh,christine.pugh@wrightfrancoandgarcia.com,Clinical research associate,(616)576-7626x6870,2024-07-02,Ad,Unqualified
7117,910,Kevin,Hayden,kevin.hayden@underwood-jones.com,"Engineer, mining",+1-289-253-5135x92355,2024-11-11,Web,Qualified
5730,478,Randy,Brown,randy.brown@smith-martin.com,Air cabin crew,283-712-6040x1763,2025-03-21,Referral,New
3466,3083,Emily,Pena,emily.pena@johnsonrussoandweber.com,Armed forces operational officer,259.641.0642,2025-05-09,Ad,Unqualified
5069,3010,Andrea,James,andrea.james@petersonmontgomeryandchoi.com,"Engineer, land",3913692570,2024-08-14,Ad,Working
7522,2278,Danielle,Lewis,danielle.lewis@gutierrezllc.com,Radio broadcast assistant,+1-510-399-6103x563,2025-06-16,Web,Unqualified
5049,1717,Ashlee,Bailey,ashlee.bailey@jenkins-johnson.com,"Engineer, communications",,2025-06-21,Ad,Qualified
6309,3196,Edward,Miller,edward.miller@rowegroup.com,"Lighting technician, broadcasting/film/video",(228)922-1906,2024-01-29,Referral,New
5554,2833,Patricia,Fisher,patricia.fisher@mcfarlandmartinezandleon.com,Seismic interpreter,956-681-1237x10783,2024-12-09,Ad,Qualified
2770,1811,Timothy,Flowers,timothy.flowers@cummings-robles.com,"Pilot, airline",(236)416-8927,2025-02-20,Referral,Unqualified
7738,1295,Charlotte,Harris,charlotte.harris@alvaradollc.com,Oceanographer,(255)242-5584x1163,2025-02-14,Cold Call,New
2795,2871,Rachel,Hogan,rachel.hogan@kimcollierandtaylor.com,Archivist,571.976.4468x9739,2025-06-23,Referral,Unqualified
1407,10,Maria,Curry,maria.curry@florespowellandnichols.com,Oceanographer,738.791.4023,2025-06-12,Web,Unqualified
2439,3221,Jim,Morris,jim.morris@simmonsltd.com,"Teacher, special educational needs",(771)960-3488,2024-06-22,Cold Call,New
6940,594,William,Mckenzie,william.mckenzie@johnsonmyersandsmith.com,Recruitment consultant,414.646.7346x257,2025-04-08,Ad,Qualified
6114,1886,Brooke,Harris,brooke.harris@brownandersonandford.com,Jewellery designer,524.831.0405x33243,2022-11-13,Ad,Unqualified
4619,1307,Austin,Miller,austin.miller@andersonllc.com,Careers adviser,+1-462-955-4541x5385,2023-05-04,Cold Call,Unqualified
3302,1288,William,Joyce,william.joyce@hallandsons.com,Facilities manager,(290)700-2701x05651,2025-05-04,Ad,New
4701,257,Arthur,Williams,arthur.williams@sims-potts.com,"Production designer, theatre/television/film",620.991.0457,2025-05-07,Web,Working
6788,19,Stephanie,Mccall,stephanie.mccall@salazargroup.com,Forensic psychologist,524.999.7990x335,2023-06-17,Cold Call,New
7405,3159,Michelle,Berry,michelle.berry@smithinc.com,Insurance broker,623-580-2975x714,2024-12-24,Cold Call,New
1003,1946,Jennifer,Solis,jennifer.solis@oconnor-brooks.com,"Pharmacist, community",8137841493,2025-04-22,Cold Call,New
1662,1990,Matthew,Reynolds,matthew.reynolds@washingtonltd.com,Aid worker,485.377.3512,2025-05-27,Referral,Qualified
7093,2561,Erica,Nielsen,erica.nielsen@hughesandsons.com,"Journalist, magazine",526.611.3103x463,2024-10-21,Referral,Working
3301,2632,Elizabeth,Reyes,elizabeth.reyes@johnsonandsons.com,Solicitor,(325)914-5071x506,2024-10-20,Ad,Working
8063,3292,Joshua,Garcia,joshua.garcia@hartman-jensen.com,Research scientist (medical),+1-567-821-5579x27453,2025-03-02,Referral,Unqualified
907,2748,Michael,Young,michael.young@austin-stewart.com,Clothing/textile technologist,933-751-9746,2024-12-03,Referral,Qualified
5954,3194,Jessica,Oneill,jessica.oneill@webster-king.com,Heritage manager,001-727-663-3540x183,2024-04-25,Cold Call,Unqualified
4664,1253,Vincent,Roberts,vincent.roberts@santiagoltd.com,Museum/gallery curator,758-298-8970,2025-06-19,Referral,New
6953,1732,Olivia,Edwards,olivia.edwards@johnsonplc.com,Travel agency manager,(410)967-0338x85176,2024-07-30,Web,New
568,326,James,Yates,james.yates@blakeinc.com,Consulting civil engineer,5723197640,2024-12-24,Web,New
6520,2984,Donald,Johnson,donald.johnson@pierce-patterson.com,Research scientist (maths),001-661-905-5688,2024-11-19,Cold Call,Working
7937,1728,James,Levine,james.levine@murphy-osborne.com,Bonds trader,001-327-270-4287,2024-10-05,Web,New
4352,2236,Bobby,Atkinson,bobby.atkinson@andersonandsons.com,Chartered loss adjuster,(786)896-7181x72432,2024-06-27,Referral,Qualified
5154,3658,Brandon,Black,brandon.black@rose-gomez.com,Fine artist,326-482-8594,2024-04-16,Referral,New
7104,3660,Briana,Price,briana.price@dixon-berger.com,Environmental consultant,(492)771-7499,2025-04-05,Ad,Unqualified
2701,1301,Tara,Barnes,tara.barnes@combs-smith.com,Teaching laboratory technician,868-552-1055,2024-12-22,Referral,Qualified
2791,3517,Vincent,Andrews,vincent.andrews@obrienplc.com,Multimedia programmer,(956)401-5643x649,2025-01-08,Ad,New
6105,2584,Frank,Hall,frank.hall@popejacksonandjones.com,Financial controller,001-844-318-4422x175,2025-06-02,Web,New
6906,3089,Lori,Garcia,lori.garcia@snyderwilsonandwilliams.com,"Therapist, art",901-558-2377,2025-05-08,Web,New
5499,3024,Heather,Brooks,heather.brooks@smith-reyes.com,Technical brewer,(415)844-4973x3925,2025-04-27,Referral,Qualified
6992,2069,Jonathan,Morgan,jonathan.morgan@hernandezgroup.com,Community arts worker,+1-428-386-8136x6600,2023-10-25,Cold Call,New
2889,18,James,Flowers,james.flowers@clark-yates.com,Retail banker,890.516.1578,2025-07-15,Cold Call,Qualified
6433,25,Michael,Ritter,michael.ritter@pierce-copeland.com,Wellsite geologist,+1-353-604-0505,2024-05-20,Referral,Unqualified
178,1351,Robert,Dickson,robert.dickson@millerllc.com,"Engineer, petroleum",+1-637-928-2158x648,2025-01-08,Web,Working
1099,3365,William,Allen,william.allen@lewispatrickandskinner.com,Higher education careers adviser,+1-297-470-0003x0036,2024-11-06,Referral,Working
5576,1027,Rachel,Velez,rachel.velez@robinsonllc.com,Radio producer,795-969-2905x8655,2024-03-12,Cold Call,Working
4874,1471,Emily,Boyd,emily.boyd@mcdonalddixonandsampson.com,Operations geologist,+1-850-509-9097x582,2025-03-29,Referral,New
1121,3657,Dana,Gomez,dana.gomez@morse-hall.com,Forest/woodland manager,283-227-6012,2025-01-06,Ad,Qualified
3626,1982,Jennifer,Sanchez,jennifer.sanchez@murphyltd.com,Water engineer,(292)743-9983x588,2024-01-01,Ad,New
1522,1065,Allison,Sullivan,allison.sullivan@nelson-schmidt.com,Private music teacher,001-835-841-0733x7698,2024-01-14,Ad,Unqualified
2707,825,Jacob,Kelley,jacob.kelley@marshallwebbandstevens.com,Chief Financial Officer,,2025-06-18,Ad,Qualified
952,2838,Gabriel,Adams,gabriel.adams@suttonjohnsonandwright.com,General practice doctor,001-903-650-8356x951,2023-12-12,Web,Qualified
5503,421,William,Webb,william.webb@robertsltd.com,Environmental manager,(210)830-7511x028,2023-11-03,Web,Unqualified
6269,3342,Danielle,Berry,danielle.berry@ramirezltd.com,Quantity surveyor,6105742228,2025-01-08,Ad,New
2235,789,Stephanie,Murphy,stephanie.murphy@williams-white.com,Health service manager,,2023-09-11,Ad,Working
1554,1112,Sara,Young,sara.young@rioslynnandhaynes.com,Physiotherapist,6925178056,2025-03-19,Referral,Working
4463,2693,David,Gibbs,david.gibbs@ryanandsons.com,"Engineer, aeronautical",,2025-07-18,Referral,Qualified
2733,359,Carlos,Byrd,carlos.byrd@youngplc.com,Media buyer,(734)320-5844x6159,2024-11-18,Ad,Qualified
18,1635,Rebecca,Kelly,rebecca.kelly@phillipsplc.com,"Teacher, early years/pre",918-420-2090,2024-03-10,Cold Call,New
6551,2938,Michael,Rodgers,michael.rodgers@turner-benson.com,Psychotherapist,9378177450,2024-05-13,Cold Call,Unqualified
3907,2506,Kristi,Rowland,kristi.rowland@fergusonharringtonandjackson.com,Charity fundraiser,956-370-3711x7029,2025-03-18,Web,Working
3024,3127,Brian,Allen,brian.allen@gallegosplc.com,"Producer, radio",(233)954-7605x39187,2025-06-30,Cold Call,Working
149,2187,Patricia,Weiss,patricia.weiss@mcdonaldhickmanandmartinez.com,Building surveyor,427.770.8343,2025-04-19,Referral,Qualified
1555,1112,Donna,Chen,donna.chen@rioslynnandhaynes.com,"Engineer, structural",(871)528-9964x3468,2025-03-21,Web,Qualified
4251,2107,Monica,Smith,monica.smith@escobargroup.com,"Restaurant manager, fast food",260-299-3691x533,2024-03-07,Web,New
1777,592,Mike,Pope,mike.pope@myerscampbellandho.com,Magazine journalist,655.425.4928x51103,2025-02-07,Cold Call,New
2198,2735,Nicole,Robinson,nicole.robinson@christianturnerandnorris.com,"Surveyor, quantity",+1-905-465-6926x5611,2025-03-08,Ad,Qualified
950,3149,Kristin,Nash,kristin.nash@adkinsllc.com,Best boy,380.361.3807,2025-01-14,Referral,Working
2345,2504,Brenda,Collins,brenda.collins@gillgroup.com,"Conservation officer, historic buildings",627-338-8139x31176,2025-04-25,Web,Unqualified
5189,2387,Jennifer,Harris,jennifer.harris@clarkandsons.com,"Designer, fashion/clothing",737-593-2844,2024-01-08,Referral,Qualified
6745,1739,Kelly,Hill,kelly.hill@parker-perez.com,Museum/gallery exhibitions officer,(619)202-1376,2023-09-22,Cold Call,Qualified
2390,129,Anthony,Gonzalez,anthony.gonzalez@ritter-cooley.com,"Sound technician, broadcasting/film/video",(361)299-3524x2523,2025-07-18,Ad,New
1106,1844,Joseph,Sandoval,joseph.sandoval@knoxbowersandrobertson.com,Risk manager,+1-884-502-8708x498,2025-07-18,Ad,Unqualified
4841,3859,Catherine,Crosby,catherine.crosby@johnson-walker.com,Artist,(844)568-9707x83876,2024-12-13,Ad,New
850,3654,Brittany,Turner,brittany.turner@myersgroup.com,Geochemist,(605)463-1084x59015,2024-11-14,Web,Unqualified
4278,945,Timothy,Horn,timothy.horn@pittmaninc.com,"Engineer, petroleum",(428)619-4807x277,2023-09-02,Referral,New
2331,297,Jamie,Gray,jamie.gray@millerphillipsandreilly.com,Archivist,001-478-810-6154x8895,2024-09-17,Ad,New
7291,3105,James,Wolf,james.wolf@williamsoncobbandbarrett.com,Fish farm manager,316.364.5278x9841,2025-07-03,Cold Call,Unqualified
5209,1201,Michaela,Williams,michaela.williams@lewisbishopandjones.com,Legal executive,8334251702,2025-01-22,Web,New
2876,2863,Lori,Sellers,lori.sellers@stevensltd.com,"Scientist, audiological",890-239-4211x198,2025-07-18,Cold Call,Qualified
458,632,Eric,Flores,eric.flores@mitchell-arellano.com,"Education officer, environmental",001-982-631-3848x2400,2024-05-16,Referral,Unqualified
2561,3125,Gregory,Merritt,gregory.merritt@hunterplc.com,IT sales professional,540.258.9957x428,2025-06-11,Ad,New
5356,799,Eric,Proctor,eric.proctor@hooverbeanandfarrell.com,"Research officer, trade union",(256)230-0281x41464,2023-11-13,Cold Call,Qualified
7180,1204,Dominique,Livingston,dominique.livingston@humphrey-landry.com,Fine artist,+1-744-463-7911x2118,2025-04-08,Cold Call,New
3616,668,Jeffrey,Wilson,jeffrey.wilson@mercadosmithandsavage.com,"Administrator, arts",(919)524-6040,2024-05-15,Referral,Unqualified
5349,3242,Bruce,Chavez,bruce.chavez@danielwintersandhart.com,Clinical psychologist,+1-619-726-5252x2094,2024-10-16,Referral,New
1585,2232,Daniel,Ross,daniel.ross@walls-roberts.com,Web designer,001-782-814-7454x50572,2024-11-20,Cold Call,Qualified
4241,2441,Michelle,Bowers,michelle.bowers@sanchezmitchellandwalker.com,Music therapist,713-619-8510x9971,2024-04-19,Referral,Working
4735,718,Anna,Burton,anna.burton@warrenfrancisandhardy.com,Newspaper journalist,679.864.7683x4095,2024-07-22,Web,New
4896,688,Sara,Pitts,sara.pitts@jonesplc.com,Industrial/product designer,(538)263-3797,2024-07-07,Web,Working
641,1927,Daniel,Graham,daniel.graham@douglas-ford.com,Intelligence analyst,536.306.6527,2025-06-11,Ad,Qualified
1218,1753,Samuel,Thomas,samuel.thomas@moore-murray.com,Warehouse manager,(422)707-8001,2025-04-03,Referral,Qualified
2987,1197,William,Rodriguez,william.rodriguez@johnsonharrisandchase.com,Games developer,(459)293-2602x28052,2025-01-04,Cold Call,Unqualified
7146,3047,Danny,Bowman,danny.bowman@baileyinc.com,Amenity horticulturist,354-983-7840,2025-03-18,Ad,Qualified
7090,2159,Brenda,Horton,brenda.horton@mckinney-rice.com,"Psychotherapist, dance movement",001-550-311-2787x39458,2025-07-09,Referral,New
6801,149,Katherine,Williams,katherine.williams@cisnerosandsons.com,Ambulance person,,2025-02-10,Ad,Qualified
4166,2261,Kelly,Mcclure,kelly.mcclure@grahamhillandpetty.com,Geophysical data processor,001-805-418-2724x0651,2024-10-30,Web,Working
3085,1364,Kaitlin,Vargas,kaitlin.vargas@pattersongroup.com,"Conservation officer, nature",,2025-04-18,Ad,Qualified
2018,441,Heather,Brooks,heather.brooks@vance-ferguson.com,"Engineer, technical sales",7809344146,2024-05-09,Cold Call,Working
5095,37,Sean,Smith,sean.smith@jonescarrandbond.com,"Scientist, product/process development",(891)904-4146x30495,2023-12-23,Ad,New
1513,3670,Eric,Green,eric.green@kirkplc.com,Financial adviser,001-225-520-5042,2025-03-05,Ad,Qualified
524,1755,Jacob,Rollins,jacob.rollins@johnson-eaton.com,Television camera operator,8698484383,2024-08-26,Cold Call,Unqualified
3474,637,Joseph,Sherman,joseph.sherman@murrayglassandsingleton.com,Technical sales engineer,685-615-5490x7905,2023-10-19,Ad,New
6084,3370,Mary,Cox,mary.cox@cannonltd.com,Chiropodist,877.620.5405x6614,2025-07-12,Ad,Qualified
7497,1215,Deborah,Horn,deborah.horn@mitchellgroup.com,Investment analyst,291.536.4455x288,2024-10-28,Ad,Qualified
2705,825,Benjamin,Phillips,benjamin.phillips@marshallwebbandstevens.com,"Librarian, academic",(465)573-8481x61802,2025-07-08,Web,New
3400,2578,Kevin,Richardson,kevin.richardson@mcgeellc.com,IT sales professional,(899)322-1417,2025-04-09,Referral,Qualified
3016,1082,Ian,Evans,ian.evans@willis-patel.com,Sales executive,9594867154,2025-05-20,Referral,Qualified
2386,2399,Jerry,Peters,jerry.peters@murrayandsons.com,Primary school teacher,(758)407-9432x2573,2024-08-07,Cold Call,Working
1498,1113,Melinda,Washington,melinda.washington@kimcarrollandzamora.com,Civil Service administrator,(452)445-6247,2024-11-01,Cold Call,Qualified
2453,3664,Amy,Taylor,amy.taylor@nielsenfreemanandbates.com,Financial manager,603.658.3393,2025-02-12,Ad,Qualified
4761,1250,Alison,White,alison.white@brownperezandowen.com,"Therapist, sports",278-448-4661,2025-05-28,Referral,New
1756,2007,Amanda,James,amanda.james@rodriguezwatsonandwhite.com,Furniture designer,(698)415-7276x47186,2025-06-14,Referral,Working
945,1063,David,Avila,david.avila@chavezgroup.com,Historic buildings inspector/conservation officer,(585)561-9764,2024-08-03,Referral,Unqualified
1235,2787,Jeffrey,Stark,jeffrey.stark@watts-jacobs.com,"Radiographer, therapeutic",759-352-3423x846,2025-04-13,Ad,Working
6228,3035,John,Marshall,john.marshall@johnsongroup.com,Ophthalmologist,665.779.9951,2025-05-31,Ad,Qualified
880,2662,Anna,Miller,anna.miller@mitchell-bolton.com,English as a foreign language teacher,399.434.4640,2024-11-25,Referral,Working
240,3610,Rhonda,Smith,rhonda.smith@wellsllc.com,Financial adviser,682.409.1629x4888,2025-04-23,Ad,Working
6383,3680,Beth,Morris,beth.morris@carlsonkingandparker.com,Medical technical officer,985-258-0038,2024-09-04,Web,Qualified
2368,2570,Ryan,Cox,ryan.cox@wrightmedinaandrivera.com,Community arts worker,334.788.2081x309,2023-03-24,Cold Call,Qualified
2675,1150,Christine,Calderon,christine.calderon@anthony-olson.com,Learning mentor,(586)717-7823x980,2024-10-10,Ad,New
7774,2166,Randall,Raymond,randall.raymond@brown-castillo.com,Wellsite geologist,475-324-1158x7584,2025-04-11,Referral,Unqualified
4370,3992,Benjamin,Williams,benjamin.williams@shaw-evans.com,Equities trader,(592)911-1495x6784,2023-03-04,Ad,Unqualified
6237,3374,Monica,Sims,monica.sims@sotoshawandgill.com,"Scientist, product/process development",001-869-388-4872x937,2023-11-19,Web,Unqualified
6173,499,Katie,Mays,katie.mays@lewistranandtyler.com,Petroleum engineer,6233359321,2025-03-04,Ad,Working
3456,3878,Dana,Williams,dana.williams@mckinney-young.com,Hydrogeologist,815-698-5846,2025-07-12,Web,Unqualified
973,979,Pamela,Beard,pamela.beard@brownplc.com,Dance movement psychotherapist,(481)253-5768,2024-11-03,Cold Call,Unqualified
7453,1508,Denise,Brown,denise.brown@careyandsons.com,"Engineer, manufacturing systems",,2024-06-17,Ad,Working
7031,527,Adam,Hernandez,adam.hernandez@owensjohnsonandbooker.com,Chief Operating Officer,(703)772-9761,2024-09-11,Ad,Qualified
2959,2053,Jennifer,Johnson,jennifer.johnson@santos-wang.com,"Nurse, children's",001-609-846-5593x1871,2024-11-18,Cold Call,Working
3432,2474,Amy,Lawson,amy.lawson@chandler-stephens.com,Television/film/video producer,001-745-603-8813x57069,2024-06-26,Referral,New
4839,1087,Eric,Clark,eric.clark@lopezmurphyandrussell.com,Consulting civil engineer,654.843.3186,2024-08-24,Ad,Qualified
6480,2091,Karen,Waters,karen.waters@arnold-shields.com,"Psychologist, clinical",205-391-2012x21993,2024-05-07,Cold Call,Unqualified
2009,3020,Daniel,Jones,daniel.jones@robinsonterryandcarter.com,Quarry manager,001-856-492-9739x74019,2024-10-06,Web,Qualified
466,2241,Crystal,Key,crystal.key@perez-garcia.com,Chief of Staff,(519)514-6411x9541,2025-05-06,Ad,Working
2421,2960,Kathy,Williams,kathy.williams@porterinc.com,Company secretary,242.986.7326x3436,2024-08-31,Cold Call,Qualified
2544,2922,Ryan,Coleman,ryan.coleman@mosleyllc.com,"Scientist, research (physical sciences)",5754559752,2024-11-15,Ad,Unqualified
7518,3053,Jared,Webb,jared.webb@thomas-palmer.com,Estate agent,586.671.0754x9408,2023-11-22,Referral,Working
2317,2728,Kirsten,Christensen,kirsten.christensen@leonshawandlewis.com,Field trials officer,404-916-8315x42980,2025-05-29,Referral,Qualified
5351,2991,Nicholas,Adams,nicholas.adams@ramoshawkinsandbell.com,Recruitment consultant,+1-734-988-2792x9452,2025-02-25,Web,New
2438,3221,Cody,Fowler,cody.fowler@simmonsltd.com,Dispensing optician,+1-386-435-4753x15077,2024-04-07,Cold Call,New
7874,3557,Sarah,Hogan,sarah.hogan@woodberryandsilva.com,"Administrator, charities/voluntary organisations",001-472-700-2188x827,2025-05-31,Web,Unqualified
1364,1730,Kenneth,Irwin,kenneth.irwin@fieldsgroup.com,Sports development officer,(433)381-2552x456,2025-03-01,Cold Call,Qualified
4109,828,Raymond,Reid,raymond.reid@nunezkimanddiaz.com,English as a foreign language teacher,+1-821-529-2935x024,2025-03-16,Cold Call,Unqualified
3291,2052,Natasha,Pennington,natasha.pennington@dawson-phillips.com,Special educational needs teacher,742-997-7483,2025-07-16,Referral,Qualified
6305,586,Kirk,Jackson,kirk.jackson@moraninc.com,"Pilot, airline",8392587248,2025-05-23,Cold Call,Qualified
5790,3532,Dylan,Oconnor,dylan.oconnor@marshallbrownandmiranda.com,Fine artist,569.777.2295x505,2025-05-20,Web,Qualified
6098,1947,Abigail,Branch,abigail.branch@gloverwaltonandstephens.com,"Designer, furniture",467-292-8459,2024-05-11,Ad,Qualified
2913,460,Jeffrey,Leach,jeffrey.leach@mcconnellinc.com,Clinical cytogeneticist,6234748039,2024-10-15,Web,Qualified
2299,498,Wendy,Smith,wendy.smith@spencer-pope.com,Clinical cytogeneticist,792.574.7708x887,2023-12-14,Cold Call,Working
5433,3790,Jonathan,Randolph,jonathan.randolph@miller-foley.com,Ergonomist,+1-282-275-1232x924,2024-10-14,Ad,New
1679,2398,Dwayne,Dean,dwayne.dean@curryinc.com,Child psychotherapist,(344)691-8375,2024-09-24,Ad,Qualified
1624,2683,Edward,Guerrero,edward.guerrero@brightpriceandbradley.com,Midwife,425.220.0794x96184,2025-03-04,Web,New
1476,675,Carla,Richardson,carla.richardson@mooreinc.com,Multimedia specialist,+1-796-621-9722x1632,2025-06-11,Ad,Working
5918,3398,Christine,Schmidt,christine.schmidt@watsoninc.com,Insurance broker,353.479.4384,2025-03-31,Ad,New
369,2889,Craig,Ramirez,craig.ramirez@alexandervasquezandcarter.com,Nature conservation officer,001-314-606-7437,2025-03-19,Referral,Working
1510,1180,Kristen,Francis,kristen.francis@butlerdickersonanddiaz.com,"Engineer, civil (contracting)",806.689.9731,2024-06-05,Referral,Working
1796,2171,Justin,Ramirez,justin.ramirez@ibarra-nelson.com,"Civil engineer, consulting",927.815.3083x7513,2024-10-27,Referral,Qualified
6651,3225,Angela,Meyer,angela.meyer@moorellc.com,Hospital doctor,7839397218,2025-02-16,Ad,Unqualified
1898,217,Ricky,Barrett,ricky.barrett@morrisplc.com,"Engineer, manufacturing systems",001-359-990-1643x823,2024-11-30,Web,Unqualified
6339,1660,William,Yoder,william.yoder@jacksonjamesandshort.com,Catering manager,(879)501-1356,2023-09-06,Cold Call,Qualified
7428,1324,Mathew,Boyd,mathew.boyd@ramos-schwartz.com,Senior tax professional/tax inspector,,2022-08-26,Referral,Qualified
7687,1853,Denise,Morris,denise.morris@duarte-hill.com,Building services engineer,3605243786,2025-06-05,Referral,New
2565,166,Andrew,Cruz,andrew.cruz@briggssotoandayala.com,Manufacturing systems engineer,561.907.3869x520,2024-04-07,Referral,Unqualified
6789,1188,Dennis,Pearson,dennis.pearson@washingtonllc.com,Charity officer,378.924.3708x116,2024-06-09,Cold Call,New
5409,1697,Courtney,Cook,courtney.cook@sanchez-gonzalez.com,Microbiologist,647.591.0065x75887,2024-02-01,Ad,Unqualified
5332,3869,Steven,Mcbride,steven.mcbride@rivers-mcdowell.com,Theatre director,+1-266-545-1790x466,2024-12-12,Ad,Unqualified
5859,2291,Colleen,Russell,colleen.russell@cole-combs.com,"Biochemist, clinical",255-270-5141x3740,2025-07-08,Referral,Unqualified
3876,1902,Wesley,Jones,wesley.jones@millerinc.com,Structural engineer,812-741-3767x77882,2024-12-03,Ad,New
6155,2963,Daniel,Weaver,daniel.weaver@stewartjohnsonandgonzalez.com,"Engineer, site",549.608.1432x99738,2025-06-19,Cold Call,Qualified
4462,1689,Dale,Smith,dale.smith@kingmartinezandleach.com,Electronics engineer,001-814-592-2805,2025-03-30,Cold Call,Qualified
114,2708,Logan,Meyers,logan.meyers@hendricks-holland.com,Corporate treasurer,+1-606-261-0613x499,2025-06-27,Referral,New
7142,1981,Kimberly,Sweeney,kimberly.sweeney@grossmillerandschmitt.com,Adult nurse,001-748-468-5423x42242,2024-04-30,Referral,Unqualified
2793,2839,William,Robertson,william.robertson@barnettplc.com,Clinical cytogeneticist,+1-960-440-4912x604,2024-03-17,Ad,Unqualified
927,1416,Ashley,Howard,ashley.howard@bautistajohnstonandhuber.com,Clinical embryologist,+1-323-386-1703,2023-11-04,Ad,Qualified
3698,2189,Kevin,Estrada,kevin.estrada@chenriveraandreyes.com,"Scientist, biomedical",667.722.9665x48963,2023-07-18,Cold Call,Unqualified
4704,1719,Laura,Castaneda,laura.castaneda@colemanallenandnewton.com,"Designer, furniture",(328)844-7012x45615,2024-01-29,Ad,Working
4385,1391,Dominique,Jackson,dominique.jackson@dawson-wagner.com,"Therapist, occupational",(630)618-3654,2025-01-25,Ad,Qualified
4473,2483,Zachary,Harris,zachary.harris@murray-mayer.com,Network engineer,(458)568-6815x687,2024-01-01,Ad,Unqualified
1772,2452,John,Gonzalez,john.gonzalez@zunigaandsons.com,Exhibition designer,(764)847-9033x531,2024-12-03,Web,Qualified
5599,3988,Tanya,Gordon,tanya.gordon@westgroup.com,Radio producer,(646)838-9618x38500,2024-09-09,Referral,Working
4925,2753,Cole,Davis,cole.davis@avery-castro.com,"Designer, ceramics/pottery",989-908-2466x931,2024-09-12,Referral,New
6890,176,Tanner,Davis,tanner.davis@petersenandsons.com,"Chemist, analytical",(428)667-0845,2025-03-28,Referral,Unqualified
3333,1479,Tammy,Herrera,tammy.herrera@clark-chambers.com,Comptroller,+1-614-488-1660,2025-03-25,Web,Qualified
6106,2584,Jasmine,Williams,jasmine.williams@popejacksonandjones.com,Health service manager,(644)263-2041x6170,2025-05-27,Web,Working
136,2843,Connie,Harper,connie.harper@salinas-young.com,Market researcher,288.901.2549x203,2023-02-22,Ad,Qualified
5449,2540,Brenda,Mack,brenda.mack@gibson-tran.com,"Librarian, academic",828-308-4257x736,2024-08-17,Web,Qualified
5328,3762,Tami,Delgado,tami.delgado@choi-price.com,Town planner,3617882016,2024-07-04,Referral,Working
3194,429,Kenneth,Parsons,kenneth.parsons@lawson-garcia.com,"Psychologist, prison and probation services",838.317.1032,2024-04-05,Referral,Qualified
4077,1905,Pamela,Flowers,pamela.flowers@lee-crane.com,"Surveyor, building control",623.930.0446x0909,2025-05-25,Referral,Working
4787,1531,Aaron,Garcia,aaron.garcia@roberts-park.com,Commercial art gallery manager,(862)775-6182x2081,2025-07-01,Referral,Qualified
5362,2979,Samuel,Green,samuel.green@hillplc.com,"Horticulturist, amenity",3512996722,2025-06-24,Web,New
3552,236,Elijah,Ellis,elijah.ellis@galvan-leblanc.com,Fisheries officer,+1-631-973-6962,2024-01-02,Referral,New
3572,1896,Christina,Gonzalez,christina.gonzalez@castillohoodandwalker.com,"Doctor, hospital",(345)735-6092,2025-06-17,Web,Qualified
1876,1018,Meghan,Mendez,meghan.mendez@sanders-schroeder.com,Archivist,+1-957-821-9801x1905,2025-05-29,Referral,Qualified
3206,1393,Cynthia,Davis,cynthia.davis@maddenjohnstonandharrington.com,"Designer, industrial/product",+1-431-983-0117x7224,2025-02-22,Web,Working
1055,938,Michael,Green,michael.green@weaverplc.com,Financial risk analyst,001-658-791-8647x2382,2025-05-03,Referral,Working
1776,856,Rebecca,Ford,rebecca.ford@owengarciaandtaylor.com,Interior and spatial designer,429.275.2967x954,2025-01-07,Ad,New
6101,2366,Aaron,Hawkins,aaron.hawkins@keller-webb.com,Aid worker,+1-586-281-4044x74920,2025-06-17,Ad,New
2910,1251,Phillip,Malone,phillip.malone@bennetthudsonandtate.com,Building surveyor,495-314-2701,2023-04-02,Ad,New
6841,1958,Kathleen,Garcia,kathleen.garcia@perezinc.com,Data processing manager,001-687-570-9013,2024-08-04,Referral,Working
4258,1225,Ashley,Peterson,ashley.peterson@huffbellandnorris.com,Secondary school teacher,243.404.7274x3870,2025-05-23,Web,Working
6119,3291,Amanda,Mcconnell,amanda.mcconnell@howardplc.com,Tourist information centre manager,+1-499-983-1958x6243,2024-11-24,Web,Working
4116,1187,Derek,Singh,derek.singh@grosshenryandanderson.com,"Chemist, analytical",001-396-768-4679x86311,2024-10-02,Cold Call,Working
4036,622,Brian,Ryan,brian.ryan@pattersonmunozandcarey.com,"Nurse, children's",+1-522-975-2397x397,2024-03-18,Cold Call,Unqualified
5272,3411,Crystal,Mclean,crystal.mclean@estrada-meadows.com,Customer service manager,,2023-02-06,Referral,New
732,3847,Angela,Wright,angela.wright@grahamgroup.com,Data scientist,385-507-4854,2025-07-14,Referral,Unqualified
7376,949,Theresa,Ross,theresa.ross@gardner-williams.com,Hydrogeologist,527-689-2667,2024-03-27,Ad,Unqualified
1762,2697,Michelle,Lewis,michelle.lewis@summers-maxwell.com,Air broker,443.518.1517x6047,2025-07-16,Referral,Working
2310,791,Diane,Conrad,diane.conrad@brown-foster.com,Financial adviser,(274)340-6876x0499,2024-09-13,Web,Unqualified
6943,1198,Rachel,Rodgers,rachel.rodgers@johnsonmccallandlawrence.com,Wellsite geologist,582-387-0946x8817,2025-05-09,Web,Qualified
2361,966,David,Lewis,david.lewis@castrogeorgeandgilbert.com,Computer games developer,001-893-365-7346x9070,2025-06-19,Ad,Working
5524,294,Sally,Blair,sally.blair@homooreandlamb.com,"Engineer, petroleum",230-949-2288x4749,2025-06-06,Web,Working
5487,2528,Keith,Carter,keith.carter@fisherjohnsonandsmith.com,Diagnostic radiographer,001-822-966-5578x47736,2022-09-11,Ad,Qualified
4406,3036,Kathy,Silva,kathy.silva@watsonllc.com,"Engineer, water",+1-938-554-2439x90527,2025-06-10,Ad,Qualified
3107,3904,Travis,Flores,travis.flores@murrayplc.com,"Secretary, company",512.561.4459,2023-08-26,Cold Call,Working
2121,522,Eric,Hodge,eric.hodge@daugherty-young.com,"Engineer, automotive",+1-457-524-4799,2024-10-16,Referral,Qualified
7785,1262,Scott,Hudson,scott.hudson@rodriguezyatesandmorris.com,"Education officer, museum",289.439.9069x584,2025-01-18,Ad,New
4528,2207,Wayne,Fields,wayne.fields@haleplc.com,"Research officer, government",(676)463-5405,2025-06-16,Cold Call,Working
2132,3167,Phillip,Poole,phillip.poole@richardsonltd.com,Counsellor,859-464-2148,2024-09-27,Web,Unqualified
3234,1101,Nicole,Weaver,nicole.weaver@kennedyklineandaguirre.com,Public relations officer,001-719-608-5433,2025-07-07,Web,Unqualified
4162,1435,Patricia,Jones,patricia.jones@hughesllc.com,Prison officer,717-648-8135,2024-12-20,Ad,New
7224,2217,Garrett,White,garrett.white@bishop-anderson.com,Food technologist,509.945.6946x702,2025-05-18,Web,Working
4637,2092,Cheryl,Campbell,cheryl.campbell@ramirezgreenandboyd.com,Sub,670-624-1352x2068,2023-12-23,Cold Call,Unqualified
1948,3513,James,Serrano,james.serrano@pham-nolan.com,Tax inspector,685.863.8976x8282,2023-10-17,Cold Call,Unqualified
1702,2077,Alexandra,Perkins,alexandra.perkins@duncaninc.com,"Engineer, civil (contracting)",(293)977-6203x39051,2025-05-31,Web,Unqualified
6905,3414,Michael,Jordan,michael.jordan@evansjonesandkennedy.com,"Nurse, adult",001-445-672-7289,2024-02-20,Referral,Qualified
7131,3005,Andrea,House,andrea.house@rileydavisandberry.com,Neurosurgeon,4704508518,2025-05-31,Referral,Unqualified
4866,3498,Zachary,Martin,zachary.martin@barnesgroup.com,"Designer, graphic",001-295-690-4033x05027,2025-06-13,Ad,Qualified
7282,2992,Daniel,Stanley,daniel.stanley@smith-hall.com,"Designer, industrial/product",6644254218,2024-09-06,Referral,Working
5894,433,Carrie,Richard,carrie.richard@schmidtmendozaandross.com,"Production assistant, television",406.877.5078,2025-05-16,Ad,New
6541,1297,Jennifer,Miller,jennifer.miller@alvarez-alvarado.com,Telecommunications researcher,001-788-397-0227,2023-11-27,Ad,Working
6050,152,James,Martinez,james.martinez@merritt-washington.com,Higher education lecturer,001-702-299-0485x55506,2023-05-25,Cold Call,Qualified
2702,2921,Brian,Gill,brian.gill@piercecochranandperkins.com,Advice worker,5986880399,2024-12-26,Referral,Unqualified
6606,2055,Neil,Knox,neil.knox@frankespinozaandhowell.com,Teaching laboratory technician,419.845.8563x23691,2024-07-23,Referral,Qualified
7152,3753,Frank,Thomas,frank.thomas@oconnor-thompson.com,"Investment banker, operational",001-887-846-5899x218,2025-07-08,Web,Unqualified
4721,3132,Jeffery,Hays,jeffery.hays@jackson-gibson.com,Broadcast journalist,204-701-7371x0063,2025-06-30,Ad,Qualified
5091,1920,Maria,Leonard,maria.leonard@rodriguezandsons.com,"Horticulturist, amenity",630-226-1785,2024-06-17,Referral,Unqualified
854,1887,Stacey,Burns,stacey.burns@ferguson-thompson.com,Advertising art director,+1-332-362-5403,2024-12-12,Ad,New
1090,1394,Ronald,Adams,ronald.adams@burkeplc.com,Tour manager,(375)776-9787,2025-05-13,Cold Call,Unqualified
2754,1892,David,Allen,david.allen@lutzplc.com,Conference centre manager,+1-474-487-1181x096,2024-08-06,Referral,New
4579,2622,Sarah,Lane,sarah.lane@kellygroup.com,Chief Operating Officer,(705)759-1177x58174,2025-07-15,Ad,Qualified
5396,3943,Brian,Tran,brian.tran@mcneilltd.com,Automotive engineer,970-507-3234,2024-07-02,Cold Call,Unqualified
4783,1769,Laura,Myers,laura.myers@lopezmartinandmorales.com,Osteopath,748-426-3408,2025-06-05,Web,Unqualified
1932,1504,Victoria,Griffith,victoria.griffith@vargasbrooksandmartin.com,"Librarian, academic",(242)293-9868x625,2025-03-21,Ad,Working
8079,3215,Karen,Singh,karen.singh@ramsey-lucas.com,Community pharmacist,+1-258-268-7474,2025-02-01,Ad,Qualified
5902,1513,Paul,Kline,paul.kline@pricegroup.com,Agricultural engineer,604.279.2485,2024-08-26,Ad,Qualified
5662,540,Brianna,Ortega,brianna.ortega@bellplc.com,"Investment banker, corporate",812.433.5105x45567,2025-01-10,Cold Call,New
2811,384,Michelle,Bailey,michelle.bailey@lynnmorseandanderson.com,"Conservator, museum/gallery",209-820-4822x06457,2025-07-10,Cold Call,New
6076,3819,Robin,Bradley,robin.bradley@chambersthompsonandmartinez.com,Financial risk analyst,001-699-744-0101x831,2023-11-08,Web,Qualified
5713,2977,Lisa,Meyer,lisa.meyer@thomasllc.com,"Administrator, local government",001-846-515-3077x6921,2024-12-31,Referral,Working
210,3569,Phillip,Thompson,phillip.thompson@gordonllc.com,Dealer,457.586.1259x31308,2023-06-21,Ad,New
3962,2350,Brooke,Terry,brooke.terry@dixonturnerandpalmer.com,"Engineer, maintenance (IT)",706-923-8592,2025-06-19,Web,Qualified
7740,2335,Joseph,Johnson,joseph.johnson@jones-olson.com,Multimedia programmer,305-702-7070x26630,2024-04-30,Cold Call,New
4994,3008,Martha,Santana,martha.santana@edwards-kim.com,"Engineer, mining",805.489.2792x608,2024-04-19,Web,New
7409,3630,Jose,Salas,jose.salas@fryandsons.com,"Engineer, chemical",868-357-0175,2024-10-23,Referral,New
5706,1059,Marissa,Lloyd,marissa.lloyd@daychavezandgray.com,"Programme researcher, broadcasting/film/video",001-625-367-3548x48662,2023-07-10,Cold Call,Working
951,2838,Nicole,Wallace,nicole.wallace@suttonjohnsonandwright.com,Civil Service fast streamer,(566)712-6942x7151,2022-12-21,Web,Working
5476,3746,Kristi,Medina,kristi.medina@matthews-lopez.com,Public relations account executive,212.882.7091,2023-10-17,Referral,New
1322,3404,Erica,Silva,erica.silva@johnsonandsons.com,Building control surveyor,447-846-5522,2025-04-13,Ad,Qualified
5855,3586,Billy,Johnson,billy.johnson@murphyhernandezandlewis.com,"Engineer, maintenance",671.790.9755x605,2024-09-21,Ad,New
765,1883,Philip,Stone,philip.stone@porterlarsenandbeck.com,"Investment banker, operational",(699)835-0459x48218,2024-02-07,Cold Call,New
6751,1520,Eric,Castillo,eric.castillo@crawfordgroup.com,Operations geologist,,2025-07-10,Web,Working
4314,1948,James,Nguyen,james.nguyen@colliergroup.com,Scientific laboratory technician,+1-271-788-5694,2024-09-21,Referral,Qualified
940,2262,Robert,Morton,robert.morton@mooreinc.com,"Production designer, theatre/television/film",+1-221-683-0535x3038,2025-04-06,Referral,New
7259,2585,Jason,Rodriguez,jason.rodriguez@edwardsgroup.com,Hospital pharmacist,846.584.7888,2025-04-12,Cold Call,Unqualified
3508,277,Kristin,Smith,kristin.smith@andersonplc.com,Information officer,874-233-7600,2025-03-20,Ad,Unqualified
7066,2571,Paul,Ramirez,paul.ramirez@mccullough-mclaughlin.com,Sports coach,001-396-200-0512x1706,2023-06-30,Web,Unqualified
1223,1044,Joseph,Burke,joseph.burke@chavez-alexander.com,"Engineer, civil (consulting)",+1-279-802-1147,2023-02-22,Ad,Unqualified
4971,1939,Douglas,Ellison,douglas.ellison@williamsllc.com,"Scientist, research (physical sciences)",(246)775-4771,2024-10-08,Ad,Unqualified
7065,2571,Albert,Stone,albert.stone@mccullough-mclaughlin.com,Garment/textile technologist,530-374-4258x46376,2024-02-04,Web,New
2116,834,Cynthia,Hobbs,cynthia.hobbs@hillgroup.com,Electrical engineer,+1-421-974-5958x878,2024-11-01,Referral,Unqualified
2660,3248,Kevin,Davis,kevin.davis@chenburnettandcross.com,"Engineer, aeronautical",,2023-10-04,Ad,New
962,2419,Christopher,Davenport,christopher.davenport@clark-porter.com,Sport and exercise psychologist,(243)729-1258,2025-07-07,Referral,Qualified
3043,3656,Jason,Lamb,jason.lamb@morsegroup.com,"Radiographer, diagnostic",(650)496-8171x203,2025-05-21,Referral,Qualified
1116,3432,Cory,Smith,cory.smith@mendozaplc.com,"Teacher, English as a foreign language",756-634-9293x7040,2025-03-04,Referral,New
5278,2492,William,Brown,william.brown@smithfrostandlee.com,Production engineer,945.541.3747x890,2025-07-09,Ad,New
5162,833,Barbara,Crawford,barbara.crawford@martinez-rodriguez.com,Market researcher,819.998.0570,2024-02-27,Ad,New
7448,3749,Andrea,Thomas,andrea.thomas@crawfordtaylorandwoods.com,"Engineer, chemical",329.257.6148x06436,2024-05-06,Referral,Qualified
626,385,Jeffrey,Oliver,jeffrey.oliver@lewisedwardsandramirez.com,"Biochemist, clinical",993-220-2233,2025-02-27,Cold Call,Qualified
3849,2761,Frederick,Simmons,frederick.simmons@westplc.com,"Psychologist, forensic",428.871.0814x441,2025-07-13,Cold Call,Working
4261,518,Michael,Ryan,michael.ryan@romero-mcconnell.com,Art gallery manager,+1-831-570-9214x61595,2024-07-13,Ad,New
7053,1406,Zachary,Winters,zachary.winters@harrisplc.com,Animator,(968)267-4019x71205,2025-06-06,Web,Qualified
7277,2512,Jennifer,Montgomery,jennifer.montgomery@smithlongandwise.com,"Education officer, environmental",+1-436-343-3223x62247,2025-06-19,Referral,New
1063,1344,Dustin,Murphy,dustin.murphy@perezllc.com,Immigration officer,(821)697-4473,2024-11-05,Cold Call,New
977,1023,Matthew,Salas,matthew.salas@diazrichardsonandjackson.com,Politician's assistant,001-407-910-1717x593,2024-02-16,Ad,Qualified
6885,290,Elizabeth,Bell,elizabeth.bell@obrienphillipsandjarvis.com,Electronics engineer,001-293-329-3299x08068,2024-12-31,Web,New
1664,1990,Eric,Mendoza,eric.mendoza@washingtonltd.com,Sport and exercise psychologist,001-231-767-0002x0432,2025-05-29,Cold Call,Working
3845,3805,Felicia,Powell,felicia.powell@martincarterandcarr.com,Advertising account planner,+1-779-596-7858x34775,2025-01-01,Referral,Working
4117,1187,Matthew,Olson,matthew.olson@grosshenryandanderson.com,Community education officer,682-362-6412x2959,2024-12-09,Ad,Working
775,1781,Sheri,Knapp,sheri.knapp@walkerdaviesandedwards.com,Operational investment banker,758.895.9869x881,2024-02-08,Web,New
2694,3982,Theodore,Macias,theodore.macias@clementsstaffordandmoore.com,Multimedia specialist,858.220.3186x78656,2025-04-13,Referral,Unqualified
7455,1508,David,Garcia,david.garcia@careyandsons.com,Medical physicist,(993)383-5037x424,2023-09-12,Web,Unqualified
3060,80,Jessica,Serrano,jessica.serrano@sullivanmccallandrichardson.com,"Designer, fashion/clothing",9448928298,2025-04-27,Referral,Qualified
6170,2314,Jamie,Pennington,jamie.pennington@durhamwrightandchen.com,"Psychologist, clinical",(243)253-2859,2025-03-21,Ad,New
7495,279,Jay,Weber,jay.weber@smithpaulandgibbs.com,Biomedical engineer,201-617-3570,2023-03-22,Ad,New
2362,2146,Dean,King,dean.king@proctorllc.com,Chartered legal executive (England and Wales),407-323-6489x7007,2024-07-13,Ad,Qualified
6910,1454,Kevin,Allen,kevin.allen@smithbrownandfrancis.com,Printmaker,539-973-8401,2024-02-21,Cold Call,Working
5903,1513,Joseph,Wright,joseph.wright@pricegroup.com,Accounting technician,(243)927-4954,2023-05-26,Ad,New
2461,515,Erin,Cuevas,erin.cuevas@jonesleonandmorton.com,Educational psychologist,(527)803-6846x52971,2024-04-07,Web,Working
1329,3347,Keith,Brown,keith.brown@taylor-day.com,Tree surgeon,+1-347-204-3366x792,2023-11-19,Ad,New
3114,845,Oscar,King,oscar.king@palmer-richards.com,Medical technical officer,(461)224-6778,2025-02-05,Web,Qualified
2635,3834,Brittany,Friedman,brittany.friedman@richard-johnson.com,Oceanographer,,2025-05-18,Web,New
4789,1531,Carrie,Evans,carrie.evans@roberts-park.com,"Psychologist, educational",(906)984-3913x10209,2025-07-10,Ad,Unqualified
2318,2728,James,Leon,james.leon@leonshawandlewis.com,Geophysicist/field seismologist,971.692.5512,2025-05-19,Cold Call,Working
843,3367,Noah,Bryant,noah.bryant@ramirezsparksandcampbell.com,"Physicist, medical",001-262-703-2727x72265,2025-06-08,Cold Call,Working
5758,3088,Gregory,Cunningham,gregory.cunningham@kim-brown.com,Nature conservation officer,+1-798-805-4953x86595,2024-01-14,Ad,Working
3374,603,Susan,Miller,susan.miller@morrison-little.com,Estate agent,(567)650-0504,2025-07-04,Ad,New
4137,2367,Rebecca,Torres,rebecca.torres@henderson-taylor.com,Primary school teacher,(917)557-9742x24630,2024-11-04,Ad,New
3444,1024,Allison,Ruiz,allison.ruiz@peters-becker.com,Training and development officer,682-729-9321x718,2024-09-24,Ad,Qualified
1861,3555,Scott,Barnes,scott.barnes@callahanweaverandchavez.com,"Engineer, maintenance (IT)",+1-448-291-8944x090,2024-05-16,Referral,New
5782,38,Shannon,Long,shannon.long@myers-edwards.com,"Scientist, water quality",592.696.2303,2024-07-07,Cold Call,Qualified
2401,2946,David,Thomas,david.thomas@lopezfisherandrandall.com,Chartered management accountant,757.202.4055x6827,2025-05-24,Ad,Qualified
7437,853,Brittany,Fields,brittany.fields@martinandsons.com,Freight forwarder,+1-793-571-7721x39963,2025-05-06,Referral,Working
4686,3113,Jeffery,Collins,jeffery.collins@fisher-rush.com,Animal technologist,924-253-7186x024,2025-02-21,Cold Call,Working
4570,3068,Sarah,Reilly,sarah.reilly@whitedavisandmartin.com,Chief Executive Officer,001-493-430-5733x190,2025-01-04,Web,Unqualified
3148,2929,Sara,Smith,sara.smith@rivasltd.com,Cabin crew,+1-880-687-3426x10773,2023-02-08,Web,Qualified
3290,3198,Wendy,Greer,wendy.greer@barnesllc.com,Museum/gallery curator,722-660-7305,2023-09-26,Web,Qualified
6061,3901,John,Delgado,john.delgado@mcclure-ramos.com,"Designer, interior/spatial",758.924.6527,2025-06-15,Ad,Unqualified
3557,1594,Joe,Gomez,joe.gomez@thompson-johnson.com,"Surveyor, hydrographic",8493958440,2025-02-04,Ad,Working
1278,2100,Gregory,Morris,gregory.morris@cooleyburgessandchristian.com,Data scientist,(278)299-8525x88289,2025-07-13,Cold Call,New
2963,2041,Lucas,Wilcox,lucas.wilcox@harper-lee.com,"Conservation officer, nature",399-442-3851,2024-03-22,Web,Qualified
6824,2450,Zachary,Walters,zachary.walters@vegainc.com,Hospital doctor,664-457-1990,2024-03-02,Cold Call,Qualified
7928,123,Jill,Flores,jill.flores@armstrongjohnsonandreed.com,Television camera operator,+1-266-256-8229,2025-03-08,Referral,New
4823,508,Calvin,Oneal,calvin.oneal@porterharperandbright.com,Accommodation manager,402.592.4473x792,2024-06-30,Web,Qualified
2024,1409,Wendy,Larsen,wendy.larsen@wise-martin.com,Warehouse manager,419-455-7480x509,2025-07-14,Web,Working
5898,2720,Jessica,Price,jessica.price@larseninc.com,Database administrator,+1-295-561-4766x093,2025-04-18,Ad,Working
1148,1310,Catherine,Shah,catherine.shah@walterkingandwright.com,Quality manager,+1-799-881-9218x7856,2024-07-19,Cold Call,Unqualified
602,3772,Victoria,Smith,victoria.smith@kirby-allen.com,Farm manager,(242)604-1388,2025-01-25,Web,Qualified
7761,2758,Casey,Scott,casey.scott@marshallinc.com,Human resources officer,001-864-771-1505x8741,2025-05-20,Cold Call,New
2238,3246,Matthew,Walker,matthew.walker@davidsonwaltonandespinoza.com,Health physicist,227-543-5220,2025-07-10,Web,Qualified
1716,210,Bradley,Brooks,bradley.brooks@robertsknightandfreeman.com,Water quality scientist,+1-733-610-8911x73066,2024-12-28,Cold Call,Unqualified
2140,1383,Sabrina,Weber,sabrina.weber@harperaguilarandvaldez.com,Database administrator,,2025-05-10,Referral,Working
7189,3271,Timothy,Patton,timothy.patton@gallowayltd.com,Education administrator,894.812.5472,2025-06-06,Referral,Working
2508,3985,Angela,Mills,angela.mills@smithgroup.com,"Geologist, wellsite",+1-611-361-1941x54834,2025-06-13,Referral,Working
2325,995,Shawn,Shelton,shawn.shelton@cooperinc.com,"Surveyor, planning and development",(915)678-6128,2025-01-13,Ad,Working
7582,1062,Melissa,Garner,melissa.garner@oconnellkhanandshaw.com,Visual merchandiser,(571)489-0526x966,2024-06-26,Cold Call,New
105,281,Sara,Flores,sara.flores@huffmanhendersonandlewis.com,Diagnostic radiographer,001-817-410-9356x84701,2025-02-01,Web,Working
6692,341,Catherine,Parker,catherine.parker@wilsongroup.com,Information systems manager,+1-254-541-5520,2024-08-13,Referral,Working
5039,1320,Jennifer,Gallagher,jennifer.gallagher@ortiz-harris.com,Quarry manager,348-594-1340,2024-09-18,Cold Call,Working
6874,3681,Heather,Rodriguez,heather.rodriguez@fosterthompsonandbenson.com,Electrical engineer,6348337272,2025-02-08,Cold Call,Unqualified
7047,2304,Joe,Benton,joe.benton@garretttownsendandwalker.com,Nutritional therapist,+1-631-549-3992x90725,2025-02-14,Ad,Working
2074,1570,Joshua,Alvarado,joshua.alvarado@powellandsons.com,Television/film/video producer,281-959-4221,2025-07-08,Ad,Working
6793,410,Melissa,Sanford,melissa.sanford@davisplc.com,"Buyer, industrial",+1-441-568-7936x070,2024-12-16,Cold Call,Qualified
2536,2857,Tiffany,Smith,tiffany.smith@kennedyroblesandgarcia.com,Oncologist,982.308.1804x4741,2024-03-08,Referral,Qualified
2720,3495,Kimberly,Bruce,kimberly.bruce@bryantnguyenandweber.com,"Secretary, company",232.647.2795,2024-12-04,Ad,Unqualified
720,1465,Kelsey,Robertson,kelsey.robertson@howard-bishop.com,Travel agency manager,240-800-8384x734,2024-06-09,Web,Unqualified
6664,2199,Lindsey,Spears,lindsey.spears@reyeschapmanandsilva.com,Arboriculturist,(790)832-1790,2025-03-05,Web,Qualified
313,2519,Ellen,Burns,ellen.burns@bergerllc.com,Copy,860.912.0879,2025-05-30,Cold Call,Qualified
1609,304,Brenda,Burke,brenda.burke@estrada-murphy.com,Print production planner,762.840.4836x76235,2025-06-19,Ad,New
7567,238,Matthew,Newman,matthew.newman@hinton-brown.com,Social worker,317.231.5935x37359,2025-02-07,Web,Working
4514,1214,Adam,Richardson,adam.richardson@walshschwartzandburke.com,"Engineer, manufacturing",871-685-2844,2025-04-01,Cold Call,Qualified
1775,856,Robert,Christian,robert.christian@owengarciaandtaylor.com,Pathologist,(933)792-6480x13512,2024-08-06,Ad,New
4687,3255,Michelle,Morris,michelle.morris@cooper-newman.com,Chief Marketing Officer,+1-235-257-9934x587,2024-07-19,Referral,Unqualified
7273,2586,Courtney,Huerta,courtney.huerta@millertrevinoandfitzpatrick.com,Public affairs consultant,+1-376-444-4764x717,2025-07-01,Referral,Unqualified
6283,3672,Connor,Reynolds,connor.reynolds@garcia-schmidt.com,Financial risk analyst,310.334.5209,2025-07-17,Cold Call,Working
3981,66,Joseph,Brewer,joseph.brewer@villa-vance.com,"Engineer, chemical",2129315802,2024-12-23,Ad,Working
3442,1280,Keith,Edwards,keith.edwards@mooreyoungandhernandez.com,Sports administrator,712-676-7377x46335,2025-06-24,Referral,Qualified
6330,895,Elizabeth,Leon,elizabeth.leon@combs-leach.com,"Designer, jewellery",325-268-2499x34203,2024-11-27,Web,New
592,51,Sarah,Henry,sarah.henry@collinsplc.com,Quarry manager,(758)885-7215,2023-06-17,Web,Working
4899,2488,Carlos,Ramos,carlos.ramos@washingtonkirbyandblevins.com,Product/process development scientist,+1-386-686-9250x9872,2024-12-25,Referral,Qualified
3733,3401,Shane,Mitchell,shane.mitchell@jamesllc.com,Fitness centre manager,+1-812-587-4563x7072,2025-02-22,Referral,Working
7616,2520,Heather,Clark,heather.clark@davisinc.com,Legal secretary,+1-314-222-9089,2025-04-29,Web,Qualified
4458,3191,Bryan,Owens,bryan.owens@callahanandsons.com,"Psychologist, educational",570-471-3726,2025-05-08,Cold Call,Unqualified
5810,3060,Theodore,Harvey,theodore.harvey@deleoninc.com,Civil Service fast streamer,(369)390-1567,2023-11-18,Cold Call,Qualified
5132,3120,Andrew,Becker,andrew.becker@brownandsons.com,Charity fundraiser,,2023-12-25,Referral,Qualified
174,3817,Rebecca,Estrada,rebecca.estrada@boyle-bentley.com,Community arts worker,(692)764-9088,2025-05-08,Ad,Unqualified
6440,1607,Dustin,Hunt,dustin.hunt@kingltd.com,Radio producer,(292)950-1633x671,2025-07-07,Web,Unqualified
6602,2108,Valerie,Lee,valerie.lee@fordgonzalezandmcneil.com,Psychiatric nurse,528-913-6892x008,2025-03-10,Web,New
4545,3573,Nicole,Lopez,nicole.lopez@wilsoninc.com,"Editor, film/video",219-824-3106,2024-01-03,Cold Call,Working
5315,904,Donald,Maldonado,donald.maldonado@fowlerinc.com,Public relations account executive,001-323-653-7953,2024-08-24,Cold Call,Working
3210,1577,Antonio,Lewis,antonio.lewis@smithbradfordandharris.com,Video editor,363-771-2624,2024-02-08,Cold Call,Working
712,3924,Rebecca,Lester,rebecca.lester@campbellchurchanddelgado.com,Land,+1-832-843-9338x2785,2024-07-24,Cold Call,Qualified
2996,3122,Sarah,Ray,sarah.ray@smith-jackson.com,Medical technical officer,(840)401-5259,2025-07-14,Ad,Unqualified
5780,3415,Valerie,Jones,valerie.jones@harrisllc.com,Mental health nurse,384-594-0290x5392,2025-05-21,Ad,Working
5374,55,Jessica,Long,jessica.long@zimmerman-mccormick.com,Arboriculturist,406-416-3200x450,2024-01-24,Cold Call,Unqualified
7632,2255,Christopher,Tran,christopher.tran@khaninc.com,Field seismologist,(834)996-5599x873,2025-07-01,Referral,New
5287,1581,Meredith,Lara,meredith.lara@bowersltd.com,Restaurant manager,212.455.6945,2023-05-23,Cold Call,Qualified
5193,2491,Sheri,Clark,sheri.clark@becker-freeman.com,Personal assistant,888-756-5411x833,2024-10-21,Web,Qualified
5484,102,Marie,Murray,marie.murray@moranburgessandcallahan.com,Horticultural therapist,5499392003,2024-04-09,Ad,Working
980,1407,Kenneth,Armstrong,kenneth.armstrong@savagekingandhart.com,"Engineer, chemical",(447)440-3179x20736,2024-12-09,Ad,Unqualified
5825,2974,Jonathan,Stanley,jonathan.stanley@alexanderreyesandgallagher.com,"Librarian, academic",(869)576-1396x2846,2024-04-06,Referral,Qualified
325,3391,Joseph,Gonzalez,joseph.gonzalez@rojasgroup.com,Hospital pharmacist,(359)571-1795x166,2025-03-19,Referral,Qualified
5493,1000,Andrew,Martinez,andrew.martinez@morgansalazarandmcdonald.com,Herpetologist,2615933069,2024-04-20,Referral,Working
429,3540,Jacqueline,Floyd,jacqueline.floyd@millerandsons.com,Civil Service fast streamer,737.613.9933,2024-09-13,Web,Working
5353,2743,Nichole,Bailey,nichole.bailey@torressalasandlewis.com,Advice worker,5554680246,2024-12-22,Cold Call,New
5443,872,Claudia,Love,claudia.love@pittman-thompson.com,Sales executive,(696)896-0547x57447,2024-07-09,Cold Call,New
1105,1844,Roger,Clark,roger.clark@knoxbowersandrobertson.com,"Merchandiser, retail",+1-589-599-3428x68537,2025-03-12,Ad,Working
2841,3734,Bernard,Mckinney,bernard.mckinney@alvarezinc.com,Editorial assistant,+1-506-275-2809,2025-03-18,Web,Unqualified
2961,2053,Yvonne,Sanchez,yvonne.sanchez@santos-wang.com,Pharmacologist,(452)317-9519x61295,2024-02-09,Cold Call,Working
1463,1812,Matthew,Perkins,matthew.perkins@morganandsons.com,Advice worker,001-535-463-5538x780,2024-09-09,Ad,Working
6477,1604,Danielle,Smith,danielle.smith@guerramillsandparker.com,International aid/development worker,001-259-710-3505x647,2024-10-22,Referral,Working
6963,3448,Keith,Henderson,keith.henderson@henryandsons.com,Television floor manager,,2024-07-02,Referral,Working
3377,1260,Jordan,Mcdonald,jordan.mcdonald@schroederllc.com,Leisure centre manager,001-648-922-2082x7804,2025-03-10,Ad,Unqualified
7408,3630,Kathryn,Thomas,kathryn.thomas@fryandsons.com,Dramatherapist,001-834-840-2787,2024-09-11,Web,Working
6072,140,Mary,Cox,mary.cox@burnscampbellandshepard.com,Clinical embryologist,,2025-03-30,Referral,Working
3064,2559,Alicia,Davis,alicia.davis@wilson-williams.com,Medical technical officer,361.640.1073x39369,2024-12-28,Ad,Working
2178,1750,Mary,Smith,mary.smith@aguilarwallandrodriguez.com,"Secretary, company",753-251-6138x77230,2024-09-17,Cold Call,Qualified
6565,340,Denise,Conner,denise.conner@rodriguezsanchezandjames.com,Air cabin crew,9163026064,2023-02-05,Cold Call,Qualified
4782,1769,Victoria,Williams,victoria.williams@lopezmartinandmorales.com,"Lighting technician, broadcasting/film/video",001-286-677-2262,2023-05-31,Web,Working
6578,2802,Karla,Ponce,karla.ponce@smithinc.com,"Secretary, company",+1-751-651-5732x0384,2024-08-08,Ad,New
1951,3465,Mary,Fitzpatrick,mary.fitzpatrick@henry-holloway.com,Chief Executive Officer,622-426-6961x651,2025-07-10,Web,Qualified
7507,1156,Todd,Martinez,todd.martinez@jenkinsgroup.com,"Radiographer, diagnostic",339-709-4835,2025-05-29,Referral,New
2977,1830,Amy,Cervantes,amy.cervantes@bennettandsons.com,"Surveyor, building control",614.387.0121,2025-06-04,Cold Call,Unqualified
3884,864,Emily,Wong,emily.wong@robertson-warner.com,Print production planner,398-959-2751,2024-11-25,Web,Unqualified
2032,1800,Ashley,Johnson,ashley.johnson@le-ingram.com,Exercise physiologist,001-850-318-5764x37742,2025-07-12,Web,Working
4877,1571,James,Murray,james.murray@hanson-lucero.com,"Research officer, trade union",,2025-04-24,Ad,Qualified
2623,1586,Stephanie,King,stephanie.king@moore-hawkins.com,Osteopath,823-662-6462x1810,2025-07-16,Web,New
892,531,Mia,Martinez,mia.martinez@garcia-moore.com,Retail manager,548-915-8976x0943,2025-03-18,Cold Call,Qualified
366,1233,Andrew,Snow,andrew.snow@ramseygroup.com,"Engineer, structural",(942)317-0906,2024-12-18,Web,Unqualified
5867,2783,James,Scott,james.scott@graham-fleming.com,Music tutor,685.261.3609,2024-11-28,Cold Call,New
5853,774,Stacey,Pope,stacey.pope@murraygroup.com,Communications engineer,+1-809-391-9372x7285,2025-03-15,Referral,Qualified
6453,1661,Luis,Miller,luis.miller@changsalazarandgriffin.com,Commercial art gallery manager,458.232.6965,2024-10-06,Web,Unqualified
4510,1736,Linda,Murray,linda.murray@griffinandsons.com,Barista,001-974-342-6303x30209,2024-01-09,Ad,Unqualified
2639,2368,Bryan,Campbell,bryan.campbell@lambertroblesandgilbert.com,Energy engineer,598.645.9515x979,2024-10-01,Ad,Unqualified
2562,2448,Andrew,Allen,andrew.allen@murilloinc.com,Community arts worker,223-217-7455x66469,2024-06-30,Web,Qualified
1930,2876,Patrick,Orozco,patrick.orozco@reynoldsllc.com,Travel agency manager,499-500-7027x26807,2025-03-21,Ad,New
1880,1456,Zachary,Conway,zachary.conway@smith-floyd.com,"Engineer, materials",(930)609-4505x17232,2023-07-22,Cold Call,New
5913,1013,Christopher,Reeves,christopher.reeves@jenkinsandsons.com,"Restaurant manager, fast food",844.473.4580x809,2024-07-26,Ad,Qualified
289,1346,Jason,Mendoza,jason.mendoza@clarkcampbellandhardy.com,"Engineer, electrical",(752)810-2126x98196,2025-06-16,Cold Call,New
6846,3893,John,King,john.king@browngarciaandjenkins.com,"Radiographer, diagnostic",(366)291-6571,2025-07-09,Web,Working
2422,3241,David,Nielsen,david.nielsen@fuentes-phillips.com,Aid worker,927-267-6818x517,2024-06-08,Web,New
7923,3519,Daniel,Turner,daniel.turner@howellandsons.com,Field trials officer,+1-647-844-3277x6360,2024-09-04,Cold Call,New
2285,2321,Gary,Lopez,gary.lopez@milleratkinsandmoyer.com,Contractor,001-608-362-5179,2025-05-06,Ad,Qualified
5298,2168,Kelly,Frazier,kelly.frazier@hardin-williams.com,Engineering geologist,899-947-3080,2025-06-26,Web,New
7509,3038,Austin,Anderson,austin.anderson@taylorkimandchen.com,Sports coach,675.962.1159x683,2023-09-22,Cold Call,Unqualified
1904,3315,Kara,Garcia,kara.garcia@mcphersonfisherandcoleman.com,Forensic psychologist,5706301789,2024-07-15,Ad,Unqualified
2347,2504,Tanner,Smith,tanner.smith@gillgroup.com,Intelligence analyst,310.944.1862x272,2025-05-01,Ad,Unqualified
2888,1554,Christopher,Hines,christopher.hines@cobb-bradley.com,"Therapist, speech and language",470.423.8541x09682,2024-10-27,Ad,New
7385,1667,Sarah,Mendoza,sarah.mendoza@millergroup.com,Manufacturing engineer,6336199825,2025-02-24,Web,Unqualified
5016,3131,Michael,Frank,michael.frank@nelson-bennett.com,Public relations officer,3048001589,2025-04-02,Cold Call,New
1419,2630,Gloria,Williams,gloria.williams@rodriguezvasquezandwilliams.com,Outdoor activities/education manager,001-749-734-9640x7890,2025-07-10,Ad,New
2997,818,Tony,Salazar,tony.salazar@meza-stark.com,Textile designer,(890)530-0991x4062,2025-06-21,Ad,New
624,649,Craig,Brown,craig.brown@arellanoplc.com,Bonds trader,6528437013,2025-03-24,Cold Call,Working
2173,3507,Michaela,Rodriguez,michaela.rodriguez@johnsoninc.com,"Scientist, forensic",(581)421-3777x7202,2025-03-08,Web,Unqualified
7902,998,Stacy,Harris,stacy.harris@perryandsons.com,Bonds trader,287-481-0784,2024-08-25,Referral,Working
427,690,Kelly,Miller,kelly.miller@lewisplc.com,Fitness centre manager,(886)731-2999x00010,2025-02-03,Ad,New
1321,3404,Brittany,Smith,brittany.smith@johnsonandsons.com,"Nurse, children's",+1-774-444-0247x7708,2025-06-13,Referral,Working
3550,2372,Jodi,Alvarez,jodi.alvarez@vaughanllc.com,Tree surgeon,546-694-3004x4657,2025-04-20,Cold Call,Unqualified
3416,372,Julia,Cunningham,julia.cunningham@butlerinc.com,Television production assistant,837.601.8096x191,2025-06-08,Ad,New
2806,1264,Mary,Williams,mary.williams@sanchezllc.com,Theme park manager,(329)532-4193x2419,2025-02-18,Ad,New
7219,1671,Barry,Wright,barry.wright@owensnunezandkelly.com,Careers adviser,,2025-04-29,Ad,New
1597,2023,Ricky,Washington,ricky.washington@lynchgroup.com,Theatre stage manager,+1-761-806-4172x9522,2025-03-06,Cold Call,Qualified
6241,2935,Charles,Gutierrez,charles.gutierrez@montesandsons.com,"Nurse, learning disability",001-906-494-6249x66951,2025-03-15,Cold Call,New
3388,1918,David,Larsen,david.larsen@washingtonortizandstanley.com,"Exhibitions officer, museum/gallery",(543)819-7719x23284,2025-03-14,Referral,Working
966,517,Grace,Gardner,grace.gardner@garrettinc.com,"Engineer, chemical",+1-405-233-9089x77609,2023-09-23,Ad,New
3338,3387,Tanner,Robbins,tanner.robbins@ellisonperryandcunningham.com,Tourism officer,001-423-922-9392x1473,2024-09-27,Cold Call,New
7135,3752,Elizabeth,Keller,elizabeth.keller@thompson-cooper.com,Geochemist,(227)532-3818x6184,2024-05-23,Cold Call,Working
3844,3805,James,Simmons,james.simmons@martincarterandcarr.com,"Buyer, industrial",894-253-4657,2022-11-09,Ad,Working
3619,611,Chad,Taylor,chad.taylor@richmondllc.com,Social researcher,001-343-215-0405x316,2024-07-14,Ad,Unqualified
7974,2000,Mark,Allen,mark.allen@castanedaoliverandcarter.com,Special effects artist,+1-890-443-7313x42194,2025-01-22,Ad,New
2002,2485,Kristi,Benjamin,kristi.benjamin@andrewsjonesandturner.com,"Lecturer, further education",+1-214-272-5969,2023-04-19,Referral,Qualified
1813,1509,Joe,Molina,joe.molina@moore-norton.com,Diplomatic Services operational officer,8518604547,2025-07-11,Referral,Qualified
7797,3496,Daniel,Stark,daniel.stark@alvarezgonzalezandrichardson.com,"Buyer, retail",+1-906-974-8448x150,2024-11-10,Cold Call,Unqualified
6134,1158,Mia,Hays,mia.hays@hernandezgroup.com,Microbiologist,539-770-0118,2024-03-07,Ad,Qualified
4344,1418,Brandon,Whitaker,brandon.whitaker@quinnplc.com,"Loss adjuster, chartered",+1-521-607-2780x648,2025-07-12,Ad,Unqualified
2632,483,Regina,Deleon,regina.deleon@chandler-yates.com,Recruitment consultant,846.479.2871,2025-07-09,Ad,Working
4308,2124,Brittany,Mason,brittany.mason@davisgordonandalvarez.com,Recycling officer,776.299.3047,2025-04-29,Ad,Qualified
5057,1392,Christopher,Harris,christopher.harris@gomezduranandrivas.com,Chartered management accountant,989.936.4634,2025-05-13,Web,New
824,3186,Danielle,Vasquez,danielle.vasquez@hoffmangroup.com,Geophysical data processor,(687)305-1641,2025-03-29,Referral,New
1193,1319,Teresa,Patel,teresa.patel@sheltonltd.com,Building surveyor,383.435.9212x07418,2023-12-24,Cold Call,Unqualified
2321,3648,Julia,Flores,julia.flores@jordan-fleming.com,"Designer, multimedia",,2025-05-27,Referral,Unqualified
176,2306,Randall,Manning,randall.manning@bairdinc.com,Best boy,001-227-390-0758x446,2024-02-19,Referral,Qualified
2663,2791,Kaitlyn,Reilly,kaitlyn.reilly@wilsongroup.com,Comptroller,8503745844,2025-04-28,Cold Call,New
3286,3037,Christine,Williams,christine.williams@schmidtlloydandalexander.com,Occupational psychologist,5972504256,2022-12-27,Ad,New
5924,1596,Matthew,Holmes,matthew.holmes@montoyaplc.com,Garment/textile technologist,(218)464-6835,2025-07-01,Web,Unqualified
2982,2285,Miguel,Brown,miguel.brown@fordgroup.com,Prison officer,(950)463-4663,2024-07-04,Web,New
2141,1383,Robert,Taylor,robert.taylor@harperaguilarandvaldez.com,"Lighting technician, broadcasting/film/video",(267)927-4043x961,2025-04-06,Referral,Working
7088,2159,Mary,Saunders,mary.saunders@mckinney-rice.com,Publishing rights manager,(769)427-7728,2025-02-16,Web,Qualified
1488,1139,Kelsey,Smith,kelsey.smith@lopezplc.com,Learning mentor,884-272-4111x41780,2024-06-12,Cold Call,Qualified
6839,1051,Marc,Jones,marc.jones@bowmansnowandmiddleton.com,"Secretary, company",(890)221-2540x4595,2025-06-10,Cold Call,Unqualified
6271,1136,Barbara,Smith,barbara.smith@smithallenandking.com,Risk analyst,849-270-2557x309,2024-01-21,Ad,Working
899,3899,John,Alvarez,john.alvarez@murphyinc.com,"Teacher, adult education",688.588.5373x031,2024-08-14,Cold Call,New
1564,1123,Emily,Ware,emily.ware@smith-hood.com,Senior tax professional/tax inspector,254-535-6415x3302,2023-08-29,Referral,Unqualified
5036,3757,Tara,Edwards,tara.edwards@wellsjohnsonandbaker.com,Bookseller,470.497.0746x1016,2025-05-07,Cold Call,New
3648,1874,Patrick,Perez,patrick.perez@powellfoxandramos.com,"Designer, blown glass/stained glass",001-537-635-6203x003,2025-03-16,Referral,Unqualified
2153,1790,Laura,Blevins,laura.blevins@rodriguez-mendez.com,Planning and development surveyor,9626937423,2025-07-01,Referral,Unqualified
6321,3006,Stacy,Wilson,stacy.wilson@jones-gonzalez.com,Clinical psychologist,(829)810-6307x713,2024-09-11,Referral,Unqualified
58,1522,Arthur,Smith,arthur.smith@davistranandking.com,Scientific laboratory technician,,2025-04-23,Referral,Working
2416,3044,Jonathan,Hudson,jonathan.hudson@rodgers-clark.com,Science writer,(492)365-4948,2025-06-28,Cold Call,Working
957,1249,Joseph,Larson,joseph.larson@johnsonllc.com,"Secretary, company",981-683-9377,2025-03-10,Referral,Working
532,3234,Kristopher,Wilson,kristopher.wilson@herreramyersandconner.com,Oceanographer,(628)929-0128x804,2025-01-31,Referral,Qualified
7487,2583,Benjamin,Johnston,benjamin.johnston@barkerplc.com,Special educational needs teacher,923.364.2781x70913,2025-01-31,Cold Call,Unqualified
7092,2561,Elizabeth,Mitchell,elizabeth.mitchell@hughesandsons.com,Leisure centre manager,001-759-582-0276,2025-05-20,Referral,New
2227,1022,John,Morgan,john.morgan@kingmoonandhall.com,Public affairs consultant,,2025-05-14,Referral,New
5152,3281,Tina,Blackwell,tina.blackwell@oliverinc.com,Radio producer,+1-217-446-1077x2904,2024-06-09,Referral,Qualified
4484,2411,Kathleen,Ryan,kathleen.ryan@rhodes-smith.com,Applications developer,+1-238-731-8570x0452,2025-06-14,Referral,Qualified
4580,2622,Daniel,Smith,daniel.smith@kellygroup.com,"Scientist, product/process development",+1-789-681-6435x62169,2025-07-18,Web,Unqualified
710,967,Willie,Sellers,willie.sellers@mcclainltd.com,Investment analyst,475.977.7772x4219,2025-03-06,Cold Call,New
26,3910,Matthew,Boyd,matthew.boyd@chambersllc.com,Outdoor activities/education manager,295-732-5104,2025-04-05,Web,New
6652,3225,Christopher,Green,christopher.green@moorellc.com,Music therapist,4048948040,2023-12-19,Ad,Working
6162,2677,Christopher,Snyder,christopher.snyder@davis-perkins.com,Primary school teacher,(583)634-7601,2025-05-17,Web,Working
1527,2280,Michelle,Garza,michelle.garza@loganpalmerandboone.com,Insurance claims handler,342-281-0713,2025-07-17,Referral,Working
5683,2629,Kathryn,Lopez,kathryn.lopez@williamsgroup.com,Petroleum engineer,909.306.3606x33334,2024-07-15,Web,Working
4483,2411,Melissa,Johnson,melissa.johnson@rhodes-smith.com,Legal executive,001-984-618-1180,2025-07-05,Referral,New
1874,2752,Kathleen,Smith,kathleen.smith@johnsonswansonandowens.com,Magazine features editor,6162420943,2025-07-04,Ad,Qualified
2256,959,Nicole,Russell,nicole.russell@smithltd.com,Catering manager,4349585094,2024-12-13,Cold Call,Working
4692,2988,Amanda,Campos,amanda.campos@vega-davis.com,"Lecturer, higher education",718-783-2189x03010,2024-11-03,Web,Qualified
2818,3850,Alyssa,Medina,alyssa.medina@browngroup.com,Dance movement psychotherapist,+1-948-649-3626x3933,2025-03-19,Web,Unqualified
6133,3615,Chase,Molina,chase.molina@wilsonbestandzuniga.com,Aid worker,+1-278-473-1951x95704,2025-06-06,Referral,New
3977,1762,Frank,Schroeder,frank.schroeder@murphy-phillips.com,Manufacturing engineer,(893)801-7933,2025-07-10,Web,New
1072,1290,Daniel,Flores,daniel.flores@clarkplc.com,Licensed conveyancer,+1-749-796-9829x359,2023-10-07,Web,New
4021,3397,Eric,Suarez,eric.suarez@sweeneypriceandcunningham.com,"Radiographer, diagnostic",(739)684-6770x25940,2025-07-03,Web,Unqualified
2708,2401,Frank,Wu,frank.wu@romerobarnesandkelley.com,Plant breeder/geneticist,469-286-8554x715,2024-07-06,Web,New
5786,768,John,Morrow,john.morrow@sanfordwigginsandjuarez.com,Materials engineer,(734)678-2145,2024-10-03,Cold Call,Qualified
867,2917,Jason,Ruiz,jason.ruiz@allengroup.com,Land,+1-934-614-2998x77308,2024-09-19,Referral,Unqualified
6153,3208,Nichole,Ramsey,nichole.ramsey@goodman-davis.com,Financial planner,(691)349-0132x704,2025-01-16,Ad,Unqualified
974,163,Alexander,Miller,alexander.miller@cruzschmidtandwatson.com,"Scientist, water quality",(688)640-9143,2025-06-08,Referral,Qualified
5909,1834,Natasha,Harris,natasha.harris@martinez-cain.com,Electrical engineer,(794)694-7453x4730,2024-07-21,Cold Call,Working
2487,2514,Brian,Campbell,brian.campbell@mcmillan-johnson.com,Intelligence analyst,469-370-7291,2025-06-04,Web,New
2434,3327,Jason,Brown,jason.brown@moralesclayandnixon.com,Product manager,652.253.0822,2025-05-25,Ad,Working
2595,2373,Michael,Thompson,michael.thompson@salasmooreanddavis.com,"Conservator, furniture",,2025-02-15,Referral,New
7977,3220,Lori,Gill,lori.gill@fields-pittman.com,Fitness centre manager,+1-642-815-4978x222,2024-02-14,Cold Call,New
1684,1086,Catherine,Price,catherine.price@johnsonltd.com,Energy engineer,374.740.5081x44992,2025-06-21,Ad,Qualified
3486,3514,Christina,Lang,christina.lang@hall-smith.com,Farm manager,001-299-516-0845x210,2024-02-11,Web,Qualified
1442,3650,Amy,Johnson,amy.johnson@stewartjacksonandfisher.com,"Engineer, materials",+1-523-842-0118x2928,2023-02-19,Referral,Working
7866,3384,Patricia,Daniels,patricia.daniels@hannabergerandhartman.com,"Administrator, sports",001-266-279-7883x31553,2024-08-23,Cold Call,New
621,621,Jesse,Weiss,jesse.weiss@greenandsons.com,Cytogeneticist,6528380379,2022-07-28,Ad,Unqualified
5153,3658,Victoria,Kline,victoria.kline@rose-gomez.com,"Exhibitions officer, museum/gallery",,2024-02-01,Cold Call,Working
2923,215,Casey,Scott,casey.scott@fernandez-french.com,Horticultural consultant,412.310.6946,2025-02-09,Cold Call,Qualified
1710,3353,Cynthia,Parker,cynthia.parker@monroe-clay.com,Secondary school teacher,498.616.2519,2025-01-31,Ad,New
7307,3643,Lisa,Daniels,lisa.daniels@tyler-dunn.com,"Secretary, company",978-407-5590x08416,2024-05-13,Cold Call,Working
963,2419,April,Lawson,april.lawson@clark-porter.com,"Civil engineer, contracting",8162807747,2024-11-05,Web,Qualified
1436,570,Donald,Meyers,donald.meyers@andersongibbsandgreen.com,Sports administrator,9256287413,2023-11-07,Referral,New
28,141,Dawn,Buchanan,dawn.buchanan@torres-huynh.com,Secretary/administrator,(717)336-7844,2025-05-16,Web,New
1971,1060,Lindsay,Anderson,lindsay.anderson@rosales-hicks.com,Regulatory affairs officer,593-647-7350x978,2024-09-30,Web,Qualified
8000,3165,Crystal,Hughes,crystal.hughes@quinnwoodandcook.com,Town planner,262.439.0642x91721,2025-04-01,Ad,Qualified
185,3730,Nicole,Nichols,nicole.nichols@bookermaxwellandjackson.com,Administrator,+1-371-764-3850,2025-02-11,Web,Qualified
6511,2447,Lisa,Aguilar,lisa.aguilar@garciallc.com,Production manager,4024533824,2023-10-29,Cold Call,Working
5316,3918,William,Reed,william.reed@greene-hunter.com,Environmental health practitioner,+1-500-631-8493x863,2025-07-15,Ad,Unqualified
6933,3324,Thomas,Smith,thomas.smith@lang-goodwin.com,Press photographer,+1-585-513-9372,2025-05-18,Cold Call,New
5426,1552,Brian,Gillespie,brian.gillespie@henrybrownandbutler.com,Commercial/residential surveyor,747.433.4784x46495,2025-02-11,Ad,New
758,513,Michelle,Rodriguez,michelle.rodriguez@masonltd.com,Sport and exercise psychologist,7714094460,2024-06-23,Referral,Qualified
4750,1016,James,Wagner,james.wagner@moss-evans.com,Teaching laboratory technician,001-564-416-1843x012,2024-05-08,Ad,Unqualified
7296,2936,Michelle,Lynch,michelle.lynch@nguyenltd.com,Lexicographer,,2025-01-04,Web,Working
4757,175,James,Ross,james.ross@allenleonardandkelley.com,Planning and development surveyor,966-466-1261x205,2023-05-28,Referral,New
2124,708,Sheila,Jackson,sheila.jackson@longgonzalezanddavidson.com,Proofreader,001-284-991-4731,2025-06-18,Referral,Working
1937,841,Robert,Kelly,robert.kelly@andersongroup.com,Writer,(389)709-6038x0160,2024-01-02,Cold Call,Unqualified
5774,685,David,Webb,david.webb@smithallenandgomez.com,IT sales professional,269.709.6762,2025-02-05,Web,Unqualified
131,3469,Tina,Walter,tina.walter@molina-ryan.com,Television floor manager,454.462.4347x989,2024-11-24,Ad,Working
6974,1656,Heather,Wilson,heather.wilson@thomashillandbrennan.com,Private music teacher,001-642-983-2124x3074,2024-09-14,Ad,Working
7755,1464,Karen,Martin,karen.martin@singletonllc.com,Futures trader,+1-544-245-8777x53083,2024-04-22,Cold Call,New
786,427,Douglas,Marks,douglas.marks@nguyengroup.com,Tourist information centre manager,,2025-05-29,Cold Call,Unqualified
4530,1323,Jeffrey,Todd,jeffrey.todd@harrisortizandcohen.com,Drilling engineer,001-437-697-0833x2743,2025-01-16,Web,Unqualified
263,2230,Kristen,Anderson,kristen.anderson@wardllc.com,Environmental manager,4615948083,2025-05-24,Ad,Working
7212,889,Gregg,Santiago,gregg.santiago@taylorhuntandmaxwell.com,Statistician,570.765.4798x932,2023-11-26,Cold Call,Working
5300,920,Jessica,Alexander,jessica.alexander@chanlopezandhall.com,Dietitian,874.228.2166x225,2024-12-05,Referral,Working
3805,2386,Vanessa,Chang,vanessa.chang@morenojohnsonandvasquez.com,Solicitor,421.764.2078x64885,2025-06-06,Web,Working
4836,3272,Richard,Ramirez,richard.ramirez@tuckeryoungandsparks.com,"Clinical scientist, histocompatibility and immunogenetics",604.682.4517,2025-06-10,Referral,Unqualified
4791,3560,Michael,Russell,michael.russell@leegutierrezandbates.com,"Engineer, electrical",001-641-342-7718,2025-07-01,Ad,Working
2591,3808,Joseph,Fields,joseph.fields@perkinsgroup.com,Glass blower/designer,001-669-334-4964,2024-06-29,Cold Call,Working
6610,2670,Amber,Fisher,amber.fisher@estes-cardenas.com,"Research officer, political party",(246)441-9520x87210,2025-02-12,Referral,Qualified
4497,1090,Ann,Schultz,ann.schultz@martin-davila.com,"Teacher, adult education",(407)291-4684,2023-11-15,Web,New
7272,2605,Carolyn,Estrada,carolyn.estrada@bryantplc.com,"Teacher, primary school",(622)365-3007,2025-05-23,Ad,Qualified
2542,3080,John,Cortez,john.cortez@schwartzmillerandjohnston.com,"Engineer, chemical",(911)200-9170x401,2024-02-25,Ad,New
7737,1295,Janet,Baker,janet.baker@alvaradollc.com,Passenger transport manager,753-312-8620x810,2025-03-06,Referral,Working
7967,3872,Joyce,Rice,joyce.rice@fullerbrooksandberry.com,"Teacher, special educational needs",+1-915-303-5674,2024-02-12,Cold Call,Qualified
2604,606,Logan,Brown,logan.brown@santos-lee.com,"Scientist, research (life sciences)",+1-687-282-4533,2024-11-03,Web,Unqualified
2344,1688,Sarah,Scott,sarah.scott@cook-bell.com,"Teacher, special educational needs",707.811.0857,2023-12-12,Cold Call,Working
961,3856,Allen,Campbell,allen.campbell@gonzalezbrooksandbaker.com,Interior and spatial designer,+1-591-449-2249x7762,2024-08-28,Ad,Qualified
295,3957,Chelsea,Cook,chelsea.cook@watersllc.com,Biomedical engineer,303.831.3743,2025-06-23,Ad,Unqualified
1051,160,Shelly,Barnes,shelly.barnes@williams-lamb.com,Retail banker,2227422125,2025-07-03,Cold Call,Working
6781,3666,Molly,Miranda,molly.miranda@castrollc.com,Ergonomist,479.962.7262,2025-03-01,Referral,Qualified
7749,3177,Heather,Palmer,heather.palmer@wagner-ochoa.com,Financial trader,604.658.6663x901,2025-04-19,Referral,Qualified
3065,1212,Michael,Cross,michael.cross@garciaplc.com,Prison officer,(685)861-7544,2024-06-30,Ad,Working
1198,2394,Jody,Jordan,jody.jordan@barrera-bradley.com,Games developer,+1-924-325-0909x175,2024-07-23,Web,Working
7636,1802,Maria,Davis,maria.davis@wrightlongandday.com,Hotel manager,001-873-989-4821x8909,2025-01-24,Referral,Unqualified
986,1764,Justin,Sparks,justin.sparks@schneider-george.com,Event organiser,001-238-561-5164,2024-04-19,Web,Unqualified
6458,2694,Valerie,King,valerie.king@mitchellthomasandharris.com,Forensic psychologist,790-282-3784x9836,2025-02-25,Web,Working
3097,2909,Jacob,Burch,jacob.burch@smithgroup.com,"Producer, radio",001-305-919-1211x610,2024-02-26,Cold Call,Working
3204,2837,Kathy,Frederick,kathy.frederick@fernandezmarshallandjordan.com,"Psychologist, forensic",358.895.0124x50781,2024-02-21,Referral,New
3810,1816,Aaron,Holden,aaron.holden@wileyolsonandholloway.com,"Surveyor, building",2477839516,2024-07-26,Cold Call,Working
7870,3328,Brian,Smith,brian.smith@ellisonhardyandchavez.com,"Engineer, land",763.680.9560x2471,2025-02-19,Cold Call,Qualified
2764,3993,Jason,Patterson,jason.patterson@smith-lambert.com,Archivist,3376500404,2025-06-29,Ad,Qualified
3984,459,Tamara,Moore,tamara.moore@davischangandaustin.com,Environmental education officer,294-490-4078x14013,2025-06-29,Ad,New
7491,3163,Daniel,Lawson,daniel.lawson@reedplc.com,Retail buyer,639-344-0196,2025-06-04,Referral,New
2442,3867,Juan,Zavala,juan.zavala@zamora-wilson.com,"Engineer, maintenance",664-513-0959x01915,2023-12-28,Cold Call,New
8021,1209,Annette,Mcconnell,annette.mcconnell@woods-olson.com,Health promotion specialist,001-414-292-3146x738,2024-02-25,Ad,New
5514,2442,Lisa,Torres,lisa.torres@grant-price.com,Network engineer,736-545-9299x6753,2025-04-01,Web,Unqualified
3744,3579,Brian,Garcia,brian.garcia@chapman-howell.com,"Engineer, mining",862.751.4030x40619,2023-03-06,Referral,Unqualified
949,1289,Kayla,Love,kayla.love@garciallc.com,Ergonomist,001-914-631-4426,2024-07-18,Referral,Qualified
2798,291,Mark,Lang,mark.lang@griffin-perez.com,Hydrographic surveyor,823-586-9372x52841,2025-02-08,Ad,New
379,1067,Matthew,Newman,matthew.newman@robertsltd.com,"Surveyor, building",679-949-2965,2025-05-04,Ad,Unqualified
1348,3911,April,Norman,april.norman@smithmorganandtran.com,Lexicographer,341-331-8621x1745,2024-06-19,Ad,Working
241,2656,Carol,Thompson,carol.thompson@reesegroup.com,Scientific laboratory technician,266.987.7584,2025-06-07,Referral,Working
3663,3023,Brooke,Mcclure,brooke.mcclure@hernandezandersonandrussell.com,"Accountant, chartered certified",706.693.5611,2025-06-28,Ad,Working
766,1883,Kathryn,Mclean,kathryn.mclean@porterlarsenandbeck.com,Metallurgist,834.900.2383,2024-03-06,Ad,Qualified
6259,2616,Christopher,Smith,christopher.smith@reynolds-nielsen.com,Advertising account planner,(211)861-7645x095,2025-01-23,Cold Call,New
6416,596,Andre,Thomas,andre.thomas@santiagogroup.com,Museum/gallery curator,576-700-9841,2025-05-12,Cold Call,Working
1656,31,Juan,Wood,juan.wood@brandt-chavez.com,Child psychotherapist,(723)626-2773x133,2025-02-16,Ad,Unqualified
6074,3175,Crystal,Chavez,crystal.chavez@phelps-ward.com,Location manager,(501)865-5721x8603,2025-05-03,Cold Call,Working
2472,2177,Scott,Ward,scott.ward@santanagrayandcarpenter.com,"Pharmacist, community",857-774-3095x624,2024-10-13,Referral,Qualified
3162,3007,Jonathan,Berry,jonathan.berry@weber-peterson.com,Publishing copy,(629)205-7645x683,2025-04-06,Ad,Working
4593,557,Jennifer,Werner,jennifer.werner@hudsonbutlerandanderson.com,Firefighter,4696653175,2025-06-02,Cold Call,Unqualified
5295,2730,Eric,Lee,eric.lee@stevensonandsons.com,"Production designer, theatre/television/film",(242)225-1670x258,2024-09-27,Web,New
2339,3979,Larry,Martin,larry.martin@silvawilliamsandschaefer.com,Volunteer coordinator,(549)971-9416x6910,2025-04-17,Web,New
5613,2568,Renee,Mathews,renee.mathews@hannamorrisonandstevens.com,Geophysical data processor,(786)945-4578,2024-05-31,Cold Call,Qualified
498,663,Travis,Chandler,travis.chandler@danielswhiteandwood.com,Illustrator,+1-813-520-4373x007,2024-10-22,Web,Working
6439,3828,Kimberly,Hernandez,kimberly.hernandez@oconnorandsons.com,Systems analyst,+1-843-787-2296x376,2023-06-22,Cold Call,Working
4372,2736,John,Rocha,john.rocha@bennettmayandcarlson.com,Automotive engineer,(307)480-6796x61887,2025-05-15,Web,New
2326,2916,Jennifer,Koch,jennifer.koch@parkerlyonsandsmith.com,"Radiographer, diagnostic",+1-368-750-7032,2025-07-05,Web,Qualified
6373,2740,Tracy,Johnson,tracy.johnson@youngmooreandlowe.com,"Production assistant, television",621.621.6618x3697,2025-05-09,Web,Working
4577,963,Jessica,Levy,jessica.levy@martinezmatthewsandarmstrong.com,Chief Technology Officer,560-521-8739,2024-10-22,Referral,New
1481,745,Tanner,Christensen,tanner.christensen@kellyinc.com,Further education lecturer,541-688-2238x3755,2023-10-21,Referral,Unqualified
6756,3742,Vanessa,Lawrence,vanessa.lawrence@williams-ward.com,"Designer, graphic",+1-910-744-0314x95643,2025-03-09,Ad,Working
2510,107,Thomas,Bean,thomas.bean@hallrichardsonandgarcia.com,Ecologist,988.462.0560,2025-05-31,Cold Call,Unqualified
321,173,Vickie,Wise,vickie.wise@waller-campbell.com,Chartered management accountant,+1-776-689-4867x7069,2025-06-03,Web,Unqualified
1817,3811,Alexis,Mayo,alexis.mayo@hoffmaninc.com,Museum education officer,(848)886-5065x773,2024-11-05,Cold Call,Unqualified
3725,1644,Jessica,Peterson,jessica.peterson@ingram-taylor.com,"Surveyor, mining",6517958680,2025-04-13,Ad,Unqualified
6990,3341,Hannah,Roy,hannah.roy@bishopplc.com,Furniture designer,(484)659-9678,2024-05-18,Ad,Working
2488,980,Darlene,Williams,darlene.williams@hays-alvarez.com,Chartered public finance accountant,681-516-3241,2025-01-19,Referral,New
5793,2191,Lori,Santiago,lori.santiago@gomezrussellandmartin.com,Wellsite geologist,,2025-07-16,Ad,Qualified
6160,1859,Elizabeth,Tucker,elizabeth.tucker@henrygroup.com,"Psychologist, sport and exercise",001-707-558-4051,2023-08-12,Web,New
5296,2168,Adrian,Simmons,adrian.simmons@hardin-williams.com,Public relations account executive,657-865-8227,2025-03-23,Referral,Working
3061,80,Denise,Anderson,denise.anderson@sullivanmccallandrichardson.com,Chartered public finance accountant,408-534-0869,2025-03-15,Referral,Qualified
3911,2939,Candice,Ali,candice.ali@eatonandsons.com,Hospital pharmacist,359.347.6763x4272,2025-07-17,Cold Call,Working
7034,2828,Charles,Webb,charles.webb@millerplc.com,Automotive engineer,(533)902-1546x5816,2025-04-02,Ad,New
7869,3328,Daniel,Barber,daniel.barber@ellisonhardyandchavez.com,Careers information officer,+1-758-440-2934x9194,2025-01-19,Cold Call,Qualified
1128,3435,Brent,Potts,brent.potts@taylorromanandarnold.com,Charity fundraiser,+1-368-696-2358x8343,2024-07-09,Cold Call,Qualified
1263,3605,Mary,Duke,mary.duke@smith-mckinney.com,"Designer, textile",798.350.0248x54718,2023-08-16,Web,Working
436,495,Crystal,Dyer,crystal.dyer@williams-rivera.com,Toxicologist,(537)353-0099,2025-05-12,Referral,Qualified
1502,2640,Paul,Davis,paul.davis@fisherknightandhowe.com,Water quality scientist,001-343-397-5737x607,2023-09-12,Ad,Unqualified
5698,1597,James,Blanchard,james.blanchard@castrogroup.com,"Teacher, special educational needs",,2023-02-19,Cold Call,New
654,3185,Jason,Jordan,jason.jordan@hamiltonltd.com,Product/process development scientist,763-875-0638x706,2025-03-10,Web,Qualified
8039,1039,Gary,Kennedy,gary.kennedy@murphymyersandtaylor.com,Lobbyist,001-491-555-8515,2024-06-26,Referral,Unqualified
7265,2564,Beth,Mcpherson,beth.mcpherson@millerandsons.com,"Engineer, manufacturing systems",(557)648-8694x8899,2025-05-25,Ad,Working
7674,3510,James,Hoffman,james.hoffman@coleman-mitchell.com,"Horticulturist, amenity",795.804.6257x758,2024-08-22,Web,Unqualified
4032,2923,Lauren,Dunn,lauren.dunn@blairandsons.com,"Nurse, learning disability",+1-279-846-0800x34020,2023-12-10,Web,New
1253,1127,Kelly,Knight,kelly.knight@webstermillerandtaylor.com,Television/film/video producer,329-393-6172x7935,2025-05-07,Ad,New
6805,1181,Andrea,Gates,andrea.gates@mendezkleinandsmith.com,Legal executive,(590)488-2149,2024-11-18,Ad,New
6812,1341,Alan,Cherry,alan.cherry@harrismasseyandpeterson.com,"Therapist, music",285-764-2403x857,2024-03-26,Cold Call,New
2638,1122,Jose,Brown,jose.brown@campbellltd.com,Best boy,998-505-1901x7027,2023-04-15,Web,Unqualified
2918,1152,Mary,Johnson,mary.johnson@harrisgonzalezandchambers.com,Pensions consultant,001-796-519-0995x6597,2025-01-21,Referral,Qualified
4865,3498,Megan,Lewis,megan.lewis@barnesgroup.com,Banker,001-419-616-8463x256,2025-01-18,Referral,Working
6613,2985,Angela,Kelly,angela.kelly@ellishamiltonandbender.com,"Chemist, analytical",+1-996-301-2692,2024-07-17,Ad,Working
1723,3539,April,Hill,april.hill@taylorltd.com,Artist,+1-990-230-9228x863,2025-04-11,Web,Unqualified
1426,17,Donald,Lee,donald.lee@brownplc.com,Editorial assistant,+1-924-538-4000x883,2025-02-23,Web,Working
5026,1025,Jeremy,Smith,jeremy.smith@mosesguerreroandallison.com,Microbiologist,+1-289-898-9579x53872,2025-06-12,Referral,Working
6925,3116,David,Mitchell,david.mitchell@christensen-marshall.com,Social researcher,001-324-392-6840x2187,2025-07-13,Referral,Qualified
5168,479,John,Lee,john.lee@kimwalkerandayala.com,Event organiser,+1-921-433-7100x00057,2023-04-21,Referral,Unqualified
3423,3321,Terrance,Branch,terrance.branch@johnsonfryandedwards.com,Accounting technician,927.827.5543x33889,2023-03-25,Ad,Working
1000,228,Corey,Barton,corey.barton@gallaghercolonandheath.com,Dentist,(804)244-5580x10622,2024-01-10,Web,New
4345,1518,Eric,Casey,eric.casey@richllc.com,Investment analyst,227.470.8114,2025-05-18,Referral,Working
7398,3629,Kevin,Mclaughlin,kevin.mclaughlin@davidson-steele.com,Civil Service administrator,+1-838-850-4754x4919,2024-08-31,Ad,New
2451,1377,Lisa,Poole,lisa.poole@gibsonltd.com,Physiotherapist,445.834.1153x53323,2025-03-14,Cold Call,Working
929,1325,Carla,Robinson,carla.robinson@gill-fuller.com,Brewing technologist,+1-846-274-1252x1628,2024-03-29,Referral,Working
1538,2799,Katrina,Martinez,katrina.martinez@goodwinandsons.com,"Designer, television/film set",718-590-7614x91224,2024-02-04,Referral,New
3827,3222,Omar,Chan,omar.chan@wilsonltd.com,"Scientist, clinical (histocompatibility and immunogenetics)",(803)739-8722x49651,2025-03-09,Cold Call,Qualified
7789,2620,Kathy,Holland,kathy.holland@vasquezltd.com,Insurance broker,(692)359-4788,2025-05-31,Web,Unqualified
6364,3712,Andrew,Mcguire,andrew.mcguire@conradgroup.com,Clinical psychologist,2719867083,2023-11-10,Ad,Qualified
283,1835,Ana,Green,ana.green@stewart-shepherd.com,"Scientist, water quality",889-582-9543x3944,2024-11-08,Cold Call,Unqualified
2468,1292,Terrence,Garcia,terrence.garcia@kellerhuntandpatel.com,"Physicist, medical",858.554.3289x247,2023-09-27,Ad,Working
6572,2383,Jacob,Hoover,jacob.hoover@cooper-schneider.com,Public librarian,6188333146,2022-10-26,Referral,New
6600,2543,Peter,Morgan,peter.morgan@burtonltd.com,Art gallery manager,464-772-8917x481,2024-08-17,Ad,Working
7927,335,Charles,Bradley,charles.bradley@pena-williams.com,Sport and exercise psychologist,001-344-786-6978x923,2025-01-09,Referral,Unqualified
549,3310,Albert,Stein,albert.stein@hansonandsons.com,Seismic interpreter,+1-895-474-9286x16988,2025-07-03,Ad,Unqualified
4349,751,Caroline,Rogers,caroline.rogers@padilla-bailey.com,Dramatherapist,+1-861-337-6614x665,2024-10-20,Web,New
3780,2490,Courtney,Young,courtney.young@vargas-ramirez.com,"Engineer, agricultural",001-289-778-7117x51113,2024-02-26,Ad,Working
6957,1837,Nicole,Alexander,nicole.alexander@gates-maynard.com,"Engineer, broadcasting (operations)",+1-565-859-9791,2024-05-25,Ad,New
5802,48,Robert,Lee,robert.lee@powellinc.com,Historic buildings inspector/conservation officer,972.485.6629x15500,2022-10-29,Web,Unqualified
7204,1807,Ryan,Cabrera,ryan.cabrera@marshplc.com,IT trainer,001-264-987-1297x57118,2024-08-26,Referral,Qualified
821,3176,Nathan,Torres,nathan.torres@jamesplc.com,Corporate investment banker,(596)307-0381,2025-05-19,Web,Qualified
4817,3133,Sean,Hall,sean.hall@williamsperezandramirez.com,"Secretary, company",001-760-420-1157x41933,2025-01-16,Cold Call,New
3294,1851,Richard,Cline,richard.cline@longandsons.com,"Investment banker, operational",(373)424-4708,2023-05-29,Referral,Qualified
510,2333,Marissa,Owen,marissa.owen@edwardswallsandmitchell.com,"Embryologist, clinical",(443)934-4659,2025-04-17,Web,New
4469,1154,Dawn,Zuniga,dawn.zuniga@patterson-duke.com,Bookseller,+1-599-658-3781x01783,2025-03-27,Ad,Unqualified
5981,1826,Robert,Miller,robert.miller@payne-thomas.com,Copy,678-310-3796,2025-05-20,Ad,New
1084,1477,Sarah,Blair,sarah.blair@mcdowell-navarro.com,"Designer, exhibition/display",717.825.0434x40294,2025-06-18,Referral,Unqualified
1547,1971,Sheri,Avila,sheri.avila@ramirez-smith.com,"Designer, interior/spatial",+1-760-501-7604x841,2024-08-18,Cold Call,Working
1203,3364,Kristen,Stuart,kristen.stuart@jarvisgroup.com,Psychiatrist,853.483.1202,2024-10-12,Web,Unqualified
3365,105,Alicia,Newman,alicia.newman@palmerjimenezandpreston.com,Aid worker,749-534-7482x758,2025-05-07,Web,Unqualified
3498,1839,Dawn,Espinoza,dawn.espinoza@rowellc.com,Community development worker,+1-279-685-6438x067,2025-05-20,Referral,New
675,3814,Adam,Miranda,adam.miranda@sampsoninc.com,Chief Technology Officer,485.510.5495x353,2023-11-01,Web,Working
126,3996,Tracy,Williams,tracy.williams@schwartzplc.com,Colour technologist,7907909227,2025-04-03,Ad,New
7008,1038,Jennifer,Kelly,jennifer.kelly@leegroup.com,Insurance underwriter,491-530-0874,2025-07-07,Ad,Working
6245,1129,Michael,Brown,michael.brown@stephensonandsons.com,Youth worker,(326)396-8838,2025-01-06,Referral,New
4488,446,Phyllis,Martin,phyllis.martin@conley-griffith.com,Claims inspector/assessor,636-651-2152x435,2023-10-28,Referral,Qualified
1983,3343,Diana,Howard,diana.howard@smithllc.com,"Civil engineer, contracting",931-546-9806,2023-07-22,Ad,Unqualified
3088,1622,Kyle,Martin,kyle.martin@jones-galloway.com,Astronomer,+1-854-230-3674x55340,2025-01-31,Cold Call,New
4975,1356,William,Rodriguez,william.rodriguez@careyandsons.com,Regulatory affairs officer,001-760-762-8178x4412,2024-11-23,Web,Unqualified
2233,2534,Richard,Murphy,richard.murphy@smithruizandalvarez.com,Transport planner,+1-617-330-8263x117,2025-07-01,Referral,New
4608,927,Steven,Gibson,steven.gibson@valenciainc.com,Merchant navy officer,466-901-3104x2912,2023-07-30,Web,Working
145,2494,Rebecca,Brown,rebecca.brown@kentreedandbennett.com,Film/video editor,(970)327-6080,2024-08-26,Web,Qualified
1266,3118,Sally,Daugherty,sally.daugherty@caldwellplc.com,Educational psychologist,2189013828,2024-08-26,Cold Call,Working
4709,2484,Ashley,Patterson,ashley.patterson@kingcaldwellandirwin.com,Social worker,991.815.1966,2024-01-24,Ad,Working
4840,1087,Linda,Black,linda.black@lopezmurphyandrussell.com,Newspaper journalist,995.221.0881x813,2024-06-21,Web,New
2266,3735,Ryan,Jones,ryan.jones@reynoldscollinsandrodriguez.com,"Engineer, petroleum",+1-887-772-2276x129,2024-10-15,Cold Call,Unqualified
2898,2668,Joseph,Gillespie,joseph.gillespie@lopez-walker.com,Investment analyst,+1-910-862-0405,2025-05-20,Ad,New
3398,2672,Nathaniel,Tate,nathaniel.tate@hansenatkinsandhernandez.com,Actor,+1-363-237-6596x7235,2024-10-15,Cold Call,New
4128,3258,Joseph,Ford,joseph.ford@wardrichardsonandmyers.com,Orthoptist,518-834-7805x7961,2025-02-12,Web,Unqualified
2693,2742,Kimberly,Patterson,kimberly.patterson@watkinsllc.com,"Runner, broadcasting/film/video",382-856-7932,2025-03-28,Web,New
4187,3061,Brenda,May,brenda.may@andrewscantrellandburnett.com,Tax adviser,746.300.5702x17465,2025-06-10,Ad,Unqualified
2404,3155,Patrick,Johnson,patrick.johnson@wolfllc.com,"Social research officer, government",(357)498-1015,2025-07-11,Cold Call,Qualified
3574,3394,Roger,Collins,roger.collins@crossandsons.com,Operational researcher,(741)218-9592x56755,2024-11-12,Cold Call,Unqualified
597,798,Ashley,Young,ashley.young@johnson-fisher.com,Chief Financial Officer,831-651-6208,2024-03-12,Referral,New
847,1625,Troy,Martin,troy.martin@brownmartinezandhoward.com,"Research officer, trade union",+1-692-876-1251x90074,2024-10-20,Referral,Qualified
2343,3025,Mark,Lopez,mark.lopez@morrisinc.com,"Designer, ceramics/pottery",714-964-5653x57242,2024-11-18,Web,New
5461,3755,Robert,Vazquez,robert.vazquez@watersinc.com,Product/process development scientist,9412910644,2025-05-09,Ad,Unqualified
5579,3436,Matthew,Williams,matthew.williams@berry-perez.com,Race relations officer,001-347-748-8764x1935,2025-03-29,Cold Call,Unqualified
691,1945,Cynthia,Liu,cynthia.liu@wagnersilvaandhernandez.com,Magazine journalist,852.636.4521,2025-06-08,Ad,Unqualified
7276,1583,John,Henderson,john.henderson@phamltd.com,Special educational needs teacher,(412)230-4851,2024-11-23,Web,Qualified
905,2140,Paul,Morrow,paul.morrow@richards-anderson.com,Gaffer,001-278-664-0522x801,2025-07-02,Ad,Working
3425,3679,Michael,Rodriguez,michael.rodriguez@branch-owens.com,Accommodation manager,269-369-7907x61149,2025-04-05,Web,Qualified
1998,99,Gregory,Campbell,gregory.campbell@danielsllc.com,"Accountant, chartered public finance",755-529-2294x773,2025-02-20,Web,Unqualified
3091,2223,Steven,Wright,steven.wright@sanchezltd.com,Claims inspector/assessor,,2025-04-04,Ad,New
1671,1157,Megan,Brown,megan.brown@carpentercontrerasandmiller.com,Associate Professor,821.599.1983,2025-04-26,Ad,Working
7498,2161,Nicole,Clark,nicole.clark@bennettandsons.com,"Therapist, music",641-456-8836,2025-07-07,Cold Call,New
1489,1139,Monique,Mckinney,monique.mckinney@lopezplc.com,Wellsite geologist,639.853.1225x593,2024-02-26,Web,Unqualified
7791,1960,Jay,Gutierrez,jay.gutierrez@riveraandsons.com,Press sub,+1-477-453-0773x8185,2025-05-24,Cold Call,Working
5135,3696,David,Stewart,david.stewart@newtongroup.com,Commercial art gallery manager,456.991.4367x56969,2025-05-26,Cold Call,Qualified
7577,1079,Nicole,Hines,nicole.hines@grosssalinasandrodriguez.com,Professor Emeritus,739.221.8779,2025-01-22,Ad,Unqualified
1303,298,Michael,Clark,michael.clark@barker-gray.com,Clinical embryologist,+1-498-316-4427x261,2025-07-17,Referral,Qualified
4571,3774,Stephen,Bell,stephen.bell@brewergroup.com,Fisheries officer,(730)569-3685,2023-07-18,Web,Unqualified
2255,3550,Kimberly,Hanson,kimberly.hanson@lopez-dean.com,Social worker,924-983-2579x8271,2024-02-24,Web,Working
4622,3827,Ana,Thomas,ana.thomas@howardplc.com,Theatre stage manager,+1-516-632-2888,2025-03-18,Referral,Qualified
769,204,Brooke,Russell,brooke.russell@johnsonmedinaandbrown.com,Data scientist,001-653-224-3516x206,2024-07-10,Cold Call,Qualified
714,2079,Linda,Clay,linda.clay@traviswelchandsmith.com,Technical sales engineer,250-502-6501x3929,2025-05-03,Ad,New
501,2449,Kevin,Ho,kevin.ho@gibson-davila.com,"Geologist, engineering",,2023-05-03,Ad,New
2879,2,Margaret,Robinson,margaret.robinson@jones-andrews.com,Freight forwarder,001-734-664-8557x534,2025-07-02,Web,Unqualified
4320,12,Andrew,Strickland,andrew.strickland@youngwilsonandrivera.com,"Clinical scientist, histocompatibility and immunogenetics",604-536-9641x3321,2024-05-01,Cold Call,Working
981,1407,Steven,Williams,steven.williams@savagekingandhart.com,Clinical psychologist,001-426-305-3359x7091,2024-09-15,Web,Working
439,395,Daniel,Paul,daniel.paul@reedrobertsandwhite.com,"Psychologist, counselling",839.517.9018x0448,2025-02-25,Referral,Unqualified
2498,1017,Jennifer,Jones,jennifer.jones@cantrell-ray.com,"Journalist, magazine",667-262-0609x618,2025-04-21,Ad,Qualified
304,449,Marie,Gutierrez,marie.gutierrez@wrightparksandflores.com,"Engineer, broadcasting (operations)",6265604634,2025-03-19,Web,Working
2731,3334,Jennifer,Johnson,jennifer.johnson@reyescoxandwinters.com,Financial manager,369.729.0676,2024-05-14,Web,Unqualified
6090,1110,Jessica,Andersen,jessica.andersen@barnes-hill.com,Make,705-474-4299x84013,2025-04-25,Web,Working
4923,2546,William,Jennings,william.jennings@price-wood.com,"Runner, broadcasting/film/video",001-620-206-5698,2025-03-23,Cold Call,Qualified
7343,1541,Stephen,Johnson,stephen.johnson@richardsonhamiltonandpacheco.com,Private music teacher,(359)719-5323x63187,2024-10-04,Cold Call,Unqualified
1739,234,Patrick,Everett,patrick.everett@mckeeltd.com,Architect,2153736941,2025-06-29,Ad,Unqualified
2337,3983,Jessica,Mejia,jessica.mejia@gatesllc.com,Occupational therapist,001-445-723-7641x37676,2024-02-15,Cold Call,New
5728,435,Michael,Miller,michael.miller@garciabrownandkaiser.com,Health and safety inspector,(674)278-7376,2023-03-03,Cold Call,Unqualified
2332,297,Diane,Cardenas,diane.cardenas@millerphillipsandreilly.com,Housing manager/officer,746.505.6823x057,2024-03-11,Cold Call,Working
1479,1938,Christopher,Hoffman,christopher.hoffman@chase-brown.com,Health and safety adviser,(334)903-1275x4304,2025-05-16,Referral,Unqualified
5082,147,Angela,Villa,angela.villa@johnsongroup.com,Barrister,+1-794-636-1191x890,2025-06-07,Cold Call,Qualified
1008,2755,Timothy,Martin,timothy.martin@bowensimmonsandtaylor.com,Television floor manager,+1-364-352-0109x846,2025-06-06,Cold Call,Qualified
6663,2199,Katrina,Robinson,katrina.robinson@reyeschapmanandsilva.com,"Therapist, music",(772)328-6300,2024-10-03,Referral,Unqualified
6484,3145,Michael,Andrade,michael.andrade@brandtandersonandpennington.com,Barrister,+1-333-688-0558x757,2025-02-25,Ad,Qualified
1743,2113,Mark,Barr,mark.barr@kleinfloresandbryant.com,Estate agent,918.723.8643,2025-05-12,Ad,Qualified
2065,2679,Mark,Arellano,mark.arellano@trujilloltd.com,Social worker,4036989474,2025-06-01,Cold Call,Unqualified
6998,2560,Craig,Robinson,craig.robinson@garrettandsons.com,"Designer, fashion/clothing",439.716.8058x102,2024-05-25,Cold Call,Qualified
6770,869,Emily,White,emily.white@smithltd.com,IT trainer,338.866.0246x83356,2024-01-03,Web,Unqualified
6154,2963,Ashley,Watson,ashley.watson@stewartjohnsonandgonzalez.com,Clinical research associate,7516055861,2025-05-18,Web,Working
5944,440,Tyler,Holt,tyler.holt@andersonllc.com,Chief Executive Officer,001-682-866-6051,2024-08-26,Referral,Working
6159,1859,Heather,Fowler,heather.fowler@henrygroup.com,"Sound technician, broadcasting/film/video",323-399-1133,2025-03-01,Ad,Unqualified
7449,3749,Jamie,Brown,jamie.brown@crawfordtaylorandwoods.com,Scientific laboratory technician,5413491993,2024-07-24,Ad,New
5915,3477,Robert,Andrade,robert.andrade@hurstinc.com,Heritage manager,(840)375-1121x193,2024-11-18,Referral,Unqualified
4304,2342,Vincent,Bryant,vincent.bryant@lewisllc.com,Immigration officer,001-439-549-4773x247,2024-06-02,Web,Working
2268,2486,David,Jones,david.jones@bates-burke.com,Dance movement psychotherapist,001-696-683-1285x002,2025-06-10,Web,New
4534,1047,Ricardo,Wells,ricardo.wells@taylorinc.com,Astronomer,001-843-528-3991x801,2025-03-18,Ad,Qualified
43,2197,Renee,Blake,renee.blake@hendersondixonandhardin.com,"Psychologist, counselling",(271)928-3143,2025-01-01,Cold Call,Unqualified
5920,1211,Rebecca,Hanson,rebecca.hanson@robinsonmezaandvillegas.com,Drilling engineer,(315)669-7747x81055,2025-03-17,Ad,Qualified
2117,1711,Nicole,Crawford,nicole.crawford@mcmahonroblesanddixon.com,Special effects artist,742.877.2651x768,2023-11-26,Referral,Working
5134,3696,Heather,Boyd,heather.boyd@newtongroup.com,Medical technical officer,440.414.7374x633,2025-05-28,Ad,New
2503,1015,David,Jones,david.jones@thorntonandsons.com,Petroleum engineer,226-963-8548,2025-04-21,Referral,Unqualified
8066,2010,Gregory,Bowen,gregory.bowen@cain-adams.com,"Doctor, hospital",349.456.1174,2022-12-21,Referral,New
911,200,Christian,Fisher,christian.fisher@watsonllc.com,"Teacher, early years/pre",798-255-4396x855,2025-04-30,Ad,New
1066,2340,David,Valentine,david.valentine@gonzalezcordovaandarroyo.com,"Engineer, agricultural",504-412-6416x0858,2025-01-17,Cold Call,Unqualified
2021,2240,Brian,Rodriguez,brian.rodriguez@krausejohnstonandknight.com,Teaching laboratory technician,001-463-353-4710x23482,2025-05-01,Cold Call,New
2723,1606,Carol,Ball,carol.ball@brooks-hester.com,Transport planner,(380)204-2212x02168,2025-02-01,Ad,New
2849,2592,Andrew,Butler,andrew.butler@baker-young.com,"Psychologist, counselling",4498399433,2025-06-26,Web,Unqualified
376,1741,Chad,Stone,chad.stone@kleinandersonandmoreno.com,Energy engineer,001-921-751-2335,2025-02-07,Ad,Qualified
2139,914,Michael,Ramirez,michael.ramirez@thomasgarciaandcrosby.com,"Engineer, agricultural",(459)730-4783x0491,2025-06-24,Ad,Working
1318,1748,Peter,Johnson,peter.johnson@hinesltd.com,Corporate treasurer,001-238-205-3090x34578,2025-01-28,Ad,Unqualified
871,1447,Tina,Lyons,tina.lyons@banks-lewis.com,Town planner,+1-877-498-7813x19283,2022-11-06,Ad,Working
6409,922,Jonathan,Sullivan,jonathan.sullivan@jonesvincentandlara.com,Conference centre manager,3822767611,2024-08-21,Ad,Working
5345,3669,Kevin,West,kevin.west@allenllc.com,"Clinical scientist, histocompatibility and immunogenetics",209-851-8764x6254,2025-04-16,Cold Call,Qualified
1100,2469,Miranda,Dunn,miranda.dunn@davila-gonzales.com,"Administrator, charities/voluntary organisations",7608301063,2023-03-26,Referral,Qualified
7147,2172,Julie,Green,julie.green@snyder-morris.com,Paramedic,+1-233-584-7385x767,2022-10-10,Referral,Working
2476,3592,Michael,Hanson,michael.hanson@lewis-wright.com,"Teacher, music",+1-991-325-9206x561,2024-03-28,Web,Qualified
6526,2029,Daniel,Smith,daniel.smith@harrisvargasandchristian.com,Hydrologist,001-667-537-8743,2025-02-05,Referral,New
5097,1217,Stephanie,Harris,stephanie.harris@peterson-hunt.com,Chartered certified accountant,586-252-5269,2024-11-03,Web,Unqualified
5240,2468,Lisa,Reynolds,lisa.reynolds@millsorrandturner.com,"Physicist, medical",+1-428-210-4197x1089,2025-01-19,Referral,New
4250,2107,Latoya,Shelton,latoya.shelton@escobargroup.com,"Engineer, materials",(272)568-4022x996,2023-12-24,Ad,Qualified
3611,1076,Melissa,Daniels,melissa.daniels@valdezandsons.com,"Journalist, broadcasting",+1-247-270-9694x60299,2024-12-07,Cold Call,New
5486,2528,Jessica,Evans,jessica.evans@fisherjohnsonandsmith.com,Print production planner,(687)350-3605x171,2024-11-08,Referral,Qualified
6457,2694,Danny,Ramirez,danny.ramirez@mitchellthomasandharris.com,"Physicist, medical",+1-456-363-0580x084,2025-05-22,Cold Call,Working
3836,3427,Lisa,Young,lisa.young@vaughnandsons.com,Ship broker,+1-259-487-4695x995,2025-06-08,Web,Working
6201,591,Jennifer,Williams,jennifer.williams@yorkandsons.com,Community pharmacist,821-234-6224x7073,2024-08-23,Ad,New
6320,2852,Thomas,Velasquez,thomas.velasquez@castro-holmes.com,Health visitor,(941)619-4416x4704,2025-04-23,Ad,Unqualified
6676,1421,Heather,Farley,heather.farley@kelleyalvarezandmoran.com,Publishing rights manager,264.485.6605,2024-04-04,Ad,Qualified
3274,2063,Christopher,Bennett,christopher.bennett@lee-quinn.com,Merchant navy officer,001-945-928-3732x056,2025-06-28,Cold Call,New
1150,1390,Heather,Morris,heather.morris@englishgroup.com,"Editor, magazine features",9302240045,2025-06-25,Web,Qualified
1531,2209,Brian,Turner,brian.turner@kingllc.com,Astronomer,248.210.2935x36108,2024-09-12,Web,Working
6444,1891,Joseph,Booker,joseph.booker@parkerbeltrananddavis.com,Chief Technology Officer,(442)820-8940x35500,2025-04-18,Ad,Unqualified
1480,1938,Jeanne,Contreras,jeanne.contreras@chase-brown.com,Cabin crew,001-285-401-8085x063,2025-02-07,Cold Call,New
6490,2810,Samantha,Smith,samantha.smith@gibsonltd.com,Ophthalmologist,201-642-3488x6706,2024-09-10,Web,Working
6587,492,Jimmy,Carson,jimmy.carson@hartmanandsons.com,Volunteer coordinator,732.561.0067x1019,2025-06-16,Ad,Unqualified
2020,571,Michael,Carlson,michael.carlson@gordonrichardsonandmorales.com,Archivist,+1-319-636-6768,2024-12-29,Web,New
6078,898,Christopher,Wilkins,christopher.wilkins@howebarnesandlutz.com,Dietitian,974-329-6675x5022,2025-01-02,Web,Working
7120,3460,Michael,Johnson,michael.johnson@everettandsons.com,Higher education lecturer,,2024-09-11,Ad,Unqualified
2359,1673,Daniel,Munoz,daniel.munoz@nelsonltd.com,Press photographer,348-678-7173,2025-01-27,Referral,Qualified
3811,1816,Amanda,Andrews,amanda.andrews@wileyolsonandholloway.com,Private music teacher,237-719-9917x734,2025-06-09,Ad,New
6635,2699,Ashley,Bauer,ashley.bauer@vargasperezandelliott.com,"Biochemist, clinical",+1-544-904-1894x33312,2024-02-04,Cold Call,Working
6282,3672,Diana,Brown,diana.brown@garcia-schmidt.com,"Administrator, charities/voluntary organisations",(760)381-6585x98139,2024-09-09,Referral,Unqualified
417,1462,Martin,Hobbs,martin.hobbs@newtoncoleandbowers.com,Accounting technician,724-632-1122,2025-04-04,Ad,New
7921,969,Amy,Alvarez,amy.alvarez@taylorleeandbrown.com,Cytogeneticist,(716)901-8623x74189,2023-11-26,Web,Qualified
987,3913,Anthony,Alexander,anthony.alexander@smithplc.com,Further education lecturer,(975)329-3888,2024-02-05,Ad,Working
6291,3894,Zachary,Clark,zachary.clark@thompsonhowellandwaters.com,Financial risk analyst,+1-203-391-7368x64427,2025-06-10,Web,Unqualified
7363,2139,Juan,Li,juan.li@johnsonplc.com,Pathologist,+1-681-372-5945,2025-04-08,Cold Call,New
7141,224,Seth,Griffith,seth.griffith@allen-edwards.com,"Journalist, broadcasting",(840)266-8778x4616,2023-07-15,Web,Unqualified
2029,716,Daniel,Lamb,daniel.lamb@cooperbaueranddaniels.com,"Scientist, audiological",+1-609-995-3950x971,2025-05-29,Ad,Qualified
4763,1250,Danny,Avila,danny.avila@brownperezandowen.com,Education administrator,001-890-738-0075x0968,2024-11-26,Web,Working
5668,599,Sylvia,Mcintyre,sylvia.mcintyre@bartlett-ramirez.com,Minerals surveyor,8893706416,2023-12-06,Referral,Unqualified
1912,2144,Ricardo,Davis,ricardo.davis@lloyd-knapp.com,Field trials officer,+1-540-721-6117x597,2023-12-16,Ad,Working
918,3087,Jennifer,Barnes,jennifer.barnes@bakerllc.com,"Engineer, communications",,2025-03-01,Cold Call,New
7228,2103,Angela,Lowe,angela.lowe@lester-robertson.com,Immigration officer,+1-296-726-5331x98951,2024-08-24,Ad,Qualified
1136,2784,Maria,Parker,maria.parker@gordon-leach.com,Chief Executive Officer,843.207.2043x74127,2025-03-13,Referral,Qualified
3883,3778,Gary,Gardner,gary.gardner@weberlindseyandbennett.com,Insurance underwriter,001-834-968-8992x654,2023-09-06,Ad,New
4321,12,Lynn,Gutierrez,lynn.gutierrez@youngwilsonandrivera.com,Academic librarian,+1-204-410-8890x5930,2024-05-12,Ad,New
3768,958,Daniel,Alexander,daniel.alexander@white-rice.com,Product designer,740.459.6285x9739,2024-12-26,Ad,Unqualified
7947,3424,Sarah,Black,sarah.black@watsongreenandphillips.com,Actor,(453)540-7310x695,2024-08-13,Web,Qualified
4454,1704,Carla,Greer,carla.greer@gallagherarmstrongandmatthews.com,Hydrographic surveyor,+1-208-217-6172x4720,2023-06-27,Cold Call,Working
3093,800,Andrew,Carter,andrew.carter@powersllc.com,Camera operator,,2024-02-29,Web,New
575,1046,Beth,Miller,beth.miller@massey-campbell.com,Medical physicist,840-907-9078,2024-05-28,Referral,Unqualified
659,2573,Shannon,Reyes,shannon.reyes@jacksondominguezandpacheco.com,"Surveyor, commercial/residential",533-813-1309,2025-05-17,Referral,Working
4260,518,William,Lewis,william.lewis@romero-mcconnell.com,"Therapist, occupational",(281)585-3187x3071,2025-04-02,Ad,Unqualified
80,491,Dennis,Walsh,dennis.walsh@millerllc.com,Dealer,001-501-341-9256,2025-04-10,Cold Call,New
4736,718,Brandi,Baker,brandi.baker@warrenfrancisandhardy.com,Tour manager,620-704-3889x23610,2025-01-17,Web,New
864,2001,Kimberly,Myers,kimberly.myers@yuandsons.com,"Solicitor, Scotland",742.220.2828x903,2025-06-19,Cold Call,Qualified
642,1927,Manuel,Palmer,manuel.palmer@douglas-ford.com,"Programmer, applications",595-563-2404,2024-04-18,Cold Call,Qualified
6423,812,Megan,Harmon,megan.harmon@gregory-young.com,Associate Professor,486.823.4092,2024-03-21,Web,Working
6780,2765,Jennifer,Cobb,jennifer.cobb@thompsonltd.com,Charity fundraiser,895-649-3579x972,2025-07-18,Web,Unqualified
61,1569,Samuel,Butler,samuel.butler@mossllc.com,Chemical engineer,001-425-608-6882x0730,2025-06-25,Cold Call,Unqualified
6195,3346,Hannah,Welch,hannah.welch@barrysteeleandfitzgerald.com,"Nurse, children's",879.649.5185x342,2024-09-12,Cold Call,Unqualified
495,3143,Joseph,Zhang,joseph.zhang@welchweaverandgeorge.com,"Surveyor, mining",+1-359-704-3271x2127,2024-07-16,Cold Call,New
3575,3394,Caleb,Martin,caleb.martin@crossandsons.com,Pharmacologist,(236)826-4826,2025-04-22,Web,Working
4826,1488,Michael,Mann,michael.mann@lutzhunterandcross.com,"Surveyor, rural practice",278-578-3377,2023-07-20,Referral,Unqualified
7630,2523,Paula,Hobbs,paula.hobbs@white-davis.com,Acupuncturist,243.579.3257x0932,2025-03-01,Cold Call,Unqualified
1174,2824,Walter,Silva,walter.silva@lopez-johnson.com,"Education officer, community",470-458-1505,2025-03-04,Ad,New
1315,45,Danielle,Romero,danielle.romero@arroyobryantandbutler.com,Chief Operating Officer,200.441.0770,2024-07-15,Ad,Unqualified
257,1590,Michelle,Ward,michelle.ward@foleyclarkeandmorgan.com,Mining engineer,+1-614-721-8620x9962,2023-03-24,Ad,Qualified
5513,884,Lawrence,Woods,lawrence.woods@hernandezleonandsparks.com,Conference centre manager,596-577-1774x161,2024-11-24,Referral,Qualified
1423,2780,Kendra,Davis,kendra.davis@duncan-gonzalez.com,"Psychologist, counselling",(464)415-9364x9591,2025-06-28,Web,Qualified
2101,2265,Stephanie,Carr,stephanie.carr@martinez-myers.com,Radiation protection practitioner,001-918-716-4376,2025-04-04,Referral,New
4649,192,Charles,Fields,charles.fields@white-delacruz.com,Housing manager/officer,(700)477-8937,2024-09-23,Web,New
2767,2444,James,Sosa,james.sosa@parkerandersonandrichards.com,Broadcast journalist,+1-759-947-0077x554,2025-06-20,Web,Unqualified
2202,748,Tracy,Carlson,tracy.carlson@rasmussennguyenandjohnson.com,"Designer, multimedia",488-442-6476x20859,2025-03-11,Ad,Working
196,1231,Christina,Hanna,christina.hanna@smithgriffinandwilson.com,Civil Service administrator,844-613-3698x118,2024-10-07,Referral,New
6591,2289,Angela,Hayden,angela.hayden@clarke-carter.com,Marketing executive,438.483.9516,2025-07-10,Cold Call,New
7588,1850,Alyssa,Gordon,alyssa.gordon@long-evans.com,Podiatrist,585-519-8575,2025-03-11,Referral,New
438,2035,Ashley,Wright,ashley.wright@kochandsons.com,Waste management officer,723-921-9555x0217,2025-02-17,Referral,Qualified
4731,2116,Jason,Diaz,jason.diaz@walterswestandhernandez.com,Race relations officer,(533)443-0914x6142,2025-05-31,Referral,New
3856,2224,Shannon,Golden,shannon.golden@garciallc.com,Commercial art gallery manager,,2025-05-01,Web,Working
6573,2948,Belinda,Lang,belinda.lang@snyderinc.com,IT technical support officer,775.643.1954x6163,2024-12-26,Referral,Working
3493,1486,Holly,Mora,holly.mora@delacruzsantosandgarza.com,"Optician, dispensing",891-833-2860,2025-07-07,Ad,Unqualified
6661,2071,Jessica,Ross,jessica.ross@guzmanaguirreandlong.com,Writer,935.487.2256,2024-03-02,Ad,New
3750,2237,Andrew,Mercado,andrew.mercado@mackinc.com,"Teacher, special educational needs",483.208.9630x7902,2025-02-14,Web,New
7441,3921,Mary,Ortiz,mary.ortiz@kanebensonandchavez.com,Historic buildings inspector/conservation officer,693.966.8556x914,2024-10-20,Web,Qualified
6706,3312,Alyssa,Chan,alyssa.chan@taylorgroup.com,"Scientist, audiological",001-853-713-2809x6008,2025-05-09,Cold Call,New
4749,939,Jose,Thornton,jose.thornton@burns-wilson.com,Geophysicist/field seismologist,918-603-5041x8122,2025-03-21,Referral,Working
543,3463,Cathy,Powell,cathy.powell@yang-wilson.com,Museum/gallery conservator,(957)504-6676,2023-04-05,Referral,New
7915,3715,Jamie,Chapman,jamie.chapman@taylorjonesandperez.com,Field seismologist,4645930972,2025-01-23,Cold Call,Qualified
7878,1683,Rachel,Clark,rachel.clark@dominguez-villanueva.com,Risk analyst,9393041936,2025-04-22,Ad,New
7026,2060,Scott,Gilbert,scott.gilbert@browngroup.com,Tourist information centre manager,328.554.2820x603,2023-08-24,Cold Call,Unqualified
1652,1506,David,Cohen,david.cohen@maxwellmeyersandthompson.com,Drilling engineer,692-366-4492x92067,2024-07-10,Ad,Unqualified
1349,855,Cameron,Thompson,cameron.thompson@rushinc.com,"Psychologist, clinical",+1-374-960-6370x54458,2024-08-18,Referral,Qualified
2394,3967,Gregory,Foster,gregory.foster@davis-burton.com,Clinical biochemist,773.677.5462x028,2024-08-22,Cold Call,Qualified
6016,3077,Derek,Smith,derek.smith@huynhandsons.com,"Conservator, museum/gallery",381-773-6118,2025-04-03,Ad,New
740,3821,Timothy,Burton,timothy.burton@davisandsons.com,"Editor, magazine features",921.978.9524x07816,2025-02-21,Cold Call,New
3431,2474,Raymond,Johnson,raymond.johnson@chandler-stephens.com,Patent attorney,+1-914-382-0196x692,2024-04-11,Ad,Working
3190,830,Eric,Mason,eric.mason@kinggrayandgomez.com,Historic buildings inspector/conservation officer,411-701-3802x8319,2023-11-19,Referral,Unqualified
7009,1038,James,Gonzalez,james.gonzalez@leegroup.com,Hotel manager,2108482666,2024-05-19,Cold Call,Unqualified
7763,1497,Morgan,Farrell,morgan.farrell@penaplc.com,Bookseller,,2025-04-10,Referral,Qualified
3426,3679,Emily,Parker,emily.parker@branch-owens.com,Dancer,217-842-2644,2025-06-13,Web,Working
5724,877,Edward,Douglas,edward.douglas@russell-mueller.com,"Engineer, chemical",734.944.1994,2024-08-09,Referral,Working
3569,1517,Tonya,Hanson,tonya.hanson@morganinc.com,Patent examiner,+1-943-754-3379x519,2024-10-17,Cold Call,New
2761,445,Justin,Wood,justin.wood@lambertgroup.com,"Restaurant manager, fast food",964.820.3823,2023-06-20,Ad,Working
4386,1391,Dennis,Jordan,dennis.jordan@dawson-wagner.com,"Accountant, chartered public finance",691-621-9377,2024-09-12,Referral,Working
6131,3615,Mark,Chung,mark.chung@wilsonbestandzuniga.com,Theatre director,368.541.2045x761,2024-09-20,Referral,New
6354,671,Karen,Baker,karen.baker@terrythompsonandcampos.com,"Sales professional, IT",452-718-7819x67950,2024-09-24,Ad,New
1210,1838,Samantha,Peters,samantha.peters@smith-adkins.com,Medical physicist,001-326-584-5795x82565,2025-05-18,Cold Call,Qualified
6966,85,Rachel,Mccullough,rachel.mccullough@jacobson-flores.com,Health and safety adviser,+1-633-955-3721x28065,2024-10-20,Web,New
4890,2944,Andrea,Middleton,andrea.middleton@campbellobrienandcardenas.com,"Scientist, biomedical",829.334.8270x1791,2024-11-27,Cold Call,Qualified
2891,3705,Benjamin,Taylor,benjamin.taylor@ayala-edwards.com,"Production assistant, radio",442.567.3772x65663,2024-10-14,Web,Unqualified
7995,2532,Anna,Alexander,anna.alexander@krueger-brown.com,Chief Financial Officer,001-276-249-3284,2025-01-15,Cold Call,New
3003,3876,Christina,Jones,christina.jones@rodriguezriceandjohnson.com,Metallurgist,(672)574-6134x764,2025-06-21,Web,Unqualified
3121,2812,Susan,West,susan.west@holmesmcneilandboyer.com,Radiation protection practitioner,(223)451-7740x529,2025-07-12,Cold Call,Qualified
7395,2813,Michael,Barrera,michael.barrera@larsondoyleandjones.com,"Psychologist, forensic",001-501-599-3015x6500,2025-07-02,Cold Call,Unqualified
4835,3272,Todd,Harmon,todd.harmon@tuckeryoungandsparks.com,Electrical engineer,(312)584-4993,2025-05-20,Ad,Qualified
4004,3700,Marcus,Thomas,marcus.thomas@pena-west.com,Fisheries officer,475-655-3111x8800,2025-05-14,Cold Call,Unqualified
785,3634,Stacey,Quinn,stacey.quinn@wellsnealandhuff.com,Learning mentor,+1-686-451-5810x03901,2025-04-06,Web,Unqualified
5870,3237,Lydia,Arnold,lydia.arnold@johnson-bauer.com,"Programmer, applications",(870)473-7130x226,2025-05-24,Ad,Unqualified
889,1244,Mike,Shaffer,mike.shaffer@conradplc.com,"Psychologist, sport and exercise",840.242.4577x349,2025-05-23,Cold Call,New
198,3431,Ricardo,Webb,ricardo.webb@loweplc.com,"Engineer, structural",001-820-925-2882x21996,2025-07-17,Web,Working
5676,3295,Megan,Ortiz,megan.ortiz@kingplc.com,Adult guidance worker,+1-263-383-6432x092,2025-04-22,Referral,Working
5519,3570,Daniel,Harris,daniel.harris@clarkinc.com,Industrial buyer,576.749.8358x048,2025-06-06,Ad,Unqualified
2776,2526,Geoffrey,Meza,geoffrey.meza@hodgesllc.com,"Psychologist, counselling",+1-449-717-8153x0696,2024-09-09,Cold Call,Unqualified
7331,887,Tiffany,Waller,tiffany.waller@blackwellinc.com,Technical sales engineer,001-685-515-5060x8309,2025-04-14,Referral,Working
1173,1155,Anthony,Robles,anthony.robles@smithbrownandhall.com,"Sales professional, IT",+1-563-605-5303,2024-04-05,Web,Working
207,432,Betty,Mitchell,betty.mitchell@kleinhardyandevans.com,Prison officer,5536095114,2024-08-05,Cold Call,Qualified
3623,1073,Mark,Bartlett,mark.bartlett@wheeler-king.com,Personnel officer,279.569.6716,2023-12-16,Cold Call,Unqualified
355,588,Peter,Hayes,peter.hayes@coleman-fuentes.com,International aid/development worker,573.318.4701,2025-06-03,Cold Call,Unqualified
5389,1643,James,Hayes,james.hayes@pierceplc.com,"Development worker, international aid",001-700-995-6503,2025-03-24,Ad,Unqualified
5312,2476,Steven,Santos,steven.santos@brown-simmons.com,Ecologist,3863567432,2024-03-10,Ad,Unqualified
7708,2634,Paul,Robinson,paul.robinson@chambersltd.com,Arts administrator,(597)591-7792x881,2025-02-15,Web,Unqualified
1700,3506,Joshua,Bowman,joshua.bowman@baileyjonesanddavis.com,Legal secretary,+1-908-882-0252x332,2025-01-18,Referral,Working
84,900,Daniel,Ingram,daniel.ingram@millerleonandclark.com,Government social research officer,234.711.8094x3893,2025-04-12,Ad,Working
3322,1903,Justin,Mcpherson,justin.mcpherson@hansenllc.com,Location manager,+1-670-673-4889x396,2025-01-28,Web,Qualified
2905,3022,Keith,Reed,keith.reed@vargascarrollandhays.com,Radio broadcast assistant,605-616-9772,2025-06-15,Cold Call,New
1675,1675,Kevin,Patel,kevin.patel@smith-ware.com,Museum/gallery curator,001-945-633-8161x319,2025-04-22,Cold Call,Unqualified
7096,883,Christopher,Ramirez,christopher.ramirez@burke-singh.com,"Chemist, analytical",001-818-444-0996x92522,2023-08-11,Web,New
5492,1000,Amy,Silva,amy.silva@morgansalazarandmcdonald.com,Market researcher,+1-385-355-8342x0169,2024-08-26,Referral,Working
2626,2024,Mark,Wilson,mark.wilson@millerplc.com,Counsellor,599.509.1103,2024-12-13,Referral,New
4529,2207,Emily,Lewis,emily.lewis@haleplc.com,Customer service manager,001-843-743-1098x564,2025-03-14,Referral,Working
4905,3945,Keith,Melendez,keith.melendez@jameswillisandmedina.com,"Psychologist, counselling",(993)669-3938x651,2025-05-19,Web,Working
6174,2279,Karen,Reeves,karen.reeves@smith-pineda.com,Site engineer,312.639.3077x1135,2024-06-29,Referral,New
1460,3274,Matthew,Bell,matthew.bell@huntbennettandmosley.com,Television/film/video producer,491-655-0366x9795,2025-04-24,Web,New
7593,1134,Lisa,Cole,lisa.cole@phillips-nguyen.com,"Teacher, early years/pre",(446)440-7999x854,2023-07-03,Ad,Unqualified
5467,1652,Kimberly,Stephens,kimberly.stephens@armstrongsmithandtaylor.com,Facilities manager,(950)831-4272,2024-03-15,Referral,New
2222,1496,Laura,Castro,laura.castro@bakercruzandbowman.com,Printmaker,933.440.6399x754,2025-05-30,Cold Call,Qualified
5959,2508,Tamara,Johnson,tamara.johnson@coxltd.com,Academic librarian,613.658.2027,2025-04-17,Referral,Qualified
2157,3158,Regina,Robinson,regina.robinson@tuckerinc.com,Public relations account executive,+1-364-883-2617x88516,2025-06-26,Ad,New
6015,2097,Tracy,Blackwell,tracy.blackwell@trujilloandersonandgolden.com,Arboriculturist,001-710-213-0473x0895,2025-06-23,Web,Qualified
5625,2214,Troy,Dalton,troy.dalton@parker-gonzales.com,Metallurgist,(838)829-4090x14026,2024-10-08,Referral,New
7459,3898,Kathryn,Phillips,kathryn.phillips@whitesmithandglover.com,Science writer,(369)346-7655,2024-04-14,Ad,New
5865,2783,Fred,Wallace,fred.wallace@graham-fleming.com,Dispensing optician,207-575-5185x20239,2024-12-18,Cold Call,Working
3348,3201,Jessica,Oliver,jessica.oliver@wallaceltd.com,Art therapist,326.646.4168,2025-05-20,Cold Call,New
3045,3270,David,Richard,david.richard@foxmillerandsmith.com,Chiropodist,998.859.3138x201,2024-07-08,Referral,Unqualified
5228,1856,Rose,Harrington,rose.harrington@careyplc.com,Geoscientist,001-389-960-0896x228,2024-07-06,Cold Call,New
4857,3729,Diana,Yates,diana.yates@carrinc.com,Facilities manager,(580)808-8904,2025-02-17,Referral,Unqualified
3405,3452,Tina,Garcia,tina.garcia@ryan-rubio.com,Optometrist,001-461-759-8527x02203,2023-12-22,Ad,Unqualified
2037,280,Alyssa,Mcintyre,alyssa.mcintyre@byrd-baird.com,"Nurse, learning disability",223-502-3408x43414,2024-09-19,Referral,Qualified
7982,2781,Melissa,Dodson,melissa.dodson@maddenleachandware.com,Risk analyst,001-761-776-7877,2025-02-25,Ad,Working
7944,1556,Michelle,Jackson,michelle.jackson@matthewshughesandfletcher.com,Engineering geologist,(488)372-9630x5078,2024-03-23,Ad,New
5174,875,Michael,Taylor,michael.taylor@parkerltd.com,Print production planner,+1-303-620-2099x8232,2025-05-27,Web,Working
1134,3426,Meghan,Walters,meghan.walters@smithsanchezandadkins.com,Air broker,(587)966-9196x256,2025-06-06,Cold Call,New
534,743,Theresa,Palmer,theresa.palmer@smithandsons.com,Airline pilot,(431)242-3715,2025-02-26,Ad,New
5165,1098,Steven,Anderson,steven.anderson@sanfordpatrickandchavez.com,Exercise physiologist,001-608-542-2530x7125,2025-06-12,Referral,Qualified
5604,1587,Brittany,Gomez,brittany.gomez@todd-weber.com,"Designer, graphic",217-850-3513,2024-03-26,Web,New
3964,2524,Theresa,Green,theresa.green@thomasplc.com,"Administrator, charities/voluntary organisations",+1-364-768-7416x73482,2024-01-07,Web,Qualified
7852,2473,Michael,Velez,michael.velez@brownllc.com,"Pharmacist, community",983.731.8124,2025-01-24,Cold Call,Unqualified
6854,2652,Eric,Gibson,eric.gibson@butler-wolf.com,International aid/development worker,291.616.6617x630,2025-02-25,Web,New
3766,3732,William,Chapman,william.chapman@stricklandllc.com,Lawyer,(576)704-4400,2025-03-08,Web,Qualified
6202,591,Donna,Villanueva,donna.villanueva@yorkandsons.com,"Surveyor, quantity",001-914-826-2869,2025-06-28,Referral,Qualified
301,2446,Joel,Caldwell,joel.caldwell@richardsonandersonandharris.com,Aid worker,538-321-2682x91454,2024-04-07,Ad,Working
3940,2193,Johnathan,Watson,johnathan.watson@mckenzieandersonandbrooks.com,Museum/gallery curator,493-374-7623,2025-07-05,Ad,Working
3364,105,Todd,Hernandez,todd.hernandez@palmerjimenezandpreston.com,"Engineer, maintenance (IT)",(524)774-4278x89236,2025-04-17,Web,Unqualified
4327,303,Casey,Solomon,casey.solomon@castro-norman.com,Rural practice surveyor,6025184754,2025-07-17,Ad,Unqualified
3643,803,Stacie,Gutierrez,stacie.gutierrez@stokes-clark.com,Recruitment consultant,(410)807-8208x8472,2023-05-29,Ad,Qualified
784,3634,Laura,Martin,laura.martin@wellsnealandhuff.com,Airline pilot,(498)870-7953x63195,2025-02-12,Ad,New
4590,888,Cole,Mata,cole.mata@braun-adams.com,"Scientist, research (life sciences)",+1-898-902-9184x882,2024-09-14,Cold Call,Unqualified
926,1416,Kevin,Noble,kevin.noble@bautistajohnstonandhuber.com,"Engineer, biomedical",731.595.9212x430,2024-12-15,Web,Qualified
2727,1572,Melissa,Anderson,melissa.anderson@burke-heath.com,Health and safety adviser,(390)436-4144x47128,2024-04-12,Referral,New
7801,2391,Tanya,Levine,tanya.levine@butlerlinandramsey.com,Advertising copywriter,(445)747-9364,2024-02-26,Ad,Working
5479,2003,Sarah,Curry,sarah.curry@bowmanltd.com,Ship broker,296.729.4930,2023-12-11,Referral,Unqualified
7357,992,Justin,Clay,justin.clay@brooksmitchellandgregory.com,Veterinary surgeon,3953896100,2025-06-09,Ad,Working
4546,3573,Robin,Young,robin.young@wilsoninc.com,Chartered management accountant,001-628-368-1708x18162,2023-07-16,Ad,Qualified
3685,3631,Joseph,Atkins,joseph.atkins@wattscantrellandfarmer.com,Furniture designer,,2025-05-05,Web,New
5714,550,Lauren,Harris,lauren.harris@owenltd.com,"Scientist, research (physical sciences)",+1-486-996-1251x39187,2025-05-26,Referral,Working
930,3305,Billy,Hogan,billy.hogan@stonegroup.com,Air broker,001-542-677-2226x8559,2022-10-23,Referral,Qualified
4291,3318,Cheryl,White,cheryl.white@young-burke.com,Printmaker,(783)868-4018,2025-06-27,Web,Working
5743,2778,Manuel,Lynch,manuel.lynch@thomaslozanoandpearson.com,"Geologist, engineering",+1-802-559-1357x6749,2024-07-25,Web,New
6599,2543,Melissa,Roman,melissa.roman@burtonltd.com,Chemical engineer,529-400-3578x7268,2025-03-05,Web,Qualified
2413,3115,Joel,Richardson,joel.richardson@navarro-johnson.com,"Scientist, water quality",202-758-8788x5927,2025-07-18,Cold Call,New
1722,912,Johnny,Chapman,johnny.chapman@lawsonandsons.com,Building control surveyor,001-873-620-7821x32195,2025-07-18,Referral,New
7966,3953,Mary,Taylor,mary.taylor@torresgroup.com,"Engineer, biomedical",981.758.8006x573,2025-01-24,Web,Qualified
1779,1061,Brian,Skinner,brian.skinner@fulleralexanderandgray.com,Forensic scientist,686-318-3423x8356,2024-12-11,Web,Working
7694,2114,Shirley,Huff,shirley.huff@sanchez-thompson.com,Building surveyor,(220)478-1015x65116,2025-05-24,Web,Qualified
1506,2850,Lisa,Clark,lisa.clark@wangsmithandharris.com,Adult nurse,802.826.7942x08010,2025-03-04,Referral,Unqualified
6640,770,Jennifer,Moses,jennifer.moses@malone-wallace.com,"Secretary, company",(376)837-9883x6538,2025-07-08,Referral,Qualified
3018,453,Gregg,Macias,gregg.macias@dunninc.com,"Engineer, manufacturing systems",5567907790,2025-04-30,Referral,New
6109,2865,Michael,Delgado,michael.delgado@wrightfrancoandgarcia.com,Systems analyst,,2025-05-08,Web,Unqualified
1689,1317,Mariah,Zuniga,mariah.zuniga@lewis-mullins.com,"Engineer, maintenance (IT)",+1-248-249-8785x20809,2024-04-18,Web,New
