nps_id,customer_id,date,score,notes,survey_channel
1,38,2023-02-11,8.2,Arrive understand education.,email
2,952,2023-02-14,5.2,Fear strategy clear interesting more easy like.,email
3,1850,2023-02-06,6.4,Class best wife into.,email
4,1920,2023-02-03,4.5,Certainly begin green dark six international give.,in_app
5,1103,2023-02-03,10.0,Environment matter draw bed pick share level.,email
6,1922,2023-01-01,4.6,Serve energy live former point.,email
7,1752,2023-01-23,7.8,Team idea high main.,in_app
8,1169,2023-03-14,8.4,Simple girl stand ok.,in_app
9,1464,2023-01-27,5.6,Return father from audience economy region.,email
10,421,2023-03-11,5.1,Ball sometimes operation decide sometimes.,email
11,1078,2023-03-08,5.2,Partner leave their.,email
12,981,2023-03-21,5.3,Woman check mission him consider information true.,email
13,1316,2023-01-10,8.6,Believe history eat I position lot thank.,in_app
14,691,2023-01-09,10.0,Law manager price what.,email
15,759,2023-03-04,6.2,Around blue history happy note.,email
16,1400,2023-01-28,4.0,Short able place stuff could economy.,email
17,1549,2023-02-09,7.3,Station writer idea state who law outside.,email
18,1845,2023-02-14,5.4,Story camera rich answer save amount executive.,email
19,1038,2023-03-13,6.1,Old case beyond effect amount rise gun begin.,email
20,1372,2023-02-20,9.1,Only physical throughout strong hospital month.,in_app
21,241,2023-01-27,7.7,Direction clearly hit my grow attack.,email
22,1029,2023-01-24,5.4,Imagine listen west old bit eye.,email
23,424,2023-03-11,7.7,Claim drop much lay respond between wish.,email
24,312,2023-02-18,4.2,Lead individual involve prove so become.,email
25,123,2023-03-26,5.3,Minute box answer.,email
26,1792,2023-01-02,6.9,Usually hope number store town themselves pretty source.,email
27,1468,2023-02-04,9.5,Difference clearly bad issue.,email
28,1707,2023-01-19,4.9,Notice action imagine adult less scene.,email
29,257,2023-01-10,7.5,All popular religious.,email
30,1760,2023-03-18,7.5,Cultural foreign per.,email
31,1046,2023-01-23,7.1,Wife watch article note like.,email
32,1561,2023-01-27,4.5,Identify first trial fear region.,email
33,919,2023-03-28,6.8,Offer official teach generation under relate produce.,email
34,448,2023-01-29,7.3,Region college too decide too.,email
35,229,2023-03-13,4.3,Poor exactly piece recently idea improve young.,email
36,322,2023-02-05,6.6,Case either staff stock line wear eye.,email
37,888,2023-03-10,7.8,Middle general food professional during good security.,in_app
38,1475,2023-03-26,6.5,Study two despite.,in_app
39,1115,2023-02-09,5.8,Investment tonight its local.,in_app
40,475,2023-01-20,7.0,Bring history indicate certainly group institution.,in_app
41,1872,2023-02-12,8.1,Buy production gas agent between leave.,email
42,1177,2023-01-13,9.5,Exist science talk join cell PM religious.,email
43,28,2023-02-15,7.0,One forward owner particular quickly executive.,email
44,1089,2023-02-07,7.8,Military similar deep chair direction.,email
45,1462,2023-02-12,7.9,Get stuff responsibility.,in_app
46,64,2023-03-16,6.7,Design treat read.,in_app
47,159,2023-03-02,5.9,Democratic seven democratic stop.,email
48,507,2023-01-28,6.6,Seek research stuff else small.,email
49,143,2023-01-02,8.5,Score building deal per time door lot.,in_app
50,1116,2023-02-26,5.9,Hand room instead season.,email
51,1435,2023-02-23,8.0,Suddenly entire alone.,in_app
52,363,2023-03-24,2.4,Skill fund six drug nearly service.,email
53,167,2023-03-17,8.6,Total way out quite.,email
54,789,2023-02-18,8.5,Size never push begin.,in_app
55,307,2023-02-14,9.4,Answer whether that for study.,email
56,1610,2023-01-12,7.0,Relate show white those measure respond.,in_app
57,269,2023-03-14,5.1,Technology determine after rise since.,email
58,483,2023-02-07,6.9,Dinner close physical message marriage threat.,phone
59,436,2023-02-24,7.5,Rich indicate wide one car.,email
60,1151,2023-02-04,9.6,Watch you suddenly above.,email
61,539,2023-02-17,4.3,Another culture question success woman security.,email
62,608,2023-01-23,8.1,Company next music near not say help expect.,email
63,931,2023-02-09,8.8,Radio wall system customer money including.,email
64,1279,2023-02-01,5.0,Glass management couple meeting approach.,in_app
65,529,2023-02-10,10.0,Enough wall practice piece.,in_app
66,491,2023-02-27,4.7,Enjoy while discussion modern wrong address senior.,email
67,1485,2023-02-05,8.3,Pretty style attack speak big occur allow generation.,email
68,232,2023-01-22,9.0,White account where interest test partner.,email
69,1929,2023-01-25,10.0,Until court network consumer.,email
70,220,2023-02-08,7.3,Sort around sense college yard.,email
71,1228,2023-02-22,8.0,Generation reveal themselves current newspaper always color challenge.,email
72,138,2023-01-25,4.1,Actually heart close thousand truth brother.,email
73,603,2023-02-27,6.6,Call beyond read threat.,email
74,1569,2023-03-01,7.7,Plant any he able appear idea final here.,email
75,923,2023-01-08,7.6,Above your far major executive wait financial.,phone
76,1251,2023-02-14,8.4,Store cell imagine figure memory.,in_app
77,1668,2023-02-26,6.5,Along data spend despite although live data.,in_app
78,868,2023-03-03,7.4,Watch well base president why food class.,email
79,1971,2023-03-18,6.8,All hope top area compare.,email
80,1590,2023-02-27,7.4,Well during including ten.,email
81,886,2023-01-04,6.6,Laugh anyone study image leader.,email
82,736,2023-01-28,3.1,Mouth administration interesting idea nothing.,email
83,1708,2023-01-15,10.0,Brother less public.,email
84,52,2023-03-24,1.5,Every service agency one mouth.,email
85,58,2023-02-09,6.9,Until show beyond rather write line talk.,email
86,1508,2023-03-15,4.4,Else force home government.,email
87,431,2023-02-15,6.3,Quality game with add choose choice join hotel.,phone
88,813,2023-02-07,6.4,Party force who under they although front.,in_app
89,1202,2023-02-14,5.6,Only father Mr spring picture similar.,in_app
90,1335,2023-01-19,5.4,Nearly sort including floor keep north letter.,phone
91,73,2023-01-08,9.3,Consider thing agree opportunity debate.,in_app
92,1067,2023-02-12,7.2,Let instead sure effect yes or.,phone
93,1393,2023-01-30,9.1,Wife exist lawyer free another sea.,email
94,1789,2023-02-22,3.2,Expect television player understand sometimes.,email
95,378,2023-03-22,10.0,Decide write into develop quality inside skin.,email
96,607,2023-02-12,5.7,Boy argue father positive dog end indeed.,email
97,1012,2023-02-28,6.1,Involve air old try alone door cause admit.,email
98,422,2023-03-03,3.0,Improve mention ask certain.,in_app
99,733,2023-01-27,7.6,Management resource physical future.,email
100,1962,2023-02-06,6.0,Face about film center international window use.,phone
101,1021,2023-02-08,7.4,One never base take impact.,email
102,1842,2023-03-17,7.3,Consumer term man finish into imagine beyond.,in_app
103,797,2023-02-11,6.9,Rule Congress current.,in_app
104,193,2023-03-29,8.0,Ever unit thank health rise every.,email
105,56,2023-03-01,6.5,Far director seven forward.,in_app
106,740,2023-03-10,5.3,Black her simple head generation report.,in_app
107,728,2023-02-01,3.0,Sometimes rich east five.,email
108,927,2023-03-05,5.2,Attack big blood.,email
109,1947,2023-01-03,9.6,Mrs area help.,email
110,980,2023-01-08,8.7,Exist black management chance coach.,email
111,295,2023-01-03,5.8,Inside heavy difficult reality sign night nearly.,email
112,291,2023-01-29,6.2,Factor strategy one discussion drug it.,email
113,521,2023-02-20,4.8,Hotel major collection evening economy despite world take.,email
114,270,2023-01-24,7.4,Itself probably finally business.,email
115,523,2023-01-06,10.0,Card music small operation brother give.,email
116,625,2023-01-31,8.4,Fly nor song might.,in_app
117,1918,2023-01-17,7.9,Measure sing address reduce.,email
118,846,2023-01-23,6.0,Citizen whom event reality.,in_app
119,853,2023-01-20,6.2,Fish door behind region option.,email
120,17,2023-01-24,8.6,Popular right yard hold choice.,email
121,610,2023-03-11,6.9,Arrive then government.,email
122,929,2023-02-04,8.4,Whom store area form prevent on.,email
123,889,2023-01-19,9.3,Teacher wide goal blue.,in_app
124,1466,2023-03-09,8.7,For very image wrong someone local.,email
125,1434,2023-02-23,5.5,Support serve face house establish usually attorney.,email
126,1359,2023-01-02,4.8,Town floor game low stay television leader.,email
127,1277,2023-02-24,3.5,Difficult maintain become partner our market town.,email
128,1999,2023-02-28,5.0,Pattern amount hospital debate policy foot water real.,email
129,1201,2023-01-02,5.3,Eye shoulder here.,in_app
130,1838,2023-01-01,6.1,Attorney real remain girl thus.,email
131,1849,2023-02-28,9.8,Majority safe man main.,email
132,1451,2023-03-19,9.7,Feeling score old serve mouth door.,email
133,959,2023-03-05,6.2,Although action plant former.,email
134,1286,2023-02-20,4.8,Nor yes mission head onto send seat.,email
135,993,2023-02-25,5.6,Range quickly others team than citizen.,email
136,554,2023-01-28,10.0,Move western general worker audience.,phone
137,1497,2023-01-30,9.0,Site piece growth seat factor star.,email
138,141,2023-03-29,6.2,Less them movie step front career necessary fine.,in_app
139,1987,2023-01-11,6.7,Even try someone contain rest relate east.,email
140,745,2023-01-04,4.6,These detail reveal me form cut plant.,email
141,1042,2023-03-14,7.4,Democrat leave chair party player talk.,email
142,1043,2023-03-10,3.4,Suggest rock catch bar old arrive will.,email
143,1979,2023-02-03,5.0,Television or take this.,email
144,788,2023-01-26,6.3,Drug design certainly month hold vote suffer main.,email
145,882,2023-03-26,10.0,Option less management thus.,in_app
146,709,2023-01-27,6.3,Form beyond eat class style senior.,email
147,133,2023-01-11,6.6,First understand surface democratic candidate throw.,in_app
148,1340,2023-02-27,7.1,Author together study no can.,email
149,1698,2023-03-05,8.8,Wide question woman.,in_app
150,701,2023-03-10,5.6,Technology television instead Democrat successful teach machine.,email
151,641,2023-01-26,5.9,Season sit present.,email
152,1609,2023-03-20,7.7,Clearly rule three entire woman line.,in_app
153,1501,2023-02-27,6.1,Send small interview by.,email
154,680,2023-01-10,9.6,Fear government support thing it technology usually.,email
155,1603,2023-01-24,6.1,Rather whose paper far word upon.,email
156,735,2023-01-30,8.2,Situation wide authority pay paper good until.,in_app
157,1324,2023-03-18,7.7,Policy concern that born interest enjoy.,in_app
158,1135,2023-02-19,9.7,Factor method free same travel them.,email
159,1634,2023-01-21,7.2,Street read here treat.,in_app
160,49,2023-03-13,7.4,Left how letter.,email
161,1487,2023-01-20,9.3,Miss factor nearly position always western.,email
162,1391,2023-01-10,8.7,Interest true tonight.,in_app
163,1558,2023-02-11,8.2,Teacher thank generation glass black ten story.,email
164,1679,2023-03-10,7.6,Buy push newspaper husband wait.,email
165,1203,2023-03-16,5.5,Computer account prevent far suddenly family large.,email
166,1528,2023-03-21,10.0,Skill hard yet pull need main turn.,email
167,1547,2023-03-08,8.6,Painting worry administration call glass wait cut.,in_app
168,1204,2023-01-23,4.8,Gas question tend eight that near.,email
169,1728,2023-02-08,8.2,Service community necessary push cell course manager.,in_app
170,1261,2023-02-03,6.6,Science bit glass teacher.,in_app
171,1387,2023-02-11,1.4,Start sure enter event thus wide.,email
172,501,2023-02-01,8.5,Present get way forward parent.,email
173,1097,2023-02-27,5.9,Environment current key everybody start account company speech.,email
174,116,2023-03-22,5.5,Character cost start first dream financial yes.,email
175,357,2023-01-11,8.8,Add day figure necessary join little before.,email
176,1877,2023-01-02,6.2,Commercial specific PM enough.,phone
177,1321,2023-03-11,7.1,Here open fear yeah data let.,in_app
178,620,2023-01-05,1.9,Fill move toward.,email
179,277,2023-01-29,3.2,First pressure although often open almost race.,in_app
180,1170,2023-01-23,7.5,List can strategy office summer.,in_app
181,803,2023-02-23,6.0,Hotel Republican really during blue east herself.,in_app
182,234,2023-01-03,8.9,Break stage kid must respond.,email
183,1525,2023-02-19,3.2,Ahead hold child another world modern move business.,in_app
184,687,2023-02-24,6.8,Although must music just dream interesting likely.,in_app
185,1406,2023-01-18,6.3,Imagine fish worker phone money example.,in_app
186,1988,2023-02-27,3.8,Answer rule rule north.,in_app
187,996,2023-02-04,6.7,Raise executive our call.,in_app
188,910,2023-03-16,7.5,Space central dinner throw.,email
189,1000,2023-01-31,3.5,Inside color ground school during similar now.,email
190,1995,2023-02-23,6.9,Poor which government choice speech these purpose doctor.,email
191,1071,2023-03-20,10.0,Must meeting so here high respond sure.,phone
192,1695,2023-01-29,6.9,Wind pass modern send conference.,email
193,809,2023-02-23,6.2,Eat receive campaign hot southern account.,email
194,313,2023-02-22,6.6,Week huge hundred government news.,email
195,387,2023-03-19,9.0,Likely vote American yard.,in_app
196,519,2023-01-09,2.5,Of such will in.,in_app
197,109,2023-01-30,6.7,Unit lay account read.,in_app
198,1158,2023-02-08,10.0,Open test special glass.,email
199,990,2023-02-01,8.1,Establish plan perform.,email
200,471,2023-03-03,7.7,Nice half describe kid rate.,email
201,1355,2023-02-10,8.5,Available gas establish summer answer money.,email
202,1454,2023-01-20,8.3,Especially since whole front.,email
203,1385,2023-01-03,8.9,Per will couple after lead.,in_app
204,54,2023-02-02,4.6,Still girl instead owner.,email
205,586,2023-02-14,8.0,Campaign look rather will.,email
206,773,2023-01-15,9.5,Policy natural tonight tend structure.,in_app
207,71,2023-02-01,10.0,Season against line certainly.,email
208,1494,2023-01-11,9.7,Only himself fast man.,email
209,104,2023-01-06,8.5,Perhaps clear now fire dream thing.,email
210,145,2023-01-29,6.3,Commercial executive create game though red family.,email
211,1193,2023-02-03,8.3,Explain consumer most executive through.,in_app
212,1638,2023-01-25,7.5,Occur edge doctor.,email
213,681,2023-03-30,6.6,She night force suggest choice.,email
214,1159,2023-01-29,3.6,Herself institution home plan.,email
215,74,2023-01-07,6.4,Nation human beat lose world spend whether enjoy.,email
216,1536,2023-02-20,5.9,Democrat realize able civil training finally.,email
217,377,2023-03-25,7.6,Stay your source once offer daughter.,in_app
218,1813,2023-02-19,4.1,Center position movie paper travel her difference.,email
219,1829,2023-03-16,8.5,Before positive field student push report nice pattern.,email
220,924,2023-02-27,7.2,Name evidence skin large focus relate decision.,in_app
221,201,2023-02-12,7.0,Visit else ever conference nearly throw.,email
222,1663,2023-02-10,4.1,Light century effort approach toward word.,email
223,976,2023-02-14,7.2,Change last political particular eye thank.,email
224,757,2023-03-14,5.2,Political although concern nothing.,email
225,577,2023-03-05,9.7,Black available staff book coach.,email
226,1894,2023-01-13,7.2,Sport quality no than.,email
227,206,2023-03-23,4.8,Town amount couple mouth.,email
228,187,2023-03-14,8.2,Your peace floor dinner matter.,in_app
229,1624,2023-02-16,6.1,Arrive life official positive husband.,in_app
230,1446,2023-03-01,10.0,Right federal evidence mother.,in_app
231,1256,2023-02-16,4.9,Human number why measure world read.,email
232,1002,2023-01-11,6.6,Firm air catch single.,in_app
233,1788,2023-02-11,8.4,Among son modern factor.,email
234,429,2023-01-12,8.4,Day purpose now high reduce early campaign.,email
235,414,2023-01-29,3.7,Finally read tough town loss prove.,in_app
236,1073,2023-03-01,6.8,Military as adult carry.,email
237,953,2023-02-20,8.0,Stock lot be themselves area provide.,email
238,99,2023-02-07,6.4,Instead tree ten current.,in_app
239,1584,2023-01-30,5.9,Heavy film trip.,email
240,713,2023-01-05,6.5,Very visit scene see court.,email
241,267,2023-02-23,8.0,Treat first figure his fast everyone.,email
242,1545,2023-01-19,5.5,Nature agree their drive.,email
243,744,2023-02-22,8.9,Dream yourself personal heart agreement.,in_app
244,812,2023-01-29,6.3,Itself step that west.,email
245,126,2023-01-12,3.7,Front old step fish.,email
246,1928,2023-02-20,7.7,Senior benefit serve party throughout somebody authority effect.,email
247,920,2023-01-04,7.0,Democratic police this own material.,phone
248,950,2023-03-12,7.5,That system popular his process suggest change.,email
249,1,2023-01-26,7.3,Themselves nature common call.,email
250,930,2023-03-29,9.8,Purpose provide spend.,email
251,1351,2023-01-16,4.9,Effect visit house indeed story activity worry.,email
252,1993,2023-02-14,8.1,Movie eat whose large alone shoulder.,in_app
253,1389,2023-01-19,7.7,Edge your take news.,phone
254,149,2023-03-02,6.5,Peace believe down late from pull.,email
255,1675,2023-03-27,8.0,Cost help idea rock.,email
256,1186,2023-01-02,7.5,Paper help both this fall whatever shake.,email
257,1003,2023-03-09,8.2,Life take garden break culture agency.,email
258,254,2023-01-03,7.5,Letter week toward.,email
259,1927,2023-03-10,7.9,Tv middle study head.,email
260,1812,2023-02-15,5.1,Pull him choose boy.,in_app
261,407,2023-01-22,5.2,Message form college may commercial push they agree.,in_app
262,1854,2023-02-28,8.4,Particularly born public small experience too might.,in_app
263,1766,2023-01-14,4.3,Affect process join bar.,in_app
264,1750,2023-02-01,5.8,Career natural data show really strategy left.,in_app
265,1375,2023-03-09,3.7,Subject single hundred notice agent.,in_app
266,223,2023-03-13,6.5,Knowledge fire over Republican.,email
267,1378,2023-02-03,7.1,Future pick cold.,email
268,615,2023-03-25,7.7,Available important knowledge price defense democratic need.,email
269,513,2023-03-18,10.0,Child everyone stay easy rather.,in_app
270,1860,2023-03-09,8.0,Common former significant.,email
271,514,2023-03-04,7.1,Kitchen party call me wind what.,email
272,1273,2023-03-21,9.7,Know star military section.,email
273,1408,2023-01-01,6.4,Stand room speech plan edge future against.,email
274,476,2023-01-30,7.6,Woman follow south feeling must late east.,in_app
275,1207,2023-03-06,8.5,Sound entire end hot room smile family.,phone
276,284,2023-03-09,9.6,May prevent culture road story.,email
277,1162,2023-02-15,3.9,On until run market.,email
278,998,2023-03-12,8.8,Rise candidate expect top fact enjoy.,phone
279,1161,2023-03-13,7.2,Behind somebody red style face increase.,phone
280,230,2023-01-28,8.4,What why painting wish.,email
281,1910,2023-01-23,6.2,Way particular else show give.,email
282,945,2023-02-02,7.2,Worker ten future huge place.,phone
283,562,2023-01-04,7.8,Especially wrong staff new onto treat phone tough.,in_app
284,1691,2023-03-16,4.3,If miss strong this field why.,in_app
285,1861,2023-02-14,7.9,Executive try east surface skin low.,email
286,110,2023-02-19,8.7,Small friend firm agency space list these.,in_app
287,1582,2023-02-28,8.1,Recent level magazine decision.,email
288,1834,2023-02-25,7.0,Question first current.,email
289,755,2023-01-14,5.4,Big political stage purpose manager history.,email
290,836,2023-01-31,8.7,Design forget officer authority information mission.,in_app
291,550,2023-03-04,3.8,Letter good meeting other owner.,email
292,911,2023-03-14,10.0,Them create administration list want group be.,email
293,1903,2023-03-02,5.5,Land firm compare let.,in_app
294,909,2023-02-08,5.9,Note information section again send he.,email
295,1606,2023-03-19,7.6,Man suffer performance option participant item new.,in_app
296,1892,2023-02-16,4.1,Somebody including effect morning candidate whether.,in_app
297,1114,2023-03-18,4.8,Significant show meet once.,email
298,792,2023-01-10,4.9,Organization suffer lot.,email
299,1781,2023-03-12,5.8,Herself or start catch talk audience nature.,email
300,892,2023-01-24,7.2,People look important same.,in_app
301,1023,2023-03-21,8.9,Hair like trial money popular number.,email
302,1362,2023-03-24,2.4,Himself use most.,in_app
303,756,2023-01-05,8.9,Create upon where ready something movie environmental.,email
304,1681,2023-01-08,7.7,Leave industry pick.,email
305,166,2023-03-28,3.8,Fire help organization reality record.,email
306,1195,2023-01-23,10.0,Step region media common Mr.,in_app
307,348,2023-01-09,5.9,Where class door decision role.,email
308,1402,2023-03-06,8.5,Change later consumer term pressure face federal.,email
309,1069,2023-02-02,7.3,Close concern next customer join upon.,in_app
310,170,2023-03-10,7.9,Much threat president arm give part.,email
311,730,2023-01-18,7.9,Property military type choice.,email
312,1774,2023-01-17,8.7,Way beautiful growth door fear experience.,email
313,1819,2023-03-03,8.7,Necessary visit father however relate sell during suddenly.,in_app
314,700,2023-01-01,5.6,Standard meeting single save play international.,phone
315,1034,2023-03-21,3.0,Yard before go and draw something.,email
316,1522,2023-01-30,7.2,Surface cover strategy hot.,phone
317,1830,2023-01-28,10.0,Student toward even physical eight since individual soon.,phone
318,1763,2023-02-28,8.7,Subject guess better whole.,email
319,535,2023-03-24,5.2,Significant prove understand.,email
320,746,2023-01-12,6.4,Few use perform whether report.,in_app
321,1199,2023-02-27,9.7,Even strategy walk evidence price foot task benefit.,email
322,1262,2023-02-08,6.4,Leg maybe commercial for factor chance report.,email
323,1848,2023-02-06,10.0,Value unit call chance.,email
324,417,2023-03-21,10.0,Everybody young lead TV role these cell.,email
325,1332,2023-02-28,3.5,Gun make now five them show.,in_app
326,225,2023-02-04,9.7,Make scientist avoid develop white well catch.,in_app
327,1503,2023-03-06,6.9,Student home main when.,in_app
328,1823,2023-03-12,10.0,Suggest western high statement.,email
329,963,2023-03-05,6.0,Environment dog age remain.,email
330,908,2023-02-10,5.8,Wide beyond win something.,email
331,1093,2023-03-09,6.9,General themselves over summer debate miss why.,email
332,1077,2023-03-17,3.8,Participant present month all attention.,email
333,1762,2023-02-28,9.0,Accept investment page still great.,email
334,297,2023-03-27,3.4,Power once letter others grow coach.,email
335,1912,2023-01-03,6.6,May company or organization lead I space late.,in_app
336,944,2023-03-27,8.0,Safe discover role.,email
337,642,2023-03-29,8.1,Allow board those simply step hair together teacher.,email
338,1075,2023-01-04,6.5,Course look natural difference.,email
339,831,2023-03-10,4.4,Morning fund environmental test service mean cultural.,email
340,457,2023-02-03,10.0,Stuff protect authority.,email
341,273,2023-03-13,5.6,And work serve attorney face.,email
342,1313,2023-03-20,9.3,Trouble question amount not tonight put.,email
343,1576,2023-01-28,8.9,Himself prepare whose skin teach.,email
344,16,2023-02-28,7.0,Friend development town section specific nice.,email
345,1048,2023-01-09,3.0,Hard increase increase center often move.,email
346,231,2023-02-11,8.8,Try offer forget crime message break.,email
347,479,2023-02-19,6.2,Table computer character cultural many nation.,email
348,1580,2023-01-22,8.3,People during always course.,email
349,1990,2023-02-23,6.7,Now knowledge body choose road.,email
350,1113,2023-02-18,5.6,Decide help democratic keep.,email
351,1554,2023-03-21,6.9,Admit gas these water them.,in_app
352,1885,2023-02-02,8.1,Clearly high mind social manager one.,email
353,1954,2023-02-26,10.0,Box war these arm himself always usually.,email
354,999,2023-01-23,7.0,Resource civil including fast detail wonder into.,email
355,775,2023-01-30,2.7,Later box myself contain hard.,in_app
356,317,2023-01-28,5.7,Type cold serious share leave animal where.,email
357,1970,2023-01-01,4.1,Kitchen early list job run make fish.,email
358,1908,2023-03-30,7.5,Someone general coach others show.,in_app
359,939,2023-01-19,10.0,Left next field term this or.,in_app
360,83,2023-03-21,6.3,Time community beautiful want describe.,phone
361,247,2023-02-20,10.0,Such focus one accept life attention here cell.,email
362,404,2023-02-22,4.0,Role relate environment close.,email
363,874,2023-01-19,4.0,Far fact show these close court move.,phone
364,1669,2023-01-09,6.4,Election development study door mind.,email
365,1773,2023-01-06,7.6,Industry strong subject down behavior think soon.,email
366,731,2023-02-01,5.1,Politics produce describe green.,email
367,1592,2023-01-05,3.8,Never back drive skin middle.,email
368,1934,2023-01-08,3.7,Specific interest base professor too change.,email
369,1671,2023-03-16,6.4,Laugh recent too political seat page best including.,in_app
370,977,2023-03-30,6.8,Main easy time goal way.,email
371,1297,2023-03-22,9.5,Cultural view interesting purpose eat economic.,email
372,364,2023-03-14,9.7,Fish audience rise black magazine heart.,email
373,1697,2023-01-11,3.4,Such nearly perhaps.,email
374,1423,2023-02-01,3.6,Analysis nice machine matter.,in_app
375,695,2023-03-21,4.4,Likely issue state unit best technology rule if.,email
376,1668,2023-06-28,8.3,Heavy still great idea above per.,email
377,1476,2023-06-27,10.0,Movement simply quickly much month clearly.,phone
378,1004,2023-05-24,5.6,Draw like four ever space.,email
379,841,2023-06-04,9.3,Investment hard later.,email
380,1367,2023-06-20,7.4,Most Democrat prepare employee it result success if.,email
381,1361,2023-04-25,8.3,Play role choose situation.,email
382,1048,2023-05-23,7.4,Film nearly discussion indeed guy happen.,email
383,179,2023-06-09,9.5,Buy something bill any rather pretty would.,phone
384,1316,2023-06-19,7.2,Analysis address usually economy camera ago consumer.,email
385,737,2023-05-11,7.8,Certainly speak lawyer when turn our onto.,email
386,1942,2023-04-01,9.7,Decision itself hope.,in_app
387,1511,2023-04-29,5.5,Truth big maybe cover democratic.,email
388,611,2023-06-19,6.6,Attorney long interest south.,in_app
389,1227,2023-05-19,6.5,Consider lot something none great former.,email
390,883,2023-06-25,6.7,Reflect marriage up far.,in_app
391,1186,2023-05-27,6.6,Plant receive president moment.,email
392,238,2023-05-02,8.3,Level edge case surface alone matter.,email
393,543,2023-05-12,8.8,Something vote support main reflect knowledge.,email
394,1155,2023-04-22,5.9,Speech boy different buy relationship hotel animal.,email
395,260,2023-04-20,10.0,Prove begin all he firm color.,email
396,1051,2023-04-04,4.5,Rock over month center continue until tough.,email
397,1019,2023-06-07,6.0,Onto me thousand fact green black series parent.,email
398,655,2023-05-13,10.0,Develop within behavior purpose ok.,in_app
399,627,2023-05-07,7.2,Rich nor family drive yes fly.,in_app
400,1080,2023-06-02,4.2,Beautiful cost mother although region girl east building.,email
401,1844,2023-04-11,5.2,Teach face resource operation country nearly.,email
402,854,2023-06-07,4.3,He whatever despite.,email
403,923,2023-06-06,10.0,Detail direction seem year.,in_app
404,1836,2023-05-08,6.6,Difficult mission his somebody school painting conference organization.,email
405,1061,2023-04-16,5.4,Character staff wear know city cut scene question.,email
406,1300,2023-05-06,8.5,Ago difficult politics situation result.,email
407,325,2023-06-12,10.0,Remain population note likely instead.,email
408,955,2023-04-13,9.1,Pass face want section.,in_app
409,436,2023-04-05,6.6,Occur stuff evidence with fine.,email
410,1767,2023-05-26,8.4,Along hope necessary mouth within.,in_app
411,83,2023-06-01,9.0,Accept yes suffer again manage.,email
412,1998,2023-04-18,9.1,Sea reduce leg leave lead our memory.,in_app
413,1120,2023-05-22,9.1,Air hour power church son family.,email
414,703,2023-05-10,5.3,Program exist research have cover almost score.,email
415,1058,2023-04-22,7.0,Onto floor turn.,email
416,1341,2023-04-10,1.7,Task admit apply board.,email
417,1188,2023-05-27,6.1,Expect customer stuff citizen stand read because.,email
418,1123,2023-06-11,5.5,Political write kid will country right meet.,email
419,435,2023-05-06,7.2,Toward only range identify.,email
420,940,2023-05-31,6.7,Event discussion situation ahead enough with.,in_app
421,97,2023-04-25,9.0,Apply house win three record.,email
422,1366,2023-06-17,6.1,Hand note animal ahead stock great and TV.,in_app
423,1754,2023-05-07,10.0,Person no vote national if.,email
424,600,2023-04-05,7.8,Space six shoulder.,email
425,929,2023-06-21,2.7,Share sister although agency.,in_app
426,1157,2023-05-11,2.8,Sing blood star week.,email
427,1483,2023-06-22,9.4,Accept public speech find.,in_app
428,1937,2023-06-24,6.4,Challenge speech world note goal beyond board space.,email
429,1736,2023-04-21,10.0,Expert television eye ball.,phone
430,1083,2023-06-22,6.7,Feel wind group and long especially.,in_app
431,316,2023-05-22,6.9,Marriage skin might attack.,email
432,237,2023-05-14,7.0,Maintain fast cover year question.,email
433,1966,2023-04-23,5.6,Expect may similar senior bed.,email
434,1276,2023-05-23,6.9,Specific not about any.,email
435,517,2023-05-09,7.5,Wait learn fill agree card wrong glass industry.,email
436,143,2023-05-12,6.1,Prove property scene move past.,email
437,1231,2023-05-05,8.4,Stock story none.,in_app
438,55,2023-04-20,6.8,Stay them still accept break choice.,email
439,1410,2023-04-02,7.7,Suffer fund wrong head stage person left.,email
440,838,2023-04-20,9.4,Rise mouth shake song important mission respond.,email
441,1243,2023-06-16,6.1,Pm level purpose join hand.,email
442,1455,2023-05-22,9.0,Determine yeah current step.,email
443,487,2023-04-25,8.5,Market including among center once condition.,email
444,1464,2023-06-14,10.0,Investment avoid their along build wind.,phone
445,1354,2023-05-10,7.1,Affect think TV still person step type lose.,email
446,1439,2023-05-02,7.9,Today increase foreign prove between charge law.,email
447,699,2023-06-28,9.4,Everybody class smile current feel.,email
448,1885,2023-04-19,5.3,Their point never become.,email
449,645,2023-06-02,6.9,Management join that job rule energy others.,email
450,439,2023-06-18,10.0,Speak financial skill happy garden.,email
451,670,2023-04-30,9.8,Price manage stand employee try air.,email
452,915,2023-04-10,8.7,Miss coach put figure rule.,in_app
453,1053,2023-04-01,9.1,Mean arm believe anyone prove debate.,email
454,713,2023-06-19,6.0,Eat down trip near.,email
455,1228,2023-04-14,6.0,Big of sort material computer choice measure.,email
456,528,2023-04-14,7.5,Wonder Democrat leader those civil customer.,email
457,1389,2023-04-25,4.7,Or than eye matter pay.,email
458,1829,2023-05-02,10.0,Night ahead early defense entire.,phone
459,441,2023-05-17,9.3,Involve seven western grow short.,email
460,658,2023-05-14,3.5,Scene early past the seat.,email
461,560,2023-05-23,5.7,Report fund front myself view candidate approach technology.,email
462,662,2023-04-29,9.0,Easy like drive western whole.,in_app
463,917,2023-05-30,4.7,Subject community wish keep up sense.,email
464,1050,2023-05-14,7.9,Type take here away medical property many.,in_app
465,1763,2023-06-25,5.3,Everybody impact six community.,email
466,1032,2023-05-14,7.2,Record answer beat south forget Democrat.,email
467,1592,2023-06-11,7.5,Feel scene next Democrat alone line.,email
468,1245,2023-04-07,3.9,Over science as character soldier society.,email
469,342,2023-06-28,7.8,Nice become drug interview reason smile.,email
470,1488,2023-05-17,10.0,Official those available kitchen.,email
471,1956,2023-06-09,3.0,Much discuss catch mention single.,email
472,818,2023-04-24,7.7,Win throw research.,email
473,1662,2023-05-15,6.3,Ago seem set.,email
474,1881,2023-06-27,7.3,Turn huge money let.,email
475,1486,2023-04-16,9.8,Pull stuff total impact data respond church long.,phone
476,1211,2023-05-25,7.5,Pick now theory history rise.,in_app
477,547,2023-05-05,4.2,Money couple rate represent.,email
478,391,2023-04-21,4.3,We event finish report identify.,in_app
479,1116,2023-04-08,5.1,Subject later imagine forget could agent people.,in_app
480,492,2023-06-26,6.3,General clear itself radio.,email
481,1224,2023-04-29,8.6,Resource foot start own agreement fall.,phone
482,1843,2023-05-18,10.0,Along reflect traditional ask start attack they leader.,email
483,1812,2023-06-27,6.0,Hand firm else parent culture evening.,in_app
484,1891,2023-05-04,4.4,Meeting her across.,in_app
485,1624,2023-06-09,3.1,Plant cultural with always already east.,email
486,845,2023-04-13,7.5,Probably while performance book low stop else.,in_app
487,244,2023-04-14,6.8,Level information travel name recognize reason interesting establish.,email
488,944,2023-04-07,5.1,Cause foreign attorney.,email
489,294,2023-06-23,10.0,Identify front rate speech respond.,email
490,320,2023-04-12,7.5,Seem eat TV very action.,email
491,916,2023-05-24,9.2,Do himself race child note best difference himself.,in_app
492,1412,2023-04-28,4.4,Mother pick network consider.,email
493,1432,2023-06-23,5.5,Rather own few continue police.,in_app
494,1744,2023-05-05,9.2,Sure today face spring home perhaps campaign huge.,email
495,1625,2023-04-25,4.9,Window expert once various.,email
496,1269,2023-06-04,6.0,They matter prevent pressure.,email
497,1538,2023-05-03,6.9,Art drop above major brother show.,email
498,771,2023-04-04,10.0,Relate whole drop.,email
499,650,2023-05-24,2.4,Action door group plant kitchen.,email
500,201,2023-04-11,10.0,Have anything subject.,email
501,1911,2023-06-22,10.0,Down write suggest.,email
502,1497,2023-05-18,7.9,Space tough responsibility dog fine themselves break.,email
503,730,2023-05-23,5.9,Among heart fear.,email
504,1532,2023-05-12,7.2,Interest billion top answer however investment soldier.,in_app
505,1383,2023-04-10,10.0,Success her every heart.,in_app
506,58,2023-04-30,6.3,Manager suggest loss each question beat off.,email
507,1969,2023-04-25,8.2,Special hard game happy.,email
508,29,2023-05-27,5.7,Wrong center suddenly.,email
509,1492,2023-06-26,4.6,Attention beat evening score.,in_app
510,847,2023-06-20,5.5,Look financial sport.,in_app
511,803,2023-04-24,6.0,Four song probably manager make successful.,email
512,804,2023-05-08,10.0,Contain left computer short per night out.,email
513,572,2023-05-30,10.0,Practice throughout risk indicate good talk blue.,in_app
514,427,2023-04-14,10.0,Court art example lead pull many then computer.,email
515,1765,2023-05-15,7.3,Enter manage build production.,in_app
516,438,2023-04-08,7.0,Movie career individual all.,email
517,350,2023-05-15,5.5,Hand form lead stay program.,in_app
518,930,2023-06-05,5.6,Western new national drop.,email
519,890,2023-05-21,7.4,Such training write green arm walk.,in_app
520,1207,2023-06-23,5.0,You investment thus realize ready pull expert.,email
521,613,2023-05-03,8.4,Strong son election doctor despite spend even.,email
522,969,2023-05-10,7.0,Media where unit should because while determine.,email
523,106,2023-04-09,5.8,Professional artist central network anything well.,in_app
524,943,2023-05-26,4.5,Woman brother nature reach country make.,in_app
525,426,2023-06-29,6.9,Sell government step deep.,email
526,897,2023-05-07,5.0,Exist question early property recognize.,email
527,1204,2023-04-08,5.4,Black beautiful debate carry fall attorney man eight.,in_app
528,1687,2023-06-19,8.8,Worry section him article find approach.,email
529,230,2023-06-16,9.2,Success particular reality want including.,in_app
530,249,2023-05-28,8.5,Indeed might fast shoulder social picture.,in_app
531,568,2023-04-14,9.7,Understand relate sort prepare language religious.,email
532,377,2023-04-23,7.1,Kid chance action.,email
533,515,2023-04-07,10.0,Call party stop.,email
534,1795,2023-06-09,7.6,Talk various gun brother leave beautiful.,in_app
535,1280,2023-04-11,3.7,Ten likely father source senior car.,email
536,501,2023-05-18,7.6,Suddenly sound relationship against bank guy table.,email
537,875,2023-05-17,8.5,Improve culture serious author.,email
538,13,2023-06-28,4.0,Part behind instead his same.,email
539,11,2023-04-30,4.5,Thought by tough wish officer dog.,email
540,704,2023-05-09,6.2,Similar medical walk move author weight.,email
541,406,2023-06-07,9.6,Watch Mrs commercial Democrat civil us education.,email
542,1914,2023-06-28,4.4,Director notice rich send.,in_app
543,1416,2023-05-12,6.3,Safe audience new quite.,email
544,1045,2023-05-16,6.1,Produce summer purpose sit three.,email
545,1219,2023-04-23,10.0,Pressure ability own.,in_app
546,170,2023-04-26,5.2,Carry but poor challenge member factor.,email
547,1671,2023-05-06,3.7,Conference tax visit both.,in_app
548,1127,2023-05-19,5.0,Play six candidate size one simple.,phone
549,1261,2023-06-22,5.5,Blue soon light recently dog food area.,email
550,1086,2023-05-11,9.0,Fear drug study bring.,email
551,1658,2023-06-23,6.3,Create high provide gun Mr.,email
552,1013,2023-05-31,9.7,Recent short shoulder data within.,in_app
553,635,2023-06-08,6.3,Most election speak reach pressure.,in_app
554,1817,2023-05-05,5.9,Expect benefit good memory.,email
555,163,2023-06-16,8.7,Eye discover music entire.,in_app
556,1021,2023-06-21,6.2,Argue career collection minute soldier.,in_app
557,454,2023-04-07,5.6,Unit she particularly media art who.,email
558,959,2023-04-30,7.6,Nature stay might good use.,email
559,1992,2023-05-25,9.1,Likely century speak type section more meet.,email
560,1627,2023-05-01,7.7,Reason any century quite.,email
561,1317,2023-04-06,6.3,Happy next artist save assume just.,email
562,1806,2023-04-21,5.4,Decade back analysis her special.,email
563,1175,2023-05-22,4.1,Laugh here site leg onto suffer.,in_app
564,855,2023-05-30,4.6,Reach down least sign who think maybe keep.,in_app
565,1704,2023-04-08,7.5,Goal white cover only buy current least.,email
566,1360,2023-06-14,5.6,Foreign what issue or some significant to.,email
567,1138,2023-06-10,10.0,Ask morning thousand trade.,in_app
568,1572,2023-04-21,5.8,Why citizen purpose need economic daughter issue lay.,email
569,399,2023-06-12,4.6,Involve meet report rise same crime nor.,in_app
570,993,2023-05-03,8.7,Free describe president wall writer benefit paper anyone.,email
571,81,2023-05-06,7.8,So vote president to catch front operation.,email
572,1810,2023-06-16,7.8,At how power poor leave plant.,email
573,1520,2023-04-10,6.8,Leave south someone.,email
574,392,2023-05-15,6.2,Question inside woman only.,in_app
575,1897,2023-05-22,6.4,Sit professional two often even hear major.,in_app
576,31,2023-06-14,6.8,Arm material necessary also range money remember seat.,email
577,782,2023-06-17,6.5,Interesting weight able explain star much.,email
578,992,2023-05-04,6.0,Whom oil finally thing.,email
579,343,2023-06-21,7.2,Edge traditional their issue.,phone
580,1531,2023-05-11,7.3,Democrat join approach four get later.,in_app
581,829,2023-04-27,6.8,First me hair say anything explain.,email
582,458,2023-06-12,5.9,Win whole special laugh what guy.,phone
583,1392,2023-05-03,4.0,History still conference eat interesting road mission protect.,email
584,177,2023-05-11,5.3,Pattern why police movie thousand act.,email
585,1482,2023-06-21,4.8,Stop compare should provide stuff citizen.,email
586,285,2023-06-27,7.9,Democratic amount player.,in_app
587,1308,2023-06-26,9.5,Already use shake despite again.,email
588,1807,2023-05-08,6.2,Effect ground film work Mr.,email
589,258,2023-06-06,6.9,Information ever list join director exactly.,phone
590,292,2023-06-03,7.4,Weight red performance join notice.,email
591,1093,2023-06-26,6.5,Marriage doctor democratic.,email
592,643,2023-06-11,3.7,Pick ahead happen sing write little.,email
593,966,2023-06-29,3.8,Occur world when south.,email
594,1888,2023-05-24,7.8,Politics of moment both travel high.,in_app
595,1761,2023-04-21,8.9,Strong into soon base as example recognize.,email
596,757,2023-05-16,8.2,Fight picture agree.,email
597,1680,2023-06-02,10.0,Success model key father on different American.,email
598,1151,2023-05-30,6.0,Rate senior base cause.,in_app
599,1997,2023-06-14,6.1,Maintain western debate fall this.,email
600,341,2023-04-23,8.5,Reason pick rich watch without order.,in_app
601,1965,2023-05-05,5.1,Send Republican Congress different past.,email
602,214,2023-06-13,8.6,Our much sound point later play outside character.,email
603,911,2023-06-28,8.1,Quite believe role since nearly again draw.,in_app
604,545,2023-04-25,8.1,Sell value face.,email
605,1964,2023-06-04,8.0,Character with baby remember third physical.,email
606,709,2023-04-19,7.8,To happy successful media American over although education.,email
607,1343,2023-05-24,8.2,Day election ball provide fall discussion capital.,phone
608,1835,2023-05-21,9.5,Positive thousand lead traditional building later appear special.,email
609,305,2023-04-22,3.7,Majority behind director concern gas.,email
610,382,2023-04-21,4.3,Produce fight pass western decide worry.,email
611,228,2023-05-25,9.1,Past generation natural yeah step.,in_app
612,1981,2023-06-13,8.0,Event into world want pattern event.,email
613,1133,2023-04-26,5.0,Beat dinner create dark future.,email
614,591,2023-06-14,6.7,Share send your stop chance table type west.,email
615,1661,2023-05-26,10.0,Spring participant face three prepare this.,email
616,1241,2023-06-26,10.0,Teach too positive thought control wrong.,email
617,1473,2023-06-05,10.0,Around worry body above.,email
618,859,2023-04-17,8.4,Allow magazine plan service court.,email
619,21,2023-05-31,9.2,Between police half same view.,email
620,640,2023-06-23,5.4,Stop brother stock hour soldier.,in_app
621,1580,2023-05-29,5.3,Stage image short chance you opportunity recognize.,email
622,583,2023-05-14,8.2,To body particularly level can.,email
623,1166,2023-05-27,5.7,Choice few with.,email
624,1860,2023-04-23,4.5,New moment forward hear history.,phone
625,374,2023-04-18,7.6,Common stop prevent.,in_app
626,579,2023-06-19,10.0,Increase huge current foreign.,email
627,1435,2023-04-12,5.0,Identify big her prevent over small hand.,phone
628,1226,2023-05-03,7.0,Ever race determine ever central market black once.,email
629,1535,2023-04-06,8.5,Determine resource price.,email
630,405,2023-04-13,2.7,Study who personal too almost interest safe make.,email
631,1900,2023-04-13,9.4,Find around always sort imagine surface.,email
632,747,2023-05-25,10.0,Reflect summer official this.,email
633,1621,2023-05-12,3.8,Year letter west in interview author.,phone
634,18,2023-05-03,4.0,Hand information task even.,email
635,1223,2023-04-05,5.7,Company environmental us simple official present evidence project.,email
636,464,2023-06-21,6.2,Official just husband.,email
637,129,2023-05-20,6.1,Might tree early.,email
638,475,2023-05-09,6.9,Run letter indeed instead century possible.,in_app
639,825,2023-06-14,6.0,Mean ability through father while.,in_app
640,1534,2023-06-20,6.7,Kind food author.,email
641,618,2023-06-09,4.1,Message there war.,email
642,1090,2023-05-19,6.7,Kind change enough us however true once.,email
643,1782,2023-05-15,7.4,Appear their son just try.,in_app
644,147,2023-04-23,2.7,Full hotel material third experience society.,email
645,1075,2023-04-11,5.0,Ahead increase share reveal return.,in_app
646,1703,2023-05-16,7.0,Now big natural.,email
647,1420,2023-06-18,6.2,Surface around above front only accept onto.,email
648,509,2023-05-22,8.5,Answer part require work economic traditional force.,email
649,203,2023-05-09,8.2,Enter tend cultural since tax miss.,in_app
650,241,2023-04-29,9.5,Draw particularly sea star professional.,email
651,1678,2023-05-20,4.7,Dog day position forward dog blue.,in_app
652,1749,2023-04-29,8.4,Sit but national why best evidence.,email
653,740,2023-06-23,10.0,Return far energy.,email
654,1883,2023-05-28,8.3,Whether structure go ready respond mean kind money.,email
655,195,2023-06-05,10.0,Black cold stage work eight.,email
656,1957,2023-05-21,6.4,Left cut mouth force worker.,in_app
657,1255,2023-05-11,8.5,Short according knowledge break growth message some.,email
658,1567,2023-05-20,7.1,Arm right look democratic.,in_app
659,1371,2023-04-24,6.7,This any oil ready sister since bag.,in_app
660,403,2023-04-16,4.4,You me attorney surface base do.,email
661,105,2023-05-11,3.7,Individual attack travel child catch special.,email
662,180,2023-04-30,1.9,Event opportunity management gun.,email
663,1070,2023-05-05,5.4,Letter near plan argue development imagine.,email
664,1297,2023-05-26,8.7,Property cup peace enjoy.,in_app
665,1356,2023-04-12,6.7,Leg entire low report law myself.,email
666,519,2023-05-18,7.9,Want wear course each enjoy politics.,email
667,1490,2023-04-21,10.0,My foreign visit short heart.,email
668,927,2023-05-26,9.4,Camera mean staff world agent west report sell.,phone
669,1909,2023-04-14,10.0,Seat yes until want above.,email
670,1584,2023-04-17,7.3,Course join forward do.,email
671,1521,2023-06-27,7.2,For opportunity line treat.,email
672,431,2023-04-29,8.7,Maybe run light time similar.,email
673,1088,2023-05-02,3.9,Until improve strong whether onto.,email
674,359,2023-05-22,8.0,Level cold worry mind.,in_app
675,1414,2023-04-07,6.7,Beautiful collection upon beat set successful.,phone
676,331,2023-04-09,3.8,Range increase sort place.,email
677,263,2023-04-27,7.6,Break from quite management.,in_app
678,1873,2023-04-28,4.6,Start day seat might agent chair talk sure.,email
679,1674,2023-04-02,7.5,Get including final which keep at.,email
680,857,2023-04-04,7.6,Second anything after idea ground.,in_app
681,1951,2023-06-11,1.0,Us serious allow former interview crime.,in_app
682,353,2023-04-07,10.0,Meet pattern draw language her avoid lay.,in_app
683,1571,2023-04-23,10.0,Choose dog challenge ok special none page up.,email
684,103,2023-05-28,6.8,Senior fly condition action sort attorney.,email
685,1446,2023-06-20,9.0,Throughout few Democrat speak face east focus.,in_app
686,1859,2023-06-29,7.3,Family forget role themselves take.,email
687,523,2023-04-19,6.8,Stock social leave discussion tough its.,email
688,328,2023-04-10,4.1,Stand stand agent.,in_app
689,799,2023-04-01,6.4,End crime never just process mention mouth.,in_app
690,878,2023-04-27,5.5,Despite increase catch there attack environment year against.,email
691,1294,2023-05-31,9.2,Magazine generation production young ever.,email
692,1030,2023-06-25,6.8,Friend rock part computer.,in_app
693,1721,2023-05-09,10.0,Look child clear car term stuff act.,in_app
694,84,2023-05-01,6.1,Next appear perform grow plan research some.,email
695,30,2023-06-12,7.2,Magazine teacher military ago.,in_app
696,792,2023-04-09,7.4,Particularly send ahead her.,email
697,1342,2023-04-13,5.4,Thus administration matter.,in_app
698,1561,2023-04-30,6.3,Off take possible stand.,email
699,861,2023-06-10,5.6,Range later arrive prove.,email
700,785,2023-04-21,4.7,Foot guess computer amount.,email
701,1485,2023-06-28,3.8,Water front pull forget.,email
702,837,2023-06-01,6.9,Analysis end seek.,email
703,1379,2023-04-23,9.4,Wide any leg opportunity scene kid tell.,in_app
704,1728,2023-04-11,7.8,Leader who land coach.,in_app
705,378,2023-05-16,8.3,Style land star even.,email
706,1403,2023-04-05,5.3,Purpose force buy water either reason win.,in_app
707,1376,2023-05-29,6.5,West shake finish during.,email
708,637,2023-04-15,8.3,Some seven pick.,email
709,1008,2023-05-01,10.0,Lawyer officer let station class prove focus watch.,phone
710,1856,2023-05-10,5.1,Onto kid one none.,email
711,1176,2023-05-16,7.1,Husband truth staff.,email
712,1327,2023-06-01,8.9,Put color someone wait.,email
713,1555,2023-06-02,6.6,Toward official already doctor create smile ever.,email
714,333,2023-04-16,7.4,Tough where buy tough record police often far.,in_app
715,1358,2023-06-02,8.8,Stand me themselves pull somebody hold.,email
716,445,2023-06-06,6.7,Section dinner wife like name century word.,email
717,974,2023-05-23,5.1,Tend quality name employee.,in_app
718,232,2023-05-01,4.8,In director form drug spend second.,phone
719,1275,2023-04-17,6.2,Debate exactly rise senior difference deep its become.,email
720,1217,2023-06-24,3.8,Town anyone probably.,email
721,1010,2023-06-12,9.0,Year and computer American score.,email
722,482,2023-04-13,7.4,Bag fact artist kitchen.,email
723,491,2023-05-23,6.9,Environmental range family person test lay.,email
724,1818,2023-04-26,5.4,Suddenly speech kind still call same color.,email
725,1673,2023-04-02,8.3,Peace community camera smile.,email
726,571,2023-06-25,4.1,Source trip theory family respond work.,email
727,1794,2023-04-23,7.1,Including during meet authority measure.,email
728,1610,2023-04-06,9.1,Building table soldier education card do.,email
729,975,2023-05-31,6.3,Plant lot work between much manager.,email
730,765,2023-04-08,9.0,Trip throughout would itself manage detail or step.,email
731,338,2023-05-17,7.6,Government main money within would season ability such.,phone
732,862,2023-06-18,5.2,Market dream run goal.,email
733,1340,2023-05-23,8.1,Often case figure cost watch we this.,email
734,819,2023-06-24,5.1,Skill road morning concern.,email
735,223,2023-06-06,6.9,Some near as what.,email
736,500,2023-06-21,8.8,She lay your personal detail.,email
737,282,2023-05-10,6.0,Ten bill than general discover consumer administration.,email
738,75,2023-05-31,6.4,Wish he certainly scene level.,email
739,1057,2023-05-31,7.7,Research quite law.,in_app
740,1026,2023-05-27,4.3,Matter strong require growth heart use knowledge.,email
741,599,2023-06-17,7.0,Feel like necessary style for.,email
742,980,2023-04-20,4.6,Hope bank far house professional.,in_app
743,686,2023-06-07,8.0,Box trial pretty dream morning hotel.,in_app
744,53,2023-05-03,7.5,Measure knowledge response camera study.,in_app
745,1183,2023-05-21,6.3,Pull technology add value among page risk hold.,email
746,601,2023-04-23,5.3,Push cost black save instead career.,email
747,287,2023-05-29,7.2,Center tax husband.,email
748,1431,2023-06-13,5.9,Season page purpose talk foreign.,email
749,1557,2023-04-09,9.0,Talk offer five hard Congress win.,in_app
750,981,2023-04-26,8.5,Capital spring much chair truth.,phone
751,1262,2023-07-15,5.6,Idea nearly tend public system day mouth.,email
752,418,2023-09-19,7.8,Effect none mean part growth movement hit.,email
753,425,2023-09-13,5.4,Claim treat language interview price morning deep.,email
754,1275,2023-07-21,4.4,Quite director old ahead race blood.,email
755,1319,2023-07-05,6.4,Modern table firm offer.,email
756,132,2023-08-25,8.1,Race hard term half watch.,email
757,380,2023-08-25,6.4,What tough activity sense arrive choice.,phone
758,406,2023-08-14,8.6,Position past truth body heart state whatever finish.,email
759,1232,2023-08-04,7.2,Forward entire campaign Democrat build teach institution.,email
760,1233,2023-07-13,5.8,Street require effort close beat.,email
761,1587,2023-08-15,9.1,Herself change carry answer until point.,in_app
762,15,2023-07-06,10.0,Tell task office energy.,email
763,654,2023-08-24,9.3,Less style parent eight movement themselves hot.,email
764,1902,2023-08-04,5.3,Thus court here treat military.,email
765,1835,2023-08-13,6.4,Ok along only allow learn skin herself challenge.,email
766,299,2023-09-22,5.2,Again meet book more kid defense.,email
767,1623,2023-09-03,4.9,Cold want specific.,email
768,661,2023-07-23,6.3,Public interview into yourself.,email
769,1220,2023-08-01,4.3,Able home sense already poor able.,email
770,1403,2023-08-04,4.3,Away finish already too a nor history.,email
771,101,2023-09-17,7.5,Ball idea human authority democratic early.,email
772,1077,2023-08-04,10.0,Effort power defense always.,email
773,1068,2023-08-05,4.1,Audience card concern throw few add story.,email
774,1556,2023-08-17,4.8,What Mrs record try security lay industry.,in_app
775,1920,2023-09-27,6.1,Door live try sister center affect.,email
776,923,2023-07-06,6.5,Second floor game far cut ability skill.,email
777,1567,2023-07-10,6.0,Drive course knowledge individual smile back sense manager.,email
778,957,2023-08-04,2.9,Myself soldier election drive major.,email
779,1154,2023-09-20,6.7,Structure campaign claim allow hope.,in_app
780,370,2023-09-11,8.8,Last situation than.,in_app
781,280,2023-09-12,2.9,Current commercial realize suffer end environment grow.,in_app
782,1173,2023-08-29,6.3,Station deep issue other strategy.,email
783,815,2023-08-18,8.2,Politics way life true word page list.,in_app
784,1433,2023-09-27,7.3,Early friend plan red strategy agency director.,email
785,1058,2023-08-03,7.3,State also leader family.,email
786,1924,2023-07-11,2.6,Ago city bit.,email
787,1284,2023-08-10,6.5,Light after begin foreign everybody prove level task.,email
788,1135,2023-07-29,6.1,Her decision public main hour relationship.,email
789,1395,2023-09-21,9.6,Lot enter trip reason court far participant.,email
790,460,2023-09-02,5.8,Language general get.,in_app
791,1681,2023-08-18,8.2,Institution drive movie responsibility call institution involve term.,email
792,1205,2023-09-02,8.5,Issue election heavy never memory your media room.,phone
793,1109,2023-07-19,6.5,Though its pretty different spring back happy.,in_app
794,648,2023-08-14,6.5,Discuss major check positive.,in_app
795,1358,2023-07-14,7.8,During dream national national around age night.,phone
796,295,2023-08-30,3.6,Others head behavior language.,in_app
797,1461,2023-07-02,9.7,Special item school along already simply by successful.,email
798,1531,2023-09-29,6.7,Wide learn room.,email
799,373,2023-08-20,10.0,Mention chair sell response girl drop even expert.,in_app
800,1822,2023-08-06,3.5,Walk partner song face allow.,email
801,1640,2023-07-25,9.2,Group energy single stand compare road every when.,email
802,598,2023-09-03,4.3,Body company spring increase result police.,in_app
803,625,2023-09-04,8.0,Can treat single rule ago PM.,email
804,966,2023-07-14,8.3,Other usually dream season.,email
805,1040,2023-07-14,8.0,Political blue ten wonder every require.,phone
806,559,2023-08-31,6.0,Fast you financial around.,in_app
807,946,2023-07-03,3.9,Sure decide land citizen there executive market other.,email
808,1738,2023-09-04,4.9,Shake many simply remember push structure treat.,in_app
809,1309,2023-09-22,5.4,Religious nature need civil wait song later.,email
810,830,2023-09-07,4.7,Three travel argue visit growth.,in_app
811,329,2023-08-29,8.1,State which serious direction together.,email
812,721,2023-07-13,7.5,Ready risk end create strong.,email
813,1678,2023-09-06,8.5,Even read beyond hour six letter language.,in_app
814,905,2023-07-08,8.1,Which only face reflect realize.,in_app
815,1312,2023-09-03,8.3,Later region field.,in_app
816,1499,2023-08-26,6.4,Life financial able resource drug spring.,email
817,789,2023-08-12,8.4,Culture sea away Mr entire foot.,in_app
818,387,2023-08-29,5.9,Rich within sing carry without into.,in_app
819,740,2023-09-11,8.0,Figure development road girl red at foot.,in_app
820,207,2023-07-09,6.3,Within begin coach choice very build.,in_app
821,1603,2023-08-05,7.7,Short democratic future dark foreign the.,email
822,1147,2023-07-08,10.0,As company cultural.,in_app
823,809,2023-09-17,10.0,Instead so draw.,email
824,1316,2023-07-12,4.8,Trial forget firm scientist.,email
825,914,2023-07-12,8.2,Certain professional race man arm.,email
826,81,2023-08-10,10.0,Tough relationship very model line.,in_app
827,1828,2023-09-16,6.3,Mission tough large kid environmental system Mr.,email
828,1030,2023-08-19,4.9,Partner attorney interest large environment particularly.,email
829,1267,2023-08-07,10.0,Response serious else yourself.,in_app
830,1007,2023-07-16,8.9,No firm religious political road.,email
831,919,2023-08-04,4.4,Look phone land after choice move.,email
832,1740,2023-08-05,7.6,Be music author half beautiful.,email
833,358,2023-09-06,8.6,Despite lawyer unit pay wrong central never while.,email
834,1014,2023-08-15,7.4,Kitchen front imagine east kind.,phone
835,631,2023-08-22,8.7,Idea wear quite perhaps.,email
836,1086,2023-09-20,9.6,Many step magazine change hand place subject.,in_app
837,1831,2023-09-27,8.1,Newspaper activity also power real member tough type.,email
838,698,2023-07-14,6.6,Above suggest cut unit change quality take.,email
839,1537,2023-09-04,4.2,Late today exactly because career.,in_app
840,547,2023-09-25,7.0,Across leg bag as total key soon.,email
841,683,2023-09-06,10.0,Trial benefit end size government response material.,email
842,118,2023-08-04,5.3,Couple animal institution home.,in_app
843,197,2023-08-20,7.5,Relationship site attention store.,email
844,972,2023-08-26,6.6,Lawyer continue so fire talk smile front.,in_app
845,977,2023-09-26,8.5,Poor low there official.,in_app
846,439,2023-08-13,7.8,Prevent lawyer management build floor decide effort.,email
847,1496,2023-08-30,10.0,Lose be just.,in_app
848,1075,2023-07-16,6.8,Range speak agreement wide.,phone
849,1091,2023-07-23,2.5,Night less life growth.,email
850,1872,2023-08-21,10.0,By reveal impact wrong some.,phone
851,492,2023-07-28,7.4,Enter study game off message a.,email
852,525,2023-08-27,7.9,Hold short sea look.,in_app
853,1281,2023-08-18,6.7,Store model final important before network benefit hear.,email
854,1347,2023-09-26,4.7,Campaign determine stock both never man production.,email
855,634,2023-09-15,6.7,Under certainly into.,email
856,638,2023-09-22,6.4,However job teach game many choice.,email
857,560,2023-09-17,7.7,Effect community all stage environmental mean.,email
858,734,2023-08-28,10.0,Cold case push support art per concern mother.,email
859,1539,2023-08-29,7.4,Key weight main range compare.,email
860,623,2023-07-25,7.8,Throw open spend player risk color.,email
861,1115,2023-09-09,7.3,Play available world watch.,email
862,8,2023-08-26,8.3,Product company crime history expect practice.,email
863,1505,2023-08-30,6.5,Individual stop themselves develop.,email
864,1615,2023-07-18,7.7,Though our last Mr think parent this.,email
865,1819,2023-08-12,5.8,Else sense share real six person own.,email
866,1518,2023-08-20,7.6,Ever trial song law.,email
867,465,2023-08-03,8.1,Start soon report low.,in_app
868,647,2023-08-18,6.6,Carry American know determine fish.,email
869,1185,2023-08-23,5.5,Mind sea happy.,in_app
870,325,2023-07-09,6.4,Between campaign if.,in_app
871,1362,2023-07-15,7.5,Son option money over trade.,email
872,1320,2023-08-13,3.4,Season office two buy.,email
873,1564,2023-07-12,5.5,Behind begin reveal beat nearly old.,email
874,1579,2023-07-24,5.9,Sign cause middle get since.,in_app
875,242,2023-08-27,9.8,Real bag item our.,phone
876,1832,2023-07-18,6.6,Together price reduce will bank.,email
877,125,2023-08-30,5.6,Blood job property rule.,email
878,1959,2023-07-05,5.6,Win technology executive nearly reveal south popular.,email
879,882,2023-08-25,9.2,Establish general party.,email
880,489,2023-08-29,7.0,East throughout by speak.,email
881,1520,2023-09-14,10.0,Allow region sometimes knowledge.,email
882,1985,2023-09-09,5.2,Me although I movie.,email
883,1208,2023-07-21,4.2,Natural situation his work.,email
884,366,2023-09-02,10.0,Class soldier father color high state with.,in_app
885,752,2023-09-05,6.7,Finish enough cup cell officer student building tend.,email
886,232,2023-07-08,7.0,Positive hope group each other.,email
887,1385,2023-08-22,5.0,Since factor beautiful very paper try focus.,email
888,594,2023-08-30,8.7,Piece site father positive difference sometimes every.,email
889,1650,2023-09-11,5.1,This out letter purpose great marriage up marriage.,email
890,455,2023-08-09,5.4,Evening popular boy baby.,email
891,1812,2023-08-31,9.1,Hard method follow poor environmental piece do return.,email
892,762,2023-09-13,10.0,Scientist would health ago few fill lot.,email
893,311,2023-08-10,5.4,Most practice both alone.,email
894,1710,2023-09-04,7.2,Necessary doctor child billion similar much receive.,in_app
895,1933,2023-09-26,8.4,Natural test instead industry agree contain enjoy many.,email
896,992,2023-09-14,4.0,Tend notice fall energy expert miss.,in_app
897,1605,2023-08-02,6.6,Glass early economy but total woman.,phone
898,1057,2023-07-25,4.7,Quality receive really as.,email
899,964,2023-07-11,7.0,Court they keep which.,in_app
900,1794,2023-09-08,6.5,Base stuff more a charge lead my land.,email
901,1980,2023-08-06,8.4,Western idea last team particularly life.,email
902,1989,2023-09-08,8.3,Ago than interesting story ten.,email
903,1632,2023-07-20,10.0,Television itself loss begin executive.,email
904,624,2023-09-13,8.1,Way happy near form.,in_app
905,1382,2023-09-13,4.3,Along contain return might hold.,in_app
906,1655,2023-09-08,6.3,World cause artist marriage.,email
907,549,2023-09-13,7.4,Put bar about smile the training it.,email
908,1443,2023-09-10,6.6,Girl analysis travel tough.,email
909,1515,2023-08-21,9.4,Whether individual commercial walk someone memory.,email
910,1251,2023-07-25,5.6,Free provide still amount relationship carry television.,email
911,1916,2023-07-21,10.0,Avoid reality spring focus.,in_app
912,1704,2023-09-10,6.3,Red wind think.,email
913,55,2023-07-25,6.6,Doctor surface now why crime on.,email
914,435,2023-09-18,10.0,Great sing real president grow.,email
915,1342,2023-09-03,9.2,General piece able begin.,phone
916,1739,2023-07-13,6.8,Whether would style.,email
917,78,2023-09-13,4.1,House sound deal minute commercial nature.,email
918,92,2023-08-01,9.2,Value either public same century experience commercial.,in_app
919,870,2023-08-10,7.3,Young exactly forget sing.,email
920,283,2023-08-09,7.7,Fear early respond cell check.,email
921,803,2023-07-14,9.3,Certainly by research skill and personal.,in_app
922,939,2023-09-26,6.1,The deal process plan.,in_app
923,471,2023-09-29,8.1,Remember understand make walk two because.,email
924,176,2023-09-03,5.2,Worry cut brother pass.,email
925,1630,2023-09-23,5.1,On building like go.,email
926,563,2023-08-24,5.5,Although risk billion research camera.,in_app
927,1039,2023-08-21,4.7,Of ok game once.,in_app
928,785,2023-07-11,8.6,Point and response hard seek second service.,email
929,1673,2023-07-06,6.1,Possible increase result future although probably land.,email
930,705,2023-09-13,9.6,Room morning magazine memory buy represent.,in_app
931,1412,2023-08-28,6.3,Exist study over thought.,phone
932,1726,2023-09-16,9.9,Born man inside hit city left.,in_app
933,557,2023-08-21,7.5,Magazine force southern identify already thought.,in_app
934,1337,2023-09-13,7.0,Wide skill whole agree sport.,in_app
935,909,2023-09-07,8.7,Clearly might up through hope citizen account.,email
936,199,2023-07-31,8.5,Because have relationship manage ability perhaps learn.,email
937,1384,2023-08-10,7.3,Price real economy kitchen your.,email
938,94,2023-09-22,10.0,Popular out speech evening response just.,in_app
939,1614,2023-07-29,7.1,Already force practice fear reveal need.,email
940,1218,2023-08-14,10.0,Perhaps car structure poor.,in_app
941,1024,2023-07-24,8.5,Look the baby defense.,email
942,1908,2023-08-09,6.1,Him send decide without whatever area such or.,email
943,4,2023-09-25,5.4,Expect character production concern everybody these in.,email
944,117,2023-08-28,6.4,Social worry lawyer loss on study way.,email
945,1815,2023-07-14,6.8,Chair around gas respond side value face.,in_app
946,1973,2023-09-10,4.5,Should face truth general little.,email
947,407,2023-09-27,8.0,Page without current house reduce evening talk laugh.,email
948,1827,2023-07-18,7.3,Environment form score send girl strong.,email
949,1960,2023-08-26,7.3,Fire specific listen environmental.,email
950,783,2023-09-24,6.9,Necessary mention official individual garden.,email
951,293,2023-08-08,6.4,Interesting despite range card.,phone
952,1283,2023-09-07,8.0,Staff short society two short grow look also.,email
953,41,2023-09-16,8.5,Article run physical pressure.,email
954,275,2023-07-15,6.4,Try hundred ball instead last especially.,in_app
955,1733,2023-08-29,6.3,Early western report kid down like.,email
956,431,2023-07-28,7.5,Result sign necessary offer then.,email
957,772,2023-07-22,5.3,Official east hour poor.,email
958,670,2023-08-22,9.8,Six cell company yourself education personal medical.,email
959,300,2023-09-12,10.0,Yourself try share late.,email
960,1999,2023-07-19,8.0,You with consumer gun fine far.,email
961,1540,2023-08-28,7.9,Bed reveal parent both worry town bring.,email
962,1694,2023-08-11,7.1,Exist movie her myself ahead hospital.,email
963,161,2023-09-15,10.0,Full decade myself far.,phone
964,454,2023-08-10,4.5,Measure enough expect sell interview activity great message.,email
965,1966,2023-09-04,5.8,Father audience us through father decade society.,email
966,1651,2023-09-27,6.5,Usually ahead make want.,in_app
967,1751,2023-09-01,6.4,News method training speak avoid wonder Mrs everybody.,in_app
968,1508,2023-09-18,8.2,Develop clear worker difference.,email
969,922,2023-09-29,7.1,Car detail force everything surface improve air.,email
970,1855,2023-07-09,5.9,Half wind structure remember by girl.,in_app
971,1327,2023-07-09,8.0,Subject attorney get.,in_app
972,1307,2023-09-01,6.5,Senior help center both.,email
973,1148,2023-08-11,4.8,Later night important them.,email
974,1085,2023-08-10,10.0,Head health interest along.,email
975,147,2023-07-25,8.7,Force section enter fall.,email
976,450,2023-08-14,6.4,Few far indeed suddenly across.,phone
977,253,2023-07-02,9.3,Prevent common rule fall relate make.,email
978,1189,2023-08-14,8.5,Get meeting series arrive interesting body.,email
979,576,2023-08-03,9.2,Reality why green one fight politics half.,email
980,1485,2023-08-29,8.2,Six middle next food environment save good.,phone
981,639,2023-08-12,7.4,Sound wife age understand.,in_app
982,1995,2023-07-25,10.0,Ground such job type.,email
983,627,2023-07-23,5.9,Enough smile dream water often hotel charge live.,email
984,1760,2023-07-15,7.9,Deep impact into old at the four.,in_app
985,1335,2023-07-08,8.0,The guess almost down east others can.,in_app
986,1870,2023-08-07,3.8,Town public three card.,in_app
987,446,2023-08-31,3.7,Difference pressure page pass whole tell exist.,email
988,754,2023-07-09,6.2,Tend play fish environment.,in_app
989,168,2023-08-07,7.4,Sort feeling offer environmental again.,email
990,614,2023-07-14,4.3,Base wonder represent life memory range rate.,email
991,908,2023-08-09,7.7,Professional science public onto station.,email
992,1549,2023-09-12,9.7,Might large space rule subject throw.,in_app
993,351,2023-07-28,7.0,Feeling but how.,email
994,1100,2023-07-18,6.4,As news carry military simple firm.,email
995,1334,2023-08-09,5.4,Relationship along organization entire cup certain check.,email
996,1525,2023-08-17,6.7,Catch long debate drop.,email
997,2000,2023-09-13,8.5,Break white away food.,in_app
998,1407,2023-09-03,8.6,Production economy history music woman.,email
999,1483,2023-07-14,7.5,Thing available company.,email
1000,1971,2023-07-17,9.3,Inside material style professional.,email
1001,912,2023-09-11,6.0,Class father opportunity.,in_app
1002,816,2023-09-12,4.8,Whole deal science account arrive.,in_app
1003,1258,2023-07-14,9.1,Leg social likely occur outside include newspaper.,email
1004,1943,2023-07-31,5.2,Management seem station by wonder.,in_app
1005,697,2023-07-04,5.1,Value film wind.,email
1006,1895,2023-07-10,10.0,All specific money small first.,email
1007,124,2023-07-21,4.6,Simple try song hair deal hope.,email
1008,1752,2023-07-19,6.0,South world lose.,email
1009,27,2023-09-20,5.9,Position trade friend brother idea.,email
1010,1779,2023-08-28,7.8,Approach agent inside clear work.,email
1011,1203,2023-09-10,9.5,Reveal everybody name protect indeed record.,email
1012,1053,2023-09-23,10.0,Manage animal development authority country second.,email
1013,1380,2023-08-24,9.2,Hope wonder accept field create weight trip.,email
1014,447,2023-09-24,9.9,New coach summer share individual bit.,email
1015,14,2023-09-12,8.2,Professor church team its stay sing game.,in_app
1016,151,2023-08-28,8.0,Actually have improve wife clearly strategy deep.,email
1017,764,2023-08-02,10.0,Wrong return serve modern be.,in_app
1018,49,2023-07-28,8.1,Draw consumer nation low.,email
1019,174,2023-08-29,8.6,Room under move sit never.,email
1020,1608,2023-09-18,4.1,There low event culture money nation alone.,in_app
1021,1789,2023-09-14,4.9,Understand hotel approach identify data sometimes.,in_app
1022,1124,2023-09-26,9.1,View total since down.,in_app
1023,171,2023-09-16,6.8,Itself throughout position beat.,email
1024,1528,2023-07-10,10.0,Sometimes task peace direction place.,email
1025,341,2023-09-27,7.9,Expect prepare pressure remain learn affect.,in_app
1026,276,2023-08-26,6.9,Prevent left south against bill alone part.,in_app
1027,1784,2023-08-05,7.7,Hot describe bit field sister really.,email
1028,265,2023-09-27,8.3,Since view action than number page.,email
1029,99,2023-09-23,5.4,Off decision threat plan.,email
1030,430,2023-08-06,7.6,Tonight task my wide subject.,email
1031,164,2023-07-10,6.4,Detail lay figure Mr traditional even.,email
1032,943,2023-09-08,9.7,Sometimes information seven generation like anyone go.,email
1033,741,2023-07-23,7.2,Choice tough figure push human.,email
1034,1326,2023-08-25,5.1,Newspaper central receive eight face quality decide good.,email
1035,223,2023-08-07,9.8,Ball nature establish measure once character huge.,email
1036,1253,2023-09-10,6.0,General respond ahead five especially hand.,email
1037,1276,2023-09-19,8.3,Change image coach beyond war fast.,email
1038,1585,2023-08-07,2.5,For hair culture nice truth.,in_app
1039,1055,2023-07-09,8.3,Already be box approach determine it that staff.,email
1040,1174,2023-09-23,9.3,Become source return area worry machine number.,email
1041,281,2023-09-19,9.7,Middle course significant whose size.,phone
1042,650,2023-09-16,7.9,Republican able air all how return local.,email
1043,1708,2023-07-06,9.9,Station all exactly production support eat service.,in_app
1044,1764,2023-07-23,4.5,Those effort with begin general west myself.,email
1045,39,2023-07-08,8.9,Respond example think pressure.,email
1046,130,2023-07-25,4.3,Here safe baby serious authority.,email
1047,383,2023-09-21,9.8,Each chance employee pretty.,email
1048,1280,2023-09-27,7.4,Which rate international card.,phone
1049,688,2023-08-12,5.7,Toward citizen party improve newspaper.,email
1050,1279,2023-07-25,4.9,Tough crime agency wrong there these.,email
1051,29,2023-07-16,6.7,Action last full be back power deep.,email
1052,1643,2023-07-27,7.5,Computer property health owner.,phone
1053,1955,2023-07-13,8.1,Media star fall political agreement American.,email
1054,1730,2023-08-05,9.3,Throughout safe base why go force probably.,in_app
1055,1535,2023-08-01,5.1,Could impact current technology itself management put.,email
1056,201,2023-09-26,6.2,Guy send authority catch role.,email
1057,1374,2023-07-30,8.4,It bring your rate short.,in_app
1058,330,2023-08-13,9.8,Little machine son production or campaign.,in_app
1059,968,2023-09-05,7.4,Finally build war goal letter draw center.,email
1060,514,2023-07-01,9.3,Employee worker fill spend knowledge.,email
1061,240,2023-09-28,8.2,Form choice soldier present.,email
1062,1139,2023-09-11,5.4,Husband raise find work.,email
1063,1128,2023-07-01,9.8,Table per factor will central most travel.,email
1064,160,2023-07-15,6.3,Third per like partner kind policy.,email
1065,1271,2023-09-12,5.5,Effect specific these few art medical address according.,in_app
1066,1778,2023-09-28,6.4,Eat key glass face television both head.,email
1067,294,2023-07-18,8.5,They year rise during yet one focus rather.,email
1068,872,2023-08-01,7.4,Specific entire affect effect exactly until.,email
1069,258,2023-07-31,7.5,Enter keep thank mother suddenly here.,email
1070,672,2023-09-13,3.5,Describe product summer crime agree lose.,in_app
1071,1994,2023-08-19,8.5,Process rise answer decision research mind.,in_app
1072,10,2023-09-10,7.2,Like head watch either opportunity toward smile.,in_app
1073,1257,2023-07-31,5.9,Gun factor impact than middle mission let.,email
1074,339,2023-09-18,8.6,Worry store foreign upon participant.,email
1075,1317,2023-08-17,1.3,Chair within shake discover result try.,email
1076,1394,2023-09-16,5.9,Off line support arm within big.,email
1077,1652,2023-07-23,9.0,Speech many spring simply provide.,phone
1078,792,2023-07-20,10.0,Option system respond main buy hear scientist rule.,in_app
1079,399,2023-09-27,8.6,Certain clearly seem place behind.,email
1080,1071,2023-09-03,7.5,Serious market beyond difference make southern.,email
1081,1300,2023-07-14,7.4,Someone remain base.,in_app
1082,746,2023-08-31,5.5,Can cost here ok.,email
1083,166,2023-07-17,7.5,Smile size evidence weight resource.,email
1084,794,2023-09-28,4.9,Fill religious development almost minute adult long.,email
1085,1044,2023-08-09,7.3,Others court agree find several.,email
1086,1648,2023-09-21,6.0,Discover risk return brother.,in_app
1087,1121,2023-07-29,8.3,Soon there must throughout concern woman middle.,in_app
1088,1207,2023-09-08,9.5,Service strong discuss.,email
1089,243,2023-09-17,6.1,Them watch indeed business call chance lawyer.,email
1090,1913,2023-09-26,6.6,Far model draw two education sing figure.,email
1091,1125,2023-09-22,8.4,Represent family recently practice short couple.,email
1092,1216,2023-08-20,4.9,Enter simply resource perform responsibility store bar make.,phone
1093,1387,2023-08-23,7.8,Herself image film investment.,in_app
1094,1944,2023-08-23,10.0,Improve stuff both movie.,email
1095,1637,2023-07-18,4.9,Apply whom artist science present.,in_app
1096,1152,2023-09-23,7.0,Responsibility often budget well least fine.,email
1097,292,2023-07-09,3.5,Firm security suddenly least morning happen identify.,email
1098,1502,2023-09-15,4.6,Service walk fine will mind loss law marriage.,email
1099,1589,2023-07-17,8.8,Charge industry throughout.,email
1100,128,2023-08-29,10.0,Author able part when whose enough side.,in_app
1101,838,2023-08-16,5.5,Fund writer similar player two.,email
1102,1720,2023-08-01,5.6,Especially receive where might.,in_app
1103,87,2023-07-01,5.2,Though teacher me choose.,email
1104,246,2023-07-08,6.4,Girl particular reduce debate.,email
1105,1830,2023-07-04,10.0,Reveal hard true hot cost opportunity cover.,in_app
1106,1517,2023-09-03,8.5,Sure since most respond yard know.,email
1107,1246,2023-09-17,9.3,Surface heart benefit often stop know perhaps.,email
1108,273,2023-07-28,10.0,Help analysis end everything.,email
1109,1675,2023-09-20,7.3,Act at region.,email
1110,1571,2023-09-14,4.9,Fact five expect understand.,email
1111,1361,2023-08-20,5.9,Boy none rather necessary tell.,email
1112,717,2023-08-06,6.3,International hand dinner she court.,in_app
1113,1386,2023-09-01,4.9,Commercial team more entire.,phone
1114,1348,2023-07-30,7.4,Detail surface sport different.,in_app
1115,1166,2023-07-26,8.0,Address source car.,email
1116,937,2023-09-23,7.3,Project eight quickly blue although along.,phone
1117,375,2023-09-04,4.0,Make care research central.,email
1118,1575,2023-09-21,9.7,Seven people term interesting example building according.,email
1119,875,2023-07-07,6.7,Research generation analysis.,email
1120,758,2023-09-12,5.2,Total environment scientist think trade law.,email
1121,1157,2023-09-05,8.4,Play answer PM will campaign body world.,in_app
1122,429,2023-09-12,6.0,I fill use during.,in_app
1123,1396,2023-08-01,7.3,Question around movement analysis effect.,email
1124,771,2023-09-05,9.4,Fish lay success politics early company I lay.,email
1125,1072,2023-08-17,7.2,Low new mind place nature.,email
1126,1775,2023-12-13,7.1,Rest performance actually begin.,email
1127,1879,2023-10-24,8.7,Race her man put.,email
1128,1896,2023-10-02,6.8,Item use rule parent.,email
1129,526,2023-12-28,6.3,Culture move look lose shoulder third become.,email
1130,1493,2023-11-18,6.5,Little experience act bit direction short rule herself.,email
1131,1090,2023-10-31,5.3,Go realize reduce story.,email
1132,1074,2023-11-28,5.8,Civil thank whom agree.,email
1133,967,2023-10-26,4.6,New interview total ok.,in_app
1134,1076,2023-12-10,5.3,Cut leg shake ok center drop.,email
1135,595,2023-12-20,4.6,System bad south happy.,email
1136,493,2023-10-29,9.1,Itself push successful daughter.,email
1137,1599,2023-11-21,3.6,Whatever person trouble drop red sense stuff.,email
1138,262,2023-11-05,9.9,Attention garden everybody candidate Republican third series.,in_app
1139,679,2023-10-14,5.9,Measure part store.,in_app
1140,360,2023-11-13,9.4,Do seat husband pattern should from statement trial.,email
1141,601,2023-10-04,8.5,Lawyer popular actually rule land modern sometimes.,email
1142,175,2023-12-29,2.6,Bar fly visit sort environment vote.,email
1143,1280,2023-12-01,7.8,Know kind wind accept care.,email
1144,160,2023-10-21,7.8,Share tough plant.,email
1145,1226,2023-10-11,3.7,Story evening prevent able more.,email
1146,353,2023-11-06,5.1,American admit medical might history tend safe.,email
1147,618,2023-11-08,10.0,Campaign feeling picture knowledge there evening author home.,email
1148,1875,2023-10-01,4.9,Water decide site wrong become before.,email
1149,1533,2023-10-23,6.2,Free senior apply strong exist thus maintain deep.,email
1150,1051,2023-11-19,10.0,Plan decision small know.,email
1151,1037,2023-10-10,6.3,Chance sister human of play point.,phone
1152,1939,2023-10-09,7.5,Approach lose particularly require act attack.,email
1153,150,2023-11-07,7.4,Although organization evidence.,email
1154,1361,2023-12-04,5.3,Drug you mouth represent tonight happy million.,in_app
1155,1832,2023-12-13,7.9,Fish evening hotel front.,email
1156,1701,2023-11-18,6.0,Head design career staff both business source.,email
1157,394,2023-11-25,7.2,Task national standard may course next.,email
1158,631,2023-10-25,5.4,Most newspaper cup audience none movement.,email
1159,802,2023-12-20,10.0,Hour might risk only final truth way.,email
1160,111,2023-12-20,4.2,Hit job project front.,in_app
1161,762,2023-12-17,7.2,Put certainly happy about action little positive.,email
1162,491,2023-11-01,6.0,Two through go.,email
1163,1516,2023-11-03,8.4,Not six better program game light experience.,in_app
1164,941,2023-11-20,6.6,Sound policy provide plan former himself beyond.,email
1165,1260,2023-10-26,5.9,Also bring scene range focus economic phone capital.,phone
1166,817,2023-12-13,8.5,Could painting Mr sound pick.,email
1167,1928,2023-12-18,8.5,Happen southern same movie range letter.,phone
1168,574,2023-11-06,6.4,Movement environment who one none social.,in_app
1169,33,2023-12-09,8.2,Join a quite however wait high.,email
1170,1108,2023-11-27,9.3,On hour among significant at force stay.,email
1171,454,2023-11-09,8.9,First camera product think.,email
1172,270,2023-10-23,9.4,Choice compare feeling himself issue.,email
1173,1002,2023-11-09,6.6,Single student save yet chair task step.,email
1174,422,2023-10-06,4.5,Recognize nearly project.,email
1175,1507,2023-11-28,7.5,Again type business attention find choose difference three.,email
1176,1474,2023-12-12,10.0,Activity peace nature owner nothing.,in_app
1177,1989,2023-11-15,9.5,Top now accept lawyer anyone seem.,in_app
1178,297,2023-11-18,9.7,Expert heavy color remain eye feeling.,in_app
1179,1007,2023-10-05,2.8,Mean time hold need.,email
1180,251,2023-10-15,6.0,Although us yeah quite what direction population.,email
1181,215,2023-11-28,8.6,Station lay director represent enjoy.,email
1182,18,2023-10-02,6.2,Himself friend each relate how big five.,email
1183,1420,2023-10-06,7.8,Ahead decide nation activity.,email
1184,1253,2023-10-15,7.3,Style five for science sound mind this.,in_app
1185,205,2023-12-02,7.4,Evidence try wish improve country still.,phone
1186,1286,2023-12-20,9.6,Water also view evening hold.,in_app
1187,1393,2023-12-07,10.0,Herself manage plan theory better.,email
1188,920,2023-10-18,5.4,Money black agent opportunity place church.,email
1189,222,2023-10-31,6.8,Whole issue detail after.,phone
1190,1367,2023-11-25,6.9,Above sea source see whatever.,email
1191,689,2023-12-12,6.7,With partner everybody.,email
1192,498,2023-11-01,6.9,Society item well record leader now pick.,email
1193,1811,2023-12-26,5.8,Phone available east executive economic away ok.,email
1194,723,2023-10-03,6.2,Arrive strong least magazine or.,email
1195,560,2023-10-24,10.0,Work owner environment later worry according grow.,email
1196,207,2023-10-10,7.1,Tend media PM security student list season.,in_app
1197,1404,2023-12-15,8.1,Present tough very there vote.,in_app
1198,1266,2023-11-19,6.5,Same produce modern common my threat game station.,email
1199,62,2023-11-15,6.0,American what picture say just professional.,email
1200,1664,2023-12-28,8.6,Scientist series soon deep.,email
1201,1150,2023-10-01,8.7,Join choose if military.,email
1202,1733,2023-11-15,3.4,Partner learn yes perform child blue.,in_app
1203,1559,2023-10-14,6.1,Bad rate top available sound international within.,email
1204,1295,2023-11-30,6.3,Technology much whether in itself many teach establish.,email
1205,1261,2023-10-01,8.3,First local agency home.,email
1206,1019,2023-12-01,4.5,Build authority Mrs.,email
1207,1309,2023-11-18,7.8,His miss message tell exactly design tree.,email
1208,234,2023-11-05,5.0,Poor clearly cover leave concern before personal.,email
1209,542,2023-11-15,9.3,By with laugh newspaper decision.,email
1210,1503,2023-11-26,10.0,All between list home.,email
1211,1935,2023-10-30,6.0,Book none them.,email
1212,768,2023-11-01,6.8,Together another themselves.,email
1213,1451,2023-12-16,7.3,Pay dream property sign pull treat little.,in_app
1214,393,2023-11-19,6.2,Ability federal view future choice red.,in_app
1215,453,2023-11-04,7.3,Degree few fish turn camera.,email
1216,314,2023-10-13,7.7,Company country ok maintain.,email
1217,1032,2023-10-10,4.6,Sea character smile fall.,phone
1218,727,2023-12-07,7.2,Rather imagine there yard last stuff.,email
1219,108,2023-10-04,3.1,Pattern age leave low chance with.,email
1220,996,2023-11-29,5.6,Land movie down standard direction market data.,email
1221,109,2023-12-01,6.0,Play simple old.,email
1222,320,2023-11-14,8.2,Hand somebody Democrat civil return example.,email
1223,1170,2023-10-07,8.8,Try response offer place determine if will.,email
1224,306,2023-10-15,5.3,Station today war something read.,email
1225,829,2023-11-16,5.7,Activity fund win relationship pass common loss.,email
1226,1588,2023-12-10,10.0,Back well offer case blood.,email
1227,45,2023-10-13,8.7,Citizen good tough.,email
1228,558,2023-12-09,6.4,Player assume ever without.,email
1229,940,2023-10-31,9.5,Less cut painting rise run.,email
1230,221,2023-10-31,6.8,Different everyone mind movie maintain.,email
1231,1765,2023-11-26,2.5,Design opportunity member century.,email
1232,550,2023-11-19,4.6,Walk nice would price born debate fish discover.,email
1233,839,2023-10-30,9.8,Fire no military line feel.,email
1234,428,2023-10-26,7.3,Shoulder pressure top resource.,email
1235,130,2023-10-15,8.9,Fact example protect partner.,email
1236,473,2023-12-09,6.6,Where pretty heart bar she.,email
1237,83,2023-10-30,7.1,Condition reach look tonight up lead also.,phone
1238,489,2023-10-02,4.6,Carry color well dog nearly walk camera middle.,email
1239,1425,2023-10-11,4.2,Message theory begin happy.,email
1240,798,2023-10-04,7.9,Amount film stand area since.,email
1241,1653,2023-11-21,9.2,Ability room citizen fine very experience.,in_app
1242,1809,2023-11-17,6.7,Share break treatment key baby lot clear which.,email
1243,217,2023-11-25,6.3,Help save senior keep enough budget weight born.,email
1244,1144,2023-12-02,8.9,Try concern interview.,email
1245,285,2023-12-02,5.6,Themselves player southern option energy speech.,email
1246,1966,2023-11-06,8.0,Account standard individual degree war expert.,email
1247,647,2023-11-25,6.4,Almost work official design sense.,email
1248,691,2023-12-07,5.5,Its source civil list I range human current.,email
1249,1839,2023-12-04,9.1,Rock couple into wear treatment customer out speak.,email
1250,141,2023-11-16,8.3,New direction who ten meeting until.,in_app
1251,1243,2023-10-05,8.4,Mention scene table easy may.,email
1252,808,2023-11-23,10.0,Son news strategy per method project stage.,email
1253,686,2023-10-30,6.3,Different really difficult campaign exactly loss care.,email
1254,827,2023-11-06,5.8,Main beautiful enough style improve hundred dinner wall.,email
1255,1913,2023-10-02,5.3,Whose well although strategy industry finish.,email
1256,667,2023-10-27,5.8,Wall imagine figure century page future.,email
1257,538,2023-10-20,7.4,Effect last suddenly center million.,email
1258,281,2023-11-12,6.7,Health challenge start nation institution carry.,email
1259,1462,2023-10-09,5.6,Provide someone past scientist woman deep may effect.,email
1260,1667,2023-12-05,9.2,Herself these film lead.,email
1261,1245,2023-12-23,5.8,Rise often much certain federal film.,email
1262,1207,2023-11-24,3.8,Stay between like rate.,email
1263,1706,2023-10-21,2.2,Front particularly writer message.,in_app
1264,1722,2023-11-12,9.2,Determine drop speech show.,email
1265,124,2023-12-09,5.2,Note report church single college.,email
1266,828,2023-11-30,8.9,Theory explain back necessary want stage market.,in_app
1267,795,2023-10-21,6.4,General poor same the people reduce.,email
1268,359,2023-10-08,6.8,Condition sense capital computer.,email
1269,1836,2023-12-09,5.8,Offer without special learn book.,email
1270,1557,2023-12-13,7.2,Fast successful exist check.,email
1271,1126,2023-10-13,2.1,Reveal try difficult safe.,in_app
1272,661,2023-10-06,5.9,Poor protect plant apply himself.,email
1273,1600,2023-12-17,5.8,Deep series help skill field somebody.,email
1274,1795,2023-10-26,8.6,Top nothing interest none thousand write.,email
1275,1687,2023-10-04,6.8,Toward benefit back exactly give.,email
1276,1088,2023-10-19,9.0,Drive government see any any child.,in_app
1277,397,2023-11-01,8.9,Trip can step radio.,in_app
1278,23,2023-11-28,5.9,Huge else far if agent any.,email
1279,284,2023-12-12,7.3,Including call minute single off me.,in_app
1280,640,2023-12-25,7.1,Reduce not the him.,email
1281,1656,2023-12-15,4.8,Executive radio response standard.,in_app
1282,1916,2023-12-27,7.7,Project reason man character.,email
1283,340,2023-11-08,6.5,Also team art artist.,email
1284,1490,2023-10-27,5.4,Before quality actually professor point price.,email
1285,800,2023-12-06,8.5,Care dark student.,email
1286,1269,2023-10-19,6.6,Whether campaign church participant.,email
1287,226,2023-12-29,4.4,Leg imagine without sell meeting.,email
1288,1106,2023-10-07,5.0,Example act finally name.,email
1289,279,2023-10-05,10.0,Question party yard.,email
1290,888,2023-12-27,5.3,Decision matter meeting face live follow.,email
1291,15,2023-12-10,6.1,Hospital outside authority at social short society.,in_app
1292,1430,2023-10-16,7.8,Wait interesting pick loss ever their.,in_app
1293,377,2023-10-30,5.1,Center yourself nice million expert.,email
1294,719,2023-11-12,8.0,Long through environmental trial present.,email
1295,1854,2023-10-22,10.0,Health speak bad move image fill.,email
1296,826,2023-12-07,4.3,Country front fact people our forget occur young.,email
1297,1130,2023-11-05,6.8,Media design take really guy soon.,email
1298,12,2023-12-09,7.7,Garden itself whether suddenly lot.,email
1299,1798,2023-10-07,6.2,Expert concern season build woman.,email
1300,6,2023-11-30,6.9,Seek picture same order since.,email
1301,660,2023-12-17,7.4,Leave item cover life begin.,email
1302,115,2023-11-14,8.7,Since place dream politics claim have low.,in_app
1303,127,2023-11-30,8.5,Chair pay war year film candidate.,email
1304,1556,2023-11-26,7.5,Rather approach drug health resource sure.,in_app
1305,1633,2023-10-20,4.6,Effort should determine base right.,in_app
1306,1133,2023-12-20,8.6,Which your bank.,email
1307,1659,2023-12-23,1.7,Lawyer with bed raise arrive traditional.,in_app
1308,1598,2023-10-30,6.9,Early wife want three southern view Congress.,email
1309,1262,2023-10-24,7.0,No very want ball choose staff.,email
1310,1205,2023-11-24,7.5,Plant night someone successful.,in_app
1311,1513,2023-12-25,7.5,Future find lot hotel floor step.,email
1312,1252,2023-10-06,4.3,General chair prepare kitchen ask.,in_app
1313,610,2023-10-09,6.0,Born themselves home method.,email
1314,57,2023-10-23,9.7,Feeling region above culture concern news you.,email
1315,948,2023-10-03,8.6,Face development fine as.,email
1316,1574,2023-12-07,9.5,Education only responsibility open particularly mission total few.,email
1317,1791,2023-11-19,6.6,With keep watch senior past trouble.,email
1318,1731,2023-10-19,8.7,Rise response determine appear.,email
1319,495,2023-12-25,10.0,Break region design evening.,email
1320,336,2023-11-02,7.4,Rock name feel general sort.,in_app
1321,245,2023-10-03,8.3,Very artist interview experience during.,email
1322,1866,2023-10-17,10.0,Million major soldier pull.,email
1323,511,2023-11-15,6.2,Table treatment yeah kid.,email
1324,1535,2023-11-27,7.7,Million might build treatment there international.,email
1325,1246,2023-11-18,7.1,As no leave view watch effort effect.,email
1326,509,2023-12-04,7.0,Without brother offer author.,email
1327,275,2023-10-30,8.8,Fall foot thought rise.,email
1328,416,2023-10-25,4.9,Rate new machine success.,email
1329,1790,2023-10-09,7.0,Less increase say either.,email
1330,418,2023-11-12,8.6,Small government guess about quickly.,email
1331,915,2023-11-27,6.9,Crime little leave deal stuff themselves.,email
1332,1628,2023-12-28,5.6,Film cell reason thing voice media.,email
1333,1947,2023-12-05,5.0,Run structure very federal statement.,email
1334,1274,2023-11-21,6.8,Fill born stay bed expert.,email
1335,1864,2023-12-17,9.0,Girl like which professor catch though.,email
1336,1881,2023-12-29,5.0,Cause pattern weight discover foot late parent.,email
1337,1300,2023-10-06,3.3,Check enter themselves hundred.,email
1338,621,2023-12-01,8.1,Now room I word serious mean.,email
1339,598,2023-10-17,7.2,Face guy usually parent eye conference fill.,email
1340,266,2023-12-10,8.9,Must investment time lose that gas.,email
1341,1483,2023-11-11,4.8,Administration hotel side nearly young open job.,in_app
1342,440,2023-10-22,7.3,Voice ahead high population hard save.,email
1343,1491,2023-10-24,7.6,Bit herself risk series and low dream.,email
1344,1385,2023-12-15,8.0,Describe culture head painting believe best.,email
1345,796,2023-11-11,4.1,About capital benefit.,email
1346,1587,2023-12-02,6.5,Write player consider become you lead.,email
1347,96,2023-10-08,6.6,Onto training article opportunity.,email
1348,626,2023-11-13,7.7,Court wide behavior somebody generation picture.,email
1349,521,2023-10-26,6.7,Family yourself raise play down ask stay.,email
1350,892,2023-12-07,8.9,Open fight them behavior shake business television dark.,in_app
1351,1264,2023-10-01,5.3,Month energy whatever argue.,email
1352,2,2023-12-25,6.8,Whom sign music maybe anything administration.,in_app
1353,110,2023-11-15,8.1,Treatment because road employee letter energy north.,email
1354,837,2023-12-16,8.1,Politics window pattern without.,in_app
1355,406,2023-11-02,5.1,Administration ability decide toward area drug four.,email
1356,1163,2023-11-10,8.1,Lawyer need lot find drug officer rate.,email
1357,1926,2023-12-04,5.2,Natural phone sport early.,in_app
1358,1948,2023-10-12,7.9,Series Republican but nothing family impact early.,email
1359,24,2023-10-01,5.1,Seven claim do operation garden decision buy about.,email
1360,1806,2023-10-24,8.4,Management art collection be far.,email
1361,1752,2023-11-02,3.4,Strategy much whatever maintain itself result.,email
1362,1953,2023-11-15,6.3,Determine mean become issue defense.,in_app
1363,665,2023-11-05,2.2,Ahead common increase soon continue.,email
1364,1308,2023-11-13,7.7,Reach a knowledge seek pass.,email
1365,319,2023-11-13,7.1,Never discussion today personal.,email
1366,958,2023-10-18,7.0,Choice off their expect heart.,email
1367,1767,2023-10-28,7.1,I north book because commercial.,email
1368,1540,2023-11-02,5.8,Follow side writer door.,email
1369,1362,2023-12-16,5.4,Bill ball alone customer PM beyond former.,in_app
1370,1159,2023-12-19,7.0,Along involve instead economic Mrs form.,email
1371,588,2023-10-12,5.8,Too say could indeed down stock.,email
1372,1171,2023-11-28,9.3,Increase year seven leg.,email
1373,1053,2023-10-02,7.1,Garden you institution almost stay argue study.,email
1374,859,2023-10-04,3.6,Teacher term dog son support conference.,email
1375,845,2023-12-02,6.6,Believe own list degree player ahead.,email
1376,675,2023-11-22,10.0,Air it hot edge four.,email
1377,1788,2023-10-08,6.9,Bank base notice way.,email
1378,264,2023-11-19,5.9,Finally management along which.,email
1379,799,2023-12-21,4.8,Part bar teach usually most whose.,email
1380,978,2023-10-18,7.7,However artist bill card morning sister.,email
1381,1822,2023-10-31,9.1,Soldier would issue stop conference opportunity.,email
1382,1324,2023-12-26,7.9,Feel room guess throughout course.,in_app
1383,89,2023-12-15,4.6,Attention win including better forward office sort.,email
1384,199,2023-10-26,7.8,Writer part consider realize fear sport blood.,email
1385,1030,2023-11-06,7.7,Free whatever medical officer foreign.,email
1386,524,2023-10-02,6.6,Yeah oil treatment deal actually technology.,email
1387,636,2023-12-15,6.2,Policy protect rise yourself hope into now.,email
1388,1232,2023-11-05,6.5,Imagine actually lead national organization learn.,in_app
1389,358,2023-12-29,4.4,Name item evening it financial.,in_app
1390,1970,2023-10-04,4.0,Campaign break within line store media just.,email
1391,1039,2023-10-03,7.3,Candidate off happen single many.,in_app
1392,1166,2023-11-12,6.9,Leave into power sit eat rise sport.,email
1393,1368,2023-11-02,10.0,Issue two use board energy.,in_app
1394,594,2023-12-30,9.8,Others behavior do tough trade.,in_app
1395,1634,2023-12-01,6.5,Nearly suddenly dream will together skin.,email
1396,308,2023-12-17,8.0,Best audience response choose room key region.,email
1397,1390,2023-10-12,6.6,Out out method consider site try these last.,in_app
1398,1897,2023-10-30,8.3,Kind line bar reflect.,email
1399,1969,2023-11-04,7.9,Response car sport list catch heavy dog.,email
1400,497,2023-10-05,5.2,Individual seven sure our.,in_app
1401,1848,2023-12-03,8.1,Grow matter near life put improve data.,email
1402,642,2023-10-03,6.3,Leg rise up along take.,in_app
1403,103,2023-10-24,8.7,Recent century less into financial cultural heavy.,email
1404,1780,2023-11-29,8.3,East civil majority record where letter must early.,email
1405,351,2023-12-24,10.0,Listen inside note unit.,email
1406,531,2023-12-20,8.4,Grow pattern one present.,email
1407,382,2023-12-01,7.9,Describe establish guy same.,in_app
1408,87,2023-12-17,6.3,Almost guy something mention appear different.,email
1409,184,2023-11-20,4.7,Lose religious common hour south.,in_app
1410,32,2023-12-28,5.1,For war system consumer.,phone
1411,1138,2023-12-29,9.7,Fall charge animal wait strong crime late.,email
1412,1448,2023-10-18,4.7,Suggest soldier song offer indicate service.,email
1413,1868,2023-11-11,6.5,Ground buy cut hot whole off.,in_app
1414,1098,2023-12-10,6.7,Congress tell since chance every follow need ability.,email
1415,1626,2023-11-12,4.0,Act star customer maybe popular loss tough responsibility.,email
1416,764,2023-11-16,8.1,Environmental goal strategy support tree.,email
1417,1502,2023-12-26,6.1,Analysis hair blue great base speak cause minute.,email
1418,1651,2023-10-26,8.6,Each court yet they she fill past.,email
1419,1990,2023-11-22,10.0,Together themselves red.,email
1420,1488,2023-12-12,8.5,Product inside could difference nice serve into.,in_app
1421,7,2023-11-08,6.9,Stand hard rock large campaign behavior nation.,email
1422,1446,2023-10-03,8.2,Chance cut skill it player shake force.,email
1423,1305,2023-10-05,6.6,Newspaper present enter magazine interview.,email
1424,1251,2023-10-15,6.5,Scene figure nature.,in_app
1425,1567,2023-12-20,6.3,Member recently name poor apply shake.,email
1426,185,2023-12-03,6.4,Kitchen form we hope these.,email
1427,121,2023-12-19,7.7,Onto focus option less stop young.,email
1428,1195,2023-11-07,7.2,Nothing chair senior school lead wind age.,email
1429,164,2023-11-16,9.3,No his peace world wall.,in_app
1430,1702,2023-10-19,9.6,Full home share power.,email
1431,567,2023-12-01,7.3,Friend benefit soldier trial main bit focus.,in_app
1432,1838,2023-10-14,8.6,Form difference toward.,email
1433,268,2023-10-16,8.8,Out crime quality if American purpose protect.,email
1434,1418,2023-11-04,6.0,Yet admit probably edge crime sound.,email
1435,276,2023-12-18,10.0,Station single suffer direction natural.,email
1436,1111,2023-10-27,8.6,Option dinner nor focus career president southern effect.,email
1437,1178,2023-12-20,6.3,Late political argue close board study.,in_app
1438,1824,2023-12-06,2.9,Discover bank huge part room.,in_app
1439,1965,2023-10-17,7.0,Bit college theory how.,email
1440,1999,2023-10-01,6.7,Good song determine piece evidence.,phone
1441,1415,2023-11-26,7.0,Trouble possible quite long to wide boy.,email
1442,1800,2023-11-09,5.0,Others those plant size move executive.,email
1443,634,2023-10-06,8.6,Decision entire reason character later thought seat.,email
1444,112,2023-12-14,8.1,His experience national hair attorney wall good.,in_app
1445,671,2023-10-27,6.4,Improve his behavior pattern.,email
1446,413,2023-11-05,7.8,Form score dinner money ability require argue hospital.,email
1447,1501,2023-11-29,7.7,Process agree college imagine program whole.,in_app
1448,1105,2023-10-05,9.9,Kid commercial now address worry lose project.,email
1449,1995,2023-12-28,5.8,Yourself person machine another soldier me.,email
1450,1725,2023-10-21,8.2,Own season early tend.,email
1451,853,2023-12-11,9.4,Subject ball outside should suddenly.,email
1452,1849,2023-12-02,5.9,Evidence opportunity base.,in_app
1453,676,2023-11-14,10.0,Democrat look thus wear.,phone
1454,716,2023-10-22,4.8,That system few ready challenge suffer.,in_app
1455,889,2023-11-06,2.9,Others industry large.,email
1456,1536,2023-10-06,5.6,Chance you soldier much may like north.,email
1457,1852,2023-10-24,10.0,Minute option animal themselves.,email
1458,311,2023-11-06,5.8,Or get rule level.,in_app
1459,310,2023-10-08,8.4,House wall pattern point report.,in_app
1460,186,2023-10-26,9.8,Know agent single bank play than wide.,email
1461,557,2023-10-07,4.0,Per government value person foreign skin.,email
1462,1709,2023-11-23,9.4,Key television rule purpose.,in_app
1463,1216,2023-11-26,7.7,Even anyone ahead rise level nearly.,email
1464,1222,2023-10-08,5.2,Minute he type doctor alone return into.,email
1465,1895,2023-10-14,4.0,Conference western majority sure number race ahead.,email
1466,1604,2023-10-03,4.8,Dark identify upon on within analysis condition.,email
1467,1927,2023-10-31,7.1,Large or avoid born.,phone
1468,1743,2023-12-27,7.9,Yet almost yard sing total series plan.,email
1469,1422,2023-10-25,2.8,Drop pretty reduce loss senior within card.,in_app
1470,1682,2023-10-01,5.1,Choose draw behavior big life fire.,email
1471,1230,2023-10-13,6.9,Rise sort event attorney body conference.,in_app
1472,1620,2023-11-27,6.5,Foot project without father reality relationship beautiful six.,email
1473,591,2023-11-29,9.0,Us purpose about prevent moment.,email
1474,1167,2023-10-29,6.1,When course move something school case.,email
1475,1946,2023-12-11,10.0,Way situation key power.,email
1476,522,2023-12-09,8.3,Recent game its writer over community very computer.,email
1477,426,2023-12-18,5.6,Language ground reduce someone itself.,email
1478,1847,2023-12-06,6.0,Here mean total matter memory machine natural support.,email
1479,1121,2023-12-05,7.7,Soldier worry law moment still may.,email
1480,1677,2023-10-07,5.2,Goal tree mother none someone.,email
1481,1769,2023-12-15,8.6,Seven born sort hour see.,email
1482,1648,2023-10-16,8.4,Loss brother just past either.,email
1483,822,2023-11-02,9.6,Each yet particular inside example.,email
1484,1683,2023-12-21,8.6,Turn recently yes.,in_app
1485,943,2023-10-23,6.6,Probably manage difference report information health right.,email
1486,1819,2023-11-29,7.2,High then trip step sell customer direction.,in_app
1487,1517,2023-12-03,5.0,Region glass station management cup experience.,email
1488,1515,2023-10-02,7.7,Trouble arm forget gun know cover.,email
1489,897,2023-10-12,6.9,Evidence another price give certainly it best the.,email
1490,1125,2023-12-09,6.3,Attorney tonight perform lawyer star land.,email
1491,391,2023-11-15,6.2,Again ever particularly economy.,email
1492,208,2023-12-23,9.0,Plan other say baby there.,email
1493,1787,2023-12-01,7.1,Everybody maybe Mrs traditional north picture.,email
1494,1219,2023-11-11,6.1,Value stand they popular.,email
1495,785,2023-12-05,4.2,Have population recently black blood brother.,email
1496,1025,2023-10-27,7.2,Use message station father.,email
1497,1349,2023-12-21,4.9,This loss lot treatment view.,email
1498,239,2023-10-13,6.8,Represent herself wish chance top better.,email
1499,1573,2023-10-21,8.7,Century everybody understand wear significant focus everybody reveal.,in_app
1500,3,2023-10-24,9.3,Big serious actually production.,phone
1501,1668,2024-01-01,5.0,Common second cut drive.,email
1502,1476,2024-03-16,4.2,Brother possible hot should.,in_app
1503,1004,2024-01-31,9.8,Up call soldier success station east board.,email
1504,841,2024-01-26,8.2,Certain usually seat likely hear billion.,in_app
1505,1367,2024-03-13,7.4,Democratic fast article reduce sing knowledge building.,email
1506,1361,2024-03-13,7.1,Design final use parent.,email
1507,1048,2024-03-07,6.3,Window process huge pattern reflect attorney.,email
1508,179,2024-03-13,6.5,Memory live something draw behavior.,email
1509,1316,2024-03-17,6.5,Already table themselves amount attention inside bag.,email
1510,737,2024-01-16,8.1,Itself amount doctor some bar ten.,email
1511,1942,2024-01-28,7.4,These effort finally various.,in_app
1512,1511,2024-03-20,10.0,Not today true almost large small give.,email
1513,611,2024-03-28,6.1,Night military machine wonder maybe.,email
1514,1227,2024-03-25,9.2,Front often friend most.,email
1515,883,2024-02-10,8.4,Respond enter music system.,email
1516,1186,2024-01-21,7.8,Measure involve blood say even show fear.,in_app
1517,238,2024-02-29,4.1,Debate image voice computer.,email
1518,543,2024-03-14,3.9,General option husband subject they student perhaps animal.,in_app
1519,1155,2024-03-28,10.0,See above floor relate.,email
1520,260,2024-02-06,9.7,Collection economic style big type stock.,in_app
1521,1051,2024-02-23,7.3,Really skill song example walk physical mind economy.,email
1522,1019,2024-03-28,6.0,Where respond husband opportunity whatever issue song.,email
1523,655,2024-01-23,8.5,Call partner hear need piece down.,email
1524,627,2024-02-27,6.1,Ten successful into mind technology realize.,email
1525,1080,2024-02-13,6.6,Stay practice try deep training different item.,email
1526,1844,2024-03-23,9.4,Southern people close her product loss.,email
1527,854,2024-02-17,5.2,Interview skill building its beat.,in_app
1528,923,2024-03-04,3.3,Issue you difficult condition hit.,email
1529,1836,2024-02-12,5.2,Certainly thank live about guy young.,in_app
1530,1061,2024-01-02,10.0,Now war whether.,email
1531,1300,2024-01-24,9.4,Of among growth structure fast.,email
1532,325,2024-01-12,5.8,According after firm inside kid manage.,email
1533,955,2024-01-29,7.2,Walk party teacher heart management base.,in_app
1534,436,2024-03-07,8.2,Throw likely field degree foot hotel.,email
1535,1767,2024-01-02,6.6,Like quality far set color outside.,in_app
1536,83,2024-01-16,6.0,Help although here president community interview environmental.,email
1537,1998,2024-01-23,6.1,Chair easy pretty.,in_app
1538,1120,2024-02-08,8.4,Wear part letter energy model sort message some.,email
1539,703,2024-03-11,4.4,Work turn why out air Republican first.,in_app
1540,1058,2024-01-15,6.8,Church wear reality risk challenge church enjoy better.,email
1541,1341,2024-03-25,10.0,Cause catch pattern start.,email
1542,1188,2024-01-19,6.9,Reach eight thank.,email
1543,1123,2024-01-09,6.7,Action deep authority early garden set job.,email
1544,435,2024-02-19,8.3,Feel others suggest beat manage.,email
1545,940,2024-02-26,7.5,Say PM no speak.,email
1546,97,2024-03-09,7.7,Light admit west affect ready.,email
1547,1366,2024-02-13,10.0,Season owner exactly suffer big.,in_app
1548,1754,2024-02-07,7.1,Color five recently red right system put scientist.,in_app
1549,600,2024-01-20,8.6,Who create role certain activity may.,in_app
1550,929,2024-02-03,5.6,Leader step organization across growth same station.,email
1551,1157,2024-03-08,6.7,Director it director school.,email
1552,1483,2024-01-18,5.8,Hospital base become bill show already.,in_app
1553,1937,2024-03-27,4.7,Dark growth idea.,email
1554,1736,2024-03-07,7.7,Finish police later property.,email
1555,1083,2024-03-07,9.5,Data less indicate service eight study town cultural.,phone
1556,316,2024-03-21,7.8,Notice foot skill make guess.,email
1557,237,2024-01-07,4.1,Memory feeling really center.,in_app
1558,1966,2024-03-27,7.6,Civil leg garden particularly sister window.,email
1559,1276,2024-03-26,5.4,Send agent peace.,email
1560,517,2024-02-02,4.6,Per impact far example paper stand.,email
1561,143,2024-02-17,7.6,Meet hundred to write plan continue information.,in_app
1562,1231,2024-03-22,7.1,Certain bag star coach rate benefit computer.,email
1563,55,2024-01-22,8.3,Degree consider think name share consumer individual.,in_app
1564,1410,2024-03-21,7.2,Among bad late.,in_app
1565,838,2024-02-15,8.2,Have kind edge hit become.,phone
1566,1243,2024-01-09,7.4,Suffer song administration affect attorney food may authority.,in_app
1567,1455,2024-01-01,5.8,Onto remain recent research base adult stock good.,email
1568,487,2024-03-03,5.2,Able water tree.,in_app
1569,1464,2024-03-04,6.0,Attorney word bad minute firm ago.,email
1570,1354,2024-01-20,7.1,Affect wear meet race which other job education.,email
1571,1439,2024-03-09,7.1,Believe sign financial machine.,email
1572,699,2024-01-25,5.0,Light customer work address plan itself teach.,in_app
1573,1885,2024-03-20,7.3,Whose provide under then serious action response.,email
1574,645,2024-03-06,5.9,Interest into officer shake kid himself.,email
1575,439,2024-03-15,3.4,Both admit human money what well support.,phone
1576,670,2024-01-11,8.4,Center explain particular seek.,email
1577,915,2024-01-29,8.2,Cover forward every media move believe.,phone
1578,1053,2024-03-29,7.0,Throughout soldier end indicate.,email
1579,713,2024-01-27,7.1,Consumer treatment huge hear.,email
1580,1228,2024-03-03,7.8,International manage radio section.,email
1581,528,2024-02-12,7.8,Answer stay person miss senior story.,phone
1582,1389,2024-03-21,8.4,Instead project market none cup east take.,email
1583,1829,2024-01-24,8.0,Course rich sister kind news.,email
1584,441,2024-02-04,7.2,Top note affect discuss.,email
1585,658,2024-03-15,7.5,Financial play need.,email
1586,560,2024-03-24,9.1,Only single deal.,email
1587,662,2024-03-26,2.9,Bring particularly or quickly book.,email
1588,917,2024-03-09,10.0,Message last water figure whom process.,email
1589,1050,2024-02-19,9.9,Exactly top measure price.,email
1590,1763,2024-03-01,3.7,Good bad game.,email
1591,1032,2024-02-10,6.7,Ground send decide condition beyond off.,email
1592,1592,2024-02-28,8.6,More miss effort short police author.,email
1593,1245,2024-01-20,7.9,Establish buy military turn.,email
1594,342,2024-02-12,10.0,Tough major size benefit from yes.,email
1595,1488,2024-03-08,1.4,Computer run bring ago business various.,email
1596,1956,2024-03-04,8.1,Throughout process which visit once star.,email
1597,818,2024-03-19,7.6,While available picture.,email
1598,1662,2024-01-03,8.6,Particularly catch at book ability.,in_app
1599,1881,2024-02-07,8.4,Goal education south those table exist oil.,in_app
1600,1486,2024-03-20,7.3,What pressure national detail him production.,phone
1601,1211,2024-03-19,8.4,Writer word report after firm.,email
1602,547,2024-03-26,9.7,Bad memory hear official money reduce.,email
1603,391,2024-03-11,5.8,Scene edge test especially.,email
1604,1116,2024-03-16,2.5,Stock difference strong else leader design.,in_app
1605,492,2024-03-23,6.9,Support special bill record third.,in_app
1606,1224,2024-01-02,7.2,Pressure audience put second method.,in_app
1607,1843,2024-02-26,8.0,Type dog car low including or.,email
1608,1812,2024-03-07,7.9,City account write all friend specific which.,email
1609,1891,2024-02-04,7.0,Air somebody white owner.,email
1610,1624,2024-02-06,3.9,Edge personal most son kid argue career join.,in_app
1611,845,2024-03-02,5.8,Blood project side beyond.,email
1612,244,2024-02-18,4.7,Challenge agree choose site go.,email
1613,944,2024-01-29,5.9,Television worry away none challenge benefit.,in_app
1614,294,2024-02-27,8.0,Eye pretty new series.,email
1615,320,2024-03-01,8.3,Manage television not maybe figure.,email
1616,916,2024-01-12,9.3,Parent girl animal.,email
1617,1412,2024-02-20,5.2,Contain middle along recently fire sound.,in_app
1618,1432,2024-01-22,7.3,Every meeting whom concern religious pretty.,email
1619,1744,2024-01-10,5.7,Apply forget certainly message film future seek.,phone
1620,1625,2024-03-21,3.8,Various plan allow heavy season foreign outside.,email
1621,1269,2024-02-13,7.8,Development very individual into.,email
1622,1538,2024-01-02,2.6,Blood class where reality.,email
1623,771,2024-03-16,5.0,Start already rule network.,email
1624,650,2024-01-25,7.9,Walk skill rich shake foot.,email
1625,201,2024-03-17,5.3,Front ground late wife floor sister.,in_app
1626,1911,2024-01-01,6.8,Five car relationship.,phone
1627,1497,2024-03-21,7.6,Best dream summer behind involve treat.,email
1628,730,2024-02-29,8.9,Certain edge song main.,in_app
1629,1532,2024-02-11,7.7,Share receive feeling figure.,in_app
1630,1383,2024-03-26,5.3,However culture area there power Mrs.,in_app
1631,58,2024-02-24,8.1,Certain large by.,email
1632,1969,2024-03-19,9.4,Become spend show require ability.,email
1633,29,2024-02-10,4.9,Factor use during dog research.,email
1634,1492,2024-03-18,5.2,Shake happy stay article realize bar offer.,email
1635,847,2024-02-01,9.3,School me strong reveal both investment energy.,in_app
1636,803,2024-03-01,6.8,Upon number cold.,email
1637,804,2024-03-21,3.3,Spend half organization other mouth likely risk.,email
1638,572,2024-02-09,4.1,Discussion speech long.,email
1639,427,2024-01-26,10.0,Single wait follow.,email
1640,1765,2024-01-19,9.3,Stop rich dog.,email
1641,438,2024-02-06,6.5,Face play mother.,email
1642,350,2024-03-14,7.5,Case director cup cost support reveal.,email
1643,930,2024-03-29,8.2,On military here rest sell.,email
1644,890,2024-02-14,9.3,Account nice woman second experience Democrat past.,email
1645,1207,2024-03-24,8.6,Always enjoy threat.,email
1646,613,2024-03-25,9.9,Style when fine small.,email
1647,969,2024-01-06,5.8,Fund subject describe.,email
1648,106,2024-02-23,6.9,My rest month matter.,email
1649,943,2024-02-20,7.6,Good recent person customer.,email
1650,426,2024-01-24,7.6,Nearly ever mission suggest.,email
1651,897,2024-02-02,8.8,Cold seven authority professor clearly now process.,in_app
1652,1204,2024-03-08,3.5,Arrive too although organization occur.,email
1653,1687,2024-02-23,9.5,Relationship art tonight likely field huge think stay.,email
1654,230,2024-02-24,4.5,Ago help actually economy.,email
1655,249,2024-01-26,5.7,Onto somebody face test.,in_app
1656,568,2024-02-10,4.8,Oil follow serious product art same.,email
1657,377,2024-01-03,8.9,Red seek less record world system source various.,email
1658,515,2024-01-20,7.4,Once available sense unit fine cold thousand.,phone
1659,1795,2024-01-03,6.9,Option listen line everything but all actually.,phone
1660,1280,2024-02-21,4.4,Choose lawyer type describe be nothing.,email
1661,501,2024-02-21,4.1,Reason view single southern into.,phone
1662,875,2024-03-21,3.9,Stop military old apply.,email
1663,13,2024-02-03,7.2,Charge suggest federal least article foot bar.,in_app
1664,11,2024-01-27,8.7,Heavy sister word cold lay then put.,in_app
1665,704,2024-01-08,5.1,End reveal now protect affect.,email
1666,406,2024-01-13,2.6,High memory present employee sell some manager.,in_app
1667,1914,2024-01-16,3.7,Military result difficult ago voice choose.,email
1668,1416,2024-01-11,10.0,Pass can offer arm rather difference.,email
1669,1045,2024-01-11,6.6,Site turn paper place.,email
1670,1219,2024-02-22,4.4,Out dream door which fire guess stand.,email
1671,170,2024-03-23,7.0,Commercial take month cause.,email
1672,1671,2024-03-14,6.3,Various for church along mean kid.,email
1673,1127,2024-02-24,5.0,Class its start security foreign hot may.,email
1674,1261,2024-01-08,6.6,Black spend activity fear.,in_app
1675,1086,2024-02-25,8.4,Out she manage oil.,email
1676,1658,2024-02-06,7.1,Out talk statement.,phone
1677,1013,2024-02-15,5.7,Set especially situation last size.,in_app
1678,635,2024-01-12,9.4,Simple four computer at word.,email
1679,1817,2024-03-28,6.5,Book rate my chance also.,in_app
1680,163,2024-01-11,4.4,Different rate our treat.,in_app
1681,1021,2024-03-06,6.5,Billion hold make get nation inside.,email
1682,454,2024-01-03,7.6,Reflect miss town woman democratic term.,email
1683,959,2024-01-11,7.2,According notice happen set collection.,in_app
1684,1992,2024-03-29,4.6,Relate quite mean half property leader particular.,email
1685,1627,2024-03-26,8.1,Put summer think consider.,in_app
1686,1317,2024-03-02,4.8,His government however ahead she guy magazine.,email
1687,1806,2024-03-26,4.3,Market serious investment great.,email
1688,1175,2024-03-16,5.3,Before able option suddenly measure spring.,email
1689,855,2024-02-21,8.2,He present staff myself necessary say modern.,email
1690,1704,2024-02-13,8.5,Spend learn else area history teacher writer.,email
1691,1360,2024-02-15,1.6,Against benefit important language.,email
1692,1138,2024-02-04,7.8,Pressure financial section dog item research.,in_app
1693,1572,2024-01-19,8.5,Policy nearly now speak market lawyer family.,in_app
1694,399,2024-01-05,5.3,Cold kid resource right see force.,email
1695,993,2024-02-05,10.0,Down because technology goal.,email
1696,81,2024-02-15,5.6,Court idea worry fish again happy save.,email
1697,1810,2024-02-17,6.4,Because data arrive the catch.,in_app
1698,1520,2024-03-07,5.1,Make industry fly can continue.,email
1699,392,2024-02-06,9.7,Full around drug compare.,email
1700,1897,2024-03-29,5.3,Policy meeting measure pattern performance various every.,email
1701,31,2024-02-23,6.7,Coach especially spring yes.,in_app
1702,782,2024-03-02,7.7,Stand produce begin tree.,email
1703,992,2024-02-04,7.2,Put page south century us machine expert.,email
1704,343,2024-03-20,5.7,Deep player whatever morning.,in_app
1705,1531,2024-03-17,7.3,Might cause lawyer strategy recent much house.,email
1706,829,2024-01-08,10.0,Anyone of bank window later hope enter though.,email
1707,458,2024-01-29,4.6,Family follow who process actually anyone call.,in_app
1708,1392,2024-01-11,5.3,Foreign our perform knowledge set enjoy fund.,email
1709,177,2024-02-09,7.4,Cause within development brother.,email
1710,1482,2024-03-20,5.9,Pay likely TV important skill attorney provide between.,email
1711,285,2024-01-16,6.8,Authority bit style west nearly.,in_app
1712,1308,2024-01-21,6.7,Technology maintain charge shoulder important prove save.,email
1713,1807,2024-03-29,3.0,Bar weight training subject news politics beautiful.,email
1714,258,2024-03-19,6.1,Remain where glass three.,in_app
1715,292,2024-03-21,4.7,Make man mean movie hot society.,email
1716,1093,2024-03-19,2.9,If bank oil range business factor.,email
1717,643,2024-02-12,6.1,Claim carry produce.,in_app
1718,966,2024-03-02,6.8,Indicate better statement series open none free.,phone
1719,1888,2024-01-05,9.8,Goal we government worry rock top none.,email
1720,1761,2024-01-08,7.2,Voice resource describe stop line idea.,phone
1721,757,2024-02-01,8.9,Place spend interesting task personal late property sound.,in_app
1722,1680,2024-03-17,8.5,View response way plan.,email
1723,1151,2024-03-19,6.2,Chair a young nothing later beyond party.,in_app
1724,1997,2024-02-23,6.3,Structure believe happy center.,in_app
1725,341,2024-02-04,7.0,Tell painting economic under experience.,email
1726,1965,2024-01-26,5.4,Build rule fish gas population game far.,email
1727,214,2024-03-02,7.4,Role us run scientist world gun.,email
1728,911,2024-02-05,3.9,Hot majority identify consider collection respond newspaper game.,email
1729,545,2024-01-05,10.0,Direction reason half analysis Mr.,email
1730,1964,2024-02-29,5.9,Its fear best successful matter because foreign list.,email
1731,709,2024-03-02,6.5,Over which sing human high save even care.,email
1732,1343,2024-03-11,6.1,Medical nation stage product cost of recently.,email
1733,1835,2024-03-04,9.9,Them eye blue mother its.,email
1734,305,2024-02-26,7.7,Section owner option east back office report.,phone
1735,382,2024-02-26,4.9,Benefit change southern offer above indicate star.,email
1736,228,2024-03-04,10.0,Show discuss middle physical about agree together.,email
1737,1981,2024-01-26,8.0,Perform year value business whether even manager.,email
1738,1133,2024-02-19,5.1,During level nature do and.,email
1739,591,2024-01-24,6.0,She stay per spring.,in_app
1740,1661,2024-01-05,9.4,Or community computer.,in_app
1741,1241,2024-03-07,5.2,Although central control.,email
1742,1473,2024-01-22,8.2,Material along environment road simple.,email
1743,859,2024-01-12,3.2,Remember up even take.,email
1744,21,2024-01-20,7.1,Article Mrs Republican recently each hotel not.,email
1745,640,2024-03-28,7.7,Mind join agency hour.,in_app
1746,1580,2024-03-23,4.4,Bank blood near major even development.,email
1747,583,2024-01-09,4.1,Girl after sign law.,in_app
1748,1166,2024-01-12,6.5,Contain firm education particular.,email
1749,1860,2024-03-15,7.4,Word special pull despite should degree feeling.,in_app
1750,374,2024-03-30,9.2,Quickly describe look.,email
1751,579,2024-03-02,5.9,Suddenly group indicate Democrat.,email
1752,1435,2024-01-25,10.0,Never stop bar enjoy main table.,email
1753,1226,2024-01-31,6.2,Author share color both see only seek.,email
1754,1535,2024-01-03,10.0,Available wife also face sense to whom.,in_app
1755,405,2024-03-06,7.0,When economic finally manager sport pretty society.,in_app
1756,1900,2024-03-23,8.6,Throughout perhaps person up control.,email
1757,747,2024-01-17,7.6,Raise step draw us.,phone
1758,1621,2024-02-11,6.6,Actually body black claim rock participant.,in_app
1759,18,2024-03-23,7.9,Career thing investment technology interview across.,email
1760,1223,2024-02-01,5.6,And you catch box government world church would.,email
1761,464,2024-02-10,4.9,Into serve whatever pull hand doctor give become.,in_app
1762,129,2024-01-04,10.0,We finish TV movie.,in_app
1763,475,2024-02-24,6.6,Energy there success.,email
1764,825,2024-01-03,6.7,Chair heart rock throughout.,email
1765,1534,2024-03-09,5.9,Sort sell kid third time street.,email
1766,618,2024-02-11,7.1,Wrong money bit I thought which woman.,in_app
1767,1090,2024-03-01,3.6,Right law one receive.,email
1768,1782,2024-03-23,5.0,White so else blue human onto.,email
1769,147,2024-01-16,5.2,Face growth appear.,email
1770,1075,2024-03-04,4.1,Surface help memory him hair top though.,phone
1771,1703,2024-03-14,5.3,Industry age probably agency just computer international choice.,email
1772,1420,2024-01-20,6.1,Partner tough least base order example difference reduce.,in_app
1773,509,2024-03-10,8.9,View unit site tonight.,email
1774,203,2024-02-21,8.2,Particular test part visit.,email
1775,241,2024-01-28,6.1,Piece national action future.,email
1776,1678,2024-03-25,9.3,Summer hair lose program off field place.,email
1777,1749,2024-03-20,8.4,Save sell goal find.,email
1778,740,2024-01-20,4.2,Indeed item stay world try.,email
1779,1883,2024-02-26,6.3,Ready step change million read.,email
1780,195,2024-02-02,6.9,Message question fine.,email
1781,1957,2024-03-13,8.4,Help great safe garden.,email
1782,1255,2024-01-31,8.2,Near eight Republican now nice third factor.,in_app
1783,1567,2024-02-15,9.3,Gun city wide believe human.,email
1784,1371,2024-02-10,7.3,Go wall even stay hundred.,in_app
1785,403,2024-03-30,9.4,Send kitchen big fact artist answer.,email
1786,105,2024-03-22,2.5,Congress food figure word life.,email
1787,180,2024-02-25,5.9,Reflect would idea should four.,email
1788,1070,2024-01-08,9.2,Rate everything society exactly low soldier.,in_app
1789,1297,2024-01-30,4.7,Professor growth address according yet.,email
1790,1356,2024-03-12,5.3,Provide Congress certainly too.,in_app
1791,519,2024-03-22,6.5,Visit police ahead professor.,email
1792,1490,2024-01-13,3.0,Miss good major.,email
1793,927,2024-01-27,5.4,Such city significant bag.,email
1794,1909,2024-01-25,7.0,Near middle behavior truth line for reality.,email
1795,1584,2024-03-01,5.7,Seat put without decide to.,email
1796,1521,2024-02-05,1.8,Above though accept part after record.,email
1797,431,2024-02-26,7.8,Former former hour subject whether industry attack.,in_app
1798,1088,2024-03-29,8.0,Letter who tough skill investment statement.,phone
1799,359,2024-03-02,5.5,Health federal successful medical safe feeling thing.,email
1800,1414,2024-01-29,7.7,Pretty drug else moment person customer.,in_app
1801,331,2024-01-05,5.4,Close movie artist material middle offer.,email
1802,263,2024-03-12,7.4,Her apply become spend exist night.,in_app
1803,1873,2024-03-08,7.2,Buy similar increase current.,email
1804,1674,2024-01-18,6.5,Arm movement issue physical experience water radio practice.,email
1805,857,2024-02-06,6.1,As investment usually.,email
1806,1951,2024-01-23,8.9,Among event everybody particularly herself election against.,email
1807,353,2024-03-03,6.7,Affect record run region trouble girl specific.,email
1808,1571,2024-01-03,9.4,Young rich standard think something.,email
1809,103,2024-01-04,7.2,Upon stage prevent ten whatever stop chair structure.,email
1810,1446,2024-01-21,5.7,Step coach age wide phone into.,email
1811,1859,2024-02-14,9.7,Marriage world down around yard magazine.,email
1812,523,2024-03-25,6.1,Art inside it.,email
1813,328,2024-03-28,6.7,Quite break might also carry.,in_app
1814,799,2024-03-14,7.6,Provide suffer where hundred member economic according eight.,email
1815,878,2024-01-24,4.0,Lot while question brother.,email
1816,1294,2024-01-31,3.5,Often pass require create third source reality.,in_app
1817,1030,2024-03-21,5.6,Minute watch plant rich idea outside picture.,email
1818,1721,2024-03-09,6.7,Notice with special Mrs simple gas three.,in_app
1819,84,2024-03-16,8.9,Movement bank traditional.,email
1820,30,2024-02-19,5.4,Drug blood century situation go wish moment.,email
1821,792,2024-03-29,5.0,Control international write mean network hold.,phone
1822,1342,2024-02-29,6.7,Tend author level share.,email
1823,1561,2024-01-02,5.3,Name after my security through power bed.,in_app
1824,861,2024-02-14,5.8,Sister early carry southern necessary talk important firm.,in_app
1825,785,2024-01-29,6.6,Business street give.,email
1826,1485,2024-03-23,5.0,Main far glass human meet hundred work.,in_app
1827,837,2024-02-23,4.7,School night in collection expect water.,email
1828,1379,2024-02-23,5.9,Among western yes four.,email
1829,1728,2024-02-22,5.2,Claim force matter executive feel treatment never quality.,email
1830,378,2024-02-18,4.9,Project because company lead.,email
1831,1403,2024-02-18,8.1,Adult power resource responsibility fact tax table.,in_app
1832,1376,2024-03-21,7.8,Just ground fill stand stage.,email
1833,637,2024-01-26,6.3,Make serve model office.,in_app
1834,1008,2024-03-15,9.0,Hand give vote American.,email
1835,1856,2024-03-04,4.0,Tough trouble third.,email
1836,1176,2024-02-19,1.0,Within yeah save appear yard much down.,in_app
1837,1327,2024-03-04,6.1,Me heart teach kind image.,in_app
1838,1555,2024-02-27,7.1,Keep scientist boy against.,email
1839,333,2024-01-28,1.4,Lead gas man station people choice.,in_app
1840,1358,2024-01-21,7.0,Value seven hospital put everyone choice doctor.,email
1841,445,2024-03-10,7.9,Growth professor current.,email
1842,974,2024-03-12,7.1,Current report artist goal see rule here.,email
1843,232,2024-03-20,4.5,Opportunity weight war wonder blood democratic animal public.,email
1844,1275,2024-02-19,5.1,Parent allow fine this coach.,email
1845,1217,2024-02-07,8.5,Lawyer individual save daughter rise.,in_app
1846,1010,2024-02-14,6.8,Hot discover court media rock personal discussion.,in_app
1847,482,2024-02-11,4.7,Couple account authority campaign middle.,email
1848,491,2024-01-17,5.7,Team he red lay try alone hundred few.,in_app
1849,1818,2024-02-14,6.2,Mind add effort science over successful item.,email
1850,1673,2024-01-26,3.7,Job writer suggest whose miss.,email
1851,571,2024-03-19,2.7,Market politics inside throw follow adult movie dark.,in_app
1852,1794,2024-02-29,10.0,Ball too read.,email
1853,1610,2024-03-04,4.7,Beyond act back hand become keep option lay.,in_app
1854,975,2024-02-01,5.4,Person gun live cup hand lead.,email
1855,765,2024-02-07,9.1,Place treatment almost election I medical may.,phone
1856,338,2024-01-19,7.8,Former power call.,email
1857,862,2024-03-22,5.1,Health ten thank face election ask rate small.,in_app
1858,1340,2024-01-28,6.1,Early sometimes yard hair whom local accept.,email
1859,819,2024-01-27,7.2,Over give authority believe service.,in_app
1860,223,2024-01-30,8.7,Alone blood voice hundred main.,email
1861,500,2024-03-19,6.3,Chair grow bed soldier ago international expert.,email
1862,282,2024-01-31,6.2,Example respond talk source.,email
1863,75,2024-02-13,2.9,Need what soon tonight character director ability development.,phone
1864,1057,2024-01-27,5.4,Economic tree suggest one dog top through.,email
1865,1026,2024-01-12,6.9,Power maybe arm produce create perform visit doctor.,email
1866,599,2024-03-19,8.5,Mrs season attack ball bag speak.,email
1867,980,2024-01-03,8.0,Various near degree interview race.,email
1868,686,2024-02-12,6.2,Well a happen.,email
1869,53,2024-03-14,5.0,Common myself color.,email
1870,1183,2024-02-12,6.1,Individual network study letter.,email
1871,601,2024-03-19,6.8,House simply apply president least.,email
1872,287,2024-03-11,7.7,Moment section Democrat give cost.,in_app
1873,1431,2024-02-15,5.9,Apply she company both ten politics.,email
1874,1557,2024-03-29,9.1,Degree discuss responsibility pressure.,email
1875,981,2024-03-04,7.1,Worker save around question second interest.,in_app
1876,1262,2024-05-07,4.5,Account break type together as sign.,in_app
1877,418,2024-06-28,7.3,Always generation standard company.,email
1878,425,2024-05-29,9.1,Group relationship claim interview yeah radio community.,email
1879,1275,2024-05-31,7.8,There social care use new rule.,email
1880,1319,2024-04-16,8.0,Meeting team position free.,email
1881,132,2024-06-06,7.5,Article many few turn deal never.,in_app
1882,380,2024-05-02,8.9,Right doctor low nice by.,email
1883,406,2024-06-09,7.8,Option power edge game.,in_app
1884,1232,2024-05-28,5.5,Laugh animal federal ever.,email
1885,1233,2024-06-13,8.1,Firm notice give last activity factor generation.,email
1886,1587,2024-05-28,6.6,Safe car who couple nor.,email
1887,15,2024-04-17,8.8,Whether worker large it painting notice.,in_app
1888,654,2024-05-14,7.8,Gas you scene minute discover throw.,email
1889,1902,2024-06-02,3.3,Season improve study.,email
1890,1835,2024-06-27,7.0,Response church stay series.,email
1891,299,2024-05-23,5.0,Yourself significant door financial certainly range.,in_app
1892,1623,2024-04-08,6.5,Very foot him bed know.,email
1893,661,2024-04-23,7.6,Learn citizen toward sense cut.,email
1894,1220,2024-04-21,2.0,Dinner bag rule.,email
1895,1403,2024-06-24,3.1,Development west citizen brother board conference.,email
1896,101,2024-04-21,3.8,Remember morning rise where energy.,email
1897,1077,2024-04-16,10.0,Change western should ground.,in_app
1898,1068,2024-06-12,8.1,Out so save modern affect wife.,email
1899,1556,2024-04-30,9.0,Open performance bit final big imagine.,email
1900,1920,2024-05-26,5.6,Establish day class institution son among.,email
1901,923,2024-06-12,6.1,Respond scene pretty major education who.,in_app
1902,1567,2024-04-26,7.2,Just cell executive newspaper less threat.,phone
1903,957,2024-04-11,8.0,Speak receive its contain control way.,email
1904,1154,2024-06-03,4.2,Leader task write each join different.,in_app
1905,370,2024-06-16,3.4,Town life deep economic.,email
1906,280,2024-04-29,9.0,Court imagine probably education federal.,email
1907,1173,2024-05-01,5.8,Official truth about because boy help best price.,email
1908,815,2024-04-03,8.2,Blue collection sea watch seem be.,phone
1909,1433,2024-04-25,5.8,Hair reveal well group line.,email
1910,1058,2024-05-30,5.9,Ago at tree.,email
1911,1924,2024-05-01,5.1,First everyone establish material yes run.,email
1912,1284,2024-04-07,7.6,Than rock health main country rule at live.,in_app
1913,1135,2024-05-21,8.1,Poor instead provide laugh difference father fill.,in_app
1914,1395,2024-05-09,6.3,Ready parent listen glass over.,email
1915,460,2024-06-02,6.9,Answer character take behavior nor street full.,in_app
1916,1681,2024-05-16,6.4,Adult idea better hit she small.,email
1917,1205,2024-06-13,10.0,Dinner hundred reflect history.,in_app
1918,1109,2024-06-26,5.8,Claim wish north forward.,email
1919,648,2024-05-23,5.8,Cell consider expert live notice to they.,in_app
1920,1358,2024-04-21,5.4,Result maybe whose resource tend mission return.,email
1921,295,2024-05-06,6.2,Activity them buy care wind.,email
1922,1461,2024-04-29,8.0,Relationship late ok century onto region huge.,in_app
1923,1531,2024-06-28,7.8,Give yeah marriage number.,email
1924,373,2024-06-24,8.5,Practice hit personal if goal.,email
1925,1822,2024-04-27,5.2,Green way dog.,email
1926,1640,2024-05-28,8.0,Wish several various way.,in_app
1927,598,2024-06-04,7.5,Center defense international now.,email
1928,625,2024-06-14,8.7,Spend information us listen reason structure.,email
1929,966,2024-05-28,7.0,Drug drop admit man usually financial begin sing.,email
1930,1040,2024-04-21,3.5,Fast during build the join when again.,email
1931,559,2024-04-18,8.0,Would set PM friend brother benefit such.,email
1932,946,2024-05-12,7.4,Quickly none relationship some feeling environment.,email
1933,1738,2024-06-16,5.5,Near enough forward prove mouth.,in_app
1934,1309,2024-06-11,4.7,Appear strong size after be push yet.,email
1935,830,2024-06-10,8.1,Note huge student live approach.,in_app
1936,329,2024-05-28,4.3,Office firm college instead any list law purpose.,email
1937,721,2024-06-17,7.6,Win poor whom him wear court.,email
1938,1678,2024-04-14,3.8,Third somebody course your spring knowledge media.,in_app
1939,905,2024-04-06,7.8,Sometimes television design TV however indicate.,email
1940,1312,2024-05-16,10.0,Buy tonight game month great.,email
1941,1499,2024-04-30,3.8,Who interesting with.,email
1942,789,2024-06-13,6.7,Memory tough least seat make yeah assume.,in_app
1943,387,2024-04-19,8.5,Worker mention within likely word.,email
1944,740,2024-05-31,5.6,Two maintain production now resource difference hot.,email
1945,207,2024-04-30,6.5,Night fine drug itself late.,in_app
1946,1603,2024-06-15,7.6,Leg purpose a learn.,email
1947,1147,2024-04-15,6.7,Reflect event maybe agent sort.,email
1948,809,2024-04-22,6.8,Including stay purpose black mother approach.,email
1949,1316,2024-04-14,8.9,Involve majority piece our.,email
1950,914,2024-06-28,4.8,Population manage evening song expert past wide another.,email
1951,81,2024-06-25,6.1,Sound mission church city foreign.,email
1952,1828,2024-04-21,8.6,Behavior rise good early wrong letter nothing others.,in_app
1953,1030,2024-04-25,4.7,Purpose lay house concern really.,email
1954,1267,2024-06-22,7.5,Shoulder special and activity space material raise still.,email
1955,1007,2024-06-19,3.4,Adult can run law condition even.,in_app
1956,919,2024-05-20,8.3,Threat key wonder hear life charge good stand.,email
1957,1740,2024-06-03,5.6,Important war let need together.,email
1958,358,2024-05-10,6.4,Spend herself finally bring.,email
1959,1014,2024-05-17,5.6,Green his officer order only music.,email
1960,631,2024-05-21,6.1,Message own worker increase.,email
1961,1086,2024-06-11,8.4,Must notice enjoy future begin current central.,email
1962,1831,2024-04-13,7.7,Know yourself peace different quickly.,in_app
1963,698,2024-06-04,7.4,Than free water land participant.,in_app
1964,1537,2024-05-12,8.7,Pressure language light interesting eat.,in_app
1965,547,2024-04-12,5.4,Girl by head.,email
1966,683,2024-05-26,4.4,Buy own spring professor seek similar finish.,in_app
1967,118,2024-06-26,10.0,Campaign few view hit appear character.,email
1968,197,2024-05-29,9.6,Blue take civil letter foreign woman.,email
1969,972,2024-05-10,6.9,Author structure away until.,in_app
1970,977,2024-04-03,8.0,West us machine benefit attention with out.,in_app
1971,439,2024-04-27,6.3,Everyone your thing cell avoid dinner.,email
1972,1496,2024-05-17,5.8,Three throw room author participant red city.,in_app
1973,1075,2024-06-27,9.6,No certainly measure body task office our.,email
1974,1091,2024-05-11,5.3,Community fine now by father money.,email
1975,1872,2024-06-25,7.6,Hundred beautiful road bag.,email
1976,492,2024-06-18,7.2,Under career recently form from explain about.,email
1977,525,2024-06-23,8.8,Discussion season effect discover should discuss particularly.,email
1978,1281,2024-04-08,4.1,Senior natural society program lay one series chance.,in_app
1979,1347,2024-06-28,7.8,Choose life establish particular.,email
1980,634,2024-06-18,7.8,According realize little adult.,email
1981,638,2024-05-17,8.3,Issue financial blood full late share think.,phone
1982,560,2024-05-05,7.8,Card size upon benefit fill.,email
1983,734,2024-06-12,7.8,Agree enjoy million long as old property.,email
1984,1539,2024-04-20,3.7,Trip air hit hair.,in_app
1985,623,2024-05-05,6.0,Economy strategy political year answer meeting dark want.,email
1986,1115,2024-04-17,7.4,Thank itself house.,in_app
1987,8,2024-04-02,6.4,Program race recent year report.,email
1988,1505,2024-04-21,5.0,Organization yes service generation market catch local relationship.,email
1989,1615,2024-05-28,6.9,Employee certain news human their develop mean.,email
1990,1819,2024-04-17,7.6,Gas as run computer seem high.,email
1991,1518,2024-04-27,8.3,When within since black why senior may.,email
1992,465,2024-04-09,6.1,Everybody yes reveal five little.,email
1993,647,2024-04-04,5.6,Investment detail entire anyone force.,email
1994,1185,2024-05-18,7.1,Know school again final party citizen woman series.,email
1995,325,2024-05-11,8.4,Trial military girl author collection image.,email
1996,1362,2024-06-22,7.6,Cut of much.,in_app
1997,1320,2024-04-22,6.3,However why from.,in_app
1998,1564,2024-04-14,9.7,Stage if data assume citizen moment.,phone
1999,1579,2024-04-26,4.7,School need president go example figure now.,in_app
2000,242,2024-06-16,5.9,Treatment child success dream campaign human.,email
2001,1832,2024-05-15,5.6,Second central population many end.,in_app
2002,125,2024-05-26,9.7,Day traditional bit play.,in_app
2003,1959,2024-05-28,5.4,Choose shoulder western see dream left.,email
2004,882,2024-04-07,7.3,Card actually loss.,email
2005,489,2024-04-12,8.7,Eye let memory moment.,email
2006,1520,2024-04-11,8.0,Impact I economic themselves respond kitchen popular.,email
2007,1985,2024-04-27,7.7,Base wonder who term natural.,email
2008,1208,2024-06-05,7.8,Huge treat must short sit through.,in_app
2009,366,2024-04-28,6.0,Water plan machine break.,email
2010,752,2024-04-07,7.7,Everyone attack protect ball talk media evidence.,email
2011,232,2024-05-02,5.8,Organization authority federal smile.,in_app
2012,1385,2024-05-22,9.4,Hospital example like article grow.,email
2013,594,2024-05-05,8.2,Base discuss save bank since no begin so.,email
2014,1650,2024-06-28,8.3,World have worry wrong again finally industry line.,email
2015,455,2024-05-02,7.0,Race rest lead pattern.,email
2016,1812,2024-05-27,10.0,Science green main daughter involve say four property.,email
2017,762,2024-06-27,7.1,Pattern have reach.,email
2018,311,2024-04-10,10.0,Better for individual various ready.,phone
2019,1710,2024-05-05,8.5,Nor development ok value they born manage.,in_app
2020,1933,2024-06-27,5.8,Tax your happy recently if staff.,in_app
2021,992,2024-05-25,9.1,Business certainly thus.,in_app
2022,1605,2024-06-28,8.5,Sound series whether century wait cup.,in_app
2023,1057,2024-04-28,8.0,Financial even interest claim cup every.,email
2024,964,2024-05-29,8.8,State suffer part customer gun thus.,email
2025,1794,2024-04-15,9.2,Pull common buy drive build professional effect bed.,email
2026,1980,2024-06-28,9.9,Sign production wish suddenly.,email
2027,1989,2024-06-01,4.9,Job rather during tell finish.,email
2028,1632,2024-05-27,7.9,Religious she mind factor.,email
2029,624,2024-04-01,8.0,Behind store best grow need wear run.,email
2030,1382,2024-04-14,7.5,Step chair list mother.,email
2031,1655,2024-06-28,8.8,Character her treatment notice side guess involve.,email
2032,549,2024-04-28,3.9,Could true others suddenly ago poor arrive.,email
2033,1443,2024-04-27,4.7,Large knowledge stuff yeah group size food.,email
2034,1515,2024-04-25,4.3,Usually everybody hand special.,in_app
2035,1251,2024-06-23,10.0,Order four push morning customer purpose report.,email
2036,1916,2024-05-28,4.8,Responsibility quite reality newspaper.,email
2037,1704,2024-04-11,7.0,Often real door.,email
2038,55,2024-05-06,7.6,Imagine performance yes.,email
2039,435,2024-05-31,6.4,Keep high half same participant beyond.,phone
2040,1342,2024-05-29,10.0,Push head national social husband particular feeling.,email
2041,1739,2024-06-04,7.9,Avoid answer until man brother idea.,phone
2042,78,2024-05-09,4.5,Rate kind property program sort manage.,email
2043,92,2024-04-05,4.8,Live by line worker.,email
2044,870,2024-06-29,8.9,Candidate policy miss home fight debate yes news.,email
2045,283,2024-05-26,6.7,Budget still worker leave increase include student.,email
2046,803,2024-06-29,6.8,History among artist discuss sometimes.,in_app
2047,939,2024-05-26,7.6,System where left.,email
2048,471,2024-05-02,6.2,Include help author question democratic economic.,in_app
2049,176,2024-06-26,7.7,Whether kitchen threat carry.,email
2050,1630,2024-05-02,7.2,Three brother among country each.,in_app
2051,563,2024-06-11,6.8,Today while theory dark different.,email
2052,1039,2024-05-11,9.7,Teacher magazine part station.,phone
2053,785,2024-05-22,9.0,Threat possible perhaps clear student line positive sell.,email
2054,1673,2024-04-24,7.0,Might watch step firm.,in_app
2055,705,2024-06-12,10.0,Watch stay both more along.,in_app
2056,1412,2024-05-20,6.5,Affect man cultural keep remember door training rather.,in_app
2057,1726,2024-04-20,5.6,Treatment thought red away able film.,email
2058,557,2024-04-18,6.6,Money apply growth such mission.,email
2059,1337,2024-04-02,10.0,Apply Republican present seek firm week young population.,phone
2060,909,2024-06-16,4.4,Former bag president training four cover why.,email
2061,199,2024-05-30,8.1,Laugh end wonder win among.,email
2062,1384,2024-04-19,7.3,Party staff first step various.,in_app
2063,94,2024-05-16,9.3,Forward despite newspaper rich too happen property.,email
2064,1614,2024-05-25,5.1,Food six size price each model rate.,email
2065,1218,2024-05-24,7.6,Daughter take produce near.,email
2066,1024,2024-05-28,10.0,With will per year I.,email
2067,1908,2024-06-16,7.3,Too eye happy sometimes reason contain.,in_app
2068,4,2024-04-01,4.4,Size son start foreign.,in_app
2069,117,2024-04-11,6.5,Design total low those kind education letter.,email
2070,1815,2024-05-02,8.5,War food such action.,email
2071,1973,2024-04-14,7.4,Number smile management line beat cover become.,email
2072,407,2024-04-10,4.8,Power close agree field move bar whether quickly.,email
2073,1827,2024-05-23,7.0,Available detail offer rule.,email
2074,1960,2024-05-21,10.0,Manager stay such.,in_app
2075,783,2024-05-24,8.2,Southern us read action past generation.,in_app
2076,293,2024-04-02,8.8,Region success couple two since instead.,email
2077,1283,2024-05-10,9.7,School foreign take particularly significant.,email
2078,41,2024-05-29,5.4,Respond market why possible then information mind.,email
2079,275,2024-06-26,6.2,Of anything improve enough.,email
2080,1733,2024-06-23,6.1,Possible share out member push.,email
2081,431,2024-05-18,8.6,Administration night who weight under.,email
2082,772,2024-06-12,5.8,Somebody name program any door government.,email
2083,670,2024-04-03,6.8,Could professional magazine hand smile.,in_app
2084,300,2024-06-18,8.8,Eight song side exist call.,in_app
2085,1999,2024-04-07,5.4,Reveal decision ago evening item task.,email
2086,1540,2024-06-26,6.1,Do hand purpose.,email
2087,1694,2024-04-05,2.7,Simply training style strong collection prove.,email
2088,161,2024-06-18,5.3,Difficult later remember hold participant instead develop.,email
2089,454,2024-06-28,6.5,Deep top red company affect.,email
2090,1966,2024-05-05,6.7,Admit care central.,email
2091,1651,2024-04-02,6.2,Want ball weight room design nation four.,email
2092,1751,2024-04-17,10.0,Hope end here one Mrs alone.,in_app
2093,1508,2024-05-15,4.9,Beat until artist fast no kind.,in_app
2094,922,2024-04-07,6.4,Arm detail happy.,email
2095,1855,2024-04-23,7.5,Agent again on like name cover final.,email
2096,1327,2024-05-14,5.5,Address month public view.,email
2097,1307,2024-04-30,6.0,There box result around power sometimes.,email
2098,1148,2024-05-15,3.5,Message upon thought president.,email
2099,1085,2024-06-15,8.7,Else evening must over gas city laugh.,email
2100,147,2024-04-20,5.5,Rate single energy pretty.,in_app
2101,450,2024-05-12,7.4,Marriage trial serve.,email
2102,253,2024-06-10,6.2,Serve air popular standard tonight her next wife.,email
2103,1189,2024-06-01,5.7,Hand now top single guess woman paper.,in_app
2104,576,2024-05-17,5.7,Law imagine find matter.,email
2105,1485,2024-04-24,5.8,Challenge special area fire second new heavy.,email
2106,639,2024-05-25,9.5,Study response worry image later.,in_app
2107,1995,2024-06-21,5.2,Course it result politics.,email
2108,627,2024-05-26,6.6,Laugh decide finally window current region popular.,email
2109,1760,2024-06-01,5.8,First of only grow water.,email
2110,1335,2024-06-11,7.2,Themselves simple once anyone understand yeah oil say.,email
2111,1870,2024-05-06,5.4,Reason stand consider shake military.,email
2112,446,2024-06-10,5.3,City avoid task.,email
2113,754,2024-05-07,7.2,Avoid cup return amount goal.,in_app
2114,168,2024-05-27,9.5,Protect hold your across event argue.,email
2115,614,2024-05-12,9.8,Language yet similar majority end.,email
2116,908,2024-04-02,6.7,Grow seem possible life media in leg.,in_app
2117,1549,2024-05-19,6.0,Congress her investment former nearly.,email
2118,351,2024-05-20,6.7,Event city must head.,in_app
2119,1100,2024-06-26,7.7,Stand southern certain three three peace.,email
2120,1334,2024-05-20,7.6,Art show leave thank teacher should beyond yeah.,email
2121,1525,2024-06-17,7.9,Market talk impact series remember pressure decide.,email
2122,2000,2024-04-19,6.8,Station talk attack.,in_app
2123,1407,2024-05-10,8.0,Fast pay dinner be school by evening.,email
2124,1483,2024-04-30,9.8,Suffer idea art job world put.,in_app
2125,1971,2024-04-14,7.9,Community stock at apply community me.,email
2126,912,2024-05-02,7.4,Child doctor lay their simply nation.,in_app
2127,816,2024-04-08,3.8,Time upon choice laugh pay three exactly.,email
2128,1258,2024-06-07,6.4,Value lose understand long president season.,phone
2129,1943,2024-05-22,7.4,Concern student sell candidate against.,email
2130,697,2024-04-03,4.6,Group another police particularly marriage.,email
2131,1895,2024-06-16,9.6,On yeah pattern somebody.,email
2132,124,2024-06-17,7.2,Market across under fear travel age soldier.,in_app
2133,1752,2024-05-12,7.0,Attention situation develop heavy theory without some.,email
2134,27,2024-05-03,9.2,Something half race tend them true general.,email
2135,1779,2024-06-06,5.2,Purpose young talk nation.,email
2136,1203,2024-06-17,4.7,Character then simple why region green.,email
2137,1053,2024-05-24,6.4,Way letter quality deal threat language listen.,email
2138,1380,2024-05-18,10.0,Final remain town system people level.,email
2139,447,2024-05-27,8.5,Town region home the kind policy.,email
2140,14,2024-06-18,4.5,Through most store risk our.,email
2141,151,2024-04-26,5.1,Thousand almost call her.,in_app
2142,764,2024-05-07,7.8,Husband writer give three whose organization special.,email
2143,49,2024-05-15,2.8,Themselves enough point four entire whom career.,in_app
2144,174,2024-05-15,9.4,Again kind marriage keep.,in_app
2145,1608,2024-05-03,6.2,Coach teacher item significant born vote.,email
2146,1789,2024-06-29,7.2,Determine include able market easy business contain.,email
2147,1124,2024-05-08,7.7,Improve rich vote product form certainly very.,email
2148,171,2024-06-22,4.3,Late particularly miss represent drug.,email
2149,1528,2024-05-10,8.6,Above wide city get leader character career.,email
2150,341,2024-04-21,7.6,Control ground ask value.,email
2151,276,2024-04-21,10.0,Laugh consider often.,email
2152,1784,2024-04-30,6.5,Hold design all form.,email
2153,265,2024-04-17,4.5,Have world billion value along.,email
2154,99,2024-05-31,9.8,Main suddenly from no senior hour section.,in_app
2155,430,2024-05-09,6.0,Field someone marriage truth little body country.,email
2156,164,2024-06-26,7.3,Thing discover concern amount tough ground stay.,email
2157,943,2024-06-16,4.5,Bring can surface team.,email
2158,741,2024-04-04,9.4,Arrive whom should forward better huge table whom.,email
2159,1326,2024-05-24,5.0,Whatever role step beyond.,in_app
2160,223,2024-04-08,6.3,Marriage statement last crime.,in_app
2161,1253,2024-06-12,7.8,Act cut appear conference.,email
2162,1276,2024-05-18,10.0,Another under wall write know develop.,phone
2163,1585,2024-05-03,7.7,Send safe especially line eye politics ball.,email
2164,1055,2024-05-17,6.8,Than bag great special expert then bit.,email
2165,1174,2024-05-24,3.7,Notice piece develop person bring gas land.,in_app
2166,281,2024-04-11,5.8,State loss worry budget city.,email
2167,650,2024-06-01,6.2,National discussion development network month claim.,email
2168,1708,2024-06-13,5.5,Investment itself human Democrat kitchen poor.,in_app
2169,1764,2024-05-09,9.7,Cause clear down want hope economy.,in_app
2170,39,2024-06-09,8.8,Note it Democrat finish great.,email
2171,130,2024-04-07,9.4,Very per sing assume ok rather.,email
2172,383,2024-04-07,5.3,Rock some without respond tree fire wrong.,email
2173,1280,2024-04-29,4.9,He benefit organization.,email
2174,688,2024-05-13,6.1,Remember ready sometimes return remember fire.,email
2175,1279,2024-06-01,7.3,Peace create while.,email
2176,29,2024-05-21,4.4,Can range poor skin money city teach degree.,email
2177,1643,2024-05-13,10.0,Effect organization black available feel truth but.,in_app
2178,1955,2024-05-02,6.6,Mission seven follow design social story.,phone
2179,1730,2024-04-12,5.4,He as effect consumer whose world quickly.,email
2180,1535,2024-06-21,7.2,Technology herself these score poor.,email
2181,201,2024-06-08,9.0,Medical might former name foot bank ability.,email
2182,1374,2024-05-27,8.7,Population dog remember set institution rock five.,email
2183,330,2024-05-11,10.0,Hair describe identify attention.,in_app
2184,968,2024-04-19,4.2,Item draw piece assume.,email
2185,514,2024-04-06,7.8,We administration lead need.,email
2186,240,2024-06-14,8.1,Cover receive hand hospital several soon also.,email
2187,1139,2024-05-13,2.8,Sea somebody those team treat.,in_app
2188,1128,2024-05-09,5.6,Item product husband miss marriage notice.,in_app
2189,160,2024-05-05,10.0,What tough about.,in_app
2190,1271,2024-05-19,8.0,Visit cover expect heavy cause it with.,email
2191,1778,2024-04-10,6.2,Land major professor subject which.,email
2192,294,2024-04-08,7.6,Page issue official.,email
2193,872,2024-06-17,9.6,Born yard sound away.,email
2194,258,2024-05-30,9.5,Truth great sport cover guy marriage appear though.,in_app
2195,672,2024-05-13,3.5,Wear pressure chair.,email
2196,1994,2024-05-04,7.0,Paper at ball around reduce.,email
2197,10,2024-06-24,6.7,Firm whom answer along view girl today.,email
2198,1257,2024-06-02,9.3,Agency agent knowledge lay determine nation.,email
2199,339,2024-06-23,3.8,Specific order president upon yard.,email
2200,1317,2024-05-16,5.4,Floor fine whatever go.,email
2201,1394,2024-04-11,8.0,Per real consider chair suffer always risk.,email
2202,1652,2024-05-11,8.9,Million include born energy.,email
2203,792,2024-05-25,10.0,Model future last investment.,email
2204,399,2024-05-01,7.3,Career among network role.,phone
2205,1071,2024-04-05,8.2,These common production lot own.,email
2206,1300,2024-04-01,8.1,Collection some structure bad cost economic unit.,email
2207,746,2024-04-28,9.2,Talk listen wall series then.,in_app
2208,166,2024-04-27,10.0,Parent if tell space current pressure moment part.,in_app
2209,794,2024-06-24,8.6,Finish than government reach leader generation.,phone
2210,1044,2024-05-22,7.0,Approach Democrat although arm.,email
2211,1648,2024-04-14,10.0,Owner history know great.,in_app
2212,1121,2024-06-07,6.4,Area book exist explain thought.,email
2213,1207,2024-06-08,2.3,Generation fast shoulder mean citizen huge.,email
2214,243,2024-05-28,8.8,Media step boy without general.,email
2215,1913,2024-05-11,7.2,Determine blood fine suggest smile price.,email
2216,1125,2024-04-11,10.0,Tonight practice improve.,email
2217,1216,2024-05-01,7.2,After first group three.,email
2218,1387,2024-05-18,5.4,Energy leader generation generation get.,email
2219,1944,2024-04-18,5.4,Crime power win several.,in_app
2220,1637,2024-05-29,8.2,Fact think present large according religious clearly.,email
2221,1152,2024-04-18,4.9,Against personal before agree.,email
2222,292,2024-05-20,5.9,Market say make most fish budget.,email
2223,1502,2024-04-25,5.1,Order group far effect medical of when white.,phone
2224,1589,2024-05-22,4.8,Administration arm both carry above lot.,in_app
2225,128,2024-06-01,5.9,Simply article herself beat interesting our clearly.,email
2226,838,2024-06-13,5.1,Away free song day through.,email
2227,1720,2024-06-17,7.4,Method early employee short hot.,in_app
2228,87,2024-06-27,5.6,Bar second responsibility program game.,email
2229,246,2024-04-30,5.0,Into attorney hit become live general.,email
2230,1830,2024-06-15,7.7,Attack government she investment.,email
2231,1517,2024-06-28,5.7,Money town phone prevent success plant.,in_app
2232,1246,2024-05-24,4.3,Particular star bar above music read.,in_app
2233,273,2024-06-25,6.0,Concern stuff study outside.,email
2234,1675,2024-06-22,6.0,Perform grow development.,email
2235,1571,2024-04-03,6.6,Total what conference recognize leave.,email
2236,1361,2024-04-08,5.3,Factor his left.,email
2237,717,2024-04-25,6.5,Financial plant skin range between available.,email
2238,1386,2024-06-26,6.2,Fly help bank almost.,in_app
2239,1348,2024-04-01,4.2,Skin free purpose body him.,email
2240,1166,2024-04-11,9.6,Level stage various research so international laugh.,in_app
2241,937,2024-06-22,5.7,For thousand individual.,email
2242,375,2024-04-10,7.7,When baby to professor force land.,email
2243,1575,2024-04-23,9.8,Record agreement arrive question staff.,email
2244,875,2024-06-16,7.3,He a culture without hit.,phone
2245,758,2024-04-25,7.5,Some term kind see scene trouble sure.,email
2246,1157,2024-06-11,6.0,Color crime not than with check within.,in_app
2247,429,2024-05-21,10.0,Moment try skin lose do almost.,email
2248,1396,2024-04-13,6.0,Others cut room although quickly.,email
2249,771,2024-04-15,8.5,Think allow sort difference usually.,email
2250,1072,2024-05-18,9.5,Up industry its.,phone
2251,1775,2024-07-23,6.8,Company buy new drug sport.,email
2252,1879,2024-08-31,7.7,Feeling over choice study religious bag quickly.,email
2253,1896,2024-09-22,8.1,Soon break open opportunity across shoulder exactly.,email
2254,526,2024-07-19,6.4,Bill talk although floor western activity our.,email
2255,1493,2024-08-14,10.0,Let use simply identify.,phone
2256,1090,2024-07-19,6.9,Recent hand specific security phone.,email
2257,1074,2024-07-11,7.7,Within high conference nice.,email
2258,967,2024-09-26,4.4,Along assume arm at Congress base.,email
2259,1076,2024-08-07,3.7,Issue level choose scene.,in_app
2260,595,2024-09-08,10.0,Economy fill later.,email
2261,493,2024-08-29,8.4,Use claim write.,email
2262,1599,2024-07-30,5.8,Describe leg player arm woman body become guess.,in_app
2263,262,2024-08-03,7.0,Table charge probably rise apply.,email
2264,679,2024-08-04,9.0,Then more factor woman.,email
2265,360,2024-09-02,3.5,Each possible story several fly baby hope never.,in_app
2266,601,2024-09-13,5.5,Discuss leader join.,email
2267,175,2024-07-22,1.1,Person exist forget high feeling store least.,in_app
2268,1280,2024-07-11,7.9,Able share likely much no debate treat.,in_app
2269,160,2024-08-31,3.4,Prevent explain avoid four resource part surface particular.,in_app
2270,1226,2024-09-13,5.7,Instead really color really.,email
2271,353,2024-08-22,8.5,Here camera choice fish opportunity protect.,email
2272,618,2024-07-15,3.1,Should entire recent.,email
2273,1875,2024-07-27,1.5,Easy can me staff.,email
2274,1533,2024-09-18,6.3,Land oil watch piece training nearly lay.,email
2275,1051,2024-09-13,5.6,Late control contain plan say break yourself radio.,email
2276,1037,2024-07-22,9.8,Beautiful carry usually question phone late.,email
2277,1939,2024-09-14,8.1,Purpose safe field off page base unit.,email
2278,150,2024-08-04,3.9,Recent entire last environmental.,email
2279,1361,2024-08-02,6.2,Whatever bad center ball man behavior.,email
2280,1832,2024-08-13,6.5,Cause provide political theory personal increase.,email
2281,1701,2024-08-22,5.6,Message friend discuss discuss.,email
2282,394,2024-07-14,5.4,Thought respond enough according ten individual training window.,in_app
2283,631,2024-08-17,5.8,Bar night drop sometimes cold thank mind.,email
2284,802,2024-07-29,4.5,Growth begin hospital study letter.,email
2285,111,2024-07-30,6.3,Trouble else firm range wear like watch.,phone
2286,762,2024-07-05,7.3,Join then contain why.,phone
2287,491,2024-07-02,5.9,Yeah anything perhaps stuff learn far class.,email
2288,1516,2024-07-24,4.8,Office report research assume.,email
2289,941,2024-07-13,6.3,Raise morning could become system civil.,phone
2290,1260,2024-09-17,10.0,Hit house across although.,email
2291,817,2024-08-06,6.6,Congress call because.,email
2292,1928,2024-08-22,4.7,Local some season.,email
2293,574,2024-09-04,10.0,Watch citizen step.,in_app
2294,33,2024-09-13,9.4,At civil medical series movement fire indicate.,email
2295,1108,2024-09-05,5.1,Different total discover page wear.,email
2296,454,2024-08-16,6.0,Be huge soldier sure let down when husband.,in_app
2297,270,2024-07-28,9.0,Agree key always can which main expert.,email
2298,1002,2024-09-19,2.8,National or feel culture.,email
2299,422,2024-09-12,5.9,Old never option forget red game research.,email
2300,1507,2024-09-01,7.1,Drug somebody weight candidate opportunity off capital nothing.,email
2301,1474,2024-08-22,8.5,Rate home nearly someone yourself.,email
2302,1989,2024-07-13,6.8,Say hit upon write quickly.,email
2303,297,2024-07-04,7.9,Study court item free price peace individual.,in_app
2304,1007,2024-07-01,7.7,Hair people call institution society than message.,email
2305,251,2024-07-02,5.8,Hot take let mother art good.,email
2306,215,2024-09-12,5.2,Often star go institution.,email
2307,18,2024-09-11,7.2,Customer agree defense loss mean.,email
2308,1420,2024-08-16,7.7,Each field best television year film easy kid.,email
2309,1253,2024-07-08,5.3,Law message happy seek employee significant.,email
2310,205,2024-07-12,7.8,Issue start seem century.,in_app
2311,1286,2024-08-17,7.0,Site religious option yes.,in_app
2312,1393,2024-07-10,6.3,Power lot green seem light.,in_app
2313,920,2024-08-11,6.1,Be your condition.,email
2314,222,2024-07-04,6.6,Happy improve true court strategy.,email
2315,1367,2024-09-28,9.3,Enjoy job indeed board gun.,email
2316,689,2024-07-21,7.6,Activity standard better everybody test.,email
2317,498,2024-07-05,5.0,So between single use each.,in_app
2318,1811,2024-09-24,9.8,Its treat learn.,email
2319,723,2024-07-07,7.9,Event particular smile TV focus force require around.,email
2320,560,2024-09-29,7.6,Rest sign tend why serious.,email
2321,207,2024-09-18,8.1,Simply everyone kind many physical political war.,email
2322,1404,2024-08-18,6.7,Her believe both available.,in_app
2323,1266,2024-07-09,6.9,Black suggest herself minute side main.,email
2324,62,2024-08-02,5.8,Theory ago if certainly lay such.,email
2325,1664,2024-09-25,9.6,Country high plan recognize laugh factor.,email
2326,1150,2024-07-28,9.8,Material great stay ago structure after such.,email
2327,1733,2024-08-03,3.6,Stand arm nor age produce investment control.,phone
2328,1559,2024-07-19,9.6,Ok own picture language line among.,in_app
2329,1295,2024-09-29,6.1,Member big life piece garden develop put.,in_app
2330,1261,2024-08-19,7.6,Fine degree sign town end item one.,email
2331,1019,2024-09-06,6.5,Effort feeling all news interest picture business.,in_app
2332,1309,2024-07-31,8.8,Movie wall dark Mr its economy create.,in_app
2333,234,2024-09-15,3.9,Important push ok room question including imagine.,email
2334,542,2024-07-23,8.5,Type reveal him including.,email
2335,1503,2024-09-01,6.4,East personal case quality.,email
2336,1935,2024-09-25,9.1,Attack exactly dream song order.,email
2337,768,2024-07-31,7.0,Then responsibility form north when already.,in_app
2338,1451,2024-09-14,6.7,Concern benefit true beautiful impact century.,email
2339,393,2024-07-05,7.9,Little system member quickly international.,email
2340,453,2024-07-02,1.4,Think investment position environment sure which.,email
2341,314,2024-08-14,10.0,Political adult understand fly.,email
2342,1032,2024-09-13,8.5,Senior report success man.,email
2343,727,2024-07-04,6.5,Soldier gun minute last simply animal husband while.,in_app
2344,108,2024-07-15,5.4,Strategy study police share usually growth.,in_app
2345,996,2024-07-08,7.5,Old show agency our hair.,email
2346,109,2024-09-29,9.5,So group newspaper realize good may west.,email
2347,320,2024-09-26,9.3,Edge then beautiful free.,in_app
2348,1170,2024-08-10,5.0,Wall song word return.,in_app
2349,306,2024-08-13,6.0,Gun stay toward it investment cost here.,email
2350,829,2024-08-20,6.0,Thousand fire fly certainly.,email
2351,1588,2024-07-22,9.1,Research girl result reason him.,email
2352,45,2024-08-16,6.7,Down candidate second board small parent effect.,email
2353,558,2024-08-19,10.0,Foot recent region mind.,email
2354,940,2024-08-19,7.2,Republican feeling be than understand people.,email
2355,221,2024-09-12,4.1,Example discussion step late.,email
2356,1765,2024-08-21,4.9,Site issue center safe summer little.,in_app
2357,550,2024-08-10,7.5,Each four agent drive list instead whose.,email
2358,839,2024-07-25,5.8,Contain into factor billion piece some.,in_app
2359,428,2024-07-07,4.9,Position quickly manager fill store president.,email
2360,130,2024-09-23,7.7,Bad understand fish stand.,email
2361,473,2024-07-14,5.9,According if benefit work born difficult old parent.,in_app
2362,83,2024-07-01,5.3,Candidate certainly collection available important create.,email
2363,489,2024-07-15,3.5,You key station pull.,in_app
2364,1425,2024-09-26,7.5,Appear amount of simply measure describe.,in_app
2365,798,2024-08-03,4.6,Hot black available cause plan heavy.,email
2366,1653,2024-09-26,4.1,Drug almost subject always prove financial performance.,email
2367,1809,2024-08-11,6.6,Congress increase sister necessary student teach their.,email
2368,217,2024-07-23,6.2,Large discussion catch produce degree account.,email
2369,1144,2024-08-06,7.2,Push sound reach success.,email
2370,285,2024-08-20,8.3,Realize create share tonight.,email
2371,1966,2024-07-20,7.1,Book water wrong fight society art store strategy.,in_app
2372,647,2024-08-05,4.9,Show threat society guess happy film ball trade.,in_app
2373,691,2024-07-23,5.6,Worker live yard scientist.,email
2374,1839,2024-07-11,8.5,Old off summer sure tough.,email
2375,141,2024-07-27,8.4,Direction organization agree share.,email
2376,1243,2024-08-03,6.8,Represent age any that service.,email
2377,808,2024-09-21,10.0,Much gun beat exist.,email
2378,686,2024-09-29,6.7,Bag I involve push wonder land.,email
2379,827,2024-07-18,7.4,Style there us cold.,email
2380,1913,2024-09-25,6.0,Try adult human beat.,email
2381,667,2024-09-23,10.0,Must sort same over especially president.,email
2382,538,2024-07-03,7.7,Low claim camera method.,phone
2383,281,2024-07-04,9.1,Spring eat ever race anyone.,email
2384,1462,2024-08-23,5.9,Party economic inside free reason trial happen.,in_app
2385,1667,2024-08-13,6.2,Foreign risk actually ahead old seek reduce.,email
2386,1245,2024-08-26,8.1,Class market he offer.,email
2387,1207,2024-07-15,5.5,Or play especially environment.,email
2388,1706,2024-08-07,7.2,Machine far sit really dinner animal.,email
2389,1722,2024-08-15,7.8,Apply PM economy note character same.,email
2390,124,2024-08-26,7.6,Mind age house our past lot eat once.,email
2391,828,2024-07-22,6.3,Manage model challenge city.,email
2392,795,2024-08-16,4.1,Act image reason.,in_app
2393,359,2024-09-01,8.7,Bag training reason.,email
2394,1836,2024-09-27,8.2,Which discover smile doctor.,email
2395,1557,2024-07-30,9.7,Southern peace woman woman then.,email
2396,1126,2024-08-26,7.8,Specific this investment compare feel cover financial.,phone
2397,661,2024-08-29,1.6,Onto clear member assume together Congress time.,email
2398,1600,2024-09-21,6.6,Record official white street section true.,email
2399,1795,2024-09-04,5.5,Likely general could public war minute.,in_app
2400,1687,2024-09-05,7.4,Like reflect bit.,email
2401,1088,2024-09-07,6.8,Responsibility project activity may way nothing.,email
2402,397,2024-07-22,9.8,Represent return quality require popular film.,email
2403,23,2024-08-30,4.1,Huge white carry four about state attack reach.,email
2404,284,2024-08-06,4.4,Customer read generation eight too movie.,email
2405,640,2024-09-16,6.9,Member close top able free phone.,in_app
2406,1656,2024-08-28,5.5,Green might animal role go wish.,email
2407,1916,2024-07-16,7.8,Dark keep lay.,email
2408,340,2024-07-25,5.9,Later dinner yes what.,phone
2409,1490,2024-09-25,7.7,Service each campaign gas pay account.,in_app
2410,800,2024-09-28,7.5,Whatever save talk who.,email
2411,1269,2024-09-27,7.0,Pretty themselves such.,in_app
2412,226,2024-07-17,10.0,Minute nearly place item two else nice.,in_app
2413,1106,2024-07-11,4.6,Push woman ahead about.,email
2414,279,2024-09-06,7.8,Wish shake sister.,email
2415,888,2024-09-19,4.6,Line when event act.,in_app
2416,15,2024-09-23,5.6,Candidate quickly exactly part already candidate.,email
2417,1430,2024-08-28,9.6,Try low reason notice soldier.,email
2418,377,2024-07-01,8.8,Budget interview way American green design large.,email
2419,719,2024-07-03,6.2,Morning same change along approach buy policy agreement.,email
2420,1854,2024-09-03,8.2,Teach effect often people.,in_app
2421,826,2024-07-04,6.6,Structure fill ten real realize spend.,email
2422,1130,2024-07-26,6.4,Since community analysis long bring avoid case.,in_app
2423,12,2024-07-24,7.3,Another film president see art lay.,in_app
2424,1798,2024-09-21,7.6,Cell total approach dream company.,email
2425,6,2024-07-01,7.6,Reduce impact yes reality.,email
2426,660,2024-08-13,5.3,Long behavior agency war.,in_app
2427,115,2024-07-30,8.1,Trouble glass recently successful account away two current.,email
2428,127,2024-08-08,7.5,Others cost third say dinner here start.,email
2429,1556,2024-07-05,3.8,Government your determine act member sound.,email
2430,1633,2024-07-06,6.7,Science firm later yourself.,in_app
2431,1133,2024-08-30,5.3,No star consumer us decide carry.,in_app
2432,1659,2024-08-26,6.4,Especially situation wait because like population.,in_app
2433,1598,2024-07-03,4.0,Eat consumer size rather.,email
2434,1262,2024-09-16,7.5,Difference either develop cost game other without.,email
2435,1205,2024-08-25,5.3,Rise hair seem rule choice.,email
2436,1513,2024-08-08,9.0,Now later those to line than safe among.,email
2437,1252,2024-09-10,5.6,But goal home sense thought toward.,email
2438,610,2024-08-17,8.8,Mrs grow those same in.,email
2439,57,2024-07-12,8.3,Notice yard appear develop why more.,email
2440,948,2024-08-16,5.3,Campaign even ask suggest that star whatever woman.,email
2441,1574,2024-09-25,8.9,Meeting research tonight suffer learn.,email
2442,1791,2024-09-14,9.1,Audience including both air especially when happy.,in_app
2443,1731,2024-07-13,6.6,Parent everybody anything reach draw computer.,in_app
2444,495,2024-07-31,4.1,Thousand on indicate fill nor imagine.,email
2445,336,2024-07-11,5.9,Be hold herself year weight at let.,email
2446,245,2024-09-12,9.2,Tend effect whose computer time.,email
2447,1866,2024-08-28,5.7,Notice fall car everyone.,in_app
2448,511,2024-09-01,10.0,Identify those idea.,email
2449,1535,2024-07-10,7.1,Capital debate live price can poor.,email
2450,1246,2024-09-17,9.0,Remain away heart surface street admit.,email
2451,509,2024-09-09,8.1,West door specific computer world arm hope.,email
2452,275,2024-08-16,9.9,Hit task share recognize.,email
2453,416,2024-07-24,5.0,Hand concern letter.,email
2454,1790,2024-07-16,6.3,Audience crime dream buy.,email
2455,418,2024-08-05,8.7,Pm look reason direction office.,in_app
2456,915,2024-09-14,8.9,Yeah analysis end gun bank.,email
2457,1628,2024-08-16,6.5,Successful increase man.,email
2458,1947,2024-08-04,5.8,Have administration save character research stop discuss.,in_app
2459,1274,2024-07-05,6.2,Us vote then wait economy degree list prepare.,in_app
2460,1864,2024-07-09,7.5,Begin science follow window sometimes weight team.,email
2461,1881,2024-09-10,6.8,Dog use buy president all else sea.,email
2462,1300,2024-09-06,6.5,Power difficult wish.,in_app
2463,621,2024-07-17,9.7,Oil hit set attack purpose realize.,email
2464,598,2024-09-28,4.3,These hour point direction.,email
2465,266,2024-09-04,7.7,So hotel time former left treat send.,email
2466,1483,2024-09-07,9.4,Time mean stop each level student.,email
2467,440,2024-08-09,7.7,Board music admit travel while condition above.,in_app
2468,1491,2024-08-25,5.9,Movement billion easy history military end somebody.,in_app
2469,1385,2024-08-18,6.0,Pick truth reveal conference gun talk professional.,in_app
2470,796,2024-07-12,6.0,Coach apply red worker appear quality from.,email
2471,1587,2024-09-08,8.6,Bill name resource.,email
2472,96,2024-09-04,6.3,Decision serve brother heart speech no.,email
2473,626,2024-09-03,5.2,Fear idea situation ask plant nature reveal.,email
2474,521,2024-08-22,6.6,Professor we admit garden.,email
2475,892,2024-09-26,6.9,Whose federal teacher central others participant.,email
2476,1264,2024-07-09,3.7,Democratic material nothing letter chair take.,email
2477,2,2024-07-06,8.2,Carry interest well success.,in_app
2478,110,2024-07-01,6.9,Model choice child military.,email
2479,837,2024-07-21,10.0,Someone standard officer say against own.,email
2480,406,2024-07-30,7.0,Would free stuff identify these.,email
2481,1163,2024-09-24,8.4,Central happy film him.,email
2482,1926,2024-07-23,7.6,Baby condition enter make civil cover.,email
2483,1948,2024-07-15,6.7,Close technology computer evening laugh.,email
2484,24,2024-07-30,4.9,Reason relationship cold live feeling out.,email
2485,1806,2024-09-02,7.9,Name garden full.,email
2486,1752,2024-09-24,6.6,Range brother store risk candidate coach fight.,email
2487,1953,2024-07-03,6.6,Reach next sense remember out whom group.,email
2488,665,2024-08-16,10.0,Recognize same kid who.,phone
2489,1308,2024-09-28,5.6,Nature hair garden consumer official.,email
2490,319,2024-09-07,8.2,Learn source religious the.,in_app
2491,958,2024-09-06,7.4,Learn picture almost letter.,email
2492,1767,2024-08-22,5.4,Policy hit rich another opportunity.,in_app
2493,1540,2024-09-06,10.0,Face scene theory democratic employee too threat.,email
2494,1362,2024-08-22,5.8,Then appear foot.,email
2495,1159,2024-09-10,6.0,Personal activity husband see particularly.,email
2496,588,2024-08-16,6.3,Necessary center hear image.,in_app
2497,1171,2024-07-29,7.6,Program federal late government base yeah language.,in_app
2498,1053,2024-07-31,8.7,Behavior wish beautiful be series fast maybe.,email
2499,859,2024-07-15,7.5,Back out alone.,email
2500,845,2024-09-04,5.8,Mouth smile one small.,email
2501,675,2024-09-25,9.1,Wear fire growth far one person.,email
2502,1788,2024-07-27,10.0,Customer world reduce.,in_app
2503,264,2024-08-07,5.7,Popular maybe civil friend moment civil.,email
2504,799,2024-08-20,9.2,Must teach involve company main.,in_app
2505,978,2024-08-02,8.1,Foreign safe throw large most beat.,in_app
2506,1822,2024-09-17,3.8,Majority fine single serve feel ability.,in_app
2507,1324,2024-09-09,7.7,Better store drop dark course position.,in_app
2508,89,2024-08-07,4.6,Member a morning something table decade far.,email
2509,199,2024-08-10,5.8,Past others community expect into.,email
2510,1030,2024-08-14,7.9,Should action talk process brother suggest figure.,email
2511,524,2024-09-20,7.7,Generation body professor government past old help.,email
2512,636,2024-07-29,6.0,Subject police make rather.,email
2513,1232,2024-07-06,7.9,Approach religious clearly indeed remain model.,in_app
2514,358,2024-07-25,8.6,Stuff example participant friend common back.,email
2515,1970,2024-08-31,5.9,Help catch let make series little.,email
2516,1039,2024-07-28,7.9,Eight detail any this coach.,email
2517,1166,2024-08-28,5.4,North husband account.,email
2518,1368,2024-09-20,7.9,Performance red performance listen human.,email
2519,594,2024-08-05,5.6,International see across though total often run free.,in_app
2520,1634,2024-09-06,5.4,Cover deep necessary reality pay treatment result fine.,in_app
2521,308,2024-07-22,5.1,Happy head front want.,in_app
2522,1390,2024-08-22,8.2,Federal director war its.,email
2523,1897,2024-08-12,8.4,Often civil once.,email
2524,1969,2024-07-25,6.4,Skill foreign if push picture.,phone
2525,497,2024-07-06,6.2,Shake avoid some accept amount little shoulder.,email
2526,1848,2024-08-02,3.1,Occur chance list unit.,in_app
2527,642,2024-09-19,9.8,Like money require occur common.,email
2528,103,2024-09-07,4.0,Want general serve source real group end.,email
2529,1780,2024-07-01,8.1,Director rule its father record.,email
2530,351,2024-09-22,7.4,Firm man thank.,in_app
2531,531,2024-08-18,10.0,Him from local type.,email
2532,382,2024-08-28,7.8,Catch suggest over mouth role military church bar.,email
2533,87,2024-08-10,10.0,Reveal too behind worry.,email
2534,184,2024-08-17,9.0,Rather international writer election.,email
2535,32,2024-07-28,9.8,Between eat social other travel.,email
2536,1138,2024-09-27,9.8,Beautiful body send through whatever for local.,email
2537,1448,2024-07-31,4.4,Chair quickly cultural series piece entire.,email
2538,1868,2024-08-17,6.3,Hear decide risk hundred low Democrat by.,email
2539,1098,2024-07-05,5.5,Watch full center report.,phone
2540,1626,2024-07-15,7.2,Sort quality author participant.,in_app
2541,764,2024-08-08,6.4,Subject no evidence information business term probably.,in_app
2542,1502,2024-08-14,10.0,Investment pull those amount sign.,email
2543,1651,2024-07-15,4.4,Television fire be.,email
2544,1990,2024-08-10,7.5,Either employee theory stop include present behind.,email
2545,1488,2024-09-22,9.0,Article much sound practice dog technology form decide.,in_app
2546,7,2024-07-07,5.0,College pay center success.,phone
2547,1446,2024-07-19,4.7,Southern development figure really Democrat positive why.,phone
2548,1305,2024-09-04,10.0,Bring away just attack smile.,email
2549,1251,2024-07-09,6.1,Whether especially avoid form.,email
2550,1567,2024-07-21,8.3,Spend thing near.,email
2551,185,2024-08-01,5.9,Good these garden author conference.,email
2552,121,2024-08-11,5.7,Own soon rest very.,email
2553,1195,2024-09-11,6.3,None candidate live second military physical base else.,email
2554,164,2024-08-26,7.2,Later describe mother movie some teacher Congress.,in_app
2555,1702,2024-07-02,8.3,Suffer other enough student manage individual field.,email
2556,567,2024-07-28,10.0,Bank magazine finish would opportunity hair.,email
2557,1838,2024-09-18,8.4,Sense course hard oil expert kid.,email
2558,268,2024-09-27,6.3,Cut part fish benefit style reveal.,email
2559,1418,2024-09-22,8.2,Identify main run tree sign.,email
2560,276,2024-08-18,10.0,General result eye understand meeting.,in_app
2561,1111,2024-09-22,6.0,Shake science purpose kid series purpose.,email
2562,1178,2024-08-19,5.3,Your base federal discuss authority report.,email
2563,1824,2024-08-22,9.7,Democrat between room cell.,email
2564,1965,2024-08-08,5.6,Company truth change full Mrs.,email
2565,1999,2024-07-10,5.9,Sell our want draw.,email
2566,1415,2024-07-01,5.6,More deep administration sit discuss pay radio.,email
2567,1800,2024-08-02,6.7,Truth buy party pattern address friend market.,email
2568,634,2024-08-24,6.7,Race boy hand wonder.,in_app
2569,112,2024-08-05,5.1,Line how need pay rule.,in_app
2570,671,2024-09-02,6.8,History far art partner.,email
2571,413,2024-08-28,5.0,Cover eye wife prove.,email
2572,1501,2024-09-28,7.5,Real song fact structure realize artist water.,in_app
2573,1105,2024-08-23,6.0,Forget simply ever.,email
2574,1995,2024-09-24,7.7,Decision far majority lawyer work view build.,in_app
2575,1725,2024-09-08,8.0,Conference prepare popular agency.,in_app
2576,853,2024-07-23,7.4,Rule entire beyond could easy growth line.,email
2577,1849,2024-07-11,9.0,Why part future eat set certain record.,email
2578,676,2024-08-28,5.4,Just anything network.,in_app
2579,716,2024-08-30,5.9,Family season exist policy others.,email
2580,889,2024-07-30,7.7,Employee order go wear.,email
2581,1536,2024-08-20,7.3,Affect Democrat person right beat.,in_app
2582,1852,2024-08-22,6.4,Hour newspaper ready beautiful institution pass think.,email
2583,311,2024-07-31,5.2,Especially appear live behind.,email
2584,310,2024-07-27,8.1,Story stop coach very.,email
2585,186,2024-08-14,5.2,Above follow discuss put marriage tonight.,email
2586,557,2024-09-21,5.6,Pass foot its apply candidate assume.,email
2587,1709,2024-08-31,9.8,Political first effort nation price job including.,email
2588,1216,2024-07-14,8.3,Begin staff in wall her within story.,in_app
2589,1222,2024-07-20,5.4,Rate pick feel hold among public customer.,in_app
2590,1895,2024-07-04,6.8,Young hear program anyone go art run boy.,email
2591,1604,2024-09-08,7.3,Fine federal establish moment shoulder energy.,email
2592,1927,2024-08-28,7.4,Social turn among summer choice add college.,phone
2593,1743,2024-07-14,6.0,Republican beautiful along institution benefit.,in_app
2594,1422,2024-07-18,9.7,Believe class color mouth fill left.,email
2595,1682,2024-08-19,8.5,Him bed station improve whose economic church.,email
2596,1230,2024-07-16,7.6,None out national happen according fast.,phone
2597,1620,2024-07-17,5.6,Out provide lawyer true whether strong well want.,email
2598,591,2024-09-22,7.8,Those democratic run major.,email
2599,1167,2024-08-21,5.8,Beautiful street final sure actually.,email
2600,1946,2024-07-22,6.8,Such show century example meet performance method.,email
2601,522,2024-07-09,6.4,Word give want.,email
2602,426,2024-08-13,7.6,Not dream none wrong suffer certainly baby.,in_app
2603,1847,2024-08-25,7.8,Set although identify so else.,in_app
2604,1121,2024-09-26,5.8,Style respond somebody risk figure.,email
2605,1677,2024-08-27,6.1,Movie perhaps though issue agreement large.,email
2606,1769,2024-08-30,7.9,Ground environmental little go idea society pay.,email
2607,1648,2024-09-17,9.0,Rock sell character attention system big near.,email
2608,822,2024-07-15,2.4,Stop condition successful seem suggest plant knowledge long.,phone
2609,1683,2024-08-14,5.5,Stay miss care answer school ready just.,email
2610,943,2024-09-10,5.9,Lead report perhaps method student lead feel.,email
2611,1819,2024-07-03,7.1,And education response form prepare effect.,email
2612,1517,2024-07-18,7.8,Even structure president fly teacher central generation.,email
2613,1515,2024-09-18,10.0,Million card everyone thousand responsibility pressure community.,email
2614,897,2024-09-17,6.3,Wish indeed southern blue source bar throughout.,email
2615,1125,2024-08-24,2.3,Window never support floor dark political.,email
2616,391,2024-07-16,2.0,Once stand traditional into fine peace.,email
2617,208,2024-08-05,7.4,Weight somebody nothing.,email
2618,1787,2024-08-07,5.5,Before item billion foreign yes.,email
2619,1219,2024-08-21,6.8,Style factor material soldier believe then audience.,email
2620,785,2024-08-02,8.7,Approach government sound level billion leave.,in_app
2621,1025,2024-08-23,6.1,Whom something writer like.,email
2622,1349,2024-08-23,6.2,Experience anything artist he.,email
2623,239,2024-08-14,5.8,Poor relationship animal value pattern.,email
2624,1573,2024-08-02,8.7,Stand region lose travel add.,email
2625,3,2024-09-09,7.8,Relationship help ten check heart idea occur.,email
2626,1842,2024-11-13,8.3,Treatment admit trade matter child.,email
2627,1572,2024-11-29,4.4,Recently will which house.,email
2628,1702,2024-12-05,8.4,Few respond place message expert create live.,email
2629,1537,2024-11-07,7.3,Town difference job measure management happen never.,email
2630,613,2024-12-10,5.9,Nothing material education nice happy church accept animal.,email
2631,1595,2024-10-22,9.4,Though law while detail month.,email
2632,874,2024-10-19,6.7,Important quite protect administration audience trouble.,email
2633,1438,2024-12-07,8.5,Today fill group realize public why teach.,email
2634,1728,2024-10-08,10.0,Again democratic vote necessary.,in_app
2635,1661,2024-12-03,8.1,Others again hope.,email
2636,840,2024-10-24,6.3,Kid dark to senior anything certainly.,email
2637,1750,2024-10-19,7.3,Sort speak chair once.,in_app
2638,1761,2024-12-17,9.0,Official different speech size not sister.,email
2639,1354,2024-12-15,4.7,Year decision her six.,email
2640,14,2024-10-03,7.9,Operation wait respond prove sometimes style we good.,email
2641,492,2024-12-22,8.6,Memory analysis consumer wrong mother most.,email
2642,123,2024-11-21,8.3,Theory law form factor college trade.,email
2643,161,2024-11-14,8.2,Must decade subject event what hour.,in_app
2644,1528,2024-11-21,7.0,Whatever report establish lose should.,in_app
2645,491,2024-12-22,6.5,Need add to authority present man suffer.,in_app
2646,1870,2024-12-24,9.0,Half game case spend western such.,email
2647,1065,2024-12-30,7.4,Exist join assume prove any nice.,in_app
2648,710,2024-11-22,8.4,Lot eight need low hold different message.,email
2649,101,2024-12-11,10.0,Bar group human hard.,email
2650,706,2024-12-01,8.4,Far condition important arm room.,in_app
2651,239,2024-10-06,7.3,Determine the increase ago.,email
2652,1993,2024-12-01,7.7,Edge their able listen reason.,email
2653,395,2024-10-12,10.0,Political would star society parent whatever lose.,email
2654,760,2024-10-20,7.3,Yet sit different visit evening.,phone
2655,630,2024-11-23,7.8,Church use country organization anything teacher.,email
2656,383,2024-12-08,6.4,Specific great responsibility continue decision again then.,email
2657,933,2024-12-07,8.2,Remain kind same old mention.,in_app
2658,454,2024-10-12,4.5,Pay later difference live.,email
2659,1461,2024-10-27,7.0,Around would citizen sport.,in_app
2660,485,2024-12-18,10.0,Coach why main boy detail pattern.,in_app
2661,768,2024-10-10,8.1,Mind machine pay animal seven approach.,in_app
2662,653,2024-10-06,7.0,Certainly successful site investment.,email
2663,416,2024-10-05,7.5,Only though whether citizen term guess heart.,in_app
2664,1341,2024-12-24,8.7,Entire see whether attack.,email
2665,1155,2024-11-10,8.5,Agreement nor social threat.,email
2666,741,2024-10-30,7.1,Weight article outside professor include wait.,email
2667,1140,2024-10-12,6.2,Those feel try town far.,email
2668,255,2024-10-13,8.4,Half stand subject.,email
2669,587,2024-11-27,7.9,Capital catch myself note.,email
2670,1581,2024-11-16,8.6,Carry way event boy mean our should.,email
2671,468,2024-10-18,9.2,Four reveal turn.,email
2672,1209,2024-10-21,10.0,Sometimes song attack rest law key.,in_app
2673,184,2024-10-25,9.5,Growth discussion above large short parent industry.,email
2674,1820,2024-11-05,9.8,Treatment program easy down happy perform whom.,email
2675,51,2024-12-02,8.5,Firm learn job rich theory both.,email
2676,1395,2024-11-17,10.0,Number person capital total place property modern.,email
2677,941,2024-10-23,10.0,Care care shoulder.,in_app
2678,39,2024-12-16,6.3,Win yard arm institution.,phone
2679,1020,2024-11-28,9.4,Thank about create director through.,email
2680,1803,2024-12-02,6.2,Myself too that specific probably skill.,email
2681,1594,2024-10-08,10.0,Never quite conference scene though various continue modern.,email
2682,688,2024-10-09,5.1,Center resource experience.,email
2683,1629,2024-12-19,10.0,Matter center after bar watch.,email
2684,1969,2024-12-25,5.6,Article reduce environment whole strong argue rather.,in_app
2685,1260,2024-10-11,8.6,Standard challenge mean and help local.,in_app
2686,484,2024-12-01,8.6,Mention example play bar million.,email
2687,965,2024-12-18,9.9,Reduce hotel yourself goal main seven.,email
2688,69,2024-10-15,9.9,Own sit pull only newspaper.,email
2689,1613,2024-11-19,9.8,Success represent water share wall.,email
2690,223,2024-10-17,10.0,Consider case industry room responsibility.,email
2691,1239,2024-10-12,5.2,Consider attorney wear evening church.,email
2692,488,2024-10-19,6.5,Apply take beautiful theory.,email
2693,1365,2024-11-01,10.0,Chance eye be.,email
2694,631,2024-10-19,8.6,Nothing avoid wonder data us end.,email
2695,1436,2024-10-05,7.7,Personal guess member exist.,in_app
2696,1081,2024-12-03,10.0,Service vote well seven.,email
2697,707,2024-10-12,6.4,Loss meeting yes water.,email
2698,186,2024-11-15,10.0,Certainly wide evening sometimes member recognize.,email
2699,441,2024-12-20,6.4,Conference write happy action new must central.,phone
2700,759,2024-12-09,10.0,Institution low down realize.,in_app
2701,1431,2024-10-23,7.0,Begin produce which others special blood.,email
2702,1904,2024-11-27,7.9,Similar thing reach want main.,in_app
2703,438,2024-12-12,6.5,Couple security left raise.,email
2704,774,2024-12-18,8.9,Why assume prevent investment.,phone
2705,1910,2024-10-21,9.8,Assume attention entire born leave our.,in_app
2706,25,2024-12-22,6.4,Seek somebody us medical.,email
2707,766,2024-11-15,7.5,Actually meet rise try would animal usually.,in_app
2708,1103,2024-12-28,8.7,Turn since thing require range policy provide.,phone
2709,1186,2024-11-15,6.7,Already morning push call employee analysis.,phone
2710,1452,2024-10-03,7.6,Forget simply up read front personal sea.,in_app
2711,70,2024-10-20,8.7,Fly himself suddenly suffer administration decade make.,email
2712,1902,2024-10-17,6.2,Stage gun police note partner body have.,email
2713,669,2024-12-11,8.4,Bed its mean home happy.,in_app
2714,1255,2024-12-19,6.0,Important the although property least.,email
2715,1332,2024-11-21,7.7,Nice crime lay then of.,email
2716,1986,2024-12-04,8.6,Himself moment forward view.,email
2717,1583,2024-10-16,7.8,Ten hear answer back physical risk police.,email
2718,1601,2024-10-23,10.0,Yes social speak perhaps debate issue.,in_app
2719,451,2024-10-28,10.0,Authority see change season policy wonder different color.,email
2720,1377,2024-11-17,10.0,Sound she student key begin always.,email
2721,1866,2024-12-22,7.0,Suggest night church other consider.,email
2722,1663,2024-11-21,6.3,Share perhaps section thought well.,email
2723,713,2024-12-18,7.1,Energy draw debate effort final oil.,email
2724,1419,2024-12-30,9.6,Speech suffer record assume play.,email
2725,1061,2024-12-29,10.0,Study century wait model night director hope.,email
2726,530,2024-10-20,7.2,Road who skin although.,email
2727,1008,2024-11-01,6.9,Off successful indicate.,email
2728,1203,2024-12-11,8.9,Health unit next.,email
2729,1479,2024-10-22,4.2,Wonder explain good.,in_app
2730,544,2024-12-25,3.9,Space spring newspaper issue PM while upon.,email
2731,890,2024-12-23,8.7,Future environmental mention PM during part career.,email
2732,72,2024-10-11,10.0,Serious magazine kid body allow.,phone
2733,1454,2024-12-03,6.1,Tend hope nearly management fill case event speak.,in_app
2734,1536,2024-12-16,8.8,Behind type still tough by off.,email
2735,1543,2024-11-28,8.4,Close better realize its experience.,email
2736,1352,2024-10-17,7.8,East far chair imagine.,email
2737,1389,2024-12-01,8.5,But act assume can.,in_app
2738,1141,2024-12-04,7.6,Someone within ask perform gas serious.,email
2739,409,2024-10-29,6.8,Window assume interview life society structure end brother.,in_app
2740,1940,2024-11-26,6.0,Current improve fight guy pressure possible others security.,phone
2741,1084,2024-12-23,7.4,Economic follow course opportunity free this position.,phone
2742,1655,2024-12-25,7.2,Safe stuff too law goal consider relationship.,phone
2743,564,2024-11-15,8.4,Story improve ago country.,email
2744,287,2024-10-11,10.0,Certainly both wear it my result.,email
2745,31,2024-11-01,7.6,Goal feel your walk.,email
2746,1708,2024-12-22,7.1,Sport represent military officer already arm long.,in_app
2747,596,2024-11-20,5.7,Nothing seek ten six need walk debate.,email
2748,1124,2024-10-21,7.9,Bed participant four son.,email
2749,137,2024-12-28,7.2,Determine skill reality discover.,email
2750,46,2024-10-24,7.7,Shake discover here system fire have group.,email
2751,969,2024-10-28,9.6,Student central such single toward loss hand.,email
2752,1485,2024-11-02,8.8,I now real.,email
2753,1779,2024-10-05,9.2,Adult attention deal today pressure left.,email
2754,92,2024-12-07,5.9,Painting later bad figure.,email
2755,1977,2024-12-13,7.9,Base quite movement as.,email
2756,478,2024-10-10,4.6,Gun oil condition behavior everything entire.,in_app
2757,1177,2024-11-15,8.6,Indeed but about old leg realize.,email
2758,388,2024-10-05,4.8,Citizen face minute thousand defense cultural first.,email
2759,282,2024-11-23,7.4,Particularly together easy market state reflect southern.,email
2760,663,2024-12-12,5.9,Rock stop campaign only store reflect.,email
2761,1402,2024-12-14,7.5,Among charge current agree decade this concern stock.,email
2762,1932,2024-11-09,10.0,Call pattern religious suddenly enough series speak.,email
2763,1942,2024-10-11,7.0,Sing act subject knowledge feel weight.,email
2764,555,2024-11-05,6.3,Thank green yourself professional want stuff.,email
2765,356,2024-12-12,7.1,Without true late make.,email
2766,1562,2024-10-17,6.2,Spring describe thousand out myself everybody cut.,email
2767,694,2024-12-14,6.4,Serious determine story include since crime.,email
2768,1290,2024-10-03,8.8,Individual address herself data.,email
2769,1530,2024-10-27,6.7,Easy most perform arm rock.,email
2770,417,2024-10-27,10.0,Dinner manager decade a discover know reality.,email
2771,1437,2024-10-24,10.0,Save where month between.,email
2772,1415,2024-12-08,7.5,Travel party whether foot.,in_app
2773,926,2024-12-20,4.6,Candidate dark challenge.,email
2774,1880,2024-10-16,4.0,Government draw from resource measure.,email
2775,1626,2024-11-12,8.1,Middle Mr election answer.,email
2776,95,2024-10-16,5.8,Hold month coach no some.,email
2777,1810,2024-12-19,9.4,Month agent mother final place vote one.,email
2778,1670,2024-11-30,9.5,Together image budget more.,in_app
2779,592,2024-11-11,10.0,Goal begin machine strategy treatment.,email
2780,1675,2024-11-07,6.0,Person summer understand wrong culture total.,in_app
2781,1256,2024-12-18,4.9,Sure develop table pull.,email
2782,1511,2024-10-15,2.9,Bit story accept hair score rock such.,in_app
2783,192,2024-10-24,6.9,Case all my couple.,email
2784,1809,2024-10-15,8.4,White trade order add interesting pick want.,email
2785,198,2024-10-31,7.9,Budget soon arm tend.,email
2786,86,2024-11-23,8.0,Throw across defense character start prove majority.,in_app
2787,285,2024-10-14,10.0,Him base century almost risk.,phone
2788,486,2024-12-19,9.3,Least pattern shoulder stage natural area while.,phone
2789,1592,2024-12-15,7.7,Ahead action learn low state.,email
2790,831,2024-12-03,7.6,Time field instead phone program to up.,email
2791,886,2024-12-24,8.1,Assume long run social president.,email
2792,1960,2024-11-15,9.6,More his often care manage service education.,in_app
2793,1360,2024-11-19,2.5,Respond appear nice where room.,phone
2794,785,2024-10-17,6.1,High situation necessary.,in_app
2795,925,2024-11-13,9.5,Election police language policy data bag spring.,phone
2796,800,2024-10-31,6.7,Standard old fish past.,in_app
2797,501,2024-11-23,8.2,According school also this.,email
2798,456,2024-12-19,6.0,Trip people many must.,email
2799,1790,2024-10-01,5.4,Whether against administration box stage gas knowledge.,email
2800,172,2024-10-09,10.0,Not management any find if.,email
2801,262,2024-10-23,8.1,Firm direction lawyer son determine table relationship.,email
2802,1948,2024-12-23,6.9,Well draw but try.,in_app
2803,1048,2024-10-07,8.2,Method grow civil simply.,email
2804,618,2024-12-01,10.0,Indicate page play sport expert military large.,in_app
2805,107,2024-12-13,7.2,Hotel government know Republican.,email
2806,1112,2024-11-14,8.8,Seem whether line color.,in_app
2807,150,2024-12-17,8.6,Claim every identify member along while she well.,email
2808,702,2024-11-23,9.8,Point certain their policy do.,in_app
2809,1121,2024-11-10,4.8,View evidence how pattern difficult.,email
2810,753,2024-11-04,7.5,Couple sometimes specific will institution kitchen individual.,email
2811,29,2024-11-20,8.5,Eight single market entire.,email
2812,844,2024-10-20,8.4,Thank gun machine boy later.,email
2813,1229,2024-11-05,7.6,Rich international positive material.,in_app
2814,988,2024-11-09,4.9,Simply themselves book adult number.,email
2815,1031,2024-12-03,8.4,Fire young fight pretty blood above.,email
2816,89,2024-12-04,7.5,Director recent condition think subject stay.,in_app
2817,1145,2024-10-15,7.5,Read remember maybe citizen.,in_app
2818,240,2024-12-04,8.7,Over concern himself claim situation.,in_app
2819,1714,2024-11-07,7.4,Site realize station name happy.,in_app
2820,1801,2024-11-30,10.0,Film small safe cost wife.,email
2821,1632,2024-11-25,3.8,Line organization heart coach.,email
2822,1168,2024-11-01,6.0,Although these attack character.,email
2823,1614,2024-10-31,10.0,Shake entire claim sign any.,in_app
2824,1715,2024-12-11,6.9,Either foot each discover development ask out.,email
2825,196,2024-10-12,8.5,Arrive day choose election.,email
2826,1703,2024-12-17,6.7,Technology high and example most attention democratic.,email
2827,1185,2024-11-20,10.0,Ability campaign either usually serious industry you.,phone
2828,402,2024-11-29,10.0,Dog my reflect she without.,email
2829,1483,2024-11-23,7.8,Ball along Congress notice act provide election be.,email
2830,229,2024-12-25,9.4,Eight suffer wall particularly.,email
2831,1852,2024-12-12,7.4,Nice three another particular her attorney.,in_app
2832,1697,2024-12-07,6.1,Majority ok somebody design improve difference action voice.,email
2833,513,2024-10-23,10.0,Tell realize enough high camera computer trade.,phone
2834,514,2024-10-19,6.2,Compare travel network sing.,email
2835,605,2024-11-11,4.5,Man gas chair fear have.,in_app
2836,17,2024-11-09,7.7,Test memory become debate when mother family.,email
2837,1923,2024-10-12,7.0,Peace discussion away.,in_app
2838,1309,2024-10-06,9.7,Information mention trial candidate example.,email
2839,1063,2024-10-17,7.0,Range sea pull art job land.,email
2840,643,2024-12-19,9.2,Check a send century industry they may.,in_app
2841,833,2024-11-10,5.3,The light firm short.,in_app
2842,879,2024-12-26,6.7,Wear plant show director still toward wear often.,email
2843,481,2024-11-04,6.9,Eat TV themselves small hard investment whether.,in_app
2844,1997,2024-12-01,8.0,Street southern left may.,email
2845,1607,2024-12-01,8.3,Exactly never moment star clear.,email
2846,1226,2024-11-23,7.9,Report reduce south let.,in_app
2847,1817,2024-10-15,9.7,She two our lead body power.,email
2848,461,2024-11-13,7.9,Water follow least actually mother we detail various.,email
2849,212,2024-12-10,7.7,Value few his conference safe bring case.,in_app
2850,303,2024-11-15,8.9,And almost key then job number past somebody.,email
2851,323,2024-11-14,7.6,Official with about none wide although box budget.,in_app
2852,304,2024-11-13,9.8,Score everybody book mention forward parent statement whom.,in_app
2853,3,2024-10-11,10.0,White guess your.,email
2854,241,2024-11-02,8.3,Resource clear manager thousand marriage.,email
2855,690,2024-11-13,7.6,Check happy describe score get range never.,in_app
2856,1823,2024-11-26,10.0,His mean five.,email
2857,52,2024-10-29,8.1,Feel degree off.,email
2858,1698,2024-11-05,10.0,Network least chair step can.,email
2859,431,2024-10-26,3.8,Prevent individual difficult report institution itself.,email
2860,607,2024-11-01,10.0,While boy when turn not cost nothing.,email
2861,1559,2024-11-08,6.9,Western culture else near day whether.,email
2862,1017,2024-11-22,10.0,Story shoulder final price site water.,email
2863,761,2024-11-09,9.2,A leader our success south way.,email
2864,284,2024-12-08,6.4,Scientist medical difference friend apply.,email
2865,1532,2024-12-13,6.1,Candidate sister standard above.,phone
2866,1246,2024-10-21,9.2,Recently entire admit set.,in_app
2867,1888,2024-10-31,8.5,Film majority heart from early chair.,in_app
2868,317,2024-10-24,9.4,Class medical between husband.,email
2869,207,2024-10-22,5.6,Success admit economic indeed thousand clearly if.,in_app
2870,182,2024-12-29,8.9,Region certain enter conference through real.,email
2871,1037,2024-10-16,8.1,Suggest hit break court.,email
2872,805,2024-12-20,8.6,Gun dark stuff past account worker.,email
2873,708,2024-10-11,4.9,Rock any fear management natural realize young.,email
2874,973,2024-10-18,7.9,Human present hit happy reveal wife.,email
2875,846,2024-10-22,9.8,Read base mouth lawyer author design subject.,email
2876,427,2024-10-06,10.0,Choice wear side attorney surface water.,email
2877,522,2024-12-26,6.8,Few much institution matter.,email
2878,1171,2024-12-02,9.1,It only white that thought.,email
2879,1523,2024-12-13,8.9,Since blue back stay lawyer finish.,email
2880,19,2024-10-20,7.3,Two election particularly benefit place.,email
2881,528,2024-11-24,7.9,Condition guy imagine commercial suddenly.,in_app
2882,1671,2024-12-09,5.8,Style budget nothing worker every.,email
2883,626,2024-10-10,10.0,Fine give modern raise company draw.,phone
2884,1840,2024-12-29,9.2,During offer then every.,in_app
2885,1292,2024-10-14,9.1,Return culture available.,phone
2886,817,2024-11-12,10.0,Move them without life.,in_app
2887,498,2024-12-04,3.0,Another against society day visit.,email
2888,243,2024-11-13,9.5,Raise team quickly such common water increase.,email
2889,797,2024-12-23,3.9,Admit follow vote set her anyone cell.,in_app
2890,795,2024-11-07,9.1,Beat reflect remember together receive court good.,email
2891,1578,2024-11-03,10.0,Major rather itself data case stop son.,email
2892,1464,2024-10-01,10.0,Great movement still.,email
2893,1535,2024-11-29,8.8,Something smile without star animal.,email
2894,115,2024-12-27,8.1,Response bring note black become.,in_app
2895,1621,2024-12-04,5.1,Particular wall word heavy what.,in_app
2896,1793,2024-12-13,7.3,Woman media newspaper new success than.,email
2897,1560,2024-11-06,7.8,Tonight small future.,email
2898,1812,2024-11-23,9.5,Case by measure old small past responsibility.,email
2899,1181,2024-10-01,8.8,Care late end city.,email
2900,1906,2024-10-16,6.4,Local order herself off.,email
2901,1657,2024-11-24,8.1,Maybe prepare state know.,email
2902,158,2024-10-23,6.8,Reality shake indeed business now sense tonight.,email
2903,856,2024-11-06,8.8,Most decade democratic character pick street kind.,email
2904,777,2024-10-08,7.1,Number agreement traditional concern respond someone agency leader.,email
2905,1253,2024-11-28,6.1,Let especially hotel.,email
2906,584,2024-11-07,6.9,Threat professor tough accept wonder else level so.,in_app
2907,1248,2024-10-28,7.2,Network today event station.,email
2908,1347,2024-12-11,10.0,Figure perhaps hear everyone idea adult authority.,email
2909,1561,2024-12-21,9.5,All life enough result society.,email
2910,398,2024-11-09,8.4,Always quality knowledge different must people.,in_app
2911,1016,2024-12-08,6.3,Show mother arrive employee start available new.,email
2912,711,2024-11-07,5.5,Body human account total.,email
2913,281,2024-11-05,6.1,Chance five inside those to central year.,email
2914,378,2024-10-05,8.7,Deal her town cold pay show mention.,email
2915,641,2024-10-11,10.0,Owner site college result phone almost cold join.,email
2916,421,2024-11-07,9.5,Town administration several democratic enough.,email
2917,1928,2024-12-19,6.2,Walk create nature.,in_app
2918,1838,2024-11-05,7.9,Important member result sell great imagine common.,email
2919,1916,2024-10-19,6.9,Every where professor.,in_app
2920,1768,2024-11-02,10.0,May this race yourself now medical way.,email
2921,1822,2024-11-22,3.2,She evidence you number citizen behind.,email
2922,829,2024-12-22,10.0,Point change direction keep picture box.,email
2923,1931,2024-11-23,10.0,Nearly change song cultural national today.,email
2924,1262,2024-12-25,8.0,Might near together final billion cut nice.,email
2925,1233,2024-12-07,10.0,Thought let lay ahead floor.,in_app
2926,937,2024-12-08,7.5,Key safe view ball after recently.,email
2927,308,2024-11-17,6.4,Gas population network break think major.,email
2928,1593,2024-11-28,8.4,Page performance fund perhaps why.,email
2929,577,2024-12-29,6.9,Nature PM particular six wonder.,email
2930,1981,2024-11-04,7.9,Citizen choice everything wind what necessary.,email
2931,1459,2024-10-10,9.1,Whole your listen board.,email
2932,373,2024-10-03,6.5,Heart participant every situation.,email
2933,1251,2024-10-13,10.0,Month suggest religious whole.,email
2934,381,2024-12-07,7.0,Suggest investment technology language.,email
2935,187,2024-10-17,8.2,Kind reflect black number ready make worry.,email
2936,755,2024-11-05,8.7,Garden student mean.,phone
2937,15,2024-11-17,6.7,Every result a product cup sign necessary.,in_app
2938,1721,2024-10-29,5.7,Town health law fund travel.,in_app
2939,595,2024-11-16,10.0,Work nation oil tree cost issue population protect.,email
2940,1757,2024-12-24,7.2,With probably tonight expect discussion.,email
2941,18,2024-12-26,6.5,Result oil all art fall than as success.,phone
2942,1469,2024-10-06,10.0,Face social anything look less push.,email
2943,910,2024-10-19,7.6,Explain class million concern attention.,email
2944,1654,2024-10-16,10.0,Skill here each operation rich network Mr month.,email
2945,145,2024-11-15,7.0,Such either training authority become position wall.,phone
2946,533,2024-10-15,10.0,Then series officer truth middle.,in_app
2947,821,2024-11-03,7.2,History least I wind per east.,email
2948,1306,2024-11-04,6.9,Letter would sort.,in_app
2949,1492,2024-10-18,10.0,Cost today several report administration style leader yard.,email
2950,1142,2024-11-09,9.6,Beautiful prove red hand.,email
2951,475,2024-11-19,7.3,Executive use coach until offer cell kid reality.,email
2952,813,2024-10-30,9.3,Space final property call.,in_app
2953,538,2024-11-24,7.1,Save job step throughout.,email
2954,504,2024-11-01,9.9,Our practice figure player between state away.,email
2955,1490,2024-10-14,7.9,General when method rest under try.,email
2956,225,2024-10-29,8.2,Throughout day less agree training safe news.,email
2957,801,2024-10-25,7.7,Know it popular go together drug near.,in_app
2958,852,2024-11-01,8.9,Create put grow figure their.,email
2959,1637,2024-10-31,3.3,Term region once hour want sit later cover.,in_app
2960,22,2024-12-29,8.9,Seem coach American hundred miss gas form.,email
2961,1504,2024-12-08,9.5,City safe individual to serious.,in_app
2962,1136,2024-12-08,7.1,Middle special hair rather quite central decide.,email
2963,1694,2024-11-25,9.7,Speech several tree rest before measure list.,email
2964,909,2024-12-06,7.6,Option life very win building enough.,in_app
2965,83,2024-11-06,7.7,Cell behavior identify bill play card.,in_app
2966,190,2024-11-06,6.9,Space figure understand wait build husband continue.,email
2967,956,2024-12-20,9.8,Customer appear culture final.,email
2968,1922,2024-12-27,4.9,Traditional happy wear beyond list expert writer.,email
2969,1274,2024-11-24,6.9,Artist talk produce strategy.,email
2970,1784,2024-10-02,9.6,Window policy you sit hour stage.,in_app
2971,1516,2024-10-31,8.4,Ever radio rate general fire.,in_app
2972,1829,2024-11-14,9.1,More line center foreign argue manager western.,email
2973,692,2024-11-21,10.0,Camera also writer until likely near specific.,email
2974,1799,2024-12-05,6.8,Risk particular see bad letter peace enough although.,email
2975,1314,2024-11-29,5.7,Some mother later unit main help able lot.,email
2976,238,2024-10-09,9.8,Develop magazine week join.,email
2977,226,2024-10-07,9.1,Design similar bar project.,email
2978,585,2024-11-11,4.9,President law national over full first.,email
2979,9,2024-10-25,10.0,Interview only product president cup degree side.,in_app
2980,1403,2024-10-27,9.7,Herself may audience.,phone
2981,1937,2024-10-20,6.9,Serve particular risk current memory model century seat.,email
2982,32,2024-10-09,3.5,First else staff raise grow.,email
2983,1338,2024-11-06,7.7,Own senior tonight these four.,email
2984,1983,2024-12-27,6.8,Account together appear but rock toward sometimes.,email
2985,189,2024-11-10,7.9,Become rock learn well.,in_app
2986,1456,2024-12-20,8.8,Would song as.,in_app
2987,376,2024-12-05,6.3,Call family grow foreign explain she so us.,email
2988,171,2024-10-23,7.2,Carry those sea.,in_app
2989,256,2024-10-16,7.3,Defense trip modern source realize including.,phone
2990,1557,2024-10-21,9.4,You model country all.,in_app
2991,1808,2024-12-07,8.1,Speech degree movie choice know edge woman.,in_app
2992,355,2024-11-30,9.1,Front drug old home tax.,email
2993,88,2024-10-02,5.4,Name there it week on.,in_app
2994,1943,2024-12-21,6.4,Middle room throw.,email
2995,1690,2024-11-25,7.9,Situation us whom.,email
2996,1139,2024-11-04,7.5,Ever hotel community.,email
2997,602,2024-12-14,5.1,Government save benefit father.,email
2998,1711,2024-11-17,6.1,Himself option tough.,email
2999,808,2024-10-19,5.0,Room face form them author.,in_app
3000,615,2024-10-27,6.3,Teacher four question security.,email
