opportunity_id,account_id,contact_id,sales_rep_id,created_at,amount,pipeline_stage,current_stage,forecast_category,next_step_date,status,actual_close,loss_reason
3,1808,6,8,2023-01-06,62007,2,Demo,Best Case,2023-03-08,open,,
4,1808,7,8,2023-01-09,29158,2,Demo,Omit,2023-01-23,open,,
5,2031,9,29,2023-01-11,20540,1,Discovery,Omit,2020-01-01,open,,
6,2031,9,29,2023-01-03,23768,5,Closed,Omit,2023-01-13,won,2023-03-30,
7,443,12,16,2023-02-20,13544,5,Closed,Commit,2023-01-01,won,2023-06-14,
8,1182,14,30,2023-01-02,23949,2,Demo,Omit,2020-01-01,open,,
9,1182,14,30,2023-01-02,17937,5,Closed,Omit,2023-03-11,won,2023-04-16,
24,1548,34,19,2023-01-20,27480,3,Proposal,Best Case,2023-03-21,open,,
25,1548,33,19,2023-01-13,72876,2,Demo,Commit,2023-01-03,open,,
26,1548,34,19,2023-01-18,85097,5,Closed,Best Case,2023-01-09,won,2023-04-05,
27,1548,33,19,2023-01-20,66054,2,Demo,Commit,2023-01-04,open,,
31,193,42,18,2023-01-09,9096,1,Discovery,Omit,2023-01-09,open,,
34,465,46,6,2023-01-09,44884,5,Closed,Best Case,2023-01-01,won,2023-01-14,
35,465,46,6,2023-01-07,57770,5,Closed,Omit,2023-01-03,lost,2023-03-09,timing
36,465,46,6,2023-01-04,50788,1,Discovery,Commit,2023-01-08,open,,
50,2819,62,2,2023-01-27,11209,5,Closed,Commit,2023-01-08,won,2023-02-15,
51,2819,63,2,2023-01-27,24844,2,Demo,Best Case,2023-02-16,open,,
52,2819,62,2,2023-01-22,22512,2,Demo,Omit,2023-01-08,open,,
57,3692,77,34,2023-03-11,15072,2,Demo,Commit,2023-03-01,open,,
58,3692,79,34,2023-03-08,23769,5,Closed,Best Case,2023-01-08,won,2023-04-04,
68,3765,90,7,2023-01-07,24937,5,Closed,Best Case,2023-01-06,lost,2023-01-15,feature_gap
69,3765,90,7,2023-01-02,24256,5,Closed,Best Case,2023-01-09,won,2023-03-15,
70,2958,91,12,2023-01-05,195124,5,Closed,Best Case,2023-01-29,lost,2023-02-10,no_decision
73,2181,97,27,2023-01-01,318181,1,Discovery,Best Case,2023-01-06,open,,
91,2843,136,20,2023-01-08,14154,5,Closed,Omit,2023-01-02,lost,2023-03-03,feature_gap
92,2843,136,20,2023-01-05,9696,0,Qualification,Omit,2023-01-06,open,,
97,23,146,35,2023-01-06,21649,5,Closed,Best Case,2023-01-11,won,2023-03-11,
99,2183,151,21,2023-01-06,14755,5,Closed,Commit,2023-03-11,won,2023-02-05,
111,2306,176,26,2023-03-29,15600,3,Proposal,Omit,2023-03-29,open,,
112,2306,176,26,2023-03-25,24466,5,Closed,Best Case,2023-03-20,won,2023-05-27,
113,2306,176,26,2023-03-28,21498,5,Closed,Best Case,2023-01-06,won,2023-07-06,
117,2618,181,10,2023-01-03,17009,5,Closed,Omit,2023-01-04,won,2023-03-26,
118,2618,180,10,2023-01-04,8169,3,Proposal,Best Case,2023-01-08,open,,
137,2132,221,38,2023-01-05,61478,3,Proposal,Best Case,2023-03-13,open,,
139,3003,228,1,2023-01-10,22572,3,Proposal,Commit,2023-01-04,open,,
140,3003,227,1,2023-01-10,13279,5,Closed,Best Case,2023-01-02,won,2023-02-02,
150,1959,244,6,2023-01-01,6773,3,Proposal,Commit,2023-03-29,open,,
151,1959,243,6,2023-01-06,11642,1,Discovery,Commit,2023-01-04,open,,
159,1484,250,40,2023-01-11,14435,5,Closed,Commit,2023-01-01,won,2023-02-24,
160,3130,251,5,2023-01-10,16885,1,Discovery,Best Case,2023-01-11,open,,
161,3317,254,27,2023-01-16,8433,5,Closed,Commit,2023-03-07,won,2023-01-27,
162,3317,254,27,2023-01-16,7209,5,Closed,Omit,2023-01-06,won,2023-04-28,
163,3317,253,27,2023-01-15,16313,5,Closed,Best Case,2023-02-18,won,2023-01-20,
164,3317,252,27,2023-01-17,11714,5,Closed,Omit,2020-01-01,won,2023-02-22,
172,161,267,21,2023-01-06,20159,2,Demo,Commit,2023-01-05,open,,
176,494,274,10,2023-01-30,401899,5,Closed,Best Case,2023-01-01,won,2023-04-04,
184,233,277,10,2023-01-02,17638,1,Discovery,Best Case,2023-01-03,open,,
185,233,277,10,2023-01-02,9461,1,Discovery,Commit,2023-01-15,open,,
186,3602,280,27,2023-03-27,16177,1,Discovery,Commit,2023-01-03,open,,
187,3602,281,27,2023-03-26,19581,5,Closed,Best Case,2023-01-01,won,2023-04-09,
190,1609,288,29,2023-01-21,7516,1,Discovery,Commit,2023-03-11,open,,
192,1724,290,35,2023-01-11,5716,3,Proposal,Omit,2023-01-09,open,,
193,1724,290,35,2023-01-07,5100,5,Closed,Commit,2023-01-07,won,2023-03-17,
194,1724,290,35,2023-01-01,9325,5,Closed,Omit,2020-01-01,won,2023-04-10,
195,2329,292,18,2023-01-02,57455,2,Demo,Omit,2023-01-06,open,,
196,2329,292,18,2023-01-01,50061,1,Discovery,Commit,2023-02-21,open,,
197,3957,294,47,2023-01-06,87680,5,Closed,Commit,2023-01-04,won,2023-03-18,
198,3957,294,47,2023-01-10,43824,2,Demo,Omit,2023-01-06,open,,
200,2446,302,8,2023-01-04,16712,5,Closed,Best Case,2023-01-31,won,2023-03-29,
201,2446,303,8,2023-01-04,9728,1,Discovery,Commit,2023-03-15,open,,
218,2661,,26,2023-01-11,13692,2,Demo,Omit,2023-01-04,open,,
219,2661,332,26,2023-01-02,17122,5,Closed,Omit,2023-01-01,won,2023-03-29,
220,2661,332,26,2023-01-09,19511,2,Demo,Commit,2020-01-01,open,,
227,882,347,50,2023-01-09,19564,1,Discovery,Commit,2023-02-07,open,,
236,209,359,3,2023-01-01,96140,5,Closed,Best Case,2023-01-07,won,2023-02-14,
249,2074,382,37,2023-02-13,71581,3,Proposal,Omit,2020-01-01,open,,
255,2928,389,39,2023-01-05,22162,2,Demo,Omit,2023-01-09,open,,
256,2928,389,39,2023-01-02,14424,5,Closed,Omit,2023-01-07,won,2023-03-28,
260,302,394,30,2023-01-04,19162,4,Negotiation,Best Case,2023-01-01,open,,
265,1543,400,12,2023-02-28,24550,2,Demo,Best Case,2023-01-08,open,,
266,1543,400,12,2023-02-28,14849,5,Closed,Omit,2023-01-03,won,2023-04-23,
267,1543,400,12,2023-02-26,15332,5,Closed,Omit,2020-01-01,won,2023-03-29,
268,183,403,11,2023-01-04,23792,2,Demo,Best Case,2023-03-22,open,,
270,541,406,26,2023-01-07,13513,1,Discovery,Best Case,2023-01-08,open,,
275,1405,414,40,2023-01-28,5723,2,Demo,Best Case,2023-01-09,open,,
292,495,436,25,2023-01-15,24135,4,Negotiation,Commit,2023-01-09,open,,
293,495,436,25,2023-01-17,14933,5,Closed,Commit,2023-01-07,lost,2023-02-20,timing
294,2035,438,49,2023-02-04,54683,3,Proposal,Omit,2023-03-07,open,,
295,2035,437,49,2023-02-05,86753,2,Demo,Commit,2023-01-06,open,,
300,2544,449,42,2023-02-04,8611,5,Closed,Best Case,2023-01-04,won,2023-05-28,
301,2544,447,42,2023-01-27,17889,5,Closed,Best Case,2023-02-22,won,2023-02-27,
302,2544,448,42,2023-01-28,20595,3,Proposal,Commit,2023-02-15,open,,
348,2587,514,24,2023-01-10,285219,5,Closed,Commit,2023-01-11,won,2023-02-02,
349,2587,514,24,2023-01-04,184154,4,Negotiation,Omit,2023-01-07,open,,
350,3081,517,21,2023-01-04,10830,1,Discovery,Omit,2023-03-11,open,,
369,3463,544,17,2023-01-09,6955,1,Discovery,Best Case,2023-01-09,open,,
377,2268,563,40,2023-01-02,12033,5,Closed,Best Case,2023-03-22,won,2023-04-17,
378,2268,563,40,2023-01-04,11237,5,Closed,Best Case,2023-01-11,won,2023-04-26,
381,2493,572,10,2023-01-09,13926,1,Discovery,Omit,2023-01-02,open,,
388,3210,582,40,2023-01-02,22233,3,Proposal,Best Case,2023-01-02,open,,
389,3210,582,40,2023-01-01,9175,5,Closed,Omit,2023-02-05,won,2023-02-28,
392,51,592,29,2023-01-03,21739,2,Demo,Commit,2023-01-08,open,,
393,51,591,29,2023-01-09,18377,0,Qualification,Best Case,2023-01-02,open,,
394,51,591,29,2023-01-05,21973,5,Closed,Commit,2023-01-11,won,2023-03-17,
397,798,596,42,2023-01-10,81862,5,Closed,Best Case,2023-01-08,lost,2023-01-17,feature_gap
398,1167,599,45,2023-01-06,20654,5,Closed,Omit,2023-01-11,lost,2023-03-28,feature_gap
399,1167,598,45,2023-01-04,21855,1,Discovery,Omit,2023-01-09,open,,
400,1167,599,45,2023-01-06,16888,3,Proposal,Commit,2020-01-01,open,,
401,3772,603,32,2023-02-10,6161,5,Closed,Commit,2023-01-03,won,2023-06-09,
403,2737,606,24,2023-03-06,20769,5,Closed,Commit,2023-01-10,won,2023-06-25,
406,3695,608,16,2023-03-02,196053,2,Demo,Best Case,2023-01-03,open,,
407,3695,609,16,2023-03-01,364469,5,Closed,Commit,2023-03-23,won,2023-04-10,
408,3695,608,16,2023-03-07,398989,5,Closed,Best Case,2023-01-05,won,2023-03-26,
409,3695,609,16,2023-03-01,203408,5,Closed,Best Case,2023-01-09,won,2023-03-15,
410,3695,608,16,2023-03-05,470423,5,Closed,Commit,2023-03-13,won,2023-04-27,
416,621,622,34,2023-01-07,12512,5,Closed,Omit,2023-03-09,won,2023-03-27,
429,1470,661,39,2023-01-09,36279,5,Closed,Commit,2023-02-25,won,2023-04-22,
430,1470,662,39,2023-01-04,67724,5,Closed,Omit,2023-03-27,won,2023-02-09,
431,1470,662,39,2023-01-03,75970,3,Proposal,Omit,2023-01-03,open,,
434,3933,666,21,2023-01-07,16963,5,Closed,Commit,2023-01-06,won,2023-04-29,
435,1624,669,25,2023-03-04,64976,1,Discovery,Commit,2023-01-02,open,,
436,1624,669,25,2023-03-07,84216,5,Closed,Omit,2023-01-02,won,2023-06-07,
440,3613,679,15,2023-01-06,21544,5,Closed,Commit,2023-03-06,won,2023-02-15,
448,580,695,14,2023-03-23,32902,4,Negotiation,Best Case,2020-01-01,open,,
449,580,,14,2023-03-22,58048,2,Demo,Best Case,2023-02-27,open,,
459,3924,712,23,2023-03-05,16664,4,Negotiation,Best Case,2023-01-02,open,,
460,3924,712,23,2023-03-05,13029,5,Closed,Commit,2020-01-01,won,2023-04-26,
464,1031,719,20,2023-01-31,9293,2,Demo,Omit,2023-01-16,open,,
470,2684,727,22,2023-01-11,85315,5,Closed,Omit,2023-02-05,won,2023-03-27,
471,2684,727,22,2023-01-07,32270,5,Closed,Omit,2020-01-01,won,2023-01-13,
472,2684,727,22,2023-01-11,86789,5,Closed,Omit,2020-01-01,won,2023-03-11,
473,2684,727,22,2023-01-04,34971,5,Closed,Omit,2023-02-08,won,2023-04-07,
483,3821,740,3,2023-01-10,23487,5,Closed,Omit,2023-01-05,won,2023-04-11,
486,3064,747,7,2023-01-03,22222,3,Proposal,Commit,2023-01-07,open,,
487,3002,749,13,2023-01-06,403797,5,Closed,Omit,2023-01-06,lost,2023-04-30,feature_gap
494,1883,766,42,2023-01-03,67193,2,Demo,Commit,2023-01-09,open,,
495,1883,765,42,2023-01-09,77577,1,Discovery,Omit,2023-01-03,open,,
496,1883,765,42,2023-01-09,43524,5,Closed,Best Case,2023-01-11,won,2023-02-08,
497,1883,765,42,2023-01-03,89474,3,Proposal,Commit,2023-01-29,open,,
498,1883,765,42,2023-01-04,49779,5,Closed,Omit,2023-01-22,won,2023-01-17,
507,2147,782,18,2023-01-08,5600,2,Demo,Commit,2023-01-24,open,,
508,2147,780,18,2023-01-04,18948,5,Closed,Best Case,2020-01-01,lost,2023-03-08,feature_gap
512,616,788,38,2023-01-01,96403,2,Demo,Omit,2023-01-09,open,,
516,1605,796,48,2023-01-03,87584,2,Demo,Best Case,2023-01-06,open,,
517,1605,796,48,2023-01-03,60654,1,Discovery,Omit,2023-01-09,open,,
519,3524,800,42,2023-01-05,391884,5,Closed,Commit,2023-03-31,lost,2023-03-30,feature_gap
520,3524,800,42,2023-01-06,482893,1,Discovery,Omit,2020-01-01,open,,
521,3524,800,42,2023-01-10,477640,2,Demo,Omit,2023-01-09,open,,
528,259,816,14,2023-03-15,80313,2,Demo,Commit,2023-02-23,open,,
529,259,816,14,2023-03-21,29026,5,Closed,Commit,2023-01-01,lost,2023-05-14,timing
541,686,837,4,2023-03-28,9970,5,Closed,Omit,2023-01-03,won,2023-07-25,
542,686,836,4,2023-03-22,22716,5,Closed,Best Case,2023-01-07,won,2023-07-01,
544,1239,841,18,2023-03-15,18439,1,Discovery,Best Case,2020-01-01,open,,
545,1239,841,18,2023-03-18,8342,1,Discovery,Best Case,2023-02-05,open,,
555,1887,853,50,2023-03-03,14576,2,Demo,Best Case,2023-01-03,open,,
556,1887,853,50,2023-03-07,8336,3,Proposal,Omit,2023-01-09,open,,
569,3371,869,19,2023-03-05,77170,3,Proposal,Omit,2023-01-06,open,,
570,3371,,19,2023-03-09,57118,5,Closed,Omit,2023-01-03,lost,2023-07-01,no_budget
571,1447,871,33,2023-01-09,20977,5,Closed,Best Case,2023-01-08,won,2023-03-06,
576,2662,880,25,2023-01-09,88217,5,Closed,Best Case,2023-01-14,won,2023-02-24,
581,3456,894,20,2023-01-04,7842,5,Closed,Best Case,2023-01-01,won,2023-03-07,
582,3456,895,20,2023-01-07,24563,5,Closed,Commit,2023-03-25,won,2023-04-01,
591,2680,913,33,2023-01-11,21458,1,Discovery,Best Case,2023-01-04,open,,
592,2680,913,33,2023-01-09,20383,5,Closed,Omit,2023-01-18,won,2023-04-04,
593,2680,914,33,2023-01-06,8319,2,Demo,Commit,2023-01-10,open,,
601,1416,927,19,2023-01-08,10271,3,Proposal,Commit,2023-03-05,open,,
606,3305,931,50,2023-01-08,47644,0,Qualification,Commit,2020-01-01,open,,
607,3305,931,50,2023-01-09,46185,2,Demo,Best Case,2020-01-01,open,,
608,3305,932,50,2023-01-09,81506,5,Closed,Commit,2023-01-17,lost,2023-02-25,timing
610,2262,940,1,2023-01-09,92626,0,Qualification,Omit,2023-01-04,open,,
611,2703,943,18,2023-01-04,41209,2,Demo,Best Case,2023-02-05,open,,
615,2838,951,31,2023-01-11,10870,5,Closed,Commit,2023-03-25,lost,2023-03-30,feature_gap
622,3703,969,10,2023-01-29,12032,3,Proposal,Best Case,2023-01-08,open,,
623,3393,971,50,2023-01-09,42683,5,Closed,Commit,2023-01-01,won,2023-03-19,
624,3393,971,50,2023-01-03,40354,2,Demo,Commit,2020-01-01,open,,
625,3393,971,50,2023-01-08,57468,5,Closed,Omit,2023-01-08,won,2023-01-31,
626,3393,971,50,2023-01-01,39200,5,Closed,Best Case,2020-01-01,won,2023-03-09,
632,1023,976,18,2023-01-06,85832,5,Closed,Best Case,2023-02-22,won,2023-02-02,
633,1023,977,18,2023-01-06,96570,1,Discovery,Omit,2023-01-11,open,,
634,1023,977,18,2023-01-04,55620,5,Closed,Best Case,2023-01-10,lost,2023-02-06,feature_gap
635,1023,976,18,2023-01-09,39739,2,Demo,Omit,2023-01-04,open,,
637,3114,983,33,2023-01-03,22391,2,Demo,Best Case,2023-02-25,open,,
640,3913,988,30,2023-01-03,17100,3,Proposal,Best Case,2023-03-09,open,,
646,1974,996,25,2023-03-26,22597,3,Proposal,Omit,2023-01-09,open,,
647,1974,996,25,2023-03-19,5980,3,Proposal,Commit,2023-01-03,open,,
649,228,1000,1,2023-02-18,18179,1,Discovery,Best Case,2023-01-10,open,,
650,228,1001,1,2023-02-22,19083,5,Closed,Best Case,2020-01-01,won,2023-04-18,
651,228,1001,1,2023-02-17,20697,3,Proposal,Omit,2020-01-01,open,,
655,3831,1005,35,2023-01-04,13678,5,Closed,Best Case,2023-01-02,won,2023-03-19,
668,1091,1020,6,2023-01-10,59162,5,Closed,Commit,2023-01-04,won,2023-04-21,
669,1091,1020,6,2023-01-11,27263,5,Closed,Omit,2023-03-17,won,2023-03-24,
670,1091,1020,6,2023-01-08,33608,5,Closed,Commit,2023-01-11,won,2023-03-14,
685,2593,1043,21,2023-01-06,10507,2,Demo,Best Case,2023-01-04,open,,
686,2593,1043,21,2023-01-05,11577,5,Closed,Omit,2023-01-01,won,2023-02-13,
687,2593,1043,21,2023-01-04,5749,5,Closed,Omit,2023-01-11,lost,2023-03-11,no_budget
696,2794,1057,26,2023-01-03,7510,2,Demo,Best Case,2023-01-06,open,,
715,1743,1080,22,2023-01-11,29427,2,Demo,Best Case,2020-01-01,open,,
716,1743,1080,22,2023-01-04,58530,5,Closed,Omit,2023-01-06,won,2023-03-24,
717,2356,1082,25,2023-02-16,22905,2,Demo,Omit,2020-01-01,open,,
721,2454,1091,46,2023-03-19,19449,5,Closed,Best Case,2023-03-22,won,2023-04-08,
722,2454,1091,46,2023-03-23,9107,5,Closed,Omit,2023-01-04,won,2023-07-09,
723,2454,1091,46,2023-03-22,6304,5,Closed,Best Case,2023-01-03,lost,2023-06-01,feature_gap
724,2454,1091,46,2023-03-26,18378,5,Closed,Commit,2023-03-02,won,2023-04-11,
727,730,1097,21,2023-01-06,6500,5,Closed,Best Case,2023-01-05,won,2023-03-22,
728,2469,1100,19,2023-01-08,15813,2,Demo,Commit,2023-02-12,open,,
734,2691,1112,24,2023-02-21,80301,5,Closed,Omit,2023-01-21,won,2023-06-16,
735,2691,1114,24,2023-02-17,54841,1,Discovery,Commit,2023-01-07,open,,
736,2691,1114,24,2023-02-21,53518,5,Closed,Best Case,2023-01-10,won,2023-04-16,
737,3432,1116,23,2023-01-05,73703,5,Closed,Omit,2023-02-06,won,2023-04-13,
739,171,1126,35,2023-01-01,96579,3,Proposal,Best Case,2023-01-06,open,,
742,3425,1130,27,2023-01-09,8462,5,Closed,Best Case,2023-01-09,won,2023-04-25,
743,3425,1131,27,2023-01-11,6126,1,Discovery,Omit,2023-01-04,open,,
744,3425,1129,27,2023-01-07,15096,2,Demo,Commit,2023-01-08,open,,
754,1310,1148,26,2023-01-07,20041,5,Closed,Commit,2023-01-03,won,2023-03-17,
755,1310,1147,26,2023-01-06,5335,2,Demo,Best Case,2023-01-23,open,,
756,1310,1147,26,2023-01-02,22986,3,Proposal,Commit,2023-03-14,open,,
757,1310,1147,26,2023-01-06,8116,2,Demo,Commit,2023-02-10,open,,
765,3480,1156,22,2023-01-08,9642,5,Closed,Commit,2023-01-12,won,2023-01-26,
771,2824,1174,24,2023-01-16,11752,5,Closed,Commit,2020-01-01,lost,2023-03-14,feature_gap
772,2824,1175,24,2023-01-09,11815,2,Demo,Commit,2023-01-05,open,,
776,923,1185,8,2023-02-01,15670,2,Demo,Best Case,2023-01-09,open,,
777,923,1183,8,2023-01-23,8505,1,Discovery,Best Case,2023-01-03,open,,
782,1319,1193,47,2023-01-07,9432,2,Demo,Omit,2023-01-04,open,,
783,1319,1192,47,2023-01-09,21836,3,Proposal,Omit,2023-03-09,open,,
784,1319,1192,47,2023-01-09,24411,3,Proposal,Omit,2023-03-08,open,,
810,1044,1223,26,2023-02-04,25519,2,Demo,Best Case,2023-01-27,open,,
811,1044,1223,26,2023-01-30,70430,1,Discovery,Best Case,2020-01-01,open,,
812,1044,1223,26,2023-02-07,95779,3,Proposal,Commit,2023-01-08,open,,
817,2460,1234,9,2023-01-10,6858,2,Demo,Omit,2023-01-04,open,,
822,1809,1242,22,2023-01-21,268985,5,Closed,Best Case,2023-01-02,won,2023-03-24,
823,1809,1242,22,2023-01-23,239947,5,Closed,Commit,2023-01-06,lost,2023-03-22,feature_gap
824,1809,1242,22,2023-01-20,448266,2,Demo,Commit,2023-01-24,open,,
825,2914,1243,14,2023-01-08,6863,3,Proposal,Omit,2023-03-28,open,,
826,551,1245,16,2023-01-10,10012,5,Closed,Omit,2020-01-01,won,2023-05-03,
827,551,1245,16,2023-01-09,14277,5,Closed,Best Case,2023-01-04,lost,2023-03-06,no_decision
830,2277,1247,33,2023-01-09,17685,1,Discovery,Omit,2023-01-04,open,,
838,3157,1256,8,2023-01-01,14755,5,Closed,Commit,2023-01-28,lost,2023-02-17,timing
839,3157,1257,8,2023-01-03,22549,5,Closed,Best Case,2020-01-01,won,2023-03-10,
842,3605,1263,21,2023-01-07,22650,2,Demo,Commit,2023-01-09,open,,
854,3040,1281,43,2023-03-24,78385,5,Closed,Omit,2023-02-13,lost,2023-03-30,no_budget
855,3040,1281,43,2023-03-21,75594,1,Discovery,Omit,2023-01-20,open,,
870,2853,1307,47,2023-02-15,38616,2,Demo,Commit,2023-03-15,open,,
871,3611,1309,10,2023-01-09,16097,2,Demo,Best Case,2023-01-02,open,,
874,813,1317,23,2023-01-11,6020,2,Demo,Omit,2023-01-03,open,,
875,813,1316,23,2023-01-07,12534,2,Demo,Commit,2023-03-31,open,,
876,813,1317,23,2023-01-08,8941,5,Closed,Best Case,2023-03-22,won,2023-02-05,
878,2099,1324,5,2023-01-03,19578,1,Discovery,Omit,2023-01-11,open,,
879,2099,1324,5,2023-01-09,9206,5,Closed,Omit,2023-01-07,won,2023-02-05,
880,3043,1326,35,2023-01-05,53148,5,Closed,Best Case,2023-01-03,won,2023-03-11,
885,2497,1339,35,2023-01-15,18951,5,Closed,Best Case,2023-01-10,won,2023-03-14,
886,2497,1339,35,2023-01-15,15855,1,Discovery,Best Case,2023-01-09,open,,
887,2497,1339,35,2023-01-07,7974,4,Negotiation,Best Case,2023-01-03,open,,
893,3911,1348,6,2023-01-04,16811,2,Demo,Omit,2023-03-12,open,,
894,3911,1347,6,2023-01-05,16658,2,Demo,Commit,2023-01-18,open,,
897,655,1356,26,2023-01-01,134000,3,Proposal,Best Case,2023-01-09,open,,
898,655,1355,26,2023-01-01,116314,4,Negotiation,Commit,2023-01-11,open,,
899,655,1356,26,2023-01-08,181170,3,Proposal,Commit,2023-01-10,open,,
900,1068,1357,23,2023-03-28,13875,5,Closed,Commit,2023-01-07,won,2023-06-04,
905,2993,1366,6,2023-01-09,13646,1,Discovery,Omit,2023-01-10,open,,
906,2993,1367,6,2023-01-09,13824,1,Discovery,Best Case,2023-01-09,open,,
907,2993,1365,6,2023-01-01,21118,5,Closed,Omit,2023-01-10,won,2023-02-24,
914,1218,1375,16,2023-01-05,50436,5,Closed,Best Case,2023-01-05,won,2023-01-18,
918,1302,1382,19,2023-02-13,9335,5,Closed,Best Case,2023-03-11,won,2023-04-25,
919,3171,1386,42,2023-01-05,10585,3,Proposal,Commit,2023-01-09,open,,
940,3172,1413,35,2023-01-10,23691,5,Closed,Commit,2020-01-01,won,2023-04-02,
947,1988,1433,36,2023-01-07,72659,5,Closed,Commit,2023-01-02,won,2023-03-22,
948,1988,1434,36,2023-01-07,90320,5,Closed,Commit,2023-02-05,won,2023-04-12,
951,3650,1442,36,2023-01-01,44778,3,Proposal,Commit,2023-01-01,open,,
954,1818,1446,48,2023-01-02,55667,5,Closed,Best Case,2023-01-03,won,2023-02-03,
955,1818,1446,48,2023-01-09,28224,2,Demo,Best Case,2023-01-16,open,,
956,1818,1446,48,2023-01-10,70274,5,Closed,Commit,2020-01-01,won,2023-04-17,
984,3123,1483,6,2023-03-21,21051,3,Proposal,Best Case,2023-01-27,open,,
985,3123,1483,6,2023-03-24,6204,5,Closed,Best Case,2020-01-01,won,2023-06-16,
986,3123,1483,6,2023-03-20,8584,5,Closed,Commit,2020-01-01,won,2023-06-09,
1005,1595,1518,8,2023-01-11,51945,0,Qualification,Commit,2023-01-04,open,,
1006,1595,1518,8,2023-01-01,39478,5,Closed,Best Case,2023-01-06,won,2023-02-06,
1007,1595,1518,8,2023-01-01,47468,3,Proposal,Best Case,2023-01-08,open,,
1008,1595,1518,8,2023-01-10,35424,2,Demo,Best Case,2023-01-08,open,,
1015,2209,1531,13,2023-01-04,72629,3,Proposal,Best Case,2023-01-04,open,,
1016,2209,1531,13,2023-01-02,87835,5,Closed,Omit,2023-01-01,won,2023-01-10,
1020,2799,1537,37,2023-02-13,18898,5,Closed,Omit,2023-02-14,won,2023-05-24,
1021,2799,1537,37,2023-02-14,7815,2,Demo,Best Case,2023-03-25,open,,
1022,2799,1538,37,2023-02-15,11868,1,Discovery,Omit,2023-01-30,open,,
1035,3104,1550,5,2023-01-09,20556,5,Closed,Omit,2020-01-01,won,2023-03-08,
1042,3470,1562,19,2023-01-02,439980,2,Demo,Commit,2023-01-22,open,,
1043,3470,1561,19,2023-01-02,102625,5,Closed,Omit,2023-01-10,won,2023-01-22,
1044,3470,1561,19,2023-01-02,209949,4,Negotiation,Omit,2023-02-18,open,,
1045,3470,1561,19,2023-01-11,387595,5,Closed,Commit,2020-01-01,lost,2023-01-29,feature_gap
1046,3470,1562,19,2023-01-03,171460,5,Closed,Omit,2023-03-26,won,2023-01-30,
1059,2904,1583,17,2023-03-06,24092,5,Closed,Omit,2023-01-10,lost,2023-06-20,no_decision
1062,3738,1590,12,2023-01-01,5131,3,Proposal,Omit,2023-02-04,open,,
1067,3056,1595,10,2023-01-01,81053,2,Demo,Commit,2023-01-09,open,,
1092,2683,1624,6,2023-03-04,78113,2,Demo,Commit,2023-01-05,open,,
1093,2683,1624,6,2023-03-09,61611,4,Negotiation,Commit,2023-01-27,open,,
1094,3416,1625,24,2023-01-24,17445,1,Discovery,Best Case,2023-01-09,open,,
1095,3416,1625,24,2023-01-22,21964,2,Demo,Best Case,2023-01-06,open,,
1101,1999,1635,12,2023-01-03,5508,3,Proposal,Commit,2023-01-03,open,,
1114,944,1646,44,2023-01-07,7512,0,Qualification,Best Case,2023-01-07,open,,
1115,944,1646,44,2023-01-10,11487,2,Demo,Omit,2023-01-01,open,,
1121,3716,1657,17,2023-01-05,13579,3,Proposal,Omit,2023-01-01,open,,
1122,3716,1657,17,2023-01-03,5640,5,Closed,Omit,2023-01-06,won,2023-04-26,
1149,2767,1688,14,2023-03-24,22752,5,Closed,Best Case,2023-01-05,won,2023-05-10,
1151,1880,1697,16,2023-03-01,7126,2,Demo,Best Case,2023-01-03,open,,
1164,3442,1706,40,2023-02-15,6990,3,Proposal,Omit,2023-01-07,open,,
1178,2157,1720,26,2023-01-03,5011,1,Discovery,Commit,2023-01-08,open,,
1182,3539,1724,6,2023-03-11,22665,2,Demo,Commit,2023-03-04,open,,
1196,2844,1734,21,2023-01-07,22903,3,Proposal,Omit,2023-01-16,open,,
1197,986,1737,34,2023-01-10,21715,5,Closed,Omit,2020-01-01,lost,2023-03-27,no_decision
1198,986,1736,34,2023-01-08,20910,1,Discovery,Omit,2023-02-21,open,,
1222,1397,317,3,2023-01-03,9754,5,Closed,Best Case,2023-01-05,won,2023-01-20,
1223,1397,13,3,2023-01-05,7444,3,Proposal,Commit,2023-01-09,open,,
1224,1397,2863,3,2023-01-01,8321,5,Closed,Commit,2023-03-27,lost,2023-03-19,no_decision
1225,2283,1764,39,2023-03-22,16358,5,Closed,Omit,2023-02-28,won,2023-04-13,
1226,2283,1765,39,2023-03-19,22355,5,Closed,Best Case,2020-01-01,won,2023-05-14,
1227,2283,1764,39,2023-03-18,18078,5,Closed,Commit,2023-01-06,won,2023-04-14,
1228,856,1774,10,2023-03-18,17911,5,Closed,Omit,2023-01-10,won,2023-06-03,
1229,856,1776,10,2023-03-23,18605,1,Discovery,Omit,2023-01-08,open,,
1241,3079,1795,14,2023-01-04,89645,2,Demo,Commit,2023-02-16,open,,
1242,3079,1794,14,2023-01-11,45128,3,Proposal,Commit,2023-02-13,open,,
1243,3079,1795,14,2023-01-07,98160,0,Qualification,Commit,2023-01-10,open,,
1245,3763,8077,11,2023-01-06,81622,5,Closed,Commit,2023-01-07,won,2023-03-29,
1246,3763,8078,11,2023-01-04,67433,5,Closed,Best Case,2023-01-27,lost,2023-05-01,timing
1247,1962,1803,38,2023-01-03,15693,4,Negotiation,Commit,2023-01-04,open,,
1248,1962,1803,38,2023-01-07,7844,2,Demo,Best Case,2023-02-03,open,,
1249,3708,1807,1,2023-03-26,18700,3,Proposal,Omit,2023-03-18,open,,
1257,1104,1820,12,2023-01-05,13586,5,Closed,Omit,2023-01-09,won,2023-04-21,
1258,1104,1820,12,2023-01-10,18612,2,Demo,Omit,2023-01-02,open,,
1263,1433,1826,25,2023-03-21,67952,2,Demo,Commit,2023-01-03,open,,
1264,1433,1826,25,2023-03-15,27553,2,Demo,Omit,2020-01-01,open,,
1265,1433,1826,25,2023-03-16,71183,5,Closed,Best Case,2023-01-06,won,2023-05-06,
1274,1763,1835,21,2023-01-11,24202,4,Negotiation,Omit,2020-01-01,open,,
1275,1763,1835,21,2023-01-02,5795,5,Closed,Best Case,2023-01-07,won,2023-03-13,
1293,1654,1872,32,2023-01-03,18130,2,Demo,Commit,2023-03-19,open,,
1294,1654,1872,32,2023-01-08,15094,5,Closed,Best Case,2023-01-11,won,2023-03-10,
1295,1654,1872,32,2023-01-01,23610,1,Discovery,Commit,2023-01-10,open,,
1299,1456,1880,5,2023-01-02,9488,2,Demo,Best Case,2023-01-11,open,,
1300,1456,1880,5,2023-01-08,8096,2,Demo,Commit,2020-01-01,open,,
1304,1669,1883,39,2023-01-11,22620,5,Closed,Omit,2023-01-10,won,2023-03-06,
1305,1669,1882,39,2023-01-08,18888,2,Demo,Omit,2023-03-22,open,,
1310,1963,1886,21,2023-01-09,43908,5,Closed,Best Case,2020-01-01,won,2023-05-03,
1324,971,,6,2023-03-03,16488,1,Discovery,Omit,2023-01-10,open,,
1350,2846,,16,2023-01-04,16246,5,Closed,Best Case,2023-01-07,lost,2023-04-30,timing
1351,2846,1934,16,2023-01-09,23787,5,Closed,Omit,2023-01-01,won,2023-03-20,
1352,2846,1934,16,2023-01-02,20718,1,Discovery,Omit,2023-01-11,open,,
1357,3513,1948,36,2023-03-11,16004,5,Closed,Commit,2023-03-24,won,2023-04-07,
1358,3513,1947,36,2023-03-15,16076,1,Discovery,Omit,2023-02-01,open,,
1360,2115,1952,15,2023-01-11,24187,5,Closed,Omit,2023-01-10,lost,2023-04-17,no_budget
1361,2115,1953,15,2023-01-07,21983,5,Closed,Commit,2023-03-24,lost,2023-02-26,no_decision
1362,2115,1952,15,2023-01-09,15791,1,Discovery,Commit,2020-01-01,open,,
1370,1510,1963,30,2023-01-11,222684,2,Demo,Omit,2023-03-05,open,,
1371,1510,1963,30,2023-01-08,120238,5,Closed,Best Case,2023-01-08,won,2023-02-09,
1376,3138,1978,16,2023-02-06,22911,5,Closed,Omit,2023-01-04,won,2023-03-20,
1393,2485,2002,38,2023-01-01,24977,5,Closed,Best Case,2020-01-01,won,2023-01-22,
1399,1194,2010,8,2023-01-10,42645,3,Proposal,Best Case,2023-01-08,open,,
1402,681,2012,8,2023-01-08,83117,2,Demo,Omit,2023-03-18,open,,
1427,1952,2046,22,2023-01-12,13950,3,Proposal,Omit,2023-01-05,open,,
1428,1952,2046,22,2023-01-17,19362,3,Proposal,Best Case,2023-01-04,open,,
1433,3259,2059,22,2023-01-10,95718,3,Proposal,Commit,2023-01-05,open,,
1434,3710,2060,7,2023-01-01,23169,5,Closed,Best Case,2023-01-02,won,2023-02-14,
1437,1004,2063,24,2023-01-08,90821,5,Closed,Best Case,2020-01-01,won,2023-02-06,
1438,1004,2064,24,2023-01-07,79261,3,Proposal,Omit,2023-01-03,open,,
1439,1004,2063,24,2023-01-03,72517,5,Closed,Best Case,2023-01-28,won,2023-02-12,
1443,3874,2072,23,2023-01-08,8534,2,Demo,Commit,2023-01-03,open,,
1444,3874,2070,23,2023-01-06,22371,5,Closed,Best Case,2023-01-18,won,2023-02-27,
1445,3874,2072,23,2023-01-03,24577,1,Discovery,Commit,2023-02-26,open,,
1458,3719,2097,5,2023-01-09,316808,1,Discovery,Omit,2023-01-06,open,,
1459,3719,2097,5,2023-01-07,407734,2,Demo,Best Case,2023-01-09,open,,
1460,3719,2097,5,2023-01-14,184847,0,Qualification,Commit,2023-02-05,open,,
1461,3719,2096,5,2023-01-08,124532,2,Demo,Omit,2023-03-17,open,,
1473,2952,2118,11,2023-01-05,17958,3,Proposal,Omit,2023-01-08,open,,
1475,708,2124,31,2023-02-18,13894,3,Proposal,Commit,2023-01-03,open,,
1476,708,2124,31,2023-02-18,15533,2,Demo,Commit,2023-01-06,open,,
1477,708,2126,31,2023-02-15,19321,3,Proposal,Omit,2023-01-02,open,,
1483,1293,2136,12,2023-01-01,17069,5,Closed,Commit,2023-01-06,lost,2023-01-20,timing
1484,1293,2136,12,2023-01-10,21637,1,Discovery,Best Case,2023-01-04,open,,
1490,2768,2150,35,2023-01-05,22294,5,Closed,Omit,2023-02-13,won,2023-01-25,
1495,2104,2164,27,2023-01-09,19628,1,Discovery,Best Case,2023-03-06,open,,
1498,1102,2168,34,2023-01-02,410392,2,Demo,Commit,2023-01-06,open,,
1499,1102,2168,34,2023-01-01,251774,5,Closed,Omit,2020-01-01,won,2023-03-28,
1500,1102,2168,34,2023-01-02,209038,5,Closed,Omit,2023-01-06,won,2023-01-19,
1514,2735,2199,46,2023-03-13,13363,5,Closed,Commit,2020-01-01,won,2023-05-28,
1517,2983,2209,6,2023-03-16,301916,5,Closed,Commit,2023-01-07,won,2023-06-15,
1518,2983,2210,6,2023-03-17,208946,2,Demo,Best Case,2023-01-01,open,,
1526,1496,2222,37,2023-01-02,17504,5,Closed,Best Case,2023-01-01,lost,2023-04-27,timing
1530,2534,2232,35,2023-01-01,17298,1,Discovery,Omit,2023-01-11,open,,
1531,2534,2231,35,2023-01-09,15068,5,Closed,Best Case,2023-03-01,won,2023-02-12,
1532,2534,2231,35,2023-01-03,13724,2,Demo,Best Case,2023-01-01,open,,
1533,2534,2233,35,2023-01-10,15382,2,Demo,Best Case,2023-01-05,open,,
1545,2263,2245,3,2023-03-26,62618,5,Closed,Best Case,2023-01-19,lost,2023-04-25,no_budget
1546,2263,2244,3,2023-03-31,41385,5,Closed,Commit,2023-03-13,won,2023-07-10,
1547,1220,2251,25,2023-01-09,11488,2,Demo,Omit,2023-03-21,open,,
1552,270,2261,22,2023-03-07,80511,3,Proposal,Omit,2023-01-07,open,,
1553,270,2261,22,2023-03-08,82056,5,Closed,Omit,2023-03-16,won,2023-05-15,
1570,2971,2283,44,2023-01-19,12378,5,Closed,Omit,2023-03-23,won,2023-03-13,
1571,2971,2283,44,2023-01-26,14686,4,Negotiation,Omit,2023-01-15,open,,
1573,1827,2287,49,2023-01-06,83947,2,Demo,Best Case,2023-01-05,open,,
1574,1827,2287,49,2023-01-09,62660,5,Closed,Commit,2023-01-07,won,2023-02-28,
1575,1827,2289,49,2023-01-04,39163,4,Negotiation,Best Case,2023-02-12,open,,
1576,1827,,49,2023-01-05,45942,3,Proposal,Commit,2020-01-01,open,,
1584,497,2302,5,2023-01-07,18950,1,Discovery,Commit,2023-01-01,open,,
1590,811,2314,4,2023-03-29,94065,5,Closed,Best Case,2023-01-03,won,2023-06-14,
1591,811,2314,4,2023-03-29,94199,2,Demo,Best Case,2023-01-02,open,,
1592,811,2314,4,2023-03-31,62126,2,Demo,Omit,2023-01-06,open,,
1599,2253,2322,13,2023-01-05,5332,5,Closed,Best Case,2023-01-04,won,2023-04-24,
1603,2627,2330,10,2023-01-15,334905,2,Demo,Commit,2023-03-26,open,,
1604,297,2332,44,2023-03-11,17291,5,Closed,Best Case,2023-01-17,won,2023-03-17,
1607,1877,2340,26,2023-01-24,17486,2,Demo,Best Case,2023-01-01,open,,
1615,3014,2352,5,2023-02-25,14347,5,Closed,Omit,2023-01-14,won,2023-06-10,
1619,1673,2359,25,2023-01-09,61591,5,Closed,Commit,2023-01-04,won,2023-01-16,
1620,1673,2359,25,2023-01-05,31463,5,Closed,Best Case,2023-01-11,won,2023-05-03,
1621,1673,2359,25,2023-01-03,29061,2,Demo,Omit,2020-01-01,open,,
1628,2570,2368,37,2023-01-23,15487,3,Proposal,Omit,2020-01-01,open,,
1629,2570,2368,37,2023-01-19,24916,5,Closed,Commit,2023-01-09,lost,2023-03-07,no_decision
1636,3160,2379,31,2023-01-21,64244,5,Closed,Best Case,2023-01-09,won,2023-04-21,
1637,3160,2379,31,2023-01-18,89841,2,Demo,Commit,2023-03-18,open,,
1648,3508,2387,26,2023-01-09,22448,2,Demo,Commit,2023-01-15,open,,
1649,3508,2388,26,2023-01-02,21788,2,Demo,Best Case,2023-01-01,open,,
1658,2148,2402,23,2023-01-11,17847,5,Closed,Commit,2023-01-08,won,2023-03-29,
1660,2918,2412,14,2023-01-03,21755,2,Demo,Omit,2023-03-18,open,,
1673,2689,2448,37,2023-01-07,43216,4,Negotiation,Omit,2023-01-26,open,,
1688,1627,2471,22,2023-01-07,24724,5,Closed,Best Case,2020-01-01,won,2023-02-28,
1689,1627,2470,22,2023-01-05,23952,2,Demo,Commit,2023-01-01,open,,
1717,755,2513,3,2023-03-01,21158,3,Proposal,Best Case,2020-01-01,open,,
1718,755,2512,3,2023-03-01,21013,2,Demo,Commit,2023-01-07,open,,
1722,2582,2521,33,2023-01-07,14687,1,Discovery,Commit,2023-02-15,open,,
1723,2582,2521,33,2023-01-08,10797,5,Closed,Commit,2023-01-04,won,2023-04-22,
1725,3595,,20,2023-01-06,57855,2,Demo,Commit,2023-01-09,open,,
1726,3595,2527,20,2023-01-06,74224,5,Closed,Best Case,2023-01-21,won,2023-02-16,
1727,2998,2530,27,2023-01-07,22146,1,Discovery,Best Case,2023-01-19,open,,
1732,2857,2536,10,2023-01-18,12352,4,Negotiation,Best Case,2020-01-01,open,,
1746,1864,2558,27,2023-01-04,6403,3,Proposal,Best Case,2023-01-07,open,,
1749,2580,2573,4,2023-01-29,23477,0,Qualification,Commit,2023-03-31,open,,
1757,3687,2585,17,2023-01-06,61631,4,Negotiation,Best Case,2023-01-09,open,,
1758,3687,2585,17,2023-01-05,98633,5,Closed,Omit,2023-03-17,won,2023-01-18,
1762,684,2598,1,2023-01-09,9859,1,Discovery,Commit,2023-01-04,open,,
1770,2417,2608,44,2023-01-08,17874,5,Closed,Omit,2023-01-09,won,2023-03-08,
1771,2417,2608,44,2023-01-04,21751,2,Demo,Commit,2023-01-05,open,,
1774,3485,2611,38,2023-01-01,11571,3,Proposal,Omit,2023-01-02,open,,
1775,3485,2611,38,2023-01-04,10684,2,Demo,Best Case,2020-01-01,open,,
1778,2602,2621,32,2023-01-01,23613,3,Proposal,Commit,2020-01-01,open,,
1784,2129,2629,49,2023-02-04,21299,5,Closed,Best Case,2023-01-03,won,2023-03-30,
1785,2129,2630,49,2023-02-05,16691,5,Closed,Best Case,2023-01-04,won,2023-04-01,
1786,2129,2628,49,2023-02-07,7888,0,Qualification,Commit,2023-01-05,open,,
1788,1122,2638,11,2023-03-04,22583,5,Closed,Best Case,2023-01-04,won,2023-05-25,
1795,3248,2659,11,2023-03-07,9777,2,Demo,Best Case,2023-01-07,open,,
1796,3248,2659,11,2023-03-06,11392,3,Proposal,Best Case,2023-01-17,open,,
1797,3248,2659,11,2023-03-13,14664,2,Demo,Omit,2023-01-04,open,,
1813,858,2684,34,2023-03-29,11235,5,Closed,Commit,2023-02-01,won,2023-04-24,
1820,3982,2694,13,2023-01-07,6576,3,Proposal,Commit,2023-01-09,open,,
1821,3982,2694,13,2023-01-07,6768,5,Closed,Best Case,2023-01-07,won,2023-02-04,
1822,779,2698,3,2023-01-05,402112,3,Proposal,Commit,2023-01-09,open,,
1823,779,2698,3,2023-01-04,244376,5,Closed,Omit,2023-01-08,won,2023-01-12,
1824,779,2698,3,2023-01-10,219562,3,Proposal,Omit,2023-01-11,open,,
1831,3473,2711,38,2023-01-02,70416,2,Demo,Omit,2023-01-16,open,,
1832,3473,2711,38,2023-01-06,41557,5,Closed,Omit,2023-01-03,won,2023-01-26,
1836,2666,2716,6,2023-01-11,6035,5,Closed,Best Case,2023-01-10,won,2023-05-01,
1837,2666,2717,6,2023-01-04,5512,1,Discovery,Commit,2020-01-01,open,,
1838,2666,2718,6,2023-01-11,7766,5,Closed,Best Case,2023-01-06,won,2023-02-08,
1839,2666,2717,6,2023-01-09,14215,2,Demo,Omit,2023-01-06,open,,
1850,3334,2730,50,2023-03-28,232798,4,Negotiation,Omit,2023-01-01,open,,
1854,1,2739,36,2023-01-02,52878,5,Closed,Commit,2023-01-07,won,2023-01-27,
1855,1,2739,36,2023-01-10,53937,5,Closed,Omit,2020-01-01,won,2023-02-25,
1860,3280,2751,9,2023-01-03,54924,4,Negotiation,Best Case,2020-01-01,open,,
1861,3280,2751,9,2023-01-04,47628,1,Discovery,Omit,2023-03-23,open,,
1862,3280,2750,9,2023-01-10,64369,3,Proposal,Commit,2023-01-01,open,,
1863,3280,2751,9,2023-01-03,25716,1,Discovery,Best Case,2020-01-01,open,,
1870,2604,2758,20,2023-01-07,13295,5,Closed,Omit,2023-01-09,won,2023-04-09,
1871,2604,2758,20,2023-01-04,14552,5,Closed,Omit,2023-01-09,won,2023-01-28,
1872,2604,2758,20,2023-01-03,24182,3,Proposal,Omit,2023-01-20,open,,
1873,3993,,3,2023-01-08,13776,5,Closed,Omit,2023-01-03,won,2023-03-13,
1883,2526,2776,23,2023-01-02,50974,5,Closed,Omit,2023-01-10,won,2023-01-07,
1884,2526,2776,23,2023-01-01,84984,5,Closed,Best Case,2023-01-30,lost,2023-01-24,no_decision
1896,2503,2802,1,2023-01-03,16896,3,Proposal,Best Case,2023-02-28,open,,
1897,1264,2807,49,2023-01-04,12851,3,Proposal,Omit,2023-01-07,open,,
1905,3850,2819,1,2023-01-27,8314,3,Proposal,Omit,2023-01-09,open,,
1906,3850,2817,1,2023-01-28,22172,5,Closed,Best Case,2023-01-07,lost,2023-02-09,timing
1933,9,2853,29,2023-01-02,12964,0,Qualification,Best Case,2023-01-01,open,,
1964,2167,2899,30,2023-01-05,83108,2,Demo,Commit,2023-01-01,open,,
1965,2167,2899,30,2023-01-04,88866,2,Demo,Commit,2023-01-11,open,,
1968,3379,2902,27,2023-01-10,14989,3,Proposal,Best Case,2023-01-01,open,,
1969,3379,2902,27,2023-01-03,9353,2,Demo,Commit,2023-01-20,open,,
1970,180,2903,6,2023-01-06,6974,2,Demo,Best Case,2023-02-09,open,,
1971,180,2903,6,2023-01-08,7694,2,Demo,Omit,2023-01-04,open,,
1973,1251,2909,7,2023-02-05,20952,5,Closed,Best Case,2023-01-15,lost,2023-05-02,no_decision
1974,1251,2910,7,2023-02-01,23644,2,Demo,Best Case,2023-03-27,open,,
1996,1756,2948,1,2023-01-11,5393,2,Demo,Best Case,2023-01-11,open,,
1997,1756,2948,1,2023-01-09,8866,5,Closed,Commit,2023-01-11,won,2023-02-11,
1998,1756,2948,1,2023-01-06,16554,5,Closed,Best Case,2020-01-01,lost,2023-04-13,feature_gap
2003,2388,2954,25,2023-02-10,63717,2,Demo,Commit,2023-01-10,open,,
2004,2388,2954,25,2023-02-05,74658,1,Discovery,Best Case,2023-01-12,open,,
2015,3854,2976,22,2023-01-09,93545,3,Proposal,Omit,2023-01-03,open,,
2019,3596,2979,14,2023-01-09,12606,5,Closed,Best Case,2023-03-01,won,2023-04-12,
2024,1197,2986,42,2023-01-12,94656,5,Closed,Commit,2023-01-07,won,2023-02-18,
2025,1197,2985,42,2023-01-15,90579,5,Closed,Best Case,2023-01-11,won,2023-04-13,
2027,3352,2990,24,2023-01-20,12520,5,Closed,Best Case,2023-01-06,won,2023-05-19,
2028,3352,2990,24,2023-01-17,23808,5,Closed,Best Case,2023-01-06,won,2023-02-06,
2037,1472,3007,2,2023-01-07,84798,2,Demo,Best Case,2023-01-03,open,,
2038,1472,3007,2,2023-01-02,63122,5,Closed,Omit,2023-01-31,won,2023-03-02,
2039,1970,3010,48,2023-02-12,36138,1,Discovery,Omit,2023-01-07,open,,
2040,2731,3011,45,2023-01-07,22534,5,Closed,Omit,2023-01-06,won,2023-03-07,
2069,1170,3047,31,2023-01-02,23940,5,Closed,Best Case,2023-01-11,won,2023-01-12,
2070,1170,3047,31,2023-01-07,16000,3,Proposal,Omit,2020-01-01,open,,
2071,987,3048,2,2023-01-07,23993,5,Closed,Best Case,2023-01-05,won,2023-03-29,
2074,1333,3057,42,2023-01-03,51566,5,Closed,Commit,2023-01-05,lost,2023-03-10,no_budget
2089,840,3072,26,2023-01-04,19849,5,Closed,Best Case,2023-01-03,lost,2023-04-12,feature_gap
2090,840,3071,26,2023-01-09,17072,5,Closed,Omit,2023-01-07,won,2023-03-24,
2091,3959,3073,31,2023-01-10,82351,4,Negotiation,Commit,2023-03-14,open,,
2092,3959,3074,31,2023-01-05,79002,5,Closed,Commit,2023-01-02,won,2023-04-15,
2093,3959,3073,31,2023-01-07,86346,5,Closed,Omit,2023-01-04,won,2023-04-07,
2094,3959,3074,31,2023-01-10,54614,3,Proposal,Omit,2023-01-15,open,,
2095,1035,3075,18,2023-01-11,5895,5,Closed,Omit,2023-01-10,won,2023-04-28,
2096,1035,3075,18,2023-01-03,5831,1,Discovery,Commit,2023-01-06,open,,
2103,2098,3089,14,2023-01-10,62417,5,Closed,Omit,2023-01-11,won,2023-04-18,
2104,2098,3089,14,2023-01-01,60092,2,Demo,Omit,2020-01-01,open,,
2105,2098,3089,14,2023-01-11,89227,5,Closed,Commit,2023-01-09,won,2023-01-18,
2114,1793,3103,20,2023-01-10,5687,5,Closed,Omit,2023-01-08,lost,2023-01-21,no_budget
2115,1793,3103,20,2023-01-03,20556,5,Closed,Best Case,2023-01-10,won,2023-01-21,
2120,3951,3106,9,2023-03-01,8218,2,Demo,Commit,2020-01-01,open,,
2121,3951,3106,9,2023-02-23,8485,1,Discovery,Omit,2023-01-09,open,,
2129,1444,3117,36,2023-01-06,16803,3,Proposal,Commit,2023-03-23,open,,
2130,1444,3117,36,2023-01-05,20349,5,Closed,Commit,2023-01-04,won,2023-03-12,
2139,3998,3126,3,2023-01-01,72048,5,Closed,Best Case,2023-01-03,won,2023-01-07,
2140,3998,3126,3,2023-01-06,32732,5,Closed,Omit,2023-01-03,won,2023-04-11,
2148,2548,3140,14,2023-01-07,13438,3,Proposal,Omit,2020-01-01,open,,
2157,1691,3157,30,2023-01-06,16675,5,Closed,Omit,2023-01-08,won,2023-01-14,
2160,1286,3168,49,2023-01-05,19897,5,Closed,Commit,2023-01-15,won,2023-03-08,
2161,848,3171,31,2023-01-10,16719,2,Demo,Best Case,2023-01-04,open,,
2166,1527,3178,5,2023-01-06,25183,3,Proposal,Omit,2023-01-13,open,,
2167,3455,3182,38,2023-01-09,9641,0,Qualification,Best Case,2023-01-01,open,,
2168,830,3190,27,2023-03-18,13988,1,Discovery,Best Case,2023-01-09,open,,
2169,830,3190,27,2023-03-11,20392,3,Proposal,Commit,2023-01-09,open,,
2170,830,3190,27,2023-03-11,20279,2,Demo,Best Case,2023-01-02,open,,
2171,830,3190,27,2023-03-19,11006,1,Discovery,Best Case,2023-01-06,open,,
2184,3287,3225,9,2023-01-07,13544,5,Closed,Commit,2023-02-28,lost,2023-01-22,feature_gap
2185,3287,3226,9,2023-01-02,13449,5,Closed,Commit,2020-01-01,won,2023-01-21,
2188,2603,3229,43,2023-02-18,59879,1,Discovery,Omit,2023-01-05,open,,
2189,2603,3228,43,2023-02-10,84527,5,Closed,Omit,2023-02-04,lost,2023-03-30,timing
2209,3468,3265,29,2023-01-09,15137,5,Closed,Best Case,2023-01-10,won,2023-02-25,
2210,3468,3266,29,2023-01-09,6066,5,Closed,Commit,2023-01-01,won,2023-03-20,
2223,3037,3285,24,2023-01-08,40656,5,Closed,Best Case,2020-01-01,won,2023-02-20,
2241,246,3312,8,2023-01-24,7281,5,Closed,Omit,2023-03-06,lost,2023-02-19,no_decision
2242,246,3312,8,2023-01-28,11911,5,Closed,Commit,2023-01-07,won,2023-02-07,
2243,246,3312,8,2023-01-24,22408,3,Proposal,Omit,2023-01-03,open,,
2244,246,3312,8,2023-01-26,20257,5,Closed,Omit,2023-01-11,won,2023-04-27,
2254,951,3324,6,2023-01-06,95149,5,Closed,Omit,2023-01-01,won,2023-04-13,
2261,3720,3331,26,2023-01-02,21311,5,Closed,Commit,2023-01-01,won,2023-03-31,
2277,563,3363,18,2023-01-10,491753,5,Closed,Best Case,2023-01-09,lost,2023-02-20,no_decision
2278,563,3361,18,2023-01-08,287161,4,Negotiation,Omit,2023-01-11,open,,
2280,976,3370,37,2023-03-24,14562,4,Negotiation,Best Case,2023-01-09,open,,
2292,3042,3384,9,2023-01-05,12937,5,Closed,Best Case,2023-02-04,won,2023-02-18,
2293,3042,3384,9,2023-01-02,21232,5,Closed,Commit,2023-01-02,won,2023-03-11,
2294,3042,3384,9,2023-01-01,6346,3,Proposal,Commit,2023-01-07,open,,
2295,3042,3384,9,2023-01-03,6420,1,Discovery,Best Case,2023-02-18,open,,
2304,3940,3394,9,2023-01-06,34160,5,Closed,Best Case,2023-01-05,won,2023-02-06,
2307,2578,3400,7,2023-01-11,72041,5,Closed,Best Case,2020-01-01,lost,2023-02-14,no_decision
2308,2578,3400,7,2023-01-11,94596,5,Closed,Commit,2020-01-01,lost,2023-03-22,timing
2309,2578,3399,7,2023-01-11,66162,5,Closed,Commit,2023-01-03,won,2023-03-25,
2315,787,3406,18,2023-01-09,8743,3,Proposal,Omit,2023-01-06,open,,
2316,787,3406,18,2023-01-07,17704,3,Proposal,Commit,2023-01-04,open,,
2322,1175,3435,31,2023-01-09,24233,5,Closed,Omit,2023-01-26,won,2023-02-28,
2323,1175,3434,31,2023-01-09,9485,3,Proposal,Omit,2020-01-01,open,,
2337,2206,3452,49,2023-01-03,14105,1,Discovery,Omit,2023-01-05,open,,
2344,714,3470,30,2023-01-10,7681,1,Discovery,Commit,2023-03-08,open,,
2357,3231,3505,40,2023-03-23,42791,3,Proposal,Commit,2023-01-09,open,,
2358,3231,3506,40,2023-03-29,74863,0,Qualification,Omit,2023-01-10,open,,
2379,1993,3530,1,2023-02-23,9033,5,Closed,Best Case,2023-01-20,won,2023-06-13,
2382,1329,3539,20,2023-03-08,24704,2,Demo,Omit,2023-01-02,open,,
2383,1329,3541,20,2023-03-05,16563,5,Closed,Commit,2023-01-10,won,2023-05-21,
2384,1329,,20,2023-03-06,24042,3,Proposal,Omit,2023-01-05,open,,
2385,1329,3541,20,2023-03-08,11080,2,Demo,Commit,2023-02-06,open,,
2393,2372,3549,31,2023-01-08,16051,2,Demo,Best Case,2023-01-07,open,,
2394,2372,3548,31,2023-01-03,14670,4,Negotiation,Omit,2023-01-11,open,,
2398,1594,3558,33,2023-01-10,18525,5,Closed,Commit,2023-01-01,won,2023-02-16,
2399,1594,3558,33,2023-01-03,16523,5,Closed,Omit,2023-01-05,lost,2023-02-23,timing
2400,46,3559,46,2023-01-06,50052,5,Closed,Best Case,2023-01-04,won,2023-02-19,
2401,46,3559,46,2023-01-03,32988,5,Closed,Best Case,2020-01-01,won,2023-03-24,
2402,46,3559,46,2023-01-05,96018,5,Closed,Best Case,2023-01-11,won,2023-02-05,
2403,909,3560,19,2023-01-08,99966,5,Closed,Omit,2023-01-01,won,2023-01-18,
2404,909,3560,19,2023-01-01,86647,3,Proposal,Omit,2023-01-02,open,,
2405,909,3560,19,2023-01-05,66176,5,Closed,Omit,2023-01-11,won,2023-04-28,
2406,3952,3563,17,2023-01-09,5072,5,Closed,Omit,2023-03-20,won,2023-03-15,
2407,3952,3563,17,2023-01-06,19259,5,Closed,Omit,2020-01-01,won,2023-02-03,
2409,1517,3571,11,2023-03-27,16058,5,Closed,Commit,2023-01-08,won,2023-05-01,
2410,1517,3571,11,2023-03-24,13284,5,Closed,Best Case,2023-01-28,won,2023-06-22,
2425,365,3588,7,2023-01-01,16290,5,Closed,Omit,2023-01-01,won,2023-03-12,
2426,365,3588,7,2023-01-06,12890,1,Discovery,Best Case,2023-02-13,open,,
2437,1828,3609,2,2023-01-10,61837,1,Discovery,Best Case,2023-03-15,open,,
2447,611,3619,32,2023-02-26,26552,5,Closed,Omit,2023-01-07,won,2023-06-18,
2448,1922,3621,1,2023-01-05,45009,5,Closed,Commit,2023-01-09,won,2023-05-03,
2449,1922,3621,1,2023-01-08,54453,5,Closed,Omit,2023-01-01,lost,2023-03-29,timing
2450,1922,3622,1,2023-01-02,87981,5,Closed,Commit,2023-01-07,won,2023-03-13,
2466,1935,3647,37,2023-01-03,12458,2,Demo,Best Case,2023-03-15,open,,
2483,2226,3662,37,2023-03-11,17534,5,Closed,Omit,2023-01-10,lost,2023-04-25,feature_gap
2493,2719,3671,17,2023-01-09,28850,5,Closed,Commit,2020-01-01,won,2023-05-02,
2494,337,3676,17,2023-02-08,24952,1,Discovery,Omit,2023-02-05,open,,
2495,337,3676,17,2023-02-07,19702,3,Proposal,Omit,2023-03-07,open,,
2496,337,3676,17,2023-02-12,7314,2,Demo,Commit,2023-01-05,open,,
2497,631,3679,6,2023-01-10,14772,5,Closed,Commit,2020-01-01,lost,2023-03-24,timing
2498,3502,3680,20,2023-01-09,6698,1,Discovery,Omit,2023-01-08,open,,
2499,3502,,20,2023-01-07,24128,1,Discovery,Best Case,2023-02-04,open,,
2502,2912,3687,6,2023-01-03,12790,1,Discovery,Omit,2023-03-29,open,,
2507,737,3694,36,2023-03-09,9923,1,Discovery,Commit,2023-01-01,open,,
2511,2717,8059,34,2023-01-08,36922,5,Closed,Omit,2023-01-18,lost,2023-05-01,feature_gap
2512,2717,8059,34,2023-01-01,53447,2,Demo,Commit,2020-01-01,open,,
2516,1263,3709,36,2023-01-06,6815,5,Closed,Commit,2023-01-04,won,2023-02-07,
2520,3429,3720,26,2023-01-01,59217,5,Closed,Best Case,2020-01-01,won,2023-03-29,
2521,3429,3720,26,2023-01-05,65240,5,Closed,Omit,2023-01-04,lost,2023-01-19,timing
2522,3429,3719,26,2023-01-06,73024,2,Demo,Commit,2020-01-01,open,,
2526,543,3727,31,2023-01-02,7389,1,Discovery,Best Case,2023-03-22,open,,
2527,543,3727,31,2023-01-08,18653,2,Demo,Commit,2023-01-01,open,,
2528,543,3727,31,2023-01-08,7148,5,Closed,Omit,2023-01-09,won,2023-02-11,
2529,543,3727,31,2023-01-10,9009,5,Closed,Best Case,2023-01-08,won,2023-02-26,
2532,3401,3733,14,2023-01-03,17659,3,Proposal,Commit,2023-01-08,open,,
2533,3401,3732,14,2023-01-04,10448,2,Demo,Best Case,2023-01-09,open,,
2534,1511,3738,30,2023-03-13,7362,2,Demo,Omit,2023-03-15,open,,
2536,3579,3744,34,2023-01-05,12066,5,Closed,Omit,2023-01-10,won,2023-02-12,
2548,958,3768,1,2023-01-02,8282,5,Closed,Best Case,2023-01-02,won,2023-02-12,
2549,958,3769,1,2023-01-09,12701,2,Demo,Commit,2023-01-10,open,,
2550,958,3768,1,2023-01-01,19980,5,Closed,Best Case,2023-03-18,won,2023-04-30,
2551,958,3770,1,2023-01-02,5975,5,Closed,Best Case,2023-01-09,won,2023-01-10,
2552,2338,3772,25,2023-01-01,6439,2,Demo,Best Case,2023-01-06,open,,
2553,2338,3773,25,2023-01-01,8363,5,Closed,Best Case,2020-01-01,won,2023-03-09,
2573,2907,3802,23,2023-02-20,8997,1,Discovery,Best Case,2023-01-10,open,,
2574,2907,3801,23,2023-03-01,15654,2,Demo,Commit,2023-03-28,open,,
2576,1011,3804,43,2023-01-08,15950,4,Negotiation,Commit,2023-01-03,open,,
2577,2386,3805,19,2023-03-09,27081,5,Closed,Commit,2023-01-20,won,2023-03-30,
2578,3626,3809,32,2023-01-06,20429,3,Proposal,Commit,2023-01-05,open,,
2579,3626,3808,32,2023-01-05,5053,3,Proposal,Omit,2023-03-16,open,,
2580,1816,3812,31,2023-01-01,11543,5,Closed,Omit,2023-01-02,won,2023-04-01,
2589,809,3831,44,2023-01-02,22578,5,Closed,Best Case,2023-01-03,won,2023-04-02,
2593,3427,3836,3,2023-03-07,98922,5,Closed,Commit,2023-03-18,won,2023-04-18,
2594,3427,3836,3,2023-03-01,28357,5,Closed,Commit,2023-01-06,won,2023-04-06,
2595,536,3840,30,2023-01-11,24786,1,Discovery,Omit,2023-01-09,open,,
2598,3805,3845,25,2023-01-03,19411,1,Discovery,Best Case,2020-01-01,open,,
2603,896,3857,38,2023-03-28,7602,5,Closed,Best Case,2023-01-01,won,2023-04-28,
2604,3073,3858,27,2023-01-28,23459,3,Proposal,Best Case,2023-02-24,open,,
2609,1369,3868,44,2023-01-01,18585,4,Negotiation,Commit,2023-01-07,open,,
2620,3621,3885,22,2023-02-14,17449,2,Demo,Commit,2023-01-04,open,,
2621,3621,3885,22,2023-02-09,21308,3,Proposal,Commit,2020-01-01,open,,
2625,214,3894,14,2023-02-19,53417,5,Closed,Commit,2023-01-06,won,2023-03-18,
2626,214,3894,14,2023-02-18,34684,3,Proposal,Commit,2023-02-26,open,,
2627,214,3894,14,2023-02-17,45191,5,Closed,Commit,2023-01-08,won,2023-03-09,
2628,815,3896,38,2023-01-08,6410,2,Demo,Omit,2023-01-10,open,,
2629,815,3896,38,2023-01-08,12215,1,Discovery,Omit,2023-03-28,open,,
2651,2566,3920,21,2023-01-04,49284,5,Closed,Commit,2023-03-15,lost,2023-03-14,no_decision
2652,2566,3920,21,2023-01-11,95132,1,Discovery,Best Case,2023-03-03,open,,
2653,999,3925,12,2023-01-02,15335,1,Discovery,Best Case,2023-01-11,open,,
2657,371,3942,27,2023-01-06,11270,3,Proposal,Omit,2023-01-08,open,,
2658,371,3941,27,2023-01-03,15279,4,Negotiation,Best Case,2023-02-25,open,,
2666,1542,3967,25,2023-03-16,285695,2,Demo,Commit,2023-01-09,open,,
2667,3882,3968,25,2023-01-11,77887,2,Demo,Best Case,2023-01-03,open,,
2668,3882,3969,25,2023-01-11,69054,1,Discovery,Omit,2023-03-24,open,,
2669,3882,3969,25,2023-01-07,59430,2,Demo,Best Case,2023-03-22,open,,
2676,1996,3980,24,2023-01-10,88783,2,Demo,Commit,2023-01-05,open,,
2677,1996,3979,24,2023-01-06,63928,2,Demo,Best Case,2023-01-11,open,,
2678,1996,3979,24,2023-01-03,51931,5,Closed,Best Case,2020-01-01,won,2023-04-07,
2680,459,3984,34,2023-01-10,423690,5,Closed,Best Case,2020-01-01,won,2023-03-28,
2681,459,3984,34,2023-01-03,356964,2,Demo,Omit,2023-02-13,open,,
2682,459,3985,34,2023-01-09,283173,5,Closed,Best Case,2020-01-01,won,2023-03-06,
2683,559,3986,6,2023-01-11,9860,5,Closed,Commit,2023-01-03,won,2023-03-12,
2684,559,3986,6,2023-01-10,7624,2,Demo,Commit,2023-01-06,open,,
2694,444,3999,35,2023-01-11,24153,2,Demo,Commit,2023-01-10,open,,
2695,444,3999,35,2023-01-01,21327,1,Discovery,Omit,2023-01-07,open,,
2696,2319,4003,25,2023-01-11,81112,3,Proposal,Commit,2020-01-01,open,,
2697,2319,4002,25,2023-01-08,42453,5,Closed,Omit,2023-01-08,won,2023-03-18,
2698,2319,4001,25,2023-01-08,47886,1,Discovery,Omit,2023-03-20,open,,
2699,2319,4001,25,2023-01-06,60582,5,Closed,Omit,2023-01-05,lost,2023-03-28,feature_gap
2700,2319,4002,25,2023-01-09,87737,5,Closed,Commit,2023-03-18,lost,2023-02-15,timing
2701,2319,4002,25,2023-01-03,47971,2,Demo,Commit,2023-01-02,open,,
2707,2400,4013,39,2023-01-13,15223,5,Closed,Omit,2023-03-27,won,2023-05-01,
2714,2109,4025,44,2023-01-02,73294,1,Discovery,Best Case,2023-03-17,open,,
2715,2109,4025,44,2023-01-09,67770,1,Discovery,Omit,2023-01-10,open,,
2721,2923,4030,27,2023-01-11,96286,5,Closed,Commit,2023-01-05,won,2023-01-22,
2735,306,4046,13,2023-01-10,5426,5,Closed,Commit,2023-01-07,won,2023-03-21,
2753,2300,4086,21,2023-01-08,7515,2,Demo,Commit,2023-01-24,open,,
2769,3262,4106,30,2023-01-02,21433,5,Closed,Best Case,2023-01-09,won,2023-04-11,
2770,3262,4106,30,2023-01-06,21833,5,Closed,Commit,2023-01-04,won,2023-04-28,
2790,2367,4137,31,2023-01-08,15172,5,Closed,Omit,2023-01-10,won,2023-04-17,
2811,1435,4162,20,2023-01-12,44366,3,Proposal,Omit,2023-01-05,open,,
2812,1435,4162,20,2023-01-17,59408,5,Closed,Commit,2023-01-02,won,2023-05-11,
2822,2259,4172,29,2023-01-09,18485,3,Proposal,Commit,2023-01-06,open,,
2823,2259,4172,29,2023-01-07,20328,2,Demo,Commit,2023-01-09,open,,
2824,2259,4173,29,2023-01-07,5929,3,Proposal,Best Case,2023-01-11,open,,
2852,2414,4213,22,2023-03-29,8483,3,Proposal,Commit,2023-01-08,open,,
2853,2414,4213,22,2023-03-25,12118,5,Closed,Commit,2023-01-08,lost,2023-05-20,feature_gap
2854,2414,4214,22,2023-03-20,15690,5,Closed,Omit,2023-01-11,won,2023-04-28,
2858,555,4223,33,2023-01-01,15624,2,Demo,Omit,2023-03-08,open,,
2860,1229,4229,22,2023-01-11,12467,5,Closed,Best Case,2023-03-24,won,2023-02-26,
2861,2083,4232,17,2023-01-06,12738,5,Closed,Omit,2023-01-07,won,2023-03-20,
2862,1966,4234,19,2023-01-01,8923,5,Closed,Best Case,2023-01-03,lost,2023-02-28,timing
2868,83,4244,21,2023-03-14,23643,2,Demo,Best Case,2023-03-29,open,,
2872,2107,4250,33,2023-01-07,246837,5,Closed,Best Case,2020-01-01,won,2023-04-19,
2878,473,4256,39,2023-01-09,5205,5,Closed,Omit,2023-01-02,won,2023-01-17,
2880,311,4263,25,2023-01-30,98792,5,Closed,Omit,2023-01-08,won,2023-05-21,
2881,311,4263,25,2023-02-01,44803,5,Closed,Omit,2023-01-03,won,2023-05-08,
2900,2575,4296,8,2023-01-07,36061,0,Qualification,Omit,2023-01-10,open,,
2901,2575,4296,8,2023-01-07,73336,3,Proposal,Best Case,2023-01-07,open,,
2902,2575,4295,8,2023-01-11,60851,1,Discovery,Omit,2023-01-04,open,,
2903,2575,4296,8,2023-01-07,73649,2,Demo,Omit,2023-01-11,open,,
2904,407,4297,4,2023-02-25,44705,5,Closed,Commit,2023-03-10,won,2023-03-17,
2915,1948,4314,11,2023-03-18,23400,2,Demo,Best Case,2023-03-07,open,,
2916,1948,4314,11,2023-03-13,13091,5,Closed,Best Case,2023-01-02,won,2023-04-03,
2922,2807,4318,40,2023-03-23,46105,3,Proposal,Omit,2023-01-02,open,,
2928,409,4324,35,2023-02-20,32715,5,Closed,Omit,2023-01-01,won,2023-04-14,
2931,2727,4330,47,2023-01-05,73704,2,Demo,Commit,2023-01-04,open,,
2932,2727,4330,47,2023-01-10,76435,5,Closed,Best Case,2023-03-16,won,2023-02-14,
2933,2727,4330,47,2023-01-01,34077,5,Closed,Commit,2023-03-13,lost,2023-02-19,no_budget
2934,1171,4331,21,2023-02-05,18079,2,Demo,Commit,2023-01-05,open,,
2935,1171,4331,21,2023-02-05,10659,3,Proposal,Best Case,2023-01-05,open,,
2936,1171,4331,21,2023-02-05,9635,5,Closed,Best Case,2023-01-21,won,2023-04-24,
2937,1171,,21,2023-02-10,19999,5,Closed,Omit,2023-01-08,won,2023-04-20,
2938,1171,4333,21,2023-02-13,12149,1,Discovery,Best Case,2023-01-08,open,,
2939,1171,4331,21,2023-02-12,22718,1,Discovery,Omit,2023-01-08,open,,
2956,1030,4361,4,2023-01-11,12100,3,Proposal,Omit,2023-01-05,open,,
2957,1030,4362,4,2023-01-10,18237,1,Discovery,Best Case,2023-03-15,open,,
2959,3992,4370,36,2023-01-01,5744,1,Discovery,Best Case,2023-01-04,open,,
2968,797,4383,31,2023-01-10,10712,5,Closed,Commit,2023-01-11,won,2023-03-22,
2981,2315,4395,10,2023-01-06,13980,5,Closed,Omit,2020-01-01,lost,2023-03-01,timing
2982,2315,4395,10,2023-01-10,23732,3,Proposal,Best Case,2023-02-22,open,,
2983,1749,4396,29,2023-01-05,62197,2,Demo,Omit,2023-01-09,open,,
2994,3140,4418,27,2023-01-08,6937,5,Closed,Omit,2023-01-04,won,2023-03-21,
3001,3509,4434,14,2023-01-10,18099,3,Proposal,Commit,2023-01-01,open,,
3004,754,4439,36,2023-01-08,41572,5,Closed,Omit,2023-01-07,won,2023-03-13,
3005,754,4439,36,2023-01-06,36960,2,Demo,Best Case,2023-01-01,open,,
3006,754,4440,36,2023-01-08,94637,2,Demo,Omit,2023-01-10,open,,
3007,754,4439,36,2023-01-05,96951,5,Closed,Best Case,2023-01-05,won,2023-03-08,
3011,3865,4455,50,2023-01-06,23176,5,Closed,Commit,2023-01-01,lost,2023-02-07,no_budget
3012,3865,4456,50,2023-01-06,6772,5,Closed,Omit,2023-02-12,lost,2023-04-11,no_decision
3018,2288,4466,35,2023-03-19,19808,2,Demo,Best Case,2023-03-03,open,,
3019,2288,4466,35,2023-03-20,20469,1,Discovery,Best Case,2023-03-13,open,,
3023,324,4474,27,2023-01-03,22067,5,Closed,Omit,2023-01-04,won,2023-04-10,
3024,324,4474,27,2023-01-07,24021,1,Discovery,Best Case,2023-01-05,open,,
3027,446,4490,27,2023-01-25,12018,1,Discovery,Omit,2020-01-01,open,,
3070,1733,4557,13,2023-01-01,9218,5,Closed,Omit,2023-01-17,won,2023-02-26,
3071,1733,4557,13,2023-01-10,5025,3,Proposal,Commit,2023-01-01,open,,
3072,1733,4558,13,2023-01-05,18652,1,Discovery,Commit,2023-01-08,open,,
3079,1430,4566,20,2023-01-02,11401,3,Proposal,Best Case,2023-01-10,open,,
3080,3774,4571,37,2023-01-08,98985,3,Proposal,Best Case,2023-01-13,open,,
3081,3774,4571,37,2023-01-08,31380,3,Proposal,Commit,2023-02-15,open,,
3082,3774,4571,37,2023-01-09,88212,3,Proposal,Omit,2023-01-07,open,,
3083,3774,4571,37,2023-01-05,81039,3,Proposal,Commit,2023-01-03,open,,
3084,3771,4572,38,2023-03-25,22864,1,Discovery,Best Case,2023-03-24,open,,
3091,1592,4582,11,2023-01-26,11599,5,Closed,Omit,2023-01-04,won,2023-02-08,
3101,693,4598,40,2023-01-09,64720,2,Demo,Best Case,2023-01-02,open,,
3104,1681,4602,4,2023-03-18,23375,3,Proposal,Omit,2023-02-25,open,,
3111,927,4609,15,2023-01-03,14552,1,Discovery,Commit,2023-02-01,open,,
3114,1307,4619,8,2023-01-11,6227,5,Closed,Commit,2023-02-22,won,2023-02-06,
3135,1417,4646,39,2023-01-05,8102,5,Closed,Best Case,2023-01-01,won,2023-04-09,
3136,1417,4646,39,2023-01-09,11061,5,Closed,Omit,2023-01-06,won,2023-04-19,
3137,1417,4648,39,2023-01-08,23447,2,Demo,Commit,2023-01-11,open,,
3147,1668,4671,33,2023-01-02,9342,5,Closed,Omit,2023-01-04,won,2023-02-15,
3158,2695,4683,29,2023-01-06,11304,2,Demo,Best Case,2023-01-07,open,,
3159,2695,4683,29,2023-01-11,20740,2,Demo,Best Case,2023-01-03,open,,
3161,84,4693,19,2023-01-01,20286,5,Closed,Best Case,2023-02-05,won,2023-02-21,
3171,93,4707,27,2023-01-11,70814,3,Proposal,Commit,2020-01-01,open,,
3172,2484,4709,39,2023-01-22,21156,4,Negotiation,Best Case,2023-01-01,open,,
3173,2484,4709,39,2023-01-22,9294,5,Closed,Omit,2023-01-28,won,2023-02-26,
3177,1309,,34,2023-01-13,33484,5,Closed,Best Case,2023-03-23,won,2023-05-07,
3180,778,4720,20,2023-01-11,209388,2,Demo,Omit,2023-01-03,open,,
3181,778,4720,20,2023-01-11,139564,3,Proposal,Commit,2020-01-01,open,,
3182,778,4720,20,2023-01-03,482515,5,Closed,Best Case,2023-01-11,won,2023-04-07,
3189,1806,4728,47,2023-03-11,16676,5,Closed,Commit,2023-01-10,won,2023-04-22,
3195,956,4734,3,2023-01-10,14086,2,Demo,Commit,2023-01-05,open,,
3196,956,4734,3,2023-01-07,7451,5,Closed,Best Case,2023-01-30,won,2023-04-27,
3197,718,4736,21,2023-01-12,18348,1,Discovery,Commit,2023-01-19,open,,
3203,3224,4745,29,2023-01-01,22828,1,Discovery,Commit,2023-01-18,open,,
3205,1016,4752,38,2023-01-29,16115,5,Closed,Omit,2023-02-05,won,2023-02-03,
3207,3430,4760,25,2023-01-17,13477,5,Closed,Commit,2023-01-02,won,2023-04-24,
3223,1769,4782,4,2023-01-06,10439,2,Demo,Commit,2020-01-01,open,,
3226,3560,4791,8,2023-01-19,70981,3,Proposal,Best Case,2023-01-01,open,,
3227,3560,4791,8,2023-01-15,87948,5,Closed,Commit,2020-01-01,won,2023-04-04,
3228,3560,4793,8,2023-01-15,65385,3,Proposal,Omit,2023-01-27,open,,
3238,3792,4806,7,2023-01-06,23681,5,Closed,Commit,2023-01-01,won,2023-03-17,
3266,455,4852,38,2023-01-11,44873,3,Proposal,Best Case,2023-01-06,open,,
3267,455,4851,38,2023-01-05,98888,2,Demo,Best Case,2023-01-10,open,,
3268,455,4850,38,2023-01-08,77343,3,Proposal,Best Case,2023-01-07,open,,
3274,247,4858,48,2023-01-08,10256,3,Proposal,Omit,2020-01-01,open,,
3275,247,4858,48,2023-01-06,13492,2,Demo,Best Case,2023-01-22,open,,
3276,247,4858,48,2023-01-08,22605,5,Closed,Commit,2023-01-09,won,2023-04-09,
3281,3768,4868,42,2023-03-25,22416,2,Demo,Best Case,2023-03-28,open,,
3289,802,4883,29,2023-01-08,59493,5,Closed,Commit,2023-01-07,won,2023-04-09,
3290,802,4883,29,2023-01-13,31374,5,Closed,Commit,2023-03-20,won,2023-02-02,
3291,802,4883,29,2023-01-04,41177,5,Closed,Best Case,2023-01-05,won,2023-03-15,
3292,802,4883,29,2023-01-11,62095,5,Closed,Best Case,2023-01-02,won,2023-02-27,
3303,3945,4906,14,2023-01-04,34517,5,Closed,Best Case,2023-01-05,won,2023-01-24,
3304,3945,4906,14,2023-01-05,86475,5,Closed,Commit,2023-01-05,won,2023-03-12,
3314,659,4918,1,2023-01-11,5268,3,Proposal,Commit,2023-01-27,open,,
3315,1276,4919,6,2023-01-08,16874,5,Closed,Best Case,2023-01-11,won,2023-04-19,
3316,1276,4919,6,2023-01-10,14900,5,Closed,Omit,2020-01-01,won,2023-01-30,
3329,3361,4934,24,2023-01-11,63989,3,Proposal,Best Case,2023-01-01,open,,
3330,3361,4935,24,2023-01-01,53115,1,Discovery,Best Case,2020-01-01,open,,
3338,1545,4943,21,2023-01-04,6687,5,Closed,Commit,2020-01-01,won,2023-01-20,
3339,1545,4943,21,2023-01-08,12408,5,Closed,Commit,2023-01-09,won,2023-05-04,
3340,1545,4943,21,2023-01-07,8822,1,Discovery,Best Case,2023-01-03,open,,
3341,1840,4947,30,2023-02-19,15481,4,Negotiation,Commit,2023-01-11,open,,
3345,1053,4953,21,2023-01-16,24675,2,Demo,Commit,2023-02-28,open,,
3355,3169,4976,4,2023-01-03,14048,5,Closed,Omit,2023-01-01,won,2023-03-12,
3364,2405,4986,12,2023-01-06,45266,4,Negotiation,Omit,2020-01-01,open,,
3367,3008,4994,50,2023-01-06,14194,3,Proposal,Best Case,2023-03-04,open,,
3369,203,4998,15,2023-01-09,8409,3,Proposal,Best Case,2023-02-18,open,,
3370,203,4998,15,2023-01-04,5057,5,Closed,Commit,2020-01-01,won,2023-03-20,
3376,3946,5015,32,2023-01-08,91627,5,Closed,Omit,2023-01-06,won,2023-02-21,
3378,28,5018,21,2023-01-09,233784,2,Demo,Omit,2023-02-26,open,,
3379,28,5018,21,2023-01-01,374539,5,Closed,Best Case,2023-01-01,won,2023-04-28,
3380,28,5020,21,2023-01-07,252533,3,Proposal,Best Case,2023-03-26,open,,
3381,28,5019,21,2023-01-11,111524,2,Demo,Best Case,2023-01-06,open,,
3388,1320,5038,22,2023-01-09,14758,1,Discovery,Best Case,2020-01-01,open,,
3389,1320,5038,22,2023-01-05,10241,5,Closed,Best Case,2020-01-01,won,2023-04-16,
3413,1453,5072,34,2023-03-06,23326,5,Closed,Best Case,2023-01-01,won,2023-05-09,
3414,1453,5072,34,2023-02-24,24535,5,Closed,Best Case,2023-01-05,won,2023-05-17,
3416,1865,5077,30,2023-01-02,13099,2,Demo,Commit,2023-03-15,open,,
3417,1865,5078,30,2023-01-02,9070,5,Closed,Commit,2023-02-03,won,2023-04-15,
3418,1315,5081,44,2023-01-07,18930,3,Proposal,Best Case,2023-01-01,open,,
3419,1315,5080,44,2023-01-01,24667,5,Closed,Omit,2023-01-24,won,2023-01-10,
3423,1920,5091,26,2023-01-01,15833,2,Demo,Commit,2023-01-03,open,,
3426,2282,5100,23,2023-01-05,16929,5,Closed,Best Case,2023-01-27,won,2023-02-04,
3427,2282,5101,23,2023-01-05,23748,2,Demo,Omit,2023-01-08,open,,
3428,2282,5100,23,2023-01-08,17262,4,Negotiation,Omit,2023-03-12,open,,
3429,2282,5100,23,2023-01-04,7822,1,Discovery,Commit,2023-01-09,open,,
3432,1365,5108,4,2023-01-07,14613,2,Demo,Omit,2023-01-19,open,,
3433,1365,5110,4,2023-01-07,18869,5,Closed,Omit,2023-01-03,won,2023-02-16,
3434,1365,5109,4,2023-01-05,10788,3,Proposal,Omit,2023-01-02,open,,
3435,1365,5110,4,2023-01-01,16603,2,Demo,Best Case,2023-01-02,open,,
3439,2782,5123,33,2023-02-11,20615,3,Proposal,Best Case,2023-01-11,open,,
3440,2782,5124,33,2023-02-20,23265,4,Negotiation,Omit,2023-01-04,open,,
3441,2782,5124,33,2023-02-19,9071,5,Closed,Omit,2023-02-15,won,2023-06-07,
3450,2213,5145,17,2023-01-10,9403,5,Closed,Omit,2023-01-01,won,2023-04-05,
3451,1714,5147,29,2023-01-03,6679,5,Closed,Commit,2023-01-09,lost,2023-04-05,no_decision
3452,1714,5147,29,2023-01-04,17418,5,Closed,Commit,2023-03-12,won,2023-02-07,
3453,1714,5147,29,2023-01-02,15005,5,Closed,Commit,2023-01-03,won,2023-02-21,
3454,3281,5152,8,2023-01-06,12645,5,Closed,Omit,2023-03-23,won,2023-04-13,
3456,556,5156,43,2023-01-07,21017,2,Demo,Omit,2023-01-04,open,,
3466,3412,5169,27,2023-01-11,20124,5,Closed,Commit,2023-01-01,won,2023-01-28,
3467,3412,5169,27,2023-01-06,20847,5,Closed,Commit,2023-02-05,won,2023-01-13,
3480,1861,5194,20,2023-01-08,86779,5,Closed,Best Case,2023-01-08,won,2023-04-15,
3482,252,5199,6,2023-01-07,19658,1,Discovery,Commit,2023-01-03,open,,
3483,252,5199,6,2023-01-06,23116,5,Closed,Best Case,2023-03-16,won,2023-03-12,
3487,2328,,31,2023-01-08,74211,3,Proposal,Omit,2023-01-11,open,,
3505,2424,5244,31,2023-01-08,84820,0,Qualification,Best Case,2023-01-05,open,,
3506,2175,5247,34,2023-01-04,37997,5,Closed,Omit,2023-01-09,lost,2023-02-04,timing
3507,2175,5248,34,2023-01-06,74248,3,Proposal,Best Case,2023-01-10,open,,
3508,2175,5246,34,2023-01-01,56429,5,Closed,Commit,2023-01-10,lost,2023-04-06,timing
3509,2175,5246,34,2023-01-10,98053,3,Proposal,Best Case,2023-01-07,open,,
3512,2841,5255,13,2023-01-06,450929,2,Demo,Best Case,2023-01-03,open,,
3525,3411,5272,36,2023-01-03,5621,3,Proposal,Commit,2023-02-25,open,,
3526,3411,5271,36,2023-01-06,15031,5,Closed,Omit,2023-01-09,won,2023-02-01,
3540,2730,5295,36,2023-01-11,8342,5,Closed,Best Case,2023-01-04,won,2023-04-22,
3541,2730,5295,36,2023-01-01,16810,5,Closed,Best Case,2023-01-04,won,2023-03-17,
3555,2550,5320,39,2023-01-04,18804,2,Demo,Commit,2023-02-05,open,,
3556,2550,5318,39,2023-01-10,6220,5,Closed,Omit,2023-01-11,lost,2023-05-09,no_budget
3563,1210,5338,8,2023-01-08,21189,2,Demo,Commit,2023-01-11,open,,
3564,3484,5341,22,2023-01-08,20820,5,Closed,Omit,2023-01-04,won,2023-04-19,
3565,3484,5342,22,2023-01-07,21502,1,Discovery,Omit,2023-01-04,open,,
3572,799,5356,34,2023-01-04,20357,3,Proposal,Commit,2023-01-01,open,,
3573,799,5358,34,2023-01-07,20073,2,Demo,Best Case,2023-01-03,open,,
3574,1441,5359,10,2023-01-04,11787,5,Closed,Omit,2023-01-23,won,2023-03-13,
3575,1441,5359,10,2023-01-11,16461,3,Proposal,Omit,2023-01-11,open,,
3577,2979,5363,8,2023-01-01,56575,5,Closed,Best Case,2023-01-11,won,2023-01-08,
3578,2979,5363,8,2023-01-06,41704,2,Demo,Best Case,2023-01-04,open,,
3579,2979,5363,8,2023-01-01,30760,5,Closed,Omit,2023-01-03,won,2023-01-17,
3588,3791,5378,50,2023-03-26,5363,3,Proposal,Omit,2023-01-08,open,,
3589,3791,5378,50,2023-03-23,17270,5,Closed,Best Case,2023-02-08,won,2023-06-18,
3590,3791,5378,50,2023-03-26,10420,5,Closed,Commit,2023-01-08,lost,2023-05-08,timing
3591,3791,5378,50,2023-03-22,12201,5,Closed,Commit,2023-01-11,won,2023-06-30,
3601,1348,5398,34,2023-01-02,16236,2,Demo,Commit,2023-01-04,open,,
3611,3701,5422,19,2023-01-16,92470,5,Closed,Omit,2023-01-07,won,2023-03-12,
3612,3701,5422,19,2023-01-22,53514,1,Discovery,Omit,2023-01-04,open,,
3613,3701,5422,19,2023-01-21,54952,5,Closed,Omit,2023-03-27,won,2023-04-12,
3622,915,5434,19,2023-01-05,11825,5,Closed,Best Case,2023-03-28,won,2023-03-10,
3628,3916,5447,50,2023-02-21,20265,2,Demo,Best Case,2023-01-01,open,,
3637,1652,,33,2023-01-01,59426,5,Closed,Commit,2023-01-08,lost,2023-03-11,feature_gap
3638,1125,5468,32,2023-01-04,83035,2,Demo,Omit,2023-01-04,open,,
3639,1125,5468,32,2023-01-10,76837,5,Closed,Commit,2023-01-05,won,2023-03-01,
3640,1125,5468,32,2023-01-03,73381,3,Proposal,Commit,2023-01-04,open,,
3641,65,5469,1,2023-01-05,11898,2,Demo,Best Case,2023-01-02,open,,
3654,2528,5486,23,2023-01-03,12135,1,Discovery,Best Case,2020-01-01,open,,
3655,2528,5485,23,2023-01-03,19136,5,Closed,Omit,2023-01-05,lost,2023-03-24,no_budget
3663,244,5494,17,2023-01-01,17262,0,Qualification,Best Case,2023-01-06,open,,
3664,244,5494,17,2023-01-03,13033,0,Qualification,Best Case,2023-01-10,open,,
3665,244,5494,17,2023-01-04,17560,2,Demo,Commit,2020-01-01,open,,
3666,3454,5496,43,2023-03-21,17558,1,Discovery,Omit,2023-01-03,open,,
3673,696,5509,35,2023-03-20,89347,5,Closed,Best Case,2023-02-22,won,2023-03-28,
3674,1829,5511,34,2023-01-13,39876,5,Closed,Omit,2023-02-10,lost,2023-02-23,no_budget
3689,630,5539,4,2023-01-06,15847,5,Closed,Commit,2023-01-04,lost,2023-03-28,no_budget
3690,630,5538,4,2023-01-04,15056,5,Closed,Commit,2023-01-07,won,2023-01-31,
3693,2966,5548,25,2023-01-16,65854,3,Proposal,Commit,2023-03-05,open,,
3694,2966,5548,25,2023-01-11,44533,4,Negotiation,Commit,2023-01-05,open,,
3704,1950,5570,39,2023-01-03,8609,5,Closed,Best Case,2023-01-07,won,2023-04-27,
3713,3436,5578,31,2023-01-02,79433,3,Proposal,Omit,2023-01-02,open,,
3714,3436,5579,31,2023-01-01,70153,5,Closed,Commit,2023-01-09,won,2023-02-24,
3715,3436,5578,31,2023-01-09,72302,5,Closed,Omit,2023-03-24,won,2023-01-19,
3717,3001,5584,5,2023-01-15,13134,5,Closed,Commit,2023-01-28,won,2023-01-25,
3718,3001,5584,5,2023-01-15,8657,2,Demo,Commit,2023-01-07,open,,
3729,1587,5604,11,2023-01-22,14363,1,Discovery,Best Case,2023-01-10,open,,
3730,1587,5603,11,2023-01-25,11193,3,Proposal,Commit,2020-01-01,open,,
3731,342,5605,20,2023-01-05,94872,5,Closed,Omit,2023-03-25,won,2023-03-22,
3732,342,5606,20,2023-01-03,81046,5,Closed,Commit,2023-01-07,won,2023-04-27,
3738,2521,5615,34,2023-01-07,16365,5,Closed,Commit,2023-01-05,won,2023-03-31,
3747,3150,5626,34,2023-03-25,77383,5,Closed,Commit,2023-03-18,won,2023-04-28,
3748,268,5630,34,2023-02-10,21073,5,Closed,Commit,2023-02-21,won,2023-06-05,
3770,26,5659,50,2023-01-01,8925,5,Closed,Commit,2023-01-29,won,2023-04-15,
3771,26,5659,50,2023-01-03,19867,5,Closed,Omit,2023-01-10,won,2023-05-02,
3772,26,5658,50,2023-01-01,6422,5,Closed,Omit,2023-01-10,won,2023-01-16,
3776,3320,5669,7,2023-01-10,12237,5,Closed,Best Case,2023-01-03,won,2023-01-17,
3793,1223,5694,33,2023-01-03,130797,5,Closed,Omit,2023-01-07,won,2023-03-18,
3794,1223,5694,33,2023-01-09,274915,2,Demo,Commit,2023-03-25,open,,
3796,1597,5698,12,2023-02-12,30369,2,Demo,Commit,2023-01-11,open,,
3797,1597,5698,12,2023-02-14,66472,5,Closed,Best Case,2023-03-12,won,2023-04-03,
3798,808,5699,12,2023-02-28,18985,5,Closed,Best Case,2020-01-01,lost,2023-05-07,timing
3799,808,,12,2023-02-25,14145,5,Closed,Commit,2023-01-02,won,2023-03-21,
3800,808,5700,12,2023-03-02,24171,2,Demo,Omit,2023-03-28,open,,
3804,1059,5706,10,2023-01-24,55306,2,Demo,Commit,2023-01-06,open,,
3814,2245,5725,26,2023-01-07,74141,3,Proposal,Commit,2023-01-02,open,,
3815,2245,,26,2023-01-06,32989,1,Discovery,Commit,2023-01-01,open,,
3816,2245,5725,26,2023-01-02,69252,3,Proposal,Best Case,2023-02-23,open,,
3823,3474,5740,32,2023-01-01,6966,2,Demo,Commit,2023-01-09,open,,
3831,3088,5759,39,2023-03-07,179660,3,Proposal,Omit,2023-01-07,open,,
3833,2200,5764,10,2023-01-11,21515,4,Negotiation,Omit,2023-01-27,open,,
3834,2200,5764,10,2023-01-08,23125,5,Closed,Omit,2023-01-06,won,2023-03-04,
3835,2200,5763,10,2023-01-02,22790,2,Demo,Best Case,2023-03-04,open,,
3840,1862,5772,30,2023-01-10,467770,5,Closed,Best Case,2023-03-28,won,2023-02-02,
3841,1862,5772,30,2023-01-06,250093,3,Proposal,Best Case,2023-01-04,open,,
3842,685,5775,15,2023-01-05,16246,5,Closed,Best Case,2023-01-11,won,2023-04-19,
3843,685,5774,15,2023-01-05,21727,5,Closed,Best Case,2020-01-01,lost,2023-01-24,no_decision
3844,685,5775,15,2023-01-02,16900,3,Proposal,Best Case,2023-01-04,open,,
3845,685,5775,15,2023-01-06,24732,3,Proposal,Best Case,2023-03-23,open,,
3846,685,5775,15,2023-01-02,13217,5,Closed,Omit,2023-01-10,lost,2023-02-16,no_decision
3890,2537,5837,11,2023-01-01,40170,3,Proposal,Commit,2023-01-05,open,,
3901,2291,5858,31,2023-01-10,21713,2,Demo,Omit,2023-01-04,open,,
3902,2291,5860,31,2023-01-05,22208,3,Proposal,Best Case,2023-01-15,open,,
3932,1513,5901,16,2023-01-12,43705,2,Demo,Omit,2023-01-09,open,,
3933,1513,5902,16,2023-01-06,59294,1,Discovery,Omit,2023-01-27,open,,
3934,1513,5903,16,2023-01-10,59125,0,Qualification,Best Case,2023-01-05,open,,
3935,1513,5901,16,2023-01-09,75676,5,Closed,Best Case,2023-01-09,lost,2023-05-06,no_decision
3939,321,5907,9,2023-01-11,20546,5,Closed,Commit,2023-01-10,lost,2023-02-17,no_decision
3940,321,5905,9,2023-01-07,9776,1,Discovery,Best Case,2023-01-08,open,,
3941,1834,5910,14,2023-01-05,35162,5,Closed,Best Case,2023-02-01,won,2023-02-18,
3942,1013,5913,8,2023-01-10,13314,3,Proposal,Best Case,2023-02-04,open,,
3943,1013,5914,8,2023-01-01,6945,5,Closed,Best Case,2023-01-11,won,2023-02-01,
3947,3398,5918,13,2023-01-06,52068,5,Closed,Commit,2023-01-27,won,2023-02-21,
3949,3106,5922,3,2023-01-07,11289,4,Negotiation,Commit,2023-03-29,open,,
3953,3892,5925,21,2023-01-10,17797,5,Closed,Commit,2023-02-08,won,2023-04-24,
3954,1349,5928,18,2023-01-09,15869,3,Proposal,Best Case,2023-01-02,open,,
3958,1254,5940,39,2023-01-06,366438,1,Discovery,Best Case,2023-01-06,open,,
3959,1254,5940,39,2023-01-01,352517,5,Closed,Omit,2023-01-03,won,2023-04-25,
3960,1254,5940,39,2023-01-08,152025,2,Demo,Best Case,2023-01-10,open,,
3961,1254,5940,39,2023-01-05,394924,5,Closed,Omit,2020-01-01,won,2023-03-20,
3962,202,5942,48,2023-01-04,15419,2,Demo,Best Case,2023-03-23,open,,
3967,3194,5956,9,2023-01-03,11766,1,Discovery,Best Case,2023-03-01,open,,
3986,1814,5987,20,2023-01-06,46069,5,Closed,Omit,2023-01-03,lost,2023-03-23,feature_gap
4014,734,6042,35,2023-01-08,163758,5,Closed,Commit,2023-01-07,lost,2023-03-31,no_decision
4015,734,6042,35,2023-01-08,467099,5,Closed,Omit,2023-01-06,lost,2023-04-21,feature_gap
4025,388,6062,2,2023-01-01,12817,3,Proposal,Best Case,2023-03-13,open,,
4026,388,6063,2,2023-01-02,24690,3,Proposal,Omit,2023-01-03,open,,
4075,218,6144,9,2023-01-10,44424,3,Proposal,Commit,2023-03-24,open,,
4076,218,6142,9,2023-01-08,78619,5,Closed,Omit,2023-01-15,won,2023-02-05,
4081,3208,6153,19,2023-01-26,27204,2,Demo,Omit,2020-01-01,open,,
4092,3048,6176,10,2023-01-07,63722,1,Discovery,Commit,2023-02-01,open,,
4107,899,6196,23,2023-01-13,190757,5,Closed,Commit,2020-01-01,won,2023-04-02,
4108,899,6196,23,2023-01-06,491415,5,Closed,Omit,2023-01-08,lost,2023-05-02,no_decision
4109,899,6196,23,2023-01-09,230594,2,Demo,Commit,2023-01-03,open,,
4110,899,6196,23,2023-01-14,408189,5,Closed,Commit,2023-02-10,won,2023-05-11,
4111,899,6196,23,2023-01-08,414822,3,Proposal,Best Case,2023-02-04,open,,
4137,2128,6253,27,2023-03-30,12037,3,Proposal,Omit,2020-01-01,open,,
4139,2128,6253,27,2023-03-28,6031,2,Demo,Best Case,2023-03-29,open,,
4140,2128,6253,27,2023-03-31,24695,0,Qualification,Best Case,2023-03-22,open,,
4141,1778,6255,1,2023-01-11,27081,2,Demo,Best Case,2023-01-05,open,,
4149,3750,6267,7,2023-01-06,9879,5,Closed,Best Case,2023-01-10,won,2023-02-26,
4150,3750,6267,7,2023-01-03,9276,5,Closed,Omit,2023-01-02,lost,2023-02-10,feature_gap
4151,3750,6266,7,2023-01-11,21808,1,Discovery,Omit,2023-01-01,open,,
4156,414,6285,37,2023-01-11,24541,2,Demo,Omit,2023-01-04,open,,
4157,414,6284,37,2023-01-09,9501,3,Proposal,Best Case,2020-01-01,open,,
4158,3476,6287,31,2023-01-06,54011,1,Discovery,Omit,2023-01-20,open,,
4181,1779,6314,24,2023-01-07,6142,3,Proposal,Commit,2020-01-01,open,,
4182,1779,6315,24,2023-01-08,9274,2,Demo,Commit,2023-03-23,open,,
4183,1779,6314,24,2023-01-03,5913,3,Proposal,Best Case,2023-01-02,open,,
4184,1779,6315,24,2023-01-01,24380,5,Closed,Best Case,2023-01-05,won,2023-04-15,
4185,1928,6316,19,2023-01-04,303565,5,Closed,Omit,2023-01-04,won,2023-03-27,
4208,3712,6365,27,2023-01-02,51551,3,Proposal,Commit,2023-01-05,open,,
4209,2861,6369,42,2023-01-11,79163,5,Closed,Omit,2023-02-05,won,2023-03-09,
4210,2861,6369,42,2023-01-04,74444,5,Closed,Commit,2023-01-07,lost,2023-02-20,no_budget
4213,2740,6374,12,2023-01-05,7108,5,Closed,Best Case,2023-01-01,won,2023-02-14,
4218,72,6379,44,2023-01-08,24142,4,Negotiation,Omit,2023-03-16,open,,
4219,1638,6382,26,2023-03-12,22402,0,Qualification,Omit,2023-01-02,open,,
4220,1638,6382,26,2023-03-20,10340,3,Proposal,Best Case,2023-01-03,open,,
4221,1638,6381,26,2023-03-12,10056,5,Closed,Best Case,2023-01-08,won,2023-05-23,
4222,1638,6380,26,2023-03-17,22117,1,Discovery,Omit,2023-02-25,open,,
4223,1638,6380,26,2023-03-15,24902,3,Proposal,Best Case,2023-02-04,open,,
4225,1133,6389,13,2023-01-02,23735,5,Closed,Commit,2023-01-06,lost,2023-04-18,no_budget
4226,1133,6388,13,2023-01-06,12212,4,Negotiation,Best Case,2023-01-06,open,,
4233,651,6396,42,2023-01-08,6957,5,Closed,Omit,2023-01-03,lost,2023-05-07,no_budget
4248,596,6415,35,2023-01-29,16247,3,Proposal,Omit,2023-01-02,open,,
4265,3997,6435,9,2023-01-03,17410,5,Closed,Commit,2023-01-01,won,2023-04-04,
4267,3828,6439,36,2023-02-08,6029,5,Closed,Best Case,2023-01-01,won,2023-03-09,
4268,1607,6440,32,2023-03-21,9577,5,Closed,Commit,2023-01-06,won,2023-05-08,
4285,484,6470,36,2023-01-17,279635,3,Proposal,Commit,2020-01-01,open,,
4286,484,6472,36,2023-01-17,460796,2,Demo,Commit,2023-01-04,open,,
4296,634,6488,46,2023-03-15,52834,2,Demo,Best Case,2023-02-05,open,,
4297,634,6489,46,2023-03-16,33675,5,Closed,Omit,2023-01-12,won,2023-04-21,
4298,634,6489,46,2023-03-07,29596,3,Proposal,Commit,2023-01-12,open,,
4310,1451,6505,31,2023-01-08,90295,3,Proposal,Best Case,2023-01-02,open,,
4311,1451,6505,31,2023-01-05,69571,2,Demo,Omit,2023-01-02,open,,
4312,1451,6506,31,2023-01-08,74986,5,Closed,Omit,2020-01-01,won,2023-04-21,
4314,2447,6510,30,2023-01-08,55375,3,Proposal,Best Case,2023-01-28,open,,
4315,2447,6511,30,2023-01-07,75525,5,Closed,Best Case,2023-01-06,won,2023-03-18,
4316,1137,6512,37,2023-01-08,18080,5,Closed,Omit,2023-03-23,won,2023-04-15,
4333,595,6531,43,2023-01-11,417859,1,Discovery,Best Case,2023-01-10,open,,
4340,1297,6540,21,2023-03-13,15513,4,Negotiation,Omit,2023-01-08,open,,
4341,1297,6540,21,2023-03-15,6884,5,Closed,Best Case,2023-01-07,won,2023-07-06,
4342,3853,6544,12,2023-02-04,24786,2,Demo,Best Case,2023-03-24,open,,
4343,3853,6544,12,2023-02-06,18960,2,Demo,Commit,2023-01-01,open,,
4344,2123,6545,13,2023-01-04,8687,5,Closed,Omit,2023-01-11,won,2023-03-05,
4345,2805,6547,35,2023-03-11,17302,5,Closed,Commit,2023-01-07,lost,2023-05-10,timing
4346,2805,6547,35,2023-03-16,13157,1,Discovery,Omit,2023-01-08,open,,
4348,2938,6551,32,2023-02-24,456049,2,Demo,Commit,2023-01-04,open,,
4349,2938,6551,32,2023-02-28,149422,5,Closed,Commit,2023-01-09,won,2023-05-30,
4350,2938,6551,32,2023-03-01,226449,5,Closed,Omit,2023-01-07,won,2023-04-24,
4351,1734,6552,5,2023-01-09,99976,2,Demo,Best Case,2023-01-04,open,,
4352,2763,6555,21,2023-03-20,430529,5,Closed,Best Case,2023-01-07,lost,2023-05-30,no_decision
4353,2763,6554,21,2023-03-18,172098,5,Closed,Commit,2023-03-18,won,2023-06-14,
4356,2332,6559,26,2023-03-22,24928,1,Discovery,Omit,2023-01-10,open,,
4361,340,6565,31,2023-01-03,94118,2,Demo,Commit,2023-02-25,open,,
4362,340,6565,31,2023-01-07,46232,3,Proposal,Commit,2023-02-09,open,,
4363,340,6564,31,2023-01-02,91971,1,Discovery,Omit,2023-01-20,open,,
4364,589,6566,5,2023-01-01,13402,5,Closed,Best Case,2023-01-09,won,2023-04-01,
4365,589,6567,5,2023-01-01,11875,2,Demo,Omit,2023-02-16,open,,
4366,589,6566,5,2023-01-07,6606,1,Discovery,Commit,2023-01-04,open,,
4367,589,6567,5,2023-01-01,24715,3,Proposal,Omit,2023-01-03,open,,
4368,589,6567,5,2023-01-01,5700,5,Closed,Best Case,2023-01-03,won,2023-02-07,
4373,2847,6575,12,2023-01-03,24734,5,Closed,Commit,2023-03-31,won,2023-01-26,
4374,2847,6575,12,2023-01-05,22769,1,Discovery,Commit,2023-01-24,open,,
4390,1894,6611,45,2023-01-03,22320,5,Closed,Commit,2023-01-09,won,2023-01-21,
4391,2225,6615,8,2023-01-03,42623,5,Closed,Commit,2023-01-21,lost,2023-03-14,no_decision
4392,2225,6616,8,2023-01-06,61748,0,Qualification,Commit,2023-03-12,open,,
4393,2225,6616,8,2023-01-01,84447,3,Proposal,Omit,2023-03-27,open,,
4394,2225,6617,8,2023-01-09,81256,5,Closed,Best Case,2023-01-10,won,2023-02-23,
4395,1396,6620,7,2023-03-08,7678,2,Demo,Omit,2020-01-01,open,,
4396,1396,6619,7,2023-03-05,12798,5,Closed,Omit,2023-03-01,won,2023-03-26,
4410,366,6644,6,2023-01-01,59894,3,Proposal,Omit,2023-02-28,open,,
4411,366,6643,6,2023-01-07,91497,5,Closed,Commit,2023-01-03,lost,2023-02-27,no_budget
4424,2754,6653,36,2023-01-02,97368,5,Closed,Best Case,2023-01-10,lost,2023-01-13,no_budget
4431,2563,6660,36,2023-01-08,14027,5,Closed,Commit,2023-01-02,won,2023-05-03,
4454,1121,6690,27,2023-01-03,19109,3,Proposal,Omit,2023-01-09,open,,
4455,1121,6689,27,2023-01-06,22968,2,Demo,Commit,2023-01-22,open,,
4456,1121,6690,27,2023-01-10,10234,5,Closed,Best Case,2023-01-11,won,2023-02-05,
4457,1121,6690,27,2023-01-11,22798,5,Closed,Commit,2023-02-15,won,2023-01-17,
4480,1366,6712,13,2023-03-24,10234,2,Demo,Commit,2023-03-11,open,,
4481,1366,6712,13,2023-03-25,13065,4,Negotiation,Omit,2020-01-01,open,,
4495,1642,6740,44,2023-01-06,5059,1,Discovery,Best Case,2023-01-01,open,,
4504,2374,6763,13,2023-01-01,6371,5,Closed,Best Case,2023-01-03,lost,2023-03-23,no_decision
4505,2374,6763,13,2023-01-08,5850,1,Discovery,Omit,2020-01-01,open,,
4518,701,6779,17,2023-01-01,20303,5,Closed,Best Case,2020-01-01,won,2023-03-29,
4519,701,6779,17,2023-01-08,12200,5,Closed,Omit,2023-01-03,won,2023-03-11,
4525,1169,6783,35,2023-03-14,23896,5,Closed,Omit,2023-03-08,won,2023-06-30,
4526,1422,6786,32,2023-02-08,22192,5,Closed,Commit,2023-02-24,lost,2023-06-05,no_decision
4527,1422,6786,32,2023-02-13,23131,4,Negotiation,Omit,2023-01-02,open,,
4533,410,6793,33,2023-01-04,50473,2,Demo,Omit,2020-01-01,open,,
4534,410,6792,33,2023-01-03,79262,3,Proposal,Commit,2020-01-01,open,,
4544,1341,6812,29,2023-02-24,32370,5,Closed,Omit,2023-02-05,won,2023-05-12,
4545,1341,6813,29,2023-02-22,99535,1,Discovery,Omit,2023-01-11,open,,
4546,1341,6812,29,2023-02-28,59799,2,Demo,Commit,2023-01-03,open,,
4550,2598,6820,22,2023-02-18,8824,5,Closed,Omit,2023-01-03,lost,2023-04-30,timing
4551,2598,6820,22,2023-02-25,16021,5,Closed,Omit,2023-01-11,won,2023-03-13,
4553,2450,6824,36,2023-01-10,9006,5,Closed,Omit,2023-01-08,won,2023-05-07,
4561,3417,6842,5,2023-01-11,68089,2,Demo,Commit,2023-01-07,open,,
4562,3417,6842,5,2023-01-02,71764,5,Closed,Omit,2023-01-04,won,2023-04-14,
4563,3417,6842,5,2023-01-10,61107,2,Demo,Omit,2023-01-08,open,,
4570,573,6857,27,2023-01-05,57700,3,Proposal,Omit,2023-01-09,open,,
4571,573,6857,27,2023-01-04,61205,0,Qualification,Commit,2023-03-07,open,,
4572,674,6859,19,2023-01-01,231532,5,Closed,Commit,2023-02-04,won,2023-03-23,
4573,674,6859,19,2023-01-09,366401,4,Negotiation,Best Case,2023-01-08,open,,
4574,674,6859,19,2023-01-05,178256,5,Closed,Commit,2023-01-27,lost,2023-02-11,feature_gap
4575,674,6859,19,2023-01-07,365069,2,Demo,Omit,2023-01-01,open,,
4595,176,6890,8,2023-03-31,8462,5,Closed,Omit,2023-02-08,won,2023-06-23,
4596,2599,6892,35,2023-01-04,12583,2,Demo,Omit,2023-01-04,open,,
4599,186,6896,7,2023-03-31,37564,2,Demo,Best Case,2023-01-11,open,,
4600,582,6899,21,2023-02-05,9760,2,Demo,Commit,2023-03-05,open,,
4601,582,6899,21,2023-02-05,7702,1,Discovery,Commit,2023-02-17,open,,
4602,582,,21,2023-02-05,17518,5,Closed,Best Case,2023-01-09,won,2023-02-19,
4613,3033,6908,37,2023-01-09,18096,5,Closed,Commit,2023-01-09,won,2023-04-25,
4616,2751,6913,3,2023-01-07,81898,2,Demo,Commit,2023-02-20,open,,
4617,2751,6912,3,2023-01-01,29513,5,Closed,Omit,2023-03-27,won,2023-01-06,
4618,2751,6913,3,2023-01-10,73096,5,Closed,Commit,2023-03-18,won,2023-04-14,
4625,2505,6917,24,2023-03-27,410977,5,Closed,Best Case,2023-01-06,won,2023-04-20,
4647,1837,6957,30,2023-01-04,5771,2,Demo,Best Case,2023-01-05,open,,
4648,1837,6957,30,2023-01-01,12822,5,Closed,Omit,2023-01-23,lost,2023-03-17,no_decision
4649,2410,6958,11,2023-01-05,23358,2,Demo,Commit,2023-01-30,open,,
4650,3525,6959,30,2023-01-02,23923,2,Demo,Omit,2023-01-03,open,,
4659,1973,6971,31,2023-01-03,21726,2,Demo,Omit,2023-03-04,open,,
4660,1973,6971,31,2023-01-01,24285,5,Closed,Best Case,2023-01-13,won,2023-02-19,
4665,2142,6982,4,2023-01-08,10962,1,Discovery,Omit,2023-01-09,open,,
4666,2142,6982,4,2023-01-02,16100,2,Demo,Omit,2023-02-22,open,,
4669,735,6988,35,2023-01-08,15908,5,Closed,Commit,2023-01-11,won,2023-02-20,
4677,1481,6994,29,2023-02-03,21107,1,Discovery,Best Case,2020-01-01,open,,
4678,1481,6993,29,2023-02-04,14944,3,Proposal,Omit,2023-03-15,open,,
4692,3810,7016,13,2023-01-02,24585,2,Demo,Omit,2023-03-07,open,,
4693,3810,7017,13,2023-01-01,11372,4,Negotiation,Commit,2023-01-02,open,,
4694,1729,7018,38,2023-02-26,83965,5,Closed,Commit,2023-01-18,won,2023-05-21,
4695,1729,7019,38,2023-02-26,41617,3,Proposal,Best Case,2023-01-02,open,,
4697,50,7024,17,2023-03-18,74607,1,Discovery,Commit,2023-01-01,open,,
4698,2060,7026,47,2023-01-03,9170,5,Closed,Omit,2023-03-20,won,2023-01-19,
4699,2060,7026,47,2023-01-10,18706,3,Proposal,Best Case,2023-01-01,open,,
4700,2060,7026,47,2023-01-08,20429,1,Discovery,Best Case,2023-01-08,open,,
4705,527,7032,26,2023-03-22,37889,5,Closed,Commit,2020-01-01,won,2023-04-14,
4706,527,7033,26,2023-03-28,40566,2,Demo,Best Case,2023-01-01,open,,
4707,527,7032,26,2023-03-31,77691,4,Negotiation,Best Case,2023-01-04,open,,
4708,2828,7034,20,2023-01-10,5082,3,Proposal,Commit,2020-01-01,open,,
4717,673,7052,8,2023-03-22,7761,5,Closed,Commit,2023-03-18,won,2023-05-20,
4718,673,7051,8,2023-03-16,21502,3,Proposal,Commit,2023-01-19,open,,
4731,2969,7070,9,2023-01-04,83953,4,Negotiation,Omit,2023-01-06,open,,
4732,2969,7069,9,2023-01-06,96494,5,Closed,Commit,2023-03-06,won,2023-03-12,
4748,883,7096,39,2023-01-09,6585,5,Closed,Commit,2023-01-02,won,2023-02-14,
4749,883,7096,39,2023-01-06,5426,5,Closed,Best Case,2023-03-07,won,2023-02-27,
4750,883,7096,39,2023-01-03,17307,5,Closed,Omit,2020-01-01,lost,2023-01-31,timing
4752,134,7101,26,2023-02-04,16964,5,Closed,Omit,2023-01-05,lost,2023-03-24,no_budget
4753,134,7101,26,2023-02-04,14145,5,Closed,Commit,2023-01-02,won,2023-04-05,
4754,134,7101,26,2023-02-04,5452,2,Demo,Best Case,2023-01-07,open,,
4761,2980,7124,38,2023-01-09,19850,5,Closed,Best Case,2023-01-05,won,2023-02-10,
4766,3752,7135,18,2023-01-01,58808,5,Closed,Omit,2023-01-28,won,2023-03-10,
4771,224,7141,31,2023-01-07,20409,5,Closed,Omit,2023-01-08,won,2023-04-28,
4776,2172,7147,11,2023-01-04,20638,2,Demo,Best Case,2023-02-19,open,,
4777,2172,7147,11,2023-01-10,22161,3,Proposal,Omit,2020-01-01,open,,
4790,146,7175,39,2023-03-29,9079,5,Closed,Omit,2023-01-01,won,2023-07-17,
4793,2973,7181,37,2023-03-12,25631,2,Demo,Commit,2023-01-01,open,,
4794,3207,7182,19,2023-02-27,44500,2,Demo,Commit,2023-01-03,open,,
4797,3031,7194,27,2023-01-01,57045,3,Proposal,Commit,2023-01-09,open,,
4804,2389,7200,2,2023-01-02,337646,5,Closed,Omit,2020-01-01,won,2023-02-02,
4805,261,7203,30,2023-03-23,24438,1,Discovery,Commit,2023-01-11,open,,
4806,261,7203,30,2023-03-22,24498,5,Closed,Best Case,2020-01-01,won,2023-07-12,
4820,3954,7223,17,2023-01-07,31048,2,Demo,Commit,2023-01-28,open,,
4821,2103,7227,40,2023-01-08,24946,5,Closed,Best Case,2023-03-01,lost,2023-02-08,timing
4822,2103,7227,40,2023-01-05,20934,5,Closed,Best Case,2023-01-07,lost,2023-02-27,no_budget
4823,253,7233,15,2023-01-07,30114,5,Closed,Best Case,2020-01-01,won,2023-04-22,
4824,253,7233,15,2023-01-03,78376,5,Closed,Omit,2023-01-03,lost,2023-02-14,timing
4825,253,7232,15,2023-01-02,31847,5,Closed,Best Case,2023-01-01,lost,2023-03-10,timing
4826,253,7233,15,2023-01-09,76605,2,Demo,Commit,2023-01-05,open,,
4836,1338,7255,1,2023-01-08,15999,1,Discovery,Omit,2023-01-05,open,,
4853,2992,7282,31,2023-01-09,90679,5,Closed,Commit,2023-01-01,lost,2023-03-09,timing
4857,3795,7287,37,2023-01-01,10037,1,Discovery,Omit,2023-01-06,open,,
4859,3724,7292,40,2023-01-08,289569,5,Closed,Commit,2023-01-08,won,2023-04-27,
4864,3726,7298,48,2023-01-07,20947,2,Demo,Omit,2020-01-01,open,,
4876,1172,7308,26,2023-03-25,19275,3,Proposal,Best Case,2020-01-01,open,,
4881,2655,7317,18,2023-01-10,62021,5,Closed,Omit,2023-01-03,won,2023-03-04,
4882,2655,7317,18,2023-01-09,70705,4,Negotiation,Omit,2023-01-05,open,,
4883,2655,7318,18,2023-01-11,96535,2,Demo,Omit,2020-01-01,open,,
4892,3141,7329,12,2023-01-10,11784,1,Discovery,Omit,2023-02-15,open,,
4914,3682,7362,14,2023-01-08,8844,2,Demo,Best Case,2020-01-01,open,,
4921,1679,7379,22,2023-03-06,13705,5,Closed,Commit,2023-01-10,won,2023-03-29,
4923,2480,7384,21,2023-01-04,15966,2,Demo,Best Case,2023-01-03,open,,
4936,205,7400,21,2023-01-11,21502,5,Closed,Commit,2023-03-17,won,2023-04-26,
4937,205,7400,21,2023-01-05,9786,3,Proposal,Commit,2023-02-21,open,,
4940,1885,7402,5,2023-01-02,18616,5,Closed,Omit,2023-03-21,won,2023-02-28,
4958,1324,7429,22,2023-01-11,11582,5,Closed,Commit,2020-01-01,lost,2023-05-04,no_decision
4970,3749,7447,25,2023-02-15,8122,5,Closed,Omit,2023-01-09,won,2023-04-05,
4971,282,7452,36,2023-01-10,20981,5,Closed,Omit,2023-01-10,won,2023-04-07,
4975,3731,7461,7,2023-01-08,13155,2,Demo,Omit,2023-01-07,open,,
4976,1448,7468,49,2023-02-20,20594,5,Closed,Commit,2023-01-10,lost,2023-05-07,feature_gap
4979,2759,7471,26,2023-01-11,51461,2,Demo,Best Case,2023-02-22,open,,
4982,3920,7475,26,2023-01-10,49858,2,Demo,Best Case,2023-01-03,open,,
4983,3920,7475,26,2023-01-04,35729,5,Closed,Best Case,2023-01-01,won,2023-01-16,
4984,3920,7475,26,2023-01-04,98086,5,Closed,Omit,2023-01-06,won,2023-01-31,
4988,153,7478,22,2023-01-02,24014,3,Proposal,Omit,2023-01-10,open,,
4998,279,7493,31,2023-01-08,24966,5,Closed,Omit,2023-01-08,won,2023-02-17,
4999,279,7493,31,2023-01-07,5527,2,Demo,Best Case,2023-01-02,open,,
5012,3326,7511,10,2023-01-06,18846,5,Closed,Best Case,2023-01-07,lost,2023-01-31,no_budget
5013,3326,7511,10,2023-01-10,19547,2,Demo,Commit,2023-01-08,open,,
5025,2873,7530,9,2023-01-26,99660,4,Negotiation,Omit,2023-01-01,open,,
5036,968,7546,32,2023-01-03,96663,5,Closed,Commit,2023-01-21,won,2023-03-19,
5038,6,7554,15,2023-01-05,5261,3,Proposal,Best Case,2023-01-08,open,,
5045,3250,7576,4,2023-01-09,14881,5,Closed,Commit,2023-03-18,lost,2023-01-22,timing
5046,3250,7576,4,2023-01-09,11545,1,Discovery,Best Case,2020-01-01,open,,
5047,1079,7577,15,2023-01-01,5670,5,Closed,Best Case,2023-01-06,won,2023-03-27,
5055,1495,7584,7,2023-03-16,13170,0,Qualification,Omit,2020-01-01,open,,
5056,1495,7584,7,2023-03-17,10372,2,Demo,Best Case,2023-02-21,open,,
5064,1593,7608,11,2023-01-29,230933,3,Proposal,Commit,2023-01-10,open,,
5065,1593,7608,11,2023-01-29,214893,3,Proposal,Omit,2023-01-05,open,,
5073,2421,7615,32,2023-01-01,20618,2,Demo,Commit,2023-02-28,open,,
5075,1684,7621,9,2023-01-06,94946,2,Demo,Omit,2023-01-06,open,,
5076,1684,7622,9,2023-01-05,57858,2,Demo,Omit,2023-01-15,open,,
5097,3101,7650,36,2023-01-07,8941,2,Demo,Best Case,2023-02-13,open,,
5098,3101,7652,36,2023-01-07,18174,1,Discovery,Best Case,2023-01-04,open,,
5106,3299,7662,36,2023-02-16,22946,5,Closed,Commit,2023-02-08,lost,2023-04-07,no_budget
5107,2095,7663,5,2023-01-10,6722,5,Closed,Commit,2023-01-15,lost,2023-03-15,no_decision
5108,2095,7663,5,2023-01-05,19193,5,Closed,Commit,2023-01-08,won,2023-01-23,
5150,750,7723,31,2023-01-05,8783,5,Closed,Commit,2023-01-07,lost,2023-05-02,timing
5151,750,7723,31,2023-01-06,14973,1,Discovery,Best Case,2023-01-09,open,,
5152,750,7723,31,2023-01-10,24378,1,Discovery,Best Case,2023-01-07,open,,
5171,2065,7744,2,2023-01-04,12272,2,Demo,Best Case,2023-01-27,open,,
5182,2160,7771,16,2023-01-04,15610,5,Closed,Omit,2023-01-19,won,2023-04-15,
5189,2574,7792,36,2023-01-04,9987,2,Demo,Best Case,2020-01-01,open,,
5210,2608,,2,2023-01-26,68437,1,Discovery,Best Case,2023-01-06,open,,
5211,2608,7821,2,2023-01-24,62332,5,Closed,Omit,2023-03-17,won,2023-04-06,
5212,343,7824,30,2023-01-05,12574,5,Closed,Commit,2023-01-01,lost,2023-04-06,no_budget
5218,2174,7830,34,2023-01-18,24718,3,Proposal,Best Case,2023-02-15,open,,
5219,2174,7828,34,2023-01-20,15771,1,Discovery,Commit,2023-01-08,open,,
5243,1979,7872,33,2023-01-05,8976,3,Proposal,Omit,2020-01-01,open,,
5260,212,7908,49,2023-01-09,22712,2,Demo,Commit,2023-01-03,open,,
5263,3292,7918,45,2023-01-06,94726,5,Closed,Best Case,2023-01-03,won,2023-04-04,
5264,3292,7918,45,2023-01-05,39635,1,Discovery,Best Case,2023-01-10,open,,
5265,3292,8063,45,2023-01-08,49164,2,Demo,Omit,2023-01-05,open,,
5269,3519,7923,44,2023-01-13,17144,3,Proposal,Omit,2023-03-27,open,,
5272,3725,7930,5,2023-03-09,7202,5,Closed,Omit,2020-01-01,lost,2023-03-15,no_budget
5273,3725,7930,5,2023-03-11,22082,5,Closed,Best Case,2023-03-29,won,2023-03-25,
5282,1514,7943,5,2023-01-09,6172,3,Proposal,Best Case,2023-01-08,open,,
5283,1514,7942,5,2023-01-02,12306,5,Closed,Commit,2023-01-02,won,2023-03-24,
5284,1556,7944,15,2023-01-10,44876,5,Closed,Commit,2023-01-02,lost,2023-04-16,timing
5299,3872,7967,43,2023-03-29,8414,5,Closed,Best Case,2023-03-31,won,2023-04-20,
5310,106,7988,25,2023-01-07,87096,1,Discovery,Omit,2023-01-08,open,,
5340,1209,8022,16,2023-01-01,24663,1,Discovery,Best Case,2023-01-13,open,,
5348,90,8044,5,2023-01-23,14925,2,Demo,Omit,2023-01-18,open,,
5354,1740,8053,13,2023-01-02,20483,5,Closed,Omit,2023-03-26,won,2023-01-16,
5355,1740,6210,13,2023-01-11,6689,5,Closed,Omit,2023-01-07,won,2023-02-16,
5356,1740,6210,13,2023-01-02,10709,2,Demo,Commit,2023-03-20,open,,
5357,1740,8052,13,2023-01-01,20296,2,Demo,Omit,2023-01-17,open,,
5358,2754,8056,36,2023-01-10,88312,5,Closed,Best Case,2023-01-09,won,2023-02-19,
5361,2717,8059,34,2023-01-04,66018,5,Closed,Omit,2023-01-08,lost,2023-03-08,no_decision
5362,3292,7918,45,2023-01-04,56031,2,Demo,Best Case,2023-01-10,open,,
5363,3292,7919,45,2023-01-02,57828,5,Closed,Omit,2023-01-01,won,2023-02-05,
5365,2010,8066,49,2023-01-05,275866,5,Closed,Commit,2020-01-01,lost,2023-04-09,feature_gap
5372,3763,8078,11,2023-01-04,98708,5,Closed,Commit,2023-03-16,won,2023-04-14,
5380,1219,1335,12,2023-01-31,38316,2,Demo,Omit,2023-01-04,open,,
5385,527,7032,26,2023-01-07,77691,2,Demo,Commit,2023-02-26,open,,
5386,611,3620,32,2023-03-25,26552,2,Demo,Best Case,2023-01-04,open,,
5394,3352,2990,24,2023-02-26,12520,5,Closed,Best Case,2023-01-03,won,2023-04-19,
5409,328,3918,16,2023-02-12,15534,5,Closed,Omit,2020-01-01,won,2023-05-06,
5412,2124,4309,26,2023-01-18,87923,5,Closed,Best Case,2023-01-03,won,2023-02-05,
5416,2860,5206,11,2023-03-27,18240,3,Proposal,Omit,2023-01-04,open,,
5418,2913,4154,30,2023-01-21,36827,2,Demo,Best Case,2023-01-11,open,,
5441,567,1469,16,2023-02-21,34279,4,Negotiation,Best Case,2023-01-02,open,,
5442,1869,4028,11,2023-02-22,14865,4,Negotiation,Commit,2023-01-06,open,,
5458,1864,,27,2023-03-25,6403,5,Closed,Commit,2020-01-01,won,2023-05-27,
5478,1512,6459,35,2023-02-28,6962,3,Proposal,Best Case,2023-01-10,open,,
5479,2571,7066,11,2023-03-10,72308,5,Closed,Commit,2023-01-02,won,2023-06-20,
5488,2170,1019,39,2023-01-30,14674,5,Closed,Commit,2020-01-01,won,2023-04-11,
5495,1743,1080,22,2023-01-07,58530,5,Closed,Best Case,2023-01-29,lost,2023-02-13,feature_gap
5503,3328,7868,26,2023-01-18,14862,1,Discovery,Omit,2023-01-08,open,,
5504,1756,2948,1,2023-02-18,5393,3,Proposal,Commit,2023-01-09,open,,
5506,2099,1324,5,2023-01-06,9206,5,Closed,Best Case,2023-01-04,won,2023-02-05,
5507,1157,1671,17,2023-01-04,21866,1,Discovery,Best Case,2023-01-01,open,,
5520,3736,4926,6,2023-03-30,18729,5,Closed,Commit,2023-01-09,won,2023-05-13,
5528,3553,5564,7,2023-01-05,5610,5,Closed,Commit,2023-02-13,lost,2023-04-05,timing
5530,2567,3660,10,2023-02-28,14098,2,Demo,Commit,2023-01-22,open,,
5539,2028,1665,30,2023-01-10,23013,2,Demo,Best Case,2023-01-10,open,,
5545,845,3115,33,2023-02-22,73692,3,Proposal,Omit,2023-01-08,open,,
5557,1469,4742,13,2023-02-10,8255,3,Proposal,Omit,2023-01-04,open,,
5563,2347,2756,40,2023-03-23,97991,2,Demo,Commit,2023-01-05,open,,
5569,969,7922,7,2023-03-26,135083,3,Proposal,Commit,2023-03-07,open,,
5579,1957,3580,14,2023-03-19,17790,3,Proposal,Commit,2023-01-04,open,,
5587,2707,6649,18,2023-02-08,38988,2,Demo,Best Case,2020-01-01,open,,
5607,2842,1397,31,2023-01-04,42698,5,Closed,Commit,2023-03-11,won,2023-04-01,
5624,679,1931,17,2023-02-09,25073,5,Closed,Omit,2023-01-01,won,2023-03-06,
5648,2306,176,26,2023-03-03,24466,5,Closed,Best Case,2023-01-03,won,2023-06-13,
5655,39,2832,7,2023-03-28,61391,1,Discovery,Commit,2023-01-02,open,,
5660,211,2516,20,2023-02-08,338011,5,Closed,Omit,2023-01-06,won,2023-05-19,
5667,3582,5707,37,2023-03-06,12736,1,Discovery,Commit,2023-03-21,open,,
5669,1192,3612,23,2023-02-05,5062,5,Closed,Commit,2023-01-11,won,2023-05-06,
5676,739,4183,6,2023-01-08,15137,3,Proposal,Best Case,2023-03-17,open,,
5681,2362,2725,38,2023-03-24,5384,2,Demo,Commit,2023-01-01,open,,
5697,1256,4929,32,2023-01-06,86859,4,Negotiation,Commit,2023-01-08,open,,
5707,634,6489,46,2023-02-24,33675,1,Discovery,Omit,2023-01-12,open,,
5722,1756,2948,1,2023-01-12,8866,2,Demo,Omit,2020-01-01,open,,
5737,1794,5326,27,2023-03-31,23388,5,Closed,Best Case,2023-01-09,won,2023-05-29,
5739,3868,5875,20,2023-03-22,15890,2,Demo,Commit,2023-03-19,open,,
5740,1307,4619,8,2023-02-03,6227,5,Closed,Omit,2023-01-03,won,2023-04-29,
5744,2695,4683,29,2023-03-29,20740,5,Closed,Best Case,2020-01-01,won,2023-06-11,
5758,1540,52,26,2023-03-19,15537,1,Discovery,Commit,2023-01-10,open,,
5759,232,311,10,2023-03-21,6692,1,Discovery,Best Case,2023-02-05,open,,
5769,108,5371,15,2023-02-23,23546,5,Closed,Best Case,2023-01-06,lost,2023-04-28,no_decision
5771,2753,4925,13,2023-03-12,21616,0,Qualification,Omit,2023-03-28,open,,
5781,3041,6293,48,2023-03-17,261354,1,Discovery,Commit,2023-01-03,open,,
5783,169,3260,15,2023-02-13,10595,5,Closed,Commit,2023-01-02,won,2023-03-21,
5784,372,3416,27,2023-03-04,11430,5,Closed,Best Case,2023-01-01,won,2023-05-24,
5797,1174,5402,1,2023-02-04,82255,5,Closed,Commit,2023-01-09,won,2023-02-22,
5823,2177,,30,2023-03-01,35526,5,Closed,Best Case,2023-01-10,lost,2023-05-16,no_budget
5843,1187,4116,2,2023-03-27,108080,5,Closed,Omit,2023-01-10,won,2023-04-06,
5852,1335,7350,43,2023-01-22,5385,2,Demo,Commit,2023-01-11,open,,
5867,3162,6677,40,2023-02-04,46674,3,Proposal,Best Case,2023-01-07,open,,
5868,1440,4255,26,2023-03-13,20494,5,Closed,Best Case,2023-02-20,won,2023-03-28,
5874,1277,4847,32,2023-01-16,7663,5,Closed,Best Case,2023-03-01,won,2023-05-13,
5879,2561,7094,32,2023-02-01,20651,5,Closed,Commit,2023-01-02,won,2023-03-16,
5883,821,2682,40,2023-02-13,19244,5,Closed,Commit,2020-01-01,won,2023-05-04,
5892,2598,6820,22,2023-01-27,8824,3,Proposal,Best Case,2023-03-28,open,,
5894,3100,5801,23,2023-01-27,18203,5,Closed,Commit,2023-01-07,won,2023-03-31,
5895,1799,6148,32,2023-02-27,67641,5,Closed,Commit,2023-03-01,won,2023-05-21,
5905,2526,2776,23,2023-02-10,50974,5,Closed,Best Case,2023-01-08,won,2023-02-19,
5909,2849,1250,45,2023-03-13,37356,2,Demo,Commit,2023-01-11,open,,
5910,1310,1147,26,2023-03-17,22986,5,Closed,Commit,2023-01-08,won,2023-06-13,
5921,3874,2072,23,2023-01-18,8534,5,Closed,Omit,2023-01-17,won,2023-02-09,
5934,2202,3448,6,2023-03-07,24484,5,Closed,Best Case,2023-01-08,won,2023-05-18,
5943,3653,6515,18,2023-02-15,49696,5,Closed,Omit,2023-01-05,won,2023-03-04,
5953,1439,2270,8,2023-01-08,18709,1,Discovery,Commit,2023-03-24,open,,
5954,3260,6300,6,2023-01-17,5507,1,Discovery,Commit,2023-01-02,open,,
5961,2028,1665,30,2023-03-22,23013,2,Demo,Omit,2023-02-15,open,,
5964,3589,7748,8,2023-03-09,15902,5,Closed,Commit,2023-01-05,won,2023-06-19,
5974,2198,424,34,2023-03-18,17414,5,Closed,Best Case,2023-01-01,lost,2023-03-24,no_decision
5983,2678,1246,45,2023-02-05,16144,5,Closed,Omit,2020-01-01,won,2023-03-24,
5986,37,5095,25,2023-03-26,5595,0,Qualification,Omit,2020-01-01,open,,
5994,2513,86,44,2023-03-16,7939,5,Closed,Best Case,2023-02-08,won,2023-07-08,
14,1635,17,29,2023-06-27,16952,5,Closed,Best Case,2020-01-01,won,2023-07-31,
59,3377,81,43,2023-04-28,10180,3,Proposal,Best Case,2023-06-28,open,,
133,3569,210,16,2023-05-28,68307,2,Demo,Commit,2023-06-11,open,,
134,1876,213,7,2023-06-15,56037,5,Closed,Best Case,2023-04-08,won,2023-08-23,
135,1876,213,7,2023-06-07,62662,5,Closed,Best Case,2023-06-06,lost,2023-09-03,feature_gap
174,2080,271,11,2023-05-17,7935,5,Closed,Best Case,2023-06-14,lost,2023-07-15,feature_gap
175,1387,273,29,2023-06-21,22013,5,Closed,Best Case,2020-01-01,won,2023-09-06,
188,89,286,48,2023-06-04,32919,5,Closed,Best Case,2023-06-13,won,2023-08-16,
189,89,287,48,2023-06-10,95201,1,Discovery,Commit,2023-05-05,open,,
211,263,322,3,2023-06-20,10307,4,Negotiation,Omit,2023-04-26,open,,
214,2463,8064,33,2023-05-23,6112,2,Demo,Commit,2023-05-04,open,,
215,2463,330,33,2023-05-28,20163,4,Negotiation,Omit,2023-04-10,open,,
216,2463,8064,33,2023-05-31,6521,5,Closed,Best Case,2023-05-27,won,2023-07-17,
221,503,333,44,2023-04-16,89522,2,Demo,Best Case,2023-06-17,open,,
241,2536,371,17,2023-05-13,35106,5,Closed,Omit,2023-04-25,lost,2023-06-13,feature_gap
278,3740,421,17,2023-04-09,5415,0,Qualification,Commit,2023-05-09,open,,
279,3740,423,17,2023-04-06,11307,4,Negotiation,Best Case,2023-06-21,open,,
287,170,430,22,2023-06-14,51049,2,Demo,Best Case,2020-01-01,open,,
288,170,430,22,2023-06-09,75742,2,Demo,Commit,2023-05-09,open,,
291,2558,434,22,2023-06-25,15361,3,Proposal,Best Case,2023-06-06,open,,
380,271,569,8,2023-05-10,16382,2,Demo,Omit,2023-04-08,open,,
438,3814,675,25,2023-05-22,12195,5,Closed,Best Case,2023-04-27,won,2023-07-02,
439,3814,676,25,2023-06-01,21424,5,Closed,Best Case,2023-05-30,won,2023-06-11,
454,829,699,24,2023-05-26,17432,5,Closed,Best Case,2020-01-01,won,2023-08-05,
479,348,735,24,2023-05-03,17204,5,Closed,Omit,2023-06-05,won,2023-06-10,
480,348,735,24,2023-05-03,9430,5,Closed,Omit,2023-06-12,won,2023-08-23,
490,513,759,42,2023-05-21,17679,1,Discovery,Commit,2023-04-04,open,,
491,1791,762,33,2023-06-21,11686,5,Closed,Best Case,2023-04-07,won,2023-09-28,
492,1791,762,33,2023-06-25,5547,5,Closed,Commit,2023-05-08,lost,2023-07-21,no_budget
499,3667,770,8,2023-05-02,23356,3,Proposal,Best Case,2023-06-28,open,,
505,3558,779,2,2023-04-27,13941,3,Proposal,Best Case,2023-06-12,open,,
506,3558,778,2,2023-04-22,21452,5,Closed,Omit,2023-05-30,won,2023-08-11,
580,531,892,20,2023-04-15,12338,1,Discovery,Best Case,2023-06-29,open,,
612,1063,945,36,2023-05-15,20205,5,Closed,Commit,2023-04-18,won,2023-09-06,
657,2755,1008,22,2023-04-25,6457,2,Demo,Commit,2023-06-13,open,,
658,2755,1010,22,2023-04-24,6152,5,Closed,Omit,2023-05-23,lost,2023-05-08,no_decision
659,2755,1009,22,2023-04-28,19015,1,Discovery,Commit,2023-04-11,open,,
660,2755,1010,22,2023-04-26,17739,0,Qualification,Omit,2023-04-08,open,,
675,929,1029,20,2023-05-02,22562,5,Closed,Omit,2023-05-23,lost,2023-07-14,timing
676,929,1029,20,2023-05-03,24667,3,Proposal,Commit,2023-06-04,open,,
800,2518,1217,4,2023-06-30,10973,3,Proposal,Omit,2023-05-14,open,,
801,2518,1217,4,2023-06-26,23769,5,Closed,Best Case,2023-04-04,won,2023-08-04,
815,2729,1228,42,2023-06-23,22820,5,Closed,Omit,2020-01-01,won,2023-07-21,
816,3905,1229,31,2023-05-23,49139,5,Closed,Commit,2023-05-30,won,2023-09-10,
863,1445,1289,31,2023-06-28,83121,2,Demo,Best Case,2023-05-18,open,,
864,1445,1288,31,2023-06-24,38881,5,Closed,Commit,2023-04-02,won,2023-10-06,
869,2910,1302,31,2023-06-15,16124,5,Closed,Omit,2023-05-04,lost,2023-06-27,timing
922,332,1391,13,2023-06-08,18261,3,Proposal,Best Case,2023-04-01,open,,
923,332,1390,13,2023-06-05,16599,5,Closed,Commit,2023-05-08,won,2023-09-19,
928,2014,1396,39,2023-05-22,96954,5,Closed,Omit,2023-05-31,won,2023-08-05,
929,2014,1396,39,2023-05-20,73374,0,Qualification,Commit,2023-04-06,open,,
930,2014,1396,39,2023-05-18,85979,5,Closed,Best Case,2023-06-24,won,2023-06-26,
939,3636,1411,26,2023-06-22,7066,5,Closed,Best Case,2020-01-01,won,2023-08-12,
941,3289,1416,45,2023-05-09,91432,5,Closed,Commit,2020-01-01,lost,2023-05-18,no_decision
942,3289,1415,45,2023-05-14,91899,5,Closed,Omit,2023-04-14,won,2023-08-09,
962,3243,1457,50,2023-06-27,18034,5,Closed,Best Case,2023-05-16,won,2023-09-11,
963,3243,1457,50,2023-06-22,16189,0,Qualification,Omit,2023-04-02,open,,
998,3670,1513,13,2023-06-28,6173,1,Discovery,Commit,2023-04-15,open,,
1036,1832,1551,37,2023-05-27,25174,3,Proposal,Best Case,2023-06-30,open,,
1049,1066,1570,37,2023-05-06,19025,5,Closed,Best Case,2023-04-05,lost,2023-05-16,feature_gap
1054,1033,1577,8,2023-04-02,42383,2,Demo,Commit,2023-04-13,open,,
1055,1033,1577,8,2023-04-02,92403,5,Closed,Commit,2023-05-10,won,2023-04-30,
1069,3915,1598,20,2023-04-17,20769,5,Closed,Commit,2023-06-25,lost,2023-08-04,no_decision
1070,3915,1598,20,2023-04-11,12087,2,Demo,Commit,2020-01-01,open,,
1075,2653,1603,39,2023-06-04,23359,2,Demo,Omit,2023-05-09,open,,
1076,2653,1603,39,2023-05-30,8887,5,Closed,Omit,2023-04-15,won,2023-08-26,
1085,1379,1619,12,2023-04-29,7628,4,Negotiation,Best Case,2020-01-01,open,,
1086,1379,1618,12,2023-05-06,13392,5,Closed,Best Case,2023-06-15,won,2023-06-12,
1087,392,1620,12,2023-04-14,11584,1,Discovery,Best Case,2023-05-23,open,,
1088,392,1620,12,2023-04-20,11383,1,Discovery,Commit,2023-05-30,open,,
1089,392,1620,12,2023-04-16,19071,5,Closed,Best Case,2023-05-04,won,2023-07-21,
1090,392,1620,12,2023-04-12,21491,5,Closed,Best Case,2023-06-11,lost,2023-07-05,no_decision
1102,1908,1636,40,2023-05-31,5552,2,Demo,Commit,2020-01-01,open,,
1103,1908,1636,40,2023-05-30,12960,5,Closed,Commit,2023-05-06,won,2023-08-10,
1104,1908,1636,40,2023-06-01,15806,5,Closed,Best Case,2023-04-23,won,2023-07-07,
1105,1908,1636,40,2023-05-30,17231,5,Closed,Best Case,2023-04-02,won,2023-06-12,
1106,618,1638,25,2023-06-16,5391,5,Closed,Commit,2023-04-10,won,2023-10-12,
1107,618,1638,25,2023-06-09,18658,5,Closed,Best Case,2023-05-23,won,2023-09-13,
1118,1584,1653,39,2023-05-31,16182,5,Closed,Best Case,2023-05-08,lost,2023-06-24,no_budget
1162,3443,1705,26,2023-05-09,414766,5,Closed,Commit,2023-05-26,won,2023-05-15,
1163,3443,1705,26,2023-05-09,386933,5,Closed,Best Case,2023-06-29,won,2023-08-13,
1165,1020,1707,5,2023-04-15,83206,5,Closed,Commit,2020-01-01,lost,2023-05-05,timing
1166,1020,1707,5,2023-04-12,69461,5,Closed,Omit,2023-06-18,won,2023-06-23,
1167,1020,1707,5,2023-04-11,77305,1,Discovery,Best Case,2020-01-01,open,,
1176,299,1719,3,2023-06-03,13306,2,Demo,Best Case,2023-06-17,open,,
1177,299,1719,3,2023-05-29,11250,5,Closed,Commit,2023-04-27,won,2023-08-18,
1236,3362,1785,20,2023-06-20,19753,5,Closed,Best Case,2023-04-04,won,2023-08-01,
1260,1108,1825,35,2023-06-22,354644,2,Demo,Best Case,2020-01-01,open,,
1261,1108,1824,35,2023-06-23,437172,5,Closed,Commit,2023-06-08,won,2023-10-13,
1262,1108,1825,35,2023-06-24,174140,0,Qualification,Omit,2020-01-01,open,,
1271,994,5947,25,2023-06-11,43593,2,Demo,Best Case,2023-04-29,open,,
1272,994,3798,25,2023-06-13,33240,5,Closed,Commit,2023-06-16,won,2023-08-23,
1278,3809,1840,32,2023-04-18,17763,3,Proposal,Omit,2020-01-01,open,,
1279,3809,1840,32,2023-04-15,6427,1,Discovery,Omit,2023-06-21,open,,
1353,841,1938,12,2023-05-17,19324,3,Proposal,Commit,2023-04-09,open,,
1363,135,1955,37,2023-05-06,35659,5,Closed,Commit,2020-01-01,lost,2023-06-04,no_decision
1364,135,1954,37,2023-05-06,70089,5,Closed,Omit,2023-04-13,lost,2023-07-20,feature_gap
1395,936,2007,9,2023-04-10,23339,3,Proposal,Omit,2023-04-26,open,,
1446,2068,2077,6,2023-04-18,6653,5,Closed,Commit,2023-05-01,won,2023-05-18,
1480,3167,2132,7,2023-04-08,13205,3,Proposal,Best Case,2023-05-22,open,,
1511,3526,2195,27,2023-04-13,98232,5,Closed,Omit,2023-05-16,won,2023-06-07,
1512,3526,2195,27,2023-04-09,48238,2,Demo,Commit,2023-04-19,open,,
1513,3526,2196,27,2023-04-16,58868,5,Closed,Commit,2023-04-18,won,2023-06-16,
1519,566,2212,3,2023-05-04,24171,5,Closed,Commit,2023-06-20,lost,2023-07-24,feature_gap
1520,566,2212,3,2023-05-08,5238,3,Proposal,Omit,2023-04-16,open,,
1542,58,2241,30,2023-05-15,16763,5,Closed,Omit,2020-01-01,won,2023-08-04,
1550,3018,2259,21,2023-05-26,19888,1,Discovery,Best Case,2023-04-28,open,,
1551,3018,2259,21,2023-05-25,16001,3,Proposal,Best Case,2023-04-26,open,,
1554,2384,2262,24,2023-04-26,28285,5,Closed,Omit,2023-05-24,lost,2023-05-20,no_budget
1566,2949,2278,2,2023-06-21,18479,5,Closed,Omit,2023-06-06,won,2023-06-30,
1567,2949,2278,2,2023-06-21,17760,5,Closed,Best Case,2023-05-18,won,2023-09-05,
1568,2949,2278,2,2023-06-24,6569,5,Closed,Best Case,2023-06-28,won,2023-09-03,
1582,452,2298,8,2023-05-09,12963,5,Closed,Commit,2023-04-06,won,2023-08-10,
1583,452,2298,8,2023-05-14,14924,1,Discovery,Best Case,2023-04-19,open,,
1597,24,2319,35,2023-04-02,78997,5,Closed,Commit,2023-04-15,won,2023-06-11,
1598,24,2320,35,2023-04-05,91494,5,Closed,Best Case,2023-04-17,won,2023-04-19,
1633,373,2375,12,2023-04-06,70634,4,Negotiation,Commit,2023-06-21,open,,
1634,373,2375,12,2023-04-06,51854,5,Closed,Commit,2023-05-31,lost,2023-06-13,no_decision
1651,2036,2391,27,2023-04-15,23371,5,Closed,Commit,2023-06-12,won,2023-05-18,
1668,572,2429,18,2023-04-01,16821,5,Closed,Omit,2023-04-18,won,2023-05-06,
1675,1377,2450,6,2023-06-25,26099,5,Closed,Commit,2023-04-06,won,2023-08-21,
1690,2177,,30,2023-05-23,49985,0,Qualification,Commit,2023-06-21,open,,
1691,2177,2474,30,2023-05-29,35526,1,Discovery,Omit,2023-04-27,open,,
1728,143,2532,33,2023-06-30,9201,3,Proposal,Omit,2023-04-15,open,,
1748,166,2565,18,2023-05-16,43259,5,Closed,Omit,2023-06-02,lost,2023-08-19,timing
1751,1544,2577,42,2023-06-04,12275,3,Proposal,Omit,2023-06-19,open,,
1752,1544,2577,42,2023-06-05,22548,5,Closed,Best Case,2023-04-27,won,2023-08-06,
1755,866,2583,32,2023-04-10,92428,5,Closed,Best Case,2023-05-06,won,2023-05-03,
1756,866,,32,2023-04-20,76832,3,Proposal,Omit,2023-05-28,open,,
1847,426,2729,34,2023-06-08,50212,5,Closed,Best Case,2023-05-30,won,2023-07-09,
1848,426,2729,34,2023-06-15,74679,3,Proposal,Best Case,2023-04-04,open,,
1849,426,2729,34,2023-06-15,26060,5,Closed,Commit,2023-05-31,won,2023-09-16,
1885,726,2778,19,2023-06-03,20464,5,Closed,Omit,2023-04-11,won,2023-08-20,
1886,726,2777,19,2023-06-08,18929,5,Closed,Best Case,2023-06-25,won,2023-09-14,
1887,726,2778,19,2023-05-31,6026,5,Closed,Omit,2020-01-01,won,2023-06-25,
1895,2864,2792,49,2023-04-10,70899,1,Discovery,Omit,2020-01-01,open,,
1928,2986,2845,27,2023-04-11,27434,3,Proposal,Best Case,2023-05-10,open,,
1941,2233,2864,4,2023-05-04,14551,5,Closed,Omit,2023-04-01,won,2023-06-09,
1942,2233,2864,4,2023-05-02,13771,3,Proposal,Commit,2023-06-08,open,,
1943,2233,2863,4,2023-05-08,23712,5,Closed,Omit,2020-01-01,won,2023-08-16,
1944,2233,2863,4,2023-05-06,15396,5,Closed,Commit,2023-05-21,won,2023-07-17,
1951,2,2879,37,2023-05-10,96004,5,Closed,Best Case,2023-06-23,won,2023-05-18,
1952,2,2879,37,2023-05-08,88134,1,Discovery,Best Case,2023-04-27,open,,
1953,2,2879,37,2023-05-13,79345,0,Qualification,Best Case,2023-06-15,open,,
1956,1554,2888,17,2023-04-11,140038,5,Closed,Best Case,2023-06-02,won,2023-07-06,
1957,1554,2888,17,2023-04-07,335181,0,Qualification,Omit,2023-05-08,open,,
1962,3587,2897,49,2023-04-30,19675,5,Closed,Omit,2023-04-25,won,2023-05-17,
2008,2053,2959,38,2023-05-17,57947,5,Closed,Omit,2023-06-24,won,2023-07-31,
2082,2559,3063,16,2023-05-12,17913,5,Closed,Omit,2023-04-11,won,2023-05-18,
2083,2559,3063,16,2023-05-22,9971,1,Discovery,Best Case,2023-06-16,open,,
2097,3638,3076,6,2023-05-03,6442,3,Proposal,Best Case,2023-05-12,open,,
2098,857,3077,26,2023-06-24,17201,5,Closed,Omit,2023-04-06,won,2023-07-12,
2224,3198,3290,27,2023-04-08,18161,5,Closed,Best Case,2023-06-28,won,2023-04-27,
2247,672,3316,20,2023-04-24,38600,2,Demo,Best Case,2023-05-12,open,,
2248,672,3316,20,2023-04-16,95539,5,Closed,Best Case,2020-01-01,won,2023-08-08,
2269,613,3346,39,2023-04-08,13952,5,Closed,Commit,2023-05-30,won,2023-05-10,
2281,1094,3372,16,2023-06-12,17321,5,Closed,Best Case,2023-06-03,won,2023-07-01,
2300,2631,3391,42,2023-06-10,83843,5,Closed,Commit,2023-06-11,won,2023-08-13,
2301,2631,3392,42,2023-06-07,51251,2,Demo,Commit,2020-01-01,open,,
2305,2672,3398,17,2023-06-06,81261,5,Closed,Omit,2023-05-02,won,2023-07-30,
2306,2672,3398,17,2023-05-28,66993,5,Closed,Best Case,2023-06-02,won,2023-08-24,
2430,133,3592,26,2023-04-11,165798,5,Closed,Omit,2023-04-03,lost,2023-06-25,timing
2431,133,3592,26,2023-04-04,406776,3,Proposal,Best Case,2023-04-19,open,,
2432,133,3592,26,2023-04-06,475137,5,Closed,Best Case,2020-01-01,won,2023-06-25,
2435,2064,3606,31,2023-05-30,20376,2,Demo,Commit,2023-04-14,open,,
2441,1192,3612,23,2023-05-25,5062,5,Closed,Best Case,2023-05-02,won,2023-07-14,
2442,1192,3612,23,2023-05-31,14144,5,Closed,Omit,2023-04-23,lost,2023-06-06,feature_gap
2455,3563,,21,2023-06-02,10374,5,Closed,Commit,2023-06-25,won,2023-06-15,
2459,1526,3639,9,2023-06-06,14958,5,Closed,Commit,2023-05-17,lost,2023-09-14,no_budget
2463,803,3643,19,2023-04-26,17030,2,Demo,Omit,2020-01-01,open,,
2464,803,3643,19,2023-05-02,20639,2,Demo,Commit,2023-04-21,open,,
2480,2567,3659,10,2023-06-01,14889,5,Closed,Best Case,2023-05-09,lost,2023-08-07,feature_gap
2481,2567,3660,10,2023-05-30,14098,5,Closed,Omit,2020-01-01,lost,2023-07-31,timing
2482,2567,3660,10,2023-05-27,8151,3,Proposal,Best Case,2020-01-01,open,,
2535,2589,3740,36,2023-05-22,20136,0,Qualification,Omit,2023-05-29,open,,
2540,1282,3757,39,2023-04-27,16118,1,Discovery,Best Case,2023-06-09,open,,
2541,1282,3757,39,2023-05-02,17624,5,Closed,Omit,2023-04-11,won,2023-07-28,
2542,1282,3757,39,2023-04-28,14769,5,Closed,Best Case,2023-04-06,won,2023-07-14,
2543,1282,3757,39,2023-04-23,24005,1,Discovery,Best Case,2023-04-08,open,,
2547,2650,3764,35,2023-05-03,8630,2,Demo,Commit,2023-06-20,open,,
2555,2490,3780,43,2023-06-09,11752,5,Closed,Commit,2023-04-23,won,2023-09-13,
2556,2490,3780,43,2023-06-07,21834,5,Closed,Omit,2023-04-19,won,2023-06-23,
2575,3219,3803,27,2023-05-03,33746,0,Qualification,Best Case,2023-04-10,open,,
2631,287,3899,15,2023-06-15,13609,5,Closed,Best Case,2023-05-06,won,2023-08-15,
2632,287,3899,15,2023-06-11,5283,5,Closed,Commit,2023-05-16,won,2023-06-25,
2650,328,3918,16,2023-06-07,15534,3,Proposal,Omit,2020-01-01,open,,
2708,3170,4016,21,2023-04-19,77484,5,Closed,Commit,2023-04-15,won,2023-06-21,
2709,3170,4015,21,2023-04-23,61808,5,Closed,Best Case,2023-06-27,won,2023-05-01,
2736,71,4049,14,2023-06-26,7275,2,Demo,Commit,2023-06-06,open,,
2781,2621,4119,40,2023-04-24,22797,5,Closed,Omit,2023-04-09,lost,2023-06-11,timing
2782,2621,4119,40,2023-04-21,17719,3,Proposal,Best Case,2023-05-04,open,,
2784,128,4125,16,2023-04-14,24149,5,Closed,Best Case,2023-06-05,won,2023-07-26,
2787,564,4132,25,2023-06-28,15118,3,Proposal,Best Case,2023-04-24,open,,
2788,564,4131,25,2023-06-25,24053,5,Closed,Best Case,2023-05-18,won,2023-09-22,
2792,3203,4140,35,2023-04-19,16732,3,Proposal,Commit,2023-04-11,open,,
2793,3203,4139,35,2023-04-10,17090,5,Closed,Best Case,2023-05-29,won,2023-05-29,
2794,3203,4141,35,2023-04-18,12429,5,Closed,Omit,2023-04-09,won,2023-06-12,
2805,1919,4155,3,2023-05-31,11896,2,Demo,Best Case,2023-05-12,open,,
2806,1919,4155,3,2023-06-01,21499,5,Closed,Omit,2023-05-29,won,2023-09-14,
2978,2990,4393,29,2023-05-09,68408,2,Demo,Omit,2023-06-14,open,,
2979,2990,4394,29,2023-04-30,36826,5,Closed,Commit,2023-04-08,won,2023-07-12,
2980,2990,4394,29,2023-05-06,72731,5,Closed,Omit,2023-06-12,won,2023-08-08,
2986,3282,4400,25,2023-04-20,318046,4,Negotiation,Omit,2020-01-01,open,,
2987,3282,4402,25,2023-04-26,229884,5,Closed,Best Case,2023-05-28,won,2023-05-21,
2988,3282,4400,25,2023-04-27,307317,2,Demo,Commit,2023-04-30,open,,
2993,1710,4412,31,2023-04-12,5253,5,Closed,Best Case,2023-04-07,lost,2023-06-19,feature_gap
2997,2059,4427,23,2023-04-26,59772,5,Closed,Commit,2023-05-01,lost,2023-08-14,no_budget
3025,3451,4481,29,2023-06-28,14845,5,Closed,Commit,2023-06-17,won,2023-10-13,
3026,3451,4481,29,2023-06-28,21403,3,Proposal,Omit,2023-04-29,open,,
3118,1822,4629,13,2023-06-28,69086,5,Closed,Best Case,2023-04-02,won,2023-08-17,
3119,1822,4628,13,2023-06-28,71084,5,Closed,Commit,2023-06-14,won,2023-07-23,
3169,1719,4703,3,2023-06-08,23554,5,Closed,Best Case,2023-04-30,won,2023-09-16,
3170,1719,4705,3,2023-06-07,10665,2,Demo,Omit,2023-04-28,open,,
3176,1871,4714,17,2023-04-28,402646,5,Closed,Commit,2023-06-28,won,2023-08-20,
3208,1250,4761,32,2023-04-14,13072,5,Closed,Omit,2023-04-15,won,2023-07-20,
3234,3581,4803,46,2023-04-02,22605,2,Demo,Commit,2023-06-11,open,,
3235,3581,4803,46,2023-04-06,16005,3,Proposal,Commit,2023-05-20,open,,
3249,1488,4826,26,2023-05-18,48263,4,Negotiation,Commit,2023-06-09,open,,
3250,1488,4826,26,2023-05-13,87348,2,Demo,Omit,2023-04-17,open,,
3277,411,4859,10,2023-05-03,37694,5,Closed,Omit,2023-05-03,won,2023-05-26,
3278,411,4859,10,2023-05-02,69469,3,Proposal,Best Case,2023-04-02,open,,
3279,411,4859,10,2023-05-06,95850,3,Proposal,Best Case,2023-04-16,open,,
3282,1471,4874,34,2023-05-22,17447,2,Demo,Best Case,2023-06-15,open,,
3283,1471,4873,34,2023-05-15,19299,2,Demo,Commit,2023-04-09,open,,
3284,1471,4874,34,2023-05-15,24168,5,Closed,Omit,2023-06-26,lost,2023-07-30,no_budget
3298,2488,4900,23,2023-05-13,49761,5,Closed,Best Case,2023-06-18,lost,2023-07-31,feature_gap
3299,2488,4900,23,2023-05-12,72614,1,Discovery,Commit,2023-05-12,open,,
3301,1437,4903,7,2023-04-10,395068,5,Closed,Commit,2023-05-08,won,2023-05-13,
3302,1437,4903,7,2023-04-04,132723,5,Closed,Best Case,2023-06-24,won,2023-06-05,
3346,2718,4954,16,2023-04-19,21919,1,Discovery,Best Case,2023-06-30,open,,
3347,2718,4954,16,2023-04-12,19061,5,Closed,Commit,2023-04-26,won,2023-05-18,
3348,2718,4954,16,2023-04-14,11896,2,Demo,Best Case,2020-01-01,open,,
3371,3408,,16,2023-06-13,14844,5,Closed,Commit,2023-05-22,lost,2023-09-22,feature_gap
3372,1546,5005,16,2023-06-05,66548,3,Proposal,Commit,2023-04-12,open,,
3373,1546,5005,16,2023-06-10,38663,1,Discovery,Commit,2023-06-05,open,,
3442,312,5126,19,2023-06-02,68121,5,Closed,Commit,2023-05-08,won,2023-07-13,
3443,312,5126,19,2023-06-05,26783,1,Discovery,Omit,2023-04-05,open,,
3444,312,5127,19,2023-05-30,29680,3,Proposal,Best Case,2023-04-17,open,,
3463,479,5168,14,2023-04-15,16546,5,Closed,Best Case,2023-04-08,won,2023-07-05,
3464,479,5167,14,2023-04-11,5631,5,Closed,Omit,2023-04-06,won,2023-07-17,
3465,479,5168,14,2023-04-15,18484,5,Closed,Commit,2023-04-28,won,2023-08-11,
3581,3677,,16,2023-06-22,21944,5,Closed,Best Case,2023-05-29,won,2023-08-21,
3582,3677,5369,16,2023-06-29,7937,1,Discovery,Commit,2023-06-04,open,,
3585,55,5374,27,2023-05-20,14847,2,Demo,Commit,2023-06-16,open,,
3615,1718,5430,2,2023-05-17,20102,2,Demo,Commit,2023-05-04,open,,
3616,1718,5430,2,2023-05-18,10477,3,Proposal,Commit,2023-05-10,open,,
3617,1718,5430,2,2023-05-22,16385,2,Demo,Commit,2023-04-08,open,,
3618,1718,5430,2,2023-05-18,20217,5,Closed,Best Case,2023-06-24,won,2023-05-25,
3626,872,5444,18,2023-04-08,67712,5,Closed,Best Case,2020-01-01,won,2023-04-17,
3649,3655,5481,23,2023-06-28,20935,2,Demo,Omit,2023-05-08,open,,
3650,102,5483,15,2023-06-28,13319,5,Closed,Omit,2023-04-29,won,2023-10-07,
3651,102,,15,2023-06-27,16159,3,Proposal,Commit,2023-04-18,open,,
3671,421,5503,34,2023-05-08,11997,2,Demo,Best Case,2023-06-15,open,,
3672,421,5503,34,2023-05-08,5188,2,Demo,Best Case,2023-05-15,open,,
3684,1228,5534,32,2023-06-03,22826,2,Demo,Commit,2023-05-25,open,,
3685,1228,5534,32,2023-06-03,12061,3,Proposal,Best Case,2023-05-14,open,,
3686,1228,5534,32,2023-06-08,16378,5,Closed,Best Case,2023-05-18,won,2023-09-05,
3691,574,5545,32,2023-05-04,250444,5,Closed,Best Case,2023-06-07,won,2023-06-24,
3692,574,5543,32,2023-05-05,149131,5,Closed,Commit,2023-06-27,won,2023-08-01,
3709,650,5573,50,2023-05-21,24760,5,Closed,Commit,2023-05-29,won,2023-08-19,
3744,2214,5625,11,2023-04-09,94443,5,Closed,Omit,2023-05-02,lost,2023-04-21,no_decision
3745,2214,5625,11,2023-04-14,70369,4,Negotiation,Omit,2023-05-02,open,,
3746,2214,5625,11,2023-04-07,63756,5,Closed,Best Case,2023-04-08,won,2023-07-26,
3775,3887,5665,20,2023-04-04,13776,5,Closed,Omit,2023-05-12,won,2023-05-11,
3785,2629,5683,15,2023-04-21,21726,5,Closed,Commit,2023-05-14,lost,2023-06-13,no_decision
3788,699,5689,24,2023-05-26,39687,3,Proposal,Best Case,2023-05-09,open,,
3802,677,5704,13,2023-05-09,12307,5,Closed,Best Case,2023-06-28,won,2023-06-04,
3803,677,5705,13,2023-05-16,17727,5,Closed,Commit,2023-05-10,won,2023-08-31,
3825,2829,5745,38,2023-04-18,14074,1,Discovery,Omit,2023-05-01,open,,
3826,2829,5745,38,2023-04-16,11281,5,Closed,Best Case,2023-04-22,won,2023-05-24,
3827,3994,5748,35,2023-04-01,24535,5,Closed,Best Case,2023-05-22,lost,2023-06-22,timing
3828,3744,5749,40,2023-05-30,83587,5,Closed,Commit,2023-04-14,won,2023-06-21,
3847,1222,5778,17,2023-04-24,13069,5,Closed,Omit,2020-01-01,won,2023-08-08,
3848,1222,5777,17,2023-04-27,13510,5,Closed,Omit,2023-06-25,won,2023-08-12,
3849,1222,5776,17,2023-04-27,24584,5,Closed,Omit,2023-05-31,won,2023-05-25,
3867,2402,5798,32,2023-04-19,22347,5,Closed,Omit,2023-04-03,won,2023-07-17,
3874,3060,5810,3,2023-06-02,16545,1,Discovery,Omit,2023-04-14,open,,
3876,1848,5814,1,2023-06-18,76289,2,Demo,Omit,2023-06-21,open,,
3914,3868,5875,20,2023-05-23,9223,3,Proposal,Omit,2023-05-04,open,,
3915,3868,5875,20,2023-05-23,15890,5,Closed,Omit,2023-06-04,lost,2023-06-29,no_budget
3972,3009,5963,7,2023-04-26,14546,1,Discovery,Commit,2023-05-02,open,,
3973,3009,5963,7,2023-04-23,8101,5,Closed,Omit,2023-04-18,won,2023-05-11,
3974,3009,5963,7,2023-04-23,21838,5,Closed,Omit,2023-05-04,won,2023-06-25,
4018,152,6050,29,2023-05-27,9085,5,Closed,Commit,2020-01-01,won,2023-08-08,
4019,152,6050,29,2023-05-27,23286,5,Closed,Commit,2023-04-17,won,2023-07-11,
4059,3291,6120,11,2023-05-25,20410,5,Closed,Commit,2023-05-09,lost,2023-06-24,no_budget
4060,3291,6119,11,2023-06-02,11439,5,Closed,Commit,2023-04-02,won,2023-06-13,
4061,3291,6120,11,2023-06-02,24939,3,Proposal,Commit,2020-01-01,open,,
4098,926,6182,10,2023-06-14,23455,5,Closed,Commit,2023-05-08,lost,2023-07-05,timing
4099,926,6182,10,2023-06-13,9164,5,Closed,Omit,2023-06-18,won,2023-08-08,
4106,2056,6190,13,2023-04-23,15987,5,Closed,Omit,2023-06-03,won,2023-08-09,
4124,3374,6237,24,2023-04-05,76036,5,Closed,Commit,2023-05-23,won,2023-07-30,
4125,3374,6237,24,2023-04-03,86212,3,Proposal,Omit,2023-06-02,open,,
4135,2771,6252,10,2023-04-25,18103,1,Discovery,Best Case,2023-04-26,open,,
4136,2771,6252,10,2023-04-23,22279,5,Closed,Commit,2023-04-06,won,2023-07-10,
4138,2128,6253,27,2023-04-02,21017,5,Closed,Commit,2023-06-07,lost,2023-04-29,no_decision
4170,3260,6300,6,2023-06-29,5507,5,Closed,Best Case,2023-06-19,won,2023-09-20,
4189,3006,6323,25,2023-05-14,16973,0,Qualification,Commit,2023-04-05,open,,
4211,1898,6370,35,2023-04-01,7937,2,Demo,Commit,2023-04-15,open,,
4212,1898,6370,35,2023-04-05,13029,5,Closed,Commit,2023-04-24,lost,2023-06-06,no_budget
4234,157,6399,8,2023-06-17,82258,2,Demo,Best Case,2023-06-15,open,,
4235,157,6399,8,2023-06-14,46909,1,Discovery,Omit,2020-01-01,open,,
4245,64,6413,10,2023-06-18,17877,5,Closed,Omit,2023-05-31,won,2023-09-27,
4270,1738,6447,3,2023-04-18,13043,3,Proposal,Commit,2020-01-01,open,,
4271,1738,6447,3,2023-04-26,5402,5,Closed,Commit,2023-05-14,won,2023-05-02,
4272,1738,6448,3,2023-04-24,12001,5,Closed,Omit,2023-04-23,won,2023-05-18,
4273,1738,6448,3,2023-04-26,22398,4,Negotiation,Commit,2023-04-26,open,,
4288,2286,6475,10,2023-04-18,79569,3,Proposal,Omit,2023-06-05,open,,
4289,2286,6475,10,2023-04-17,67362,3,Proposal,Best Case,2023-04-12,open,,
4304,727,,36,2023-06-28,19728,5,Closed,Best Case,2023-04-12,won,2023-08-19,
4305,727,6498,36,2023-06-25,7963,2,Demo,Omit,2023-05-31,open,,
4313,881,6509,23,2023-06-25,82986,0,Qualification,Omit,2023-06-12,open,,
4347,1929,6549,17,2023-06-26,41115,2,Demo,Omit,2023-06-24,open,,
4444,1421,6674,13,2023-06-17,10648,5,Closed,Commit,2023-04-26,lost,2023-08-15,no_budget
4445,1421,6674,13,2023-06-18,8678,5,Closed,Commit,2023-04-06,won,2023-07-24,
4469,5,6704,7,2023-05-30,6891,3,Proposal,Omit,2023-06-27,open,,
4470,5,6705,7,2023-06-06,23995,5,Closed,Omit,2020-01-01,won,2023-09-26,
4471,5,6704,7,2023-05-29,6070,5,Closed,Best Case,2023-04-19,won,2023-08-08,
4482,2664,6715,5,2023-05-19,7556,5,Closed,Best Case,2023-05-05,won,2023-06-30,
4528,19,6787,2,2023-06-14,47028,1,Discovery,Omit,2023-04-22,open,,
4529,19,6788,2,2023-06-14,95569,5,Closed,Omit,2023-04-11,won,2023-08-25,
4530,19,6787,2,2023-06-15,79265,4,Negotiation,Omit,2023-06-30,open,,
4547,1019,6817,37,2023-06-12,25579,5,Closed,Best Case,2023-05-22,won,2023-10-05,
4548,1019,6818,37,2023-06-12,69032,5,Closed,Commit,2023-05-28,won,2023-09-08,
4549,1019,6818,37,2023-06-15,59850,5,Closed,Omit,2023-06-23,won,2023-09-05,
4552,1817,6823,3,2023-04-24,21118,5,Closed,Commit,2020-01-01,won,2023-05-09,
4594,176,6889,8,2023-04-08,13880,5,Closed,Commit,2020-01-01,lost,2023-06-02,no_decision
4623,2505,6917,24,2023-04-02,391365,5,Closed,Best Case,2020-01-01,won,2023-07-01,
4624,2505,6917,24,2023-04-02,316363,1,Discovery,Best Case,2023-04-09,open,,
4630,1774,6931,39,2023-04-27,5975,5,Closed,Best Case,2023-05-12,won,2023-07-10,
4631,1774,6931,39,2023-04-26,12090,5,Closed,Commit,2023-05-03,won,2023-07-25,
4645,3296,6955,40,2023-06-27,90361,2,Demo,Omit,2023-05-02,open,,
4667,2552,6985,29,2023-06-19,11728,5,Closed,Omit,2020-01-01,won,2023-08-18,
4668,2552,6985,29,2023-06-12,14213,2,Demo,Omit,2023-05-06,open,,
4682,1345,7003,16,2023-04-14,268046,3,Proposal,Omit,2023-04-26,open,,
4684,786,7004,22,2023-06-28,22596,5,Closed,Commit,2023-06-12,won,2023-10-20,
4685,786,7006,22,2023-06-27,16831,5,Closed,Omit,2023-05-26,won,2023-07-22,
4686,786,7006,22,2023-06-30,13592,5,Closed,Omit,2023-06-21,lost,2023-10-20,no_decision
4687,786,7005,22,2023-06-30,22374,2,Demo,Commit,2020-01-01,open,,
4715,2380,7049,1,2023-04-13,13605,5,Closed,Best Case,2023-05-12,won,2023-05-18,
4716,2380,7048,1,2023-04-11,13030,2,Demo,Omit,2023-06-02,open,,
4721,3880,7056,26,2023-05-03,24904,5,Closed,Best Case,2023-06-14,lost,2023-07-19,no_decision
4722,3880,7056,26,2023-05-06,22136,5,Closed,Commit,2023-06-05,lost,2023-07-24,no_budget
4723,3880,7056,26,2023-05-03,23036,5,Closed,Omit,2023-06-13,won,2023-08-16,
4724,1410,7058,15,2023-04-02,22260,5,Closed,Omit,2023-04-01,won,2023-06-21,
4725,1410,7058,15,2023-04-01,16176,1,Discovery,Best Case,2023-04-21,open,,
4727,2571,7065,11,2023-05-12,27072,2,Demo,Best Case,2023-04-18,open,,
4728,2571,7065,11,2023-05-14,51515,2,Demo,Commit,2023-04-24,open,,
4729,2571,7066,11,2023-05-12,72308,5,Closed,Best Case,2023-04-04,won,2023-07-09,
4762,2238,7126,40,2023-04-12,90970,5,Closed,Commit,2023-06-25,won,2023-07-14,
4789,146,7174,39,2023-04-06,17398,3,Proposal,Best Case,2023-06-01,open,,
4799,1455,7197,39,2023-06-03,69840,5,Closed,Commit,2023-05-14,won,2023-08-03,
4800,1455,7197,39,2023-06-04,81644,2,Demo,Omit,2023-04-29,open,,
4801,1455,7197,39,2023-06-02,27997,5,Closed,Best Case,2023-04-10,won,2023-08-06,
4802,1455,7197,39,2023-06-04,87783,5,Closed,Commit,2023-06-28,won,2023-08-09,
4803,1911,7199,39,2023-06-13,10023,0,Qualification,Omit,2023-05-16,open,,
4829,647,7243,18,2023-05-23,7545,3,Proposal,Commit,2023-06-06,open,,
4830,647,7242,18,2023-05-21,9751,1,Discovery,Best Case,2023-06-02,open,,
4834,903,7250,34,2023-05-10,22793,5,Closed,Best Case,2023-06-07,lost,2023-05-27,timing
4835,903,7251,34,2023-05-10,22481,5,Closed,Omit,2023-05-31,won,2023-06-16,
4926,485,7389,23,2023-04-15,17565,2,Demo,Best Case,2020-01-01,open,,
4948,646,7411,37,2023-04-06,499201,2,Demo,Omit,2023-04-27,open,,
4949,646,7411,37,2023-04-03,392821,3,Proposal,Best Case,2023-05-31,open,,
4963,1367,7436,14,2023-06-26,84069,5,Closed,Commit,2023-04-23,lost,2023-08-15,feature_gap
5100,3883,7655,26,2023-06-28,5955,3,Proposal,Best Case,2023-06-06,open,,
5141,437,7702,9,2023-04-09,21725,5,Closed,Best Case,2023-04-08,won,2023-06-14,
5162,2335,7739,23,2023-04-06,6258,2,Demo,Commit,2020-01-01,open,,
5183,390,7772,10,2023-04-04,23379,1,Discovery,Omit,2023-04-10,open,,
5198,1140,7806,4,2023-05-12,59316,5,Closed,Commit,2023-05-30,won,2023-07-27,
5199,1140,7806,4,2023-05-10,33621,3,Proposal,Omit,2023-06-11,open,,
5200,1140,,4,2023-05-16,82957,1,Discovery,Best Case,2023-06-09,open,,
5201,1140,7806,4,2023-05-10,46865,5,Closed,Best Case,2023-04-13,won,2023-06-13,
5202,1140,7806,4,2023-05-12,88610,1,Discovery,Omit,2023-05-08,open,,
5222,3522,7832,10,2023-06-24,86756,2,Demo,Best Case,2023-05-23,open,,
5223,3522,7834,10,2023-06-20,54391,5,Closed,Best Case,2023-05-09,won,2023-10-13,
5236,2037,7863,29,2023-06-12,8199,5,Closed,Omit,2023-05-29,lost,2023-08-27,timing
5301,2645,7971,7,2023-06-05,8220,2,Demo,Commit,2023-05-16,open,,
5306,3747,7981,7,2023-06-18,14064,1,Discovery,Omit,2023-04-23,open,,
5321,3165,8002,10,2023-05-31,20904,5,Closed,Omit,2023-04-04,won,2023-09-21,
5322,3165,8002,10,2023-05-29,7373,5,Closed,Commit,2023-05-26,won,2023-08-18,
5328,2722,8006,16,2023-04-15,19876,3,Proposal,Commit,2023-05-23,open,,
5364,2463,8064,33,2023-05-24,17232,5,Closed,Best Case,2020-01-01,won,2023-09-18,
5376,2860,5206,11,2023-04-10,18240,5,Closed,Omit,2023-04-11,lost,2023-06-07,no_decision
5383,1081,886,23,2023-04-17,85059,5,Closed,Commit,2023-06-15,won,2023-05-15,
5387,1482,2215,50,2023-05-16,92951,2,Demo,Commit,2023-05-31,open,,
5391,2387,5189,5,2023-05-16,24595,5,Closed,Omit,2023-06-25,lost,2023-08-01,no_decision
5393,3382,6529,37,2023-04-19,12889,5,Closed,Best Case,2023-04-12,lost,2023-05-14,no_budget
5403,2946,2399,23,2023-06-25,28300,2,Demo,Omit,2023-06-15,open,,
5404,1962,1803,38,2023-05-12,7844,5,Closed,Best Case,2023-06-22,won,2023-07-05,
5411,3019,375,21,2023-04-29,46567,5,Closed,Commit,2023-06-10,won,2023-06-27,
5414,69,4043,43,2023-04-26,13730,5,Closed,Omit,2023-04-21,won,2023-07-08,
5415,1080,3886,22,2023-06-28,5518,5,Closed,Best Case,2023-04-30,won,2023-09-05,
5426,2691,1114,24,2023-04-26,53518,5,Closed,Commit,2023-05-14,won,2023-05-11,
5429,3475,4907,25,2023-06-21,11877,3,Proposal,Omit,2023-05-27,open,,
5431,1507,6604,27,2023-05-18,15713,3,Proposal,Best Case,2020-01-01,open,,
5448,124,4204,8,2023-04-17,9970,2,Demo,Best Case,2023-05-03,open,,
5450,1692,7128,3,2023-05-25,16084,2,Demo,Commit,2023-06-28,open,,
5466,3281,5152,8,2023-05-15,12645,5,Closed,Commit,2023-05-08,lost,2023-08-18,feature_gap
5468,3175,6073,38,2023-05-04,64472,1,Discovery,Commit,2023-06-14,open,,
5472,110,2183,16,2023-05-16,8976,5,Closed,Commit,2023-04-27,lost,2023-07-18,no_decision
5486,1319,1192,47,2023-04-18,24411,2,Demo,Omit,2023-06-28,open,,
5487,2110,4694,19,2023-06-28,22167,5,Closed,Best Case,2023-05-08,won,2023-07-16,
5494,2481,1374,6,2023-05-24,21922,1,Discovery,Commit,2023-05-02,open,,
5523,3714,4799,39,2023-04-04,16537,1,Discovery,Best Case,2023-04-18,open,,
5529,3722,1560,5,2023-05-15,6012,3,Proposal,Omit,2023-05-10,open,,
5535,1395,6338,1,2023-05-20,69008,5,Closed,Commit,2023-04-01,won,2023-06-05,
5549,1436,1146,25,2023-06-24,9062,2,Demo,Commit,2020-01-01,open,,
5552,1455,7197,39,2023-04-29,87783,2,Demo,Commit,2023-04-15,open,,
5601,802,4883,29,2023-06-19,62095,1,Discovery,Commit,2023-06-08,open,,
5605,2446,303,8,2023-06-30,9728,5,Closed,Commit,2023-06-24,won,2023-10-13,
5608,1275,4902,26,2023-04-09,22047,2,Demo,Commit,2023-05-09,open,,
5609,1555,589,47,2023-04-27,13850,2,Demo,Commit,2023-05-22,open,,
5614,3265,4732,4,2023-05-07,356096,0,Qualification,Best Case,2023-06-11,open,,
5617,635,171,49,2023-04-20,50855,5,Closed,Best Case,2020-01-01,won,2023-08-09,
5631,2540,5448,5,2023-06-02,57783,4,Negotiation,Best Case,2023-04-08,open,,
5638,1059,5706,10,2023-05-30,55306,2,Demo,Omit,2023-04-05,open,,
5644,1068,1357,23,2023-05-29,13875,2,Demo,Commit,2023-04-19,open,,
5650,1358,5821,20,2023-04-23,56751,5,Closed,Omit,2023-05-08,lost,2023-08-01,no_budget
5651,1241,3991,6,2023-05-04,17593,3,Proposal,Best Case,2023-05-09,open,,
5654,3822,5309,9,2023-04-11,18588,5,Closed,Best Case,2023-04-25,won,2023-07-30,
5674,2983,2209,6,2023-06-20,301916,5,Closed,Best Case,2023-05-29,won,2023-09-12,
5675,666,7076,30,2023-04-21,99141,2,Demo,Commit,2023-06-25,open,,
5682,2335,7739,23,2023-06-15,6258,0,Qualification,Commit,2023-06-28,open,,
5683,741,1996,3,2023-04-06,19195,3,Proposal,Omit,2023-06-02,open,,
5685,1804,4476,30,2023-06-30,17370,5,Closed,Commit,2023-05-26,won,2023-09-19,
5700,2754,8056,36,2023-04-11,88312,5,Closed,Commit,2023-06-07,lost,2023-06-09,no_budget
5702,3434,1660,14,2023-05-28,78969,4,Negotiation,Best Case,2023-05-12,open,,
5703,2718,4954,16,2023-06-06,19061,5,Closed,Commit,2023-06-04,won,2023-08-03,
5717,513,759,42,2023-06-17,17679,5,Closed,Omit,2023-06-29,won,2023-07-03,
5719,1512,6459,35,2023-05-13,6962,2,Demo,Commit,2023-05-15,open,,
5721,203,4998,15,2023-04-15,5057,2,Demo,Commit,2023-06-12,open,,
5743,2900,1454,22,2023-05-23,95721,2,Demo,Best Case,2023-06-21,open,,
5751,2652,6853,42,2023-04-15,44198,5,Closed,Best Case,2023-05-08,won,2023-07-02,
5752,1174,5404,1,2023-05-01,57245,1,Discovery,Commit,2020-01-01,open,,
5754,2280,1529,27,2023-06-04,11342,2,Demo,Best Case,2023-04-29,open,,
5767,2460,1234,9,2023-06-12,6858,1,Discovery,Omit,2023-05-02,open,,
5772,3522,7832,10,2023-05-31,86756,2,Demo,Omit,2023-06-03,open,,
5780,205,7400,21,2023-06-09,9786,3,Proposal,Commit,2023-05-21,open,,
5785,2626,7990,40,2023-06-04,18895,5,Closed,Omit,2023-06-19,won,2023-09-23,
5799,350,4192,14,2023-06-12,41804,5,Closed,Best Case,2023-06-05,lost,2023-09-13,no_decision
5802,2360,478,27,2023-04-22,23266,5,Closed,Commit,2023-05-23,won,2023-06-12,
5817,515,2460,25,2023-06-30,22235,4,Negotiation,Best Case,2020-01-01,open,,
5830,1911,7199,39,2023-04-05,10023,3,Proposal,Omit,2020-01-01,open,,
5836,3312,6706,37,2023-06-16,8650,1,Discovery,Omit,2023-04-26,open,,
5838,3287,3226,9,2023-04-09,13449,5,Closed,Omit,2023-06-13,lost,2023-04-18,timing
5856,2803,,1,2023-05-31,22619,5,Closed,Omit,2023-06-21,won,2023-06-27,
5862,1310,1147,26,2023-05-08,8116,1,Discovery,Omit,2023-05-09,open,,
5871,3363,7139,49,2023-05-14,7176,3,Proposal,Commit,2023-04-15,open,,
5882,2753,4925,13,2023-06-13,21616,3,Proposal,Commit,2023-05-30,open,,
5884,1268,4932,50,2023-05-08,8706,5,Closed,Commit,2023-06-21,won,2023-07-26,
5901,1453,5072,34,2023-04-30,23326,1,Discovery,Omit,2023-05-09,open,,
5903,1686,1283,48,2023-04-26,35137,1,Discovery,Best Case,2023-06-30,open,,
5904,139,7184,19,2023-05-31,9813,5,Closed,Omit,2023-04-18,won,2023-09-20,
5906,392,1620,12,2023-06-30,11383,1,Discovery,Best Case,2023-04-14,open,,
5915,2315,4395,10,2023-06-15,23732,2,Demo,Omit,2023-05-23,open,,
5917,1105,2681,13,2023-05-11,12072,5,Closed,Omit,2023-06-24,won,2023-07-22,
5920,3496,7796,16,2023-04-15,44465,2,Demo,Best Case,2023-04-15,open,,
5928,1370,6650,30,2023-05-02,10460,5,Closed,Omit,2023-04-11,won,2023-05-21,
5945,2462,5042,10,2023-04-26,238009,5,Closed,Best Case,2023-06-03,won,2023-07-15,
5947,3882,3969,25,2023-05-15,69054,3,Proposal,Omit,2023-06-28,open,,
5958,147,5084,7,2023-05-05,58789,2,Demo,Best Case,2023-06-24,open,,
5959,2534,2231,35,2023-04-25,15068,5,Closed,Best Case,2023-05-12,won,2023-07-12,
5968,932,6936,38,2023-06-13,11574,5,Closed,Best Case,2023-04-30,won,2023-07-19,
5976,2008,7410,24,2023-04-29,8717,0,Qualification,Omit,2023-05-10,open,,
5996,3473,2711,38,2023-05-12,41557,5,Closed,Omit,2023-04-26,won,2023-08-02,
5999,2522,7517,35,2023-04-19,32582,2,Demo,Commit,2023-04-06,open,,
6000,1452,1894,20,2023-04-25,35312,5,Closed,Omit,2023-05-08,won,2023-05-09,
12,3278,16,19,2023-09-13,254343,5,Closed,Best Case,2020-01-01,won,2023-12-20,
13,3278,16,19,2023-09-09,463213,5,Closed,Commit,2023-08-30,lost,2023-11-02,feature_gap
30,2369,40,4,2023-08-20,65720,1,Discovery,Omit,2023-08-18,open,,
48,747,59,21,2023-07-15,58108,5,Closed,Best Case,2020-01-01,won,2023-08-14,
62,2513,86,44,2023-07-05,7939,5,Closed,Commit,2023-07-13,won,2023-07-13,
63,2513,86,44,2023-07-11,6430,5,Closed,Omit,2023-07-04,won,2023-10-27,
64,2513,86,44,2023-07-04,12231,3,Proposal,Commit,2023-07-18,open,,
65,1665,87,23,2023-08-10,12409,5,Closed,Omit,2023-07-29,won,2023-09-12,
66,1665,87,23,2023-08-06,11126,3,Proposal,Best Case,2023-07-03,open,,
67,1665,87,23,2023-08-11,11301,2,Demo,Commit,2020-01-01,open,,
81,2301,122,25,2023-07-18,339153,2,Demo,Commit,2023-07-18,open,,
82,2301,121,25,2023-07-18,321796,1,Discovery,Omit,2023-07-27,open,,
83,2301,122,25,2023-07-19,256369,3,Proposal,Best Case,2023-09-13,open,,
105,1093,163,1,2023-08-12,64972,2,Demo,Omit,2023-08-28,open,,
106,2406,169,48,2023-07-22,5895,3,Proposal,Omit,2023-09-29,open,,
121,3730,185,5,2023-08-30,14786,5,Closed,Omit,2023-09-08,won,2023-10-22,
122,3730,185,5,2023-09-04,24317,5,Closed,Commit,2020-01-01,won,2023-12-18,
123,3730,185,5,2023-09-05,10582,3,Proposal,Omit,2023-07-05,open,,
124,3730,185,5,2023-09-06,16896,5,Closed,Commit,2020-01-01,won,2023-10-28,
217,1942,331,32,2023-08-21,23210,3,Proposal,Omit,2023-07-11,open,,
244,3019,375,21,2023-08-01,46567,4,Negotiation,Commit,2023-07-21,open,,
245,3019,375,21,2023-07-30,81953,2,Demo,Best Case,2023-07-19,open,,
246,3019,375,21,2023-08-03,36989,2,Demo,Omit,2023-08-05,open,,
247,3019,375,21,2023-08-06,92718,2,Demo,Commit,2020-01-01,open,,
251,207,385,47,2023-07-07,62185,5,Closed,Omit,2023-07-22,won,2023-08-11,
252,207,385,47,2023-07-04,28018,5,Closed,Commit,2023-08-06,won,2023-07-17,
264,1312,398,19,2023-09-17,21466,5,Closed,Commit,2023-09-14,won,2023-10-04,
269,3230,404,27,2023-09-11,73372,5,Closed,Omit,2023-07-14,won,2023-09-30,
274,3642,412,5,2023-09-14,10347,5,Closed,Commit,2020-01-01,won,2023-12-20,
312,201,467,49,2023-08-08,7733,5,Closed,Best Case,2023-07-25,lost,2023-10-18,feature_gap
327,1600,488,11,2023-09-11,11643,2,Demo,Omit,2023-09-07,open,,
328,1600,488,11,2023-09-12,19967,5,Closed,Best Case,2023-09-01,won,2023-10-24,
329,1600,489,11,2023-09-06,22358,4,Negotiation,Best Case,2023-08-14,open,,
356,3986,522,37,2023-09-11,57994,5,Closed,Omit,2023-07-04,won,2023-12-02,
357,1755,524,2,2023-09-11,12981,5,Closed,Omit,2023-09-17,won,2023-12-11,
358,1755,524,2,2023-09-10,5718,5,Closed,Omit,2023-08-30,lost,2023-10-30,no_decision
404,471,607,20,2023-08-20,49773,5,Closed,Omit,2023-08-30,lost,2023-12-08,feature_gap
405,471,607,20,2023-08-15,50366,3,Proposal,Commit,2023-07-01,open,,
419,3980,631,20,2023-08-23,7826,5,Closed,Best Case,2023-08-29,lost,2023-12-08,timing
425,2194,656,46,2023-09-12,66319,1,Discovery,Omit,2023-07-30,open,,
426,2194,657,46,2023-09-16,36119,2,Demo,Commit,2023-08-29,open,,
447,313,693,4,2023-08-30,493888,2,Demo,Omit,2023-07-05,open,,
465,1465,720,16,2023-08-15,10078,5,Closed,Best Case,2023-08-13,lost,2023-11-30,no_budget
466,1465,720,16,2023-08-08,19985,5,Closed,Omit,2023-07-05,won,2023-09-03,
474,3277,729,2,2023-09-13,14580,5,Closed,Commit,2023-09-07,lost,2023-12-10,no_budget
502,1781,776,38,2023-09-10,39923,2,Demo,Commit,2023-08-16,open,,
503,1781,775,38,2023-09-08,51803,1,Discovery,Best Case,2020-01-01,open,,
504,1781,775,38,2023-09-12,88783,2,Demo,Omit,2023-08-17,open,,
514,3285,793,10,2023-09-17,35569,5,Closed,Commit,2023-09-17,won,2023-11-06,
515,3285,794,10,2023-09-13,97711,5,Closed,Best Case,2023-09-03,won,2023-12-29,
530,1163,818,46,2023-08-31,19718,5,Closed,Best Case,2023-07-09,won,2023-11-05,
548,3702,849,19,2023-09-10,24752,3,Proposal,Commit,2023-07-30,open,,
549,3702,849,19,2023-09-08,11473,5,Closed,Best Case,2023-07-06,lost,2024-01-02,no_decision
550,3702,848,19,2023-09-13,13590,5,Closed,Omit,2023-08-22,won,2023-11-10,
551,3702,849,19,2023-09-13,10739,5,Closed,Best Case,2023-09-15,won,2023-11-29,
567,2917,866,29,2023-09-29,37930,1,Discovery,Best Case,2023-09-18,open,,
596,3087,920,17,2023-08-11,8391,5,Closed,Commit,2023-07-31,won,2023-11-21,
597,3087,918,17,2023-08-01,10543,4,Negotiation,Best Case,2023-07-05,open,,
598,3087,918,17,2023-08-03,7817,2,Demo,Commit,2023-07-28,open,,
648,3091,998,9,2023-09-26,14212,3,Proposal,Best Case,2023-08-08,open,,
671,1788,1025,11,2023-09-21,22052,1,Discovery,Best Case,2023-08-22,open,,
672,1788,1024,11,2023-09-19,14362,5,Closed,Commit,2023-08-13,lost,2024-01-02,no_budget
682,2377,1037,23,2023-07-03,22542,5,Closed,Commit,2023-09-05,lost,2023-09-22,no_budget
683,2377,1037,23,2023-07-05,21660,5,Closed,Omit,2023-08-14,won,2023-09-23,
697,1735,1060,14,2023-09-01,21376,3,Proposal,Omit,2023-08-18,open,,
698,1735,1061,14,2023-08-29,19022,5,Closed,Commit,2023-07-25,won,2023-09-09,
707,1290,1072,1,2023-08-28,47076,5,Closed,Omit,2023-07-20,won,2023-09-10,
708,1290,1072,1,2023-08-30,25157,5,Closed,Best Case,2023-08-17,won,2023-12-11,
740,3435,1128,12,2023-07-01,51589,5,Closed,Commit,2023-07-19,won,2023-07-15,
741,3435,1128,12,2023-07-07,44225,5,Closed,Best Case,2023-07-24,won,2023-09-27,
793,3364,1203,3,2023-07-25,23921,2,Demo,Best Case,2023-07-27,open,,
794,3364,1203,3,2023-07-29,13149,5,Closed,Commit,2023-07-11,won,2023-11-18,
795,3364,1203,3,2023-08-03,18576,3,Proposal,Best Case,2023-07-25,open,,
834,1127,1253,9,2023-09-09,22622,2,Demo,Omit,2023-07-07,open,,
835,1127,1253,9,2023-09-12,18854,5,Closed,Best Case,2020-01-01,won,2023-09-23,
843,1360,1267,16,2023-08-08,88915,5,Closed,Best Case,2023-07-20,won,2023-11-07,
844,1360,1267,16,2023-08-10,70968,5,Closed,Best Case,2023-07-05,won,2023-10-22,
927,2698,1395,23,2023-09-28,21720,3,Proposal,Best Case,2023-09-05,open,,
935,10,,37,2023-08-09,9883,2,Demo,Commit,2023-08-11,open,,
936,10,1408,37,2023-08-04,6697,5,Closed,Omit,2023-07-14,won,2023-12-01,
945,2780,1424,5,2023-09-01,12364,5,Closed,Commit,2020-01-01,won,2023-10-02,
992,1139,1488,18,2023-09-16,89058,0,Qualification,Best Case,2023-07-07,open,,
1004,27,1515,48,2023-09-25,24313,2,Demo,Commit,2023-07-04,open,,
1017,3307,1532,5,2023-08-17,6970,5,Closed,Commit,2023-09-07,won,2023-10-29,
1032,2385,1549,27,2023-09-07,14237,5,Closed,Best Case,2023-09-11,won,2023-11-04,
1033,2385,1549,27,2023-09-03,10634,2,Demo,Commit,2023-07-26,open,,
1034,2385,1549,27,2023-09-05,17278,5,Closed,Omit,2023-07-06,won,2023-12-07,
1108,1823,1639,5,2023-07-04,20895,5,Closed,Omit,2023-08-07,lost,2023-07-22,timing
1109,1823,1639,5,2023-07-05,23262,5,Closed,Omit,2023-09-13,won,2023-07-27,
1123,3434,1659,14,2023-08-12,26598,5,Closed,Commit,2023-07-18,lost,2023-11-07,no_budget
1124,3434,1660,14,2023-08-12,78969,5,Closed,Commit,2023-08-31,won,2023-09-16,
1125,3434,1659,14,2023-08-12,87519,2,Demo,Commit,2023-09-04,open,,
1137,2398,1679,27,2023-09-22,52050,5,Closed,Omit,2023-08-30,lost,2023-12-07,feature_gap
1138,2398,1677,27,2023-09-25,43319,5,Closed,Omit,2020-01-01,won,2024-01-17,
1183,451,1727,11,2023-08-14,13641,3,Proposal,Best Case,2023-08-30,open,,
1184,451,1726,11,2023-08-16,5747,5,Closed,Commit,2023-09-11,won,2023-12-12,
1189,1159,1730,35,2023-07-07,347199,2,Demo,Best Case,2023-07-14,open,,
1190,1159,1729,35,2023-07-15,236799,5,Closed,Best Case,2020-01-01,won,2023-09-02,
1191,1159,1730,35,2023-07-09,341016,5,Closed,Omit,2023-09-10,won,2023-10-03,
1291,1985,1867,39,2023-09-14,9966,5,Closed,Commit,2023-09-20,won,2024-01-07,
1329,1153,,19,2023-09-18,480563,5,Closed,Omit,2023-07-30,won,2023-10-07,
1330,1153,1914,19,2023-09-23,286780,1,Discovery,Commit,2023-09-17,open,,
1331,1153,1914,19,2023-09-20,274565,1,Discovery,Commit,2023-07-18,open,,
1332,1153,1914,19,2023-09-19,271925,2,Demo,Omit,2023-08-10,open,,
1333,1153,1915,19,2023-09-24,340648,5,Closed,Omit,2023-07-14,won,2023-11-20,
1365,3873,1957,47,2023-08-07,68484,2,Demo,Best Case,2023-08-09,open,,
1373,1060,1971,27,2023-07-28,74137,2,Demo,Best Case,2023-08-14,open,,
1426,91,2043,50,2023-07-21,65915,5,Closed,Commit,2023-09-24,won,2023-08-06,
1472,1711,2117,49,2023-08-27,15401,3,Proposal,Commit,2023-09-25,open,,
1478,602,2128,25,2023-07-06,7068,1,Discovery,Omit,2023-09-12,open,,
1493,1630,,5,2023-08-03,12969,5,Closed,Best Case,2023-07-05,won,2023-10-25,
1494,1630,2159,5,2023-07-24,20458,5,Closed,Commit,2020-01-01,lost,2023-08-26,no_decision
1501,947,2169,45,2023-07-19,8469,3,Proposal,Omit,2023-07-12,open,,
1502,947,2171,45,2023-07-25,5310,3,Proposal,Best Case,2023-08-25,open,,
1506,110,2183,16,2023-07-18,8976,5,Closed,Best Case,2023-08-29,won,2023-11-10,
1534,789,2235,20,2023-09-03,46537,1,Discovery,Best Case,2023-07-20,open,,
1535,789,2234,20,2023-08-28,52199,1,Discovery,Best Case,2020-01-01,open,,
1536,789,2235,20,2023-08-30,62760,5,Closed,Commit,2023-08-03,won,2023-09-18,
1537,789,2234,20,2023-09-03,45114,5,Closed,Best Case,2023-09-15,won,2023-10-30,
1538,789,2234,20,2023-08-30,69948,5,Closed,Best Case,2023-09-01,won,2023-09-28,
1539,789,2234,20,2023-09-06,40685,5,Closed,Commit,2023-07-31,lost,2023-10-06,no_budget
1563,1944,2274,13,2023-09-13,19852,5,Closed,Best Case,2023-09-13,won,2024-01-07,
1577,1761,2292,14,2023-09-14,87451,4,Negotiation,Best Case,2023-09-29,open,,
1586,791,2310,49,2023-08-22,21355,5,Closed,Commit,2023-08-06,won,2023-12-10,
1587,791,2310,49,2023-08-23,21730,5,Closed,Commit,2023-09-04,won,2023-10-28,
1588,791,2310,49,2023-08-21,14102,1,Discovery,Commit,2023-07-16,open,,
1589,791,2309,49,2023-08-25,22469,5,Closed,Commit,2020-01-01,won,2023-11-19,
1605,3983,2337,19,2023-09-22,59239,3,Proposal,Commit,2023-09-13,open,,
1608,3025,2342,15,2023-08-27,44677,5,Closed,Best Case,2023-07-11,won,2023-11-22,
1609,3025,2343,15,2023-09-01,65728,5,Closed,Best Case,2023-09-17,won,2023-09-06,
1610,3025,2342,15,2023-08-30,35179,5,Closed,Best Case,2023-07-23,won,2023-10-08,
1611,1688,2344,27,2023-08-09,10800,5,Closed,Omit,2023-09-01,won,2023-12-01,
1659,339,2408,11,2023-08-10,15288,5,Closed,Omit,2023-08-30,won,2023-08-23,
1671,960,2444,26,2023-09-21,11420,4,Negotiation,Commit,2020-01-01,open,,
1672,960,2445,26,2023-09-24,11399,5,Closed,Best Case,2020-01-01,won,2023-12-21,
1674,1377,2450,6,2023-07-04,88119,5,Closed,Best Case,2023-07-05,lost,2023-09-04,no_budget
1682,515,2460,25,2023-08-14,22235,3,Proposal,Commit,2023-07-13,open,,
1685,3815,2466,36,2023-09-13,19147,5,Closed,Omit,2023-07-19,won,2023-12-22,
1686,3815,2466,36,2023-09-18,21669,5,Closed,Omit,2023-08-30,lost,2023-11-09,no_decision
1687,1292,2468,12,2023-09-22,74511,1,Discovery,Omit,2023-07-31,open,,
1706,1017,2498,18,2023-07-23,21262,2,Demo,Omit,2023-09-01,open,,
1707,1017,2497,18,2023-07-20,21984,5,Closed,Best Case,2023-09-08,won,2023-10-21,
1719,211,2515,20,2023-09-24,241648,5,Closed,Best Case,2023-08-13,won,2023-12-11,
1720,211,2516,20,2023-09-17,338011,2,Demo,Best Case,2023-09-06,open,,
1721,211,2517,20,2023-09-21,116452,5,Closed,Omit,2023-09-12,won,2023-12-20,
1729,143,2532,33,2023-07-03,20805,5,Closed,Best Case,2023-07-21,won,2023-07-28,
1730,3891,2534,42,2023-09-13,125515,5,Closed,Best Case,2020-01-01,lost,2023-12-02,timing
1731,3891,2535,42,2023-09-10,292013,0,Qualification,Omit,2023-08-21,open,,
1733,982,2540,23,2023-07-18,225585,5,Closed,Commit,2023-09-08,won,2023-09-24,
1734,982,2540,23,2023-07-18,170857,3,Proposal,Commit,2023-08-23,open,,
1735,982,2540,23,2023-07-21,190845,5,Closed,Omit,2020-01-01,lost,2023-09-10,no_budget
1743,1579,2555,30,2023-08-03,60931,4,Negotiation,Omit,2023-08-06,open,,
1744,1579,2553,30,2023-08-06,91313,3,Proposal,Omit,2023-08-14,open,,
1759,98,2587,7,2023-07-19,78196,5,Closed,Commit,2023-09-02,lost,2023-09-06,feature_gap
1766,3944,2601,49,2023-09-02,11966,5,Closed,Commit,2023-07-29,won,2023-10-08,
1793,1921,2650,4,2023-07-26,80656,2,Demo,Omit,2023-09-18,open,,
1794,1921,2652,4,2023-07-26,50265,5,Closed,Omit,2023-08-16,won,2023-10-16,
1801,379,2667,34,2023-09-12,24488,5,Closed,Best Case,2023-07-27,won,2023-09-22,
1817,2716,2688,10,2023-09-30,17690,5,Closed,Best Case,2023-08-28,won,2023-11-04,
1859,520,2745,18,2023-09-29,401903,5,Closed,Omit,2023-08-20,won,2023-12-12,
1907,1575,2820,17,2023-09-22,281662,2,Demo,Omit,2020-01-01,open,,
1966,1550,2901,6,2023-07-04,10105,5,Closed,Commit,2023-08-23,won,2023-07-11,
1967,1550,2901,6,2023-07-11,16595,3,Proposal,Commit,2023-07-01,open,,
1975,460,2912,4,2023-09-11,21447,5,Closed,Best Case,2023-08-06,won,2023-12-09,
1976,460,2913,4,2023-09-15,13735,2,Demo,Commit,2023-08-30,open,,
1977,1354,2915,39,2023-09-05,6463,5,Closed,Commit,2023-07-16,won,2023-10-24,
1984,2906,2927,9,2023-09-10,41191,5,Closed,Best Case,2023-09-18,won,2023-09-24,
1985,2906,2926,9,2023-09-07,68912,5,Closed,Best Case,2023-07-05,won,2023-10-16,
1986,2906,2926,9,2023-09-05,90200,3,Proposal,Commit,2020-01-01,open,,
2016,1830,2978,12,2023-08-05,311610,1,Discovery,Commit,2023-07-12,open,,
2017,1830,2978,12,2023-08-08,405718,3,Proposal,Omit,2023-08-29,open,,
2018,1830,2977,12,2023-08-01,306047,5,Closed,Commit,2020-01-01,lost,2023-10-15,timing
2047,1628,3023,6,2023-09-03,83013,5,Closed,Best Case,2023-07-29,won,2023-11-24,
2048,1628,3023,6,2023-08-29,57301,2,Demo,Omit,2023-08-23,open,,
2066,3270,3046,7,2023-08-11,29229,5,Closed,Best Case,2023-07-06,won,2023-08-27,
2067,3270,3046,7,2023-08-09,44035,5,Closed,Best Case,2020-01-01,lost,2023-12-01,no_decision
2068,3270,3045,7,2023-08-05,52828,5,Closed,Best Case,2023-09-25,won,2023-09-06,
2100,2792,3084,43,2023-07-28,12208,5,Closed,Commit,2023-07-01,won,2023-11-20,
2101,2792,3084,43,2023-07-31,17961,5,Closed,Omit,2023-09-18,won,2023-11-05,
2111,2909,3097,2,2023-08-30,21991,5,Closed,Commit,2023-09-11,won,2023-12-27,
2112,2909,3097,2,2023-08-26,24156,5,Closed,Best Case,2020-01-01,won,2023-10-02,
2113,439,3098,26,2023-08-08,11809,5,Closed,Omit,2023-09-10,won,2023-10-21,
2122,3904,,24,2023-07-30,21544,5,Closed,Commit,2020-01-01,won,2023-08-13,
2123,3904,3107,24,2023-07-25,6849,5,Closed,Omit,2023-07-03,won,2023-11-07,
2137,2357,3125,16,2023-09-09,24732,5,Closed,Best Case,2023-07-19,won,2023-12-05,
2138,2357,3125,16,2023-09-08,16350,3,Proposal,Best Case,2023-09-30,open,,
2145,2042,3137,31,2023-07-20,22092,2,Demo,Commit,2023-08-23,open,,
2146,2042,3136,31,2023-07-14,22309,3,Proposal,Commit,2023-07-22,open,,
2147,2042,3137,31,2023-07-21,15122,4,Negotiation,Best Case,2023-07-29,open,,
2172,3111,3198,14,2023-09-13,9488,5,Closed,Commit,2023-09-13,won,2023-12-05,
2178,2770,3208,19,2023-09-16,5640,1,Discovery,Omit,2023-09-10,open,,
2179,1577,3211,25,2023-07-29,9079,5,Closed,Commit,2023-09-02,won,2023-10-14,
2180,1577,3210,25,2023-08-05,18222,0,Qualification,Best Case,2023-08-28,open,,
2222,1446,3283,37,2023-08-20,21096,2,Demo,Best Case,2023-09-17,open,,
2237,3796,3305,21,2023-08-17,23902,1,Discovery,Omit,2023-07-05,open,,
2238,3796,3305,21,2023-08-19,22974,5,Closed,Omit,2023-07-15,won,2023-11-21,
2249,40,3319,26,2023-08-08,8905,5,Closed,Commit,2023-07-03,lost,2023-09-17,no_decision
2262,3875,3195,9,2023-09-12,13049,1,Discovery,Commit,2023-09-19,open,,
2263,3875,1869,9,2023-09-12,22784,5,Closed,Best Case,2023-09-17,won,2023-11-26,
2324,3577,3437,30,2023-08-18,389436,5,Closed,Best Case,2020-01-01,lost,2023-12-14,feature_gap
2325,3577,3436,30,2023-08-13,112153,5,Closed,Commit,2023-07-15,won,2023-09-28,
2326,3577,3436,30,2023-08-17,196004,3,Proposal,Commit,2023-08-30,open,,
2327,3577,3437,30,2023-08-18,104827,5,Closed,Commit,2020-01-01,won,2023-10-10,
2328,3577,3437,30,2023-08-15,419282,2,Demo,Commit,2023-07-20,open,,
2333,2202,3448,6,2023-07-20,24484,5,Closed,Commit,2023-07-26,lost,2023-10-11,no_decision
2347,2346,3479,48,2023-07-25,12375,5,Closed,Best Case,2020-01-01,lost,2023-09-12,no_budget
2351,3514,3486,20,2023-07-08,57624,5,Closed,Best Case,2023-07-14,won,2023-10-27,
2356,3926,3503,19,2023-07-22,81176,5,Closed,Omit,2023-08-21,won,2023-10-06,
2364,1298,3514,25,2023-08-14,17832,5,Closed,Commit,2023-08-16,won,2023-09-13,
2365,1298,3514,25,2023-08-10,8233,3,Proposal,Commit,2020-01-01,open,,
2374,911,3526,43,2023-08-26,17925,5,Closed,Commit,2023-09-28,lost,2023-11-10,timing
2375,911,3526,43,2023-09-02,8534,5,Closed,Commit,2023-09-08,lost,2023-10-14,no_decision
2376,911,3526,43,2023-08-27,24611,5,Closed,Best Case,2023-08-05,lost,2023-12-14,no_budget
2395,236,,25,2023-07-12,39642,5,Closed,Omit,2023-07-23,won,2023-11-08,
2415,3843,3579,20,2023-07-30,7619,3,Proposal,Omit,2023-07-12,open,,
2416,3843,3578,20,2023-07-27,16363,5,Closed,Best Case,2023-07-23,won,2023-09-09,
2419,680,3583,26,2023-08-10,38018,5,Closed,Best Case,2020-01-01,won,2023-11-14,
2420,680,3582,26,2023-08-14,89657,5,Closed,Commit,2023-09-05,lost,2023-11-07,no_budget
2475,2628,3657,38,2023-07-25,25883,5,Closed,Commit,2023-08-18,lost,2023-10-06,timing
2476,2628,3657,38,2023-07-25,32325,5,Closed,Omit,2023-07-05,won,2023-10-23,
2510,1768,3701,19,2023-08-17,15816,5,Closed,Omit,2023-07-30,lost,2023-12-01,feature_gap
2513,2644,3706,46,2023-07-05,96560,5,Closed,Omit,2023-08-19,won,2023-09-05,
2514,185,3708,19,2023-09-11,12505,5,Closed,Omit,2023-07-15,lost,2023-10-10,no_decision
2515,185,3708,19,2023-09-16,19555,5,Closed,Commit,2023-07-25,won,2023-09-23,
2518,1964,3712,26,2023-09-28,36169,5,Closed,Omit,2023-08-31,lost,2023-12-19,feature_gap
2562,391,3791,8,2023-08-03,8871,4,Negotiation,Best Case,2023-09-07,open,,
2563,391,3791,8,2023-07-26,19933,5,Closed,Commit,2023-08-14,won,2023-09-11,
2564,391,3791,8,2023-07-28,20761,5,Closed,Omit,2020-01-01,won,2023-08-15,
2565,391,3789,8,2023-08-02,13393,5,Closed,Commit,2020-01-01,won,2023-08-29,
2581,2363,3821,3,2023-08-17,38341,5,Closed,Omit,2023-09-06,won,2023-09-20,
2582,2363,3819,3,2023-08-24,61241,5,Closed,Best Case,2023-08-28,won,2023-09-10,
2583,2363,,3,2023-08-23,38827,5,Closed,Omit,2023-07-02,won,2023-09-26,
2584,2363,3821,3,2023-08-23,63967,3,Proposal,Commit,2023-08-30,open,,
2608,3937,3866,21,2023-07-03,11881,5,Closed,Omit,2023-09-13,won,2023-08-07,
2610,610,3870,12,2023-07-04,70560,5,Closed,Commit,2023-09-27,won,2023-09-08,
2622,1080,3886,22,2023-08-08,5518,5,Closed,Commit,2023-07-24,won,2023-10-24,
2641,2676,3912,43,2023-09-29,11817,5,Closed,Commit,2023-09-12,won,2023-10-14,
2642,2676,3912,43,2023-09-28,9854,5,Closed,Omit,2020-01-01,won,2023-11-18,
2654,3948,,17,2023-07-04,9007,2,Demo,Commit,2023-09-23,open,,
2670,3566,3970,27,2023-07-22,7415,5,Closed,Omit,2020-01-01,won,2023-09-27,
2691,1940,3995,38,2023-08-10,15943,1,Discovery,Commit,2023-09-18,open,,
2692,1940,3995,38,2023-08-07,22283,5,Closed,Omit,2023-09-24,lost,2023-08-28,timing
2722,627,4033,17,2023-07-12,69545,5,Closed,Omit,2023-07-16,lost,2023-11-03,no_budget
2723,627,4033,17,2023-07-18,38412,5,Closed,Omit,2023-09-13,won,2023-08-11,
2724,627,4033,17,2023-07-11,64038,5,Closed,Best Case,2023-07-24,won,2023-09-16,
2725,627,4033,17,2023-07-16,70043,5,Closed,Omit,2023-09-07,won,2023-11-09,
2726,3783,4034,34,2023-07-02,16323,5,Closed,Best Case,2023-08-17,won,2023-08-18,
2747,925,4072,35,2023-07-18,11362,5,Closed,Omit,2023-07-11,won,2023-08-30,
2844,3528,4199,44,2023-08-12,12399,5,Closed,Omit,2023-08-05,won,2023-08-29,
2845,3528,4199,44,2023-08-10,6508,5,Closed,Commit,2020-01-01,won,2023-12-07,
2846,3528,4199,44,2023-08-12,15686,0,Qualification,Omit,2023-09-13,open,,
2847,3528,4199,44,2023-08-17,10118,5,Closed,Commit,2023-08-12,won,2023-10-04,
2848,124,4204,8,2023-07-11,9970,5,Closed,Best Case,2023-07-08,won,2023-07-25,
2864,2441,4240,27,2023-08-28,19107,5,Closed,Best Case,2023-08-05,won,2023-11-03,
2869,1505,4245,3,2023-09-07,21994,5,Closed,Omit,2023-08-30,won,2023-10-16,
2870,1505,4247,3,2023-08-30,19323,5,Closed,Commit,2023-09-26,lost,2023-10-16,no_budget
2888,945,4278,24,2023-07-26,13888,5,Closed,Omit,2023-08-20,won,2023-10-07,
2889,945,4278,24,2023-07-26,12404,5,Closed,Commit,2023-08-25,won,2023-10-12,
2905,2426,4302,32,2023-09-07,17145,2,Demo,Commit,2023-08-31,open,,
2906,2426,4302,32,2023-09-09,19782,2,Demo,Best Case,2023-07-23,open,,
2943,751,4349,47,2023-08-13,39190,5,Closed,Best Case,2023-09-13,lost,2023-11-30,feature_gap
2945,2169,4354,19,2023-08-06,13607,3,Proposal,Omit,2023-07-25,open,,
2946,2169,4353,19,2023-08-08,21399,2,Demo,Best Case,2023-08-08,open,,
2947,2169,4354,19,2023-07-31,23942,2,Demo,Commit,2023-09-30,open,,
2953,3301,4359,8,2023-09-01,8917,3,Proposal,Omit,2023-09-07,open,,
2954,3301,4359,8,2023-09-09,8942,2,Demo,Best Case,2023-09-13,open,,
2976,2294,4389,23,2023-07-07,75964,1,Discovery,Best Case,2023-08-08,open,,
2977,2294,4389,23,2023-07-11,45784,5,Closed,Best Case,2023-07-29,won,2023-09-11,
2991,2617,4410,35,2023-07-23,10422,1,Discovery,Commit,2023-07-08,open,,
2992,2617,4409,35,2023-07-18,22692,2,Demo,Commit,2023-09-02,open,,
3000,3770,4430,32,2023-09-30,24147,5,Closed,Omit,2023-07-16,won,2023-10-24,
3032,2961,4495,8,2023-08-14,15690,5,Closed,Omit,2023-07-12,won,2023-09-28,
3033,1342,4496,6,2023-08-27,70795,5,Closed,Best Case,2023-07-31,lost,2023-10-01,timing
3035,1029,4499,13,2023-08-09,19275,5,Closed,Omit,2023-08-05,won,2023-11-19,
3037,1736,4508,17,2023-07-14,24919,3,Proposal,Commit,2023-09-21,open,,
3038,1736,4509,17,2023-07-15,19366,5,Closed,Best Case,2023-09-06,won,2023-08-02,
3049,2674,4532,47,2023-08-17,7021,1,Discovery,Commit,2023-07-14,open,,
3066,3049,4554,6,2023-07-02,21256,5,Closed,Omit,2023-08-20,won,2023-09-02,
3076,3090,4563,25,2023-07-12,17659,2,Demo,Omit,2023-09-12,open,,
3097,888,4590,36,2023-07-21,217124,5,Closed,Commit,2023-08-26,won,2023-10-29,
3098,888,4590,36,2023-07-20,217636,5,Closed,Omit,2023-08-17,won,2023-09-21,
3102,820,4600,17,2023-09-29,19028,5,Closed,Omit,2023-09-03,won,2023-12-06,
3116,1822,4628,13,2023-07-01,95382,5,Closed,Omit,2023-08-14,lost,2023-08-11,timing
3117,1822,4628,13,2023-07-03,41569,3,Proposal,Omit,2023-08-27,open,,
3163,3633,4697,25,2023-07-11,24739,5,Closed,Commit,2023-09-10,lost,2023-07-27,feature_gap
3178,2022,4719,32,2023-09-13,180722,5,Closed,Omit,2023-07-11,won,2023-11-04,
3179,2022,4719,32,2023-09-08,244004,2,Demo,Omit,2023-09-06,open,,
3183,678,,34,2023-09-25,5598,3,Proposal,Omit,2023-08-03,open,,
3184,678,4726,34,2023-09-24,18430,2,Demo,Best Case,2023-07-30,open,,
3185,678,4725,34,2023-09-30,5277,1,Discovery,Commit,2023-08-03,open,,
3186,678,4726,34,2023-09-27,19520,3,Proposal,Best Case,2020-01-01,open,,
3190,3265,4732,4,2023-09-18,356096,5,Closed,Omit,2023-08-03,won,2023-10-26,
3191,3265,4732,4,2023-09-16,173563,5,Closed,Best Case,2023-08-06,won,2023-12-01,
3192,3265,4732,4,2023-09-16,204029,3,Proposal,Omit,2023-09-08,open,,
3193,3265,4732,4,2023-09-17,220554,5,Closed,Best Case,2023-08-21,won,2023-09-23,
3215,2336,4771,22,2023-08-21,10295,2,Demo,Commit,2023-08-17,open,,
3216,2336,,22,2023-08-15,6204,3,Proposal,Commit,2020-01-01,open,,
3217,2336,4772,22,2023-08-16,24508,5,Closed,Best Case,2023-08-12,lost,2023-09-21,no_decision
3251,2050,4827,16,2023-07-29,10083,1,Discovery,Commit,2023-09-08,open,,
3269,2054,4855,13,2023-09-11,16830,5,Closed,Omit,2023-08-15,won,2024-01-03,
3322,1256,4929,32,2023-09-09,86859,3,Proposal,Omit,2020-01-01,open,,
3323,1256,4929,32,2023-08-30,76009,1,Discovery,Omit,2020-01-01,open,,
3324,1256,4929,32,2023-08-31,74002,5,Closed,Commit,2023-09-17,won,2023-10-28,
3325,1256,4930,32,2023-09-06,64775,1,Discovery,Best Case,2023-08-08,open,,
3326,1268,4932,50,2023-08-22,8706,5,Closed,Commit,2020-01-01,won,2023-12-10,
3327,1268,4931,50,2023-08-23,13637,5,Closed,Omit,2023-07-04,lost,2023-09-20,feature_gap
3328,1268,,50,2023-08-17,18238,2,Demo,Best Case,2023-09-12,open,,
3349,70,4955,34,2023-08-08,16823,5,Closed,Best Case,2020-01-01,won,2023-09-16,
3351,742,4966,42,2023-07-01,72761,2,Demo,Best Case,2023-07-29,open,,
3374,1142,5008,24,2023-08-25,17237,3,Proposal,Omit,2023-09-11,open,,
3382,397,5024,13,2023-07-19,26240,5,Closed,Best Case,2023-08-10,won,2023-09-19,
3385,2614,5030,48,2023-08-17,6681,5,Closed,Best Case,2023-09-18,won,2023-11-06,
3394,767,5045,9,2023-07-23,22657,5,Closed,Commit,2023-08-25,won,2023-09-10,
3395,767,5044,9,2023-07-20,6195,3,Proposal,Commit,2023-09-07,open,,
3396,767,5044,9,2023-07-18,13813,5,Closed,Omit,2023-09-24,won,2023-09-01,
3397,767,5045,9,2023-07-24,21172,5,Closed,Omit,2023-08-08,won,2023-09-23,
3445,2880,,47,2023-07-05,17722,3,Proposal,Commit,2023-07-06,open,,
3447,1994,5137,23,2023-08-31,5432,2,Demo,Omit,2023-08-31,open,,
3457,2535,5157,21,2023-09-07,86922,3,Proposal,Omit,2023-07-23,open,,
3458,2535,5159,21,2023-09-06,39294,5,Closed,Commit,2020-01-01,won,2023-11-08,
3460,833,5163,16,2023-08-05,21880,5,Closed,Best Case,2023-08-09,won,2023-09-23,
3468,1863,5171,18,2023-09-20,11858,2,Demo,Best Case,2023-09-22,open,,
3504,2531,5243,11,2023-09-01,21419,5,Closed,Omit,2023-08-14,won,2023-11-27,
3534,640,5283,48,2023-09-10,91927,3,Proposal,Omit,2023-08-30,open,,
3535,640,5283,48,2023-09-12,27509,5,Closed,Best Case,2023-08-02,won,2023-12-21,
3543,920,5300,48,2023-09-16,45553,2,Demo,Omit,2023-08-22,open,,
3557,220,5322,7,2023-09-19,8864,1,Discovery,Commit,2023-07-11,open,,
3558,220,5323,7,2023-09-18,12163,1,Discovery,Commit,2023-08-21,open,,
3559,220,5321,7,2023-09-22,18719,3,Proposal,Best Case,2023-07-04,open,,
3592,2393,5380,22,2023-09-01,51187,5,Closed,Best Case,2023-09-07,won,2023-11-13,
3593,2393,5380,22,2023-09-04,34539,5,Closed,Commit,2023-08-14,won,2023-11-08,
3596,1643,5390,1,2023-08-06,10897,5,Closed,Omit,2023-09-26,won,2023-10-22,
3631,2981,5454,14,2023-09-15,59065,5,Closed,Best Case,2023-08-30,won,2023-12-16,
3644,3746,5477,20,2023-09-21,45933,5,Closed,Best Case,2020-01-01,won,2023-12-14,
3645,1273,5478,39,2023-09-01,24205,5,Closed,Omit,2023-09-12,won,2023-11-24,
3646,2003,5479,23,2023-08-22,14467,1,Discovery,Omit,2023-08-12,open,,
3652,102,5483,15,2023-07-05,11939,3,Proposal,Best Case,2023-07-07,open,,
3653,102,5484,15,2023-07-02,22437,5,Closed,Best Case,2023-08-15,won,2023-08-14,
3677,3570,5521,7,2023-07-15,20110,3,Proposal,Commit,2020-01-01,open,,
3754,974,5637,20,2023-07-23,21494,1,Discovery,Commit,2023-07-21,open,,
3758,2057,5643,23,2023-07-25,418907,3,Proposal,Best Case,2023-08-31,open,,
3759,2057,5641,23,2023-07-27,478132,1,Discovery,Omit,2020-01-01,open,,
3760,2057,5641,23,2023-07-29,494044,2,Demo,Commit,2023-07-20,open,,
3764,1499,5654,30,2023-07-21,6826,2,Demo,Commit,2023-08-26,open,,
3765,1499,5653,30,2023-07-19,12901,4,Negotiation,Best Case,2023-09-22,open,,
3766,1499,5654,30,2023-07-21,21846,5,Closed,Best Case,2023-07-27,won,2023-08-09,
3789,273,5690,13,2023-09-13,5151,5,Closed,Commit,2023-09-13,won,2024-01-09,
3790,273,,13,2023-09-16,20264,5,Closed,Best Case,2020-01-01,lost,2023-12-08,no_budget
3791,273,5690,13,2023-09-19,21201,2,Demo,Commit,2023-09-06,open,,
3801,2859,5703,6,2023-09-16,22410,1,Discovery,Best Case,2023-07-08,open,,
3808,2977,5713,22,2023-09-24,16767,5,Closed,Best Case,2023-07-25,won,2023-10-10,
3809,2977,5713,22,2023-09-26,9264,5,Closed,Omit,2023-08-03,won,2023-11-10,
3810,2977,5713,22,2023-09-18,12871,2,Demo,Best Case,2023-09-07,open,,
3829,150,5751,50,2023-09-14,15530,5,Closed,Omit,2023-07-25,won,2023-11-18,
3832,2422,5761,21,2023-09-15,17715,5,Closed,Best Case,2023-07-08,won,2023-12-29,
3836,56,5765,35,2023-07-17,5381,5,Closed,Best Case,2023-07-27,won,2023-08-09,
3886,1895,5822,2,2023-08-12,9710,1,Discovery,Best Case,2023-09-02,open,,
3903,2757,5863,9,2023-08-30,6336,4,Negotiation,Omit,2020-01-01,open,,
3916,1402,5878,2,2023-09-26,16199,3,Proposal,Omit,2023-07-26,open,,
3950,1596,5924,33,2023-07-21,64240,5,Closed,Omit,2023-08-14,won,2023-10-05,
3951,1596,5923,33,2023-07-27,68738,5,Closed,Commit,2023-07-10,won,2023-09-07,
3952,1596,5923,33,2023-07-25,41885,1,Discovery,Best Case,2023-08-23,open,,
3989,1083,5994,31,2023-09-17,92114,5,Closed,Omit,2023-09-03,won,2023-12-29,
3990,1083,5994,31,2023-09-18,59883,5,Closed,Omit,2023-08-20,lost,2023-12-14,no_decision
4011,807,6037,6,2023-09-17,7959,2,Demo,Best Case,2023-09-14,open,,
4012,807,6038,6,2023-09-17,22123,5,Closed,Best Case,2023-07-31,won,2023-10-08,
4013,500,6040,1,2023-08-12,80791,3,Proposal,Commit,2023-08-21,open,,
4024,3901,6061,13,2023-08-19,18515,5,Closed,Best Case,2023-09-20,won,2023-11-15,
4029,351,6067,39,2023-09-20,25109,5,Closed,Commit,2023-08-22,won,2023-09-25,
4045,3786,6086,24,2023-09-26,16433,5,Closed,Commit,2023-09-10,lost,2024-01-14,no_budget
4054,2865,6108,17,2023-09-09,99379,5,Closed,Best Case,2023-08-22,lost,2023-11-26,feature_gap
4055,2865,6107,17,2023-09-11,58984,3,Proposal,Best Case,2023-07-11,open,,
4056,2865,6108,17,2023-09-04,83568,3,Proposal,Best Case,2023-09-23,open,,
4062,3807,6121,31,2023-07-08,14378,5,Closed,Commit,2020-01-01,won,2023-08-20,
4063,3807,6121,31,2023-07-08,23129,2,Demo,Commit,2023-08-15,open,,
4093,1913,6178,5,2023-07-26,23131,5,Closed,Best Case,2023-07-19,won,2023-11-07,
4100,3286,6183,26,2023-09-19,11948,5,Closed,Best Case,2023-09-10,won,2023-11-03,
4101,3286,6183,26,2023-09-20,14433,3,Proposal,Omit,2023-08-15,open,,
4103,3396,6185,38,2023-07-24,37221,3,Proposal,Omit,2020-01-01,open,,
4104,3396,6185,38,2023-07-26,33060,5,Closed,Best Case,2023-08-20,won,2023-11-03,
4105,3396,6185,38,2023-07-26,65196,5,Closed,Omit,2020-01-01,lost,2023-11-01,no_budget
4113,2803,6204,1,2023-08-12,22619,3,Proposal,Commit,2023-07-06,open,,
4120,584,6222,32,2023-09-24,57969,3,Proposal,Commit,2023-09-21,open,,
4121,584,6222,32,2023-09-21,72591,5,Closed,Omit,2023-08-01,won,2023-10-10,
4122,584,6222,32,2023-09-23,46418,3,Proposal,Commit,2023-07-19,open,,
4148,3338,6264,48,2023-09-03,18414,5,Closed,Best Case,2023-08-13,won,2023-10-16,
4171,3260,6299,6,2023-07-01,6321,5,Closed,Best Case,2023-09-07,lost,2023-08-31,no_budget
4195,790,6334,25,2023-08-23,15252,5,Closed,Commit,2023-07-11,won,2023-11-14,
4281,746,6461,3,2023-07-08,14762,5,Closed,Commit,2023-07-16,won,2023-08-08,
4294,3184,6486,10,2023-07-19,50799,5,Closed,Best Case,2023-08-31,won,2023-09-04,
4295,3184,6487,10,2023-07-28,54912,5,Closed,Commit,2023-09-20,lost,2023-10-25,feature_gap
4307,3942,6501,1,2023-09-28,20506,5,Closed,Commit,2023-09-24,won,2023-10-15,
4321,1162,,2,2023-09-30,14833,3,Proposal,Commit,2023-08-17,open,,
4385,2543,6599,43,2023-08-13,9775,1,Discovery,Best Case,2023-07-20,open,,
4399,2316,6623,47,2023-07-15,16658,5,Closed,Best Case,2023-08-25,won,2023-10-04,
4400,2316,6623,47,2023-07-15,13703,2,Demo,Omit,2023-07-07,open,,
4401,2994,6626,11,2023-07-05,17059,5,Closed,Omit,2023-07-19,won,2023-10-29,
4402,2994,6626,11,2023-07-06,14589,5,Closed,Omit,2023-08-19,lost,2023-09-13,feature_gap
4403,2994,6626,11,2023-07-01,24906,5,Closed,Commit,2023-08-08,won,2023-08-25,
4407,274,6639,5,2023-08-09,268151,2,Demo,Omit,2023-07-23,open,,
4428,682,6658,10,2023-07-26,12349,5,Closed,Commit,2023-08-25,won,2023-10-14,
4429,682,6658,10,2023-07-23,12541,5,Closed,Omit,2023-09-19,won,2023-09-10,
4430,682,6658,10,2023-07-30,15343,0,Qualification,Commit,2023-09-29,open,,
4439,1910,6668,36,2023-08-22,10703,5,Closed,Omit,2023-07-15,won,2023-12-10,
4440,1910,6668,36,2023-08-25,20955,0,Qualification,Best Case,2023-09-10,open,,
4461,416,6695,19,2023-08-05,19627,5,Closed,Omit,2023-08-27,won,2023-09-13,
4462,416,6695,19,2023-08-03,17563,5,Closed,Best Case,2023-07-19,won,2023-11-20,
4489,1376,6731,29,2023-08-17,18511,3,Proposal,Omit,2020-01-01,open,,
4494,155,6737,36,2023-09-11,14378,4,Negotiation,Omit,2023-08-15,open,,
4496,1739,6746,23,2023-09-04,18318,4,Negotiation,Commit,2023-09-13,open,,
4510,869,6772,8,2023-09-30,5362,5,Closed,Commit,2023-09-19,won,2024-01-17,
4522,3666,6781,49,2023-07-31,13065,3,Proposal,Best Case,2023-09-23,open,,
4523,3666,6782,49,2023-07-31,12258,5,Closed,Best Case,2023-07-23,won,2023-11-12,
4524,3666,6781,49,2023-07-31,16079,5,Closed,Omit,2023-09-30,won,2023-11-14,
4531,1188,6789,47,2023-07-05,19985,1,Discovery,Commit,2023-07-16,open,,
4535,2112,6795,38,2023-08-20,12443,5,Closed,Omit,2023-09-22,lost,2023-11-12,no_decision
4536,2112,6795,38,2023-08-17,10354,4,Negotiation,Commit,2023-07-25,open,,
4539,2322,6798,34,2023-07-09,8097,5,Closed,Omit,2023-08-30,won,2023-10-19,
4540,2322,,34,2023-07-19,17182,5,Closed,Omit,2023-09-15,won,2023-07-27,
4568,876,6855,1,2023-09-22,33320,5,Closed,Best Case,2020-01-01,won,2023-10-07,
4569,876,6856,1,2023-09-21,29452,5,Closed,Best Case,2023-07-05,won,2023-10-03,
4589,3603,6879,45,2023-09-13,92685,5,Closed,Commit,2023-07-04,won,2023-12-08,
4646,3296,6955,40,2023-07-02,76340,5,Closed,Best Case,2020-01-01,won,2023-09-24,
4662,2221,6977,8,2023-07-14,358715,2,Demo,Commit,2023-08-25,open,,
4663,2221,6977,8,2023-07-11,126245,5,Closed,Commit,2023-08-06,won,2023-10-14,
4664,117,6980,30,2023-09-07,24798,1,Discovery,Commit,2023-08-30,open,,
4674,2069,6992,19,2023-07-10,32110,1,Discovery,Commit,2020-01-01,open,,
4675,2069,6992,19,2023-07-20,56200,5,Closed,Omit,2023-08-25,lost,2023-10-13,no_decision
4676,2069,6992,19,2023-07-13,28258,3,Proposal,Omit,2023-07-12,open,,
4683,786,7004,22,2023-07-01,13325,5,Closed,Omit,2020-01-01,won,2023-10-25,
4734,666,7076,30,2023-08-05,43769,3,Proposal,Best Case,2023-07-10,open,,
4735,666,7076,30,2023-08-14,99141,3,Proposal,Best Case,2023-07-21,open,,
4738,3126,7081,5,2023-07-19,19117,5,Closed,Best Case,2023-07-03,won,2023-09-12,
4739,3126,7081,5,2023-07-26,10814,2,Demo,Commit,2023-08-19,open,,
4782,863,7163,5,2023-09-22,41622,2,Demo,Best Case,2023-08-12,open,,
4783,863,7163,5,2023-09-17,63099,5,Closed,Commit,2023-08-21,won,2023-10-20,
4786,219,7170,21,2023-07-16,11695,1,Discovery,Omit,2023-08-11,open,,
4787,219,7171,21,2023-07-16,18897,5,Closed,Commit,2023-09-16,won,2023-08-14,
4788,219,7171,21,2023-07-20,21355,4,Negotiation,Best Case,2023-09-04,open,,
4811,889,7211,34,2023-08-02,28091,5,Closed,Commit,2023-08-18,lost,2023-10-02,timing
4812,889,7211,34,2023-08-06,75452,5,Closed,Best Case,2023-08-10,won,2023-10-04,
4813,889,7212,34,2023-07-30,90874,2,Demo,Omit,2023-09-29,open,,
4814,889,7211,34,2023-08-02,49044,5,Closed,Commit,2023-09-24,won,2023-10-20,
4815,889,7212,34,2023-07-28,96953,5,Closed,Best Case,2023-07-18,won,2023-10-16,
4843,1663,7270,39,2023-07-12,64129,5,Closed,Omit,2023-08-05,won,2023-09-16,
4844,1663,7271,39,2023-07-14,51613,5,Closed,Commit,2023-07-02,won,2023-10-24,
4845,1663,7271,39,2023-07-12,31881,5,Closed,Best Case,2023-09-19,won,2023-09-17,
4873,3643,7307,48,2023-09-06,82731,5,Closed,Commit,2023-08-14,won,2023-12-25,
4874,3643,7307,48,2023-09-01,81485,1,Discovery,Commit,2023-07-28,open,,
4875,3643,7307,48,2023-09-08,50584,3,Proposal,Commit,2023-08-29,open,,
4907,2284,7354,16,2023-07-17,6842,5,Closed,Best Case,2020-01-01,won,2023-07-26,
4908,2284,7354,16,2023-07-17,18050,3,Proposal,Best Case,2023-08-07,open,,
4909,992,7357,16,2023-08-10,20212,5,Closed,Commit,2023-07-05,lost,2023-11-16,timing
4910,2246,7358,10,2023-08-01,9805,5,Closed,Omit,2023-07-08,won,2023-11-28,
4911,2246,7358,10,2023-08-06,8280,5,Closed,Commit,2023-09-28,won,2023-08-19,
4920,3674,7377,47,2023-09-17,23274,5,Closed,Best Case,2023-08-21,won,2023-09-25,
4951,278,7415,16,2023-07-13,8523,4,Negotiation,Commit,2023-07-11,open,,
4954,3960,7420,12,2023-09-04,7907,5,Closed,Best Case,2023-08-08,lost,2023-09-16,feature_gap
4955,3960,7420,12,2023-09-06,22797,5,Closed,Omit,2023-07-03,lost,2023-11-21,no_budget
4972,3898,7457,9,2023-08-24,23031,3,Proposal,Best Case,2023-07-09,open,,
4973,3898,7457,9,2023-08-29,15317,5,Closed,Best Case,2020-01-01,won,2023-12-21,
4974,3898,7457,9,2023-08-21,15287,5,Closed,Omit,2023-09-16,lost,2023-09-23,no_decision
5005,1797,7505,31,2023-08-07,32914,2,Demo,Best Case,2023-09-16,open,,
5006,1797,7506,31,2023-08-05,39399,5,Closed,Commit,2023-09-13,won,2023-10-05,
5024,664,7527,27,2023-08-15,12643,5,Closed,Commit,2023-07-04,won,2023-09-13,
5028,1334,7536,25,2023-09-20,23744,2,Demo,Omit,2023-07-05,open,,
5029,1334,7536,25,2023-09-18,13356,5,Closed,Best Case,2023-08-17,lost,2023-12-08,feature_gap
5164,3189,,40,2023-09-07,85041,5,Closed,Commit,2023-09-12,won,2023-10-19,
5165,3189,7743,40,2023-09-04,59289,2,Demo,Best Case,2023-08-24,open,,
5166,3189,7743,40,2023-08-30,27846,5,Closed,Commit,2023-08-17,won,2023-10-21,
5167,3189,7743,40,2023-08-29,63343,1,Discovery,Omit,2023-07-16,open,,
5168,3189,7743,40,2023-08-31,44453,5,Closed,Commit,2020-01-01,won,2023-11-20,
5169,3189,7743,40,2023-09-02,36318,5,Closed,Best Case,2023-07-05,won,2023-10-28,
5170,3189,7743,40,2023-09-03,40465,5,Closed,Commit,2023-09-03,lost,2023-12-09,no_decision
5172,3589,7748,8,2023-07-25,15902,2,Demo,Omit,2023-09-02,open,,
5180,1889,7769,24,2023-07-21,85784,5,Closed,Commit,2023-08-02,lost,2023-08-27,no_decision
5181,1889,7768,24,2023-07-27,52199,1,Discovery,Commit,2023-08-12,open,,
5230,197,7848,47,2023-07-15,13117,3,Proposal,Commit,2023-07-18,open,,
5231,1489,7849,35,2023-07-05,18006,5,Closed,Best Case,2023-07-16,won,2023-09-15,
5237,2875,7864,36,2023-07-07,15887,5,Closed,Omit,2023-07-01,lost,2023-08-08,feature_gap
5253,3820,7892,8,2023-08-18,19855,4,Negotiation,Commit,2023-08-31,open,,
5256,998,7904,38,2023-08-05,21352,1,Discovery,Commit,2023-09-19,open,,
5271,123,7928,23,2023-07-09,18894,5,Closed,Commit,2023-09-09,won,2023-09-07,
5277,353,7934,21,2023-07-16,405385,3,Proposal,Omit,2020-01-01,open,,
5278,353,7934,21,2023-07-08,377459,5,Closed,Commit,2023-08-06,won,2023-09-13,
5279,353,7934,21,2023-07-08,403173,5,Closed,Commit,2023-08-27,lost,2023-07-26,no_decision
5280,1322,7936,4,2023-08-30,12447,3,Proposal,Commit,2020-01-01,open,,
5304,3399,7976,19,2023-07-19,63285,5,Closed,Commit,2023-07-20,won,2023-10-06,
5305,3399,7975,19,2023-07-22,76929,5,Closed,Commit,2023-09-07,lost,2023-08-07,timing
5347,2005,8035,2,2023-08-15,24230,2,Demo,Omit,2023-09-12,open,,
5352,3030,3289,48,2023-07-20,22341,2,Demo,Omit,2023-08-21,open,,
5353,3030,8051,48,2023-07-24,22470,5,Closed,Commit,2023-09-18,won,2023-09-22,
5390,807,6037,6,2023-09-09,7959,5,Closed,Commit,2023-09-29,won,2023-11-18,
5398,2622,4579,38,2023-09-06,7030,5,Closed,Omit,2023-09-06,lost,2023-12-05,feature_gap
5407,2616,6259,22,2023-07-29,19095,5,Closed,Best Case,2023-07-20,won,2023-08-20,
5443,1275,4902,26,2023-08-31,22047,5,Closed,Omit,2023-08-12,won,2023-12-10,
5451,1206,3279,34,2023-09-26,147389,2,Demo,Best Case,2023-08-13,open,,
5453,482,3594,49,2023-07-05,22752,5,Closed,Commit,2020-01-01,won,2023-10-06,
5459,639,3031,40,2023-09-15,92006,5,Closed,Best Case,2023-07-11,won,2023-09-27,
5464,1177,7248,32,2023-07-15,14291,5,Closed,Commit,2023-08-06,lost,2023-10-14,no_budget
5480,784,4643,7,2023-07-19,20388,5,Closed,Omit,2020-01-01,lost,2023-10-05,timing
5481,1630,2159,5,2023-08-25,12969,5,Closed,Best Case,2023-07-22,won,2023-11-06,
5484,923,1185,8,2023-09-24,15670,1,Discovery,Omit,2023-09-22,open,,
5490,802,4883,29,2023-07-06,62095,1,Discovery,Omit,2023-07-20,open,,
5491,3641,726,11,2023-08-19,239220,5,Closed,Best Case,2023-07-29,won,2023-09-25,
5492,2267,7959,49,2023-07-19,8451,2,Demo,Commit,2023-07-13,open,,
5496,1504,1932,10,2023-08-29,21229,5,Closed,Best Case,2023-09-18,won,2023-10-18,
5497,3436,5578,31,2023-07-29,79433,1,Discovery,Best Case,2023-09-21,open,,
5510,1689,4461,44,2023-07-11,11291,5,Closed,Commit,2023-08-05,won,2023-10-05,
5511,563,3361,18,2023-09-17,287161,1,Discovery,Omit,2023-07-24,open,,
5514,3528,4199,44,2023-09-26,12399,5,Closed,Commit,2023-09-07,won,2023-11-28,
5516,1744,7759,33,2023-08-09,7061,5,Closed,Commit,2020-01-01,won,2023-12-04,
5519,418,3035,43,2023-08-25,9046,1,Discovery,Commit,2023-09-11,open,,
5531,51,592,29,2023-08-31,21739,3,Proposal,Commit,2023-07-21,open,,
5583,2861,6369,42,2023-09-25,74444,1,Discovery,Omit,2023-09-20,open,,
5594,956,4734,3,2023-09-25,14086,1,Discovery,Commit,2023-07-31,open,,
5596,3,494,18,2023-07-16,5731,5,Closed,Best Case,2023-08-08,won,2023-08-30,
5612,3960,7420,12,2023-08-22,22797,5,Closed,Commit,2023-08-21,won,2023-12-10,
5620,2727,4330,47,2023-08-21,34077,3,Proposal,Best Case,2023-07-09,open,,
5623,2549,3762,32,2023-08-24,6651,5,Closed,Omit,2023-07-02,won,2023-09-27,
5630,791,2310,49,2023-08-28,21355,5,Closed,Best Case,2023-08-05,won,2023-11-26,
5639,3920,7475,26,2023-08-04,35729,5,Closed,Omit,2023-08-04,won,2023-10-19,
5645,2310,7932,24,2023-08-23,68774,1,Discovery,Commit,2023-09-10,open,,
5652,1925,3059,16,2023-08-14,55324,5,Closed,Best Case,2023-09-07,won,2023-09-08,
5661,1222,5776,17,2023-08-03,24584,5,Closed,Best Case,2023-07-14,won,2023-09-09,
5663,3720,3331,26,2023-09-07,21311,5,Closed,Commit,2023-09-06,won,2023-10-04,
5664,2154,3069,12,2023-07-03,22495,5,Closed,Commit,2023-07-21,won,2023-08-04,
5666,1128,3843,10,2023-09-06,22373,3,Proposal,Commit,2023-09-15,open,,
5679,3128,1482,12,2023-08-23,16688,3,Proposal,Omit,2023-09-02,open,,
5691,1382,1016,34,2023-08-28,11218,2,Demo,Omit,2023-09-07,open,,
5692,3189,7743,40,2023-08-18,40465,5,Closed,Best Case,2023-09-15,won,2023-12-07,
5699,2736,4374,47,2023-08-08,6079,5,Closed,Commit,2023-08-20,lost,2023-09-18,no_budget
5709,2062,5391,3,2023-08-18,19210,5,Closed,Commit,2023-08-29,won,2023-08-31,
5712,135,1955,37,2023-07-05,35659,3,Proposal,Best Case,2023-07-01,open,,
5732,3663,5013,17,2023-07-27,19939,3,Proposal,Best Case,2023-08-12,open,,
5746,2225,6617,8,2023-07-22,42623,5,Closed,Best Case,2023-08-03,won,2023-10-09,
5750,1098,5166,40,2023-07-06,8122,5,Closed,Best Case,2023-09-21,lost,2023-09-15,no_budget
5755,3960,7420,12,2023-08-27,22797,0,Qualification,Best Case,2023-08-17,open,,
5770,2767,1688,14,2023-07-13,22752,5,Closed,Commit,2023-09-08,lost,2023-10-18,no_decision
5775,2288,4466,35,2023-07-25,20469,5,Closed,Omit,2023-07-21,won,2023-09-07,
5777,3324,6935,4,2023-07-25,42005,5,Closed,Best Case,2023-07-30,lost,2023-09-27,timing
5782,2161,7498,15,2023-08-13,17132,5,Closed,Commit,2023-09-10,won,2023-09-21,
5786,1806,4728,47,2023-07-27,16676,5,Closed,Best Case,2020-01-01,won,2023-08-11,
5787,3039,3356,17,2023-07-11,24817,2,Demo,Omit,2023-09-20,open,,
5790,2935,6241,36,2023-07-12,18652,5,Closed,Commit,2023-08-13,won,2023-08-09,
5800,3937,3866,21,2023-07-20,11881,5,Closed,Omit,2020-01-01,won,2023-09-03,
5812,2417,2608,44,2023-09-13,21751,5,Closed,Commit,2023-08-15,won,2023-11-11,
5819,2515,5224,21,2023-08-27,22656,3,Proposal,Commit,2023-08-28,open,,
5829,978,4164,27,2023-08-08,14634,5,Closed,Omit,2023-09-22,won,2023-11-10,
5845,627,4033,17,2023-07-30,64038,2,Demo,Commit,2023-08-08,open,,
5848,1336,5896,39,2023-08-27,50567,5,Closed,Omit,2023-09-13,won,2023-12-14,
5863,527,7032,26,2023-08-07,37889,5,Closed,Omit,2023-07-29,lost,2023-10-23,no_budget
5864,2214,5625,11,2023-07-24,70369,2,Demo,Commit,2023-09-15,open,,
5881,3109,3387,4,2023-09-23,23970,5,Closed,Best Case,2020-01-01,won,2023-10-19,
5885,3317,254,27,2023-07-24,8433,2,Demo,Omit,2023-07-05,open,,
5913,3077,6016,33,2023-09-02,80769,5,Closed,Best Case,2023-07-03,won,2023-12-09,
5925,3710,2060,7,2023-09-12,23169,5,Closed,Commit,2023-09-24,won,2023-10-08,
5929,908,6760,8,2023-09-24,24320,5,Closed,Commit,2023-09-13,lost,2023-10-15,no_decision
5936,2674,4532,47,2023-07-27,7021,5,Closed,Commit,2023-08-08,lost,2023-11-15,timing
5939,324,4474,27,2023-07-14,24021,5,Closed,Best Case,2023-07-02,won,2023-08-07,
5944,1547,336,44,2023-07-11,10684,1,Discovery,Omit,2023-08-03,open,,
5949,2441,4240,27,2023-07-11,19107,3,Proposal,Omit,2023-07-29,open,,
5962,2722,8006,16,2023-09-30,19876,4,Negotiation,Best Case,2023-07-29,open,,
5970,3850,2817,1,2023-07-07,22172,5,Closed,Best Case,2020-01-01,won,2023-10-14,
5980,3702,849,19,2023-08-31,10739,5,Closed,Best Case,2020-01-01,lost,2023-10-08,no_decision
5991,1301,2700,10,2023-07-23,17442,2,Demo,Best Case,2023-08-23,open,,
5992,473,4256,39,2023-07-08,5205,3,Proposal,Omit,2023-07-11,open,,
17,1327,23,19,2023-12-07,34349,5,Closed,Omit,2023-11-09,won,2024-02-16,
18,1327,24,19,2023-12-05,99618,5,Closed,Best Case,2020-01-01,lost,2024-02-13,no_decision
28,334,37,33,2023-11-27,17335,5,Closed,Commit,2023-10-30,won,2024-01-19,
29,334,36,33,2023-11-28,18620,0,Qualification,Commit,2023-12-25,open,,
47,1522,57,17,2023-11-27,25396,5,Closed,Omit,2023-11-26,won,2024-01-09,
61,900,84,16,2023-10-22,38481,5,Closed,Commit,2023-10-28,won,2023-11-04,
127,1240,191,20,2023-11-10,39202,5,Closed,Omit,2023-11-30,won,2024-02-20,
141,1785,235,35,2023-12-21,12414,5,Closed,Omit,2023-10-17,won,2024-04-10,
148,2656,241,9,2023-12-06,23885,5,Closed,Omit,2020-01-01,won,2024-03-03,
149,2656,241,9,2023-12-10,13031,5,Closed,Best Case,2023-11-09,won,2024-01-07,
165,3554,259,36,2023-11-21,23579,5,Closed,Omit,2023-10-18,lost,2024-01-12,no_budget
166,3554,261,36,2023-11-22,20798,5,Closed,Omit,2023-11-11,won,2024-02-23,
167,3554,260,36,2023-11-30,8649,5,Closed,Commit,2023-12-01,won,2024-02-13,
169,2507,264,20,2023-10-22,87285,5,Closed,Best Case,2023-10-22,won,2023-11-01,
180,2375,276,20,2023-12-25,280818,1,Discovery,Commit,2023-11-10,open,,
181,2375,276,20,2023-12-26,470446,5,Closed,Commit,2023-11-02,won,2024-04-09,
182,2375,276,20,2023-12-25,302594,2,Demo,Omit,2023-12-10,open,,
183,2375,276,20,2023-12-31,332049,3,Proposal,Best Case,2023-10-10,open,,
224,3523,339,15,2023-11-11,15510,3,Proposal,Best Case,2020-01-01,open,,
226,683,344,30,2023-12-21,68603,3,Proposal,Best Case,2023-12-28,open,,
238,1233,367,29,2023-12-02,11002,5,Closed,Best Case,2023-12-31,won,2024-01-20,
239,1233,365,29,2023-12-02,10751,5,Closed,Commit,2023-12-02,won,2023-12-12,
257,941,391,5,2023-11-06,21625,5,Closed,Omit,2020-01-01,won,2023-12-04,
258,941,391,5,2023-11-12,15067,5,Closed,Best Case,2023-11-30,won,2024-02-16,
259,941,390,5,2023-11-12,10587,1,Discovery,Omit,2023-12-02,open,,
261,3830,396,1,2023-10-12,19289,2,Demo,Commit,2023-12-04,open,,
262,3830,395,1,2023-10-09,17034,5,Closed,Best Case,2023-11-20,won,2024-01-29,
263,3830,395,1,2023-10-02,23719,5,Closed,Omit,2023-11-26,won,2024-01-01,
276,3136,420,22,2023-10-13,16893,5,Closed,Best Case,2023-10-29,won,2023-12-13,
277,3136,420,22,2023-10-10,5137,5,Closed,Best Case,2023-10-18,won,2023-12-15,
322,3445,482,12,2023-11-02,19370,5,Closed,Omit,2023-12-20,won,2023-11-07,
323,3445,482,12,2023-11-07,8819,2,Demo,Omit,2023-10-22,open,,
324,1773,483,34,2023-10-11,29774,5,Closed,Best Case,2020-01-01,lost,2023-12-28,feature_gap
325,1836,485,29,2023-12-07,72392,3,Proposal,Omit,2020-01-01,open,,
335,663,498,34,2023-10-16,15716,2,Demo,Omit,2023-10-16,open,,
336,663,496,34,2023-10-11,23756,5,Closed,Commit,2023-11-29,won,2023-11-17,
337,663,498,34,2023-10-12,24839,5,Closed,Commit,2023-12-02,won,2023-11-25,
338,663,497,34,2023-10-09,6791,5,Closed,Omit,2023-10-22,won,2024-01-12,
339,663,498,34,2023-10-16,14986,5,Closed,Commit,2023-11-09,lost,2023-12-21,timing
368,461,542,39,2023-12-10,50621,3,Proposal,Omit,2023-12-24,open,,
370,3561,554,48,2023-11-13,9478,5,Closed,Omit,2023-10-29,won,2023-12-06,
371,3561,554,48,2023-11-07,5354,5,Closed,Best Case,2020-01-01,won,2024-01-20,
372,44,556,33,2023-10-18,18828,5,Closed,Commit,2023-10-03,won,2024-02-03,
373,44,555,33,2023-10-20,10291,5,Closed,Best Case,2023-11-27,won,2024-02-11,
379,326,566,8,2023-11-25,6886,5,Closed,Omit,2020-01-01,won,2024-01-10,
384,2953,579,15,2023-11-01,90529,3,Proposal,Best Case,2020-01-01,open,,
385,2953,579,15,2023-11-04,46152,5,Closed,Omit,2023-12-19,won,2024-01-16,
386,2953,579,15,2023-11-04,74477,5,Closed,Commit,2023-12-31,won,2024-01-23,
387,2953,578,15,2023-11-02,52217,5,Closed,Omit,2023-10-10,won,2024-01-07,
391,1555,589,47,2023-10-12,13850,5,Closed,Best Case,2023-12-01,won,2023-10-18,
412,1160,616,23,2023-11-29,8004,5,Closed,Best Case,2023-10-29,won,2023-12-17,
413,1160,616,23,2023-12-03,21371,3,Proposal,Best Case,2023-10-24,open,,
421,2061,645,6,2023-12-31,29932,3,Proposal,Best Case,2023-10-07,open,,
450,2967,696,33,2023-11-21,15509,5,Closed,Commit,2020-01-01,won,2024-03-03,
462,1353,718,46,2023-10-23,19810,5,Closed,Omit,2023-10-19,won,2024-01-26,
463,1353,718,46,2023-10-26,13833,2,Demo,Commit,2023-10-23,open,,
484,121,744,24,2023-11-29,76331,2,Demo,Omit,2023-12-02,open,,
485,121,745,24,2023-11-22,51358,5,Closed,Best Case,2020-01-01,won,2024-01-03,
522,530,802,27,2023-12-29,38211,5,Closed,Best Case,2023-10-16,won,2024-02-11,
523,2465,806,1,2023-11-18,42196,5,Closed,Best Case,2023-11-15,won,2023-12-14,
543,3466,840,23,2023-11-23,12841,3,Proposal,Best Case,2020-01-01,open,,
568,2917,867,29,2023-10-09,67318,5,Closed,Omit,2023-12-14,won,2023-10-25,
577,2696,884,29,2023-10-25,40567,3,Proposal,Omit,2020-01-01,open,,
590,200,911,3,2023-12-13,18190,5,Closed,Omit,2023-11-13,won,2024-01-20,
599,382,922,13,2023-12-23,18910,5,Closed,Commit,2023-11-04,lost,2024-01-30,no_budget
602,1325,929,32,2023-12-06,50459,5,Closed,Omit,2020-01-01,won,2024-01-12,
603,1325,929,32,2023-11-30,82208,5,Closed,Commit,2023-11-28,won,2023-12-19,
604,1325,929,32,2023-12-01,37905,5,Closed,Best Case,2023-10-31,won,2023-12-30,
605,1325,928,32,2023-12-03,35260,2,Demo,Best Case,2023-12-07,open,,
613,3838,946,40,2023-11-01,13048,5,Closed,Commit,2023-11-03,won,2023-11-08,
642,2308,991,11,2023-11-30,88692,2,Demo,Best Case,2023-10-16,open,,
643,2308,991,11,2023-12-02,56575,5,Closed,Best Case,2023-10-13,won,2024-02-03,
644,2308,991,11,2023-12-02,96046,1,Discovery,Omit,2023-12-04,open,,
645,2308,,11,2023-11-27,81137,1,Discovery,Omit,2023-10-11,open,,
700,709,1065,32,2023-12-24,17153,5,Closed,Omit,2023-12-03,won,2024-04-15,
701,709,1065,32,2023-12-19,15071,0,Qualification,Best Case,2023-11-01,open,,
702,2527,1070,17,2023-10-18,8180,5,Closed,Omit,2023-10-19,won,2023-12-02,
703,2527,1070,17,2023-10-23,7340,5,Closed,Commit,2023-11-07,lost,2024-02-19,feature_gap
704,2527,1069,17,2023-10-20,22340,5,Closed,Omit,2023-12-02,lost,2023-11-02,no_decision
705,2527,1070,17,2023-10-19,13103,2,Demo,Commit,2023-11-03,open,,
706,2527,1069,17,2023-10-23,10165,5,Closed,Omit,2023-10-04,won,2023-11-01,
759,32,1153,29,2023-11-03,77277,5,Closed,Best Case,2020-01-01,lost,2024-01-03,feature_gap
760,32,1153,29,2023-11-04,48136,1,Discovery,Commit,2023-11-09,open,,
761,32,1153,29,2023-11-03,71560,5,Closed,Omit,2023-10-24,won,2024-02-16,
762,32,1152,29,2023-11-03,57385,5,Closed,Best Case,2023-11-03,lost,2023-11-18,timing
768,1933,1167,1,2023-11-12,21962,5,Closed,Omit,2023-10-03,won,2024-01-26,
775,1111,1180,1,2023-10-03,21035,4,Negotiation,Commit,2023-12-05,open,,
785,1904,1194,50,2023-11-03,17313,5,Closed,Best Case,2023-12-18,won,2023-11-13,
786,33,1196,19,2023-10-04,24187,5,Closed,Best Case,2023-11-22,won,2023-10-21,
856,1686,1283,48,2023-10-22,67153,5,Closed,Commit,2020-01-01,won,2023-11-05,
857,1686,1283,48,2023-10-16,80442,2,Demo,Best Case,2023-11-10,open,,
858,1686,1283,48,2023-10-24,35137,5,Closed,Omit,2023-12-16,won,2024-01-06,
859,1686,1283,48,2023-10-25,69777,2,Demo,Commit,2020-01-01,open,,
877,1748,1318,9,2023-11-12,16279,5,Closed,Omit,2020-01-01,won,2023-11-18,
881,3347,1327,32,2023-11-14,17695,3,Proposal,Commit,2023-11-16,open,,
884,1975,1337,30,2023-12-31,36224,5,Closed,Best Case,2023-11-15,won,2024-04-23,
889,2299,1343,7,2023-12-31,206156,5,Closed,Commit,2023-10-18,lost,2024-03-26,no_decision
890,2299,1343,7,2023-12-27,392765,5,Closed,Commit,2023-12-10,won,2024-02-03,
937,2094,1410,33,2023-11-06,147896,3,Proposal,Commit,2023-10-19,open,,
938,2094,1410,33,2023-11-11,286286,5,Closed,Omit,2023-12-13,won,2024-01-18,
952,2496,1445,35,2023-10-27,86722,5,Closed,Commit,2023-11-14,won,2024-01-23,
953,2496,1444,35,2023-11-04,96192,5,Closed,Omit,2023-11-05,won,2023-12-23,
966,1812,1464,30,2023-12-02,20827,3,Proposal,Commit,2023-11-11,open,,
967,1812,1463,30,2023-12-04,7816,5,Closed,Commit,2023-10-09,lost,2024-03-10,no_decision
969,1651,1467,29,2023-10-14,84266,5,Closed,Best Case,2023-10-02,won,2023-11-23,
981,745,1481,43,2023-10-14,22843,5,Closed,Best Case,2023-12-27,won,2023-12-30,
982,745,1481,43,2023-10-22,19016,1,Discovery,Commit,2023-12-03,open,,
995,3316,1496,39,2023-12-17,12811,5,Closed,Best Case,2023-12-14,lost,2024-01-08,no_budget
1003,27,1515,48,2023-10-02,15148,5,Closed,Omit,2020-01-01,won,2024-01-26,
1018,3676,1533,31,2023-12-08,19613,3,Proposal,Best Case,2023-10-04,open,,
1031,1971,1547,35,2023-12-06,13035,2,Demo,Best Case,2023-12-03,open,,
1041,3722,1560,5,2023-10-28,6012,1,Discovery,Commit,2023-11-30,open,,
1063,921,1591,18,2023-12-11,111629,2,Demo,Omit,2020-01-01,open,,
1064,921,1591,18,2023-12-10,213767,5,Closed,Omit,2023-10-22,won,2024-01-12,
1065,921,1591,18,2023-12-15,237986,1,Discovery,Commit,2023-12-05,open,,
1071,1722,1599,21,2023-10-15,22107,5,Closed,Omit,2023-10-19,won,2023-11-18,
1079,2416,1608,26,2023-10-07,14304,5,Closed,Omit,2023-10-11,won,2023-12-31,
1080,2416,1608,26,2023-10-07,5614,5,Closed,Commit,2023-12-27,won,2023-11-19,
1099,1824,1632,47,2023-10-03,19480,5,Closed,Omit,2023-11-30,lost,2023-10-17,no_budget
1100,1824,1632,47,2023-10-04,23517,5,Closed,Best Case,2023-11-16,won,2023-12-06,
1156,3506,1700,19,2023-11-17,41789,5,Closed,Commit,2023-11-01,won,2024-01-04,
1157,3356,1701,16,2023-11-14,78566,5,Closed,Commit,2020-01-01,won,2024-03-02,
1158,3356,1701,16,2023-11-14,77657,5,Closed,Commit,2020-01-01,won,2024-02-03,
1199,234,1740,22,2023-11-30,70524,2,Demo,Commit,2023-12-17,open,,
1200,234,1740,22,2023-11-30,29021,5,Closed,Omit,2023-10-12,won,2024-03-21,
1201,234,1740,22,2023-11-28,93021,1,Discovery,Commit,2023-12-08,open,,
1221,506,1760,33,2023-11-29,21466,5,Closed,Omit,2023-11-12,lost,2024-01-03,timing
1234,2017,1783,47,2023-12-18,8960,5,Closed,Best Case,2020-01-01,won,2024-02-26,
1235,2017,1784,47,2023-12-10,6429,2,Demo,Omit,2023-12-29,open,,
1240,2470,1790,25,2023-12-01,17887,5,Closed,Commit,2020-01-01,lost,2024-02-10,feature_gap
1292,394,1869,20,2023-10-21,14223,5,Closed,Best Case,2023-10-09,won,2024-01-10,
1374,3547,8084,35,2023-11-08,17278,1,Discovery,Commit,2023-11-28,open,,
1375,3547,8084,35,2023-11-05,5061,5,Closed,Best Case,2023-12-08,won,2024-02-17,
1479,1845,2129,37,2023-10-10,8831,2,Demo,Best Case,2023-10-13,open,,
1491,3158,2157,45,2023-10-20,76336,1,Discovery,Best Case,2020-01-01,open,,
1492,3158,2157,45,2023-10-19,31125,3,Proposal,Best Case,2023-12-26,open,,
1508,3076,2193,38,2023-10-18,225448,2,Demo,Omit,2023-11-19,open,,
1509,3076,2193,38,2023-10-22,127747,1,Discovery,Omit,2023-11-02,open,,
1515,748,2200,25,2023-10-20,5685,3,Proposal,Commit,2023-12-16,open,,
1549,3550,2255,13,2023-11-05,16084,2,Demo,Commit,2023-11-09,open,,
1564,1257,2275,13,2023-12-10,5868,5,Closed,Commit,2020-01-01,won,2024-01-08,
1565,1257,2275,13,2023-12-13,13791,5,Closed,Omit,2023-10-14,won,2024-03-25,
1601,1359,2327,13,2023-12-04,286020,1,Discovery,Omit,2023-10-04,open,,
1626,1878,2364,33,2023-12-13,86433,4,Negotiation,Omit,2023-11-03,open,,
1627,1878,2364,33,2023-12-05,95101,5,Closed,Best Case,2023-12-13,won,2024-03-26,
1645,2399,2385,30,2023-12-05,5422,5,Closed,Omit,2020-01-01,won,2024-02-20,
1646,2399,2385,30,2023-11-30,16424,1,Discovery,Commit,2023-10-03,open,,
1647,2399,2386,30,2023-12-02,24193,5,Closed,Omit,2023-11-13,won,2024-01-25,
1684,88,2464,31,2023-10-04,22273,5,Closed,Commit,2023-11-09,won,2024-01-27,
1695,2597,2478,34,2023-12-13,20673,5,Closed,Omit,2023-10-17,won,2023-12-26,
1698,1459,2485,45,2023-11-09,19130,5,Closed,Commit,2023-11-25,won,2023-12-11,
1699,1459,2484,45,2023-11-11,13632,5,Closed,Best Case,2023-11-22,won,2024-01-04,
1702,575,2492,2,2023-10-31,72681,5,Closed,Omit,2023-12-05,won,2024-01-31,
1703,575,2492,2,2023-10-30,80976,5,Closed,Commit,2023-11-18,won,2023-12-14,
1711,3297,2505,34,2023-11-08,93612,5,Closed,Commit,2020-01-01,lost,2023-12-14,timing
1712,3297,2505,34,2023-11-05,39013,5,Closed,Best Case,2023-11-09,won,2024-01-09,
1714,1804,3041,30,2023-11-28,12528,5,Closed,Best Case,2023-10-11,lost,2024-01-13,no_budget
1715,1804,8047,30,2023-11-29,17370,5,Closed,Omit,2023-10-20,lost,2024-02-28,no_decision
1736,3080,2541,30,2023-12-13,78116,2,Demo,Commit,2023-10-02,open,,
1737,3080,2541,30,2023-12-05,64298,5,Closed,Omit,2023-12-03,lost,2024-03-20,no_decision
1738,3080,2542,30,2023-12-14,41145,2,Demo,Omit,2023-12-10,open,,
1742,419,2551,46,2023-12-02,8522,5,Closed,Best Case,2023-11-01,won,2024-01-15,
1769,3504,2606,27,2023-12-17,5630,1,Discovery,Omit,2023-12-25,open,,
1816,2716,2687,10,2023-10-07,10270,5,Closed,Best Case,2023-12-25,won,2023-12-29,
1818,2716,2687,10,2023-10-04,24608,5,Closed,Best Case,2023-12-23,lost,2024-01-19,feature_gap
1825,1301,2700,10,2023-11-23,17442,1,Discovery,Commit,2023-12-07,open,,
1829,2401,2708,5,2023-12-13,40743,5,Closed,Best Case,2020-01-01,won,2024-01-07,
1830,2401,2708,5,2023-12-14,73876,5,Closed,Omit,2023-10-22,won,2024-03-12,
1834,2479,2715,38,2023-12-02,16480,5,Closed,Commit,2023-10-26,won,2023-12-15,
1835,2479,2715,38,2023-11-24,10708,3,Proposal,Best Case,2023-11-25,open,,
1864,1892,2754,23,2023-10-19,409987,5,Closed,Omit,2023-11-30,won,2023-10-25,
1882,2545,2773,37,2023-10-01,19643,5,Closed,Omit,2023-12-04,lost,2023-11-13,no_budget
1888,1131,2779,21,2023-11-20,41035,5,Closed,Omit,2023-11-17,won,2024-02-29,
1910,3358,2825,37,2023-10-23,12734,5,Closed,Best Case,2023-10-30,won,2024-01-10,
1911,3358,2825,37,2023-11-02,16747,5,Closed,Best Case,2023-11-15,won,2023-11-18,
1978,3151,2919,19,2023-11-03,98244,5,Closed,Best Case,2023-11-23,lost,2023-11-26,no_decision
1979,3151,2920,19,2023-11-01,42344,5,Closed,Commit,2023-11-02,won,2024-01-30,
1993,2862,2942,20,2023-10-19,172090,5,Closed,Omit,2023-11-15,won,2024-02-12,
1994,2862,2941,20,2023-10-10,435702,5,Closed,Commit,2023-10-19,lost,2023-10-16,feature_gap
1995,1879,2947,40,2023-11-20,8603,1,Discovery,Best Case,2023-11-10,open,,
2001,2038,2951,9,2023-11-09,5824,2,Demo,Commit,2023-12-18,open,,
2002,2038,2951,9,2023-11-12,17737,1,Discovery,Omit,2020-01-01,open,,
2009,2733,2965,10,2023-11-09,8464,5,Closed,Commit,2023-11-11,won,2023-11-21,
2010,2430,2971,49,2023-10-14,77284,5,Closed,Commit,2023-11-22,won,2023-11-27,
2011,2430,2971,49,2023-10-22,42824,2,Demo,Omit,2023-11-06,open,,
2012,2430,2972,49,2023-10-13,69180,5,Closed,Omit,2023-10-13,lost,2024-02-07,no_decision
2020,2285,2983,34,2023-12-01,16473,5,Closed,Commit,2023-10-10,won,2024-03-09,
2061,3574,3038,35,2023-11-19,34941,5,Closed,Commit,2023-12-25,won,2024-02-23,
2065,3656,3044,31,2023-12-10,11743,5,Closed,Best Case,2023-11-17,lost,2024-03-09,timing
2109,1726,3095,4,2023-10-27,7126,5,Closed,Commit,2023-12-16,won,2023-11-04,
2110,1726,3095,4,2023-10-28,19376,2,Demo,Omit,2023-10-04,open,,
2156,2418,3155,21,2023-11-07,33481,3,Proposal,Omit,2023-11-26,open,,
2159,744,3167,44,2023-10-22,13275,5,Closed,Commit,2023-11-17,won,2024-02-17,
2174,3026,3202,29,2023-11-25,144801,2,Demo,Best Case,2023-11-25,open,,
2175,3026,3201,29,2023-11-22,147027,1,Discovery,Commit,2023-10-18,open,,
2181,3378,3214,7,2023-11-25,41857,2,Demo,Commit,2023-12-25,open,,
2196,400,3245,23,2023-11-11,7403,5,Closed,Commit,2023-12-19,won,2023-12-13,
2197,400,3246,23,2023-11-05,18287,5,Closed,Commit,2023-11-30,lost,2023-12-07,no_budget
2198,400,3245,23,2023-11-10,18852,3,Proposal,Commit,2023-11-06,open,,
2228,295,3293,24,2023-12-16,9742,5,Closed,Omit,2023-10-07,lost,2024-03-04,no_budget
2229,177,3296,45,2023-10-17,78247,5,Closed,Best Case,2023-10-09,lost,2023-10-25,timing
2230,177,3297,45,2023-10-16,81087,2,Demo,Best Case,2020-01-01,open,,
2231,177,3298,45,2023-10-17,80775,5,Closed,Best Case,2023-10-03,won,2023-11-02,
2232,177,3298,45,2023-10-20,76372,5,Closed,Omit,2023-10-20,won,2023-11-13,
2233,177,3296,45,2023-10-18,40564,5,Closed,Omit,2020-01-01,won,2023-11-04,
2267,3052,3344,26,2023-12-17,11973,5,Closed,Best Case,2023-12-31,lost,2024-01-09,no_decision
2268,3052,3345,26,2023-12-17,11329,1,Discovery,Commit,2023-12-07,open,,
2285,1260,3378,36,2023-10-06,24618,5,Closed,Omit,2023-10-05,won,2023-11-03,
2286,1260,3376,36,2023-10-02,24197,5,Closed,Best Case,2023-11-13,won,2023-12-04,
2287,1260,3378,36,2023-10-06,13157,2,Demo,Best Case,2023-10-13,open,,
2302,374,3393,34,2023-11-23,8612,3,Proposal,Commit,2023-12-18,open,,
2303,374,3393,34,2023-11-18,15713,5,Closed,Best Case,2023-12-16,won,2024-02-03,
2313,3452,,25,2023-12-22,12797,1,Discovery,Omit,2023-11-26,open,,
2314,3452,3405,25,2023-12-28,5918,2,Demo,Best Case,2023-11-20,open,,
2321,3402,3422,42,2023-10-28,14323,3,Proposal,Best Case,2023-12-25,open,,
2331,3511,3445,7,2023-12-28,61235,3,Proposal,Commit,2023-11-05,open,,
2332,3511,3445,7,2023-12-19,82965,2,Demo,Omit,2023-12-02,open,,
2346,345,3477,48,2023-11-18,48605,2,Demo,Omit,2023-11-17,open,,
2367,2298,3516,39,2023-10-04,10785,5,Closed,Omit,2023-10-26,won,2023-11-16,
2368,2298,3516,39,2023-10-09,16565,5,Closed,Best Case,2023-11-03,won,2023-12-17,
2371,2433,3521,49,2023-10-27,24465,2,Demo,Omit,2023-10-27,open,,
2372,126,3522,50,2023-10-05,5293,5,Closed,Best Case,2023-10-04,won,2024-01-22,
2373,126,3522,50,2023-10-09,14255,5,Closed,Commit,2023-10-25,won,2023-12-18,
2433,482,3594,49,2023-12-11,22752,5,Closed,Best Case,2020-01-01,lost,2024-02-12,no_decision
2443,668,3616,9,2023-10-20,92359,5,Closed,Omit,2023-11-23,won,2024-02-09,
2444,668,3616,9,2023-10-16,50559,5,Closed,Commit,2023-11-29,won,2023-10-25,
2445,668,3618,9,2023-10-12,49992,5,Closed,Best Case,2023-11-17,won,2023-12-07,
2446,668,3618,9,2023-10-20,88110,5,Closed,Omit,2023-12-02,won,2023-12-12,
2451,1073,3623,4,2023-11-29,6579,2,Demo,Best Case,2023-11-11,open,,
2472,837,3654,45,2023-12-17,21965,4,Negotiation,Omit,2023-11-15,open,,
2474,2302,3656,36,2023-12-30,95583,3,Proposal,Commit,2023-11-28,open,,
2489,1213,3669,12,2023-12-25,17236,5,Closed,Commit,2023-10-18,won,2024-02-17,
2491,1213,3669,12,2023-12-26,19226,5,Closed,Omit,2023-10-18,won,2024-01-29,
2492,1213,3668,12,2023-12-31,21365,5,Closed,Omit,2023-10-02,won,2024-02-09,
2517,1964,3712,26,2023-10-06,76801,5,Closed,Commit,2023-12-05,won,2023-11-08,
2554,264,3777,49,2023-11-28,18168,0,Qualification,Omit,2023-12-21,open,,
2557,2216,3782,18,2023-10-10,26745,5,Closed,Best Case,2023-11-05,won,2023-11-01,
2566,2897,3794,34,2023-12-18,54419,5,Closed,Omit,2023-10-03,won,2024-03-04,
2567,2897,3792,34,2023-12-25,95685,2,Demo,Omit,2023-11-12,open,,
2568,2897,3793,34,2023-12-18,64288,5,Closed,Commit,2023-12-07,won,2024-02-14,
2569,3622,3795,49,2023-10-24,22910,5,Closed,Best Case,2023-10-22,won,2024-01-30,
2570,3622,3795,49,2023-10-22,11836,5,Closed,Best Case,2023-11-08,won,2023-11-01,
2572,839,3800,30,2023-11-11,50223,1,Discovery,Omit,2023-11-29,open,,
2596,1128,3843,10,2023-10-19,21685,5,Closed,Commit,2023-10-15,won,2023-11-15,
2597,1128,3843,10,2023-10-21,22373,5,Closed,Omit,2023-12-15,won,2024-02-05,
2705,1873,4010,10,2023-11-28,14111,5,Closed,Best Case,2023-12-18,lost,2024-01-11,no_budget
2706,1873,4009,10,2023-11-27,16368,2,Demo,Best Case,2023-10-10,open,,
2734,2615,4044,38,2023-12-18,45660,5,Closed,Omit,2023-10-09,won,2024-01-08,
2737,78,4055,32,2023-10-03,46920,1,Discovery,Commit,2023-12-08,open,,
2761,3146,4101,45,2023-12-07,91304,5,Closed,Omit,2023-10-19,won,2024-02-28,
2762,3146,4101,45,2023-12-16,64903,4,Negotiation,Omit,2023-11-15,open,,
2763,3146,4101,45,2023-12-09,59084,5,Closed,Commit,2023-12-19,won,2024-02-16,
2766,3403,4103,8,2023-11-30,9351,5,Closed,Omit,2023-11-09,won,2023-12-21,
2767,3403,4103,8,2023-11-30,22157,5,Closed,Best Case,2023-12-31,won,2024-02-08,
2777,1187,4116,2,2023-11-16,430283,2,Demo,Omit,2023-12-16,open,,
2778,1187,4117,2,2023-11-21,381399,5,Closed,Best Case,2020-01-01,won,2023-12-07,
2779,1187,4116,2,2023-11-23,108080,5,Closed,Best Case,2023-11-03,lost,2023-12-29,no_budget
2780,1187,4117,2,2023-11-25,380473,5,Closed,Omit,2023-10-08,won,2023-12-30,
2789,3438,4134,29,2023-10-28,22641,5,Closed,Omit,2023-10-28,won,2023-12-31,
2795,3490,4145,2,2023-12-03,14099,2,Demo,Omit,2023-11-03,open,,
2796,3490,4145,2,2023-12-01,24732,2,Demo,Best Case,2023-11-07,open,,
2820,501,4171,12,2023-12-25,53583,5,Closed,Commit,2023-11-24,lost,2024-04-09,no_decision
2821,501,4171,12,2023-12-25,67201,5,Closed,Best Case,2023-11-02,won,2024-04-17,
2873,1440,4255,26,2023-12-17,12735,5,Closed,Commit,2023-12-13,won,2024-02-04,
2874,1440,4255,26,2023-12-22,18426,1,Discovery,Commit,2020-01-01,open,,
2875,1440,4255,26,2023-12-21,20494,5,Closed,Commit,2023-12-25,won,2024-04-16,
2876,1440,4255,26,2023-12-21,10471,3,Proposal,Omit,2023-10-02,open,,
2877,1440,4255,26,2023-12-18,24681,5,Closed,Commit,2023-11-07,lost,2024-04-01,timing
2883,2011,4268,40,2023-11-11,21129,2,Demo,Commit,2023-12-16,open,,
2907,2342,4304,47,2023-10-15,75685,3,Proposal,Commit,2023-11-18,open,,
2908,2342,4303,47,2023-10-13,58251,5,Closed,Best Case,2023-11-06,won,2024-01-28,
2912,2124,4309,26,2023-10-14,87923,5,Closed,Omit,2023-12-14,won,2023-11-13,
2958,3057,4367,20,2023-11-02,76508,5,Closed,Best Case,2023-11-06,won,2023-12-18,
2965,867,4376,31,2023-12-27,92672,5,Closed,Best Case,2023-10-16,won,2024-01-26,
2973,3741,4387,25,2023-11-02,22504,5,Closed,Omit,2020-01-01,lost,2023-12-24,no_budget
2974,3741,4387,25,2023-11-09,10610,4,Negotiation,Best Case,2023-12-14,open,,
2975,3741,4387,25,2023-11-04,22319,5,Closed,Commit,2023-12-31,won,2024-02-03,
2989,1321,4408,34,2023-12-14,6757,5,Closed,Omit,2023-12-04,won,2024-01-02,
2990,1321,4408,34,2023-12-16,8519,5,Closed,Best Case,2023-11-28,won,2024-01-29,
3015,1689,4461,44,2023-11-24,11291,5,Closed,Commit,2023-12-07,won,2024-03-10,
3036,1727,4503,34,2023-10-01,21591,5,Closed,Commit,2023-12-27,lost,2023-11-08,no_decision
3051,2354,4535,3,2023-11-01,65271,5,Closed,Best Case,2023-11-19,lost,2024-01-23,no_decision
3062,2009,4547,42,2023-12-22,51708,5,Closed,Omit,2023-10-09,lost,2024-03-28,feature_gap
3063,2009,4547,42,2023-12-21,26146,3,Proposal,Omit,2023-12-05,open,,
3064,2009,4547,42,2023-12-20,73912,5,Closed,Omit,2020-01-01,won,2024-03-21,
3077,3665,4564,14,2023-11-10,24899,5,Closed,Commit,2023-10-28,lost,2023-11-24,timing
3078,3665,4564,14,2023-11-13,10063,5,Closed,Omit,2023-10-19,won,2023-11-28,
3100,1589,4595,50,2023-11-19,6253,5,Closed,Commit,2023-11-02,won,2024-02-15,
3103,820,4599,17,2023-10-02,17007,2,Demo,Commit,2023-10-09,open,,
3130,2665,4642,5,2023-11-08,32452,3,Proposal,Commit,2023-10-20,open,,
3131,2665,4642,5,2023-11-09,56150,5,Closed,Best Case,2023-10-02,won,2023-11-23,
3149,2734,4678,9,2023-12-04,16244,2,Demo,Commit,2023-10-30,open,,
3150,2734,4678,9,2023-12-03,17253,5,Closed,Best Case,2023-12-03,won,2023-12-25,
3151,2734,4678,9,2023-12-02,23313,2,Demo,Commit,2023-12-08,open,,
3152,2734,4678,9,2023-11-30,21582,5,Closed,Best Case,2020-01-01,won,2023-12-29,
3160,3113,4686,35,2023-12-04,9404,5,Closed,Commit,2023-10-29,won,2024-02-17,
3194,835,4775,22,2023-10-28,16366,5,Closed,Best Case,2023-10-31,won,2024-01-25,
3213,15,4766,35,2023-12-27,92176,1,Discovery,Commit,2023-11-03,open,,
3242,3055,,20,2023-12-20,13502,5,Closed,Omit,2023-10-16,lost,2023-12-27,feature_gap
3243,3055,1668,20,2023-12-22,17647,5,Closed,Omit,2023-12-02,won,2024-04-10,
3248,508,4824,38,2023-11-01,22673,3,Proposal,Best Case,2023-11-22,open,,
3265,3756,4848,18,2023-12-01,13412,2,Demo,Best Case,2020-01-01,open,,
3319,2753,4925,13,2023-11-28,21616,5,Closed,Commit,2023-11-29,won,2023-12-20,
3335,1281,4939,30,2023-11-15,12218,3,Proposal,Omit,2023-10-19,open,,
3336,1281,4940,30,2023-11-25,20780,5,Closed,Commit,2023-11-30,won,2023-12-17,
3344,1888,4951,37,2023-12-03,24827,5,Closed,Commit,2020-01-01,won,2024-03-12,
3361,1294,4983,13,2023-12-28,17741,5,Closed,Best Case,2023-10-09,won,2024-03-22,
3362,1294,4984,13,2023-12-27,9219,5,Closed,Omit,2023-12-28,won,2024-01-02,
3390,2462,5042,10,2023-10-31,336500,5,Closed,Omit,2023-10-19,lost,2024-02-01,feature_gap
3391,2462,5042,10,2023-11-02,238009,5,Closed,Omit,2023-11-25,lost,2024-02-27,timing
3392,2462,5042,10,2023-11-07,270646,3,Proposal,Best Case,2023-11-28,open,,
3393,2462,5042,10,2023-10-30,469030,5,Closed,Best Case,2023-10-29,won,2024-01-09,
3411,1870,5068,49,2023-11-09,9161,2,Demo,Commit,2023-10-08,open,,
3424,37,5095,25,2023-12-07,5595,3,Proposal,Best Case,2020-01-01,open,,
3425,37,5095,25,2023-11-30,15981,1,Discovery,Best Case,2023-10-03,open,,
3430,3688,,11,2023-10-23,79352,2,Demo,Best Case,2023-11-15,open,,
3431,3688,5103,11,2023-10-24,36404,4,Negotiation,Omit,2023-10-13,open,,
3438,1258,5118,32,2023-11-03,10400,5,Closed,Omit,2023-11-26,won,2023-12-05,
3455,3658,5155,42,2023-10-30,24061,5,Closed,Best Case,2020-01-01,won,2023-12-14,
3477,2387,5189,5,2023-10-22,24595,5,Closed,Commit,2023-10-30,won,2023-12-26,
3550,3822,5309,9,2023-10-07,18588,5,Closed,Commit,2023-12-04,won,2023-10-22,
3551,3822,5308,9,2023-10-01,21046,5,Closed,Omit,2023-12-12,won,2024-01-25,
3552,3822,5310,9,2023-10-07,22241,1,Discovery,Best Case,2023-12-15,open,,
3553,3822,5310,9,2023-10-10,17162,5,Closed,Omit,2023-12-25,won,2023-11-16,
3554,2476,5312,48,2023-10-16,19819,3,Proposal,Omit,2020-01-01,open,,
3580,3503,5366,1,2023-10-04,98667,5,Closed,Commit,2023-12-15,lost,2023-10-11,timing
3614,1552,5426,35,2023-10-15,21528,5,Closed,Commit,2023-11-28,won,2023-11-26,
3635,3806,5465,18,2023-11-04,83540,5,Closed,Best Case,2023-10-29,lost,2023-11-18,no_decision
3636,3806,5465,18,2023-11-06,38120,5,Closed,Best Case,2023-12-19,won,2024-02-01,
3679,2133,5525,36,2023-11-01,10299,5,Closed,Commit,2023-12-26,won,2024-01-10,
3680,2133,5525,36,2023-10-26,15731,5,Closed,Commit,2023-10-14,lost,2023-12-10,feature_gap
3681,2133,5525,36,2023-10-31,20879,5,Closed,Commit,2023-10-13,won,2024-01-24,
3687,3684,5726,27,2023-12-14,90131,5,Closed,Omit,2023-11-30,won,2024-03-20,
3688,3684,1349,27,2023-12-15,69877,3,Proposal,Commit,2023-11-28,open,,
3703,3553,5564,7,2023-12-24,5610,5,Closed,Omit,2023-12-10,won,2024-01-28,
3710,1027,5575,42,2023-11-24,70125,2,Demo,Omit,2020-01-01,open,,
3711,1027,5575,42,2023-11-28,38638,5,Closed,Commit,2023-11-21,lost,2023-12-26,timing
3712,1027,5577,42,2023-11-26,78706,1,Discovery,Best Case,2020-01-01,open,,
3720,553,5591,10,2023-10-07,6232,5,Closed,Best Case,2023-10-04,won,2023-12-24,
3721,553,5592,10,2023-10-08,11452,5,Closed,Best Case,2023-10-28,lost,2023-10-19,feature_gap
3733,1500,5608,37,2023-10-16,16389,5,Closed,Best Case,2023-10-03,lost,2023-10-23,no_decision
3736,2568,5613,11,2023-12-26,18212,5,Closed,Commit,2023-12-07,won,2024-04-05,
3737,2568,5614,11,2023-12-27,17311,3,Proposal,Commit,2023-11-29,open,,
3755,3851,5640,23,2023-12-27,77651,2,Demo,Commit,2023-12-25,open,,
3756,3851,5640,23,2023-12-23,35277,5,Closed,Commit,2023-12-04,lost,2024-02-11,no_budget
3757,3851,5640,23,2023-12-23,60185,5,Closed,Omit,2023-12-21,won,2024-01-25,
3781,3971,5680,33,2023-12-19,15725,5,Closed,Commit,2023-10-16,won,2024-02-29,
3792,2066,5692,22,2023-11-17,23997,2,Demo,Commit,2020-01-01,open,,
3821,1765,5735,21,2023-10-30,78840,5,Closed,Best Case,2023-10-05,won,2024-01-15,
3822,1765,5736,21,2023-11-01,83485,5,Closed,Best Case,2023-11-18,won,2024-01-14,
3864,405,5796,22,2023-11-25,5353,5,Closed,Omit,2023-11-06,won,2023-12-24,
3865,405,5796,22,2023-11-22,22007,3,Proposal,Best Case,2023-11-09,open,,
3870,3100,5801,23,2023-11-14,8848,2,Demo,Omit,2023-11-27,open,,
3871,3100,5801,23,2023-11-16,18203,5,Closed,Best Case,2023-12-17,won,2024-01-08,
3904,509,5868,50,2023-10-08,12227,3,Proposal,Best Case,2023-11-09,open,,
3905,509,5869,50,2023-10-10,11416,3,Proposal,Commit,2023-12-13,open,,
3906,509,5869,50,2023-10-13,8066,5,Closed,Best Case,2023-12-23,lost,2023-10-18,no_decision
3919,1242,5886,1,2023-12-20,48487,2,Demo,Commit,2020-01-01,open,,
3920,1242,5886,1,2023-12-22,85255,2,Demo,Omit,2023-11-13,open,,
3926,776,5893,22,2023-12-15,8386,5,Closed,Commit,2020-01-01,won,2024-02-14,
3927,776,5893,22,2023-12-13,17385,2,Demo,Commit,2020-01-01,open,,
3963,440,5945,18,2023-11-26,7270,5,Closed,Omit,2023-11-07,won,2024-03-19,
3964,440,5945,18,2023-12-05,11280,2,Demo,Best Case,2023-11-12,open,,
3965,440,5945,18,2023-12-03,19450,1,Discovery,Omit,2023-11-16,open,,
3980,2648,5980,23,2023-10-18,25777,5,Closed,Best Case,2023-12-02,won,2023-11-13,
3987,2892,5989,16,2023-11-10,63076,5,Closed,Commit,2023-11-03,won,2024-01-28,
3988,2892,5988,16,2023-11-03,91101,5,Closed,Best Case,2020-01-01,won,2024-01-12,
3994,2826,6007,49,2023-12-23,76486,2,Demo,Commit,2023-10-25,open,,
4033,140,6071,33,2023-11-17,45419,5,Closed,Commit,2023-11-14,won,2024-01-04,
4034,140,6071,33,2023-11-21,35485,5,Closed,Commit,2023-10-03,won,2024-03-08,
4052,1515,6102,36,2023-11-22,24639,5,Closed,Best Case,2020-01-01,won,2024-02-17,
4083,1737,6157,19,2023-10-04,39030,1,Discovery,Best Case,2023-10-24,open,,
4084,2677,6162,4,2023-12-14,14498,5,Closed,Best Case,2020-01-01,won,2024-01-05,
4088,2314,6172,1,2023-11-29,64326,2,Demo,Commit,2023-10-07,open,,
4089,2314,6170,1,2023-12-01,95679,5,Closed,Commit,2023-10-18,lost,2023-12-29,no_budget
4090,2314,6172,1,2023-11-30,96229,5,Closed,Omit,2023-10-16,won,2023-12-24,
4091,2279,6174,5,2023-11-10,7258,5,Closed,Commit,2023-11-14,won,2023-11-17,
4102,3112,6184,15,2023-10-19,21694,5,Closed,Commit,2023-11-07,won,2023-11-09,
4161,3894,6291,12,2023-12-26,70477,2,Demo,Commit,2023-11-28,open,,
4162,3894,6290,12,2023-12-18,36750,5,Closed,Commit,2023-11-09,won,2024-03-05,
4163,3894,6291,12,2023-12-19,98802,1,Discovery,Best Case,2023-10-09,open,,
4164,3894,6290,12,2023-12-21,69149,5,Closed,Omit,2023-11-27,won,2024-01-28,
4165,3041,6293,48,2023-10-22,140619,5,Closed,Best Case,2023-11-30,won,2024-01-05,
4166,3041,6293,48,2023-10-24,146163,5,Closed,Best Case,2023-10-26,won,2023-12-30,
4167,3041,6293,48,2023-10-31,338683,5,Closed,Omit,2020-01-01,won,2024-01-10,
4168,3041,6293,48,2023-10-29,261354,5,Closed,Omit,2023-10-23,won,2024-01-29,
4176,3196,6310,15,2023-11-28,63358,5,Closed,Best Case,2023-11-18,won,2024-01-04,
4177,3196,6309,15,2023-11-28,60849,5,Closed,Best Case,2023-11-04,won,2024-01-27,
4191,2201,6328,22,2023-11-26,5421,5,Closed,Omit,2023-10-04,won,2024-03-13,
4192,2201,6329,22,2023-11-27,18361,3,Proposal,Best Case,2023-11-29,open,,
4198,1395,6338,1,2023-11-28,69008,2,Demo,Best Case,2023-10-09,open,,
4242,2126,6408,6,2023-11-23,7324,5,Closed,Omit,2023-11-24,won,2023-12-18,
4243,2126,6407,6,2023-11-26,22388,1,Discovery,Omit,2020-01-01,open,,
4244,922,6410,47,2023-10-05,21657,3,Proposal,Best Case,2023-10-28,open,,
4251,812,6423,9,2023-10-13,61289,5,Closed,Best Case,2023-12-07,won,2023-12-23,
4252,812,6424,9,2023-10-13,46125,5,Closed,Omit,2023-11-01,won,2023-10-22,
4257,229,6429,5,2023-12-01,62817,5,Closed,Commit,2023-12-26,won,2023-12-13,
4258,229,6429,5,2023-12-04,74520,5,Closed,Best Case,2020-01-01,won,2024-01-22,
4259,229,6429,5,2023-12-04,82066,2,Demo,Best Case,2023-12-14,open,,
4260,2021,6430,10,2023-11-02,52278,5,Closed,Commit,2023-12-21,won,2023-12-10,
4261,25,6434,26,2023-10-13,91116,5,Closed,Omit,2023-10-09,won,2023-11-26,
4262,25,6434,26,2023-10-11,85715,4,Negotiation,Best Case,2023-10-09,open,,
4263,25,6434,26,2023-10-13,38030,5,Closed,Commit,2023-11-29,lost,2024-01-10,timing
4264,25,6432,26,2023-10-13,69141,5,Closed,Best Case,2023-12-15,won,2024-02-03,
4306,3942,6501,1,2023-10-03,18148,5,Closed,Best Case,2020-01-01,won,2024-01-08,
4358,507,6562,15,2023-11-13,19655,3,Proposal,Commit,2023-10-13,open,,
4397,1316,6622,33,2023-12-04,180126,5,Closed,Commit,2020-01-01,won,2024-02-04,
4398,1316,6622,33,2023-11-26,222724,1,Discovery,Omit,2023-10-02,open,,
4432,2071,6661,1,2023-11-07,87792,5,Closed,Commit,2023-12-19,won,2023-12-14,
4433,2071,6661,1,2023-11-04,61558,5,Closed,Best Case,2023-11-29,lost,2024-01-11,feature_gap
4466,3501,6699,26,2023-10-14,9053,2,Demo,Best Case,2023-10-25,open,,
4479,897,6710,19,2023-10-20,97795,5,Closed,Commit,2023-12-25,won,2023-12-31,
4493,2915,6736,9,2023-11-22,22860,5,Closed,Commit,2023-12-10,won,2024-03-13,
4498,3639,6752,26,2023-12-23,10730,5,Closed,Omit,2023-12-10,lost,2024-04-05,timing
4499,3639,6752,26,2023-12-25,7575,5,Closed,Best Case,2023-11-09,won,2024-04-05,
4509,869,6771,8,2023-10-05,7791,5,Closed,Omit,2023-12-02,won,2023-10-24,
4511,254,6773,9,2023-11-09,8656,5,Closed,Commit,2023-12-05,lost,2024-02-23,feature_gap
4556,3907,6829,5,2023-11-09,7261,5,Closed,Omit,2023-10-24,lost,2023-12-04,timing
4559,95,6834,20,2023-12-24,17075,5,Closed,Omit,2023-11-08,won,2024-01-07,
4583,2047,6868,7,2023-12-27,77594,2,Demo,Commit,2023-10-23,open,,
4587,2624,6873,42,2023-12-19,16699,1,Discovery,Best Case,2023-10-09,open,,
4609,3414,6905,21,2023-12-15,24330,3,Proposal,Commit,2023-12-11,open,,
4614,1454,6910,43,2023-12-07,20619,1,Discovery,Commit,2023-11-06,open,,
4615,1454,6910,43,2023-12-04,19828,2,Demo,Omit,2023-12-01,open,,
4622,3137,6916,29,2023-10-14,8990,5,Closed,Commit,2023-11-18,won,2023-11-19,
4635,932,6936,38,2023-10-19,12317,4,Negotiation,Best Case,2023-11-10,open,,
4636,932,6937,38,2023-10-19,13326,5,Closed,Omit,2023-11-30,won,2023-12-09,
4637,932,6936,38,2023-10-19,11574,1,Discovery,Omit,2023-10-18,open,,
4638,932,6936,38,2023-10-11,10771,5,Closed,Commit,2023-12-05,won,2024-01-16,
4644,226,6949,46,2023-11-25,14285,5,Closed,Commit,2023-11-29,won,2024-02-27,
4670,3341,6989,10,2023-11-29,21268,5,Closed,Best Case,2023-10-27,won,2024-01-22,
4671,3341,6991,10,2023-12-07,8631,5,Closed,Best Case,2023-11-09,lost,2024-01-27,timing
4672,3341,6989,10,2023-12-02,19859,2,Demo,Best Case,2023-11-04,open,,
4673,3341,6991,10,2023-12-03,9730,5,Closed,Best Case,2020-01-01,lost,2024-01-14,timing
4679,2560,6997,33,2023-10-02,31811,1,Discovery,Best Case,2023-11-19,open,,
4680,2560,6997,33,2023-10-09,63652,5,Closed,Commit,2023-10-14,won,2024-01-26,
4701,2978,7028,5,2023-12-16,21429,5,Closed,Commit,2023-11-20,won,2023-12-27,
4702,2978,7028,5,2023-12-21,7426,2,Demo,Commit,2020-01-01,open,,
4703,1536,7029,8,2023-11-13,480846,5,Closed,Best Case,2023-12-18,won,2024-03-06,
4704,1536,7029,8,2023-11-17,332953,5,Closed,Omit,2020-01-01,won,2024-01-07,
4741,2159,7090,34,2023-10-03,16285,5,Closed,Commit,2023-11-02,won,2024-01-20,
4742,2159,7089,34,2023-10-04,19927,3,Proposal,Best Case,2023-12-21,open,,
4743,2159,7089,34,2023-10-03,21391,5,Closed,Best Case,2023-12-25,lost,2024-01-18,no_budget
4770,3363,7139,49,2023-11-05,7176,5,Closed,Omit,2023-11-27,won,2024-01-12,
4795,139,7184,19,2023-10-29,9813,2,Demo,Commit,2023-11-01,open,,
4796,139,7184,19,2023-10-25,23218,1,Discovery,Commit,2023-11-08,open,,
4807,1807,7205,34,2023-11-18,15750,1,Discovery,Commit,2020-01-01,open,,
4808,1807,7205,34,2023-11-20,5914,5,Closed,Commit,2023-10-15,lost,2024-03-06,feature_gap
4809,697,7209,45,2023-11-24,7201,3,Proposal,Omit,2023-11-17,open,,
4810,697,7209,45,2023-12-04,15265,4,Negotiation,Best Case,2023-12-20,open,,
4818,2681,7214,29,2023-12-31,87599,5,Closed,Omit,2023-12-01,won,2024-02-28,
4841,766,7267,21,2023-10-13,46613,5,Closed,Best Case,2023-11-13,won,2023-11-02,
4865,1246,7299,47,2023-12-08,455368,5,Closed,Omit,2023-11-20,won,2023-12-14,
4866,1246,7299,47,2023-12-13,467457,5,Closed,Omit,2023-12-23,won,2024-01-31,
4868,2893,7303,29,2023-11-15,5733,4,Negotiation,Omit,2023-10-02,open,,
4877,1449,7310,44,2023-10-31,90025,5,Closed,Best Case,2023-11-30,won,2023-12-13,
4878,1449,7309,44,2023-10-31,28586,2,Demo,Best Case,2023-12-05,open,,
4894,2671,7334,47,2023-12-31,165836,5,Closed,Best Case,2023-10-13,won,2024-02-09,
4895,2671,7334,47,2023-12-25,101328,5,Closed,Commit,2023-12-08,won,2024-04-10,
4960,2820,7433,18,2023-12-08,10591,2,Demo,Best Case,2023-12-19,open,,
4961,2820,7435,18,2023-12-01,11878,1,Discovery,Best Case,2023-11-25,open,,
4962,2820,7433,18,2023-12-10,20234,5,Closed,Best Case,2023-12-30,won,2024-03-13,
4989,1825,7479,38,2023-12-07,19186,5,Closed,Omit,2023-10-18,won,2024-03-12,
4990,1825,7481,38,2023-12-14,19219,5,Closed,Commit,2023-11-24,won,2024-01-30,
4991,1825,7479,38,2023-12-12,15337,2,Demo,Commit,2023-11-29,open,,
5007,1156,7507,5,2023-12-31,15034,2,Demo,Omit,2023-11-14,open,,
5016,3053,7518,1,2023-11-09,14251,5,Closed,Omit,2020-01-01,won,2024-02-05,
5017,3053,7518,1,2023-11-16,16260,3,Proposal,Best Case,2023-10-25,open,,
5021,389,7524,34,2023-12-27,15985,5,Closed,Omit,2020-01-01,won,2024-01-07,
5022,389,7524,34,2023-12-31,15152,5,Closed,Commit,2023-11-01,won,2024-01-11,
5030,2903,7541,49,2023-12-15,16308,5,Closed,Omit,2023-12-25,won,2024-02-01,
5031,2903,7541,49,2023-12-14,18603,5,Closed,Best Case,2023-12-02,lost,2023-12-31,no_decision
5032,2903,7543,49,2023-12-16,13188,2,Demo,Commit,2023-11-14,open,,
5039,2184,7558,47,2023-12-19,15831,2,Demo,Commit,2023-11-14,open,,
5040,2184,7559,47,2023-12-14,13298,5,Closed,Best Case,2023-11-10,won,2024-03-27,
5041,2184,7558,47,2023-12-17,24057,5,Closed,Best Case,2020-01-01,lost,2024-04-04,timing
5061,590,7603,7,2023-11-10,26908,3,Proposal,Commit,2023-10-13,open,,
5071,2051,7613,11,2023-11-06,6987,5,Closed,Omit,2020-01-01,won,2023-12-13,
5072,2051,7614,11,2023-11-07,24883,5,Closed,Omit,2023-11-27,won,2024-02-19,
5101,2760,7658,32,2023-11-18,429436,1,Discovery,Commit,2023-10-26,open,,
5102,2760,7657,32,2023-11-15,128464,2,Demo,Best Case,2023-11-03,open,,
5103,2760,7658,32,2023-11-24,414673,2,Demo,Best Case,2023-11-25,open,,
5121,3510,7674,38,2023-11-17,18215,5,Closed,Commit,2023-12-14,won,2024-03-03,
5203,2149,7809,42,2023-11-13,73672,5,Closed,Commit,2023-11-08,won,2024-03-08,
5225,511,7839,26,2023-11-01,24639,5,Closed,Commit,2023-11-13,won,2023-12-08,
5233,2473,7852,16,2023-12-27,21671,1,Discovery,Omit,2023-12-10,open,,
5266,969,7922,7,2023-10-07,135083,5,Closed,Commit,2023-12-04,won,2024-02-02,
5267,969,7920,7,2023-10-09,198499,5,Closed,Commit,2020-01-01,won,2024-01-30,
5268,969,7922,7,2023-10-07,448134,2,Demo,Best Case,2023-10-21,open,,
5275,2310,7933,24,2023-11-06,73815,5,Closed,Best Case,2023-10-28,won,2024-01-20,
5276,2310,7932,24,2023-11-07,68774,5,Closed,Omit,2023-12-27,won,2024-02-21,
5285,1143,7953,3,2023-10-24,6165,5,Closed,Omit,2023-12-15,won,2023-12-05,
5286,1143,7954,3,2023-10-22,9434,5,Closed,Omit,2023-11-14,won,2023-12-02,
5287,1143,7952,3,2023-10-22,16144,5,Closed,Omit,2023-10-20,won,2023-12-28,
5317,2330,7997,32,2023-11-14,97647,5,Closed,Best Case,2023-11-29,won,2023-12-10,
5318,2330,7998,32,2023-11-14,25536,5,Closed,Commit,2023-12-13,won,2023-12-12,
5319,2687,7999,11,2023-12-27,23768,5,Closed,Omit,2023-11-02,won,2024-01-17,
5381,1522,57,17,2023-11-07,25396,2,Demo,Best Case,2023-11-30,open,,
5388,300,3327,10,2023-12-03,5831,3,Proposal,Commit,2020-01-01,open,,
5392,2196,1831,27,2023-10-25,24141,5,Closed,Omit,2023-11-07,lost,2023-11-04,no_decision
5395,4,4802,22,2023-12-03,18794,5,Closed,Commit,2023-12-10,won,2023-12-19,
5397,226,6949,46,2023-11-04,14285,1,Discovery,Commit,2023-12-03,open,,
5419,2374,6763,13,2023-11-22,6371,5,Closed,Best Case,2023-10-30,won,2023-11-30,
5420,1101,3236,24,2023-12-25,7953,5,Closed,Best Case,2023-11-23,won,2024-04-20,
5422,981,6179,5,2023-10-16,87739,5,Closed,Best Case,2023-11-04,won,2023-12-08,
5424,1554,2888,17,2023-12-03,140038,5,Closed,Commit,2020-01-01,won,2024-03-17,
5430,2829,5745,38,2023-11-03,14074,4,Negotiation,Commit,2023-12-18,open,,
5434,620,6681,25,2023-11-13,99222,5,Closed,Best Case,2023-10-20,won,2024-03-05,
5436,165,5848,18,2023-12-10,10059,5,Closed,Omit,2020-01-01,lost,2024-01-20,no_budget
5455,97,,12,2023-12-15,15418,5,Closed,Commit,2023-12-27,won,2023-12-25,
5457,3456,895,20,2023-12-30,24563,3,Proposal,Commit,2023-11-30,open,,
5460,1805,4605,20,2023-10-07,19499,5,Closed,Commit,2023-12-07,won,2024-01-23,
5461,2686,3721,13,2023-11-26,309732,2,Demo,Best Case,2020-01-01,open,,
5463,1605,,48,2023-10-23,87584,5,Closed,Best Case,2023-11-04,won,2023-11-22,
5489,1472,,2,2023-10-30,84798,5,Closed,Omit,2023-11-03,won,2023-11-06,
5501,109,3463,34,2023-11-22,24893,5,Closed,Best Case,2023-10-10,won,2024-01-13,
5508,2695,4683,29,2023-11-14,20740,5,Closed,Omit,2023-11-13,lost,2024-03-06,no_decision
5509,1783,1369,18,2023-10-24,9818,1,Discovery,Omit,2023-12-08,open,,
5518,58,2241,30,2023-12-07,16763,5,Closed,Omit,2023-12-10,won,2024-01-26,
5521,1752,6081,19,2023-12-25,71925,5,Closed,Best Case,2023-12-25,won,2024-02-26,
5536,2899,7668,35,2023-10-31,452694,5,Closed,Omit,2023-10-13,won,2024-02-06,
5540,3273,1788,18,2023-12-01,11287,1,Discovery,Commit,2023-12-10,open,,
5544,3777,519,36,2023-11-15,8407,2,Demo,Best Case,2020-01-01,open,,
5547,867,4377,31,2023-12-29,73448,2,Demo,Best Case,2020-01-01,open,,
5550,1638,6380,26,2023-10-25,22117,5,Closed,Commit,2023-11-03,won,2023-12-01,
5567,667,6670,45,2023-11-14,18016,5,Closed,Commit,2023-10-02,lost,2024-01-13,no_decision
5568,1518,4346,33,2023-12-02,27084,5,Closed,Commit,2023-10-17,lost,2023-12-17,feature_gap
5575,2930,5827,7,2023-12-15,10759,5,Closed,Best Case,2023-10-17,won,2024-03-05,
5588,3553,5564,7,2023-11-20,5610,5,Closed,Commit,2023-11-10,won,2023-12-15,
5590,53,6698,12,2023-10-30,15206,5,Closed,Best Case,2023-11-24,lost,2024-02-14,no_decision
5591,3188,1238,23,2023-12-12,6849,5,Closed,Best Case,2023-12-21,won,2024-02-06,
5593,2935,6241,36,2023-11-17,10295,4,Negotiation,Omit,2023-11-21,open,,
5610,3996,125,1,2023-10-22,97108,2,Demo,Commit,2023-12-02,open,,
5616,2560,6997,33,2023-11-17,63652,2,Demo,Best Case,2023-12-06,open,,
5619,1840,4947,30,2023-11-10,15481,5,Closed,Best Case,2023-10-10,won,2024-02-04,
5628,640,5283,48,2023-12-19,91927,2,Demo,Omit,2023-12-26,open,,
5641,1044,1223,26,2023-12-15,95779,2,Demo,Omit,2023-12-19,open,,
5653,2523,7629,45,2023-10-07,19077,5,Closed,Omit,2023-10-25,won,2024-01-02,
5658,3029,158,39,2023-12-04,7088,5,Closed,Best Case,2023-11-03,won,2024-02-19,
5671,3774,4571,37,2023-12-08,98985,5,Closed,Best Case,2023-10-20,lost,2024-03-14,feature_gap
5688,123,7928,23,2023-12-08,18894,5,Closed,Omit,2023-12-13,lost,2024-01-24,feature_gap
5693,1015,2501,34,2023-10-29,12934,3,Proposal,Best Case,2023-12-27,open,,
5704,1364,3085,3,2023-10-13,17906,5,Closed,Commit,2023-10-09,won,2023-12-24,
5710,2175,5248,34,2023-10-29,74248,2,Demo,Commit,2023-12-27,open,,
5715,13,2184,26,2023-12-02,6988,5,Closed,Omit,2023-11-13,won,2024-01-04,
5725,2809,4754,39,2023-10-18,24491,5,Closed,Commit,2023-10-20,won,2024-01-26,
5729,2446,303,8,2023-11-05,9728,1,Discovery,Commit,2020-01-01,open,,
5731,3057,4367,20,2023-11-21,76508,5,Closed,Best Case,2023-11-17,lost,2024-02-03,timing
5735,2419,963,19,2023-12-17,13607,5,Closed,Omit,2023-10-07,won,2024-01-28,
5745,3233,5066,14,2023-11-29,36171,5,Closed,Best Case,2023-12-02,won,2024-03-15,
5748,916,7427,20,2023-10-22,60359,5,Closed,Omit,2023-12-22,won,2023-11-19,
5756,815,3896,38,2023-10-26,6410,1,Discovery,Commit,2023-12-11,open,,
5768,2009,4547,42,2023-12-11,73912,3,Proposal,Best Case,2023-11-27,open,,
5795,2347,2757,40,2023-12-07,77111,5,Closed,Best Case,2023-10-01,won,2024-01-10,
5803,1122,2638,11,2023-12-20,22583,3,Proposal,Best Case,2023-12-07,open,,
5820,3610,240,43,2023-10-22,68842,3,Proposal,Best Case,2023-11-07,open,,
5821,674,6859,19,2023-11-19,366401,5,Closed,Best Case,2023-10-16,won,2024-02-26,
5825,1809,1242,22,2023-10-21,239947,5,Closed,Best Case,2023-11-11,won,2023-11-30,
5833,3557,7875,1,2023-11-22,84705,5,Closed,Best Case,2023-12-03,won,2024-01-24,
5834,25,6434,26,2023-11-28,91116,5,Closed,Omit,2023-11-11,lost,2024-02-29,timing
5839,2198,424,34,2023-10-17,17414,5,Closed,Best Case,2023-10-07,won,2023-11-18,
5857,3821,740,3,2023-10-17,23487,2,Demo,Commit,2020-01-01,open,,
5872,2850,1505,38,2023-11-29,13447,2,Demo,Commit,2023-11-18,open,,
5876,1823,1639,5,2023-10-16,20895,3,Proposal,Best Case,2023-11-17,open,,
5878,226,6949,46,2023-10-18,14285,5,Closed,Omit,2023-11-21,won,2024-02-06,
5889,2259,4172,29,2023-10-25,20328,5,Closed,Best Case,2020-01-01,won,2023-12-29,
5891,2049,7715,50,2023-12-16,8249,5,Closed,Omit,2023-11-09,won,2024-03-18,
5899,1115,3691,27,2023-11-11,18774,3,Proposal,Omit,2023-12-22,open,,
5900,3049,4554,6,2023-10-30,21256,5,Closed,Omit,2023-10-25,lost,2023-12-22,feature_gap
5902,3067,6901,34,2023-11-11,73701,5,Closed,Best Case,2023-10-22,won,2023-12-21,
5916,271,569,8,2023-10-07,16382,5,Closed,Omit,2023-10-28,won,2023-11-06,
5924,2049,,50,2023-12-03,8905,5,Closed,Commit,2023-11-07,won,2024-02-28,
5933,1592,4582,11,2023-12-16,11599,5,Closed,Commit,2020-01-01,won,2024-02-03,
5942,138,798,7,2023-11-16,88730,2,Demo,Omit,2023-11-02,open,,
5950,1166,3898,4,2023-11-15,6503,2,Demo,Omit,2023-10-15,open,,
5960,3168,3175,13,2023-10-03,8078,3,Proposal,Best Case,2023-11-09,open,,
5972,3184,6487,10,2023-11-21,54912,5,Closed,Best Case,2023-10-22,won,2023-12-17,
5975,600,4449,36,2023-12-21,24081,0,Qualification,Omit,2023-10-30,open,,
5982,2359,2556,40,2023-10-17,44418,3,Proposal,Commit,2023-12-07,open,,
5987,3830,395,1,2023-10-25,17034,5,Closed,Best Case,2020-01-01,won,2023-12-26,
23,368,30,32,2024-03-19,12574,1,Discovery,Best Case,2024-02-23,open,,
32,2197,43,32,2024-01-16,15110,5,Closed,Best Case,2024-02-15,won,2024-01-24,
33,2197,45,32,2024-01-12,9833,5,Closed,Omit,2024-02-04,won,2024-03-12,
102,2379,157,13,2024-01-26,13522,3,Proposal,Omit,2024-03-29,open,,
114,1351,178,48,2024-02-04,17781,5,Closed,Commit,2024-02-23,lost,2024-04-17,feature_gap
115,1351,178,48,2024-02-02,22065,5,Closed,Omit,2024-03-07,won,2024-03-30,
116,1351,177,48,2024-02-04,16688,1,Discovery,Omit,2024-03-20,open,,
130,1231,196,14,2024-01-29,19042,2,Demo,Commit,2024-02-28,open,,
131,357,201,29,2024-01-29,9339,5,Closed,Commit,2024-02-13,lost,2024-05-21,feature_gap
158,4000,249,40,2024-02-13,28288,5,Closed,Best Case,2020-01-01,lost,2024-03-02,no_decision
177,1415,275,1,2024-02-12,70987,5,Closed,Omit,2024-01-19,won,2024-05-23,
178,1415,275,1,2024-02-15,25420,5,Closed,Best Case,2024-01-26,won,2024-05-03,
179,1415,275,1,2024-02-07,62431,3,Proposal,Omit,2024-01-20,open,,
254,1641,388,7,2024-02-09,59874,0,Qualification,Best Case,2024-02-08,open,,
280,2198,424,34,2024-03-28,21379,5,Closed,Commit,2024-03-30,won,2024-04-24,
286,3540,428,6,2024-02-07,5704,5,Closed,Commit,2024-02-14,lost,2024-04-30,timing
297,539,444,10,2024-02-18,11736,1,Discovery,Best Case,2024-02-28,open,,
298,539,444,10,2024-02-23,12153,2,Demo,Best Case,2020-01-01,open,,
308,1088,464,24,2024-01-02,9503,5,Closed,Commit,2024-01-01,won,2024-04-11,
309,1088,464,24,2024-01-06,14628,2,Demo,Commit,2020-01-01,open,,
321,415,481,5,2024-01-23,12900,3,Proposal,Omit,2024-01-11,open,,
330,1585,490,24,2024-02-22,22589,2,Demo,Best Case,2024-02-07,open,,
414,1634,619,25,2024-01-22,16509,5,Closed,Omit,2024-02-17,lost,2024-03-17,no_decision
415,1634,619,25,2024-01-27,14388,5,Closed,Best Case,2024-01-04,won,2024-03-15,
420,363,639,15,2024-01-18,22031,2,Demo,Omit,2024-01-27,open,,
444,1701,684,32,2024-02-19,22191,5,Closed,Commit,2020-01-01,won,2024-02-26,
477,561,733,19,2024-02-03,11385,5,Closed,Omit,2024-02-06,won,2024-03-11,
478,561,734,19,2024-02-07,10519,5,Closed,Omit,2020-01-01,won,2024-05-21,
493,2131,764,11,2024-01-19,18893,5,Closed,Omit,2020-01-01,lost,2024-05-03,feature_gap
500,2911,772,32,2024-01-05,92888,5,Closed,Best Case,2024-02-23,won,2024-04-02,
501,2911,773,32,2024-01-03,68887,5,Closed,Commit,2024-01-08,won,2024-03-25,
547,1625,845,3,2024-03-30,78335,5,Closed,Commit,2024-01-05,won,2024-05-25,
586,447,901,33,2024-02-25,59755,5,Closed,Best Case,2020-01-01,won,2024-04-24,
665,2643,1017,15,2024-02-09,9761,2,Demo,Omit,2024-03-03,open,,
666,2643,1018,15,2024-02-09,8484,5,Closed,Omit,2020-01-01,won,2024-04-08,
673,1610,1026,12,2024-01-16,13330,5,Closed,Omit,2020-01-01,won,2024-03-16,
674,1610,1026,12,2024-01-11,18871,5,Closed,Best Case,2024-03-09,won,2024-04-06,
677,2525,1032,6,2024-02-18,78922,3,Proposal,Commit,2024-01-17,open,,
678,2525,1033,6,2024-02-21,43199,5,Closed,Best Case,2024-01-27,won,2024-05-02,
679,2525,1034,6,2024-02-19,89159,5,Closed,Omit,2020-01-01,won,2024-06-03,
680,2525,,6,2024-02-27,65028,5,Closed,Best Case,2024-01-01,won,2024-05-25,
681,2525,1032,6,2024-02-28,66443,5,Closed,Omit,2024-03-02,won,2024-03-09,
719,1477,1084,24,2024-02-28,5163,5,Closed,Omit,2024-01-30,won,2024-04-18,
726,3977,1095,43,2024-02-01,7174,5,Closed,Omit,2024-01-20,won,2024-03-18,
733,645,1111,21,2024-01-06,23698,5,Closed,Commit,2024-02-25,won,2024-02-01,
738,3657,1121,10,2024-01-03,8829,2,Demo,Omit,2024-02-19,open,,
749,2954,1138,25,2024-01-10,11755,5,Closed,Best Case,2024-03-10,lost,2024-02-28,feature_gap
750,862,1140,43,2024-01-17,15436,5,Closed,Commit,2024-02-22,lost,2024-05-14,no_budget
751,862,1139,43,2024-01-09,11566,5,Closed,Best Case,2020-01-01,won,2024-03-14,
752,862,1140,43,2024-01-11,14717,5,Closed,Best Case,2024-01-18,won,2024-03-05,
767,2180,1163,45,2024-03-01,40235,5,Closed,Best Case,2024-03-08,won,2024-04-14,
787,1107,1197,15,2024-03-18,19081,4,Negotiation,Omit,2024-01-16,open,,
788,1107,1197,15,2024-03-21,16982,5,Closed,Commit,2024-02-12,won,2024-04-30,
850,607,1275,26,2024-03-13,41932,5,Closed,Omit,2024-01-11,won,2024-06-30,
851,607,1275,26,2024-03-11,67141,5,Closed,Best Case,2020-01-01,won,2024-03-20,
908,1783,1369,18,2024-03-23,9818,5,Closed,Omit,2024-02-28,won,2024-04-08,
915,505,1378,6,2024-01-18,14741,2,Demo,Commit,2024-02-29,open,,
916,505,1378,6,2024-01-22,8985,5,Closed,Omit,2024-02-27,won,2024-03-24,
917,505,1377,6,2024-01-18,6056,1,Discovery,Best Case,2020-01-01,open,,
1038,22,1556,4,2024-03-16,5883,5,Closed,Omit,2020-01-01,won,2024-07-01,
1048,2370,1569,47,2024-03-09,16685,5,Closed,Commit,2024-02-17,won,2024-04-24,
1053,331,1574,29,2024-03-03,5839,5,Closed,Commit,2024-02-24,won,2024-04-15,
1057,2706,1580,6,2024-03-27,7796,5,Closed,Commit,2024-02-04,won,2024-06-01,
1077,393,1605,49,2024-01-08,23972,2,Demo,Omit,2024-01-30,open,,
1078,393,1605,49,2024-01-06,6031,3,Proposal,Commit,2024-02-08,open,,
1082,2457,1613,26,2024-03-22,74053,5,Closed,Best Case,2024-01-20,won,2024-03-29,
1096,792,1628,26,2024-02-10,5958,2,Demo,Best Case,2024-01-14,open,,
1127,3939,1667,42,2024-01-19,25704,3,Proposal,Commit,2024-02-23,open,,
1131,1157,1670,17,2024-02-03,16147,5,Closed,Commit,2024-02-18,won,2024-05-17,
1132,1157,1671,17,2024-01-31,21866,5,Closed,Commit,2024-02-06,won,2024-02-09,
1159,1708,1704,20,2024-01-21,17240,2,Demo,Best Case,2024-02-27,open,,
1160,1708,1704,20,2024-01-23,7077,5,Closed,Best Case,2024-01-18,won,2024-04-21,
1161,1708,1704,20,2024-01-27,10266,5,Closed,Commit,2024-02-23,won,2024-02-25,
1192,516,1731,9,2024-02-06,72116,5,Closed,Commit,2024-03-30,lost,2024-04-20,no_decision
1193,516,1733,9,2024-01-31,37340,2,Demo,Commit,2024-01-03,open,,
1194,516,1732,9,2024-02-03,45030,5,Closed,Best Case,2024-01-01,won,2024-02-26,
1195,516,1731,9,2024-02-09,47059,5,Closed,Commit,2024-03-08,won,2024-04-03,
1252,3410,1814,38,2024-03-07,86139,2,Demo,Best Case,2024-03-07,open,,
1253,3410,1814,38,2024-03-06,52793,5,Closed,Best Case,2024-01-23,won,2024-05-17,
1286,2472,1855,25,2024-01-14,5144,5,Closed,Best Case,2024-01-03,won,2024-02-19,
1287,2472,1855,25,2024-01-16,10918,5,Closed,Omit,2024-03-30,won,2024-04-30,
1288,2472,1854,25,2024-01-14,12769,5,Closed,Commit,2024-02-27,won,2024-03-16,
1289,2472,1855,25,2024-01-17,14081,2,Demo,Omit,2024-03-22,open,,
1290,3555,1862,17,2024-02-02,28031,5,Closed,Omit,2024-03-19,won,2024-03-16,
1315,217,1898,12,2024-01-18,23544,5,Closed,Commit,2024-02-19,won,2024-04-26,
1316,217,1897,12,2024-01-23,13282,5,Closed,Omit,2024-01-20,lost,2024-05-08,feature_gap
1317,217,1898,12,2024-01-15,14532,5,Closed,Best Case,2024-03-11,won,2024-04-04,
1318,217,1898,12,2024-01-20,10254,5,Closed,Omit,2024-01-31,won,2024-03-09,
1338,1413,1920,3,2024-02-23,248849,5,Closed,Best Case,2024-03-26,won,2024-03-07,
1339,805,1924,16,2024-02-17,81972,5,Closed,Commit,2024-01-11,won,2024-02-22,
1340,805,1926,16,2024-02-25,38524,5,Closed,Commit,2024-03-14,won,2024-04-01,
1341,805,1924,16,2024-02-20,71705,5,Closed,Omit,2024-01-09,won,2024-05-23,
1342,805,1926,16,2024-02-24,55471,5,Closed,Best Case,2024-01-09,won,2024-05-08,
1380,2155,1985,37,2024-02-23,88318,5,Closed,Best Case,2024-03-05,won,2024-06-02,
1381,2155,1984,37,2024-02-17,95675,0,Qualification,Best Case,2020-01-01,open,,
1382,2155,1985,37,2024-02-24,67237,5,Closed,Commit,2024-02-09,won,2024-04-18,
1383,2155,1985,37,2024-02-17,67709,2,Demo,Best Case,2024-02-06,open,,
1400,2498,2011,42,2024-02-24,9171,4,Negotiation,Best Case,2020-01-01,open,,
1401,2498,2011,42,2024-02-26,21280,5,Closed,Omit,2024-02-25,won,2024-04-22,
1407,441,2018,30,2024-01-09,20191,3,Proposal,Best Case,2024-03-17,open,,
1409,571,2020,19,2024-02-12,14191,5,Closed,Best Case,2020-01-01,won,2024-03-25,
1410,571,2020,19,2024-02-13,11889,5,Closed,Omit,2024-02-03,won,2024-02-18,
1411,571,2020,19,2024-02-14,24291,3,Proposal,Commit,2020-01-01,open,,
1420,612,2035,8,2024-03-23,37924,2,Demo,Best Case,2024-01-20,open,,
1441,3881,2067,45,2024-02-06,6407,5,Closed,Best Case,2024-02-27,won,2024-05-11,
1467,2890,2110,36,2024-03-26,92856,5,Closed,Best Case,2024-03-16,won,2024-07-13,
1468,2890,2108,36,2024-03-29,49512,5,Closed,Best Case,2024-03-21,won,2024-05-28,
1481,644,2134,50,2024-03-28,17968,5,Closed,Best Case,2024-02-11,won,2024-05-25,
1482,644,2134,50,2024-03-29,10954,5,Closed,Best Case,2020-01-01,won,2024-06-07,
1504,1750,2178,16,2024-02-07,409753,5,Closed,Omit,2024-02-26,won,2024-03-28,
1507,13,2184,26,2024-01-14,6988,2,Demo,Omit,2024-01-05,open,,
1555,3797,2264,35,2024-01-29,23130,5,Closed,Best Case,2024-01-05,won,2024-02-03,
1556,3797,2263,35,2024-01-28,14587,5,Closed,Omit,2024-03-22,won,2024-05-14,
1569,2806,2280,21,2024-01-11,30444,5,Closed,Omit,2024-01-22,won,2024-03-16,
1578,847,2294,45,2024-03-01,5232,5,Closed,Best Case,2024-03-30,won,2024-06-04,
1579,847,2294,45,2024-03-03,21888,5,Closed,Omit,2024-03-22,won,2024-06-04,
1580,847,2294,45,2024-02-27,12784,5,Closed,Omit,2024-03-21,lost,2024-05-25,feature_gap
1602,162,2329,40,2024-03-29,11538,5,Closed,Best Case,2024-02-11,won,2024-04-13,
1638,1099,2380,19,2024-03-18,20964,5,Closed,Best Case,2024-03-29,won,2024-05-11,
1639,1099,,19,2024-03-11,24208,5,Closed,Commit,2024-02-05,won,2024-06-30,
1640,1099,2380,19,2024-03-15,15944,5,Closed,Commit,2024-01-05,won,2024-05-15,
1641,1099,2380,19,2024-03-14,15724,5,Closed,Omit,2024-01-12,won,2024-03-31,
1665,3241,2423,12,2024-03-28,18506,2,Demo,Best Case,2024-03-20,open,,
1692,3879,2477,48,2024-01-08,45278,5,Closed,Commit,2024-01-03,won,2024-02-22,
1693,3879,2477,48,2024-01-03,85192,3,Proposal,Omit,2024-02-06,open,,
1694,3879,2477,48,2024-01-03,54902,5,Closed,Commit,2024-02-05,won,2024-01-14,
1700,2514,2486,1,2024-03-05,12343,1,Discovery,Commit,2024-01-01,open,,
1708,1015,2502,34,2024-03-09,5385,5,Closed,Omit,2024-03-06,won,2024-05-28,
1709,1015,2501,34,2024-03-06,12934,2,Demo,Commit,2024-01-22,open,,
1724,267,2526,26,2024-01-05,21649,1,Discovery,Commit,2024-01-12,open,,
1745,2359,2556,40,2024-01-03,44418,5,Closed,Best Case,2024-03-04,won,2024-03-30,
1782,2024,2627,20,2024-03-17,14899,5,Closed,Commit,2020-01-01,won,2024-04-10,
1783,2024,2626,20,2024-03-23,13733,1,Discovery,Commit,2024-02-26,open,,
1798,1278,2662,36,2024-02-26,12239,5,Closed,Best Case,2020-01-01,lost,2024-05-02,feature_gap
1799,1278,,36,2024-03-04,16114,5,Closed,Commit,2024-02-13,won,2024-05-18,
1807,1150,2675,21,2024-02-06,16606,5,Closed,Omit,2024-02-12,won,2024-05-04,
1810,821,2682,40,2024-02-27,12240,2,Demo,Commit,2024-03-27,open,,
1811,821,2682,40,2024-02-24,10604,5,Closed,Commit,2024-02-09,lost,2024-05-16,feature_gap
1812,821,2682,40,2024-02-23,19244,5,Closed,Best Case,2024-02-26,won,2024-05-26,
1814,317,2685,14,2024-01-09,6715,5,Closed,Omit,2024-03-02,lost,2024-03-05,feature_gap
1815,317,2685,14,2024-01-01,17360,5,Closed,Commit,2024-01-21,won,2024-02-12,
1845,132,2728,30,2024-02-01,12085,5,Closed,Commit,2020-01-01,won,2024-02-22,
1846,132,2728,30,2024-01-27,15942,5,Closed,Commit,2024-03-17,lost,2024-05-06,no_budget
1851,1311,2736,22,2024-02-01,5157,5,Closed,Commit,2020-01-01,won,2024-05-09,
1852,1311,2736,22,2024-01-31,21587,1,Discovery,Omit,2024-01-16,open,,
1857,245,2742,20,2024-03-06,7430,5,Closed,Omit,2020-01-01,won,2024-04-26,
1858,245,2742,20,2024-03-06,20089,2,Demo,Commit,2024-02-07,open,,
1879,1811,2770,20,2024-03-27,23831,5,Closed,Best Case,2024-03-29,won,2024-04-17,
1903,2982,2815,11,2024-03-28,82254,5,Closed,Omit,2024-03-23,won,2024-04-12,
1917,39,2834,7,2024-03-11,29548,5,Closed,Best Case,2020-01-01,won,2024-05-16,
1918,39,2832,7,2024-03-12,61391,5,Closed,Best Case,2024-01-01,won,2024-05-23,
1919,39,2833,7,2024-03-17,88497,3,Proposal,Omit,2024-01-08,open,,
1930,1815,2850,5,2024-01-20,188318,5,Closed,Omit,2024-03-31,won,2024-03-11,
1931,1815,2850,5,2024-01-29,243744,5,Closed,Commit,2024-02-01,won,2024-03-29,
1932,1815,2850,5,2024-01-22,378602,5,Closed,Commit,2024-03-01,won,2024-04-19,
1940,1274,2862,50,2024-01-24,23626,2,Demo,Omit,2024-01-27,open,,
1950,1746,7924,43,2024-02-22,14620,5,Closed,Omit,2020-01-01,lost,2024-03-20,no_budget
2005,1906,2955,6,2024-01-19,21993,4,Negotiation,Best Case,2024-03-17,open,,
2006,1906,2955,6,2024-01-22,13345,5,Closed,Commit,2024-03-04,won,2024-02-24,
2007,1906,2955,6,2024-01-26,17590,5,Closed,Best Case,2024-03-07,won,2024-02-03,
2014,2396,2975,14,2024-01-19,11264,2,Demo,Commit,2024-02-02,open,,
2052,2135,3030,17,2024-03-22,5675,5,Closed,Commit,2024-01-12,won,2024-05-09,
2053,2135,3029,17,2024-03-23,16936,5,Closed,Commit,2024-03-09,won,2024-06-02,
2054,2135,3030,17,2024-03-20,15975,5,Closed,Omit,2024-01-30,won,2024-04-26,
2099,2163,3080,45,2024-01-13,13773,5,Closed,Omit,2024-03-12,won,2024-05-04,
2106,2223,3091,36,2024-03-26,94488,5,Closed,Commit,2024-03-22,won,2024-04-26,
2107,2223,3091,36,2024-03-29,52230,1,Discovery,Best Case,2024-01-31,open,,
2141,2250,3127,5,2024-02-16,14409,3,Proposal,Commit,2024-02-12,open,,
2153,1792,3154,18,2024-01-30,8658,3,Proposal,Commit,2024-02-27,open,,
2154,1792,3154,18,2024-02-04,8072,5,Closed,Best Case,2024-03-13,won,2024-03-15,
2155,1792,3153,18,2024-01-26,12719,3,Proposal,Best Case,2024-01-23,open,,
2162,931,3173,4,2024-01-21,49575,5,Closed,Commit,2024-01-20,won,2024-03-10,
2173,3936,3200,6,2024-03-20,73654,1,Discovery,Omit,2024-03-23,open,,
2199,2212,3250,27,2024-03-16,7171,2,Demo,Best Case,2024-02-23,open,,
2200,656,3257,31,2024-02-01,50084,5,Closed,Commit,2024-01-11,won,2024-02-08,
2208,1858,,25,2024-03-13,11538,5,Closed,Omit,2024-01-06,won,2024-06-27,
2211,878,3268,17,2024-01-03,24329,2,Demo,Commit,2020-01-01,open,,
2212,878,3268,17,2024-01-04,22851,2,Demo,Commit,2024-02-22,open,,
2236,142,3303,22,2024-03-15,14500,5,Closed,Best Case,2024-01-01,won,2024-06-20,
2264,3387,3338,6,2024-03-09,94635,5,Closed,Best Case,2024-03-11,lost,2024-06-10,no_budget
2276,1077,3360,30,2024-01-10,53872,5,Closed,Commit,2024-01-12,won,2024-01-28,
2288,2808,3381,29,2024-01-24,20577,4,Negotiation,Commit,2024-01-26,open,,
2289,2808,3381,29,2024-01-27,17185,2,Demo,Omit,2024-03-21,open,,
2319,1303,3412,23,2024-01-17,22096,5,Closed,Best Case,2024-03-16,lost,2024-02-07,timing
2320,372,3416,27,2024-03-26,11430,3,Proposal,Commit,2024-03-26,open,,
2329,955,3440,2,2024-03-24,6410,1,Discovery,Commit,2024-01-09,open,,
2330,955,3438,2,2024-03-21,16636,2,Demo,Best Case,2024-01-05,open,,
2366,196,3515,49,2024-02-28,62384,5,Closed,Omit,2020-01-01,lost,2024-04-02,no_budget
2421,3217,3587,25,2024-02-01,5948,5,Closed,Omit,2024-01-05,lost,2024-03-13,feature_gap
2422,3217,3585,25,2024-02-01,14938,1,Discovery,Omit,2024-03-22,open,,
2423,3217,3587,25,2024-01-30,7204,3,Proposal,Best Case,2024-02-29,open,,
2424,3217,3586,25,2024-02-07,24992,2,Demo,Best Case,2024-01-14,open,,
2438,1076,3611,48,2024-01-09,11243,2,Demo,Omit,2020-01-01,open,,
2439,1076,3611,48,2024-01-08,22324,5,Closed,Best Case,2024-01-09,lost,2024-01-31,no_decision
2440,1076,3611,48,2024-01-01,11127,5,Closed,Best Case,2024-02-19,lost,2024-01-13,timing
2452,3011,3629,21,2024-03-10,18102,5,Closed,Commit,2024-02-14,won,2024-06-11,
2465,3437,3644,2,2024-01-12,13013,5,Closed,Commit,2024-01-30,lost,2024-02-20,no_decision
2473,2302,3656,36,2024-01-05,80832,0,Qualification,Commit,2024-01-01,open,,
2486,344,3667,23,2024-03-10,37902,2,Demo,Commit,2024-02-27,open,,
2487,344,3667,23,2024-03-10,35953,5,Closed,Omit,2024-01-18,lost,2024-06-18,no_decision
2488,344,3667,23,2024-03-05,92021,3,Proposal,Best Case,2024-02-01,open,,
2490,1213,3668,12,2024-01-04,11948,5,Closed,Commit,2024-01-15,won,2024-02-26,
2586,36,,23,2024-02-26,23789,5,Closed,Omit,2024-01-04,won,2024-05-11,
2587,36,3826,23,2024-02-28,21930,2,Demo,Omit,2024-02-01,open,,
2588,36,3826,23,2024-02-22,16796,2,Demo,Best Case,2024-03-11,open,,
2619,864,3884,15,2024-02-03,8326,5,Closed,Best Case,2024-02-26,won,2024-05-19,
2659,1248,3948,15,2024-03-28,10621,2,Demo,Best Case,2024-02-27,open,,
2662,3206,3960,24,2024-01-14,375386,3,Proposal,Omit,2024-02-02,open,,
2663,3206,3960,24,2024-01-20,403957,5,Closed,Omit,2024-02-07,won,2024-02-24,
2664,3206,3961,24,2024-01-16,412677,1,Discovery,Omit,2024-03-22,open,,
2665,3206,3961,24,2024-01-16,442091,5,Closed,Omit,2024-02-22,won,2024-03-17,
2745,1373,4069,30,2024-03-21,63528,5,Closed,Omit,2024-01-09,won,2024-06-09,
2746,1373,4070,30,2024-03-20,27732,5,Closed,Omit,2024-03-09,won,2024-06-17,
2749,3027,4079,33,2024-03-30,27747,5,Closed,Best Case,2020-01-01,won,2024-06-17,
2750,1148,4081,46,2024-01-10,15473,5,Closed,Commit,2024-03-24,won,2024-04-15,
2751,2270,4083,45,2024-02-29,6271,2,Demo,Best Case,2020-01-01,open,,
2773,1221,4112,12,2024-02-09,94523,5,Closed,Best Case,2024-01-21,lost,2024-04-30,no_budget
2774,1221,4111,12,2024-02-15,63518,5,Closed,Commit,2024-03-13,won,2024-03-24,
2775,1221,4112,12,2024-02-12,35732,5,Closed,Commit,2024-02-11,won,2024-03-21,
2797,892,4146,24,2024-01-27,20324,5,Closed,Omit,2024-02-04,won,2024-02-15,
2798,892,4146,24,2024-01-27,20713,5,Closed,Omit,2020-01-01,won,2024-05-21,
2799,892,4146,24,2024-02-02,17280,5,Closed,Best Case,2024-03-20,won,2024-04-08,
2802,2913,4154,30,2024-02-19,57626,5,Closed,Commit,2024-02-01,lost,2024-04-24,timing
2803,2913,4154,30,2024-02-13,36827,5,Closed,Omit,2024-03-06,lost,2024-06-10,timing
2804,2913,4154,30,2024-02-21,62437,5,Closed,Commit,2024-02-13,won,2024-06-18,
2813,978,4164,27,2024-01-25,7842,5,Closed,Omit,2024-01-30,won,2024-03-18,
2814,978,4163,27,2024-01-31,13099,5,Closed,Best Case,2024-01-11,won,2024-03-07,
2815,978,4164,27,2024-01-27,14634,4,Negotiation,Omit,2020-01-01,open,,
2871,1426,4248,42,2024-03-21,19100,1,Discovery,Best Case,2024-01-06,open,,
2882,377,4265,34,2024-01-03,8194,5,Closed,Commit,2024-02-27,won,2024-01-14,
2892,1420,4285,16,2024-01-25,33942,5,Closed,Best Case,2024-03-05,lost,2024-04-20,timing
2948,1843,4355,10,2024-02-05,76514,5,Closed,Commit,2024-01-13,won,2024-02-11,
2949,1843,4356,10,2024-02-05,42328,5,Closed,Best Case,2024-02-25,won,2024-04-01,
2950,1843,4355,10,2024-02-13,56741,5,Closed,Commit,2024-02-12,lost,2024-04-26,no_budget
2951,1843,4356,10,2024-02-08,50140,5,Closed,Best Case,2024-03-14,won,2024-05-30,
2952,1843,4355,10,2024-02-14,67930,5,Closed,Best Case,2024-03-05,won,2024-05-10,
2966,867,4377,31,2024-01-06,73448,1,Discovery,Best Case,2024-03-30,open,,
2984,3290,4397,15,2024-01-03,87921,5,Closed,Omit,2024-02-18,won,2024-03-16,
2985,3290,4397,15,2024-01-04,48340,5,Closed,Omit,2024-03-21,won,2024-02-04,
3022,3974,4472,29,2024-03-03,48764,5,Closed,Best Case,2024-01-06,lost,2024-03-25,feature_gap
3034,1095,4498,11,2024-02-14,15885,2,Demo,Commit,2020-01-01,open,,
3057,2408,,10,2024-03-23,24351,5,Closed,Omit,2024-03-03,won,2024-04-24,
3058,2408,4539,10,2024-03-26,7053,5,Closed,Commit,2024-02-13,won,2024-06-14,
3085,942,4574,25,2024-01-27,9697,5,Closed,Best Case,2024-02-15,won,2024-03-24,
3086,963,4577,11,2024-02-11,20965,1,Discovery,Omit,2024-01-12,open,,
3093,2741,4586,33,2024-02-29,329192,5,Closed,Commit,2024-01-09,won,2024-04-28,
3094,2741,4587,33,2024-02-21,354135,2,Demo,Best Case,2024-03-22,open,,
3095,2741,4586,33,2024-02-29,303432,5,Closed,Commit,2020-01-01,won,2024-06-16,
3115,3062,4625,19,2024-03-02,10378,5,Closed,Omit,2024-03-22,lost,2024-03-28,timing
3122,3794,4631,46,2024-01-19,15847,5,Closed,Commit,2024-02-08,won,2024-02-09,
3123,3794,4632,46,2024-01-20,7277,5,Closed,Omit,2024-01-12,won,2024-01-28,
3124,3794,4631,46,2024-01-19,10441,5,Closed,Commit,2024-03-08,won,2024-02-10,
3125,3794,4631,46,2024-01-22,12289,5,Closed,Omit,2024-02-06,won,2024-03-05,
3127,2642,4639,31,2024-02-03,19628,5,Closed,Commit,2024-01-18,won,2024-04-23,
3128,2642,4640,31,2024-02-05,10811,5,Closed,Omit,2020-01-01,won,2024-04-22,
3204,1271,4748,27,2024-02-03,14384,5,Closed,Commit,2024-01-12,won,2024-04-13,
3232,4,4802,22,2024-02-25,7893,5,Closed,Best Case,2024-02-23,won,2024-04-28,
3233,4,4802,22,2024-03-02,18794,5,Closed,Commit,2024-01-09,won,2024-03-24,
3258,1602,4838,1,2024-03-22,20069,5,Closed,Omit,2024-02-13,won,2024-04-15,
3260,2456,4845,7,2024-01-12,22157,3,Proposal,Best Case,2024-03-04,open,,
3261,2456,4846,7,2024-01-19,12234,1,Discovery,Omit,2024-02-10,open,,
3305,3475,4907,25,2024-03-12,11877,5,Closed,Omit,2024-03-29,won,2024-06-15,
3317,2556,4920,3,2024-01-09,16108,2,Demo,Commit,2024-03-09,open,,
3363,1294,4984,13,2024-01-01,9654,5,Closed,Best Case,2020-01-01,won,2024-03-22,
3405,3015,5062,23,2024-03-13,14190,5,Closed,Commit,2024-01-20,won,2024-05-07,
3406,3015,5061,23,2024-03-12,23186,5,Closed,Commit,2024-03-06,won,2024-05-22,
3449,3541,5142,32,2024-02-05,16741,5,Closed,Best Case,2024-02-25,won,2024-05-22,
3459,2173,5160,3,2024-02-21,10282,5,Closed,Omit,2024-03-05,lost,2024-04-01,feature_gap
3461,1098,,40,2024-02-02,22198,5,Closed,Best Case,2024-03-16,won,2024-04-28,
3462,1098,5166,40,2024-02-12,8122,5,Closed,Omit,2024-01-30,won,2024-05-04,
3478,2491,5193,1,2024-02-17,20258,1,Discovery,Commit,2024-01-13,open,,
3479,2491,5192,1,2024-02-17,18351,5,Closed,Best Case,2024-01-17,won,2024-05-07,
3485,2860,5206,11,2024-01-10,18240,5,Closed,Omit,2024-01-16,won,2024-01-23,
3486,2860,5206,11,2024-01-12,12855,5,Closed,Commit,2024-03-11,won,2024-05-07,
3490,3065,5219,26,2024-03-16,14117,5,Closed,Commit,2024-03-23,lost,2024-03-29,timing
3491,3065,5219,26,2024-03-21,21182,5,Closed,Best Case,2024-02-23,won,2024-04-23,
3548,1071,5305,44,2024-02-15,9254,1,Discovery,Omit,2024-03-26,open,,
3549,1071,5307,44,2024-02-11,5735,5,Closed,Omit,2024-03-12,won,2024-02-26,
3576,581,5360,18,2024-01-09,21640,4,Negotiation,Commit,2024-01-24,open,,
3587,1058,5377,13,2024-03-31,29925,3,Proposal,Omit,2024-01-13,open,,
3609,2554,5421,13,2024-02-11,65312,5,Closed,Best Case,2024-01-06,won,2024-05-04,
3610,2554,5421,13,2024-02-11,56293,5,Closed,Omit,2024-01-15,won,2024-04-19,
3656,1461,5488,42,2024-03-16,14864,3,Proposal,Omit,2024-01-04,open,,
3657,1461,5488,42,2024-03-24,9091,5,Closed,Best Case,2024-01-06,won,2024-04-29,
3659,327,5491,35,2024-03-03,77804,5,Closed,Omit,2024-01-26,won,2024-05-27,
3660,327,5491,35,2024-02-25,41965,5,Closed,Omit,2024-02-27,lost,2024-04-08,no_budget
3661,327,5491,35,2024-02-22,65793,3,Proposal,Best Case,2024-01-06,open,,
3662,327,5491,35,2024-02-24,38022,5,Closed,Omit,2024-02-08,won,2024-04-25,
3682,2185,5527,9,2024-01-16,8974,5,Closed,Best Case,2024-03-15,won,2024-02-29,
3702,3619,5562,17,2024-03-07,23837,5,Closed,Omit,2024-01-13,won,2024-06-25,
3705,159,5572,22,2024-03-21,7691,3,Proposal,Omit,2020-01-01,open,,
3706,159,5572,22,2024-03-22,18904,1,Discovery,Omit,2020-01-01,open,,
3707,159,5572,22,2024-03-23,22182,5,Closed,Best Case,2024-03-20,lost,2024-04-22,feature_gap
3708,159,5572,22,2024-03-24,10423,5,Closed,Commit,2024-03-24,lost,2024-07-20,timing
3727,3199,5596,34,2024-02-25,483429,5,Closed,Best Case,2024-02-03,won,2024-05-08,
3761,293,5646,24,2024-02-11,23838,5,Closed,Commit,2024-02-01,won,2024-05-13,
3805,3582,5708,37,2024-02-08,22076,5,Closed,Commit,2024-03-07,won,2024-04-14,
3806,3582,5708,37,2024-02-14,16239,2,Demo,Best Case,2024-03-26,open,,
3807,3582,5707,37,2024-02-18,12736,5,Closed,Commit,2024-02-01,won,2024-05-26,
3813,537,5722,22,2024-03-17,53719,3,Proposal,Commit,2024-01-31,open,,
3860,1893,5788,49,2024-03-11,84234,3,Proposal,Omit,2024-02-03,open,,
3868,3446,5800,19,2024-03-07,5636,5,Closed,Omit,2024-01-17,won,2024-06-28,
3869,3446,5800,19,2024-03-09,11681,5,Closed,Commit,2024-02-04,won,2024-04-13,
3883,1358,5821,20,2024-01-26,73409,5,Closed,Commit,2020-01-01,lost,2024-05-02,no_decision
3884,1358,5821,20,2024-01-22,56751,3,Proposal,Best Case,2024-03-26,open,,
3885,1358,5821,20,2024-01-20,91247,5,Closed,Best Case,2024-01-29,won,2024-03-29,
3889,1008,5835,35,2024-03-07,16864,2,Demo,Best Case,2024-02-17,open,,
3891,3144,5838,24,2024-02-05,5932,2,Demo,Omit,2024-01-25,open,,
3892,3144,5838,24,2024-02-09,6112,4,Negotiation,Omit,2024-03-15,open,,
3893,3144,5838,24,2024-02-08,7738,1,Discovery,Omit,2024-03-23,open,,
3896,937,5844,38,2024-01-30,10108,5,Closed,Commit,2024-02-11,won,2024-04-30,
3897,937,5844,38,2024-02-01,7070,1,Discovery,Omit,2024-03-09,open,,
3898,937,5844,38,2024-01-30,22268,5,Closed,Omit,2024-01-04,won,2024-04-02,
3917,3976,5880,5,2024-03-20,186630,2,Demo,Best Case,2024-01-05,open,,
3975,2248,5966,33,2024-02-07,6504,5,Closed,Best Case,2020-01-01,won,2024-04-07,
3976,2248,5966,33,2024-01-30,6743,1,Discovery,Commit,2024-01-16,open,,
3977,2248,5966,33,2024-01-30,19123,5,Closed,Commit,2024-02-18,lost,2024-04-02,no_budget
3981,1826,5981,10,2024-03-12,9438,5,Closed,Commit,2024-02-04,won,2024-05-09,
3997,3077,6016,33,2024-03-07,87274,2,Demo,Best Case,2024-02-12,open,,
3998,3077,6016,33,2024-03-09,80769,5,Closed,Best Case,2024-01-09,won,2024-04-08,
3999,3077,6016,33,2024-03-03,25119,5,Closed,Omit,2024-02-25,won,2024-06-04,
4030,1632,6068,7,2024-01-06,89470,5,Closed,Best Case,2024-01-19,won,2024-01-12,
4035,3175,6075,38,2024-01-04,91424,2,Demo,Best Case,2020-01-01,open,,
4036,3175,6073,38,2024-01-13,36106,5,Closed,Best Case,2024-03-14,lost,2024-05-03,no_budget
4037,3175,6073,38,2024-01-04,64472,5,Closed,Commit,2024-03-21,won,2024-03-12,
4038,3175,6075,38,2024-01-13,32000,5,Closed,Omit,2024-01-08,won,2024-03-29,
4039,3175,6073,38,2024-01-03,98501,5,Closed,Omit,2024-02-26,won,2024-04-23,
4042,1752,6080,19,2024-03-20,71925,5,Closed,Best Case,2024-02-14,won,2024-06-19,
4051,1947,6098,17,2024-02-10,10573,5,Closed,Omit,2024-02-05,won,2024-03-30,
4073,3615,6132,1,2024-03-11,8523,3,Proposal,Omit,2024-01-20,open,,
4074,3615,6131,1,2024-03-17,12413,4,Negotiation,Omit,2020-01-01,open,,
4077,2636,6146,18,2024-03-01,6421,5,Closed,Omit,2024-03-29,won,2024-04-09,
4114,3689,6207,18,2024-03-02,54535,0,Qualification,Commit,2024-03-29,open,,
4131,2397,6243,14,2024-01-20,18834,1,Discovery,Omit,2024-01-16,open,,
4132,2397,,14,2024-01-24,14454,5,Closed,Omit,2024-02-08,won,2024-04-13,
4133,2397,6243,14,2024-01-27,15788,2,Demo,Best Case,2024-01-04,open,,
4169,3092,64,10,2024-02-23,17674,5,Closed,Commit,2024-03-07,won,2024-06-19,
4204,3571,6355,12,2024-02-04,17842,5,Closed,Best Case,2024-03-06,won,2024-05-10,
4249,241,6419,7,2024-03-02,13861,3,Proposal,Commit,2024-01-13,open,,
4250,241,6418,7,2024-03-08,13080,5,Closed,Omit,2020-01-01,won,2024-06-24,
4253,3464,6427,24,2024-01-07,278891,5,Closed,Omit,2024-02-11,won,2024-02-28,
4274,1661,6453,11,2024-03-06,14933,5,Closed,Best Case,2024-01-16,lost,2024-05-09,no_decision
4278,1512,6459,35,2024-01-12,14710,1,Discovery,Omit,2024-01-01,open,,
4279,1512,6459,35,2024-01-11,8789,5,Closed,Commit,2024-01-15,won,2024-02-15,
4280,1512,6459,35,2024-01-09,6962,5,Closed,Commit,2024-02-19,won,2024-02-04,
4287,360,6474,18,2024-03-08,5446,1,Discovery,Best Case,2024-03-07,open,,
4290,2091,,2,2024-03-01,22976,2,Demo,Omit,2020-01-01,open,,
4291,2091,6479,2,2024-02-27,14958,5,Closed,Best Case,2024-03-28,won,2024-05-07,
4303,1857,6497,21,2024-03-24,15570,3,Proposal,Best Case,2024-03-05,open,,
4309,1434,6504,6,2024-01-18,9646,5,Closed,Omit,2024-01-13,won,2024-03-30,
4354,2581,6558,30,2024-02-08,22937,3,Proposal,Best Case,2024-03-29,open,,
4355,2581,6558,30,2024-02-02,8922,5,Closed,Best Case,2024-03-12,lost,2024-05-05,no_budget
4378,2802,6577,7,2024-01-30,17258,5,Closed,Best Case,2024-01-30,won,2024-02-13,
4379,2802,6579,7,2024-01-30,9576,5,Closed,Commit,2020-01-01,won,2024-04-23,
4388,1507,6604,27,2024-02-06,15713,5,Closed,Omit,2024-03-03,lost,2024-04-30,no_budget
4389,1507,6604,27,2024-02-08,18789,5,Closed,Commit,2024-02-14,won,2024-05-01,
4434,2199,6664,10,2024-03-29,24825,5,Closed,Omit,2024-02-27,won,2024-05-30,
4435,2199,6663,10,2024-03-23,20608,5,Closed,Best Case,2024-03-07,won,2024-05-05,
4436,2199,6663,10,2024-03-30,12732,5,Closed,Best Case,2024-01-09,won,2024-04-17,
4500,1490,6758,40,2024-02-19,81783,2,Demo,Omit,2024-01-01,open,,
4501,1490,6757,40,2024-02-15,73471,5,Closed,Omit,2024-02-19,won,2024-04-28,
4502,1490,6758,40,2024-02-12,81681,2,Demo,Omit,2024-03-21,open,,
4557,199,6832,11,2024-03-01,83272,5,Closed,Omit,2024-01-20,won,2024-03-28,
4558,199,6833,11,2024-03-07,92935,5,Closed,Best Case,2024-01-26,lost,2024-05-13,timing
4582,2047,6867,7,2024-01-04,44577,5,Closed,Omit,2024-02-09,won,2024-03-08,
4590,290,6885,18,2024-03-14,14791,5,Closed,Omit,2024-01-16,won,2024-04-04,
4591,290,6885,18,2024-03-12,16853,5,Closed,Commit,2024-02-26,won,2024-05-31,
4592,290,6884,18,2024-03-14,11075,3,Proposal,Omit,2020-01-01,open,,
4597,3000,6894,23,2024-01-19,22435,2,Demo,Commit,2024-01-22,open,,
4598,3000,6894,23,2024-01-22,15731,5,Closed,Best Case,2024-01-26,won,2024-05-20,
4641,1198,6941,40,2024-03-22,76712,5,Closed,Commit,2024-02-01,lost,2024-05-09,no_budget
4661,1656,6974,13,2024-03-24,15085,5,Closed,Commit,2024-01-12,won,2024-07-03,
4733,136,7074,3,2024-02-22,16167,5,Closed,Commit,2020-01-01,won,2024-03-10,
4755,953,7102,25,2024-03-05,49343,5,Closed,Best Case,2024-01-30,won,2024-03-27,
4756,953,7103,25,2024-03-01,95990,5,Closed,Commit,2024-01-28,won,2024-04-27,
4757,953,7102,25,2024-03-05,78950,5,Closed,Omit,2024-03-20,won,2024-05-06,
4767,2195,7137,15,2024-03-03,95829,5,Closed,Omit,2024-02-04,won,2024-05-02,
4768,2195,7138,15,2024-02-26,95778,5,Closed,Best Case,2024-02-09,won,2024-04-25,
4769,2195,7137,15,2024-03-02,34663,5,Closed,Omit,2024-02-24,won,2024-04-09,
4772,1981,7142,15,2024-01-15,23699,3,Proposal,Best Case,2024-03-20,open,,
4816,2681,7213,29,2024-01-01,79750,5,Closed,Omit,2020-01-01,lost,2024-02-05,feature_gap
4817,2681,7214,29,2024-01-06,64647,5,Closed,Commit,2024-03-06,won,2024-02-18,
4837,3902,7257,39,2024-01-12,19393,5,Closed,Best Case,2024-01-12,won,2024-05-03,
4916,103,7364,39,2024-03-15,15423,2,Demo,Best Case,2024-01-26,open,,
4918,3737,7373,10,2024-01-14,8925,5,Closed,Commit,2024-01-11,won,2024-02-06,
4919,949,7375,2,2024-02-26,19370,4,Negotiation,Best Case,2024-01-01,open,,
4922,2254,7380,50,2024-03-06,13267,2,Demo,Best Case,2024-01-09,open,,
4928,3486,7391,15,2024-03-18,15665,5,Closed,Commit,2024-03-05,lost,2024-06-10,feature_gap
4932,3629,7398,24,2024-02-01,12799,2,Demo,Omit,2024-01-21,open,,
4933,3629,7397,24,2024-01-26,24050,1,Discovery,Omit,2024-03-05,open,,
4934,3629,7397,24,2024-01-28,11829,4,Negotiation,Commit,2024-03-09,open,,
4944,2008,7410,24,2024-01-16,17613,5,Closed,Omit,2024-03-11,lost,2024-04-05,no_decision
4945,2008,7410,24,2024-01-12,5643,2,Demo,Best Case,2024-02-15,open,,
4946,2008,7410,24,2024-01-11,8717,3,Proposal,Best Case,2024-01-03,open,,
4947,2008,7410,24,2024-01-12,22615,1,Discovery,Omit,2024-02-28,open,,
4959,3675,7432,27,2024-02-10,78456,5,Closed,Omit,2020-01-01,won,2024-02-22,
4966,3497,7443,10,2024-01-30,13475,5,Closed,Omit,2024-02-28,won,2024-03-11,
4987,3214,7477,1,2024-03-27,15574,2,Demo,Best Case,2020-01-01,open,,
5000,1215,7497,39,2024-03-11,19527,5,Closed,Omit,2024-03-12,won,2024-06-29,
5008,1156,7507,5,2024-01-01,18036,2,Demo,Best Case,2024-03-30,open,,
5009,1156,7507,5,2024-01-06,14238,5,Closed,Commit,2024-01-12,won,2024-04-11,
5018,2278,7523,24,2024-03-06,47814,0,Qualification,Commit,2024-02-29,open,,
5019,2278,7522,24,2024-03-01,51530,5,Closed,Commit,2020-01-01,won,2024-04-04,
5020,2278,7523,24,2024-03-03,75384,3,Proposal,Omit,2020-01-01,open,,
5023,389,7524,34,2024-01-01,22350,5,Closed,Commit,2024-01-17,won,2024-01-24,
5042,2072,7566,40,2024-01-04,20225,5,Closed,Omit,2024-01-13,won,2024-02-23,
5043,2072,7565,40,2024-01-05,9697,4,Negotiation,Omit,2024-03-14,open,,
5044,2343,7571,4,2024-03-05,12013,5,Closed,Best Case,2024-03-05,won,2024-03-23,
5050,2817,7581,4,2024-02-23,67787,5,Closed,Commit,2024-01-06,won,2024-05-25,
5051,2817,7581,4,2024-02-15,61462,5,Closed,Omit,2024-03-02,lost,2024-05-26,no_budget
5052,2817,7581,4,2024-02-13,68479,5,Closed,Omit,2024-03-26,lost,2024-05-02,feature_gap
5053,2817,7581,4,2024-02-15,26995,3,Proposal,Commit,2024-03-13,open,,
5089,1707,7644,12,2024-03-29,31826,5,Closed,Omit,2024-01-19,won,2024-07-22,
5090,1707,7644,12,2024-03-30,51444,5,Closed,Omit,2024-02-01,won,2024-04-20,
5091,1707,7643,12,2024-03-20,45234,5,Closed,Commit,2024-02-03,lost,2024-06-08,timing
5095,844,7649,39,2024-03-13,19627,5,Closed,Omit,2024-02-09,won,2024-04-07,
5096,844,7649,39,2024-03-07,7274,5,Closed,Best Case,2024-01-11,won,2024-06-18,
5143,1943,7712,30,2024-01-21,24180,5,Closed,Omit,2024-02-13,won,2024-05-16,
5174,1744,7759,33,2024-01-20,7061,5,Closed,Best Case,2024-01-29,won,2024-03-29,
5175,1744,7759,33,2024-01-26,11474,5,Closed,Commit,2024-02-25,lost,2024-02-07,timing
5232,1306,7850,45,2024-03-07,28503,5,Closed,Best Case,2020-01-01,lost,2024-03-25,no_decision
5257,35,7905,5,2024-02-09,13427,3,Proposal,Omit,2024-03-24,open,,
5294,2019,,1,2024-02-06,30340,2,Demo,Commit,2024-02-14,open,,
5313,2516,7991,12,2024-03-06,24942,0,Qualification,Commit,2024-03-02,open,,
5314,2516,7991,12,2024-03-07,6231,2,Demo,Omit,2024-01-26,open,,
5315,2516,7991,12,2024-03-10,19426,2,Demo,Best Case,2024-03-24,open,,
5320,2687,7999,11,2024-01-01,6614,3,Proposal,Omit,2024-02-08,open,,
5329,2439,8008,26,2024-01-13,37956,2,Demo,Best Case,2024-01-05,open,,
5330,2439,8008,26,2024-01-12,62986,5,Closed,Omit,2024-03-09,won,2024-03-16,
5331,2439,8008,26,2024-01-05,86899,4,Negotiation,Commit,2024-01-17,open,,
5338,568,8018,29,2024-02-28,16080,0,Qualification,Omit,2024-03-21,open,,
5339,568,8019,29,2024-02-27,7535,1,Discovery,Best Case,2024-01-12,open,,
5351,447,8049,33,2024-02-28,97333,3,Proposal,Best Case,2024-03-23,open,,
5405,2175,5246,34,2024-03-10,98053,5,Closed,Omit,2024-02-12,won,2024-04-06,
5417,2414,4213,22,2024-03-25,12118,5,Closed,Omit,2024-01-13,won,2024-06-16,
5427,158,7729,40,2024-02-05,82425,5,Closed,Omit,2024-01-23,won,2024-02-27,
5447,1061,1779,24,2024-03-23,22100,5,Closed,Best Case,2024-03-20,won,2024-07-10,
5449,3135,6902,20,2024-02-14,6884,5,Closed,Best Case,2024-01-09,lost,2024-04-14,no_budget
5465,1177,7248,32,2024-02-27,13675,5,Closed,Best Case,2024-02-01,lost,2024-03-17,no_budget
5469,2191,5795,48,2024-03-26,70424,5,Closed,Commit,2024-02-10,won,2024-06-12,
5471,2522,7517,35,2024-02-03,32582,5,Closed,Omit,2024-01-22,lost,2024-03-02,no_budget
5498,869,6772,8,2024-02-15,5362,3,Proposal,Best Case,2024-02-26,open,,
5500,266,8086,7,2024-01-26,13876,3,Proposal,Omit,2024-01-14,open,,
5502,3046,5931,12,2024-02-13,22295,5,Closed,Commit,2020-01-01,won,2024-04-29,
5522,1275,4902,26,2024-03-21,22047,4,Negotiation,Commit,2020-01-01,open,,
5532,3295,5676,32,2024-01-08,22675,3,Proposal,Omit,2024-02-19,open,,
5534,787,3406,18,2024-01-06,8743,5,Closed,Best Case,2024-01-03,won,2024-02-24,
5543,501,4171,12,2024-03-03,67201,5,Closed,Commit,2024-03-09,lost,2024-06-08,no_decision
5546,2225,6616,8,2024-03-07,42623,5,Closed,Commit,2020-01-01,won,2024-05-20,
5548,2972,,38,2024-01-09,80250,5,Closed,Best Case,2024-01-31,won,2024-02-14,
5560,391,3791,8,2024-03-17,20761,5,Closed,Omit,2024-02-15,lost,2024-04-08,timing
5565,2333,509,21,2024-03-12,26050,5,Closed,Omit,2024-01-14,lost,2024-04-29,feature_gap
5576,15,4766,35,2024-01-09,92176,5,Closed,Best Case,2020-01-01,won,2024-01-25,
5577,3315,1904,3,2024-03-25,7398,1,Discovery,Commit,2024-03-21,open,,
5595,2152,5620,15,2024-02-10,11054,5,Closed,Best Case,2020-01-01,won,2024-06-06,
5606,1626,6436,48,2024-02-23,20330,5,Closed,Commit,2024-03-26,won,2024-06-21,
5611,3317,252,27,2024-02-19,11714,5,Closed,Commit,2024-02-25,won,2024-04-03,
5632,1973,6971,31,2024-02-09,21726,2,Demo,Best Case,2024-01-16,open,,
5635,1608,4938,43,2024-03-25,10270,2,Demo,Omit,2024-02-23,open,,
5649,297,2332,44,2024-01-24,17291,5,Closed,Omit,2024-01-27,won,2024-04-27,
5657,1781,775,38,2024-01-17,51803,5,Closed,Commit,2020-01-01,won,2024-04-10,
5677,2079,714,30,2024-03-06,5523,5,Closed,Best Case,2024-02-03,lost,2024-06-20,no_decision
5680,3217,3587,25,2024-03-31,7204,5,Closed,Omit,2024-02-19,won,2024-05-02,
5687,3192,6443,14,2024-03-12,34019,5,Closed,Best Case,2024-03-17,won,2024-06-14,
5690,3109,3387,4,2024-02-04,17960,5,Closed,Commit,2024-02-06,lost,2024-04-29,no_budget
5694,1275,4902,26,2024-01-13,22047,5,Closed,Best Case,2024-02-09,won,2024-03-25,
5718,371,3942,27,2024-03-23,11270,5,Closed,Commit,2024-02-02,won,2024-05-08,
5723,2609,4912,3,2024-01-05,73576,2,Demo,Omit,2020-01-01,open,,
5726,3151,2920,19,2024-02-20,42344,5,Closed,Best Case,2024-01-31,won,2024-05-27,
5749,2727,4330,47,2024-02-25,34077,5,Closed,Omit,2020-01-01,won,2024-04-24,
5753,2590,4159,29,2024-01-02,35831,5,Closed,Omit,2024-03-12,won,2024-04-20,
5761,3905,1229,31,2024-03-30,49139,5,Closed,Omit,2024-01-05,won,2024-06-02,
5766,3402,3422,42,2024-03-29,14323,5,Closed,Best Case,2024-01-28,won,2024-06-29,
5776,695,7196,6,2024-03-26,7056,5,Closed,Commit,2024-02-17,won,2024-07-18,
5779,3382,6530,37,2024-01-17,11028,5,Closed,Best Case,2020-01-01,won,2024-01-28,
5791,982,2540,23,2024-01-04,170857,1,Discovery,Commit,2020-01-01,open,,
5796,2534,2232,35,2024-02-04,17298,5,Closed,Commit,2024-02-09,won,2024-02-20,
5801,440,5945,18,2024-02-27,7270,4,Negotiation,Best Case,2020-01-01,open,,
5804,3205,6070,17,2024-01-21,20164,5,Closed,Omit,2024-01-10,lost,2024-05-14,timing
5809,2398,1677,27,2024-01-15,43319,5,Closed,Commit,2024-01-26,lost,2024-03-03,timing
5815,2800,2506,34,2024-01-14,16557,5,Closed,Best Case,2020-01-01,won,2024-04-23,
5824,2523,7629,45,2024-03-16,6332,2,Demo,Omit,2024-01-16,open,,
5826,1274,2862,50,2024-03-10,23626,2,Demo,Omit,2024-03-11,open,,
5832,754,4439,36,2024-03-05,41572,5,Closed,Best Case,2020-01-01,won,2024-06-27,
5835,1714,5147,29,2024-01-23,6679,1,Discovery,Commit,2024-01-12,open,,
5840,3945,4906,14,2024-02-20,34517,5,Closed,Commit,2024-02-06,lost,2024-04-18,feature_gap
5846,254,6773,9,2024-03-30,8656,5,Closed,Best Case,2024-01-04,won,2024-05-31,
5849,1061,1780,24,2024-02-10,17502,5,Closed,Commit,2024-03-19,won,2024-03-09,
5855,342,5606,20,2024-01-16,81046,5,Closed,Best Case,2020-01-01,won,2024-03-16,
5877,2128,6253,27,2024-02-28,21017,5,Closed,Omit,2024-01-03,won,2024-06-12,
5890,841,1938,12,2024-03-24,19324,5,Closed,Omit,2024-03-01,won,2024-04-26,
5893,2861,6369,42,2024-02-02,79163,5,Closed,Omit,2024-01-20,won,2024-04-02,
5908,713,4322,27,2024-03-11,392669,3,Proposal,Best Case,2024-03-16,open,,
5911,2375,276,20,2024-03-17,302594,2,Demo,Commit,2024-03-03,open,,
5957,3470,1561,19,2024-02-06,102625,5,Closed,Best Case,2024-03-12,won,2024-04-29,
5967,164,3160,37,2024-02-01,7180,3,Proposal,Omit,2024-02-08,open,,
5989,739,4183,6,2024-01-27,15137,3,Proposal,Best Case,2024-01-02,open,,
5990,1802,7635,45,2024-01-24,72751,0,Qualification,Omit,2024-03-07,open,,
5997,1561,5182,47,2024-03-30,64129,5,Closed,Omit,2024-03-06,lost,2024-04-27,no_decision
15,3256,19,3,2024-05-10,13365,5,Closed,Omit,2020-01-01,won,2024-08-16,
41,2675,53,18,2024-05-11,22856,3,Proposal,Best Case,2020-01-01,open,,
42,2675,53,18,2024-05-17,15766,3,Proposal,Commit,2024-05-06,open,,
43,2675,53,18,2024-05-16,20519,5,Closed,Omit,2024-06-20,won,2024-08-22,
60,3845,82,21,2024-05-02,9632,5,Closed,Omit,2024-04-15,won,2024-08-21,
76,281,104,13,2024-05-06,12783,5,Closed,Commit,2024-04-14,won,2024-09-02,
93,3583,139,42,2024-06-19,8377,5,Closed,Omit,2024-06-09,won,2024-07-02,
107,635,171,49,2024-04-20,50855,5,Closed,Commit,2024-05-02,lost,2024-07-08,timing
108,635,,49,2024-04-23,68093,5,Closed,Omit,2024-06-22,won,2024-07-26,
119,823,184,39,2024-06-29,16619,3,Proposal,Commit,2024-06-06,open,,
120,823,183,39,2024-06-27,8199,5,Closed,Commit,2024-06-16,lost,2024-08-07,no_decision
173,2606,269,2,2024-05-29,10212,0,Qualification,Omit,2020-01-01,open,,
199,1355,300,4,2024-06-14,76503,5,Closed,Commit,2024-06-12,won,2024-07-14,
209,173,320,37,2024-06-23,16111,2,Demo,Omit,2024-05-25,open,,
212,1485,326,13,2024-05-19,28874,5,Closed,Commit,2024-06-19,won,2024-09-14,
213,1485,327,13,2024-05-20,51157,3,Proposal,Best Case,2024-04-21,open,,
222,1547,335,44,2024-05-14,7874,5,Closed,Commit,2024-06-30,won,2024-07-16,
223,1547,,44,2024-05-09,10684,2,Demo,Best Case,2024-06-26,open,,
228,3407,352,38,2024-04-05,88373,5,Closed,Best Case,2024-05-10,won,2024-07-11,
229,3407,353,38,2024-04-07,65592,2,Demo,Best Case,2024-05-06,open,,
230,3407,352,38,2024-04-06,46826,5,Closed,Omit,2024-06-24,won,2024-04-15,
231,3407,353,38,2024-04-04,74933,2,Demo,Best Case,2024-06-29,open,,
250,1238,384,11,2024-05-01,14107,5,Closed,Commit,2024-06-10,won,2024-05-22,
253,75,386,21,2024-05-10,67726,5,Closed,Commit,2024-04-21,lost,2024-08-02,no_budget
271,2704,410,36,2024-06-03,34602,5,Closed,Omit,2024-05-13,won,2024-07-22,
272,2704,408,36,2024-06-02,57061,3,Proposal,Commit,2024-04-08,open,,
273,2704,409,36,2024-06-08,90798,2,Demo,Commit,2024-04-30,open,,
281,2198,424,34,2024-04-06,7430,1,Discovery,Omit,2020-01-01,open,,
282,2198,424,34,2024-04-04,17414,5,Closed,Omit,2024-06-01,won,2024-05-25,
283,690,427,6,2024-06-26,94893,5,Closed,Omit,2024-05-08,won,2024-07-12,
284,690,425,6,2024-06-21,80778,5,Closed,Commit,2024-05-11,won,2024-08-20,
285,690,427,6,2024-06-21,97248,5,Closed,Omit,2024-04-19,won,2024-08-16,
289,3276,433,12,2024-06-19,6331,5,Closed,Commit,2024-04-10,won,2024-09-10,
290,3276,433,12,2024-06-20,23853,5,Closed,Best Case,2020-01-01,won,2024-08-25,
305,632,458,23,2024-05-11,339059,5,Closed,Commit,2024-06-01,won,2024-05-28,
311,2241,465,14,2024-06-29,17711,2,Demo,Omit,2024-04-23,open,,
313,1398,469,19,2024-04-07,23986,5,Closed,Commit,2024-06-27,won,2024-06-28,
314,1754,470,49,2024-04-06,14696,1,Discovery,Omit,2024-05-18,open,,
331,450,493,34,2024-04-21,21503,3,Proposal,Omit,2020-01-01,open,,
332,450,493,34,2024-04-19,19571,5,Closed,Best Case,2024-06-06,lost,2024-05-19,no_decision
333,450,491,34,2024-04-20,5308,3,Proposal,Omit,2024-04-13,open,,
341,2040,504,2,2024-04-17,39979,2,Demo,Commit,2024-05-20,open,,
342,2040,503,2,2024-04-23,44606,5,Closed,Best Case,2024-05-02,won,2024-05-19,
361,286,531,38,2024-05-15,19047,4,Negotiation,Commit,2024-04-26,open,,
362,286,531,38,2024-05-19,19674,5,Closed,Best Case,2020-01-01,won,2024-08-17,
382,1046,577,5,2024-05-11,12346,5,Closed,Best Case,2024-06-06,won,2024-07-31,
383,1046,575,5,2024-05-12,20754,5,Closed,Best Case,2024-05-29,won,2024-05-25,
422,406,646,34,2024-04-21,40042,5,Closed,Best Case,2024-05-31,won,2024-05-08,
423,406,646,34,2024-04-19,43115,5,Closed,Best Case,2024-06-01,won,2024-06-11,
441,1747,681,17,2024-06-19,12494,1,Discovery,Commit,2024-06-03,open,,
442,1747,680,17,2024-06-12,5021,5,Closed,Best Case,2024-04-01,won,2024-09-08,
443,1758,683,3,2024-06-12,48161,5,Closed,Best Case,2024-04-06,won,2024-09-18,
445,3745,687,9,2024-06-03,22979,3,Proposal,Omit,2024-06-10,open,,
446,1945,690,14,2024-04-03,66214,5,Closed,Best Case,2024-06-03,lost,2024-04-08,feature_gap
455,1532,704,30,2024-04-11,12448,4,Negotiation,Commit,2020-01-01,open,,
456,967,709,14,2024-04-28,13845,5,Closed,Omit,2020-01-01,won,2024-06-02,
457,967,710,14,2024-04-29,17028,5,Closed,Best Case,2024-05-11,won,2024-06-17,
458,967,711,14,2024-05-02,15750,5,Closed,Omit,2024-06-27,won,2024-07-27,
481,661,736,6,2024-05-21,7888,3,Proposal,Best Case,2024-05-26,open,,
482,661,737,6,2024-05-19,24531,5,Closed,Omit,2024-05-08,won,2024-06-15,
489,545,753,40,2024-05-24,8675,2,Demo,Commit,2024-05-30,open,,
538,2324,831,43,2024-06-11,6151,5,Closed,Omit,2024-04-27,won,2024-09-08,
539,2324,833,43,2024-06-04,23560,3,Proposal,Commit,2024-04-28,open,,
559,3877,858,21,2024-06-06,14647,5,Closed,Best Case,2024-04-08,won,2024-09-15,
561,1698,863,9,2024-06-27,24914,5,Closed,Best Case,2024-06-28,lost,2024-09-01,no_budget
562,1698,863,9,2024-06-30,23986,5,Closed,Best Case,2024-05-26,won,2024-07-10,
563,2001,864,4,2024-05-21,5506,3,Proposal,Omit,2024-05-08,open,,
564,2001,864,4,2024-05-26,12044,5,Closed,Omit,2024-06-27,lost,2024-06-16,timing
565,2001,864,4,2024-05-29,19662,1,Discovery,Commit,2024-06-13,open,,
566,2001,865,4,2024-05-29,23697,5,Closed,Commit,2024-06-25,won,2024-08-07,
579,1244,887,11,2024-04-15,358501,5,Closed,Best Case,2024-04-23,won,2024-07-11,
587,2140,905,5,2024-04-02,15932,5,Closed,Commit,2024-05-20,lost,2024-05-28,timing
618,94,960,50,2024-05-24,10672,5,Closed,Best Case,2024-06-26,won,2024-08-30,
629,163,975,21,2024-06-24,447556,5,Closed,Commit,2020-01-01,won,2024-10-20,
630,163,975,21,2024-06-26,460191,5,Closed,Commit,2024-06-12,won,2024-08-04,
631,163,975,21,2024-06-24,294286,5,Closed,Best Case,2024-05-28,lost,2024-07-28,feature_gap
641,1092,990,19,2024-05-20,5269,5,Closed,Best Case,2024-06-04,won,2024-06-25,
667,2170,1019,39,2024-06-08,14674,5,Closed,Omit,2024-04-19,lost,2024-08-10,timing
692,3699,1050,15,2024-05-14,71944,5,Closed,Omit,2024-04-15,won,2024-08-28,
720,2002,1088,32,2024-06-04,34257,5,Closed,Commit,2024-06-08,won,2024-08-04,
745,3426,1133,31,2024-06-12,67678,5,Closed,Best Case,2024-04-27,won,2024-09-02,
746,3426,1134,31,2024-06-12,28600,5,Closed,Commit,2024-05-16,won,2024-09-29,
747,3426,1133,31,2024-06-11,65893,5,Closed,Omit,2020-01-01,won,2024-07-23,
789,2394,1198,49,2024-05-06,20971,5,Closed,Commit,2024-05-11,won,2024-08-10,
818,3188,1238,23,2024-04-06,16488,5,Closed,Omit,2024-05-20,lost,2024-07-11,timing
819,3188,1238,23,2024-04-13,6849,2,Demo,Commit,2024-06-08,open,,
872,45,1314,34,2024-05-20,17755,5,Closed,Best Case,2024-05-01,won,2024-09-03,
873,45,1314,34,2024-05-22,16584,5,Closed,Omit,2024-04-02,won,2024-07-13,
901,1519,,18,2024-06-22,34529,5,Closed,Commit,2024-04-29,won,2024-07-23,
902,1519,1360,18,2024-06-30,93293,5,Closed,Commit,2024-06-27,lost,2024-07-07,feature_gap
970,567,1469,16,2024-04-30,34279,1,Discovery,Omit,2024-04-13,open,,
971,567,1469,16,2024-05-08,61550,5,Closed,Best Case,2024-05-04,won,2024-08-31,
972,567,1469,16,2024-05-08,65252,5,Closed,Best Case,2024-05-13,won,2024-09-02,
1058,2706,1580,6,2024-04-01,5710,5,Closed,Omit,2024-05-24,lost,2024-05-23,no_decision
1068,2023,1597,5,2024-06-05,22676,2,Demo,Commit,2024-06-29,open,,
1128,2796,1669,47,2024-04-18,12344,5,Closed,Commit,2024-06-30,won,2024-05-11,
1129,2796,1669,47,2024-04-21,17258,5,Closed,Commit,2020-01-01,won,2024-06-12,
1130,2796,1669,47,2024-04-20,7346,2,Demo,Best Case,2020-01-01,open,,
1152,2539,1698,16,2024-05-01,50482,2,Demo,Omit,2020-01-01,open,,
1153,2539,1699,16,2024-05-02,89322,5,Closed,Commit,2024-06-04,lost,2024-05-28,feature_gap
1154,2539,1698,16,2024-04-27,27247,5,Closed,Omit,2024-05-14,won,2024-05-06,
1155,2539,1698,16,2024-04-23,74569,2,Demo,Best Case,2024-06-25,open,,
1207,711,1750,10,2024-06-22,19032,2,Demo,Best Case,2024-06-24,open,,
1208,711,1750,10,2024-06-19,18104,2,Demo,Best Case,2024-05-06,open,,
1209,711,1752,10,2024-06-25,13891,5,Closed,Commit,2020-01-01,lost,2024-10-18,no_decision
1255,3325,1819,18,2024-05-22,12302,2,Demo,Omit,2024-05-14,open,,
1256,3325,1819,18,2024-05-18,16312,5,Closed,Omit,2024-05-03,won,2024-08-07,
1259,1190,1822,5,2024-04-09,9838,5,Closed,Commit,2024-04-09,won,2024-08-06,
1266,973,1827,1,2024-05-02,15490,3,Proposal,Commit,2024-05-19,open,,
1267,973,1828,1,2024-05-02,11786,2,Demo,Best Case,2024-06-17,open,,
1268,973,1827,1,2024-05-04,15347,0,Qualification,Best Case,2024-05-01,open,,
1273,691,1833,34,2024-05-18,7963,5,Closed,Commit,2024-05-14,won,2024-08-15,
1306,30,1885,13,2024-04-04,21522,5,Closed,Commit,2024-06-16,won,2024-06-11,
1307,30,1885,13,2024-04-07,16183,1,Discovery,Commit,2024-05-11,open,,
1308,30,1885,13,2024-04-08,13369,5,Closed,Commit,2024-05-12,lost,2024-05-12,no_decision
1309,30,1885,13,2024-04-14,20685,3,Proposal,Best Case,2024-05-20,open,,
1313,1452,1894,20,2024-04-10,35312,5,Closed,Best Case,2024-06-24,won,2024-05-30,
1314,1452,1893,20,2024-04-09,67793,5,Closed,Best Case,2020-01-01,won,2024-07-02,
1319,3315,1904,3,2024-05-17,7398,5,Closed,Best Case,2024-05-08,won,2024-06-16,
1320,3315,1904,3,2024-05-20,15089,5,Closed,Best Case,2024-05-08,lost,2024-09-10,feature_gap
1321,3315,1904,3,2024-05-23,12395,2,Demo,Omit,2024-05-17,open,,
1322,3315,1904,3,2024-05-20,19093,5,Closed,Best Case,2024-06-18,won,2024-07-13,
1323,3315,1904,3,2024-05-24,23728,4,Negotiation,Omit,2024-05-19,open,,
1325,475,,40,2024-04-08,19299,1,Discovery,Best Case,2024-05-22,open,,
1326,475,1907,40,2024-04-16,18177,5,Closed,Best Case,2024-05-17,won,2024-04-25,
1367,2048,1959,30,2024-06-29,12056,2,Demo,Commit,2024-06-06,open,,
1377,1978,1979,11,2024-05-21,21718,0,Qualification,Omit,2024-05-24,open,,
1378,1978,1979,11,2024-05-25,19640,2,Demo,Best Case,2024-05-17,open,,
1379,1978,1979,11,2024-05-20,21546,5,Closed,Commit,2024-05-20,won,2024-07-30,
1396,3020,2009,26,2024-06-03,13237,5,Closed,Commit,2020-01-01,lost,2024-08-06,feature_gap
1397,3020,2009,26,2024-05-30,11802,5,Closed,Commit,2024-06-08,won,2024-09-08,
1398,3020,2008,26,2024-06-02,14356,5,Closed,Commit,2024-05-10,won,2024-06-08,
1412,3690,2025,4,2024-05-08,17290,5,Closed,Best Case,2024-06-11,won,2024-06-26,
1413,3690,2026,4,2024-05-08,10776,5,Closed,Omit,2024-06-15,won,2024-06-24,
1414,3690,2025,4,2024-05-10,6486,3,Proposal,Commit,2024-05-19,open,,
1429,3637,2051,3,2024-06-01,5496,5,Closed,Best Case,2024-04-23,won,2024-06-21,
1430,3637,2050,3,2024-06-02,21556,5,Closed,Commit,2024-06-14,won,2024-09-28,
1431,3637,2052,3,2024-05-28,6085,4,Negotiation,Omit,2024-06-17,open,,
1435,2869,2061,26,2024-06-10,16522,2,Demo,Best Case,2024-06-17,open,,
1436,2869,2061,26,2024-06-14,12026,1,Discovery,Omit,2020-01-01,open,,
1449,901,2089,39,2024-04-12,38256,5,Closed,Omit,2024-04-11,won,2024-05-31,
1450,901,2088,39,2024-04-11,68504,2,Demo,Best Case,2024-06-24,open,,
1451,901,2088,39,2024-04-16,90689,5,Closed,Omit,2024-04-05,won,2024-07-04,
1452,901,2088,39,2024-04-15,94771,5,Closed,Omit,2024-06-29,won,2024-05-19,
1462,3835,2099,14,2024-06-19,88309,5,Closed,Best Case,2024-04-21,won,2024-10-08,
1469,834,2115,18,2024-04-05,82773,5,Closed,Commit,2024-04-04,won,2024-06-28,
1470,834,2115,18,2024-04-11,43523,5,Closed,Commit,2024-06-05,won,2024-07-02,
1471,834,,18,2024-04-11,27279,5,Closed,Best Case,2024-05-20,won,2024-05-08,
1557,2486,2269,15,2024-05-29,7899,2,Demo,Best Case,2020-01-01,open,,
1558,1439,2270,8,2024-05-19,18709,5,Closed,Commit,2024-06-01,won,2024-06-19,
1559,1439,2272,8,2024-05-14,23454,5,Closed,Best Case,2024-04-21,won,2024-05-28,
1581,2845,2296,29,2024-05-03,59595,5,Closed,Best Case,2024-05-28,lost,2024-06-06,no_budget
1644,3723,2384,44,2024-04-01,18471,2,Demo,Best Case,2024-04-14,open,,
1666,2610,2426,6,2024-06-03,6930,5,Closed,Omit,2024-05-14,won,2024-09-07,
1667,2610,2425,6,2024-05-30,17415,3,Proposal,Best Case,2024-04-01,open,,
1681,2934,2458,17,2024-04-26,15130,2,Demo,Best Case,2024-05-24,open,,
1683,504,2462,40,2024-05-26,12531,2,Demo,Commit,2024-05-10,open,,
1768,606,2604,9,2024-04-21,15440,5,Closed,Omit,2024-06-29,won,2024-07-05,
1819,2742,2693,3,2024-06-03,90055,2,Demo,Omit,2024-06-08,open,,
1840,2555,2722,25,2024-04-30,36682,1,Discovery,Commit,2024-04-10,open,,
1841,2555,2722,25,2024-04-29,55167,5,Closed,Best Case,2024-05-08,lost,2024-08-24,no_decision
1843,2362,2725,38,2024-06-20,5384,5,Closed,Commit,2024-04-20,won,2024-09-23,
1844,2362,2725,38,2024-06-23,20250,5,Closed,Best Case,2024-05-01,lost,2024-10-03,no_budget
1853,983,2738,19,2024-04-20,16037,4,Negotiation,Commit,2024-04-04,open,,
1856,3767,2740,48,2024-04-12,19281,5,Closed,Best Case,2024-05-25,lost,2024-05-08,timing
1889,3709,2784,48,2024-04-13,82057,5,Closed,Commit,2024-04-13,won,2024-05-01,
1890,3709,2785,48,2024-04-13,57869,5,Closed,Commit,2024-06-10,won,2024-05-07,
1904,2982,2815,11,2024-04-06,83113,5,Closed,Best Case,2024-06-08,won,2024-05-20,
1912,2162,2830,14,2024-06-18,19783,4,Negotiation,Commit,2024-04-13,open,,
1934,3249,2855,29,2024-06-28,5929,5,Closed,Commit,2024-04-10,won,2024-09-04,
1959,3705,2892,43,2024-05-31,30740,2,Demo,Best Case,2020-01-01,open,,
1960,3705,2892,43,2024-05-25,44431,5,Closed,Best Case,2024-05-08,won,2024-06-23,
1961,3705,2892,43,2024-05-26,43905,5,Closed,Best Case,2024-06-21,won,2024-08-27,
2029,984,2993,22,2024-04-08,67690,5,Closed,Commit,2024-05-02,won,2024-05-26,
2030,984,2991,22,2024-04-01,87832,4,Negotiation,Omit,2020-01-01,open,,
2072,3267,3051,24,2024-04-09,489502,5,Closed,Commit,2024-04-03,lost,2024-06-20,timing
2084,1212,3065,5,2024-04-11,12191,2,Demo,Best Case,2020-01-01,open,,
2131,1528,3120,13,2024-06-10,80776,5,Closed,Commit,2024-06-22,lost,2024-06-26,feature_gap
2142,3372,3130,17,2024-05-30,8654,1,Discovery,Commit,2020-01-01,open,,
2143,3372,3130,17,2024-05-29,11542,5,Closed,Commit,2024-04-03,won,2024-08-12,
2144,3372,3129,17,2024-06-01,5362,1,Discovery,Best Case,2024-05-15,open,,
2163,3168,3175,13,2024-06-29,8078,3,Proposal,Commit,2024-06-04,open,,
2164,3168,3175,13,2024-06-29,12145,5,Closed,Commit,2024-04-14,lost,2024-09-02,timing
2220,131,3281,35,2024-06-12,10837,5,Closed,Omit,2024-06-14,won,2024-09-29,
2221,131,3282,35,2024-06-08,7426,5,Closed,Best Case,2024-04-20,won,2024-08-07,
2235,1288,3302,45,2024-05-28,12882,5,Closed,Omit,2024-04-30,won,2024-08-12,
2258,3782,3328,30,2024-06-08,21691,5,Closed,Commit,2024-05-27,won,2024-08-30,
2259,3782,3328,30,2024-06-14,14290,5,Closed,Commit,2024-04-24,won,2024-09-15,
2260,3782,3329,30,2024-06-13,13065,1,Discovery,Commit,2024-06-03,open,,
2317,2933,3408,17,2024-05-04,14673,3,Proposal,Commit,2024-05-18,open,,
2362,1457,3511,3,2024-05-03,10800,3,Proposal,Best Case,2024-05-20,open,,
2363,1457,3513,3,2024-05-04,23151,5,Closed,Best Case,2024-06-28,won,2024-06-19,
2413,3394,3575,26,2024-04-26,31079,5,Closed,Omit,2024-04-02,won,2024-05-21,
2414,3394,3576,26,2024-05-01,51380,5,Closed,Commit,2024-05-01,lost,2024-06-24,timing
2501,3631,3685,37,2024-06-10,22287,5,Closed,Best Case,2024-05-08,won,2024-09-22,
2505,2204,3692,21,2024-04-21,24669,5,Closed,Commit,2024-06-02,lost,2024-07-28,feature_gap
2506,2204,3692,21,2024-04-18,14317,5,Closed,Commit,2024-06-26,lost,2024-06-12,no_decision
2537,1291,3754,32,2024-05-29,19014,5,Closed,Commit,2024-04-08,won,2024-07-01,
2538,1291,3755,32,2024-06-06,18788,5,Closed,Best Case,2024-05-21,won,2024-07-03,
2539,1291,,32,2024-06-05,20628,3,Proposal,Omit,2024-05-10,open,,
2590,2093,3835,4,2024-06-24,462578,5,Closed,Omit,2024-04-07,won,2024-10-05,
2592,2093,3835,4,2024-06-27,394409,5,Closed,Commit,2024-05-06,won,2024-07-17,
2635,1900,3905,31,2024-04-26,22930,5,Closed,Best Case,2024-06-18,won,2024-08-17,
2636,1900,3905,31,2024-04-27,17271,3,Proposal,Omit,2024-06-22,open,,
2655,2334,3932,50,2024-06-03,12021,5,Closed,Best Case,2024-04-14,won,2024-09-05,
2656,2334,3932,50,2024-06-09,12840,5,Closed,Best Case,2024-05-31,won,2024-09-27,
2748,3027,4079,33,2024-04-04,56945,5,Closed,Omit,2024-04-01,lost,2024-07-10,no_budget
2754,2625,4088,23,2024-06-12,8039,5,Closed,Best Case,2024-06-14,lost,2024-09-13,feature_gap
2776,2538,4113,17,2024-04-09,22910,5,Closed,Best Case,2024-06-19,won,2024-06-13,
2801,2565,4153,29,2024-06-29,85254,2,Demo,Commit,2024-06-13,open,,
2809,977,4161,14,2024-06-08,22080,5,Closed,Commit,2024-04-03,lost,2024-10-02,no_decision
2810,977,4161,14,2024-06-08,14357,5,Closed,Omit,2024-06-12,won,2024-09-12,
2817,1672,4169,48,2024-04-21,14896,5,Closed,Best Case,2024-06-26,won,2024-07-31,
2825,470,4174,27,2024-06-22,24965,3,Proposal,Best Case,2024-06-06,open,,
2832,739,4181,6,2024-04-14,19301,1,Discovery,Commit,2024-05-25,open,,
2833,739,4183,6,2024-04-13,15137,1,Discovery,Commit,2024-05-06,open,,
2834,739,4181,6,2024-04-19,7736,3,Proposal,Best Case,2020-01-01,open,,
2835,1537,4185,27,2024-04-10,21100,5,Closed,Best Case,2024-04-08,won,2024-07-01,
2836,2309,4188,49,2024-05-22,75930,5,Closed,Best Case,2024-05-03,won,2024-08-28,
2837,721,4189,43,2024-06-26,80270,5,Closed,Omit,2024-05-29,won,2024-08-02,
2841,3824,4197,16,2024-05-22,86214,5,Closed,Best Case,2024-06-02,won,2024-08-14,
2842,2257,4198,47,2024-05-08,12930,2,Demo,Commit,2024-05-25,open,,
2843,2257,4198,47,2024-05-02,24431,5,Closed,Commit,2024-06-28,lost,2024-07-28,no_budget
2859,2025,4224,31,2024-04-08,465173,2,Demo,Omit,2024-06-19,open,,
2891,626,4283,17,2024-05-08,22032,5,Closed,Best Case,2020-01-01,won,2024-07-05,
2893,3947,4287,16,2024-06-04,23126,5,Closed,Omit,2020-01-01,won,2024-06-18,
2894,3947,4286,16,2024-06-12,17618,5,Closed,Best Case,2024-05-03,won,2024-07-14,
2923,713,4323,27,2024-05-02,214562,5,Closed,Best Case,2024-04-02,won,2024-07-20,
2924,713,4323,27,2024-05-04,400680,1,Discovery,Omit,2024-06-14,open,,
2925,713,4322,27,2024-04-30,282099,5,Closed,Commit,2024-06-17,won,2024-06-08,
2926,713,4322,27,2024-05-07,392669,5,Closed,Omit,2024-05-03,lost,2024-06-10,no_budget
2927,713,4322,27,2024-04-28,437821,1,Discovery,Commit,2024-05-17,open,,
2944,2236,4350,11,2024-05-26,16011,2,Demo,Commit,2024-04-10,open,,
2960,2736,4374,47,2024-04-30,6079,1,Discovery,Best Case,2024-05-11,open,,
2961,2736,4372,47,2024-05-08,21240,5,Closed,Omit,2024-06-18,won,2024-07-06,
2962,2736,4374,47,2024-05-06,10012,5,Closed,Omit,2024-06-11,lost,2024-07-16,no_decision
2963,2736,4373,47,2024-05-09,22563,5,Closed,Omit,2024-04-28,won,2024-08-28,
2964,2736,4373,47,2024-04-29,11513,5,Closed,Best Case,2024-05-30,lost,2024-08-15,no_budget
2967,1882,4379,36,2024-05-03,7469,5,Closed,Best Case,2020-01-01,won,2024-08-12,
2970,1391,4385,33,2024-06-11,7605,1,Discovery,Best Case,2020-01-01,open,,
2971,1391,4385,33,2024-06-15,7958,3,Proposal,Omit,2024-04-19,open,,
2972,1391,4386,33,2024-06-17,9404,5,Closed,Best Case,2024-06-30,lost,2024-09-04,feature_gap
3013,2247,4457,21,2024-06-21,7495,5,Closed,Omit,2024-06-11,lost,2024-09-04,feature_gap
3014,2247,4457,21,2024-06-21,9743,5,Closed,Commit,2024-06-30,won,2024-08-04,
3043,795,4520,17,2024-06-06,50917,1,Discovery,Omit,2024-04-02,open,,
3044,2635,4523,40,2024-05-17,81023,5,Closed,Commit,2024-06-08,won,2024-08-06,
3045,2635,4522,40,2024-05-14,53698,5,Closed,Best Case,2024-06-17,won,2024-08-17,
3059,1860,4543,11,2024-06-25,12332,5,Closed,Best Case,2024-04-06,lost,2024-10-10,feature_gap
3060,1860,4543,11,2024-06-29,20971,5,Closed,Commit,2024-05-10,won,2024-07-07,
3061,1860,4543,11,2024-06-27,12873,5,Closed,Commit,2024-04-24,won,2024-08-30,
3105,2594,4604,34,2024-06-13,9796,1,Discovery,Best Case,2024-06-28,open,,
3106,2594,4604,34,2024-06-11,9983,2,Demo,Best Case,2024-06-11,open,,
3107,1805,4605,20,2024-06-28,12247,1,Discovery,Commit,2024-05-24,open,,
3108,1805,4605,20,2024-06-28,18518,5,Closed,Best Case,2024-05-03,won,2024-08-10,
3109,1805,4605,20,2024-06-28,19499,5,Closed,Omit,2024-06-26,won,2024-10-21,
3120,826,4630,2,2024-05-09,61501,2,Demo,Omit,2024-05-22,open,,
3121,826,4630,2,2024-05-01,85359,5,Closed,Omit,2024-06-29,won,2024-05-27,
3139,3931,4651,1,2024-04-14,13725,5,Closed,Best Case,2024-06-29,won,2024-04-28,
3146,2851,4668,4,2024-04-27,17927,5,Closed,Best Case,2024-05-10,won,2024-07-06,
3164,257,4701,33,2024-05-01,20766,5,Closed,Commit,2024-05-22,won,2024-07-27,
3165,257,4699,33,2024-04-30,19860,5,Closed,Best Case,2024-04-20,won,2024-07-22,
3166,257,4701,33,2024-05-06,14181,5,Closed,Best Case,2024-05-24,won,2024-07-28,
3167,2437,4702,24,2024-05-11,14710,4,Negotiation,Omit,2024-06-02,open,,
3168,2437,4702,24,2024-05-13,21712,5,Closed,Omit,2024-04-10,lost,2024-05-28,no_decision
3220,1207,4777,21,2024-06-20,17278,1,Discovery,Commit,2024-06-22,open,,
3221,1207,4777,21,2024-06-20,17629,5,Closed,Omit,2024-05-16,won,2024-06-25,
3239,2878,4809,47,2024-05-13,17840,5,Closed,Best Case,2024-05-04,won,2024-05-22,
3240,2878,4809,47,2024-05-15,17716,3,Proposal,Commit,2020-01-01,open,,
3245,3133,4819,5,2024-06-10,38606,5,Closed,Omit,2024-06-01,won,2024-09-13,
3246,3133,4819,5,2024-06-11,44195,5,Closed,Commit,2020-01-01,lost,2024-06-27,no_budget
3247,3133,4817,5,2024-06-12,60987,5,Closed,Commit,2024-05-14,lost,2024-10-06,feature_gap
3253,838,4828,29,2024-06-29,21816,5,Closed,Omit,2020-01-01,won,2024-09-30,
3297,688,4895,39,2024-05-08,8583,0,Qualification,Commit,2024-04-05,open,,
3353,3085,4972,24,2024-04-06,40936,5,Closed,Commit,2024-04-07,won,2024-06-08,
3354,1356,4973,26,2024-04-04,19499,5,Closed,Omit,2024-05-17,won,2024-05-07,
3368,2872,4995,18,2024-06-17,8618,5,Closed,Best Case,2024-05-29,lost,2024-09-30,feature_gap
3386,1043,5032,37,2024-04-10,55401,5,Closed,Omit,2024-04-14,won,2024-05-11,
3387,1043,5032,37,2024-04-14,38445,5,Closed,Commit,2024-04-04,won,2024-05-06,
3412,3010,5070,35,2024-06-20,19054,5,Closed,Best Case,2024-05-17,lost,2024-07-03,timing
3422,832,5085,23,2024-04-26,22843,2,Demo,Commit,2024-04-28,open,,
3448,2297,5141,4,2024-06-04,24918,5,Closed,Omit,2024-05-17,won,2024-08-07,
3473,191,5180,35,2024-04-20,427870,5,Closed,Omit,2024-04-18,lost,2024-05-11,no_budget
3474,191,5181,35,2024-04-16,190309,5,Closed,Commit,2024-04-28,won,2024-05-30,
3515,464,,8,2024-06-05,31961,5,Closed,Commit,2024-05-31,won,2024-08-29,
3571,2743,5355,32,2024-05-02,17465,3,Proposal,Commit,2024-04-14,open,,
3586,2776,5375,31,2024-04-14,11862,5,Closed,Omit,2024-06-27,won,2024-04-20,
3602,2341,5400,16,2024-04-30,12093,5,Closed,Best Case,2024-06-25,won,2024-08-10,
3603,1174,5404,1,2024-05-13,57245,5,Closed,Best Case,2024-06-18,lost,2024-08-23,feature_gap
3604,1174,5403,1,2024-05-04,74779,5,Closed,Best Case,2024-06-20,won,2024-05-26,
3605,1174,5402,1,2024-05-11,82255,5,Closed,Commit,2024-05-14,won,2024-08-30,
3606,1703,5407,8,2024-05-26,23972,1,Discovery,Commit,2024-05-04,open,,
3658,3896,5489,35,2024-05-12,72809,5,Closed,Omit,2024-05-30,won,2024-08-21,
3675,884,5512,22,2024-05-19,6211,5,Closed,Omit,2024-05-29,won,2024-09-05,
3676,2442,5514,9,2024-04-19,9545,3,Proposal,Omit,2024-06-06,open,,
3716,3461,5581,30,2024-06-08,9523,5,Closed,Best Case,2024-05-19,lost,2024-09-06,feature_gap
3728,1731,5601,17,2024-06-21,23796,5,Closed,Best Case,2024-06-22,lost,2024-09-14,no_decision
3767,2667,5656,37,2024-05-07,87532,2,Demo,Commit,2024-06-03,open,,
3768,2667,,37,2024-05-02,70306,2,Demo,Commit,2024-04-09,open,,
3769,2667,5656,37,2024-05-10,59522,3,Proposal,Best Case,2024-06-04,open,,
3782,2511,5682,20,2024-05-07,15603,5,Closed,Omit,2024-05-15,won,2024-08-31,
3783,2511,5682,20,2024-05-08,7304,5,Closed,Best Case,2024-06-26,lost,2024-07-11,feature_gap
3784,2511,5682,20,2024-05-13,16123,2,Demo,Best Case,2024-05-26,open,,
3786,1599,5686,2,2024-04-14,88756,2,Demo,Commit,2024-06-04,open,,
3787,1599,5686,2,2024-04-14,38145,5,Closed,Omit,2020-01-01,won,2024-06-17,
3824,2778,5743,15,2024-05-12,71622,5,Closed,Commit,2024-05-24,won,2024-06-06,
3830,1653,5755,23,2024-05-26,21931,5,Closed,Best Case,2024-04-15,won,2024-09-13,
3853,38,5781,31,2024-04-15,20835,5,Closed,Omit,2024-04-29,won,2024-05-15,
3854,38,5781,31,2024-04-11,11290,5,Closed,Commit,2024-05-18,won,2024-07-25,
3855,1591,5785,5,2024-06-18,19437,5,Closed,Best Case,2024-05-16,won,2024-10-01,
3856,1591,5785,5,2024-06-22,7305,1,Discovery,Commit,2024-04-15,open,,
3866,2884,5797,2,2024-05-10,23449,5,Closed,Best Case,2024-05-11,lost,2024-08-30,no_budget
3888,2930,5827,7,2024-04-08,10759,5,Closed,Omit,2024-05-19,lost,2024-04-29,no_decision
3895,1745,5843,40,2024-05-29,18403,0,Qualification,Commit,2024-06-12,open,,
3918,648,5882,47,2024-06-16,22905,2,Demo,Commit,2024-06-06,open,,
3944,3477,5916,16,2024-06-22,35030,3,Proposal,Commit,2020-01-01,open,,
3945,3477,5917,16,2024-06-23,67504,5,Closed,Omit,2024-05-29,won,2024-07-14,
3946,3477,5916,16,2024-06-27,90647,2,Demo,Best Case,2024-05-17,open,,
3966,1655,5952,45,2024-06-14,31178,5,Closed,Commit,2024-04-21,won,2024-10-03,
3968,308,5957,44,2024-06-24,9975,5,Closed,Best Case,2024-06-19,lost,2024-09-10,timing
3970,3293,5961,7,2024-06-24,17844,5,Closed,Best Case,2024-04-07,won,2024-10-05,
3971,3293,5961,7,2024-06-28,18428,5,Closed,Omit,2024-06-08,won,2024-07-12,
3979,2502,5973,18,2024-06-17,21151,5,Closed,Best Case,2024-04-20,won,2024-07-12,
4000,52,6021,9,2024-06-12,10082,1,Discovery,Best Case,2024-05-18,open,,
4003,1995,6027,2,2024-04-26,181972,5,Closed,Best Case,2024-04-10,lost,2024-07-09,no_budget
4004,1995,6027,2,2024-04-28,299830,2,Demo,Best Case,2020-01-01,open,,
4020,2130,6053,7,2024-05-19,19902,3,Proposal,Commit,2024-06-05,open,,
4021,2130,6052,7,2024-05-11,5640,3,Proposal,Commit,2024-04-24,open,,
4022,2130,6053,7,2024-05-17,15972,5,Closed,Best Case,2024-06-06,won,2024-09-05,
4023,195,6058,16,2024-06-17,63981,5,Closed,Best Case,2024-06-30,won,2024-08-02,
4041,413,6079,2,2024-06-24,72729,5,Closed,Best Case,2024-04-21,won,2024-10-17,
4112,591,6202,30,2024-04-10,241501,3,Proposal,Best Case,2024-06-28,open,,
4134,2403,6247,47,2024-04-22,21415,5,Closed,Omit,2024-04-22,won,2024-05-12,
4178,3848,6311,33,2024-04-02,15963,5,Closed,Commit,2024-05-09,won,2024-06-07,
4179,3848,6311,33,2024-04-11,9010,5,Closed,Best Case,2024-04-30,won,2024-06-25,
4180,3848,6313,33,2024-04-10,6672,5,Closed,Omit,2024-06-18,lost,2024-07-04,feature_gap
4193,895,6330,39,2024-04-24,24281,5,Closed,Best Case,2024-05-21,won,2024-07-06,
4196,1097,6336,2,2024-05-14,8778,1,Discovery,Commit,2020-01-01,open,,
4197,1097,6335,2,2024-05-10,10452,3,Proposal,Best Case,2024-05-13,open,,
4203,2529,6350,37,2024-06-24,22666,5,Closed,Commit,2024-05-13,won,2024-07-21,
4205,3238,6360,36,2024-05-04,8643,5,Closed,Commit,2024-04-07,won,2024-05-16,
4206,3238,6360,36,2024-05-01,17332,2,Demo,Best Case,2024-06-03,open,,
4214,2940,6376,26,2024-05-18,269622,3,Proposal,Best Case,2024-05-03,open,,
4215,2940,6376,26,2024-05-19,162357,2,Demo,Best Case,2024-05-21,open,,
4216,2940,6376,26,2024-05-20,289338,5,Closed,Omit,2024-04-11,won,2024-06-14,
4227,902,6391,16,2024-06-24,16354,5,Closed,Commit,2020-01-01,won,2024-08-27,
4228,902,6391,16,2024-06-26,5825,5,Closed,Commit,2024-06-12,won,2024-08-16,
4229,3148,6394,35,2024-05-23,8879,5,Closed,Omit,2024-05-02,lost,2024-08-19,no_decision
4230,3148,6393,35,2024-05-28,24982,5,Closed,Best Case,2024-05-01,won,2024-08-11,
4231,3148,6393,35,2024-05-25,6947,5,Closed,Best Case,2024-05-04,won,2024-08-26,
4232,3148,6394,35,2024-05-29,14343,2,Demo,Commit,2024-05-21,open,,
4266,1626,6436,48,2024-06-15,20330,2,Demo,Commit,2024-06-20,open,,
4299,2810,6492,2,2024-06-15,15418,1,Discovery,Best Case,2024-05-27,open,,
4300,2810,6492,2,2024-06-14,18546,4,Negotiation,Commit,2024-04-26,open,,
4322,3987,6518,32,2024-05-18,23856,3,Proposal,Commit,2020-01-01,open,,
4323,2984,6520,19,2024-05-03,24125,3,Proposal,Commit,2020-01-01,open,,
4334,1343,6534,3,2024-04-28,460383,5,Closed,Omit,2024-05-13,won,2024-06-16,
4335,1343,6534,3,2024-04-25,267340,5,Closed,Commit,2024-06-01,won,2024-06-16,
4336,1343,6534,3,2024-04-19,386064,5,Closed,Omit,2024-06-14,lost,2024-04-28,feature_gap
4337,2762,,6,2024-06-20,91984,5,Closed,Omit,2024-04-20,won,2024-09-18,
4369,1795,6570,40,2024-04-02,17064,5,Closed,Best Case,2024-06-04,won,2024-05-06,
4370,1795,6571,40,2024-04-02,20864,5,Closed,Commit,2024-06-13,won,2024-05-28,
4458,341,6692,36,2024-06-08,156411,0,Qualification,Omit,2024-04-30,open,,
4459,341,6693,36,2024-06-11,468290,5,Closed,Omit,2024-05-09,won,2024-09-23,
4460,341,6694,36,2024-06-14,105248,5,Closed,Best Case,2020-01-01,won,2024-06-24,
4467,1771,6701,38,2024-06-25,15502,5,Closed,Commit,2024-06-27,won,2024-10-19,
4468,1771,6702,38,2024-06-21,7626,5,Closed,Omit,2024-04-10,won,2024-09-28,
4472,3312,6707,37,2024-05-16,20942,5,Closed,Omit,2024-06-06,won,2024-06-21,
4473,3312,6707,37,2024-05-16,18669,5,Closed,Omit,2024-04-01,won,2024-08-19,
4474,3312,6706,37,2024-05-12,6052,5,Closed,Commit,2020-01-01,lost,2024-07-31,feature_gap
4475,3312,6706,37,2024-05-12,8650,5,Closed,Omit,2024-05-10,won,2024-08-22,
4476,3312,6707,37,2024-05-10,5143,3,Proposal,Omit,2024-05-18,open,,
4477,2365,6708,35,2024-05-11,9644,5,Closed,Commit,2024-05-30,won,2024-07-23,
4478,2365,6709,35,2024-05-12,6170,5,Closed,Commit,2024-06-10,lost,2024-07-08,no_decision
4490,2551,6734,36,2024-05-09,46633,5,Closed,Best Case,2020-01-01,won,2024-06-27,
4491,2551,6734,36,2024-05-15,76051,5,Closed,Omit,2020-01-01,lost,2024-05-30,no_decision
4492,2551,6734,36,2024-05-12,53377,5,Closed,Omit,2024-05-20,lost,2024-05-30,no_decision
4507,1384,6769,16,2024-06-18,14240,1,Discovery,Commit,2024-04-14,open,,
4508,1384,6769,16,2024-06-13,22724,5,Closed,Best Case,2024-06-02,lost,2024-09-18,feature_gap
4512,3781,6774,22,2024-04-03,16266,5,Closed,Commit,2024-06-18,won,2024-05-10,
4513,3781,6775,22,2024-04-07,17204,5,Closed,Omit,2020-01-01,won,2024-05-01,
4514,3781,6775,22,2024-04-09,7245,5,Closed,Best Case,2020-01-01,lost,2024-06-14,timing
4541,149,6799,17,2024-06-13,72864,5,Closed,Omit,2024-04-28,won,2024-07-15,
4542,149,6799,17,2024-06-12,47970,5,Closed,Omit,2020-01-01,won,2024-08-27,
4564,2392,6851,13,2024-04-14,14852,5,Closed,Best Case,2024-06-19,won,2024-08-05,
4565,2652,6854,42,2024-05-20,53944,5,Closed,Best Case,2020-01-01,won,2024-07-01,
4566,2652,6853,42,2024-05-27,44198,5,Closed,Commit,2024-06-25,lost,2024-08-20,timing
4567,2652,6854,42,2024-05-22,71639,5,Closed,Omit,2024-05-11,won,2024-06-12,
4580,3930,6865,30,2024-05-29,78994,5,Closed,Best Case,2024-06-25,won,2024-08-23,
4581,3930,,30,2024-06-02,42128,5,Closed,Best Case,2024-04-14,won,2024-08-17,
4584,1075,6869,48,2024-05-30,95869,5,Closed,Best Case,2024-06-12,won,2024-08-29,
4585,1075,6871,48,2024-05-31,36239,3,Proposal,Omit,2024-06-24,open,,
4586,1075,6871,48,2024-05-23,49158,5,Closed,Commit,2024-06-12,lost,2024-08-13,feature_gap
4607,3135,6902,20,2024-06-22,6884,5,Closed,Best Case,2024-04-13,lost,2024-10-16,no_budget
4608,3135,6904,20,2024-06-17,8475,5,Closed,Omit,2024-04-14,won,2024-09-30,
4619,151,6915,6,2024-06-18,21039,5,Closed,Commit,2020-01-01,lost,2024-07-28,no_budget
4620,151,6915,6,2024-06-14,7040,5,Closed,Commit,2024-06-10,won,2024-08-02,
4621,151,,6,2024-06-14,19637,5,Closed,Commit,2024-05-04,won,2024-07-16,
4632,3324,,4,2024-06-06,51552,5,Closed,Commit,2024-05-29,won,2024-06-24,
4633,3324,6934,4,2024-06-05,42005,5,Closed,Commit,2024-05-18,won,2024-06-28,
4634,3324,6935,4,2024-06-13,41255,5,Closed,Best Case,2020-01-01,lost,2024-09-08,feature_gap
4652,2888,6964,13,2024-05-11,10033,5,Closed,Omit,2024-05-30,won,2024-05-17,
4688,1038,7009,30,2024-04-07,34537,5,Closed,Omit,2024-05-02,won,2024-06-04,
4726,3855,7060,21,2024-05-20,11944,5,Closed,Best Case,2024-04-29,won,2024-06-22,
4740,1199,7087,38,2024-04-30,12106,5,Closed,Commit,2024-06-13,won,2024-05-18,
4747,1803,7095,14,2024-04-25,6218,3,Proposal,Omit,2024-05-22,open,,
4765,1424,7132,7,2024-04-04,18955,2,Demo,Omit,2024-04-06,open,,
4798,695,7196,6,2024-05-17,7056,2,Demo,Omit,2024-06-19,open,,
4819,1831,7220,24,2024-06-23,15779,5,Closed,Omit,2024-06-27,won,2024-07-20,
4896,526,,42,2024-05-03,21158,5,Closed,Omit,2024-06-24,lost,2024-08-05,timing
4897,526,7336,42,2024-05-08,16089,5,Closed,Commit,2024-04-28,won,2024-07-08,
4898,2836,7340,22,2024-04-04,63056,1,Discovery,Omit,2024-06-05,open,,
4899,3919,7341,48,2024-05-09,76996,2,Demo,Commit,2024-06-27,open,,
4900,1541,7342,33,2024-05-24,20571,5,Closed,Omit,2020-01-01,won,2024-08-19,
4901,1541,7343,33,2024-05-14,9395,5,Closed,Best Case,2024-06-27,won,2024-06-08,
4902,1541,7342,33,2024-05-14,21986,5,Closed,Commit,2024-05-02,won,2024-05-22,
4903,3863,7349,21,2024-05-14,16918,2,Demo,Best Case,2024-05-03,open,,
4912,2451,7359,7,2024-06-10,18683,5,Closed,Best Case,2024-05-19,lost,2024-07-08,no_budget
4938,728,7401,21,2024-05-14,99690,5,Closed,Commit,2024-06-26,won,2024-08-09,
4939,728,7401,21,2024-05-13,27849,5,Closed,Commit,2024-06-20,won,2024-08-18,
4956,3004,7425,22,2024-04-01,57075,5,Closed,Omit,2024-05-23,won,2024-06-22,
4967,2082,7446,1,2024-06-08,19834,5,Closed,Best Case,2024-05-19,won,2024-07-13,
4968,2082,7446,1,2024-06-14,20760,5,Closed,Omit,2024-04-27,lost,2024-08-17,no_budget
4969,2082,7445,1,2024-06-17,11852,1,Discovery,Omit,2020-01-01,open,,
4980,3228,7473,46,2024-04-19,73278,5,Closed,Best Case,2020-01-01,won,2024-06-01,
4981,3228,7474,46,2024-04-20,27156,5,Closed,Omit,2020-01-01,won,2024-07-20,
5004,538,7503,48,2024-05-13,96453,5,Closed,Omit,2024-04-06,won,2024-08-24,
5054,1062,7583,1,2024-05-31,105274,5,Closed,Best Case,2024-04-20,won,2024-08-28,
5058,1678,7595,17,2024-05-31,21265,5,Closed,Commit,2024-06-22,won,2024-06-25,
5059,1678,7596,17,2024-06-03,7413,5,Closed,Best Case,2024-06-03,won,2024-06-16,
5082,2523,7629,45,2024-06-27,19077,5,Closed,Best Case,2020-01-01,won,2024-10-23,
5083,2523,7628,45,2024-06-30,5452,5,Closed,Commit,2024-05-01,won,2024-09-25,
5092,3651,7647,25,2024-05-18,20599,5,Closed,Omit,2024-05-19,won,2024-06-24,
5093,3651,7648,25,2024-05-21,9287,5,Closed,Commit,2024-05-09,lost,2024-06-04,no_budget
5094,3651,7647,25,2024-05-18,15643,1,Discovery,Commit,2024-05-01,open,,
5124,1347,7685,26,2024-06-01,6145,2,Demo,Best Case,2024-06-19,open,,
5125,1347,7684,26,2024-05-30,14778,5,Closed,Omit,2024-06-13,won,2024-08-08,
5130,2114,7694,11,2024-04-04,30178,5,Closed,Best Case,2020-01-01,won,2024-04-10,
5144,2049,7715,50,2024-06-29,8249,5,Closed,Commit,2024-05-08,won,2024-08-04,
5146,2049,7713,50,2024-06-27,8905,5,Closed,Omit,2024-04-30,won,2024-09-30,
5155,1285,7731,32,2024-05-29,87741,5,Closed,Omit,2024-06-06,won,2024-07-16,
5156,1285,7730,32,2024-05-21,96663,3,Proposal,Omit,2024-04-09,open,,
5157,1285,7730,32,2024-05-24,50982,2,Demo,Commit,2020-01-01,open,,
5158,1285,7731,32,2024-05-25,65824,5,Closed,Commit,2024-04-07,won,2024-09-01,
5176,1497,7762,31,2024-05-21,15503,5,Closed,Best Case,2020-01-01,won,2024-08-02,
5178,1582,7767,16,2024-06-01,14356,5,Closed,Omit,2024-05-02,won,2024-06-13,
5179,1582,7766,16,2024-06-09,22119,5,Closed,Commit,2024-05-04,won,2024-07-26,
5192,3496,7796,16,2024-06-30,44465,2,Demo,Best Case,2024-05-02,open,,
5204,2349,7813,18,2024-06-16,23015,5,Closed,Commit,2024-05-25,won,2024-06-23,
5205,2349,7813,18,2024-06-10,22979,5,Closed,Omit,2024-06-26,won,2024-08-09,
5228,77,7843,12,2024-04-07,6832,5,Closed,Best Case,2024-05-15,won,2024-05-01,
5234,3462,7860,20,2024-06-05,8358,2,Demo,Omit,2024-06-10,open,,
5235,3462,7860,20,2024-06-03,7431,5,Closed,Omit,2024-05-06,won,2024-08-18,
5238,3384,7865,31,2024-05-17,21981,3,Proposal,Commit,2024-05-02,open,,
5239,3384,7866,31,2024-05-25,9606,5,Closed,Commit,2024-06-17,won,2024-06-01,
5281,1728,7938,14,2024-04-13,8722,5,Closed,Best Case,2024-06-03,won,2024-06-11,
5288,114,7955,24,2024-04-21,14922,5,Closed,Commit,2024-04-14,won,2024-07-01,
5289,114,7955,24,2024-04-28,21700,5,Closed,Commit,2024-06-14,won,2024-07-31,
5293,2267,7959,49,2024-06-02,8451,5,Closed,Commit,2024-06-03,won,2024-07-29,
5295,3953,7964,49,2024-06-10,81707,2,Demo,Best Case,2024-04-04,open,,
5296,3953,7964,49,2024-06-13,95634,5,Closed,Commit,2024-05-10,won,2024-09-21,
5297,3953,7965,49,2024-06-13,29960,2,Demo,Commit,2024-05-14,open,,
5298,3953,7966,49,2024-06-13,25262,5,Closed,Best Case,2024-04-06,won,2024-08-11,
5300,1186,7970,35,2024-05-09,11302,5,Closed,Best Case,2024-04-09,won,2024-06-17,
5316,2532,7994,33,2024-04-24,24922,5,Closed,Omit,2024-05-16,won,2024-05-09,
5377,2037,7863,29,2024-06-16,8199,5,Closed,Commit,2024-06-05,won,2024-07-15,
5400,1153,1914,19,2024-04-30,274565,5,Closed,Omit,2024-06-03,won,2024-08-10,
5406,3528,4199,44,2024-04-06,12399,2,Demo,Commit,2024-05-14,open,,
5421,228,999,1,2024-06-01,18179,2,Demo,Omit,2024-06-08,open,,
5423,2338,3772,25,2024-04-11,6439,2,Demo,Best Case,2024-05-08,open,,
5433,2430,2971,49,2024-06-19,42824,5,Closed,Commit,2024-04-11,won,2024-10-05,
5452,84,4693,19,2024-05-27,20286,5,Closed,Commit,2024-05-14,lost,2024-07-21,no_decision
5467,211,2516,20,2024-06-28,338011,5,Closed,Commit,2020-01-01,won,2024-07-12,
5482,1365,5110,4,2024-05-04,16603,5,Closed,Commit,2024-04-12,lost,2024-06-28,no_decision
5485,3162,6677,40,2024-05-06,46674,5,Closed,Commit,2024-06-27,lost,2024-06-19,no_decision
5493,1596,5923,33,2024-05-30,41885,5,Closed,Best Case,2024-05-29,won,2024-06-07,
5499,1515,6102,36,2024-06-06,24639,5,Closed,Omit,2024-05-04,lost,2024-09-25,timing
5517,1774,6931,39,2024-05-29,12090,3,Proposal,Best Case,2024-04-25,open,,
5525,2147,782,18,2024-05-15,5600,2,Demo,Commit,2024-06-18,open,,
5542,2559,3063,16,2024-06-06,9971,5,Closed,Omit,2024-06-01,lost,2024-07-30,timing
5551,2009,4547,42,2024-04-14,73912,5,Closed,Best Case,2024-05-08,won,2024-05-24,
5556,2033,3878,34,2024-04-10,24658,5,Closed,Best Case,2024-04-06,won,2024-07-21,
5558,1271,4748,27,2024-05-10,14384,5,Closed,Omit,2024-06-14,lost,2024-08-22,timing
5561,169,3260,15,2024-06-17,10595,5,Closed,Omit,2024-04-01,won,2024-07-28,
5570,3702,848,19,2024-06-17,13590,5,Closed,Omit,2024-05-20,won,2024-07-22,
5571,2578,3400,7,2024-06-01,72041,5,Closed,Omit,2024-04-01,won,2024-06-21,
5572,1906,2955,6,2024-04-15,17590,1,Discovery,Best Case,2024-06-06,open,,
5581,2298,3516,39,2024-06-27,10785,2,Demo,Omit,2024-05-22,open,,
5584,217,1898,12,2024-06-25,14532,5,Closed,Best Case,2024-05-25,lost,2024-07-25,feature_gap
5598,844,,39,2024-06-22,7274,5,Closed,Omit,2024-04-04,won,2024-08-24,
5604,3317,254,27,2024-05-27,8433,1,Discovery,Best Case,2024-04-24,open,,
5613,1791,762,33,2024-05-05,5547,5,Closed,Best Case,2024-06-24,won,2024-08-22,
5615,790,6334,25,2024-04-09,15252,5,Closed,Commit,2024-04-20,won,2024-05-06,
5627,1827,2287,49,2024-04-24,62660,2,Demo,Omit,2024-06-08,open,,
5629,605,7483,17,2024-06-18,12388,5,Closed,Omit,2024-04-24,won,2024-08-26,
5633,3583,139,42,2024-06-03,8377,3,Proposal,Omit,2024-06-26,open,,
5634,3349,3375,12,2024-05-16,20172,5,Closed,Best Case,2024-05-25,won,2024-05-23,
5656,1821,3037,23,2024-05-20,21320,5,Closed,Omit,2024-06-21,won,2024-06-29,
5662,3246,2237,3,2024-04-06,6355,3,Proposal,Best Case,2020-01-01,open,,
5668,1222,5776,17,2024-04-27,13069,2,Demo,Omit,2024-05-14,open,,
5670,1068,1357,23,2024-06-07,13875,5,Closed,Best Case,2020-01-01,won,2024-06-21,
5684,1020,1707,5,2024-05-04,77305,5,Closed,Omit,2024-04-24,won,2024-07-19,
5686,214,3894,14,2024-04-12,34684,5,Closed,Omit,2024-04-30,lost,2024-07-23,no_decision
5689,2476,5312,48,2024-06-12,19819,5,Closed,Omit,2024-06-30,won,2024-09-05,
5696,1294,4984,13,2024-04-14,9219,5,Closed,Commit,2024-04-14,lost,2024-05-22,feature_gap
5698,1937,879,37,2024-06-05,24072,5,Closed,Commit,2024-05-21,lost,2024-07-08,timing
5724,466,4277,31,2024-05-06,14639,5,Closed,Best Case,2020-01-01,lost,2024-05-20,no_decision
5730,330,2646,11,2024-04-29,9287,5,Closed,Commit,2024-05-19,won,2024-08-02,
5733,3410,1814,38,2024-06-27,52793,1,Discovery,Omit,2024-06-29,open,,
5736,661,736,6,2024-04-06,7888,5,Closed,Best Case,2024-06-29,won,2024-07-28,
5738,1883,765,42,2024-06-14,49779,5,Closed,Omit,2024-06-13,won,2024-06-19,
5764,392,1620,12,2024-05-05,19071,5,Closed,Best Case,2024-05-17,won,2024-08-06,
5773,3304,4916,3,2024-06-17,24091,5,Closed,Omit,2024-04-04,won,2024-09-26,
5793,3833,1742,27,2024-05-11,67625,5,Closed,Best Case,2024-06-08,lost,2024-08-10,no_decision
5805,2163,3080,45,2024-04-14,13773,5,Closed,Commit,2024-04-26,won,2024-05-27,
5807,151,6915,6,2024-04-24,21039,5,Closed,Best Case,2024-04-02,won,2024-07-22,
5810,3504,2606,27,2024-05-02,5630,5,Closed,Omit,2024-06-01,won,2024-06-13,
5811,886,5732,34,2024-05-08,362333,1,Discovery,Best Case,2024-06-13,open,,
5814,1742,3449,5,2024-06-24,13160,3,Proposal,Best Case,2024-04-06,open,,
5822,3316,,39,2024-04-10,12811,4,Negotiation,Commit,2024-06-18,open,,
5831,1006,1645,15,2024-04-06,47689,5,Closed,Best Case,2024-04-15,lost,2024-05-08,no_budget
5844,2906,2926,9,2024-06-02,68912,5,Closed,Commit,2024-04-20,won,2024-09-21,
5847,1222,5776,17,2024-05-12,24584,5,Closed,Omit,2024-06-20,won,2024-07-28,
5853,2966,5548,25,2024-04-29,65854,5,Closed,Omit,2024-06-10,won,2024-05-04,
5860,1587,5603,11,2024-04-26,14363,5,Closed,Omit,2024-06-16,won,2024-06-01,
5861,3016,1728,23,2024-06-25,55464,5,Closed,Commit,2024-06-24,lost,2024-09-15,timing
5865,2986,2845,27,2024-06-05,27434,5,Closed,Best Case,2024-04-14,lost,2024-09-12,no_budget
5870,2746,3974,7,2024-05-27,27078,2,Demo,Commit,2024-06-27,open,,
5875,695,7196,6,2024-05-22,7056,5,Closed,Best Case,2024-05-18,won,2024-08-01,
5886,2734,4678,9,2024-05-17,21582,5,Closed,Best Case,2024-06-02,won,2024-05-30,
5896,580,694,14,2024-04-08,58048,5,Closed,Commit,2024-04-06,won,2024-04-14,
5897,3206,3960,24,2024-06-26,403957,1,Discovery,Omit,2024-04-02,open,,
5914,1331,7867,46,2024-05-01,5449,2,Demo,Commit,2020-01-01,open,,
5918,1673,2359,25,2024-06-15,61591,5,Closed,Best Case,2024-06-11,won,2024-06-21,
5919,1271,4748,27,2024-06-04,14384,3,Proposal,Omit,2024-06-16,open,,
5935,1268,4931,50,2024-04-22,18238,2,Demo,Commit,2020-01-01,open,,
5941,1099,2380,19,2024-06-29,15944,5,Closed,Best Case,2024-04-05,won,2024-08-25,
5965,1172,7308,26,2024-06-19,19275,5,Closed,Omit,2024-04-07,won,2024-08-16,
5966,509,5869,50,2024-05-13,11416,5,Closed,Commit,2024-05-08,won,2024-06-03,
5985,786,7006,22,2024-04-15,13592,5,Closed,Best Case,2024-05-01,won,2024-07-18,
5998,1979,7872,33,2024-05-16,8976,3,Proposal,Best Case,2024-04-11,open,,
37,1540,52,26,2024-09-19,15537,5,Closed,Commit,2024-09-21,won,2024-10-23,
38,1540,51,26,2024-09-21,11158,2,Demo,Best Case,2024-09-17,open,,
39,1540,,26,2024-09-29,7894,4,Negotiation,Best Case,2024-09-19,open,,
40,1540,52,26,2024-09-25,7055,5,Closed,Best Case,2024-07-08,won,2024-10-11,
45,3691,56,20,2024-09-14,22246,1,Discovery,Omit,2024-08-22,open,,
46,3691,56,20,2024-09-20,13735,5,Closed,Commit,2024-08-03,won,2024-11-24,
71,3481,94,12,2024-09-27,21274,5,Closed,Best Case,2024-09-14,won,2025-01-14,
94,917,140,14,2024-08-09,18168,5,Closed,Best Case,2020-01-01,won,2024-09-11,
95,2067,142,24,2024-08-06,9277,5,Closed,Omit,2024-07-29,won,2024-10-10,
96,2067,142,24,2024-08-11,19011,5,Closed,Commit,2024-09-28,won,2024-09-25,
98,2187,150,17,2024-09-14,9860,5,Closed,Commit,2024-08-03,lost,2024-11-17,feature_gap
103,3029,158,39,2024-09-26,7088,5,Closed,Omit,2024-09-16,won,2024-11-16,
125,2348,190,45,2024-07-13,9948,1,Discovery,Best Case,2024-08-09,open,,
126,2348,190,45,2024-07-05,22710,5,Closed,Commit,2024-09-26,won,2024-09-04,
143,1146,238,11,2024-08-17,93884,5,Closed,Omit,2020-01-01,won,2024-09-03,
144,1146,238,11,2024-08-21,59187,5,Closed,Commit,2024-09-06,won,2024-11-27,
155,1980,248,2,2024-08-20,74268,5,Closed,Commit,2024-07-30,won,2024-09-01,
156,1980,248,2,2024-08-18,77695,3,Proposal,Commit,2024-09-28,open,,
157,1980,248,2,2024-08-22,87909,2,Demo,Best Case,2024-08-10,open,,
208,2750,319,30,2024-09-01,8437,5,Closed,Omit,2024-09-26,won,2024-12-29,
210,173,320,37,2024-07-03,15171,2,Demo,Omit,2024-08-30,open,,
310,2241,466,14,2024-07-04,13744,1,Discovery,Commit,2020-01-01,open,,
316,301,475,12,2024-08-07,13826,5,Closed,Commit,2024-09-24,won,2024-11-29,
317,2360,478,27,2024-09-15,7908,1,Discovery,Omit,2020-01-01,open,,
318,2360,478,27,2024-09-15,23899,5,Closed,Commit,2024-08-02,won,2024-12-18,
319,2360,478,27,2024-09-12,24659,5,Closed,Best Case,2024-07-14,lost,2024-11-14,timing
320,2360,478,27,2024-09-17,23266,3,Proposal,Best Case,2024-08-30,open,,
343,2786,508,6,2024-08-10,36322,2,Demo,Omit,2024-07-22,open,,
344,2333,510,21,2024-08-14,76652,5,Closed,Omit,2024-09-04,won,2024-10-24,
345,2333,509,21,2024-08-22,26050,2,Demo,Commit,2024-07-16,open,,
359,272,525,37,2024-07-12,426213,5,Closed,Omit,2020-01-01,won,2024-07-17,
360,272,526,37,2024-07-17,305619,5,Closed,Commit,2024-08-21,won,2024-09-08,
363,743,534,45,2024-09-21,16167,1,Discovery,Omit,2024-07-31,open,,
402,3766,604,37,2024-07-31,6078,5,Closed,Omit,2024-08-06,won,2024-10-23,
411,423,613,9,2024-09-16,6033,3,Proposal,Best Case,2024-08-10,open,,
437,3097,670,26,2024-07-29,17723,5,Closed,Omit,2024-09-30,won,2024-08-29,
513,851,792,12,2024-09-15,21213,5,Closed,Omit,2024-08-23,won,2024-10-30,
526,3779,813,7,2024-08-09,10867,3,Proposal,Omit,2024-07-28,open,,
527,3779,813,7,2024-08-05,19018,5,Closed,Best Case,2024-09-13,won,2024-11-08,
546,3367,844,31,2024-08-16,25443,5,Closed,Best Case,2020-01-01,lost,2024-11-17,timing
557,184,856,15,2024-09-22,23619,5,Closed,Omit,2020-01-01,won,2025-01-06,
558,184,855,15,2024-09-27,24504,5,Closed,Commit,2024-08-04,won,2025-01-18,
594,2591,916,34,2024-07-24,15393,5,Closed,Best Case,2024-08-24,won,2024-10-30,
595,2591,916,34,2024-07-21,9273,2,Demo,Omit,2024-08-18,open,,
600,1573,924,49,2024-07-14,17909,2,Demo,Omit,2024-08-11,open,,
609,3187,935,5,2024-09-06,12035,5,Closed,Commit,2024-07-28,won,2024-12-15,
616,2339,955,25,2024-07-11,21753,5,Closed,Commit,2024-08-19,won,2024-09-16,
617,2339,955,25,2024-07-09,12334,5,Closed,Best Case,2024-09-09,won,2024-08-27,
619,2419,963,19,2024-09-20,17022,5,Closed,Commit,2024-09-12,won,2024-11-13,
620,2419,963,19,2024-09-24,13607,5,Closed,Commit,2024-09-19,won,2024-11-12,
621,2419,962,19,2024-09-27,9569,5,Closed,Omit,2024-09-11,won,2024-12-09,
627,979,973,16,2024-08-27,21553,5,Closed,Best Case,2024-07-15,lost,2024-11-14,no_decision
628,979,972,16,2024-08-21,18199,2,Demo,Commit,2020-01-01,open,,
636,1407,981,36,2024-09-14,94639,5,Closed,Commit,2024-08-30,lost,2024-09-27,no_budget
638,178,984,2,2024-09-22,240322,5,Closed,Omit,2024-07-11,won,2024-10-12,
639,178,984,2,2024-09-21,196436,5,Closed,Omit,2024-09-21,lost,2025-01-03,no_budget
693,1361,1053,6,2024-08-13,276447,5,Closed,Omit,2024-08-29,lost,2024-11-03,no_decision
694,1361,1053,6,2024-08-22,118563,3,Proposal,Best Case,2020-01-01,open,,
695,1361,1053,6,2024-08-20,388488,5,Closed,Omit,2024-07-21,won,2024-10-22,
699,1344,1064,30,2024-07-09,8665,1,Discovery,Omit,2024-08-07,open,,
713,970,1077,15,2024-08-29,24775,5,Closed,Best Case,2024-08-01,won,2024-12-22,
714,970,1078,15,2024-09-06,20782,4,Negotiation,Commit,2020-01-01,open,,
718,1677,1083,39,2024-09-18,17850,5,Closed,Omit,2024-08-25,won,2024-11-19,
748,2784,1136,16,2024-09-05,16060,5,Closed,Commit,2024-09-15,lost,2024-11-07,feature_gap
769,3591,1172,35,2024-07-15,19812,5,Closed,Omit,2024-08-29,lost,2024-10-20,feature_gap
770,3591,1171,35,2024-07-18,9829,2,Demo,Omit,2024-08-09,open,,
799,3266,1213,16,2024-09-21,15464,5,Closed,Best Case,2024-07-12,won,2024-12-29,
805,130,1222,11,2024-07-30,433611,2,Demo,Best Case,2024-08-16,open,,
806,130,1220,11,2024-07-24,352677,5,Closed,Commit,2024-07-29,won,2024-08-18,
807,130,1221,11,2024-07-25,425987,5,Closed,Omit,2024-08-30,won,2024-09-07,
808,130,1221,11,2024-08-01,468213,5,Closed,Best Case,2024-09-21,won,2024-10-10,
809,130,1220,11,2024-07-25,259566,5,Closed,Best Case,2024-08-05,won,2024-10-20,
828,2678,1246,45,2024-07-04,21981,2,Demo,Best Case,2024-09-11,open,,
829,2678,1246,45,2024-07-04,16144,3,Proposal,Commit,2024-08-02,open,,
831,2849,1250,45,2024-08-22,48734,5,Closed,Best Case,2020-01-01,lost,2024-09-11,timing
832,2849,1249,45,2024-08-12,26593,2,Demo,Omit,2024-08-22,open,,
833,2849,1250,45,2024-08-20,37356,5,Closed,Best Case,2020-01-01,lost,2024-09-11,timing
846,1685,1273,1,2024-08-27,17661,5,Closed,Best Case,2024-09-11,won,2024-12-06,
847,1685,1272,1,2024-08-29,24787,5,Closed,Commit,2024-07-09,won,2024-11-29,
848,1685,1273,1,2024-08-29,23488,5,Closed,Commit,2024-08-24,won,2024-09-27,
852,2100,1278,20,2024-08-24,225655,5,Closed,Best Case,2024-07-14,won,2024-12-11,
853,2100,1278,20,2024-08-21,145789,5,Closed,Omit,2024-08-14,lost,2024-10-24,no_decision
868,3236,1298,23,2024-07-31,12802,5,Closed,Omit,2024-08-17,won,2024-11-20,
888,425,1340,27,2024-07-08,305536,5,Closed,Best Case,2024-09-07,won,2024-07-27,
895,2287,1352,14,2024-08-25,6148,5,Closed,Best Case,2024-08-31,lost,2024-09-17,no_budget
896,2287,1353,14,2024-08-15,7019,3,Proposal,Commit,2024-08-04,open,,
931,2842,1397,31,2024-07-29,42698,1,Discovery,Omit,2024-08-20,open,,
932,2842,1397,31,2024-08-01,63636,5,Closed,Best Case,2024-07-24,won,2024-09-06,
959,2639,1452,29,2024-08-01,18075,5,Closed,Commit,2024-08-06,won,2024-08-21,
978,1938,1479,30,2024-07-27,14117,5,Closed,Omit,2020-01-01,lost,2024-11-04,feature_gap
979,1938,1479,30,2024-07-22,19124,3,Proposal,Omit,2024-08-02,open,,
980,1938,1479,30,2024-07-21,10813,5,Closed,Omit,2024-09-01,won,2024-10-01,
983,3128,1482,12,2024-09-15,16688,3,Proposal,Best Case,2024-08-05,open,,
1060,2232,1585,5,2024-08-26,7998,5,Closed,Best Case,2024-09-11,won,2024-11-19,
1061,2232,1585,5,2024-08-31,20638,5,Closed,Omit,2024-09-28,won,2024-12-16,
1116,1072,1647,25,2024-09-12,24013,5,Closed,Omit,2024-08-12,lost,2024-12-01,timing
1117,2877,1651,46,2024-08-08,10276,5,Closed,Commit,2024-09-19,won,2024-09-23,
1134,2856,1676,26,2024-08-01,17709,5,Closed,Best Case,2024-09-08,lost,2024-10-21,feature_gap
1135,2856,1676,26,2024-08-10,18053,2,Demo,Omit,2024-09-21,open,,
1136,2856,1676,26,2024-08-01,6530,5,Closed,Best Case,2024-08-02,won,2024-10-26,
1142,1086,1684,30,2024-08-12,24672,5,Closed,Commit,2024-07-18,won,2024-09-15,
1143,1086,1684,30,2024-08-12,21783,5,Closed,Commit,2024-08-20,won,2024-12-04,
1144,1086,1683,30,2024-08-09,20603,5,Closed,Omit,2024-07-18,won,2024-11-17,
1145,1086,,30,2024-08-18,17910,5,Closed,Commit,2024-08-31,won,2024-11-08,
1146,1130,1686,11,2024-09-18,6878,1,Discovery,Omit,2024-09-18,open,,
1147,1130,1686,11,2024-09-09,6696,5,Closed,Commit,2024-08-15,lost,2024-10-14,timing
1148,1130,1686,11,2024-09-19,17876,3,Proposal,Omit,2024-08-30,open,,
1297,1018,1876,12,2024-09-21,23469,5,Closed,Commit,2024-08-16,won,2024-11-05,
1301,3386,,30,2024-09-22,76984,5,Closed,Commit,2024-09-18,won,2024-12-16,
1302,3386,1881,30,2024-09-23,44224,5,Closed,Best Case,2024-08-25,won,2024-11-29,
1303,3386,1881,30,2024-09-23,58645,4,Negotiation,Omit,2024-09-20,open,,
1311,1618,1888,37,2024-08-17,18384,5,Closed,Commit,2024-07-15,won,2024-12-11,
1343,2876,1930,10,2024-09-01,5126,5,Closed,Commit,2024-08-07,won,2024-12-23,
1366,2048,1958,30,2024-07-07,11770,5,Closed,Commit,2024-08-30,won,2024-11-02,
1372,119,1968,11,2024-09-21,66707,5,Closed,Commit,2024-09-24,won,2024-10-02,
1386,741,1994,3,2024-09-15,22033,5,Closed,Best Case,2024-09-11,won,2024-10-20,
1387,741,1996,3,2024-09-16,19195,5,Closed,Commit,2024-09-16,won,2024-09-30,
1390,2141,2000,24,2024-07-21,13103,5,Closed,Omit,2024-08-28,won,2024-11-06,
1418,3227,2031,30,2024-08-24,12456,2,Demo,Commit,2024-08-15,open,,
1419,3227,8075,30,2024-08-22,21893,3,Proposal,Commit,2024-08-20,open,,
1421,280,2036,8,2024-08-22,79850,5,Closed,Omit,2024-08-01,lost,2024-08-29,feature_gap
1485,850,2145,47,2024-08-24,214313,1,Discovery,Omit,2024-08-15,open,,
1486,850,2143,47,2024-08-22,201650,2,Demo,Commit,2020-01-01,open,,
1524,1487,2218,38,2024-09-21,63488,3,Proposal,Commit,2024-09-08,open,,
1525,1487,2218,38,2024-09-23,28547,5,Closed,Best Case,2020-01-01,won,2024-10-09,
1543,87,2242,37,2024-07-22,8362,5,Closed,Best Case,2024-08-25,won,2024-10-08,
1544,87,2242,37,2024-07-17,24863,5,Closed,Best Case,2024-08-11,won,2024-09-16,
1560,3862,2273,43,2024-07-14,7484,3,Proposal,Best Case,2020-01-01,open,,
1561,3862,2273,43,2024-07-13,24142,5,Closed,Commit,2024-09-18,won,2024-10-11,
1562,3862,2273,43,2024-07-11,8497,3,Proposal,Best Case,2024-07-17,open,,
1585,2658,2305,48,2024-09-07,9825,5,Closed,Best Case,2024-09-02,won,2024-09-15,
1630,2690,2373,36,2024-08-22,16940,5,Closed,Omit,2024-08-02,won,2024-08-27,
1631,2690,2371,36,2024-08-22,10035,2,Demo,Omit,2024-09-27,open,,
1632,2690,2371,36,2024-08-15,23090,4,Negotiation,Best Case,2024-07-18,open,,
1642,3991,2381,49,2024-07-12,12514,5,Closed,Best Case,2024-08-22,won,2024-07-21,
1643,60,2382,35,2024-07-12,19127,5,Closed,Commit,2024-09-17,won,2024-10-03,
1652,3961,2397,46,2024-08-31,12192,1,Discovery,Best Case,2024-07-17,open,,
1653,3961,2398,46,2024-09-06,5977,5,Closed,Best Case,2020-01-01,won,2024-10-30,
1654,3961,2396,46,2024-09-04,5009,5,Closed,Omit,2024-08-15,won,2024-10-20,
1704,1007,2493,31,2024-07-14,7930,5,Closed,Commit,2024-07-30,won,2024-09-04,
1705,1007,2493,31,2024-07-14,18994,5,Closed,Commit,2024-09-27,won,2024-10-06,
1739,3329,2545,15,2024-07-18,19970,5,Closed,Commit,2024-07-15,lost,2024-11-06,timing
1740,3329,2545,15,2024-07-24,23876,5,Closed,Commit,2024-07-05,lost,2024-09-16,no_decision
1761,223,2596,10,2024-08-19,20706,5,Closed,Best Case,2024-08-09,won,2024-11-03,
1777,3739,2618,34,2024-08-09,24884,5,Closed,Best Case,2024-08-17,lost,2024-11-02,feature_gap
1779,1586,2625,36,2024-09-13,17975,5,Closed,Omit,2024-08-19,won,2024-10-16,
1780,1586,2624,36,2024-09-14,19302,2,Demo,Best Case,2024-09-13,open,,
1781,1586,2624,36,2024-09-12,23544,5,Closed,Best Case,2024-07-14,lost,2024-12-20,feature_gap
1826,2921,2702,23,2024-07-24,16917,1,Discovery,Best Case,2024-07-24,open,,
1827,2921,2703,23,2024-07-28,16399,5,Closed,Best Case,2024-07-11,won,2024-11-19,
1880,1603,2771,49,2024-09-10,7954,5,Closed,Commit,2024-08-31,won,2024-09-25,
1881,1603,2772,49,2024-09-07,20854,5,Closed,Omit,2024-08-30,won,2024-11-24,
1893,3517,2790,29,2024-09-16,24119,1,Discovery,Best Case,2024-08-17,open,,
1894,3517,2791,29,2024-09-15,20825,5,Closed,Commit,2024-08-30,won,2024-11-06,
1899,384,2811,14,2024-08-02,19735,2,Demo,Commit,2024-07-15,open,,
1900,384,2811,14,2024-08-12,8118,5,Closed,Best Case,2024-08-31,won,2024-10-24,
1901,384,2811,14,2024-08-02,8377,5,Closed,Omit,2024-08-12,lost,2024-11-13,no_decision
1902,384,2811,14,2024-08-04,12492,5,Closed,Commit,2024-08-22,won,2024-11-24,
1923,3785,2837,27,2024-08-12,97294,5,Closed,Best Case,2024-08-02,won,2024-12-02,
1924,3785,2839,27,2024-08-13,46656,4,Negotiation,Best Case,2024-08-16,open,,
1925,3785,2839,27,2024-08-07,44032,5,Closed,Commit,2024-09-20,won,2024-09-11,
1927,3734,2841,40,2024-07-29,17636,5,Closed,Commit,2024-08-20,lost,2024-11-23,timing
1946,502,2872,30,2024-07-29,16518,2,Demo,Best Case,2020-01-01,open,,
1947,502,2871,30,2024-08-06,5311,5,Closed,Commit,2024-09-24,lost,2024-08-11,feature_gap
2034,3876,3002,35,2024-09-17,17265,5,Closed,Omit,2024-08-13,won,2024-09-27,
2035,3876,3003,35,2024-09-21,14588,5,Closed,Omit,2020-01-01,won,2024-10-16,
2046,1813,3021,1,2024-09-11,24114,5,Closed,Omit,2024-08-31,won,2024-11-11,
2062,907,3042,19,2024-07-06,14400,5,Closed,Commit,2024-08-01,won,2024-10-13,
2063,907,3042,19,2024-07-04,6689,5,Closed,Omit,2024-09-24,won,2024-08-06,
2064,907,3042,19,2024-07-06,13122,4,Negotiation,Best Case,2024-07-24,open,,
2073,3551,3052,3,2024-07-25,9002,5,Closed,Omit,2020-01-01,won,2024-09-25,
2116,1296,3104,2,2024-08-20,7166,5,Closed,Commit,2024-09-08,won,2024-09-02,
2117,1296,3104,2,2024-08-21,6822,3,Proposal,Omit,2024-07-08,open,,
2118,1296,3104,2,2024-08-25,6820,5,Closed,Commit,2024-08-21,won,2024-10-17,
2119,1296,3104,2,2024-08-25,11154,5,Closed,Omit,2024-08-03,won,2024-12-19,
2158,164,3160,37,2024-07-15,7180,5,Closed,Omit,2024-08-19,won,2024-08-15,
2165,3168,3175,13,2024-07-04,5075,5,Closed,Commit,2024-08-18,won,2024-09-11,
2186,601,3227,29,2024-09-06,63405,5,Closed,Commit,2024-09-13,lost,2024-11-30,no_decision
2187,601,3227,29,2024-09-08,70111,5,Closed,Best Case,2020-01-01,won,2024-09-19,
2193,1010,3237,6,2024-07-15,6800,5,Closed,Omit,2024-08-22,won,2024-10-26,
2201,954,3258,6,2024-09-23,5564,5,Closed,Omit,2020-01-01,won,2024-11-07,
2202,954,3258,6,2024-09-24,7169,5,Closed,Best Case,2024-09-19,won,2024-11-05,
2216,1206,3279,34,2024-07-02,345918,5,Closed,Commit,2024-08-27,won,2024-09-16,
2217,1206,3279,34,2024-07-06,412247,5,Closed,Commit,2024-07-18,won,2024-07-23,
2218,1206,,34,2024-07-06,287661,5,Closed,Omit,2024-09-17,won,2024-07-21,
2219,1206,3279,34,2024-07-05,147389,2,Demo,Commit,2024-07-14,open,,
2234,2632,3299,24,2024-07-14,71741,5,Closed,Commit,2024-07-04,won,2024-08-01,
2245,2924,3314,24,2024-07-05,11192,5,Closed,Best Case,2024-09-04,lost,2024-10-15,timing
2246,2924,3313,24,2024-07-05,15098,3,Proposal,Best Case,2024-08-27,open,,
2270,3201,3349,44,2024-08-19,20400,5,Closed,Commit,2024-09-15,lost,2024-09-28,timing
2272,3039,3356,17,2024-09-15,5242,1,Discovery,Omit,2024-07-31,open,,
2273,3039,3356,17,2024-09-10,24817,5,Closed,Omit,2024-08-21,won,2024-12-10,
2318,665,3409,15,2024-09-09,21015,5,Closed,Commit,2024-09-09,won,2024-12-29,
2386,2345,3543,40,2024-07-24,30610,5,Closed,Omit,2024-09-25,lost,2024-09-14,no_decision
2387,469,3546,15,2024-09-26,87758,5,Closed,Commit,2024-09-08,won,2024-11-10,
2389,469,3547,15,2024-09-25,93379,5,Closed,Best Case,2024-09-10,won,2024-12-02,
2390,469,3545,15,2024-09-28,60955,5,Closed,Commit,2020-01-01,lost,2024-10-27,no_decision
2391,469,3546,15,2024-09-29,71346,3,Proposal,Omit,2024-08-18,open,,
2453,670,3634,44,2024-07-10,22152,5,Closed,Best Case,2024-08-24,won,2024-08-28,
2454,670,3634,44,2024-07-12,13455,2,Demo,Omit,2024-08-29,open,,
2477,1230,3658,2,2024-09-29,68444,5,Closed,Commit,2024-08-24,won,2025-01-25,
2478,1230,3658,2,2024-09-22,88539,5,Closed,Best Case,2024-09-04,won,2024-09-30,
2479,1230,3658,2,2024-09-27,58061,5,Closed,Commit,2024-08-17,won,2024-10-20,
2503,548,3690,49,2024-08-04,70073,5,Closed,Omit,2024-09-14,won,2024-10-18,
2504,1115,3691,27,2024-07-27,18774,5,Closed,Best Case,2024-09-16,won,2024-10-03,
2546,2549,3762,32,2024-08-28,6651,5,Closed,Omit,2024-07-11,lost,2024-12-25,no_decision
2571,3668,3796,13,2024-07-02,11985,3,Proposal,Commit,2024-09-20,open,,
2591,2093,3835,4,2024-07-02,285352,5,Closed,Commit,2024-09-09,lost,2024-07-18,no_budget
2605,1776,3860,27,2024-08-30,23374,2,Demo,Best Case,2024-09-03,open,,
2616,1902,3876,10,2024-07-08,7800,5,Closed,Best Case,2024-08-04,won,2024-08-27,
2617,2033,3878,34,2024-08-24,24658,5,Closed,Best Case,2020-01-01,won,2024-12-20,
2618,3333,3879,17,2024-09-27,20867,5,Closed,Omit,2024-07-01,lost,2024-11-03,feature_gap
2630,1166,3898,4,2024-09-29,6503,1,Discovery,Commit,2024-09-23,open,,
2637,2506,3907,39,2024-09-17,22264,5,Closed,Omit,2024-08-29,won,2024-12-23,
2638,2506,3906,39,2024-09-16,13686,2,Demo,Best Case,2024-09-11,open,,
2647,3839,3915,1,2024-09-18,8291,5,Closed,Best Case,2024-07-23,won,2024-10-14,
2648,3839,3916,1,2024-09-18,6582,5,Closed,Best Case,2024-09-08,won,2024-09-27,
2649,3839,3915,1,2024-09-11,23312,5,Closed,Commit,2020-01-01,won,2024-11-12,
2671,2746,3976,7,2024-08-23,79228,4,Negotiation,Best Case,2024-09-14,open,,
2672,2746,3974,7,2024-08-28,27078,5,Closed,Omit,2024-08-13,won,2024-12-21,
2673,2746,3976,7,2024-08-24,85175,5,Closed,Commit,2024-09-17,won,2024-11-20,
2687,1241,3991,6,2024-08-23,12661,5,Closed,Omit,2024-07-18,won,2024-12-20,
2688,1241,3991,6,2024-08-15,17593,5,Closed,Commit,2024-08-08,won,2024-10-09,
2693,1658,3996,34,2024-09-02,33967,5,Closed,Best Case,2020-01-01,won,2024-09-14,
2702,3700,4006,35,2024-07-17,71541,5,Closed,Omit,2024-08-11,won,2024-09-09,
2703,3700,4006,35,2024-07-16,97039,5,Closed,Commit,2024-09-28,won,2024-09-13,
2742,1429,4065,14,2024-08-31,91039,5,Closed,Commit,2024-08-14,lost,2024-10-21,feature_gap
2783,3211,4121,10,2024-08-13,12863,5,Closed,Commit,2024-08-09,won,2024-10-02,
2785,3258,4126,37,2024-08-20,14022,5,Closed,Commit,2024-08-28,won,2024-09-26,
2786,3258,4127,37,2024-08-19,12545,2,Demo,Omit,2024-08-17,open,,
2896,870,4289,42,2024-07-23,20061,3,Proposal,Best Case,2024-08-17,open,,
2899,760,4292,5,2024-07-30,7192,5,Closed,Commit,2024-08-14,won,2024-08-09,
2940,1518,4345,33,2024-08-27,40731,5,Closed,Omit,2024-08-25,won,2024-10-11,
2941,1518,4346,33,2024-08-28,27084,5,Closed,Commit,2024-08-01,won,2024-10-18,
2942,1518,4346,33,2024-08-27,62792,5,Closed,Omit,2024-08-30,lost,2024-10-01,timing
2995,2712,4422,20,2024-07-14,11423,5,Closed,Omit,2024-09-03,won,2024-09-17,
2996,2712,4421,20,2024-07-15,11166,5,Closed,Omit,2020-01-01,won,2024-09-09,
3002,1989,4436,12,2024-08-04,21877,5,Closed,Best Case,2024-08-30,won,2024-10-08,
3003,1989,4437,12,2024-08-01,11913,5,Closed,Best Case,2024-08-01,won,2024-11-27,
3010,3950,4451,29,2024-07-27,8386,3,Proposal,Best Case,2024-07-18,open,,
3028,1458,4492,16,2024-08-29,17243,1,Discovery,Best Case,2024-08-05,open,,
3029,1458,4492,16,2024-08-31,17044,5,Closed,Best Case,2024-08-10,lost,2024-10-05,timing
3030,1458,4492,16,2024-08-28,22174,5,Closed,Best Case,2024-09-18,won,2024-11-22,
3031,1458,4493,16,2024-08-25,6493,2,Demo,Best Case,2024-08-14,open,,
3039,1214,4513,3,2024-09-27,7523,4,Negotiation,Omit,2020-01-01,open,,
3040,1214,4514,3,2024-09-24,18961,3,Proposal,Omit,2024-07-03,open,,
3041,2798,4515,3,2024-09-21,20220,5,Closed,Omit,2024-08-20,won,2024-10-15,
3042,1475,4517,7,2024-07-17,24786,2,Demo,Omit,2024-09-15,open,,
3046,2207,4529,44,2024-09-01,62033,5,Closed,Commit,2024-07-29,won,2024-09-22,
3047,2207,4529,44,2024-08-30,50467,5,Closed,Commit,2024-08-19,won,2024-11-18,
3048,2207,4528,44,2024-09-08,75581,5,Closed,Commit,2024-07-27,won,2024-10-19,
3110,2440,4606,40,2024-09-24,14866,5,Closed,Omit,2020-01-01,won,2024-10-11,
3138,192,4649,19,2024-08-22,27024,5,Closed,Best Case,2024-09-26,lost,2024-12-08,feature_gap
3140,2251,4660,1,2024-08-12,7180,5,Closed,Commit,2024-09-07,won,2024-12-08,
3141,2251,,1,2024-08-08,6415,2,Demo,Commit,2020-01-01,open,,
3144,761,4666,38,2024-08-21,7786,2,Demo,Best Case,2024-09-25,open,,
3145,761,4666,38,2024-08-20,5799,3,Proposal,Best Case,2024-08-14,open,,
3155,1623,4681,9,2024-08-22,8098,5,Closed,Omit,2024-07-10,won,2024-10-05,
3156,1623,4681,9,2024-08-30,12996,5,Closed,Best Case,2024-08-10,lost,2024-12-07,timing
3157,1623,4681,9,2024-08-28,19512,1,Discovery,Best Case,2024-09-25,open,,
3162,2110,4694,19,2024-09-04,22167,5,Closed,Commit,2024-07-18,won,2024-11-20,
3174,3990,4711,1,2024-07-21,10309,3,Proposal,Best Case,2024-09-30,open,,
3175,3298,4713,38,2024-08-07,7649,5,Closed,Commit,2024-08-05,won,2024-09-22,
3201,1469,4742,13,2024-09-13,8255,5,Closed,Commit,2024-07-18,lost,2024-12-20,no_decision
3202,1469,4741,13,2024-09-09,5886,3,Proposal,Best Case,2024-09-03,open,,
3241,1034,4812,8,2024-07-08,17790,5,Closed,Best Case,2024-07-14,lost,2024-09-20,timing
3252,838,4828,29,2024-07-01,22382,4,Negotiation,Omit,2024-08-22,open,,
3256,3272,4835,45,2024-09-30,10026,5,Closed,Omit,2024-07-22,won,2024-10-13,
3257,3272,4837,45,2024-09-24,24902,5,Closed,Omit,2020-01-01,won,2024-12-01,
3259,3859,4843,35,2024-09-23,15351,5,Closed,Best Case,2020-01-01,won,2024-10-07,
3293,2944,4891,44,2024-09-03,254519,5,Closed,Omit,2024-08-22,won,2024-12-21,
3294,2944,4889,44,2024-08-30,468556,2,Demo,Commit,2024-09-01,open,,
3310,2609,,3,2024-07-26,73576,1,Discovery,Omit,2024-08-17,open,,
3311,2609,4912,3,2024-07-25,45328,5,Closed,Omit,2020-01-01,won,2024-10-20,
3312,3304,4916,3,2024-07-29,10746,5,Closed,Omit,2024-08-04,won,2024-08-21,
3313,3304,4916,3,2024-08-02,24091,2,Demo,Best Case,2024-09-11,open,,
3331,1608,4938,43,2024-08-26,22080,5,Closed,Commit,2024-08-15,won,2024-09-28,
3332,1608,4937,43,2024-08-31,18129,5,Closed,Commit,2024-07-05,lost,2024-11-28,feature_gap
3333,1608,4938,43,2024-08-22,10270,5,Closed,Omit,2024-08-12,lost,2024-11-29,no_decision
3334,1608,4937,43,2024-08-25,19772,5,Closed,Best Case,2024-08-30,won,2024-11-22,
3358,250,4982,9,2024-09-24,52809,2,Demo,Omit,2024-07-25,open,,
3359,250,4982,9,2024-09-30,71732,5,Closed,Best Case,2024-08-13,won,2024-11-20,
3360,250,4982,9,2024-09-28,32748,5,Closed,Best Case,2024-09-17,won,2024-11-21,
3408,3233,5066,14,2024-09-10,69065,5,Closed,Best Case,2020-01-01,won,2024-09-23,
3409,3233,5066,14,2024-09-15,79980,5,Closed,Omit,2024-07-27,won,2024-11-18,
3410,3233,5066,14,2024-09-13,36171,3,Proposal,Commit,2024-08-18,open,,
3436,1901,5112,4,2024-08-30,6057,5,Closed,Best Case,2024-09-08,won,2024-11-16,
3437,1901,5112,4,2024-08-23,6275,5,Closed,Commit,2024-09-07,lost,2024-09-21,no_decision
3471,781,5176,14,2024-08-18,41325,3,Proposal,Omit,2024-08-30,open,,
3498,1533,5237,7,2024-09-17,91940,5,Closed,Commit,2024-09-20,won,2024-12-13,
3499,1533,5238,7,2024-09-14,95917,5,Closed,Commit,2024-08-09,won,2024-12-29,
3516,1012,5265,11,2024-08-11,18836,5,Closed,Omit,2024-07-02,lost,2024-10-31,timing
3517,1012,5265,11,2024-08-09,19591,2,Demo,Omit,2024-07-31,open,,
3527,2492,5278,27,2024-08-05,23576,5,Closed,Best Case,2024-08-31,won,2024-11-04,
3528,2492,5278,27,2024-07-29,8417,5,Closed,Best Case,2024-09-17,won,2024-10-15,
3529,2492,5278,27,2024-08-02,14358,1,Discovery,Omit,2020-01-01,open,,
3530,2492,5278,27,2024-08-03,16767,5,Closed,Best Case,2024-08-16,lost,2024-09-17,timing
3531,2492,5278,27,2024-08-01,18553,3,Proposal,Best Case,2024-08-23,open,,
3544,514,8058,31,2024-07-14,8913,5,Closed,Omit,2024-07-18,won,2024-09-30,
3545,514,5302,31,2024-07-18,24021,2,Demo,Omit,2024-09-17,open,,
3546,514,8058,31,2024-07-18,7857,5,Closed,Commit,2024-09-02,won,2024-11-13,
3566,3669,5345,33,2024-09-12,24450,5,Closed,Commit,2024-08-19,won,2024-10-26,
3567,3669,5345,33,2024-09-06,14072,5,Closed,Commit,2024-08-01,lost,2025-01-03,no_decision
3568,3669,5346,33,2024-09-07,11005,5,Closed,Omit,2024-09-05,won,2024-11-26,
3569,1501,5350,11,2024-09-04,12858,5,Closed,Best Case,2024-08-17,won,2024-10-20,
3595,463,5386,40,2024-07-10,21884,5,Closed,Commit,2024-08-02,won,2024-09-23,
3599,2623,5394,8,2024-09-28,13077,5,Closed,Omit,2024-09-25,won,2024-12-08,
3608,1259,5416,38,2024-07-26,99768,5,Closed,Omit,2024-08-05,won,2024-11-03,
3619,3790,5431,40,2024-09-11,94964,2,Demo,Best Case,2024-08-18,open,,
3620,3790,5432,40,2024-09-18,84540,5,Closed,Omit,2024-08-19,won,2024-12-31,
3621,3790,5432,40,2024-09-14,58060,5,Closed,Best Case,2024-08-28,lost,2024-09-21,no_decision
3623,810,5440,30,2024-08-16,5739,5,Closed,Omit,2024-09-11,lost,2024-09-26,feature_gap
3624,810,5440,30,2024-08-20,15412,5,Closed,Omit,2024-08-16,won,2024-08-29,
3629,2540,5448,5,2024-08-14,57783,5,Closed,Best Case,2024-08-17,won,2024-10-20,
3630,2540,5450,5,2024-08-14,69752,5,Closed,Omit,2024-07-15,won,2024-10-11,
3643,3376,5472,43,2024-07-27,7230,5,Closed,Commit,2020-01-01,won,2024-10-11,
3698,2833,5554,6,2024-09-08,72064,1,Discovery,Best Case,2024-09-29,open,,
3699,2833,5555,6,2024-09-06,65698,2,Demo,Omit,2024-09-28,open,,
3740,2152,5620,15,2024-09-28,18324,5,Closed,Omit,2020-01-01,won,2025-01-09,
3742,2152,5621,15,2024-09-29,16788,5,Closed,Best Case,2020-01-01,won,2024-10-15,
3751,3102,5635,30,2024-09-03,5793,5,Closed,Omit,2024-07-17,won,2024-09-11,
3752,3102,5634,30,2024-09-09,12765,5,Closed,Commit,2024-08-23,won,2024-09-25,
3753,3102,5635,30,2024-09-09,20314,5,Closed,Omit,2024-08-20,won,2024-11-09,
3857,768,5786,32,2024-08-26,54905,3,Proposal,Omit,2024-07-30,open,,
3858,768,5786,32,2024-08-30,45395,5,Closed,Best Case,2024-09-27,lost,2024-10-25,timing
3859,768,5787,32,2024-08-28,41310,1,Discovery,Commit,2020-01-01,open,,
3875,1601,5813,14,2024-09-23,9385,2,Demo,Commit,2024-08-22,open,,
3995,698,6010,21,2024-08-29,12191,5,Closed,Best Case,2024-07-27,won,2024-12-10,
3996,698,6010,21,2024-09-03,8418,1,Discovery,Omit,2024-09-08,open,,
4007,2078,6033,17,2024-09-17,40574,5,Closed,Best Case,2024-09-29,won,2024-11-06,
4008,2078,6031,17,2024-09-12,48182,5,Closed,Omit,2024-08-11,won,2024-10-16,
4016,2790,6047,31,2024-08-05,98101,5,Closed,Omit,2024-08-23,won,2024-11-04,
4027,1521,6066,19,2024-09-02,37139,5,Closed,Commit,2024-08-24,won,2024-11-04,
4028,1521,6065,19,2024-09-10,77457,5,Closed,Commit,2024-08-13,won,2024-11-06,
4047,1110,6089,3,2024-07-30,57083,2,Demo,Best Case,2024-08-21,open,,
4048,1110,6090,3,2024-07-22,33895,4,Negotiation,Commit,2024-09-11,open,,
4049,1780,6093,47,2024-08-07,17125,5,Closed,Best Case,2024-09-29,lost,2024-11-05,timing
4050,1780,6094,47,2024-08-09,8369,5,Closed,Omit,2024-08-30,won,2024-11-12,
4053,2584,6105,25,2024-08-15,32376,2,Demo,Omit,2024-09-27,open,,
4067,1534,6123,17,2024-09-29,7745,5,Closed,Best Case,2024-09-23,won,2024-12-30,
4068,1534,8065,17,2024-09-26,17881,2,Demo,Best Case,2024-09-27,open,,
4069,1534,8065,17,2024-09-29,11562,5,Closed,Commit,2024-09-27,won,2024-12-18,
4087,2937,6167,2,2024-09-29,21567,4,Negotiation,Omit,2024-09-02,open,,
4159,3152,6289,44,2024-08-30,11985,2,Demo,Omit,2024-09-18,open,,
4160,3152,6289,44,2024-08-22,11606,5,Closed,Commit,2024-07-22,won,2024-11-23,
4172,586,6304,33,2024-09-19,5426,2,Demo,Best Case,2024-08-07,open,,
4173,586,6304,33,2024-09-19,20689,5,Closed,Commit,2024-09-14,won,2024-12-22,
4174,586,6305,33,2024-09-25,19337,5,Closed,Commit,2020-01-01,won,2024-10-06,
4175,1368,6306,34,2024-07-30,93993,2,Demo,Best Case,2024-07-15,open,,
4194,2553,6333,8,2024-09-11,239638,1,Discovery,Best Case,2024-07-21,open,,
4207,428,6361,22,2024-08-17,22644,5,Closed,Omit,2024-08-23,lost,2024-10-24,no_decision
4217,2951,6377,33,2024-09-03,79193,5,Closed,Best Case,2024-08-09,won,2024-09-20,
4224,3680,6384,46,2024-07-01,14498,5,Closed,Commit,2024-08-19,won,2024-08-07,
4275,3423,6454,49,2024-09-01,419056,5,Closed,Best Case,2024-07-10,won,2024-11-21,
4284,2659,6469,16,2024-08-08,9670,5,Closed,Omit,2020-01-01,lost,2024-09-10,feature_gap
4301,1483,6493,12,2024-09-08,20980,2,Demo,Commit,2024-08-19,open,,
4302,652,6494,39,2024-09-12,5581,5,Closed,Omit,2024-07-14,won,2024-10-14,
4371,3197,6574,50,2024-08-25,83187,2,Demo,Best Case,2024-07-24,open,,
4372,3197,6574,50,2024-08-23,42335,2,Demo,Best Case,2024-07-13,open,,
4382,3108,6586,13,2024-07-19,26530,5,Closed,Commit,2024-08-13,lost,2024-09-08,feature_gap
4386,2108,6602,11,2024-07-28,9536,3,Proposal,Omit,2024-07-29,open,,
4387,2108,6601,11,2024-07-24,13632,5,Closed,Commit,2024-07-25,won,2024-09-09,
4446,3162,6677,40,2024-08-23,71839,5,Closed,Omit,2024-09-27,won,2024-12-06,
4447,3162,6677,40,2024-08-28,79417,0,Qualification,Commit,2020-01-01,open,,
4448,3162,6677,40,2024-08-25,46674,5,Closed,Commit,2024-09-02,won,2024-12-09,
4463,53,6697,12,2024-07-19,8641,1,Discovery,Commit,2024-09-15,open,,
4464,53,6696,12,2024-07-18,24517,5,Closed,Omit,2024-07-30,won,2024-10-13,
4465,53,6698,12,2024-07-12,15206,5,Closed,Best Case,2024-09-30,won,2024-07-21,
4503,908,6760,8,2024-08-16,24320,5,Closed,Omit,2024-08-21,lost,2024-09-26,timing
4554,3780,6827,38,2024-09-22,201158,5,Closed,Commit,2024-07-14,won,2024-11-30,
4555,3780,,38,2024-09-30,478971,2,Demo,Omit,2024-07-02,open,,
4593,2027,6887,29,2024-08-26,15897,5,Closed,Omit,2024-08-11,won,2024-12-03,
4642,329,6946,38,2024-08-01,9895,5,Closed,Omit,2024-08-08,won,2024-09-21,
4643,329,6947,38,2024-07-31,11168,4,Negotiation,Omit,2020-01-01,open,,
4651,3448,6961,49,2024-07-01,15687,5,Closed,Best Case,2024-09-08,lost,2024-08-31,feature_gap
4653,85,6966,25,2024-08-10,7398,2,Demo,Best Case,2020-01-01,open,,
4654,85,6966,25,2024-08-10,23984,5,Closed,Commit,2024-07-01,won,2024-08-18,
4655,2032,6969,15,2024-09-04,8905,5,Closed,Omit,2024-09-19,won,2024-11-07,
4656,2032,6967,15,2024-09-03,21695,3,Proposal,Commit,2024-09-07,open,,
4690,2646,7014,17,2024-08-01,11707,5,Closed,Commit,2024-07-08,lost,2024-08-11,timing
4691,2646,7015,17,2024-07-28,24325,5,Closed,Commit,2024-09-15,lost,2024-11-08,timing
4720,3758,7055,6,2024-08-31,16404,5,Closed,Commit,2024-09-11,lost,2024-10-01,no_budget
4744,2561,7093,32,2024-09-15,20651,5,Closed,Commit,2024-09-22,lost,2025-01-12,no_decision
4745,2561,7093,32,2024-09-17,24384,1,Discovery,Best Case,2024-09-06,open,,
4746,2561,7093,32,2024-09-13,8826,5,Closed,Best Case,2024-09-03,won,2024-12-20,
4760,3460,7120,7,2024-09-10,18074,5,Closed,Best Case,2024-07-24,lost,2024-12-16,feature_gap
4792,1204,7180,26,2024-08-30,16699,2,Demo,Commit,2024-08-22,open,,
4828,3685,7239,30,2024-09-23,45735,5,Closed,Omit,2024-08-05,won,2024-11-24,
4842,1916,7269,33,2024-08-13,19889,2,Demo,Best Case,2024-09-11,open,,
4849,1583,7274,7,2024-08-03,15013,5,Closed,Best Case,2024-08-16,won,2024-09-28,
4852,740,7278,40,2024-07-11,81159,5,Closed,Best Case,2024-08-25,won,2024-11-03,
4861,2936,7296,6,2024-08-20,39722,5,Closed,Best Case,2024-07-06,lost,2024-11-15,timing
4862,2936,7297,6,2024-08-24,85208,0,Qualification,Best Case,2024-08-14,open,,
4863,2936,7296,6,2024-08-24,66257,4,Negotiation,Commit,2024-09-20,open,,
4869,3659,7305,40,2024-08-26,26711,5,Closed,Best Case,2024-07-09,won,2024-11-10,
4870,3659,7306,40,2024-08-25,33664,5,Closed,Omit,2020-01-01,lost,2024-09-12,feature_gap
4871,3659,7306,40,2024-08-19,37494,5,Closed,Omit,2024-09-22,won,2024-11-04,
4872,3659,7306,40,2024-08-25,25238,5,Closed,Best Case,2024-07-01,won,2024-12-08,
4888,1202,7328,9,2024-09-24,18754,5,Closed,Commit,2024-08-01,won,2025-01-13,
4889,1202,7328,9,2024-09-21,12300,5,Closed,Best Case,2024-07-08,won,2024-11-01,
4890,1202,7328,9,2024-09-25,5421,5,Closed,Omit,2024-09-29,won,2025-01-14,
4891,1202,7328,9,2024-09-27,6622,2,Demo,Best Case,2024-07-26,open,,
4904,1335,7350,43,2024-09-02,5385,0,Qualification,Best Case,2024-08-25,open,,
4905,1335,7350,43,2024-08-24,17880,5,Closed,Best Case,2024-07-29,lost,2024-12-20,no_decision
4906,1335,7350,43,2024-09-02,19957,5,Closed,Commit,2024-08-30,lost,2024-10-24,feature_gap
4943,3630,7408,21,2024-07-29,17464,5,Closed,Best Case,2024-09-20,lost,2024-10-21,no_decision
4952,703,7417,7,2024-07-24,6721,5,Closed,Best Case,2020-01-01,lost,2024-10-16,no_decision
4953,703,7418,7,2024-07-25,6199,5,Closed,Omit,2020-01-01,lost,2024-08-25,no_decision
4957,916,7427,20,2024-09-17,60359,5,Closed,Best Case,2024-08-08,won,2025-01-06,
4964,3921,7440,5,2024-07-30,6050,2,Demo,Best Case,2024-08-09,open,,
4965,3921,7439,5,2024-08-04,17573,5,Closed,Omit,2024-09-23,won,2024-10-02,
4977,3229,7470,27,2024-08-18,5940,1,Discovery,Omit,2024-07-24,open,,
4978,3229,7470,27,2024-08-19,9635,5,Closed,Best Case,2024-08-10,lost,2024-12-06,timing
5010,1633,7508,25,2024-08-08,14489,2,Demo,Omit,2024-07-29,open,,
5011,1633,7508,25,2024-08-10,15268,5,Closed,Commit,2024-08-09,lost,2024-09-10,no_decision
5026,101,7534,36,2024-09-15,12091,5,Closed,Omit,2024-07-15,won,2024-12-04,
5027,101,7532,36,2024-09-18,18029,5,Closed,Best Case,2024-08-03,won,2024-12-12,
5037,2714,7551,37,2024-07-08,9420,2,Demo,Best Case,2020-01-01,open,,
5081,2523,7629,45,2024-07-01,6332,2,Demo,Commit,2024-08-09,open,,
5084,59,7631,6,2024-07-14,438909,5,Closed,Commit,2024-09-08,won,2024-08-29,
5104,1070,7659,30,2024-08-08,66712,5,Closed,Best Case,2024-07-27,won,2024-08-15,
5105,1070,7659,30,2024-08-14,74942,5,Closed,Commit,2024-09-03,won,2024-08-22,
5145,2049,7713,50,2024-07-03,13769,5,Closed,Best Case,2024-09-05,won,2024-10-28,
5149,3614,7721,22,2024-09-11,16524,2,Demo,Omit,2024-07-04,open,,
5153,158,7729,40,2024-07-21,82425,2,Demo,Commit,2024-07-25,open,,
5154,158,7727,40,2024-07-28,42253,5,Closed,Best Case,2024-08-07,lost,2024-08-24,no_decision
5160,1295,7737,4,2024-08-19,12121,5,Closed,Best Case,2024-09-04,won,2024-09-08,
5161,1295,,4,2024-08-17,13646,5,Closed,Commit,2024-08-22,won,2024-11-11,
5193,3496,7797,16,2024-07-06,64397,5,Closed,Best Case,2024-08-05,won,2024-09-07,
5206,1787,7815,24,2024-07-29,201396,5,Closed,Omit,2024-08-11,won,2024-08-30,
5207,1787,7815,24,2024-07-26,397393,0,Qualification,Commit,2024-08-21,open,,
5208,1787,7815,24,2024-07-28,230239,3,Proposal,Commit,2020-01-01,open,,
5209,1787,7815,24,2024-08-04,182863,5,Closed,Omit,2024-08-22,won,2024-11-18,
5254,1700,7897,40,2024-08-11,15516,3,Proposal,Commit,2024-07-05,open,,
5255,1700,7896,40,2024-08-11,8234,5,Closed,Best Case,2024-09-04,lost,2024-09-23,feature_gap
5258,794,7907,1,2024-09-20,5823,5,Closed,Best Case,2024-09-15,won,2024-10-26,
5259,794,7907,1,2024-09-11,7098,5,Closed,Commit,2020-01-01,won,2024-11-15,
5261,3715,7915,33,2024-08-04,74437,5,Closed,Best Case,2024-08-24,won,2024-11-17,
5262,3715,7915,33,2024-08-02,85475,5,Closed,Best Case,2024-09-05,won,2024-08-15,
5274,865,7931,49,2024-09-17,24292,5,Closed,Commit,2024-08-18,won,2024-11-02,
5307,2637,7984,3,2024-08-20,44779,5,Closed,Commit,2024-07-03,won,2024-10-28,
5308,2637,7984,3,2024-08-18,31765,2,Demo,Omit,2024-07-12,open,,
5309,2637,7984,3,2024-08-24,76878,5,Closed,Best Case,2020-01-01,lost,2024-09-04,no_budget
5323,187,,22,2024-08-03,7167,5,Closed,Omit,2024-09-17,won,2024-09-25,
5324,187,8005,22,2024-08-05,12652,5,Closed,Best Case,2024-08-18,won,2024-10-15,
5325,187,8003,22,2024-07-31,5218,5,Closed,Omit,2024-09-11,won,2024-10-12,
5326,187,8004,22,2024-08-05,23038,5,Closed,Best Case,2024-08-24,won,2024-10-22,
5327,187,8003,22,2024-08-06,24058,5,Closed,Omit,2024-09-16,won,2024-11-25,
5337,547,8016,30,2024-09-17,6287,5,Closed,Best Case,2024-09-15,won,2024-11-06,
5341,96,8025,18,2024-07-30,275611,5,Closed,Omit,2024-07-03,won,2024-11-23,
5342,96,8025,18,2024-07-31,412565,5,Closed,Commit,2024-07-07,lost,2024-08-07,timing
5343,96,8024,18,2024-08-05,352926,5,Closed,Commit,2024-08-11,won,2024-11-18,
5349,2835,8046,10,2024-08-03,22614,5,Closed,Best Case,2024-08-02,lost,2024-11-28,timing
5350,2835,8046,10,2024-08-05,15824,1,Discovery,Omit,2024-09-19,open,,
5359,514,5301,31,2024-07-11,12530,5,Closed,Omit,2024-07-25,lost,2024-07-28,timing
5360,514,,31,2024-07-20,21174,4,Negotiation,Best Case,2020-01-01,open,,
5370,3227,8075,30,2024-08-21,6832,3,Proposal,Best Case,2024-08-31,open,,
5371,3227,2031,30,2024-08-24,20262,5,Closed,Commit,2024-09-17,won,2024-09-24,
5373,1295,7736,4,2024-08-13,22512,5,Closed,Best Case,2024-08-30,won,2024-11-22,
5378,2708,115,6,2024-07-15,16698,5,Closed,Best Case,2024-08-14,won,2024-11-06,
5382,987,3048,2,2024-08-27,23993,5,Closed,Best Case,2024-08-15,won,2024-12-15,
5396,1222,5777,17,2024-08-30,13510,3,Proposal,Omit,2024-09-10,open,,
5399,1962,1803,38,2024-09-06,7844,5,Closed,Omit,2024-09-08,lost,2024-12-11,no_decision
5401,3658,5155,42,2024-08-06,24061,5,Closed,Best Case,2024-09-26,won,2024-11-30,
5402,2518,1217,4,2024-08-07,10973,5,Closed,Omit,2024-08-01,lost,2024-11-19,feature_gap
5408,516,1733,9,2024-08-30,37340,5,Closed,Best Case,2024-08-13,won,2024-12-03,
5410,1310,1147,26,2024-07-28,22986,2,Demo,Best Case,2024-09-09,open,,
5432,281,104,13,2024-08-30,12783,5,Closed,Best Case,2024-07-01,won,2024-10-01,
5435,2042,3137,31,2024-07-03,22092,5,Closed,Commit,2024-09-07,won,2024-10-21,
5438,511,7839,26,2024-07-09,24639,5,Closed,Commit,2024-09-23,won,2024-09-06,
5446,1083,5994,31,2024-09-23,59883,5,Closed,Best Case,2024-07-27,won,2024-12-03,
5456,2938,6551,32,2024-08-11,149422,3,Proposal,Omit,2020-01-01,open,,
5474,3297,2505,34,2024-08-15,39013,3,Proposal,Best Case,2024-08-11,open,,
5476,955,3440,2,2024-08-30,6410,5,Closed,Best Case,2024-08-06,won,2024-10-06,
5483,3623,2766,8,2024-09-30,69526,3,Proposal,Best Case,2024-07-06,open,,
5505,348,735,24,2024-09-27,9430,2,Demo,Best Case,2024-07-25,open,,
5512,1837,6957,30,2024-08-09,12822,5,Closed,Best Case,2024-08-15,won,2024-09-03,
5515,141,29,26,2024-08-26,14747,5,Closed,Commit,2024-08-30,lost,2024-09-04,feature_gap
5524,3436,,31,2024-07-24,72302,2,Demo,Best Case,2020-01-01,open,,
5527,1587,5602,11,2024-09-15,14363,5,Closed,Best Case,2020-01-01,won,2024-10-14,
5533,804,518,3,2024-09-17,13606,5,Closed,Best Case,2024-07-14,won,2024-11-24,
5541,1809,1242,22,2024-07-28,268985,1,Discovery,Best Case,2024-08-31,open,,
5564,679,1931,17,2024-08-14,25073,5,Closed,Commit,2024-07-01,won,2024-11-20,
5566,2484,4709,39,2024-07-29,21156,5,Closed,Commit,2024-09-17,won,2024-09-04,
5573,828,,1,2024-08-17,17242,5,Closed,Best Case,2024-08-23,won,2024-10-20,
5574,1281,4940,30,2024-09-06,20780,1,Discovery,Best Case,2024-07-29,open,,
5578,2195,7137,15,2024-09-07,34663,4,Negotiation,Omit,2024-09-20,open,,
5580,2100,1278,20,2024-08-15,145789,5,Closed,Commit,2024-07-17,won,2024-09-10,
5585,712,7598,40,2024-08-06,14486,5,Closed,Commit,2024-07-17,won,2024-08-15,
5592,2372,3548,31,2024-07-14,14670,5,Closed,Omit,2024-08-20,won,2024-08-29,
5597,37,5095,25,2024-07-16,5595,2,Demo,Commit,2024-08-23,open,,
5603,2495,,31,2024-09-27,21527,5,Closed,Best Case,2024-08-25,won,2024-11-22,
5621,2283,1765,39,2024-07-02,22355,3,Proposal,Best Case,2024-09-20,open,,
5622,3606,2712,31,2024-08-14,53495,3,Proposal,Best Case,2024-08-05,open,,
5625,1202,7328,9,2024-08-28,5421,2,Demo,Omit,2024-09-10,open,,
5626,228,1001,1,2024-08-19,19083,2,Demo,Omit,2024-08-27,open,,
5636,1627,2470,22,2024-08-03,23952,5,Closed,Commit,2024-09-15,won,2024-08-09,
5637,2656,241,9,2024-09-17,23885,5,Closed,Commit,2024-09-11,won,2024-11-27,
5640,2971,2283,44,2024-09-20,14686,5,Closed,Omit,2024-08-11,won,2024-10-20,
5642,2708,114,6,2024-07-16,20674,5,Closed,Best Case,2024-07-08,won,2024-08-22,
5646,3037,3285,24,2024-07-01,40656,1,Discovery,Best Case,2024-07-28,open,,
5659,329,6947,38,2024-08-17,11168,2,Demo,Best Case,2024-08-27,open,,
5665,2609,4912,3,2024-07-30,45328,5,Closed,Best Case,2024-08-02,won,2024-11-08,
5673,2380,7048,1,2024-08-31,13030,5,Closed,Commit,2024-08-05,lost,2024-11-20,no_decision
5678,3019,375,21,2024-09-05,46567,5,Closed,Omit,2020-01-01,won,2024-11-05,
5695,1472,3007,2,2024-08-17,63122,5,Closed,Commit,2020-01-01,won,2024-08-31,
5705,813,1316,23,2024-07-11,12534,5,Closed,Omit,2024-08-15,lost,2024-07-24,timing
5713,1490,6758,40,2024-09-28,81681,3,Proposal,Best Case,2024-09-17,open,,
5714,902,6391,16,2024-09-26,16354,5,Closed,Commit,2024-08-28,won,2024-10-18,
5716,1388,4175,3,2024-08-17,83376,2,Demo,Commit,2024-09-23,open,,
5720,165,5848,18,2024-08-24,10059,5,Closed,Commit,2024-08-29,won,2024-11-03,
5741,504,2462,40,2024-07-05,12531,5,Closed,Commit,2020-01-01,won,2024-08-14,
5747,986,1736,34,2024-07-08,20910,5,Closed,Omit,2024-09-28,won,2024-10-17,
5757,1435,4162,20,2024-09-11,59408,3,Proposal,Omit,2024-08-24,open,,
5760,1522,57,17,2024-09-13,25396,5,Closed,Omit,2024-09-24,lost,2024-12-18,no_budget
5763,3482,5670,36,2024-09-21,375799,5,Closed,Omit,2024-09-08,won,2024-09-30,
5774,2200,5764,10,2024-07-18,21515,5,Closed,Best Case,2024-08-30,won,2024-09-26,
5788,2126,6407,6,2024-09-28,22388,5,Closed,Commit,2024-08-17,won,2024-11-03,
5789,1996,3979,24,2024-09-26,63928,5,Closed,Commit,2024-08-26,won,2025-01-03,
5798,1665,87,23,2024-08-08,11301,5,Closed,Omit,2024-07-14,won,2024-08-15,
5806,2708,114,6,2024-07-31,20674,5,Closed,Commit,2020-01-01,won,2024-08-08,
5813,1211,5920,44,2024-08-05,7881,5,Closed,Best Case,2024-09-26,lost,2024-09-24,no_budget
5816,655,1356,26,2024-07-06,181170,5,Closed,Best Case,2024-07-24,won,2024-07-24,
5827,3292,,45,2024-07-09,57828,5,Closed,Omit,2020-01-01,won,2024-10-12,
5841,935,5267,30,2024-07-02,46960,1,Discovery,Commit,2024-09-29,open,,
5850,2291,5858,31,2024-08-02,21713,3,Proposal,Commit,2024-09-06,open,,
5854,2930,5827,7,2024-09-16,10759,3,Proposal,Commit,2020-01-01,open,,
5858,1756,2948,1,2024-08-24,8866,3,Proposal,Omit,2024-08-25,open,,
5866,2487,593,19,2024-09-02,19897,5,Closed,Commit,2024-09-15,won,2024-12-07,
5869,2561,7092,32,2024-07-15,20651,4,Negotiation,Commit,2020-01-01,open,,
5880,3920,7475,26,2024-07-17,98086,2,Demo,Best Case,2020-01-01,open,,
5887,1154,4470,30,2024-08-15,88729,3,Proposal,Best Case,2024-09-10,open,,
5898,3089,6906,14,2024-07-17,16264,5,Closed,Commit,2024-09-23,won,2024-09-30,
5912,2675,53,18,2024-09-02,15766,1,Discovery,Commit,2020-01-01,open,,
5922,729,2452,48,2024-09-10,12949,2,Demo,Best Case,2024-08-25,open,,
5927,200,911,3,2024-07-28,18190,5,Closed,Best Case,2024-08-19,won,2024-09-23,
5931,3341,6991,10,2024-09-07,9730,5,Closed,Omit,2024-08-28,won,2024-11-19,
5937,2707,6649,18,2024-08-08,38988,5,Closed,Commit,2020-01-01,won,2024-11-16,
5938,1251,2910,7,2024-08-13,23644,1,Discovery,Best Case,2020-01-01,open,,
5940,3522,7834,10,2024-09-08,54391,5,Closed,Omit,2024-09-03,lost,2024-09-23,timing
5951,3786,6086,24,2024-07-16,16433,5,Closed,Best Case,2024-08-11,won,2024-08-31,
5952,3979,2339,29,2024-07-05,96367,2,Demo,Omit,2024-07-05,open,,
5963,237,7692,44,2024-08-16,13174,3,Proposal,Best Case,2024-09-26,open,,
5977,266,8086,7,2024-09-20,16249,5,Closed,Best Case,2020-01-01,won,2024-12-18,
5981,1027,5575,42,2024-08-20,70125,5,Closed,Commit,2020-01-01,won,2024-09-09,
5984,2788,6262,9,2024-07-10,21162,2,Demo,Best Case,2024-07-04,open,,
5988,2574,7792,36,2024-09-18,9987,5,Closed,Omit,2024-09-24,won,2025-01-07,
1,2962,2,20,2024-10-13,7110,5,Closed,Best Case,2020-01-01,won,2025-01-15,
2,2962,2,20,2024-10-07,18071,5,Closed,Omit,2024-11-30,lost,2025-01-13,no_budget
10,846,15,9,2024-12-30,36411,5,Closed,Omit,2024-12-30,won,2025-04-07,
11,846,15,9,2024-12-30,50950,4,Negotiation,Best Case,2024-12-30,open,,
16,2344,21,3,2024-12-30,73061,2,Demo,Omit,2024-12-30,open,,
19,141,29,26,2024-12-30,23163,5,Closed,Commit,2024-12-30,won,2025-02-22,
20,141,29,26,2024-12-30,10854,5,Closed,Commit,2024-12-30,won,2025-02-28,
21,141,29,26,2024-12-30,14747,5,Closed,Commit,2024-12-30,won,2025-02-09,
22,141,29,26,2024-12-30,22173,1,Discovery,Commit,2024-12-30,open,,
44,1588,55,23,2024-12-30,6401,3,Proposal,Omit,2024-10-01,open,,
49,1569,60,6,2024-11-12,36820,5,Closed,Commit,2024-12-30,won,2025-01-31,
53,533,64,6,2024-12-30,24608,3,Proposal,Best Case,2020-01-01,open,,
54,533,64,6,2024-12-30,22485,5,Closed,Omit,2024-12-30,won,2025-04-23,
55,2303,71,39,2024-12-30,8638,2,Demo,Best Case,2024-12-30,open,,
56,2303,71,39,2024-12-30,17463,5,Closed,Omit,2024-12-30,won,2025-02-25,
72,3481,93,12,2024-10-01,15921,5,Closed,Omit,2024-10-29,won,2024-11-30,
74,3418,102,36,2024-12-30,14091,5,Closed,Omit,2024-12-30,won,2025-01-14,
75,3418,102,36,2024-12-30,17190,2,Demo,Omit,2024-12-30,open,,
77,2708,115,6,2024-12-30,17000,5,Closed,Best Case,2024-12-16,won,2025-04-16,
78,2708,115,6,2024-12-30,16698,5,Closed,Best Case,2024-12-30,lost,2025-03-07,timing
79,2708,115,6,2024-12-30,16424,5,Closed,Best Case,2024-12-30,won,2025-01-16,
80,2708,114,6,2024-12-30,20674,2,Demo,Omit,2020-01-01,open,,
84,3996,125,1,2024-12-30,99784,3,Proposal,Omit,2024-12-30,open,,
85,3996,126,1,2024-12-30,36839,5,Closed,Best Case,2024-11-14,won,2025-03-08,
86,3996,125,1,2024-12-30,94298,5,Closed,Omit,2024-10-16,lost,2025-04-11,timing
87,3996,125,1,2024-12-30,97108,5,Closed,Commit,2020-01-01,won,2025-02-21,
88,412,127,27,2024-12-30,20218,5,Closed,Omit,2024-12-30,won,2025-03-13,
89,181,133,27,2024-12-30,63948,5,Closed,Omit,2024-10-25,won,2025-03-02,
90,181,133,27,2024-12-30,61823,5,Closed,Omit,2024-12-30,lost,2025-01-21,timing
100,1431,156,23,2024-12-30,19018,5,Closed,Omit,2020-01-01,won,2025-03-08,
101,1431,155,23,2024-12-30,21906,5,Closed,Best Case,2024-12-30,won,2025-02-20,
104,2312,161,19,2024-12-30,95225,5,Closed,Commit,2024-12-30,won,2025-02-16,
109,2235,175,9,2024-12-30,13976,5,Closed,Omit,2024-12-30,won,2025-02-12,
110,2235,175,9,2024-12-30,16313,4,Negotiation,Commit,2024-12-30,open,,
128,3857,192,29,2024-12-05,17021,5,Closed,Omit,2024-12-30,won,2025-03-30,
129,3857,192,29,2024-12-08,19376,5,Closed,Best Case,2024-12-30,won,2025-01-03,
132,3542,205,29,2024-12-13,19735,2,Demo,Best Case,2024-12-27,open,,
136,3842,219,17,2024-12-30,56342,5,Closed,Commit,2020-01-01,lost,2025-02-23,no_decision
138,420,223,13,2024-12-30,21665,1,Discovery,Best Case,2024-10-15,open,,
142,719,237,39,2024-12-30,70031,2,Demo,Best Case,2024-12-30,open,,
145,3610,239,43,2024-12-30,41340,2,Demo,Best Case,2024-10-30,open,,
146,3610,240,43,2024-12-30,53795,5,Closed,Commit,2024-12-30,won,2025-03-14,
147,3610,240,43,2024-12-30,68842,5,Closed,Omit,2024-11-13,won,2025-04-22,
152,2633,247,37,2024-12-30,23181,5,Closed,Best Case,2024-12-30,won,2025-04-04,
153,2633,247,37,2024-12-30,9119,5,Closed,Best Case,2024-12-30,won,2025-03-04,
154,2633,247,37,2024-12-30,24364,5,Closed,Commit,2020-01-01,lost,2025-04-04,no_decision
168,2230,263,32,2024-12-30,14202,5,Closed,Best Case,2024-12-30,won,2025-03-16,
170,3799,266,9,2024-12-30,24012,5,Closed,Best Case,2024-11-22,won,2025-02-14,
171,3799,265,9,2024-12-30,23357,5,Closed,Omit,2024-12-30,won,2025-03-08,
191,1346,289,24,2024-12-30,9882,5,Closed,Best Case,2024-12-30,won,2025-04-24,
202,3142,309,48,2024-12-30,14105,5,Closed,Best Case,2024-12-30,won,2025-02-05,
203,232,312,10,2024-12-30,7061,3,Proposal,Best Case,2024-12-30,open,,
204,232,311,10,2024-12-30,6692,2,Demo,Commit,2020-01-01,open,,
205,3935,316,40,2024-12-30,7836,5,Closed,Commit,2024-11-01,won,2025-04-26,
206,3935,317,40,2024-12-30,11802,1,Discovery,Commit,2024-12-30,open,,
207,3935,318,40,2024-12-30,18966,5,Closed,Best Case,2020-01-01,won,2025-02-22,
225,2739,343,38,2024-12-16,18544,5,Closed,Best Case,2020-01-01,lost,2025-03-03,timing
232,588,355,45,2024-12-30,10887,2,Demo,Best Case,2024-12-30,open,,
233,2825,357,49,2024-12-30,18732,0,Qualification,Best Case,2024-12-30,open,,
234,2825,356,49,2024-12-30,5725,5,Closed,Commit,2024-12-30,won,2025-03-08,
235,700,358,22,2024-11-23,327054,5,Closed,Omit,2024-12-30,won,2024-12-13,
237,964,364,40,2024-12-30,21705,5,Closed,Omit,2024-12-04,won,2025-02-15,
240,2889,370,6,2024-12-06,49079,5,Closed,Best Case,2024-12-30,won,2024-12-22,
242,1909,373,46,2024-12-30,13474,5,Closed,Commit,2024-11-08,won,2025-03-03,
243,1909,374,46,2024-12-30,17846,5,Closed,Best Case,2024-10-15,lost,2025-01-14,timing
248,1741,377,32,2024-12-30,17189,5,Closed,Commit,2024-12-29,won,2025-04-15,
296,395,439,19,2024-10-27,15205,2,Demo,Best Case,2024-12-30,open,,
299,2090,446,5,2024-12-30,15610,3,Proposal,Commit,2024-12-30,open,,
303,3912,453,38,2024-12-30,21851,2,Demo,Best Case,2024-11-24,open,,
304,3912,454,38,2024-12-30,15480,5,Closed,Commit,2024-12-30,won,2025-01-21,
306,2723,462,32,2024-12-08,12922,5,Closed,Commit,2024-12-21,won,2025-02-15,
307,2723,462,32,2024-12-08,7188,5,Closed,Omit,2020-01-01,lost,2025-01-17,no_decision
315,3098,473,20,2024-11-13,19321,5,Closed,Best Case,2024-12-30,lost,2024-12-13,feature_gap
326,1330,486,43,2024-10-10,21267,3,Proposal,Best Case,2024-11-11,open,,
334,3,494,18,2024-10-22,5731,5,Closed,Omit,2020-01-01,lost,2024-12-08,feature_gap
340,871,499,18,2024-12-30,45472,5,Closed,Best Case,2024-12-30,won,2025-01-26,
346,3069,512,43,2024-12-30,24294,5,Closed,Omit,2024-12-30,won,2025-02-17,
347,3069,512,43,2024-12-30,16186,5,Closed,Omit,2024-11-17,won,2025-02-11,
351,804,518,3,2024-12-30,13606,2,Demo,Best Case,2024-12-30,open,,
352,804,518,3,2024-12-30,15305,5,Closed,Omit,2024-12-30,lost,2025-02-25,no_decision
353,3777,519,36,2024-11-09,8407,2,Demo,Best Case,2024-12-30,open,,
354,3777,519,36,2024-11-11,24412,0,Qualification,Best Case,2024-12-30,open,,
355,3777,520,36,2024-11-11,9007,5,Closed,Omit,2024-12-30,lost,2025-01-19,no_budget
364,3472,537,4,2024-12-30,10494,2,Demo,Commit,2024-12-30,open,,
365,3472,536,4,2024-12-30,5835,5,Closed,Best Case,2024-11-29,won,2025-03-04,
366,3472,535,4,2024-12-30,7622,5,Closed,Omit,2024-12-30,won,2025-04-03,
367,609,538,22,2024-12-30,20952,5,Closed,Omit,2024-12-30,won,2025-03-08,
374,2179,557,29,2024-12-30,10586,3,Proposal,Best Case,2024-11-26,open,,
375,2179,557,29,2024-12-30,8322,5,Closed,Omit,2020-01-01,won,2025-04-02,
376,849,558,27,2024-10-09,22839,4,Negotiation,Best Case,2024-12-30,open,,
390,2968,583,9,2024-12-30,22506,5,Closed,Commit,2024-12-30,won,2025-04-04,
395,2487,595,19,2024-11-30,15664,5,Closed,Commit,2024-12-30,won,2025-01-10,
396,2487,593,19,2024-11-28,19897,5,Closed,Best Case,2024-10-03,won,2025-02-19,
417,385,626,32,2024-11-16,69725,5,Closed,Commit,2024-12-30,won,2024-12-31,
418,385,626,32,2024-11-17,77194,5,Closed,Omit,2024-12-23,won,2024-12-20,
424,3134,651,42,2024-11-21,14347,5,Closed,Best Case,2024-12-30,won,2025-01-14,
427,2573,658,31,2024-12-09,7827,5,Closed,Omit,2024-12-30,lost,2025-01-12,timing
428,2573,660,31,2024-12-12,9492,4,Negotiation,Best Case,2024-10-09,open,,
432,3965,665,20,2024-12-30,20935,5,Closed,Omit,2024-12-30,lost,2025-01-24,timing
433,3965,663,20,2024-12-30,12741,4,Negotiation,Commit,2020-01-01,open,,
451,3319,697,5,2024-12-30,38190,3,Proposal,Omit,2020-01-01,open,,
452,3319,,5,2024-12-30,77169,5,Closed,Omit,2024-12-04,won,2025-03-15,
453,3319,697,5,2024-12-30,89344,5,Closed,Best Case,2024-12-11,won,2025-03-23,
461,2079,714,30,2024-12-30,5523,1,Discovery,Best Case,2024-10-28,open,,
467,179,723,38,2024-12-30,6269,5,Closed,Best Case,2024-12-30,won,2025-02-09,
468,3641,725,11,2024-12-13,427876,5,Closed,Best Case,2024-12-30,won,2025-01-30,
469,3641,726,11,2024-12-12,239220,5,Closed,Best Case,2024-10-02,won,2024-12-26,
475,3847,732,40,2024-12-30,23377,5,Closed,Omit,2024-12-30,won,2025-01-24,
476,3847,732,40,2024-12-30,18482,5,Closed,Omit,2024-10-06,won,2025-04-26,
488,2331,751,4,2024-10-31,17740,5,Closed,Best Case,2020-01-01,won,2024-12-05,
509,3634,785,18,2024-12-30,6042,5,Closed,Best Case,2024-11-30,lost,2025-04-12,feature_gap
510,427,,50,2024-10-30,12201,1,Discovery,Omit,2024-12-30,open,,
511,427,787,50,2024-10-23,5006,4,Negotiation,Omit,2024-12-30,open,,
518,138,798,7,2024-10-31,88730,3,Proposal,Commit,2024-11-25,open,,
524,2902,807,7,2024-12-30,22081,5,Closed,Best Case,2024-12-30,won,2025-03-16,
525,2902,808,7,2024-12-30,10355,5,Closed,Commit,2024-12-30,won,2025-04-09,
531,3176,820,13,2024-11-16,62071,5,Closed,Best Case,2024-12-09,won,2024-12-16,
532,3176,822,13,2024-11-25,84664,5,Closed,Commit,2024-12-30,won,2024-12-05,
533,3186,824,10,2024-11-30,281387,5,Closed,Commit,2024-12-30,won,2025-03-06,
534,3186,823,10,2024-11-20,265993,1,Discovery,Best Case,2024-12-30,open,,
535,3186,823,10,2024-11-25,385682,5,Closed,Best Case,2024-12-30,lost,2025-02-11,timing
536,3186,823,10,2024-11-28,338878,5,Closed,Omit,2024-12-30,won,2025-03-04,
537,3186,824,10,2024-11-25,284104,5,Closed,Commit,2024-11-09,lost,2025-02-17,no_decision
540,860,834,24,2024-12-30,17757,5,Closed,Best Case,2024-12-03,won,2025-01-30,
552,3654,852,38,2024-10-26,422862,5,Closed,Commit,2020-01-01,lost,2024-12-17,no_budget
553,3654,852,38,2024-10-20,405531,5,Closed,Commit,2024-12-30,lost,2024-12-02,feature_gap
554,3654,850,38,2024-10-28,183277,5,Closed,Best Case,2024-12-24,won,2025-01-25,
560,1991,860,37,2024-12-30,12004,5,Closed,Commit,2020-01-01,won,2025-04-06,
572,190,872,19,2024-12-02,10106,0,Qualification,Commit,2024-10-28,open,,
573,2619,877,26,2024-12-30,7402,5,Closed,Commit,2024-12-30,won,2025-03-09,
574,1937,879,37,2024-12-30,18231,5,Closed,Best Case,2024-12-30,lost,2025-01-07,feature_gap
575,1937,879,37,2024-12-30,24072,5,Closed,Commit,2024-12-30,won,2025-04-06,
578,1081,886,23,2024-12-30,85059,1,Discovery,Commit,2024-12-30,open,,
583,3419,898,35,2024-12-30,23662,5,Closed,Commit,2024-10-14,won,2025-02-18,
584,3419,898,35,2024-12-30,8314,5,Closed,Best Case,2024-12-30,won,2025-01-24,
585,3419,898,35,2024-12-30,23417,5,Closed,Best Case,2024-12-30,won,2025-02-01,
588,1986,906,32,2024-10-26,16529,5,Closed,Best Case,2024-11-29,won,2025-02-15,
589,544,910,4,2024-10-12,22008,5,Closed,Commit,2020-01-01,won,2024-12-16,
614,3149,950,39,2024-10-14,16134,5,Closed,Commit,2020-01-01,won,2024-12-06,
652,1946,1003,29,2024-12-30,23394,5,Closed,Best Case,2024-12-02,won,2025-02-18,
653,3956,1004,6,2024-12-30,365484,1,Discovery,Commit,2024-12-30,open,,
654,3956,1004,6,2024-12-30,489755,3,Proposal,Best Case,2020-01-01,open,,
656,182,1006,4,2024-12-30,14146,5,Closed,Best Case,2024-10-06,won,2025-03-05,
661,1467,1011,31,2024-12-10,20011,5,Closed,Commit,2024-12-30,won,2025-03-15,
662,1467,1012,31,2024-12-12,20415,3,Proposal,Commit,2024-12-04,open,,
663,1382,1016,34,2024-12-30,12669,2,Demo,Best Case,2024-11-13,open,,
664,1382,1016,34,2024-12-30,11218,5,Closed,Commit,2024-12-30,lost,2025-04-16,feature_gap
684,3512,1038,19,2024-12-27,21108,5,Closed,Best Case,2024-12-30,won,2025-04-20,
688,2647,1045,25,2024-12-30,419262,1,Discovery,Omit,2024-10-17,open,,
689,2647,1046,25,2024-12-30,195191,5,Closed,Omit,2024-11-23,won,2025-02-01,
690,3093,1049,29,2024-12-30,13807,5,Closed,Best Case,2024-12-30,won,2025-04-27,
691,3093,1049,29,2024-12-30,18688,5,Closed,Omit,2024-12-30,won,2025-03-29,
709,1432,1075,5,2024-12-30,45474,5,Closed,Best Case,2024-12-30,won,2025-03-26,
710,1432,1075,5,2024-12-30,82050,5,Closed,Omit,2024-12-30,lost,2025-04-06,feature_gap
711,1432,1075,5,2024-12-30,83854,5,Closed,Omit,2024-12-30,won,2025-02-02,
712,1432,1075,5,2024-12-30,86614,2,Demo,Best Case,2024-12-30,open,,
725,2509,1092,12,2024-12-30,12762,5,Closed,Omit,2024-12-30,won,2025-03-06,
729,2495,1110,31,2024-12-30,10894,5,Closed,Best Case,2024-12-30,won,2025-04-20,
730,2495,1108,31,2024-12-30,12169,2,Demo,Commit,2024-12-30,open,,
731,2495,1109,31,2024-12-30,24667,5,Closed,Best Case,2024-12-30,won,2025-03-19,
732,2495,1109,31,2024-12-30,21527,2,Demo,Best Case,2024-12-30,open,,
753,1436,1146,25,2024-12-30,9062,5,Closed,Omit,2020-01-01,won,2025-02-20,
758,1390,1150,40,2024-12-30,11825,5,Closed,Commit,2024-11-19,lost,2025-03-02,no_decision
763,3348,89,12,2024-12-30,43192,5,Closed,Omit,2024-12-30,won,2025-03-18,
764,3348,7558,12,2024-12-30,27286,1,Discovery,Omit,2024-12-30,open,,
766,2478,1159,18,2024-12-30,87418,5,Closed,Commit,2024-12-30,won,2025-01-08,
773,3235,1177,35,2024-12-30,49209,4,Negotiation,Best Case,2024-12-30,open,,
774,3235,1177,35,2024-12-30,30688,5,Closed,Omit,2024-12-30,won,2025-02-01,
778,658,1188,9,2024-12-30,90567,5,Closed,Commit,2024-12-30,won,2025-01-30,
779,814,1190,1,2024-12-30,13545,2,Demo,Commit,2024-12-21,open,,
780,814,,1,2024-12-30,5592,5,Closed,Commit,2024-12-12,won,2025-04-03,
781,814,1191,1,2024-12-30,24202,5,Closed,Omit,2024-12-13,won,2025-04-20,
790,417,4637,32,2024-12-30,44837,5,Closed,Best Case,2024-10-15,won,2025-03-28,
791,1777,1202,9,2024-12-30,23968,1,Discovery,Commit,2024-12-16,open,,
792,1777,1202,9,2024-12-30,19031,5,Closed,Commit,2024-11-03,lost,2025-01-12,feature_gap
796,1838,1210,38,2024-12-30,11608,5,Closed,Omit,2024-12-30,won,2025-04-03,
797,1838,1210,38,2024-12-30,16035,5,Closed,Commit,2024-11-28,won,2025-04-28,
798,1838,1210,38,2024-12-30,19743,5,Closed,Best Case,2024-11-14,won,2025-04-21,
802,1753,1218,44,2024-10-25,10215,5,Closed,Commit,2024-12-30,won,2025-02-09,
803,1753,1219,44,2024-10-23,23447,5,Closed,Commit,2024-12-30,won,2024-11-02,
804,1753,1219,44,2024-10-27,10481,5,Closed,Best Case,2024-12-30,lost,2024-11-01,no_decision
813,3888,1226,14,2024-12-30,15055,2,Demo,Commit,2024-12-02,open,,
814,3888,1225,14,2024-12-30,17484,4,Negotiation,Commit,2024-12-30,open,,
820,11,1241,40,2024-12-30,13859,3,Proposal,Best Case,2024-12-30,open,,
821,11,1239,40,2024-12-30,15696,5,Closed,Commit,2024-12-30,won,2025-04-27,
836,3620,1254,24,2024-10-14,5860,5,Closed,Omit,2024-12-30,won,2024-10-28,
837,3620,1255,24,2024-10-12,21247,5,Closed,Commit,2024-12-30,won,2024-12-02,
840,285,1260,17,2024-12-30,12175,5,Closed,Omit,2024-12-30,won,2025-02-23,
841,285,1260,17,2024-12-30,16599,5,Closed,Commit,2024-12-30,won,2025-03-11,
845,874,1271,9,2024-12-30,18335,5,Closed,Omit,2024-10-31,won,2025-02-19,
849,1725,1274,5,2024-12-30,7149,5,Closed,Best Case,2024-12-30,won,2025-04-10,
860,1305,1286,29,2024-12-30,16913,3,Proposal,Omit,2024-12-30,open,,
861,1305,1285,29,2024-12-30,24930,5,Closed,Omit,2024-12-30,won,2025-03-22,
862,1305,1286,29,2024-12-30,7671,5,Closed,Best Case,2024-10-02,lost,2025-02-27,no_budget
865,2420,1290,14,2024-10-10,383193,5,Closed,Commit,2020-01-01,won,2025-01-23,
866,2420,1290,14,2024-10-13,261777,1,Discovery,Best Case,2024-12-30,open,,
867,269,1295,14,2024-12-30,19485,5,Closed,Best Case,2024-10-24,lost,2025-02-19,no_decision
882,1219,1335,12,2024-12-30,38316,5,Closed,Best Case,2024-12-06,won,2025-04-06,
883,1219,1336,12,2024-12-30,65555,3,Proposal,Omit,2020-01-01,open,,
891,1463,1344,11,2024-12-30,47228,5,Closed,Omit,2024-11-17,won,2025-03-03,
892,2814,1346,23,2024-11-08,94274,2,Demo,Best Case,2024-12-30,open,,
903,3413,1361,6,2024-12-30,87280,5,Closed,Omit,2024-12-30,lost,2025-03-07,no_budget
904,1767,1363,2,2024-12-02,14514,3,Proposal,Commit,2024-12-30,open,,
909,1530,1371,30,2024-12-30,23822,5,Closed,Omit,2024-12-30,won,2025-04-11,
910,1530,1370,30,2024-12-30,15307,5,Closed,Best Case,2024-12-30,won,2025-02-04,
911,1530,1370,30,2024-12-30,13027,5,Closed,Commit,2024-12-06,won,2025-04-18,
912,2481,1374,6,2024-12-30,21922,5,Closed,Omit,2024-12-30,won,2025-04-21,
913,2481,1373,6,2024-12-30,15088,5,Closed,Commit,2024-12-30,won,2025-03-06,
920,3428,1388,27,2024-10-21,5311,2,Demo,Commit,2024-12-30,open,,
921,3428,1387,27,2024-10-17,19001,5,Closed,Best Case,2024-11-16,won,2024-12-15,
924,2471,1393,2,2024-12-30,74070,3,Proposal,Best Case,2024-11-07,open,,
925,2471,1394,2,2024-12-30,46838,2,Demo,Commit,2024-12-30,open,,
926,2471,1394,2,2024-12-30,53376,5,Closed,Best Case,2024-12-30,lost,2025-03-20,no_budget
933,3871,1400,49,2024-12-30,62271,5,Closed,Commit,2024-12-30,lost,2025-01-21,no_decision
934,2996,1405,26,2024-10-01,64666,5,Closed,Omit,2024-12-30,lost,2024-12-29,feature_gap
943,2630,1420,49,2024-11-25,16008,2,Demo,Best Case,2024-12-30,open,,
944,1026,1421,7,2024-12-30,14665,5,Closed,Omit,2024-12-30,won,2025-01-24,
946,17,1427,45,2024-12-30,22841,5,Closed,Omit,2024-12-30,lost,2025-02-15,no_decision
949,474,1438,34,2024-12-30,16098,1,Discovery,Best Case,2024-12-30,open,,
950,474,1438,34,2024-12-30,5099,5,Closed,Commit,2024-12-30,won,2025-03-07,
957,2542,1447,17,2024-11-20,10158,5,Closed,Commit,2024-12-30,won,2025-02-26,
958,2542,1447,17,2024-11-17,6569,3,Proposal,Best Case,2024-10-23,open,,
960,2900,1454,22,2024-12-30,95721,5,Closed,Omit,2024-12-30,won,2025-04-25,
961,2900,1455,22,2024-12-30,40160,5,Closed,Best Case,2024-12-30,lost,2025-03-02,feature_gap
964,3274,1458,38,2024-12-30,98357,5,Closed,Omit,2024-12-13,won,2025-04-11,
965,3274,1458,38,2024-12-30,36803,5,Closed,Commit,2024-12-30,lost,2025-01-05,no_budget
968,476,1465,8,2024-12-30,479697,4,Negotiation,Commit,2024-12-30,open,,
973,3021,1470,14,2024-12-30,20908,5,Closed,Commit,2024-11-28,lost,2025-01-12,timing
974,2101,1472,37,2024-12-30,6782,5,Closed,Omit,2024-12-30,lost,2025-02-02,no_budget
975,675,1475,35,2024-12-30,21997,3,Proposal,Best Case,2020-01-01,open,,
976,3082,1478,11,2024-12-30,28110,3,Proposal,Omit,2024-12-30,open,,
977,3082,1478,11,2024-12-30,35031,5,Closed,Commit,2024-10-12,lost,2025-03-09,no_decision
987,472,1485,22,2024-12-01,13620,5,Closed,Omit,2024-11-24,won,2025-02-01,
988,472,1484,22,2024-12-01,19125,5,Closed,Omit,2024-11-25,won,2025-03-25,
989,472,1484,22,2024-12-03,17101,5,Closed,Omit,2024-11-21,lost,2025-01-11,no_decision
990,2256,1486,5,2024-12-30,385626,5,Closed,Best Case,2024-12-30,won,2025-04-11,
991,2256,1486,5,2024-12-30,196757,5,Closed,Commit,2024-12-30,won,2025-01-13,
993,3903,1493,17,2024-12-30,6547,5,Closed,Omit,2024-12-30,won,2025-02-07,
994,3903,1493,17,2024-12-30,24453,3,Proposal,Best Case,2024-12-18,open,,
996,2850,1505,38,2024-11-30,13447,5,Closed,Best Case,2024-12-30,won,2024-12-25,
997,2850,1506,38,2024-11-30,22650,5,Closed,Best Case,2024-10-26,lost,2025-01-19,timing
999,1054,1514,31,2024-12-30,95078,2,Demo,Best Case,2024-12-30,open,,
1000,1054,1514,31,2024-12-30,87039,2,Demo,Omit,2024-12-30,open,,
1001,1054,1514,31,2024-12-30,42836,5,Closed,Best Case,2024-12-30,won,2025-02-07,
1002,1054,1514,31,2024-12-30,52376,2,Demo,Commit,2020-01-01,open,,
1009,1040,1520,45,2024-12-28,70215,5,Closed,Best Case,2024-12-30,lost,2025-01-03,timing
1010,1040,1520,45,2024-12-23,41153,5,Closed,Commit,2024-12-30,won,2025-01-28,
1011,1040,1520,45,2024-12-23,86127,5,Closed,Omit,2024-12-30,won,2025-04-04,
1012,3366,1524,47,2024-12-30,10669,5,Closed,Omit,2024-12-30,won,2025-03-25,
1013,3366,1524,47,2024-12-30,8201,1,Discovery,Commit,2024-10-26,open,,
1014,2280,1529,27,2024-12-30,11342,3,Proposal,Commit,2024-12-30,open,,
1019,1135,1535,37,2024-11-29,13160,4,Negotiation,Best Case,2024-10-03,open,,
1023,3500,1539,23,2024-12-30,210023,5,Closed,Omit,2024-12-30,won,2025-02-28,
1024,3500,1539,23,2024-12-30,163893,5,Closed,Commit,2024-12-30,lost,2025-03-08,no_decision
1025,3500,1539,23,2024-12-30,122657,1,Discovery,Best Case,2024-12-30,open,,
1026,3500,1539,23,2024-12-30,327197,5,Closed,Commit,2020-01-01,won,2025-03-23,
1027,3395,1540,31,2024-12-30,9267,5,Closed,Best Case,2024-12-30,lost,2025-02-07,feature_gap
1028,3395,1540,31,2024-12-30,7414,2,Demo,Best Case,2024-12-30,open,,
1029,933,1544,7,2024-12-30,14137,5,Closed,Omit,2024-12-30,won,2025-01-14,
1030,3884,1545,43,2024-12-30,10734,5,Closed,Commit,2024-12-30,won,2025-03-04,
1037,1112,1554,38,2024-12-30,57000,5,Closed,Omit,2024-12-30,won,2025-02-21,
1039,997,1557,47,2024-12-04,25461,3,Proposal,Commit,2024-12-30,open,,
1040,997,1557,47,2024-12-08,69316,5,Closed,Commit,2024-12-30,won,2025-03-27,
1047,2711,1566,2,2024-11-01,379867,2,Demo,Commit,2024-10-31,open,,
1050,338,1571,9,2024-12-04,22344,1,Discovery,Commit,2024-12-27,open,,
1051,1042,1573,35,2024-12-30,17647,2,Demo,Omit,2024-12-30,open,,
1052,1042,1572,35,2024-12-30,20235,5,Closed,Omit,2024-12-30,lost,2025-02-11,feature_gap
1056,2854,1579,47,2024-10-30,10249,5,Closed,Omit,2024-12-30,lost,2024-11-16,feature_gap
1066,2500,1592,35,2024-12-30,6726,3,Proposal,Omit,2024-12-30,open,,
1072,3962,1601,3,2024-12-30,7269,5,Closed,Omit,2024-12-30,lost,2025-01-24,timing
1073,3962,1601,3,2024-12-30,15026,5,Closed,Omit,2020-01-01,won,2025-01-11,
1074,3962,1600,3,2024-12-30,19058,5,Closed,Best Case,2024-12-30,won,2025-04-16,
1081,304,1611,2,2024-12-30,20979,1,Discovery,Commit,2024-12-30,open,,
1083,2044,1616,10,2024-11-10,254399,5,Closed,Omit,2020-01-01,won,2025-02-20,
1084,2044,1616,10,2024-11-14,205686,5,Closed,Omit,2024-12-30,lost,2024-12-01,feature_gap
1091,422,1623,25,2024-12-30,58190,5,Closed,Best Case,2020-01-01,won,2025-03-11,
1097,242,1631,24,2024-12-30,20118,5,Closed,Omit,2024-12-12,won,2025-02-20,
1098,242,1631,24,2024-12-30,12413,5,Closed,Commit,2024-11-15,won,2025-01-27,
1110,2898,1643,42,2024-12-30,11285,5,Closed,Commit,2024-11-17,won,2025-02-12,
1111,2898,1643,42,2024-12-30,8612,5,Closed,Best Case,2024-11-28,won,2025-03-11,
1112,1006,1645,15,2024-12-30,47689,5,Closed,Commit,2024-12-30,won,2025-02-18,
1113,1006,1645,15,2024-12-30,26711,1,Discovery,Commit,2024-10-16,open,,
1119,31,1656,35,2024-12-30,22474,2,Demo,Omit,2024-12-30,open,,
1120,31,1655,35,2024-12-30,22379,3,Proposal,Omit,2024-12-30,open,,
1126,2028,1665,30,2024-12-30,23013,5,Closed,Commit,2024-12-30,won,2025-01-30,
1133,2895,1673,50,2024-12-30,21235,5,Closed,Commit,2024-11-22,won,2025-01-29,
1139,542,1680,44,2024-12-30,6092,1,Discovery,Best Case,2020-01-01,open,,
1140,2311,1682,40,2024-10-07,9848,5,Closed,Omit,2024-12-30,won,2025-01-23,
1141,2311,1682,40,2024-10-05,10602,3,Proposal,Omit,2024-10-17,open,,
1150,1145,1693,33,2024-12-30,6779,3,Proposal,Best Case,2024-12-30,open,,
1168,3368,1708,27,2024-12-30,23217,1,Discovery,Commit,2024-12-30,open,,
1169,3368,1708,27,2024-12-30,22249,5,Closed,Best Case,2020-01-01,won,2025-01-30,
1170,3353,1710,38,2024-10-04,5595,5,Closed,Best Case,2024-12-30,won,2025-01-18,
1171,3353,1711,38,2024-10-11,6115,5,Closed,Omit,2024-12-21,won,2025-01-07,
1172,3353,1710,38,2024-10-06,18589,2,Demo,Best Case,2024-12-30,open,,
1173,1009,1714,38,2024-12-30,20701,5,Closed,Commit,2020-01-01,won,2025-01-21,
1174,1009,1714,38,2024-12-30,21481,3,Proposal,Commit,2024-12-28,open,,
1175,210,1717,6,2024-10-18,17577,5,Closed,Commit,2024-12-30,lost,2025-01-23,no_decision
1179,912,1722,22,2024-12-30,14662,5,Closed,Best Case,2024-12-30,won,2025-03-28,
1180,912,1722,22,2024-12-30,14433,2,Demo,Omit,2024-12-30,open,,
1181,912,1722,22,2024-12-30,16913,5,Closed,Commit,2024-12-30,won,2025-02-06,
1185,3016,1728,23,2024-12-30,55464,5,Closed,Commit,2024-12-30,lost,2025-03-17,feature_gap
1186,3016,1728,23,2024-12-30,82563,2,Demo,Omit,2024-12-30,open,,
1187,3016,1728,23,2024-12-30,40615,3,Proposal,Omit,2024-12-30,open,,
1188,3016,1728,23,2024-12-30,56134,1,Discovery,Best Case,2024-12-14,open,,
1202,3833,1742,27,2024-12-30,62909,3,Proposal,Omit,2024-12-30,open,,
1203,3833,1742,27,2024-12-30,67625,2,Demo,Omit,2024-12-30,open,,
1204,2572,1744,36,2024-12-30,13361,3,Proposal,Commit,2024-12-21,open,,
1205,2572,1744,36,2024-12-30,6662,5,Closed,Best Case,2024-12-30,won,2025-03-31,
1206,2572,1744,36,2024-12-30,9764,5,Closed,Omit,2020-01-01,won,2025-02-01,
1210,3354,1753,6,2024-11-26,96860,5,Closed,Omit,2024-12-30,won,2025-02-17,
1211,3354,1753,6,2024-11-23,42465,5,Closed,Best Case,2024-12-30,lost,2025-03-21,feature_gap
1212,3354,1753,6,2024-11-18,48300,5,Closed,Commit,2024-12-30,won,2025-03-09,
1213,3354,1753,6,2024-11-23,76331,5,Closed,Omit,2024-12-30,won,2025-02-28,
1214,3354,1753,6,2024-11-23,65504,5,Closed,Commit,2024-10-17,won,2024-12-19,
1215,2007,1756,12,2024-12-30,23214,5,Closed,Commit,2024-12-30,won,2025-01-09,
1216,3624,1758,34,2024-12-30,12161,5,Closed,Omit,2024-12-06,lost,2025-02-25,feature_gap
1217,3330,1759,27,2024-12-30,24353,2,Demo,Best Case,2024-12-05,open,,
1218,3330,1759,27,2024-12-30,10561,5,Closed,Omit,2024-11-23,won,2025-02-19,
1219,3330,1759,27,2024-12-30,5919,5,Closed,Best Case,2024-12-12,lost,2025-03-25,no_decision
1220,3330,1759,27,2024-12-30,16569,5,Closed,Omit,2024-12-30,won,2025-04-19,
1230,592,1778,35,2024-12-30,15629,5,Closed,Omit,2024-12-30,won,2025-03-31,
1231,592,1777,35,2024-12-30,10422,5,Closed,Best Case,2024-11-21,won,2025-02-18,
1232,1061,1779,24,2024-12-02,22100,5,Closed,Commit,2024-12-30,won,2025-01-27,
1233,1061,1780,24,2024-12-07,17502,5,Closed,Best Case,2024-12-30,lost,2024-12-13,feature_gap
1237,3273,1788,18,2024-12-30,11287,5,Closed,Commit,2024-12-30,won,2025-02-06,
1238,3273,1787,18,2024-12-30,9909,4,Negotiation,Commit,2024-12-30,open,,
1239,442,1789,48,2024-12-30,20041,2,Demo,Omit,2024-11-04,open,,
1244,2815,1800,44,2024-12-30,21873,5,Closed,Commit,2020-01-01,won,2025-03-17,
1250,1509,1811,5,2024-12-30,6230,5,Closed,Best Case,2020-01-01,won,2025-03-04,
1251,1509,1811,5,2024-12-30,9138,5,Closed,Commit,2024-11-09,won,2025-02-07,
1254,3811,1816,36,2024-11-03,6700,5,Closed,Omit,2024-12-30,won,2025-02-12,
1269,2196,1831,27,2024-12-26,24141,1,Discovery,Commit,2024-12-30,open,,
1270,2196,1831,27,2024-12-30,22078,5,Closed,Best Case,2024-12-30,won,2025-02-27,
1276,1480,1837,35,2024-11-07,45893,2,Demo,Omit,2020-01-01,open,,
1277,1480,1837,35,2024-10-29,36151,1,Discovery,Commit,2024-12-30,open,,
1280,1693,1842,16,2024-10-18,9123,1,Discovery,Commit,2024-12-14,open,,
1281,1693,1842,16,2024-10-26,12901,5,Closed,Commit,2020-01-01,lost,2025-02-15,no_decision
1282,1693,1841,16,2024-10-26,22968,5,Closed,Omit,2024-12-01,lost,2024-11-25,no_budget
1283,2955,1847,3,2024-12-30,9364,5,Closed,Best Case,2020-01-01,won,2025-03-12,
1284,2955,,3,2024-12-30,9415,2,Demo,Commit,2024-12-30,open,,
1285,2955,1849,3,2024-12-30,22809,5,Closed,Best Case,2020-01-01,won,2025-04-01,
1296,2752,1875,17,2024-11-28,24456,5,Closed,Commit,2024-11-23,won,2024-12-04,
1298,1224,1878,22,2024-12-30,5976,5,Closed,Best Case,2024-12-30,won,2025-03-06,
1312,1052,1891,35,2024-12-30,13644,5,Closed,Best Case,2024-12-30,lost,2025-03-31,no_decision
1327,2046,1908,31,2024-10-29,8055,5,Closed,Omit,2024-11-06,won,2025-02-15,
1328,2046,1909,31,2024-10-29,24156,5,Closed,Omit,2024-12-30,won,2025-02-22,
1334,2793,1918,15,2024-12-30,39716,5,Closed,Omit,2024-12-30,lost,2025-03-05,timing
1335,266,8086,7,2024-12-30,13876,5,Closed,Omit,2024-12-30,won,2025-02-18,
1336,266,1919,7,2024-12-30,8118,5,Closed,Best Case,2024-12-03,lost,2025-02-11,timing
1337,266,8086,7,2024-12-30,16546,5,Closed,Best Case,2024-12-30,won,2025-01-13,
1344,679,1931,17,2024-11-02,42367,5,Closed,Best Case,2024-12-30,won,2025-02-06,
1345,679,1931,17,2024-11-01,37907,5,Closed,Best Case,2024-11-15,won,2024-11-17,
1346,679,1931,17,2024-11-01,25073,3,Proposal,Omit,2024-12-30,open,,
1347,1504,1932,10,2024-12-05,16428,5,Closed,Commit,2024-12-30,lost,2024-12-10,timing
1348,1504,1932,10,2024-12-11,21229,5,Closed,Commit,2024-12-30,lost,2025-02-23,no_budget
1349,1504,1932,10,2024-12-02,20015,5,Closed,Commit,2024-12-30,won,2025-01-03,
1354,3032,1940,13,2024-12-30,91972,5,Closed,Omit,2024-12-01,won,2025-01-21,
1355,3174,1941,23,2024-12-30,21960,5,Closed,Omit,2024-12-30,lost,2025-03-19,no_budget
1356,2211,1943,50,2024-12-30,49902,5,Closed,Omit,2024-12-30,won,2025-02-12,
1359,3465,1951,5,2024-12-30,7220,2,Demo,Best Case,2024-12-30,open,,
1368,890,1961,36,2024-12-30,18260,5,Closed,Best Case,2024-12-30,won,2025-01-16,
1369,890,1962,36,2024-12-30,5765,5,Closed,Commit,2024-12-30,won,2025-01-29,
1384,3886,1986,20,2024-12-30,15520,5,Closed,Commit,2024-10-31,won,2025-03-18,
1385,1983,1991,37,2024-10-23,6179,5,Closed,Omit,2024-12-30,lost,2024-11-25,no_budget
1388,99,1998,44,2024-12-30,18725,5,Closed,Best Case,2024-12-30,won,2025-03-10,
1389,99,1997,44,2024-12-30,11643,4,Negotiation,Omit,2024-12-30,open,,
1391,1404,2001,9,2024-11-28,7966,5,Closed,Omit,2024-12-30,won,2025-02-18,
1392,1404,2001,9,2024-11-30,20109,5,Closed,Best Case,2020-01-01,won,2025-02-06,
1394,3332,2004,36,2024-12-30,114323,5,Closed,Commit,2024-10-09,won,2025-02-22,
1403,2688,2015,8,2024-12-30,79705,5,Closed,Commit,2020-01-01,lost,2025-02-03,feature_gap
1404,2688,2015,8,2024-12-30,89704,5,Closed,Omit,2024-12-06,won,2025-02-13,
1405,757,2017,17,2024-10-14,15944,5,Closed,Omit,2024-12-30,won,2025-02-08,
1406,757,2017,17,2024-10-13,13172,5,Closed,Commit,2024-12-09,won,2024-12-23,
1408,3733,2019,10,2024-12-30,8884,1,Discovery,Best Case,2024-12-30,open,,
1415,716,2029,10,2024-12-30,18025,3,Proposal,Omit,2020-01-01,open,,
1416,716,2030,10,2024-12-30,11361,5,Closed,Best Case,2024-12-30,won,2025-01-13,
1417,716,2030,10,2024-12-30,16600,5,Closed,Omit,2024-11-09,won,2025-02-08,
1422,1997,2039,10,2024-12-30,20141,5,Closed,Best Case,2024-12-30,won,2025-04-07,
1423,3381,2042,23,2024-12-30,400001,4,Negotiation,Commit,2024-12-30,open,,
1424,3381,2041,23,2024-12-30,489229,5,Closed,Omit,2024-12-30,won,2025-03-14,
1425,3381,2042,23,2024-12-30,475724,5,Closed,Omit,2024-12-30,lost,2025-04-05,feature_gap
1432,534,2054,8,2024-12-30,12915,4,Negotiation,Omit,2024-12-16,open,,
1440,3178,2066,3,2024-11-14,91461,5,Closed,Commit,2024-12-30,won,2024-11-30,
1442,81,2068,6,2024-12-30,97074,5,Closed,Omit,2024-12-30,lost,2025-04-11,timing
1447,3825,2079,33,2024-12-03,65407,3,Proposal,Best Case,2024-12-21,open,,
1448,1617,2085,43,2024-12-30,497622,3,Proposal,Omit,2020-01-01,open,,
1453,2220,2090,25,2024-12-30,20525,5,Closed,Best Case,2024-12-30,won,2025-03-15,
1454,2220,2092,25,2024-12-30,17070,5,Closed,Omit,2024-11-23,lost,2025-01-20,no_budget
1455,1109,2095,22,2024-12-30,12269,5,Closed,Best Case,2020-01-01,lost,2025-04-21,no_budget
1456,1109,2095,22,2024-12-30,8541,4,Negotiation,Omit,2024-11-23,open,,
1457,1109,2093,22,2024-12-30,11922,5,Closed,Commit,2024-12-16,lost,2025-03-21,no_decision
1463,2265,2103,21,2024-12-30,13771,3,Proposal,Best Case,2024-12-30,open,,
1464,2265,2101,21,2024-12-30,6273,5,Closed,Commit,2020-01-01,won,2025-02-26,
1465,2265,2102,21,2024-12-30,6441,5,Closed,Omit,2024-12-30,won,2025-02-10,
1466,216,2107,3,2024-12-30,16346,1,Discovery,Commit,2024-12-30,open,,
1474,1096,2119,50,2024-12-30,5539,5,Closed,Omit,2024-12-30,won,2025-03-18,
1487,2499,2146,13,2024-12-30,54337,2,Demo,Omit,2020-01-01,open,,
1488,2499,2146,13,2024-12-30,32680,5,Closed,Omit,2024-12-30,lost,2025-01-29,timing
1489,2499,2146,13,2024-12-30,72113,3,Proposal,Best Case,2024-12-30,open,,
1496,1611,2167,9,2024-12-30,77180,5,Closed,Commit,2024-12-06,won,2025-04-18,
1497,1611,2167,9,2024-12-30,91034,5,Closed,Omit,2024-12-30,won,2025-04-02,
1503,3507,2172,50,2024-12-30,18302,5,Closed,Commit,2024-12-30,won,2025-01-24,
1505,1972,2180,30,2024-12-30,95637,3,Proposal,Omit,2024-12-30,open,,
1510,325,2194,1,2024-12-20,20029,5,Closed,Best Case,2024-12-30,won,2025-02-15,
1516,1132,2205,43,2024-12-30,93822,4,Negotiation,Omit,2024-12-30,open,,
1521,1482,2217,50,2024-10-21,48618,5,Closed,Commit,2024-12-30,won,2025-02-12,
1522,1482,2216,50,2024-10-15,81725,1,Discovery,Best Case,2020-01-01,open,,
1523,1482,2215,50,2024-10-13,92951,3,Proposal,Commit,2024-12-30,open,,
1527,1064,2223,15,2024-10-28,98081,5,Closed,Best Case,2024-12-30,won,2025-01-28,
1528,1022,2226,25,2024-12-26,7461,3,Proposal,Best Case,2020-01-01,open,,
1529,386,2228,2,2024-12-30,24879,5,Closed,Omit,2024-12-30,won,2025-02-05,
1540,3246,2238,3,2024-12-30,6418,5,Closed,Omit,2024-12-30,won,2025-03-08,
1541,3246,2236,3,2024-12-30,6355,2,Demo,Best Case,2024-12-30,open,,
1548,894,2253,33,2024-12-30,53126,5,Closed,Commit,2024-12-30,won,2025-01-07,
1572,2321,2285,12,2024-12-30,24406,5,Closed,Best Case,2024-12-30,lost,2025-04-13,no_budget
1593,3154,2315,16,2024-12-30,14434,5,Closed,Best Case,2024-12-30,won,2025-01-12,
1594,3154,2315,16,2024-12-30,5584,5,Closed,Best Case,2024-12-30,won,2025-01-23,
1595,3154,2315,16,2024-12-30,8343,1,Discovery,Best Case,2024-12-30,open,,
1596,3154,2315,16,2024-12-30,18837,5,Closed,Best Case,2024-12-30,won,2025-01-13,
1600,2916,2326,45,2024-12-30,14239,2,Demo,Omit,2024-12-30,open,,
1606,3979,2339,29,2024-12-30,96367,5,Closed,Best Case,2024-12-30,won,2025-01-11,
1612,2504,2347,25,2024-11-03,7636,5,Closed,Omit,2024-12-30,won,2024-12-19,
1613,2504,2345,25,2024-10-24,10556,5,Closed,Omit,2024-10-30,won,2024-12-17,
1614,2504,2345,25,2024-10-24,19277,5,Closed,Commit,2024-12-30,won,2024-11-23,
1616,3885,2355,46,2024-12-30,49728,5,Closed,Omit,2024-11-09,won,2025-04-28,
1617,3885,2355,46,2024-12-30,93287,1,Discovery,Commit,2024-12-30,open,,
1618,521,2358,9,2024-12-30,107831,5,Closed,Best Case,2020-01-01,won,2025-04-02,
1622,966,2361,38,2024-12-30,15366,5,Closed,Commit,2024-12-30,won,2025-02-09,
1623,966,2360,38,2024-12-30,21872,5,Closed,Omit,2024-12-30,won,2025-04-10,
1624,966,2361,38,2024-12-30,10938,5,Closed,Best Case,2024-10-05,lost,2025-03-10,timing
1625,966,2361,38,2024-12-30,11949,5,Closed,Commit,2024-12-26,lost,2025-03-18,feature_gap
1635,1314,2377,33,2024-12-30,20731,1,Discovery,Omit,2024-10-04,open,,
1650,129,2389,3,2024-12-30,11317,5,Closed,Best Case,2020-01-01,won,2025-02-23,
1655,2946,2399,23,2024-12-04,43820,5,Closed,Best Case,2024-12-30,won,2024-12-27,
1656,2946,2399,23,2024-12-03,28300,5,Closed,Commit,2024-12-30,won,2025-03-11,
1657,2946,2400,23,2024-12-06,78456,5,Closed,Best Case,2024-12-30,won,2025-03-29,
1661,3044,2415,32,2024-12-30,15475,2,Demo,Omit,2024-12-30,open,,
1662,710,2417,31,2024-12-30,36081,1,Discovery,Best Case,2024-12-30,open,,
1663,710,2417,31,2024-12-30,99113,1,Discovery,Omit,2024-12-30,open,,
1664,710,2417,31,2024-12-30,40883,2,Demo,Best Case,2024-12-27,open,,
1669,1078,2435,30,2024-12-30,94114,5,Closed,Best Case,2024-12-30,won,2025-04-22,
1670,1078,2435,30,2024-12-30,84808,5,Closed,Commit,2020-01-01,won,2025-01-04,
1676,729,2452,48,2024-11-24,12949,2,Demo,Best Case,2024-12-30,open,,
1677,3664,2454,47,2024-12-21,13526,5,Closed,Omit,2024-12-30,won,2025-01-11,
1678,3664,2454,47,2024-12-27,16115,1,Discovery,Omit,2024-12-30,open,,
1679,3599,2455,32,2024-12-30,8381,5,Closed,Omit,2024-11-13,won,2025-02-04,
1680,687,2456,26,2024-10-05,22007,1,Discovery,Best Case,2024-10-21,open,,
1696,1852,2482,24,2024-12-11,20758,5,Closed,Best Case,2024-11-22,won,2025-01-28,
1697,1852,2482,24,2024-12-13,9433,5,Closed,Omit,2024-12-08,lost,2025-01-09,timing
1701,116,2491,8,2024-12-30,93337,4,Negotiation,Omit,2024-12-30,open,,
1710,54,2504,1,2024-12-30,84429,5,Closed,Best Case,2024-12-30,won,2025-02-17,
1713,2800,2506,34,2024-12-30,16557,5,Closed,Best Case,2024-12-30,won,2025-03-14,
1716,107,2510,47,2024-12-30,7321,5,Closed,Omit,2020-01-01,lost,2025-04-26,no_budget
1741,3323,2547,40,2024-12-30,69283,5,Closed,Commit,2024-12-30,lost,2025-04-21,feature_gap
1747,3125,2560,45,2024-10-27,9365,5,Closed,Best Case,2024-12-30,won,2025-01-10,
1750,2870,2575,37,2024-12-30,5515,5,Closed,Omit,2024-12-08,won,2025-03-22,
1753,2030,2578,23,2024-12-30,18688,5,Closed,Omit,2024-12-15,won,2025-01-26,
1754,1269,2582,45,2024-10-02,5230,5,Closed,Commit,2024-12-06,lost,2024-12-04,timing
1760,2373,2593,16,2024-12-30,16511,5,Closed,Commit,2024-12-30,won,2025-03-03,
1763,965,2599,21,2024-12-30,51456,1,Discovery,Omit,2020-01-01,open,,
1764,965,2600,21,2024-12-30,95026,5,Closed,Commit,2024-12-12,won,2025-03-22,
1765,965,2599,21,2024-12-30,70579,5,Closed,Omit,2024-12-30,won,2025-03-20,
1767,3607,2602,1,2024-12-30,16600,5,Closed,Omit,2024-12-30,won,2025-02-26,
1772,2281,2610,24,2024-12-30,6711,1,Discovery,Omit,2020-01-01,open,,
1773,2281,2609,24,2024-12-30,20006,5,Closed,Omit,2024-12-30,won,2025-03-29,
1776,2034,2614,47,2024-11-15,18759,5,Closed,Best Case,2024-12-27,won,2024-11-27,
1787,483,2632,17,2024-12-30,8777,0,Qualification,Commit,2024-12-30,open,,
1789,1914,,35,2024-12-30,63261,5,Closed,Omit,2024-12-30,won,2025-03-31,
1790,1914,2642,35,2024-12-30,44430,5,Closed,Best Case,2024-12-30,lost,2025-02-04,no_budget
1791,1914,2642,35,2024-12-30,93573,2,Demo,Omit,2024-12-30,open,,
1792,330,2646,11,2024-12-30,9287,1,Discovery,Omit,2024-12-30,open,,
1800,1696,2666,36,2024-12-30,78087,5,Closed,Omit,2020-01-01,won,2025-01-20,
1802,408,2668,20,2024-12-30,8896,1,Discovery,Commit,2024-12-30,open,,
1803,408,2668,20,2024-12-30,17147,5,Closed,Best Case,2024-12-30,won,2025-04-06,
1804,408,2669,20,2024-12-30,5541,5,Closed,Commit,2024-12-30,won,2025-03-10,
1805,2541,2673,37,2024-12-30,51829,4,Negotiation,Best Case,2024-12-30,open,,
1806,2541,2672,37,2024-12-30,52924,5,Closed,Omit,2024-12-30,lost,2025-02-21,no_decision
1808,1105,2681,13,2024-12-30,12072,3,Proposal,Commit,2024-12-30,open,,
1809,1105,2681,13,2024-12-30,9671,5,Closed,Best Case,2024-12-30,lost,2025-04-07,no_budget
1828,825,2706,18,2024-12-30,20197,5,Closed,Commit,2024-12-30,won,2025-04-04,
1833,3606,2712,31,2024-10-03,53495,5,Closed,Commit,2024-12-30,won,2025-01-11,
1842,1606,2723,24,2024-12-27,9620,3,Proposal,Best Case,2024-11-06,open,,
1865,2347,2756,40,2024-12-30,30037,3,Proposal,Commit,2024-12-30,open,,
1866,2347,2757,40,2024-12-30,77111,5,Closed,Best Case,2024-12-30,won,2025-04-25,
1867,2347,2756,40,2024-12-30,72637,5,Closed,Commit,2024-12-30,won,2025-04-26,
1868,2347,2756,40,2024-12-30,97991,4,Negotiation,Omit,2024-12-30,open,,
1869,2347,2756,40,2024-12-30,96400,5,Closed,Omit,2024-12-30,won,2025-01-25,
1874,3623,2765,8,2024-12-30,93540,2,Demo,Best Case,2024-12-30,open,,
1875,3623,2766,8,2024-12-30,69526,5,Closed,Commit,2024-12-30,won,2025-01-11,
1876,3623,2766,8,2024-12-30,27980,5,Closed,Omit,2024-10-31,lost,2025-04-05,feature_gap
1877,3623,2765,8,2024-12-30,94024,5,Closed,Omit,2020-01-01,lost,2025-04-02,no_decision
1878,2444,,30,2024-12-30,21130,5,Closed,Omit,2024-12-30,won,2025-02-03,
1891,2607,2786,26,2024-12-30,13520,5,Closed,Best Case,2024-12-30,won,2025-03-08,
1892,2701,2788,26,2024-12-30,8907,5,Closed,Best Case,2024-12-30,won,2025-02-10,
1898,562,2809,40,2024-10-18,6249,5,Closed,Best Case,2020-01-01,lost,2025-01-23,timing
1908,213,2824,16,2024-12-30,76665,5,Closed,Commit,2024-12-02,won,2025-02-21,
1909,213,2822,16,2024-12-30,75206,5,Closed,Omit,2024-12-30,won,2025-03-10,
1913,1702,2831,26,2024-12-30,25635,5,Closed,Best Case,2024-10-26,lost,2025-01-29,no_budget
1914,1702,2831,26,2024-12-30,86917,5,Closed,Omit,2024-12-30,won,2025-03-02,
1915,1702,2831,26,2024-12-30,62197,5,Closed,Commit,2024-12-30,won,2025-01-14,
1916,1702,2831,26,2024-12-30,90547,5,Closed,Commit,2024-12-30,won,2025-02-21,
1920,2295,2835,8,2024-12-30,317155,5,Closed,Omit,2024-12-30,won,2025-02-17,
1921,2295,2835,8,2024-12-30,399123,5,Closed,Commit,2024-12-30,won,2025-01-22,
1922,2295,2835,8,2024-12-30,315939,5,Closed,Best Case,2020-01-01,won,2025-04-26,
1926,3213,2840,5,2024-12-13,258602,5,Closed,Best Case,2024-12-30,won,2025-01-26,
1929,2592,2849,3,2024-12-08,238063,3,Proposal,Best Case,2020-01-01,open,,
1935,2325,2858,12,2024-12-30,95235,5,Closed,Omit,2020-01-01,won,2025-02-12,
1936,2325,2857,12,2024-12-30,77249,5,Closed,Omit,2024-12-30,won,2025-03-15,
1937,2325,2857,12,2024-12-30,97536,5,Closed,Best Case,2024-12-30,won,2025-03-19,
1938,262,2860,30,2024-12-30,15667,2,Demo,Best Case,2024-11-14,open,,
1939,262,2861,30,2024-12-30,14696,5,Closed,Best Case,2024-12-30,won,2025-03-16,
1945,2249,2868,46,2024-12-30,19922,5,Closed,Best Case,2024-12-30,won,2025-03-19,
1948,928,2874,26,2024-10-29,16598,3,Proposal,Best Case,2024-10-03,open,,
1949,2863,2876,50,2024-12-30,81707,5,Closed,Commit,2024-10-24,won,2025-04-26,
1954,1649,2883,26,2024-12-30,16544,5,Closed,Best Case,2024-12-30,won,2025-01-23,
1955,1649,,26,2024-12-30,15366,5,Closed,Best Case,2024-11-24,won,2025-01-07,
1958,18,2890,22,2024-12-30,12931,5,Closed,Best Case,2024-12-30,won,2025-03-12,
1963,2668,2898,21,2024-12-15,19580,5,Closed,Commit,2024-12-30,won,2025-02-05,
1972,3022,2907,37,2024-12-30,7090,2,Demo,Omit,2024-12-30,open,,
1980,801,2922,21,2024-12-16,9538,2,Demo,Omit,2024-12-30,open,,
1981,215,2923,37,2024-12-30,8689,5,Closed,Commit,2024-12-30,lost,2025-02-13,no_budget
1982,396,2925,17,2024-12-30,39432,5,Closed,Commit,2024-10-11,won,2025-01-08,
1983,396,2925,17,2024-12-30,27838,3,Proposal,Commit,2024-12-12,open,,
1987,3400,2928,36,2024-12-30,13580,3,Proposal,Commit,2024-12-30,open,,
1988,3400,2929,36,2024-12-30,12944,5,Closed,Commit,2024-11-20,won,2025-04-05,
1989,1930,2934,43,2024-12-30,49725,5,Closed,Commit,2024-11-14,won,2025-01-20,
1990,1930,2936,43,2024-12-30,28355,5,Closed,Commit,2020-01-01,won,2025-01-31,
1991,993,2938,17,2024-12-30,20911,3,Proposal,Best Case,2020-01-01,open,,
1992,993,2937,17,2024-12-30,16823,5,Closed,Best Case,2024-11-06,won,2025-01-31,
1999,3922,2949,3,2024-12-30,9581,2,Demo,Best Case,2024-10-27,open,,
2000,3922,2949,3,2024-12-30,22225,5,Closed,Commit,2024-12-30,won,2025-02-26,
2013,2482,2974,6,2024-12-10,14832,5,Closed,Best Case,2024-12-30,won,2025-03-14,
2021,1867,2984,35,2024-12-30,22143,5,Closed,Best Case,2024-12-30,won,2025-01-26,
2022,1867,2984,35,2024-12-30,20533,5,Closed,Best Case,2024-12-30,lost,2025-04-19,feature_gap
2023,1867,2984,35,2024-12-30,18774,5,Closed,Best Case,2024-12-30,won,2025-03-02,
2026,3058,2988,35,2024-12-30,34039,5,Closed,Best Case,2024-12-30,won,2025-03-09,
2031,1005,2998,13,2024-12-30,20697,5,Closed,Best Case,2024-12-30,won,2025-03-22,
2032,1005,2998,13,2024-12-30,17677,5,Closed,Omit,2024-12-30,won,2025-04-15,
2033,2732,2999,18,2024-12-30,23764,2,Demo,Best Case,2024-12-30,open,,
2036,1168,3004,17,2024-10-28,11179,5,Closed,Best Case,2024-11-20,won,2024-11-10,
2041,1267,3012,33,2024-12-30,23373,2,Demo,Omit,2024-12-30,open,,
2042,1082,3016,33,2024-12-30,5456,5,Closed,Best Case,2024-12-29,won,2025-03-01,
2043,1082,3016,33,2024-12-30,24579,5,Closed,Omit,2024-12-30,won,2025-01-30,
2044,1082,3016,33,2024-12-30,9619,2,Demo,Omit,2024-12-30,open,,
2045,453,3019,15,2024-12-29,87666,5,Closed,Best Case,2024-12-30,won,2025-03-24,
2049,3127,3025,38,2024-12-30,15228,5,Closed,Omit,2020-01-01,won,2025-02-05,
2050,3127,3025,38,2024-12-30,9092,5,Closed,Best Case,2024-12-30,won,2025-03-13,
2051,3127,3026,38,2024-12-30,19738,3,Proposal,Commit,2020-01-01,open,,
2055,639,3031,40,2024-12-30,61071,5,Closed,Best Case,2024-12-30,won,2025-02-04,
2056,639,3032,40,2024-12-30,27939,5,Closed,Commit,2024-12-30,won,2025-02-27,
2057,639,3031,40,2024-12-30,92006,5,Closed,Best Case,2024-11-16,lost,2025-04-11,timing
2058,418,3035,43,2024-12-30,9046,5,Closed,Commit,2024-12-30,won,2025-03-17,
2059,418,3036,43,2024-12-30,19306,5,Closed,Omit,2024-10-10,won,2025-03-31,
2060,1821,3037,23,2024-11-11,21320,5,Closed,Best Case,2024-12-30,won,2025-03-06,
2075,1925,3059,16,2024-12-30,88996,5,Closed,Commit,2024-12-30,won,2025-02-28,
2076,1925,3059,16,2024-12-30,49340,5,Closed,Commit,2024-12-30,won,2025-01-13,
2077,1925,3059,16,2024-12-30,55110,5,Closed,Commit,2024-12-30,won,2025-03-31,
2078,1925,3059,16,2024-12-30,73045,5,Closed,Omit,2020-01-01,won,2025-04-03,
2079,1925,3059,16,2024-12-30,55324,5,Closed,Commit,2024-12-30,won,2025-04-16,
2080,80,3060,7,2024-12-21,6758,5,Closed,Best Case,2024-12-30,lost,2025-01-07,timing
2081,80,3061,7,2024-12-15,17901,5,Closed,Best Case,2024-12-30,won,2025-03-18,
2085,2154,,12,2024-10-10,24274,5,Closed,Commit,2024-12-30,won,2024-11-18,
2086,2154,3069,12,2024-10-01,8949,5,Closed,Commit,2024-12-30,won,2025-01-06,
2087,2154,3069,12,2024-10-06,22495,5,Closed,Omit,2024-10-03,won,2024-12-15,
2088,2154,3068,12,2024-10-03,5687,5,Closed,Omit,2024-10-27,won,2024-10-14,
2102,1364,3085,3,2024-12-30,17906,5,Closed,Commit,2024-12-30,won,2025-03-13,
2108,2919,3094,19,2024-12-30,21099,1,Discovery,Best Case,2024-12-30,open,,
2124,1412,3112,19,2024-12-30,18627,5,Closed,Omit,2024-12-30,won,2025-01-16,
2125,2136,3113,10,2024-12-30,12375,5,Closed,Best Case,2024-12-30,lost,2025-04-03,timing
2126,2136,3113,10,2024-12-30,7144,5,Closed,Best Case,2024-12-30,won,2025-04-15,
2127,845,3115,33,2024-12-30,73692,5,Closed,Omit,2024-12-30,won,2025-04-19,
2128,845,3115,33,2024-12-30,82830,1,Discovery,Best Case,2024-10-10,open,,
2132,2812,3121,40,2024-12-30,11183,5,Closed,Best Case,2024-12-30,won,2025-03-17,
2133,2812,3121,40,2024-12-30,20995,5,Closed,Omit,2024-10-05,won,2025-01-18,
2134,2595,3124,32,2024-12-30,15327,5,Closed,Commit,2024-12-30,won,2025-01-16,
2135,2595,3124,32,2024-12-30,12282,5,Closed,Commit,2024-12-02,won,2025-02-15,
2136,2595,3124,32,2024-12-30,11720,5,Closed,Omit,2024-12-30,won,2025-03-21,
2149,3718,3143,1,2024-12-12,21600,5,Closed,Omit,2024-12-30,lost,2025-01-16,feature_gap
2150,49,3146,3,2024-12-30,14116,5,Closed,Best Case,2024-12-30,won,2025-04-16,
2151,49,3146,3,2024-12-30,12147,5,Closed,Commit,2024-11-16,lost,2025-01-13,timing
2152,49,3146,3,2024-12-30,14731,2,Demo,Omit,2024-12-30,open,,
2176,111,3203,25,2024-11-18,87440,2,Demo,Omit,2024-12-30,open,,
2177,111,3203,25,2024-11-19,46884,2,Demo,Omit,2024-12-30,open,,
2182,1357,3215,33,2024-12-30,99445,5,Closed,Omit,2024-12-30,won,2025-01-04,
2183,2601,3220,18,2024-12-30,20662,3,Proposal,Commit,2024-12-30,open,,
2190,2547,3233,20,2024-12-30,19935,5,Closed,Best Case,2024-12-30,lost,2025-02-04,feature_gap
2191,1101,3236,24,2024-12-30,7953,5,Closed,Commit,2024-12-30,won,2025-02-25,
2192,1101,,24,2024-12-30,6371,5,Closed,Omit,2024-12-30,won,2025-02-08,
2194,1954,3240,21,2024-12-30,10922,2,Demo,Omit,2024-12-30,open,,
2195,1954,3239,21,2024-12-30,12601,5,Closed,Omit,2024-12-30,won,2025-02-18,
2203,169,3260,15,2024-12-28,10595,5,Closed,Commit,2020-01-01,won,2025-02-17,
2204,169,3261,15,2024-12-30,6384,5,Closed,Best Case,2024-11-29,won,2025-03-10,
2205,169,3261,15,2024-12-30,10292,5,Closed,Best Case,2024-12-30,won,2025-02-14,
2206,169,3262,15,2024-12-29,11130,5,Closed,Commit,2024-12-30,lost,2025-02-25,timing
2207,169,3260,15,2024-12-30,19854,3,Proposal,Commit,2024-12-30,open,,
2213,2176,3271,3,2024-12-30,19518,2,Demo,Best Case,2020-01-01,open,,
2214,3340,,9,2024-10-18,5893,5,Closed,Omit,2024-12-30,won,2024-12-17,
2215,3340,3278,9,2024-10-26,15407,5,Closed,Commit,2024-10-16,won,2025-01-14,
2225,2052,3291,37,2024-12-30,27390,5,Closed,Commit,2024-12-30,won,2025-02-21,
2226,2052,3291,37,2024-12-30,66497,3,Proposal,Omit,2020-01-01,open,,
2227,2052,3291,37,2024-12-30,63995,5,Closed,Best Case,2024-12-30,lost,2025-01-05,no_budget
2239,3094,3306,44,2024-12-30,220047,5,Closed,Commit,2024-12-30,won,2025-03-22,
2240,3094,3306,44,2024-12-30,116816,5,Closed,Omit,2024-12-30,lost,2025-03-21,no_decision
2250,1903,3320,29,2024-12-11,25075,0,Qualification,Omit,2024-12-30,open,,
2251,1903,3321,29,2024-12-17,68281,5,Closed,Commit,2024-12-30,won,2025-03-23,
2252,1903,3321,29,2024-12-12,50220,5,Closed,Omit,2024-12-06,won,2025-01-24,
2253,1903,3321,29,2024-12-13,58938,4,Negotiation,Omit,2024-12-30,open,,
2255,300,3327,10,2024-11-20,7859,5,Closed,Commit,2024-12-30,won,2025-01-05,
2256,300,3327,10,2024-11-20,5831,1,Discovery,Best Case,2024-12-09,open,,
2257,300,3327,10,2024-11-29,14910,2,Demo,Best Case,2020-01-01,open,,
2265,3017,3340,15,2024-12-30,140734,5,Closed,Best Case,2024-12-30,won,2025-01-23,
2266,3017,3340,15,2024-12-30,175142,0,Qualification,Omit,2024-11-27,open,,
2271,3078,3353,3,2024-10-09,16642,5,Closed,Omit,2024-12-30,lost,2025-01-03,no_decision
2274,2931,3357,15,2024-12-30,56181,5,Closed,Omit,2024-12-30,lost,2025-04-22,feature_gap
2275,2931,3359,15,2024-12-30,37411,2,Demo,Commit,2024-12-21,open,,
2279,105,3364,26,2024-12-09,8672,5,Closed,Best Case,2024-12-30,won,2025-01-26,
2282,603,3374,34,2024-12-30,44898,5,Closed,Commit,2024-12-30,won,2025-04-03,
2283,3349,3375,12,2024-12-30,20172,5,Closed,Omit,2024-12-30,won,2025-01-06,
2284,3349,3375,12,2024-12-30,18819,5,Closed,Commit,2024-12-30,won,2025-02-22,
2290,2178,3382,2,2024-11-05,28486,5,Closed,Omit,2024-12-17,lost,2024-12-14,timing
2291,2178,3382,2,2024-11-05,44973,5,Closed,Best Case,2024-11-03,won,2025-01-21,
2296,3109,3387,4,2024-12-16,17960,5,Closed,Best Case,2024-12-30,lost,2024-12-30,timing
2297,3109,3387,4,2024-12-16,15499,3,Proposal,Commit,2024-10-23,open,,
2298,3109,3387,4,2024-12-20,23970,5,Closed,Commit,2024-12-27,won,2025-03-13,
2299,3109,3387,4,2024-12-17,17560,5,Closed,Omit,2024-12-30,won,2025-03-29,
2310,3787,3403,31,2024-12-30,45260,5,Closed,Commit,2024-12-30,won,2025-02-16,
2311,3787,3403,31,2024-12-30,77122,5,Closed,Commit,2024-12-30,won,2025-04-01,
2312,3787,3403,31,2024-12-30,28238,3,Proposal,Commit,2024-12-30,open,,
2334,1742,3449,5,2024-12-30,13160,2,Demo,Commit,2024-12-16,open,,
2335,1742,3449,5,2024-12-30,13790,5,Closed,Commit,2024-12-30,won,2025-04-17,
2336,1742,3449,5,2024-12-30,17112,1,Discovery,Commit,2024-12-30,open,,
2338,496,3455,47,2024-12-30,12870,2,Demo,Omit,2024-12-30,open,,
2339,496,3455,47,2024-12-30,21766,5,Closed,Best Case,2024-12-30,won,2025-02-25,
2340,496,3454,47,2024-12-30,24313,5,Closed,Omit,2020-01-01,won,2025-03-12,
2341,109,3463,34,2024-12-30,24893,3,Proposal,Best Case,2020-01-01,open,,
2342,1866,3467,8,2024-12-30,19151,5,Closed,Omit,2024-12-30,won,2025-03-07,
2343,1866,3469,8,2024-12-30,12403,2,Demo,Commit,2024-12-30,open,,
2345,1772,3472,34,2024-12-30,7578,5,Closed,Omit,2024-12-30,won,2025-03-12,
2348,3761,3485,22,2024-12-30,63707,5,Closed,Commit,2024-12-30,won,2025-04-18,
2349,3761,3485,22,2024-12-30,31221,5,Closed,Omit,2024-12-30,won,2025-02-28,
2350,3761,3485,22,2024-12-30,90218,5,Closed,Commit,2024-11-30,won,2025-03-26,
2352,1486,3493,11,2024-12-30,14612,5,Closed,Omit,2020-01-01,won,2025-01-26,
2353,1486,3493,11,2024-12-30,21238,4,Negotiation,Best Case,2024-12-30,open,,
2354,816,3494,1,2024-12-30,21031,1,Discovery,Omit,2024-12-06,open,,
2355,816,3495,1,2024-12-30,23462,3,Proposal,Commit,2024-12-30,open,,
2359,265,3507,2,2024-10-06,21967,1,Discovery,Commit,2024-12-28,open,,
2360,265,3507,2,2024-10-06,20438,3,Proposal,Commit,2024-10-31,open,,
2361,265,3507,2,2024-10-02,7208,5,Closed,Omit,2020-01-01,won,2024-10-20,
2369,654,3518,23,2024-12-30,91712,4,Negotiation,Best Case,2024-12-30,open,,
2370,654,3518,23,2024-12-30,45976,5,Closed,Best Case,2020-01-01,won,2025-04-15,
2377,3075,3527,14,2024-12-30,14182,5,Closed,Omit,2020-01-01,won,2025-02-19,
2378,3075,3527,14,2024-12-30,13573,5,Closed,Commit,2024-12-30,won,2025-02-16,
2380,3932,3536,37,2024-12-30,14904,2,Demo,Best Case,2020-01-01,open,,
2381,3932,3536,37,2024-12-30,19848,4,Negotiation,Commit,2020-01-01,open,,
2388,469,3547,15,2024-10-02,52413,2,Demo,Best Case,2024-10-30,open,,
2392,469,3547,15,2024-10-03,32747,5,Closed,Commit,2024-12-30,won,2024-11-06,
2396,2785,3556,36,2024-11-22,96608,5,Closed,Omit,2024-12-27,won,2025-02-21,
2397,2785,3556,36,2024-11-24,37945,3,Proposal,Omit,2024-12-30,open,,
2408,759,3564,24,2024-12-30,11196,5,Closed,Commit,2024-12-30,lost,2025-03-02,feature_gap
2411,1896,3573,30,2024-12-30,16756,1,Discovery,Best Case,2024-10-01,open,,
2412,1896,3572,30,2024-12-30,6581,5,Closed,Commit,2024-11-23,won,2025-02-03,
2417,1957,3580,14,2024-12-05,16206,5,Closed,Omit,2024-10-03,won,2025-02-22,
2418,1957,3580,14,2024-12-14,17790,5,Closed,Best Case,2020-01-01,lost,2024-12-28,timing
2427,2073,3589,15,2024-12-30,16894,3,Proposal,Omit,2024-11-26,open,,
2428,2073,3589,15,2024-12-30,18475,5,Closed,Best Case,2024-12-30,won,2025-03-22,
2429,3964,3591,3,2024-12-30,24212,5,Closed,Omit,2024-12-30,won,2025-01-23,
2434,669,3604,46,2024-12-30,17619,5,Closed,Commit,2024-12-30,won,2025-04-18,
2436,3107,3608,15,2024-11-23,12664,5,Closed,Omit,2024-12-30,lost,2025-01-07,timing
2456,1682,3637,23,2024-11-06,13452,5,Closed,Commit,2024-12-30,lost,2025-01-21,timing
2457,1682,3636,23,2024-11-04,12048,2,Demo,Best Case,2020-01-01,open,,
2458,1682,3638,23,2024-11-06,7571,5,Closed,Best Case,2024-10-12,won,2024-11-19,
2460,1048,3642,50,2024-12-30,54236,3,Proposal,Best Case,2020-01-01,open,,
2461,1048,3642,50,2024-12-30,71770,0,Qualification,Omit,2024-12-30,open,,
2462,1048,3642,50,2024-12-30,31199,0,Qualification,Best Case,2024-12-30,open,,
2467,1874,3650,26,2024-12-30,24602,2,Demo,Commit,2024-12-30,open,,
2468,1874,3648,26,2024-12-30,13471,2,Demo,Omit,2024-11-22,open,,
2469,3459,3653,15,2024-11-05,89432,3,Proposal,Commit,2024-10-01,open,,
2470,3459,3652,15,2024-11-09,47964,1,Discovery,Omit,2024-12-30,open,,
2471,3459,3651,15,2024-11-10,84772,5,Closed,Commit,2024-12-30,won,2025-03-09,
2484,1466,3665,2,2024-12-30,10296,5,Closed,Commit,2024-12-30,won,2025-03-14,
2485,1466,3664,2,2024-12-30,24023,5,Closed,Commit,2024-12-30,won,2025-04-07,
2500,3941,3683,14,2024-12-15,91001,5,Closed,Omit,2024-12-30,won,2024-12-26,
2508,3529,,29,2024-12-30,11418,5,Closed,Commit,2024-12-30,won,2025-03-01,
2509,3529,3696,29,2024-12-30,24907,5,Closed,Commit,2024-12-30,won,2025-01-22,
2519,1915,3717,34,2024-12-30,57444,1,Discovery,Omit,2024-12-30,open,,
2523,2686,3721,13,2024-12-30,309732,5,Closed,Commit,2024-10-24,won,2025-02-16,
2524,194,3722,37,2024-12-30,22972,2,Demo,Best Case,2020-01-01,open,,
2525,1644,3726,3,2024-10-03,21228,5,Closed,Commit,2024-12-30,lost,2025-01-15,no_decision
2530,248,3729,20,2024-10-16,43375,2,Demo,Commit,2024-11-07,open,,
2531,248,3728,20,2024-10-12,44194,5,Closed,Best Case,2024-12-30,won,2024-11-06,
2544,3628,3761,31,2024-12-30,14079,5,Closed,Omit,2024-12-30,won,2025-03-16,
2545,3628,3761,31,2024-12-30,7470,5,Closed,Commit,2024-11-14,won,2025-02-27,
2558,3202,3784,18,2024-12-30,13044,2,Demo,Commit,2024-12-30,open,,
2559,3202,3784,18,2024-12-30,12084,5,Closed,Omit,2024-12-30,lost,2025-04-23,feature_gap
2560,2773,3788,8,2024-12-30,73579,5,Closed,Omit,2020-01-01,won,2025-03-09,
2561,2773,8073,8,2024-12-30,79226,1,Discovery,Best Case,2024-12-30,open,,
2585,3380,3823,11,2024-12-30,9941,5,Closed,Commit,2024-12-30,lost,2025-04-23,feature_gap
2599,2761,3849,7,2024-12-30,41764,5,Closed,Commit,2024-10-07,won,2025-04-26,
2600,2761,3849,7,2024-12-30,84619,5,Closed,Best Case,2024-11-23,won,2025-01-27,
2601,2761,3849,7,2024-12-30,71475,5,Closed,Best Case,2024-10-06,won,2025-03-18,
2602,1967,3851,38,2024-12-30,219633,5,Closed,Commit,2024-12-30,won,2025-04-16,
2606,14,3861,3,2024-12-30,18999,5,Closed,Best Case,2024-12-30,won,2025-03-22,
2607,14,3861,3,2024-12-30,20849,5,Closed,Omit,2024-12-30,won,2025-03-19,
2611,3095,3872,48,2024-12-30,64259,1,Discovery,Commit,2024-12-30,open,,
2612,3095,3872,48,2024-12-30,56690,3,Proposal,Omit,2024-12-30,open,,
2613,3095,3871,48,2024-12-30,96861,5,Closed,Omit,2024-12-30,lost,2025-04-02,no_budget
2614,1151,3873,29,2024-12-06,43802,5,Closed,Omit,2024-12-30,won,2025-01-28,
2615,1151,3873,29,2024-12-02,85127,5,Closed,Omit,2024-12-30,lost,2025-02-13,feature_gap
2623,2660,3888,43,2024-12-30,11495,5,Closed,Best Case,2024-12-30,won,2025-04-04,
2624,2660,3888,43,2024-12-30,21274,5,Closed,Best Case,2024-12-30,won,2025-02-17,
2633,1640,3901,20,2024-12-30,69203,5,Closed,Omit,2024-10-26,won,2025-03-25,
2634,2834,,25,2024-12-30,6500,5,Closed,Best Case,2024-10-30,won,2025-04-06,
2639,2939,3910,31,2024-12-30,12579,5,Closed,Best Case,2024-12-30,won,2025-04-08,
2640,2939,3910,31,2024-12-30,15285,5,Closed,Best Case,2024-10-05,lost,2025-02-21,no_budget
2643,2795,3914,5,2024-12-30,359436,5,Closed,Best Case,2024-10-24,won,2025-03-09,
2644,2795,3914,5,2024-12-30,415160,3,Proposal,Best Case,2020-01-01,open,,
2645,2795,3913,5,2024-12-30,428180,5,Closed,Omit,2024-12-30,won,2025-04-03,
2646,2795,3913,5,2024-12-30,275116,5,Closed,Omit,2024-12-30,won,2025-04-23,
2660,434,,2,2024-12-30,10640,5,Closed,Omit,2024-12-20,won,2025-02-22,
2661,2453,3959,19,2024-12-12,12080,5,Closed,Commit,2024-12-30,won,2025-01-24,
2674,1762,3978,34,2024-12-30,16522,5,Closed,Commit,2024-12-30,won,2025-01-14,
2675,1762,3977,34,2024-12-30,18744,4,Negotiation,Omit,2024-12-30,open,,
2679,66,3981,3,2024-10-02,24506,5,Closed,Commit,2024-12-30,won,2024-12-14,
2685,3544,3987,6,2024-12-02,5738,5,Closed,Best Case,2024-12-30,lost,2025-02-21,timing
2686,3544,3988,6,2024-12-03,7300,3,Proposal,Best Case,2024-12-30,open,,
2689,361,3992,11,2024-12-30,5003,5,Closed,Omit,2024-12-30,lost,2025-03-13,no_budget
2690,361,3992,11,2024-12-30,18823,5,Closed,Omit,2024-12-30,won,2025-04-05,
2704,3494,4007,32,2024-12-30,72043,0,Qualification,Omit,2024-11-02,open,,
2710,3397,4021,8,2024-12-30,8772,5,Closed,Best Case,2024-12-30,won,2025-01-24,
2711,2972,4023,38,2024-12-30,80250,5,Closed,Commit,2024-12-30,lost,2025-04-02,no_budget
2712,2972,4022,38,2024-12-30,44481,5,Closed,Best Case,2020-01-01,won,2025-04-12,
2713,2972,4023,38,2024-12-30,64836,5,Closed,Best Case,2024-11-23,won,2025-04-12,
2716,1869,4028,11,2024-12-19,14865,5,Closed,Omit,2024-12-12,won,2025-01-15,
2717,1869,4028,11,2024-12-21,7406,2,Demo,Commit,2024-12-30,open,,
2718,1869,4027,11,2024-12-25,16384,1,Discovery,Omit,2024-12-30,open,,
2719,1801,4029,34,2024-12-30,21249,2,Demo,Omit,2024-12-30,open,,
2720,1801,4029,34,2024-12-30,13249,5,Closed,Commit,2024-10-07,won,2025-04-04,
2727,3369,4039,5,2024-12-25,19284,5,Closed,Omit,2024-10-06,lost,2025-01-07,no_decision
2728,3369,4040,5,2024-12-27,15913,2,Demo,Commit,2024-12-30,open,,
2729,3369,4039,5,2024-12-26,16971,5,Closed,Best Case,2024-12-30,won,2025-04-05,
2730,458,4041,15,2024-12-30,97574,5,Closed,Omit,2024-11-20,won,2025-03-13,
2731,458,4042,15,2024-12-30,58458,5,Closed,Omit,2020-01-01,won,2025-04-20,
2732,69,4043,43,2024-12-30,13730,5,Closed,Omit,2024-12-30,won,2025-03-14,
2733,69,4043,43,2024-12-30,17469,5,Closed,Commit,2024-12-30,lost,2025-02-17,feature_gap
2738,2323,4061,4,2024-12-30,72734,5,Closed,Omit,2020-01-01,won,2025-04-11,
2739,2323,4061,4,2024-12-30,83428,5,Closed,Commit,2024-12-30,won,2025-03-23,
2740,2323,4060,4,2024-12-30,50044,5,Closed,Commit,2024-12-12,lost,2025-02-14,no_decision
2741,2323,4060,4,2024-12-30,42054,5,Closed,Omit,2024-12-30,won,2025-02-02,
2743,3139,4068,31,2024-12-30,279377,5,Closed,Commit,2024-12-30,lost,2025-04-16,timing
2744,3139,4067,31,2024-12-30,464564,2,Demo,Commit,2024-12-30,open,,
2752,97,4084,12,2024-12-30,15418,5,Closed,Commit,2024-10-27,won,2025-02-03,
2755,2858,4094,23,2024-12-30,20449,5,Closed,Best Case,2024-12-30,won,2025-03-05,
2756,2858,4093,23,2024-12-30,15321,5,Closed,Omit,2024-12-30,won,2025-01-23,
2757,2858,4094,23,2024-12-30,21405,5,Closed,Omit,2024-12-30,won,2025-02-05,
2758,1423,4095,15,2024-12-30,112322,5,Closed,Omit,2024-12-17,won,2025-03-20,
2759,3697,4099,12,2024-12-30,9081,2,Demo,Omit,2024-10-17,open,,
2760,3697,4100,12,2024-12-30,23948,5,Closed,Best Case,2024-12-02,won,2025-02-14,
2764,2891,4102,30,2024-12-30,13419,3,Proposal,Best Case,2024-12-30,open,,
2765,2891,4102,30,2024-12-30,18439,5,Closed,Commit,2024-12-30,won,2025-02-07,
2768,1032,4104,32,2024-12-30,85736,5,Closed,Best Case,2020-01-01,won,2025-01-17,
2771,828,4109,1,2024-10-15,18792,5,Closed,Commit,2024-12-30,won,2024-10-29,
2772,828,4110,1,2024-10-23,17242,5,Closed,Omit,2020-01-01,won,2024-12-18,
2791,1968,4138,22,2024-12-30,53270,5,Closed,Best Case,2024-12-30,lost,2025-02-02,no_budget
2800,68,4150,47,2024-12-30,24395,5,Closed,Commit,2024-12-30,won,2025-03-21,
2807,3644,4157,4,2024-10-30,30687,5,Closed,Commit,2024-10-13,won,2025-01-25,
2808,2590,4159,29,2024-12-30,35831,5,Closed,Omit,2024-12-30,won,2025-03-21,
2816,3823,4167,18,2024-11-15,15042,5,Closed,Commit,2024-12-26,won,2025-02-15,
2818,1313,4170,21,2024-12-30,12236,5,Closed,Omit,2024-12-30,won,2025-02-20,
2819,1313,4170,21,2024-12-30,15530,0,Qualification,Omit,2024-12-30,open,,
2826,1388,4175,3,2024-12-30,83376,5,Closed,Best Case,2024-10-13,won,2025-04-01,
2827,1388,4176,3,2024-12-30,81886,5,Closed,Best Case,2024-10-05,won,2025-02-24,
2828,1388,4175,3,2024-12-30,68937,5,Closed,Omit,2024-11-03,won,2025-01-18,
2829,1388,4176,3,2024-12-30,55397,1,Discovery,Best Case,2024-12-30,open,,
2830,1388,4175,3,2024-12-30,29373,5,Closed,Commit,2024-11-07,lost,2025-02-06,feature_gap
2831,2975,4177,8,2024-10-18,264650,5,Closed,Omit,2020-01-01,lost,2024-11-25,no_decision
2838,350,4192,14,2024-12-30,61028,3,Proposal,Commit,2024-12-30,open,,
2839,350,4192,14,2024-12-30,41804,5,Closed,Omit,2024-12-15,won,2025-01-14,
2840,1574,4195,37,2024-12-30,22588,5,Closed,Best Case,2020-01-01,won,2025-04-03,
2849,2188,4207,3,2024-12-30,9039,5,Closed,Commit,2024-11-23,won,2025-01-06,
2850,3802,4209,30,2024-10-03,24317,3,Proposal,Best Case,2024-12-30,open,,
2851,1179,4210,47,2024-12-30,9596,5,Closed,Best Case,2024-12-30,won,2025-04-06,
2855,2273,4216,29,2024-12-30,6697,3,Proposal,Commit,2024-10-02,open,,
2856,930,4219,34,2024-12-30,25106,5,Closed,Omit,2024-12-30,won,2025-02-24,
2857,930,4220,34,2024-12-30,35805,5,Closed,Commit,2024-12-30,won,2025-02-27,
2863,3491,4236,42,2024-12-30,5299,2,Demo,Best Case,2024-12-30,open,,
2865,1399,,49,2024-12-30,17526,5,Closed,Best Case,2024-12-30,won,2025-04-12,
2866,1399,4242,49,2024-12-30,6421,2,Demo,Omit,2024-12-30,open,,
2867,1399,4242,49,2024-12-30,23113,5,Closed,Commit,2024-12-04,won,2025-02-19,
2879,1225,4259,35,2024-12-30,17713,5,Closed,Best Case,2024-12-30,won,2025-04-03,
2884,2832,4271,32,2024-12-30,52042,5,Closed,Omit,2024-12-30,won,2025-03-24,
2885,1352,4273,7,2024-11-06,12245,5,Closed,Commit,2024-12-30,won,2025-01-10,
2886,466,4277,31,2024-11-17,14639,5,Closed,Omit,2024-12-21,won,2025-02-20,
2887,466,4277,31,2024-11-17,23142,5,Closed,Commit,2024-12-30,lost,2025-01-04,no_decision
2890,1493,4281,18,2024-11-21,7773,5,Closed,Omit,2024-12-30,won,2024-12-17,
2895,222,4288,29,2024-12-30,14492,5,Closed,Omit,2024-10-28,won,2025-04-21,
2897,3318,4290,11,2024-12-30,27291,1,Discovery,Omit,2024-12-30,open,,
2898,3318,4291,11,2024-12-30,51814,5,Closed,Commit,2024-12-30,won,2025-02-22,
2909,3609,4306,34,2024-12-30,64269,1,Discovery,Best Case,2024-10-28,open,,
2910,3609,4307,34,2024-12-30,35847,3,Proposal,Best Case,2020-01-01,open,,
2911,3609,4307,34,2024-12-30,34230,5,Closed,Commit,2024-11-08,lost,2025-02-16,no_budget
2913,614,4310,7,2024-12-30,23471,5,Closed,Omit,2024-12-17,lost,2025-02-14,feature_gap
2914,614,4310,7,2024-12-30,9631,5,Closed,Omit,2024-12-30,lost,2025-04-13,feature_gap
2917,352,4315,10,2024-12-30,404604,5,Closed,Commit,2020-01-01,lost,2025-02-13,no_decision
2918,352,4315,10,2024-12-30,429317,2,Demo,Commit,2024-12-21,open,,
2919,352,4316,10,2024-12-30,131653,5,Closed,Best Case,2024-12-20,won,2025-02-01,
2920,352,4316,10,2024-12-30,191217,5,Closed,Omit,2024-12-30,won,2025-02-12,
2921,352,4316,10,2024-12-30,466220,5,Closed,Best Case,2020-01-01,lost,2025-04-26,feature_gap
2929,303,4328,8,2024-12-12,24539,5,Closed,Best Case,2024-10-14,won,2025-02-01,
2930,303,,8,2024-12-15,6615,5,Closed,Commit,2024-12-30,won,2025-03-07,
2955,1884,4360,1,2024-12-30,22148,5,Closed,Commit,2024-12-30,won,2025-03-24,
2969,989,4384,4,2024-12-30,42235,5,Closed,Best Case,2020-01-01,won,2025-04-17,
2998,2423,4428,4,2024-12-30,81071,5,Closed,Best Case,2024-12-30,won,2025-03-29,
2999,2423,4429,4,2024-12-30,25097,5,Closed,Omit,2024-11-23,won,2025-03-11,
3008,314,4445,3,2024-12-30,20918,5,Closed,Omit,2024-12-30,won,2025-04-04,
3009,600,4449,36,2024-12-30,24081,5,Closed,Commit,2024-10-23,won,2025-02-28,
3016,2693,4464,12,2024-12-30,8125,1,Discovery,Commit,2024-11-17,open,,
3017,2693,4465,12,2024-12-30,6735,4,Negotiation,Best Case,2024-12-30,open,,
3020,1154,4469,30,2024-10-29,37149,1,Discovery,Omit,2024-12-30,open,,
3021,1154,4470,30,2024-10-29,88729,2,Demo,Commit,2024-12-30,open,,
3050,1047,4534,6,2024-10-06,12804,2,Demo,Omit,2024-12-30,open,,
3052,905,4537,30,2024-12-30,19310,5,Closed,Best Case,2020-01-01,won,2025-02-21,
3053,905,4537,30,2024-12-30,6675,0,Qualification,Omit,2024-12-30,open,,
3054,905,4537,30,2024-12-30,8638,2,Demo,Omit,2020-01-01,open,,
3055,3673,4538,10,2024-12-30,7211,5,Closed,Commit,2024-12-30,lost,2025-02-22,timing
3056,3673,4538,10,2024-12-30,21673,5,Closed,Omit,2024-12-30,won,2025-03-31,
3065,1782,4549,19,2024-12-30,84734,5,Closed,Omit,2024-12-30,won,2025-03-06,
3067,481,4555,25,2024-12-30,17552,3,Proposal,Omit,2024-11-12,open,,
3068,1932,4556,14,2024-12-27,18810,5,Closed,Commit,2024-12-05,won,2025-02-07,
3069,1932,4556,14,2024-12-24,15687,2,Demo,Best Case,2024-12-30,open,,
3073,3565,4559,48,2024-12-30,51469,5,Closed,Commit,2024-12-30,lost,2025-02-24,timing
3074,3565,4559,48,2024-12-30,87534,5,Closed,Best Case,2024-12-30,won,2025-03-09,
3075,1385,,31,2024-11-26,16530,5,Closed,Commit,2024-12-06,won,2025-02-23,
3087,2622,4579,38,2024-12-30,20121,5,Closed,Omit,2020-01-01,won,2025-04-10,
3088,2622,4579,38,2024-12-30,17138,5,Closed,Omit,2024-10-08,won,2025-02-07,
3089,2622,4579,38,2024-12-30,7030,5,Closed,Omit,2024-11-29,lost,2025-02-24,timing
3090,2622,4580,38,2024-12-30,6907,2,Demo,Best Case,2024-12-13,open,,
3092,243,4585,39,2024-12-30,492981,5,Closed,Omit,2024-12-27,lost,2025-04-21,no_decision
3096,3580,4589,29,2024-12-24,19076,4,Negotiation,Best Case,2024-12-30,open,,
3099,557,4592,20,2024-12-30,14045,5,Closed,Omit,2024-12-30,won,2025-02-16,
3112,1992,4618,9,2024-12-30,12368,1,Discovery,Best Case,2024-12-20,open,,
3113,1992,,9,2024-12-30,15828,5,Closed,Commit,2024-12-30,won,2025-02-05,
3126,2713,4634,38,2024-12-30,34659,3,Proposal,Commit,2024-12-30,open,,
3129,292,4641,35,2024-12-30,57621,5,Closed,Omit,2020-01-01,won,2025-02-17,
3132,784,4645,7,2024-12-30,17410,5,Closed,Commit,2024-11-15,won,2025-03-03,
3133,784,4644,7,2024-12-30,14046,5,Closed,Commit,2024-12-30,won,2025-04-26,
3134,784,4643,7,2024-12-30,20388,5,Closed,Commit,2024-12-30,won,2025-03-05,
3142,1253,4663,33,2024-12-30,17153,5,Closed,Omit,2024-12-30,won,2025-04-10,
3143,1253,4664,33,2024-12-30,20131,5,Closed,Omit,2024-12-30,won,2025-04-12,
3148,2258,4676,1,2024-12-30,17729,5,Closed,Omit,2024-12-30,lost,2025-02-12,feature_gap
3153,3963,4680,21,2024-12-30,15120,2,Demo,Commit,2020-01-01,open,,
3154,3963,4680,21,2024-12-30,5999,1,Discovery,Commit,2024-12-30,open,,
3187,1662,4727,27,2024-12-30,29549,5,Closed,Omit,2024-12-14,won,2025-01-14,
3188,1662,4727,27,2024-12-30,76137,5,Closed,Commit,2024-11-20,won,2025-02-24,
3198,3593,4739,27,2024-12-30,18554,5,Closed,Best Case,2020-01-01,won,2025-03-30,
3199,3593,,27,2024-12-30,16698,5,Closed,Omit,2024-10-30,won,2025-02-03,
3200,3593,4739,27,2024-12-30,20037,5,Closed,Commit,2024-12-30,won,2025-04-09,
3206,2809,4754,39,2024-12-30,24491,5,Closed,Commit,2024-12-30,won,2025-02-02,
3209,2959,4764,42,2024-12-30,12857,1,Discovery,Commit,2024-10-03,open,,
3210,2959,4764,42,2024-12-30,21670,4,Negotiation,Omit,2024-12-30,open,,
3211,2959,4764,42,2024-12-30,16089,5,Closed,Omit,2020-01-01,won,2025-01-24,
3212,2959,4764,42,2024-12-30,21947,1,Discovery,Commit,2024-12-30,open,,
3214,1648,4768,47,2024-12-30,9471,5,Closed,Omit,2024-12-30,won,2025-02-25,
3218,3166,4775,36,2024-12-27,22664,3,Proposal,Omit,2024-12-30,open,,
3219,3166,4776,36,2024-12-27,22438,5,Closed,Commit,2024-12-30,won,2025-01-13,
3222,154,4780,20,2024-12-30,5761,5,Closed,Best Case,2024-12-25,won,2025-02-01,
3224,1531,4789,18,2024-12-30,97915,1,Discovery,Best Case,2024-10-28,open,,
3225,1531,4789,18,2024-12-30,48537,5,Closed,Best Case,2024-12-30,won,2025-01-16,
3229,3714,4799,39,2024-12-30,11933,1,Discovery,Best Case,2024-11-24,open,,
3230,3714,4801,39,2024-12-30,5134,5,Closed,Omit,2024-12-30,won,2025-01-10,
3231,3714,4799,39,2024-12-30,16537,3,Proposal,Best Case,2024-12-30,open,,
3236,3337,4804,2,2024-12-30,12637,5,Closed,Commit,2024-12-30,won,2025-03-08,
3237,3337,4804,2,2024-12-30,8821,2,Demo,Best Case,2024-12-30,open,,
3244,3989,4815,18,2024-12-30,6924,5,Closed,Best Case,2024-12-30,won,2025-01-21,
3254,3471,4832,50,2024-12-30,12057,3,Proposal,Best Case,2024-12-30,open,,
3255,3471,4834,50,2024-12-30,12586,5,Closed,Omit,2020-01-01,lost,2025-02-06,feature_gap
3262,1277,4847,32,2024-12-30,7663,2,Demo,Commit,2020-01-01,open,,
3263,1277,4847,32,2024-12-30,9733,2,Demo,Best Case,2024-12-21,open,,
3264,1277,4847,32,2024-12-30,16727,4,Negotiation,Omit,2024-12-30,open,,
3270,3729,4857,38,2024-12-30,68136,3,Proposal,Best Case,2024-12-30,open,,
3271,3729,4856,38,2024-12-30,66604,5,Closed,Best Case,2024-12-06,won,2025-03-30,
3272,3729,4857,38,2024-12-30,67599,5,Closed,Commit,2024-12-30,won,2025-01-29,
3273,3729,,38,2024-12-30,29930,5,Closed,Omit,2024-12-30,won,2025-01-31,
3280,3498,4864,24,2024-11-09,10244,5,Closed,Commit,2024-12-30,won,2024-12-07,
3285,1571,4875,46,2024-12-30,23907,5,Closed,Best Case,2024-12-30,won,2025-01-19,
3286,454,4880,3,2024-12-30,96224,5,Closed,Omit,2024-12-30,won,2025-04-27,
3287,454,4880,3,2024-12-30,41708,5,Closed,Omit,2024-12-30,won,2025-04-27,
3288,3505,4882,2,2024-12-30,7532,5,Closed,Commit,2024-12-30,lost,2025-04-04,no_budget
3295,2106,4894,24,2024-11-25,46304,5,Closed,Commit,2024-12-26,won,2024-12-11,
3296,2106,4893,24,2024-11-22,34890,5,Closed,Best Case,2024-12-30,lost,2025-03-03,no_budget
3300,1275,4902,26,2024-12-30,22047,2,Demo,Commit,2020-01-01,open,,
3306,2431,4910,45,2024-12-27,6063,5,Closed,Commit,2024-12-30,won,2025-03-05,
3307,2431,4911,45,2024-12-29,13425,3,Proposal,Commit,2024-12-08,open,,
3308,2431,4911,45,2024-12-25,5170,5,Closed,Commit,2024-12-09,lost,2025-03-16,no_decision
3309,2431,4911,45,2024-12-23,18568,5,Closed,Commit,2024-12-30,lost,2025-01-27,no_budget
3318,2546,4923,1,2024-12-30,15834,5,Closed,Best Case,2024-12-30,won,2025-03-30,
3320,3736,4926,6,2024-10-23,18729,1,Discovery,Commit,2024-12-30,open,,
3321,2427,4928,23,2024-12-30,14180,1,Discovery,Best Case,2020-01-01,open,,
3337,3640,4941,21,2024-12-22,6902,5,Closed,Best Case,2020-01-01,won,2025-03-30,
3342,488,4949,4,2024-12-30,13122,5,Closed,Best Case,2024-12-30,won,2025-04-24,
3343,488,4949,4,2024-12-30,15388,5,Closed,Omit,2024-12-30,lost,2025-02-26,feature_gap
3350,783,4960,48,2024-12-30,93367,1,Discovery,Commit,2024-12-30,open,,
3352,1185,4967,13,2024-12-30,72050,5,Closed,Omit,2024-10-14,won,2025-04-05,
3356,1560,4980,35,2024-12-30,19871,5,Closed,Best Case,2024-12-30,won,2025-03-25,
3357,2119,4981,36,2024-12-30,14851,5,Closed,Commit,2024-12-30,won,2025-01-05,
3365,240,4989,40,2024-12-30,7906,5,Closed,Commit,2024-12-30,lost,2025-01-31,no_decision
3366,240,4990,40,2024-12-30,19712,5,Closed,Omit,2024-12-30,lost,2025-03-27,no_budget
3375,3663,5013,17,2024-12-30,19939,5,Closed,Omit,2024-12-30,won,2025-04-10,
3377,3131,5016,29,2024-12-30,36056,1,Discovery,Omit,2024-12-30,open,,
3383,1025,5026,5,2024-12-30,5574,2,Demo,Best Case,2020-01-01,open,,
3384,1025,5026,5,2024-12-30,20629,5,Closed,Omit,2024-12-14,won,2025-03-21,
3398,1717,5047,16,2024-12-25,17869,5,Closed,Omit,2024-12-30,won,2025-04-03,
3399,3588,5050,11,2024-12-30,13310,5,Closed,Omit,2020-01-01,won,2025-02-10,
3400,3588,5050,11,2024-12-30,20000,5,Closed,Omit,2024-11-16,lost,2025-04-18,no_decision
3401,3588,5050,11,2024-12-30,5722,5,Closed,Commit,2024-12-30,won,2025-04-19,
3402,3588,5050,11,2024-12-30,11709,5,Closed,Omit,2024-12-30,won,2025-02-24,
3403,1392,5059,16,2024-12-30,20321,5,Closed,Best Case,2024-11-24,won,2025-04-10,
3404,3549,3027,13,2024-12-30,9100,5,Closed,Commit,2024-11-03,won,2025-03-12,
3407,1687,5064,35,2024-10-10,5534,4,Negotiation,Commit,2024-12-30,open,,
3415,625,5073,12,2024-12-30,11260,5,Closed,Best Case,2024-12-30,won,2025-04-11,
3420,147,5082,7,2024-12-30,65226,5,Closed,Best Case,2024-10-31,won,2025-03-06,
3421,147,5084,7,2024-12-30,58789,3,Proposal,Omit,2020-01-01,open,,
3446,3696,5135,10,2024-12-30,22534,5,Closed,Best Case,2024-12-25,lost,2025-03-21,feature_gap
3469,875,5172,8,2024-12-30,10320,5,Closed,Best Case,2024-10-15,won,2025-04-28,
3470,875,5172,8,2024-12-30,17984,5,Closed,Omit,2024-10-27,won,2025-02-03,
3472,2576,5178,35,2024-12-30,13848,5,Closed,Omit,2024-12-30,won,2025-02-04,
3475,1561,5182,47,2024-12-30,64129,5,Closed,Omit,2024-11-09,lost,2025-03-30,feature_gap
3476,3683,5183,17,2024-12-30,18365,5,Closed,Commit,2024-12-30,won,2025-01-27,
3481,1304,5196,11,2024-10-03,16467,5,Closed,Best Case,2024-12-30,won,2024-10-15,
3484,2692,5205,15,2024-12-01,18063,5,Closed,Best Case,2024-12-30,won,2025-03-08,
3488,2467,5217,9,2024-12-30,8020,5,Closed,Commit,2024-12-30,lost,2025-04-16,no_budget
3489,2467,5218,9,2024-12-30,23149,3,Proposal,Omit,2024-11-03,open,,
3492,2515,5224,21,2024-12-30,7927,5,Closed,Best Case,2024-12-30,lost,2025-02-20,no_decision
3493,2515,5224,21,2024-12-30,22656,5,Closed,Best Case,2020-01-01,lost,2025-04-18,timing
3494,2381,5231,24,2024-11-23,9453,5,Closed,Best Case,2024-12-30,won,2025-01-04,
3495,2381,,24,2024-11-27,9222,5,Closed,Best Case,2024-12-30,won,2025-01-26,
3496,2381,5231,24,2024-11-22,21791,3,Proposal,Best Case,2024-11-22,open,,
3497,2381,5230,24,2024-11-21,24403,5,Closed,Best Case,2024-10-27,won,2024-11-27,
3500,1261,5241,31,2024-12-30,98816,1,Discovery,Best Case,2024-12-30,open,,
3501,1261,5241,31,2024-12-30,86349,2,Demo,Commit,2024-11-28,open,,
3502,1261,5241,31,2024-12-30,35781,2,Demo,Best Case,2024-10-15,open,,
3503,1261,5241,31,2024-12-30,96964,5,Closed,Commit,2020-01-01,won,2025-04-08,
3510,3829,5249,13,2024-10-22,12810,5,Closed,Commit,2024-12-30,won,2024-11-15,
3511,3829,5250,13,2024-10-24,11693,5,Closed,Commit,2020-01-01,lost,2024-12-16,no_decision
3513,2477,5258,14,2024-10-07,98665,5,Closed,Omit,2024-12-07,won,2025-01-09,
3514,2477,5257,14,2024-10-03,49736,5,Closed,Omit,2024-12-30,won,2024-11-20,
3518,1252,5266,21,2024-12-30,59563,5,Closed,Omit,2024-12-30,won,2025-02-17,
3519,1252,5266,21,2024-12-30,88122,5,Closed,Best Case,2024-12-10,lost,2025-03-02,no_budget
3520,1252,5266,21,2024-12-30,79743,5,Closed,Commit,2024-10-11,won,2025-03-04,
3521,935,5267,30,2024-12-30,46960,5,Closed,Best Case,2024-12-30,won,2025-03-28,
3522,935,5267,30,2024-12-30,75370,2,Demo,Best Case,2024-12-30,open,,
3523,3999,5269,32,2024-12-30,28632,5,Closed,Commit,2024-12-30,won,2025-03-07,
3524,3999,5269,32,2024-12-30,73138,5,Closed,Omit,2024-12-30,won,2025-01-28,
3532,3897,5280,24,2024-12-30,9012,5,Closed,Commit,2024-12-30,won,2025-04-06,
3533,3897,5279,24,2024-12-30,21087,5,Closed,Commit,2024-10-21,won,2025-03-08,
3536,2721,5284,49,2024-12-30,18222,5,Closed,Best Case,2024-12-10,won,2025-01-13,
3537,2721,5284,49,2024-12-30,18990,5,Closed,Commit,2024-12-20,won,2025-03-21,
3538,749,5291,39,2024-12-30,13596,5,Closed,Omit,2024-10-07,lost,2025-02-07,no_budget
3539,749,5289,39,2024-12-30,11310,4,Negotiation,Best Case,2024-12-30,open,,
3542,2168,5296,23,2024-12-30,7814,2,Demo,Best Case,2024-12-30,open,,
3547,2274,5304,27,2024-12-30,73034,5,Closed,Best Case,2024-10-08,lost,2025-03-22,no_budget
3560,1794,5326,27,2024-12-30,23388,2,Demo,Commit,2020-01-01,open,,
3561,1794,5326,27,2024-12-30,14538,1,Discovery,Best Case,2024-12-30,open,,
3562,1612,5330,16,2024-12-30,53501,1,Discovery,Omit,2024-12-30,open,,
3570,2991,5351,13,2024-12-25,5179,5,Closed,Best Case,2024-10-28,won,2025-02-15,
3583,108,5371,15,2024-12-30,23546,5,Closed,Omit,2024-11-06,won,2025-03-24,
3584,108,5371,15,2024-12-30,10629,5,Closed,Commit,2024-12-25,won,2025-03-12,
3594,2351,5383,12,2024-12-30,12489,5,Closed,Commit,2024-12-30,won,2025-01-15,
3597,2062,5391,3,2024-12-30,19210,5,Closed,Omit,2020-01-01,won,2025-01-18,
3598,2062,5391,3,2024-12-26,11196,5,Closed,Commit,2024-12-30,won,2025-02-12,
3600,2623,5394,8,2024-10-04,11458,5,Closed,Commit,2020-01-01,won,2024-11-02,
3607,2738,5412,26,2024-11-07,6719,2,Demo,Omit,2024-12-30,open,,
3625,2657,5441,38,2024-12-30,16734,3,Proposal,Best Case,2024-12-30,open,,
3627,349,5445,19,2024-12-30,23092,5,Closed,Omit,2020-01-01,lost,2025-01-20,no_budget
3632,2190,5457,26,2024-12-30,79522,5,Closed,Best Case,2024-12-30,won,2025-04-08,
3633,322,5458,47,2024-12-30,299691,5,Closed,Commit,2024-12-03,won,2025-04-02,
3634,322,5458,47,2024-12-30,280497,1,Discovery,Best Case,2024-12-30,open,,
3642,2153,5471,49,2024-11-08,8900,5,Closed,Commit,2024-12-30,lost,2024-12-20,feature_gap
3647,3204,5480,10,2024-12-30,78474,5,Closed,Best Case,2024-12-30,won,2025-01-12,
3648,3204,5480,10,2024-12-30,94823,5,Closed,Best Case,2024-12-30,won,2025-01-24,
3667,3024,5500,23,2024-12-30,19424,5,Closed,Commit,2020-01-01,lost,2025-03-27,feature_gap
3668,3024,5500,23,2024-12-30,13400,5,Closed,Omit,2024-12-30,lost,2025-01-05,feature_gap
3669,3024,5501,23,2024-12-30,21445,5,Closed,Best Case,2024-12-30,won,2025-02-11,
3670,3024,5499,23,2024-12-30,23432,5,Closed,Best Case,2024-12-23,lost,2025-01-06,feature_gap
3678,294,5523,13,2024-12-18,15490,2,Demo,Best Case,2024-12-30,open,,
3683,3803,5530,45,2024-12-30,13940,1,Discovery,Commit,2024-12-30,open,,
3695,231,5549,27,2024-11-23,41415,5,Closed,Best Case,2020-01-01,won,2025-03-02,
3696,579,5550,20,2024-12-30,19959,5,Closed,Best Case,2024-12-17,won,2025-01-21,
3697,579,5551,20,2024-12-30,7725,5,Closed,Commit,2024-12-30,lost,2025-04-27,timing
3700,1374,3336,40,2024-10-23,7616,5,Closed,Commit,2024-11-05,won,2025-01-03,
3701,1374,5675,40,2024-10-26,22760,5,Closed,Best Case,2020-01-01,won,2025-01-23,
3719,2244,5588,5,2024-12-30,81251,5,Closed,Omit,2024-12-30,lost,2025-01-19,feature_gap
3722,3975,5594,38,2024-12-30,12808,5,Closed,Best Case,2020-01-01,lost,2025-01-24,timing
3723,3975,5593,38,2024-12-30,15423,5,Closed,Omit,2024-12-02,won,2025-03-31,
3724,3975,5593,38,2024-12-30,17887,2,Demo,Omit,2024-12-30,open,,
3725,3975,5594,38,2024-12-30,19862,5,Closed,Commit,2024-12-30,won,2025-01-29,
3726,2087,5595,19,2024-12-30,22080,5,Closed,Commit,2024-12-30,won,2025-02-08,
3734,819,5610,34,2024-12-30,13707,5,Closed,Best Case,2024-10-29,won,2025-03-24,
3735,819,5610,34,2024-12-30,7156,5,Closed,Best Case,2024-12-30,lost,2025-03-31,timing
3739,2152,5620,15,2024-10-01,11054,5,Closed,Commit,2024-12-30,won,2024-11-23,
3741,2152,5621,15,2024-10-05,5668,5,Closed,Omit,2024-12-01,lost,2024-10-11,feature_gap
3743,3226,5624,25,2024-11-24,16183,5,Closed,Best Case,2024-11-14,won,2025-02-10,
3749,2412,5633,44,2024-12-30,99663,5,Closed,Omit,2024-10-04,won,2025-01-14,
3750,2412,5633,44,2024-12-30,36233,5,Closed,Commit,2020-01-01,won,2025-01-23,
3762,1766,5650,26,2024-12-30,22642,1,Discovery,Best Case,2020-01-01,open,,
3763,1766,5650,26,2024-12-30,23758,1,Discovery,Best Case,2020-01-01,open,,
3773,540,5662,29,2024-12-30,24843,5,Closed,Best Case,2024-10-30,lost,2025-04-03,no_decision
3774,540,5662,29,2024-12-30,17611,5,Closed,Best Case,2024-12-28,won,2025-03-29,
3777,3482,5670,36,2024-12-30,378486,2,Demo,Best Case,2024-12-30,open,,
3778,3482,5670,36,2024-12-30,375799,5,Closed,Commit,2024-12-30,lost,2025-03-14,no_budget
3779,3482,5670,36,2024-12-30,222414,5,Closed,Omit,2024-10-23,won,2025-02-07,
3780,3295,5676,32,2024-12-30,22675,1,Discovery,Best Case,2020-01-01,open,,
3795,1332,5696,13,2024-12-30,13245,5,Closed,Best Case,2024-12-30,won,2025-01-05,
3811,550,5714,37,2024-10-05,12518,4,Negotiation,Omit,2024-12-30,open,,
3812,1833,5718,22,2024-11-12,8439,5,Closed,Commit,2024-12-20,won,2025-02-15,
3817,1203,5729,5,2024-10-03,22315,2,Demo,Best Case,2024-12-30,open,,
3818,478,5731,47,2024-12-30,10336,5,Closed,Commit,2024-12-30,won,2025-02-05,
3819,886,5732,34,2024-12-30,314422,1,Discovery,Best Case,2024-12-08,open,,
3820,886,5732,34,2024-12-30,362333,5,Closed,Omit,2024-12-30,won,2025-02-02,
3837,355,5768,1,2024-12-30,35166,5,Closed,Best Case,2024-11-21,won,2025-04-18,
3838,355,5766,1,2024-12-30,26839,5,Closed,Best Case,2024-12-30,won,2025-02-18,
3839,355,5766,1,2024-12-30,42625,5,Closed,Commit,2020-01-01,won,2025-02-16,
3850,3415,5780,32,2024-12-30,70364,3,Proposal,Commit,2024-10-05,open,,
3851,3415,5780,32,2024-12-30,46832,2,Demo,Best Case,2024-12-08,open,,
3852,3415,5780,32,2024-12-30,96227,4,Negotiation,Omit,2024-12-30,open,,
3861,2191,5795,48,2024-12-30,70424,5,Closed,Best Case,2024-10-26,won,2025-01-22,
3862,2191,5793,48,2024-12-30,56367,5,Closed,Commit,2024-11-23,won,2025-01-19,
3863,2191,5795,48,2024-12-30,95775,5,Closed,Commit,2024-12-30,won,2025-04-12,
3872,598,5807,31,2024-12-30,16669,5,Closed,Best Case,2024-12-08,won,2025-02-15,
3873,598,5806,31,2024-12-30,14191,5,Closed,Best Case,2024-12-30,won,2025-03-19,
3877,2210,5817,36,2024-12-30,97451,2,Demo,Omit,2024-12-30,open,,
3878,2210,5818,36,2024-12-30,60884,5,Closed,Omit,2024-12-27,lost,2025-01-05,feature_gap
3879,208,5819,2,2024-12-11,61878,5,Closed,Best Case,2024-12-30,lost,2025-01-07,timing
3880,208,5819,2,2024-12-08,93272,5,Closed,Commit,2024-12-30,lost,2025-03-01,timing
3881,208,5820,2,2024-12-14,88157,5,Closed,Commit,2020-01-01,lost,2025-03-05,no_decision
3882,208,5819,2,2024-12-14,96010,2,Demo,Best Case,2024-12-30,open,,
3887,3618,5826,16,2024-12-22,69939,5,Closed,Omit,2024-12-30,lost,2025-03-12,timing
3894,843,5839,31,2024-12-30,21180,5,Closed,Commit,2024-12-30,won,2025-02-17,
3899,165,5848,18,2024-10-31,10059,5,Closed,Commit,2024-11-17,won,2025-01-30,
3900,104,5851,31,2024-12-30,21969,5,Closed,Commit,2024-12-30,lost,2025-02-20,timing
3907,3237,5871,8,2024-12-30,14752,5,Closed,Best Case,2024-12-30,won,2025-03-27,
3908,3237,5870,8,2024-12-30,15294,3,Proposal,Best Case,2024-12-30,open,,
3909,3237,5871,8,2024-12-30,23666,5,Closed,Omit,2024-12-30,won,2025-03-02,
3910,3237,5871,8,2024-12-30,6368,5,Closed,Commit,2024-10-05,won,2025-02-22,
3911,3237,5870,8,2024-12-30,7542,5,Closed,Commit,2024-12-30,won,2025-02-24,
3912,3237,5871,8,2024-12-30,5931,5,Closed,Commit,2024-12-16,lost,2025-03-25,no_budget
3913,3237,5872,8,2024-12-30,15083,5,Closed,Commit,2024-12-30,won,2025-04-23,
3921,3308,5887,50,2024-12-30,98104,3,Proposal,Omit,2024-12-30,open,,
3922,3308,5887,50,2024-12-30,50454,5,Closed,Omit,2024-12-15,won,2025-01-14,
3923,3308,5887,50,2024-12-30,33963,5,Closed,Omit,2024-12-30,lost,2025-04-18,feature_gap
3924,2950,5888,40,2024-11-14,81509,5,Closed,Omit,2024-12-30,won,2025-02-20,
3925,2950,5889,40,2024-11-21,98172,2,Demo,Commit,2024-12-30,open,,
3928,433,5894,2,2024-12-29,13437,0,Qualification,Commit,2024-12-30,open,,
3929,433,5894,2,2024-12-21,15705,5,Closed,Omit,2024-12-30,won,2025-01-09,
3930,433,5894,2,2024-12-30,10146,5,Closed,Commit,2024-12-12,lost,2025-03-04,no_decision
3931,1336,5896,39,2024-12-30,50567,5,Closed,Commit,2024-12-30,lost,2025-04-17,no_decision
3936,1949,5904,4,2024-12-30,14387,5,Closed,Best Case,2024-12-30,lost,2025-03-03,feature_gap
3937,1949,5904,4,2024-12-30,13634,5,Closed,Commit,2024-12-30,won,2025-03-07,
3938,1949,5904,4,2024-12-30,6088,5,Closed,Best Case,2024-12-30,won,2025-01-25,
3948,1211,5920,44,2024-12-25,7881,4,Negotiation,Omit,2024-12-30,open,,
3955,3046,5931,12,2024-12-30,22295,5,Closed,Commit,2024-12-30,won,2025-01-26,
3956,3046,5931,12,2024-12-30,11454,4,Negotiation,Omit,2024-12-30,open,,
3957,3707,5937,47,2024-12-30,22100,5,Closed,Best Case,2020-01-01,won,2025-02-08,
3969,2508,5959,5,2024-12-30,21327,5,Closed,Best Case,2024-10-29,won,2025-04-03,
3978,1362,5971,5,2024-12-04,22355,1,Discovery,Best Case,2024-12-30,open,,
3982,2638,5983,14,2024-12-30,47497,3,Proposal,Best Case,2024-12-30,open,,
3983,3275,5984,5,2024-12-30,15325,2,Demo,Best Case,2024-12-30,open,,
3984,3275,5984,5,2024-12-30,22100,5,Closed,Omit,2024-12-30,lost,2025-03-29,no_budget
3985,3275,5984,5,2024-12-30,21886,5,Closed,Commit,2024-12-30,won,2025-01-09,
3991,333,5997,2,2024-10-29,22561,2,Demo,Best Case,2024-12-09,open,,
3992,3179,6003,25,2024-10-07,41817,5,Closed,Commit,2024-12-30,won,2024-10-16,
3993,148,6004,18,2024-12-30,488526,5,Closed,Omit,2024-12-11,won,2025-03-14,
4001,2649,6022,48,2024-10-24,14419,5,Closed,Commit,2024-12-30,lost,2024-11-16,timing
4002,2649,6022,48,2024-10-17,19449,5,Closed,Best Case,2024-12-30,won,2025-01-23,
4005,356,6028,17,2024-12-23,20103,2,Demo,Commit,2024-12-30,open,,
4006,356,6029,17,2024-12-25,8711,1,Discovery,Commit,2024-11-09,open,,
4009,1598,6035,36,2024-11-01,17610,5,Closed,Best Case,2024-12-30,won,2025-01-31,
4010,1598,6036,36,2024-11-02,8132,5,Closed,Commit,2024-10-05,won,2024-11-17,
4017,1216,6049,4,2024-12-30,92262,2,Demo,Best Case,2024-12-30,open,,
4031,3205,6070,17,2024-12-30,20164,3,Proposal,Best Case,2024-12-30,open,,
4032,3205,6070,17,2024-12-30,17924,5,Closed,Commit,2024-12-30,won,2025-01-13,
4040,2715,6077,34,2024-11-13,91275,5,Closed,Best Case,2024-11-23,won,2025-01-01,
4043,3370,6084,14,2024-12-30,55602,2,Demo,Omit,2020-01-01,open,,
4044,3370,6082,14,2024-12-30,58848,5,Closed,Commit,2024-12-30,lost,2025-02-24,no_decision
4046,657,6088,36,2024-12-30,9940,5,Closed,Best Case,2020-01-01,won,2025-03-26,
4057,3355,6115,21,2024-12-26,19597,5,Closed,Omit,2024-12-30,lost,2025-01-31,timing
4058,3355,6116,21,2024-12-20,16053,1,Discovery,Best Case,2024-12-29,open,,
4064,3970,6122,36,2024-12-30,6346,3,Proposal,Best Case,2024-10-18,open,,
4065,3970,6122,36,2024-12-30,10201,5,Closed,Omit,2024-12-30,won,2025-02-22,
4066,1534,8065,17,2024-10-03,5047,5,Closed,Commit,2024-12-15,won,2024-12-27,
4070,2227,6125,37,2024-12-30,59508,5,Closed,Omit,2024-10-21,won,2025-03-02,
4071,2227,6126,37,2024-12-30,52941,5,Closed,Best Case,2024-12-30,won,2025-02-23,
4072,2227,6126,37,2024-12-30,39123,1,Discovery,Omit,2020-01-01,open,,
4078,1799,6148,32,2024-12-30,67641,5,Closed,Omit,2024-12-30,won,2025-01-08,
4079,1799,6149,32,2024-12-30,86737,5,Closed,Commit,2024-12-30,won,2025-03-23,
4080,771,6151,1,2024-10-07,42159,5,Closed,Commit,2020-01-01,won,2025-01-11,
4082,2963,6155,29,2024-12-30,374831,5,Closed,Omit,2024-10-16,won,2025-04-01,
4085,2429,6165,13,2024-12-30,19389,3,Proposal,Omit,2024-11-16,open,,
4086,2429,6166,13,2024-12-30,11605,5,Closed,Best Case,2024-12-30,won,2025-03-02,
4094,981,6179,5,2024-10-23,58866,2,Demo,Best Case,2024-10-03,open,,
4095,981,6179,5,2024-10-25,87739,2,Demo,Commit,2024-10-09,open,,
4096,981,6179,5,2024-10-24,87984,0,Qualification,Omit,2024-12-30,open,,
4097,981,6179,5,2024-10-29,94244,5,Closed,Commit,2024-11-07,won,2024-11-29,
4115,715,6218,10,2024-11-18,91881,5,Closed,Best Case,2024-12-30,won,2025-01-10,
4116,715,6218,10,2024-11-16,73375,3,Proposal,Omit,2024-12-30,open,,
4117,715,6219,10,2024-11-16,29188,1,Discovery,Best Case,2024-12-30,open,,
4118,715,6218,10,2024-11-19,45399,1,Discovery,Best Case,2020-01-01,open,,
4119,715,6218,10,2024-11-16,98655,2,Demo,Commit,2024-12-30,open,,
4123,3035,6230,34,2024-12-30,21281,5,Closed,Commit,2024-12-30,won,2025-04-06,
4126,2935,6241,36,2024-12-21,10295,2,Demo,Omit,2024-11-17,open,,
4127,2935,6241,36,2024-12-21,24811,5,Closed,Commit,2024-12-30,won,2025-01-30,
4128,2935,6241,36,2024-12-26,19903,5,Closed,Best Case,2024-12-30,won,2025-03-23,
4129,2935,6241,36,2024-12-28,10199,5,Closed,Commit,2024-12-14,won,2025-02-03,
4130,2935,6241,36,2024-12-20,18652,5,Closed,Omit,2024-12-30,lost,2025-04-17,feature_gap
4142,2616,6259,22,2024-12-30,19095,5,Closed,Omit,2024-12-30,won,2025-01-14,
4143,512,6261,43,2024-12-30,10139,5,Closed,Best Case,2024-12-30,won,2025-01-30,
4144,512,6261,43,2024-12-30,17980,3,Proposal,Commit,2024-12-30,open,,
4145,512,6261,43,2024-12-30,5038,5,Closed,Commit,2020-01-01,lost,2025-03-03,no_budget
4146,2788,6262,9,2024-10-29,5020,5,Closed,Omit,2024-10-09,won,2024-12-10,
4147,2788,,9,2024-10-26,21162,2,Demo,Commit,2024-12-30,open,,
4152,3342,6269,50,2024-11-14,13948,1,Discovery,Omit,2024-12-30,open,,
4153,3342,6269,50,2024-11-17,10377,5,Closed,Best Case,2020-01-01,won,2024-12-01,
4154,1854,6273,3,2024-12-30,19469,5,Closed,Best Case,2024-12-30,won,2025-03-30,
4155,1854,6273,3,2024-12-30,8652,5,Closed,Omit,2024-12-30,won,2025-04-19,
4186,2252,6318,22,2024-12-30,15641,3,Proposal,Commit,2024-12-30,open,,
4187,2252,6317,22,2024-12-30,7663,5,Closed,Omit,2024-12-30,won,2025-01-30,
4188,2252,6317,22,2024-12-30,22183,5,Closed,Commit,2024-12-30,won,2025-04-23,
4190,3216,6325,40,2024-10-16,65039,3,Proposal,Commit,2024-12-30,open,,
4199,1855,6341,34,2024-12-30,5453,3,Proposal,Commit,2024-12-30,open,,
4200,3051,6345,4,2024-12-30,12531,5,Closed,Best Case,2024-12-30,won,2025-02-13,
4201,3051,,4,2024-12-30,19354,5,Closed,Best Case,2024-12-30,won,2025-01-04,
4202,3051,6345,4,2024-12-30,22964,5,Closed,Omit,2024-12-30,lost,2025-03-12,feature_gap
4236,1615,6402,33,2024-12-30,10806,5,Closed,Omit,2024-12-30,won,2025-03-24,
4237,1615,6400,33,2024-12-30,10342,2,Demo,Commit,2024-11-21,open,,
4238,2219,6403,13,2024-12-30,11071,2,Demo,Commit,2020-01-01,open,,
4239,2219,6403,13,2024-12-30,7526,5,Closed,Commit,2020-01-01,won,2025-03-09,
4240,2219,6403,13,2024-12-30,24604,5,Closed,Commit,2024-12-30,won,2025-01-12,
4241,2219,6403,13,2024-12-30,19370,5,Closed,Commit,2024-12-30,lost,2025-03-10,no_decision
4246,3161,6414,2,2024-12-30,14232,3,Proposal,Commit,2024-12-13,open,,
4247,3161,6414,2,2024-12-30,11732,5,Closed,Best Case,2024-12-30,won,2025-02-16,
4254,2766,6428,7,2024-12-30,24353,5,Closed,Omit,2020-01-01,lost,2025-04-02,timing
4255,2766,6428,7,2024-12-30,15584,2,Demo,Commit,2020-01-01,open,,
4256,2766,6428,7,2024-12-30,12925,5,Closed,Omit,2024-11-23,lost,2025-02-02,no_decision
4269,3192,6443,14,2024-12-21,34019,5,Closed,Best Case,2024-11-25,won,2025-03-16,
4276,2694,6457,34,2024-12-30,15376,3,Proposal,Best Case,2024-12-30,open,,
4277,2694,6457,34,2024-12-30,7371,5,Closed,Best Case,2020-01-01,won,2025-01-13,
4282,2908,6463,36,2024-12-30,225006,5,Closed,Omit,2024-11-20,won,2025-03-01,
4283,2908,6463,36,2024-12-30,124368,3,Proposal,Omit,2020-01-01,open,,
4292,3145,6484,32,2024-10-22,207343,5,Closed,Best Case,2020-01-01,won,2024-11-19,
4293,3145,6485,32,2024-10-23,140259,2,Demo,Commit,2024-12-30,open,,
4308,3054,6502,31,2024-12-09,8071,1,Discovery,Best Case,2024-12-30,open,,
4317,2822,6514,26,2024-12-25,15726,5,Closed,Omit,2024-12-30,won,2025-01-24,
4318,2822,6513,26,2024-12-20,9898,5,Closed,Best Case,2020-01-01,lost,2025-03-27,no_decision
4319,3653,6515,18,2024-12-30,49696,5,Closed,Omit,2024-12-30,lost,2025-03-18,no_budget
4320,3653,6516,18,2024-12-30,68477,5,Closed,Commit,2024-12-22,won,2025-02-15,
4324,2075,6523,4,2024-12-30,12745,5,Closed,Commit,2024-12-30,won,2025-04-02,
4325,2075,6523,4,2024-12-30,11995,5,Closed,Commit,2024-12-26,won,2025-03-14,
4326,2965,6527,21,2024-12-30,7306,5,Closed,Best Case,2024-12-30,won,2025-02-26,
4327,2965,6528,21,2024-12-30,5909,5,Closed,Omit,2024-12-30,won,2025-03-04,
4328,2965,6528,21,2024-12-30,10762,5,Closed,Omit,2024-10-03,won,2025-04-04,
4329,3382,6530,37,2024-12-30,11028,3,Proposal,Best Case,2024-12-30,open,,
4330,3382,6529,37,2024-12-30,24018,5,Closed,Commit,2024-12-30,lost,2025-01-05,no_decision
4331,3382,6530,37,2024-12-30,24304,5,Closed,Commit,2024-12-30,won,2025-01-19,
4332,3382,6529,37,2024-12-30,12889,5,Closed,Commit,2024-12-30,won,2025-01-14,
4338,47,6539,42,2024-10-13,75779,1,Discovery,Omit,2020-01-01,open,,
4339,47,6538,42,2024-10-14,55016,5,Closed,Omit,2024-10-30,won,2024-10-27,
4357,1184,6560,38,2024-12-30,21425,5,Closed,Best Case,2024-12-30,won,2025-02-21,
4359,1270,6563,29,2024-11-20,6581,5,Closed,Best Case,2024-12-30,won,2024-12-23,
4360,1270,6563,29,2024-11-20,10533,3,Proposal,Omit,2024-12-30,open,,
4375,1014,6576,20,2024-12-30,24330,2,Demo,Best Case,2024-11-19,open,,
4376,1014,6576,20,2024-12-30,5805,5,Closed,Best Case,2024-12-30,lost,2025-01-22,no_decision
4377,1014,6576,20,2024-12-30,17790,3,Proposal,Omit,2024-12-30,open,,
4380,3816,6584,14,2024-12-30,19840,5,Closed,Best Case,2024-12-30,lost,2025-04-24,feature_gap
4381,3816,,14,2024-12-30,23278,5,Closed,Commit,2024-12-30,won,2025-01-12,
4383,2105,6592,26,2024-12-30,18872,3,Proposal,Best Case,2024-12-30,open,,
4384,2105,6592,26,2024-12-30,23779,5,Closed,Omit,2020-01-01,won,2025-02-26,
4404,2685,6632,13,2024-12-14,14563,5,Closed,Omit,2020-01-01,won,2025-02-04,
4405,3306,6638,33,2024-12-30,20874,5,Closed,Commit,2024-12-28,won,2025-04-04,
4406,3306,6638,33,2024-12-30,17786,5,Closed,Omit,2024-12-23,won,2025-03-24,
4408,770,6642,11,2024-12-30,23409,5,Closed,Commit,2024-12-30,won,2025-04-18,
4409,770,6640,11,2024-12-30,11482,2,Demo,Best Case,2024-12-24,open,,
4412,1616,6646,38,2024-12-30,66084,5,Closed,Omit,2024-12-25,won,2025-02-10,
4413,1616,6646,38,2024-12-30,85161,2,Demo,Omit,2024-12-30,open,,
4414,3760,6648,40,2024-12-30,47306,3,Proposal,Best Case,2024-12-30,open,,
4415,3760,6648,40,2024-12-30,47640,5,Closed,Commit,2024-12-30,won,2025-01-16,
4416,2707,6649,18,2024-12-30,38988,2,Demo,Commit,2020-01-01,open,,
4417,2707,6649,18,2024-12-30,89573,2,Demo,Best Case,2024-11-23,open,,
4418,2707,6649,18,2024-12-30,88419,5,Closed,Best Case,2020-01-01,won,2025-03-03,
4419,2707,6649,18,2024-12-30,48230,5,Closed,Omit,2024-12-30,won,2025-02-23,
4420,1370,6650,30,2024-12-30,21878,5,Closed,Omit,2024-12-30,won,2025-03-09,
4421,1370,,30,2024-12-30,5117,5,Closed,Commit,2020-01-01,won,2025-02-17,
4422,1370,6650,30,2024-12-30,10460,5,Closed,Omit,2024-12-30,won,2025-02-11,
4423,1370,6650,30,2024-12-30,12406,5,Closed,Best Case,2020-01-01,won,2025-02-11,
4425,249,6655,36,2024-10-11,15064,1,Discovery,Omit,2024-10-10,open,,
4426,249,6654,36,2024-10-07,11985,2,Demo,Commit,2024-10-09,open,,
4427,249,6655,36,2024-10-15,8463,5,Closed,Commit,2024-12-30,won,2024-11-25,
4437,1789,6667,15,2024-12-30,12687,5,Closed,Commit,2024-12-30,won,2025-01-10,
4438,1789,6666,15,2024-12-30,8709,5,Closed,Omit,2024-12-30,won,2025-01-16,
4441,667,6670,45,2024-12-30,17700,1,Discovery,Best Case,2024-10-03,open,,
4442,667,6670,45,2024-12-30,18016,1,Discovery,Commit,2024-12-12,open,,
4443,3215,8079,22,2024-12-30,8852,5,Closed,Best Case,2024-12-30,lost,2025-03-07,no_budget
4449,1868,6679,35,2024-12-30,14993,5,Closed,Omit,2024-12-12,won,2025-02-03,
4450,620,6681,25,2024-11-17,99222,5,Closed,Best Case,2020-01-01,lost,2025-01-04,timing
4451,620,6681,25,2024-11-12,78370,1,Discovery,Best Case,2024-12-30,open,,
4452,620,6681,25,2024-11-17,55934,1,Discovery,Omit,2024-12-29,open,,
4453,620,6681,25,2024-11-15,63710,1,Discovery,Best Case,2024-12-30,open,,
4483,3527,6724,13,2024-11-29,13178,5,Closed,Commit,2024-12-30,lost,2025-01-09,no_budget
4484,21,6725,38,2024-12-30,117620,5,Closed,Omit,2024-12-30,won,2025-02-13,
4485,21,6725,38,2024-12-30,427421,5,Closed,Omit,2024-10-24,lost,2025-01-21,feature_gap
4486,1553,6727,6,2024-10-09,36190,5,Closed,Commit,2024-12-30,lost,2025-01-22,no_budget
4487,1553,6727,6,2024-10-15,34640,5,Closed,Commit,2024-12-30,won,2024-12-28,
4488,1553,6727,6,2024-10-13,64997,5,Closed,Commit,2024-12-30,won,2025-01-14,
4497,1520,6751,33,2024-12-30,16795,5,Closed,Commit,2020-01-01,won,2025-04-14,
4506,1176,6765,35,2024-12-30,5107,5,Closed,Best Case,2020-01-01,won,2025-03-20,
4515,118,6777,6,2024-12-30,10867,5,Closed,Best Case,2024-12-30,won,2025-03-14,
4516,118,6777,6,2024-12-30,12114,5,Closed,Omit,2024-12-30,won,2025-04-19,
4517,118,6777,6,2024-12-30,10339,5,Closed,Best Case,2020-01-01,won,2025-04-08,
4520,2765,6780,6,2024-12-30,16717,1,Discovery,Commit,2024-12-30,open,,
4521,2765,6780,6,2024-12-30,21413,5,Closed,Commit,2024-10-26,lost,2025-01-22,no_decision
4532,2682,6790,2,2024-10-16,11197,5,Closed,Best Case,2024-12-30,won,2024-12-31,
4537,638,6796,12,2024-12-30,90031,5,Closed,Best Case,2024-12-30,lost,2025-01-28,timing
4538,638,6796,12,2024-12-30,78010,5,Closed,Omit,2024-12-30,lost,2025-04-09,no_budget
4543,2997,6808,39,2024-11-29,23815,3,Proposal,Omit,2024-12-13,open,,
4560,1051,6838,49,2024-12-30,11077,2,Demo,Commit,2024-12-30,open,,
4576,2228,6862,37,2024-12-30,23952,3,Proposal,Best Case,2024-12-30,open,,
4577,2228,6863,37,2024-12-30,5978,5,Closed,Commit,2024-12-30,won,2025-02-28,
4578,2228,6863,37,2024-12-30,11636,5,Closed,Best Case,2024-12-08,won,2025-03-08,
4579,2228,6861,37,2024-12-30,9851,2,Demo,Commit,2024-12-30,open,,
4588,3681,6874,20,2024-12-30,16776,1,Discovery,Omit,2024-12-30,open,,
4603,3067,6900,34,2024-12-30,80710,1,Discovery,Commit,2024-12-30,open,,
4604,3067,6901,34,2024-12-30,73701,5,Closed,Omit,2024-12-30,won,2025-01-31,
4605,3067,6900,34,2024-12-30,61928,5,Closed,Omit,2024-12-26,won,2025-03-09,
4606,3067,6901,34,2024-12-30,29747,5,Closed,Commit,2020-01-01,won,2025-04-22,
4610,3089,6906,14,2024-12-30,11149,5,Closed,Best Case,2024-12-30,won,2025-01-23,
4611,3089,6906,14,2024-12-30,16264,5,Closed,Commit,2024-11-30,won,2025-02-15,
4612,3927,6907,21,2024-12-30,5664,1,Discovery,Omit,2024-12-30,open,,
4626,3116,6925,2,2024-12-30,16575,5,Closed,Commit,2024-11-10,won,2025-03-03,
4627,3467,6929,27,2024-10-06,98441,5,Closed,Best Case,2020-01-01,lost,2024-10-14,feature_gap
4628,3467,6928,27,2024-10-04,96945,5,Closed,Omit,2024-12-09,won,2025-01-23,
4629,3467,6930,27,2024-10-06,41418,2,Demo,Best Case,2024-10-09,open,,
4639,594,6939,9,2024-12-30,24765,5,Closed,Commit,2024-11-21,lost,2025-04-23,no_budget
4640,594,6939,9,2024-12-30,17592,5,Closed,Commit,2024-12-30,won,2025-03-15,
4657,1849,6970,7,2024-12-30,76172,2,Demo,Commit,2024-10-27,open,,
4658,1849,6970,7,2024-12-30,33751,5,Closed,Commit,2020-01-01,won,2025-03-17,
4681,82,7001,32,2024-10-01,11845,5,Closed,Best Case,2024-12-14,won,2024-11-21,
4689,1243,7013,38,2024-11-25,22568,2,Demo,Best Case,2024-12-30,open,,
4696,3240,7022,31,2024-12-02,22334,5,Closed,Commit,2024-10-09,won,2025-01-22,
4709,3546,7036,33,2024-12-30,18675,5,Closed,Best Case,2024-12-30,won,2025-03-31,
4710,3546,7036,33,2024-12-30,9905,5,Closed,Best Case,2024-12-30,won,2025-04-26,
4711,3546,7036,33,2024-12-30,23049,5,Closed,Omit,2024-12-08,won,2025-03-21,
4712,2945,7040,43,2024-12-30,5994,2,Demo,Commit,2024-12-30,open,,
4713,369,7043,14,2024-12-30,43732,2,Demo,Omit,2024-12-30,open,,
4714,369,7043,14,2024-12-25,72602,5,Closed,Best Case,2024-12-30,won,2025-02-06,
4719,61,7054,11,2024-12-30,99296,5,Closed,Best Case,2024-12-30,won,2025-02-09,
4730,3439,7068,20,2024-12-30,18513,5,Closed,Best Case,2024-12-30,won,2025-03-20,
4736,597,7079,4,2024-12-30,24200,5,Closed,Omit,2024-12-08,won,2025-02-06,
4737,597,7078,4,2024-12-30,17813,5,Closed,Omit,2020-01-01,won,2025-03-13,
4751,3458,7100,17,2024-11-24,16295,5,Closed,Best Case,2020-01-01,won,2025-01-27,
4758,487,7107,9,2024-11-26,9838,2,Demo,Omit,2024-12-30,open,,
4759,3908,7110,26,2024-12-30,16572,5,Closed,Best Case,2024-12-30,won,2025-02-22,
4763,1692,7129,3,2024-12-30,18431,5,Closed,Omit,2024-12-30,won,2025-02-23,
4764,1692,7128,3,2024-12-30,16084,2,Demo,Commit,2024-12-30,open,,
4773,1716,7143,25,2024-12-30,19316,5,Closed,Omit,2024-12-30,won,2025-01-04,
4774,3047,7144,7,2024-10-05,13312,5,Closed,Commit,2024-12-30,won,2024-11-04,
4775,3047,7144,7,2024-10-03,20311,5,Closed,Commit,2024-12-30,lost,2024-11-01,timing
4778,3753,7152,32,2024-12-30,8719,5,Closed,Best Case,2024-12-30,won,2025-03-03,
4779,3601,7155,2,2024-12-12,31829,5,Closed,Best Case,2024-12-30,won,2025-01-25,
4780,1713,7157,40,2024-12-30,61733,4,Negotiation,Best Case,2024-12-30,open,,
4781,2999,7158,14,2024-10-16,30135,5,Closed,Best Case,2020-01-01,won,2024-10-27,
4784,836,7165,37,2024-12-06,28249,1,Discovery,Omit,2024-12-30,open,,
4785,2823,7167,13,2024-12-30,18332,5,Closed,Commit,2024-12-30,won,2025-04-16,
4791,1664,7177,30,2024-12-30,6021,5,Closed,Commit,2024-12-30,won,2025-03-12,
4827,3685,7240,30,2024-10-01,93636,3,Proposal,Best Case,2024-10-26,open,,
4831,1177,7248,32,2024-12-30,14733,2,Demo,Omit,2024-12-30,open,,
4832,1177,7248,32,2024-12-30,14291,1,Discovery,Omit,2024-12-30,open,,
4833,1177,7248,32,2024-12-30,13675,5,Closed,Commit,2024-12-30,won,2025-02-28,
4838,2585,,46,2024-12-30,16452,5,Closed,Commit,2020-01-01,won,2025-03-02,
4839,2564,7264,2,2024-12-30,38578,5,Closed,Omit,2024-11-15,won,2025-03-14,
4840,2564,7264,2,2024-12-30,53568,5,Closed,Omit,2024-12-30,won,2025-04-14,
4846,2605,7272,45,2024-12-30,21769,5,Closed,Best Case,2024-12-30,won,2025-01-18,
4847,2586,7273,16,2024-10-31,30047,5,Closed,Commit,2024-12-08,won,2025-02-16,
4848,2586,7273,16,2024-10-28,92761,5,Closed,Commit,2024-12-28,won,2024-11-19,
4850,2512,7277,27,2024-11-28,15608,1,Discovery,Best Case,2024-12-30,open,,
4851,2512,7277,27,2024-11-23,12013,5,Closed,Best Case,2024-12-30,lost,2024-12-13,timing
4854,3072,7283,26,2024-10-10,87491,2,Demo,Best Case,2024-12-30,open,,
4855,2012,7286,17,2024-11-01,15037,5,Closed,Best Case,2024-12-30,won,2025-01-18,
4856,2012,7285,17,2024-10-26,20412,5,Closed,Omit,2024-11-23,won,2025-01-14,
4858,3105,7289,13,2024-12-30,7922,5,Closed,Commit,2024-12-30,won,2025-01-13,
4860,3693,7295,30,2024-12-30,15402,2,Demo,Best Case,2024-12-30,open,,
4867,636,7302,18,2024-12-30,14485,5,Closed,Commit,2024-12-30,lost,2025-02-16,no_budget
4879,2827,7312,26,2024-12-30,32213,5,Closed,Commit,2024-12-30,won,2025-01-12,
4880,3870,7316,19,2024-12-28,9165,5,Closed,Commit,2024-11-26,won,2025-02-15,
4884,3585,7322,18,2024-12-30,16842,5,Closed,Commit,2024-12-30,won,2025-03-26,
4885,3244,7327,38,2024-12-30,47816,5,Closed,Omit,2024-12-30,won,2025-03-30,
4886,3244,7325,38,2024-12-30,82975,2,Demo,Best Case,2024-12-30,open,,
4887,3244,7327,38,2024-12-30,81029,5,Closed,Commit,2024-11-23,won,2025-03-18,
4893,887,7332,5,2024-12-14,19901,5,Closed,Omit,2024-12-30,won,2025-01-31,
4913,289,7361,11,2024-12-30,23894,4,Negotiation,Omit,2024-12-16,open,,
4915,2139,7363,18,2024-12-21,31294,5,Closed,Best Case,2024-12-30,won,2025-03-28,
4917,486,7371,44,2024-12-30,18846,5,Closed,Best Case,2024-12-30,won,2025-01-21,
4924,1667,7385,48,2024-12-30,96272,3,Proposal,Best Case,2024-12-30,open,,
4925,1667,7386,48,2024-12-30,66737,3,Proposal,Omit,2024-12-30,open,,
4927,1538,7390,16,2024-12-30,20367,5,Closed,Commit,2024-12-30,won,2025-01-08,
4929,3812,7392,9,2024-12-30,20932,2,Demo,Commit,2024-10-31,open,,
4930,3812,7392,9,2024-12-30,9339,5,Closed,Omit,2024-11-23,won,2025-01-31,
4931,3812,7392,9,2024-12-30,19022,5,Closed,Omit,2024-10-03,won,2025-04-17,
4935,1164,,30,2024-12-30,62692,5,Closed,Best Case,2024-12-30,won,2025-03-19,
4941,3159,7404,26,2024-11-16,19557,5,Closed,Best Case,2024-12-30,won,2024-12-09,
4942,3159,7406,26,2024-11-07,11311,3,Proposal,Omit,2024-12-30,open,,
4950,1339,7414,35,2024-12-03,97499,3,Proposal,Omit,2024-11-11,open,,
4985,3489,7476,26,2024-12-30,15044,1,Discovery,Omit,2024-12-30,open,,
4986,3489,7476,26,2024-12-30,20862,5,Closed,Best Case,2020-01-01,won,2025-01-08,
4992,605,7483,17,2024-10-22,24107,5,Closed,Omit,2024-11-01,won,2025-02-08,
4993,605,7483,17,2024-10-25,12388,1,Discovery,Omit,2020-01-01,open,,
4994,605,7482,17,2024-10-27,20192,5,Closed,Omit,2024-12-30,won,2025-02-19,
4995,2583,7486,6,2024-12-30,10725,3,Proposal,Best Case,2024-12-30,open,,
4996,1720,7488,6,2024-12-30,58552,1,Discovery,Omit,2024-12-30,open,,
4997,3163,7491,23,2024-12-30,24129,1,Discovery,Commit,2024-12-30,open,,
5001,2161,7500,15,2024-12-30,22132,5,Closed,Best Case,2024-10-04,lost,2025-01-17,no_decision
5002,2161,7498,15,2024-12-30,17132,5,Closed,Commit,2024-10-06,lost,2025-04-19,timing
5003,2161,7498,15,2024-12-30,18299,5,Closed,Best Case,2020-01-01,won,2025-03-20,
5014,2522,7517,35,2024-12-30,32582,5,Closed,Best Case,2024-12-30,won,2025-02-17,
5015,2522,,35,2024-12-30,92442,5,Closed,Omit,2024-12-30,won,2025-01-24,
5033,3600,7545,25,2024-12-30,20198,2,Demo,Omit,2024-12-04,open,,
5034,3600,7545,25,2024-12-30,21962,5,Closed,Best Case,2024-12-30,lost,2025-03-28,timing
5035,3600,7545,25,2024-12-30,11739,2,Demo,Best Case,2024-10-01,open,,
5048,641,7580,37,2024-12-30,50593,5,Closed,Commit,2020-01-01,lost,2025-04-09,feature_gap
5049,641,7579,37,2024-12-30,50340,5,Closed,Omit,2024-10-09,won,2025-04-11,
5057,3671,7592,31,2024-12-30,73480,5,Closed,Commit,2024-12-30,won,2025-04-24,
5060,712,7598,40,2024-12-30,14486,5,Closed,Omit,2024-12-13,won,2025-02-13,
5062,477,7604,46,2024-12-30,14897,5,Closed,Commit,2024-12-30,won,2025-04-15,
5063,477,7605,46,2024-12-30,15932,1,Discovery,Best Case,2024-12-30,open,,
5066,3536,7609,18,2024-11-28,23013,5,Closed,Commit,2020-01-01,won,2025-03-05,
5067,3536,7609,18,2024-11-24,16998,5,Closed,Commit,2024-12-30,lost,2025-03-11,no_decision
5068,3536,7609,18,2024-11-28,6908,2,Demo,Omit,2020-01-01,open,,
5069,3536,7609,18,2024-11-24,19666,5,Closed,Best Case,2024-12-30,won,2025-02-01,
5070,3084,7612,7,2024-12-30,18501,5,Closed,Best Case,2024-12-30,won,2025-03-02,
5074,1100,7619,19,2024-12-30,24207,5,Closed,Commit,2024-11-05,won,2025-03-31,
5077,1337,7626,27,2024-12-30,24998,5,Closed,Best Case,2024-12-30,won,2025-04-06,
5078,1337,7625,27,2024-12-30,21378,2,Demo,Best Case,2020-01-01,open,,
5079,2015,7627,46,2024-12-30,16397,2,Demo,Best Case,2024-12-25,open,,
5080,2015,7627,46,2024-12-30,7813,4,Negotiation,Commit,2024-12-30,open,,
5085,1802,7637,45,2024-11-08,72024,5,Closed,Commit,2020-01-01,lost,2025-02-21,feature_gap
5086,1802,7636,45,2024-11-06,72751,5,Closed,Commit,2020-01-01,won,2024-11-23,
5087,1802,7636,45,2024-11-04,57599,2,Demo,Omit,2024-10-20,open,,
5088,1802,7637,45,2024-11-07,62722,5,Closed,Commit,2024-12-30,won,2025-02-26,
5099,2353,7654,15,2024-12-30,19712,4,Negotiation,Commit,2024-12-30,open,,
5109,3449,7665,35,2024-12-30,201107,5,Closed,Omit,2024-12-30,won,2025-01-06,
5110,3449,7666,35,2024-12-30,468261,5,Closed,Best Case,2024-12-30,lost,2025-01-04,no_decision
5111,3449,7665,35,2024-12-30,271524,5,Closed,Best Case,2024-12-30,lost,2025-04-07,feature_gap
5112,2899,7668,35,2024-12-30,205120,3,Proposal,Commit,2024-12-30,open,,
5113,2899,7668,35,2024-12-30,377419,5,Closed,Omit,2024-10-28,won,2025-02-02,
5114,2899,7668,35,2024-12-30,300245,2,Demo,Omit,2024-12-08,open,,
5115,2899,7668,35,2024-12-30,401207,5,Closed,Commit,2024-12-30,won,2025-04-22,
5116,2899,7668,35,2024-12-30,141306,5,Closed,Best Case,2024-12-30,lost,2025-03-12,feature_gap
5117,2899,7668,35,2024-12-30,452694,1,Discovery,Omit,2024-11-14,open,,
5118,763,7669,13,2024-12-30,8942,5,Closed,Omit,2024-11-05,won,2025-03-14,
5119,763,7670,13,2024-12-30,8068,5,Closed,Commit,2024-12-30,won,2025-03-11,
5120,763,7670,13,2024-12-30,18605,5,Closed,Omit,2024-12-30,won,2025-01-11,
5122,3704,7677,49,2024-12-30,45381,2,Demo,Commit,2024-12-30,open,,
5123,1117,7681,50,2024-12-30,12205,2,Demo,Best Case,2024-12-30,open,,
5126,1853,7687,48,2024-12-30,92269,5,Closed,Best Case,2024-11-27,won,2025-04-16,
5127,1853,7687,48,2024-12-30,27713,5,Closed,Omit,2024-12-30,won,2025-03-19,
5128,237,7692,44,2024-12-30,13174,5,Closed,Commit,2024-12-30,won,2025-01-27,
5129,237,7690,44,2024-12-30,12002,4,Negotiation,Omit,2024-11-01,open,,
5131,1976,7696,37,2024-12-30,24411,5,Closed,Omit,2024-12-27,won,2025-02-11,
5132,1976,7697,37,2024-12-30,16290,5,Closed,Commit,2024-12-30,won,2025-01-08,
5133,1976,7696,37,2024-12-30,19703,5,Closed,Commit,2024-12-04,won,2025-03-21,
5134,1976,7697,37,2024-12-30,21728,5,Closed,Omit,2024-12-30,won,2025-01-19,
5135,1976,7697,37,2024-12-30,13457,5,Closed,Omit,2024-12-30,won,2025-04-09,
5136,1021,7699,2,2024-12-30,14302,5,Closed,Omit,2024-11-21,lost,2025-01-27,no_decision
5137,1021,7699,2,2024-12-30,14861,5,Closed,Commit,2024-12-30,won,2025-02-07,
5138,764,7701,13,2024-12-24,97274,5,Closed,Commit,2024-12-30,won,2025-02-12,
5139,764,7700,13,2024-12-17,70840,5,Closed,Best Case,2020-01-01,won,2025-03-20,
5140,764,7701,13,2024-12-25,30938,5,Closed,Best Case,2024-12-30,won,2025-02-07,
5142,2634,7707,25,2024-10-28,55899,5,Closed,Commit,2024-12-30,won,2025-01-02,
5147,3488,7719,27,2024-10-14,29912,2,Demo,Omit,2024-10-23,open,,
5148,3488,7719,27,2024-10-06,96148,3,Proposal,Best Case,2024-10-08,open,,
5159,3389,7733,26,2024-12-17,16446,5,Closed,Commit,2024-12-30,won,2025-03-24,
5163,430,7742,5,2024-12-30,200367,5,Closed,Omit,2024-11-19,won,2025-04-16,
5173,92,7751,21,2024-10-12,5254,5,Closed,Commit,2024-12-30,won,2025-01-29,
5177,3923,7765,3,2024-12-30,20566,5,Closed,Commit,2024-12-30,won,2025-02-01,
5184,2166,7775,21,2024-12-30,56673,5,Closed,Best Case,2024-12-30,won,2025-01-09,
5185,2166,7776,21,2024-12-30,55521,1,Discovery,Best Case,2024-12-30,open,,
5186,1695,7790,42,2024-12-30,20972,5,Closed,Omit,2024-12-30,won,2025-02-15,
5187,1960,7791,2,2024-12-30,62288,5,Closed,Best Case,2024-12-30,lost,2025-04-03,feature_gap
5188,1960,7791,2,2024-12-30,39000,5,Closed,Best Case,2024-12-30,won,2025-01-19,
5190,256,7794,8,2024-12-30,15232,5,Closed,Best Case,2024-12-30,won,2025-04-09,
5191,256,7794,8,2024-12-30,20321,5,Closed,Best Case,2024-11-07,won,2025-02-17,
5194,2443,7799,37,2024-12-30,23636,5,Closed,Commit,2024-10-23,won,2025-02-03,
5195,2443,7798,37,2024-12-30,16219,1,Discovery,Commit,2020-01-01,open,,
5196,1786,7805,9,2024-12-30,50763,2,Demo,Best Case,2024-12-30,open,,
5197,1786,7805,9,2024-12-30,90345,5,Closed,Commit,2024-12-30,won,2025-02-15,
5213,587,7825,8,2024-12-30,92318,5,Closed,Commit,2024-12-22,won,2025-01-06,
5214,587,,8,2024-12-30,57201,5,Closed,Omit,2020-01-01,won,2025-03-21,
5215,1195,7827,7,2024-12-30,95607,4,Negotiation,Omit,2024-12-30,open,,
5216,1195,7827,7,2024-12-30,60247,5,Closed,Omit,2024-12-30,lost,2025-02-03,timing
5217,1195,7827,7,2024-12-30,99240,5,Closed,Omit,2024-12-30,won,2025-01-07,
5220,617,7831,1,2024-12-09,81171,5,Closed,Omit,2024-10-24,lost,2025-01-02,timing
5221,617,7831,1,2024-12-15,57328,5,Closed,Best Case,2024-10-26,won,2025-04-13,
5224,552,7837,5,2024-12-30,23603,5,Closed,Commit,2024-12-30,won,2025-02-17,
5226,525,7841,26,2024-12-30,15039,5,Closed,Omit,2024-12-30,won,2025-01-26,
5227,525,7842,26,2024-12-30,9562,5,Closed,Best Case,2024-10-13,won,2025-01-08,
5229,732,7845,12,2024-12-30,8609,5,Closed,Omit,2024-12-30,won,2025-03-12,
5240,1331,7867,46,2024-12-30,5449,3,Proposal,Best Case,2024-12-30,open,,
5241,3328,7868,26,2024-12-30,8188,5,Closed,Omit,2024-12-30,won,2025-02-26,
5242,3328,7868,26,2024-12-30,14862,5,Closed,Best Case,2024-12-30,won,2025-02-24,
5244,3557,7875,1,2024-12-13,98409,5,Closed,Omit,2024-12-30,won,2025-02-15,
5245,3557,7874,1,2024-12-16,36661,2,Demo,Omit,2024-12-09,open,,
5246,3557,7875,1,2024-12-15,84705,2,Demo,Best Case,2024-10-15,open,,
5247,2045,7877,5,2024-12-07,18560,5,Closed,Commit,2024-12-30,won,2025-03-03,
5248,723,7881,24,2024-12-30,14251,3,Proposal,Omit,2024-12-30,open,,
5249,1629,7884,22,2024-12-30,7932,5,Closed,Commit,2024-12-30,lost,2025-04-10,no_decision
5250,1629,7884,22,2024-12-30,17073,5,Closed,Best Case,2024-12-30,won,2025-01-11,
5251,86,7886,50,2024-12-30,16665,0,Qualification,Best Case,2020-01-01,open,,
5252,3844,7891,26,2024-12-30,10024,5,Closed,Commit,2024-12-30,won,2025-04-06,
5270,335,7927,20,2024-12-30,9235,5,Closed,Best Case,2024-12-30,lost,2025-01-08,feature_gap
5290,3406,7956,21,2024-12-30,15800,5,Closed,Commit,2024-12-30,won,2025-02-20,
5291,3406,7956,21,2024-12-30,20593,0,Qualification,Omit,2024-12-26,open,,
5292,3406,7957,21,2024-12-30,11731,2,Demo,Omit,2024-12-30,open,,
5302,2000,7972,27,2024-12-10,23714,5,Closed,Best Case,2024-12-30,won,2025-01-20,
5303,2000,7973,27,2024-12-11,19262,5,Closed,Omit,2024-12-30,lost,2025-01-29,timing
5311,2626,7990,40,2024-12-30,18895,5,Closed,Best Case,2024-10-13,won,2025-04-17,
5312,2626,7990,40,2024-12-30,7959,5,Closed,Commit,2024-12-30,won,2025-01-29,
5332,1670,8009,24,2024-12-30,24102,5,Closed,Commit,2024-10-10,won,2025-02-22,
5333,1670,8009,24,2024-12-30,18867,2,Demo,Omit,2024-12-30,open,,
5334,1670,8009,24,2024-12-30,13011,5,Closed,Best Case,2024-12-26,won,2025-04-21,
5335,1670,8009,24,2024-12-30,24288,5,Closed,Commit,2024-12-30,won,2025-04-26,
5336,3776,8011,22,2024-12-30,5193,2,Demo,Best Case,2024-12-30,open,,
5344,401,8030,2,2024-12-30,16226,3,Proposal,Commit,2024-12-30,open,,
5345,401,8030,2,2024-12-30,21046,5,Closed,Omit,2020-01-01,won,2025-04-27,
5346,2138,8033,2,2024-12-30,5549,3,Proposal,Commit,2024-12-30,open,,
5366,3204,5480,10,2024-12-30,32867,5,Closed,Commit,2020-01-01,won,2025-01-09,
5367,3204,8068,10,2024-12-30,91705,5,Closed,Commit,2024-12-30,won,2025-02-12,
5368,2812,8070,40,2024-12-30,15060,5,Closed,Best Case,2024-12-30,won,2025-04-19,
5369,2773,8073,8,2024-12-30,89130,0,Qualification,Commit,2024-12-30,open,,
5374,266,8086,7,2024-12-30,19114,1,Discovery,Omit,2024-12-08,open,,
5375,266,8086,7,2024-12-30,16249,5,Closed,Best Case,2024-12-30,won,2025-01-13,
5379,661,737,6,2024-10-24,24531,5,Closed,Commit,2024-12-30,won,2024-11-04,
5384,1332,5696,13,2024-10-28,13245,5,Closed,Commit,2024-12-30,lost,2025-01-23,no_budget
5389,266,8086,7,2024-12-19,13876,5,Closed,Commit,2020-01-01,won,2025-04-15,
5413,2946,2399,23,2024-10-30,43820,1,Discovery,Commit,2024-12-19,open,,
5425,2652,6854,42,2024-11-06,53944,5,Closed,Commit,2024-12-30,won,2025-02-28,
5428,815,3896,38,2024-11-10,6410,5,Closed,Omit,2020-01-01,won,2024-12-12,
5437,2109,4025,44,2024-12-04,73294,5,Closed,Best Case,2024-12-30,won,2025-03-06,
5439,883,7096,39,2024-12-26,5426,5,Closed,Omit,2024-12-30,won,2025-02-16,
5440,3785,2839,27,2024-10-10,46656,1,Discovery,Commit,2024-12-30,open,,
5444,3794,4631,46,2024-12-07,10441,5,Closed,Commit,2024-11-01,won,2025-03-24,
5445,547,8016,30,2024-10-19,6287,5,Closed,Best Case,2024-12-30,won,2024-12-07,
5454,1719,4705,3,2024-10-16,10665,5,Closed,Best Case,2024-12-30,won,2024-12-19,
5462,1382,1016,34,2024-10-05,12669,5,Closed,Omit,2024-10-25,lost,2025-01-29,timing
5470,2544,448,42,2024-12-30,20595,5,Closed,Best Case,2024-12-30,won,2025-01-25,
5473,3482,5670,36,2024-11-22,378486,5,Closed,Best Case,2024-12-30,lost,2025-02-12,timing
5475,2128,6253,27,2024-10-01,21017,5,Closed,Omit,2024-12-11,won,2024-11-06,
5477,3410,1814,38,2024-12-06,86139,5,Closed,Best Case,2024-11-15,won,2025-01-01,
5513,496,3455,47,2024-10-09,12870,5,Closed,Commit,2024-12-30,won,2025-01-22,
5526,2139,7363,18,2024-11-03,31294,5,Closed,Omit,2020-01-01,lost,2024-11-30,no_budget
5537,3047,7144,7,2024-10-09,20311,5,Closed,Omit,2024-12-30,lost,2024-11-09,feature_gap
5538,1909,374,46,2024-10-22,17846,2,Demo,Omit,2024-12-30,open,,
5553,1937,879,37,2024-12-06,18231,4,Negotiation,Omit,2024-12-30,open,,
5554,437,7702,9,2024-10-15,21725,5,Closed,Omit,2024-12-30,won,2024-12-17,
5555,1633,7508,25,2024-11-30,15268,5,Closed,Omit,2024-12-22,won,2025-03-19,
5559,3987,6518,32,2024-11-20,23856,5,Closed,Commit,2024-12-30,won,2025-01-12,
5562,3304,4916,3,2024-10-17,10746,5,Closed,Best Case,2020-01-01,lost,2025-02-02,timing
5582,1367,7436,14,2024-10-28,84069,3,Proposal,Best Case,2024-12-30,open,,
5586,396,2925,17,2024-11-15,39432,5,Closed,Best Case,2024-12-30,won,2024-12-04,
5589,1500,5608,37,2024-10-07,16389,5,Closed,Omit,2024-12-20,lost,2025-02-03,feature_gap
5599,3411,5271,36,2024-11-23,15031,3,Proposal,Omit,2024-12-30,open,,
5600,379,2667,34,2024-10-28,24488,5,Closed,Commit,2024-12-30,won,2025-01-21,
5602,2152,5620,15,2024-11-17,11054,5,Closed,Best Case,2024-10-28,lost,2025-02-13,feature_gap
5618,1295,7736,4,2024-11-01,22512,3,Proposal,Omit,2024-12-30,open,,
5643,1641,388,7,2024-10-08,59874,4,Negotiation,Best Case,2024-12-30,open,,
5647,810,5440,30,2024-12-21,5739,2,Demo,Commit,2024-12-30,open,,
5672,2667,5656,37,2024-10-21,70306,5,Closed,Omit,2020-01-01,won,2025-02-12,
5701,3051,6345,4,2024-11-13,12531,1,Discovery,Commit,2024-12-30,open,,
5706,2684,727,22,2024-10-02,86789,3,Proposal,Best Case,2024-10-30,open,,
5708,3446,5800,19,2024-10-06,11681,5,Closed,Commit,2024-12-30,lost,2024-11-14,no_decision
5711,2298,3516,39,2024-12-09,10785,5,Closed,Best Case,2020-01-01,lost,2024-12-16,feature_gap
5727,3540,428,6,2024-11-24,5704,5,Closed,Best Case,2024-12-30,won,2025-02-28,
5728,2095,7663,5,2024-11-07,19193,1,Discovery,Omit,2024-10-23,open,,
5734,1252,5266,21,2024-11-16,59563,5,Closed,Omit,2024-12-30,lost,2025-01-31,timing
5742,2734,4678,9,2024-12-28,17253,1,Discovery,Commit,2024-12-30,open,,
5762,2431,4911,45,2024-12-05,5170,5,Closed,Omit,2024-12-08,won,2025-03-16,
5765,2649,6022,48,2024-12-07,19449,5,Closed,Best Case,2024-12-30,won,2024-12-29,
5778,627,4033,17,2024-10-31,64038,5,Closed,Best Case,2024-12-30,won,2024-12-27,
5792,247,4858,48,2024-10-06,10256,5,Closed,Best Case,2024-10-06,won,2025-02-01,
5794,2856,1676,26,2024-10-11,17709,5,Closed,Commit,2024-10-12,won,2024-11-30,
5808,1707,7643,12,2024-10-08,45234,5,Closed,Best Case,2024-12-30,won,2024-11-28,
5818,2136,3113,10,2024-12-02,12375,5,Closed,Best Case,2024-12-26,won,2025-03-15,
5828,3106,5922,3,2024-11-28,11289,5,Closed,Best Case,2024-10-13,won,2025-03-22,
5837,2241,465,14,2024-10-01,17711,4,Negotiation,Best Case,2020-01-01,open,,
5842,13,2184,26,2024-11-11,6988,5,Closed,Omit,2024-12-30,won,2024-11-23,
5851,590,7603,7,2024-10-10,26908,2,Demo,Commit,2024-12-30,open,,
5859,149,6799,17,2024-10-23,72864,5,Closed,Omit,2024-12-30,won,2024-12-14,
5873,1555,589,47,2024-11-13,13850,5,Closed,Best Case,2024-10-15,won,2025-01-23,
5888,520,2745,18,2024-10-16,401903,3,Proposal,Best Case,2020-01-01,open,,
5907,1989,4436,12,2024-10-03,21877,1,Discovery,Commit,2024-11-01,open,,
5923,1702,2831,26,2024-11-13,86917,5,Closed,Omit,2024-11-14,lost,2025-01-01,no_budget
5926,2228,6863,37,2024-10-29,5978,0,Qualification,Best Case,2024-12-05,open,,
5930,932,6936,38,2024-10-15,11574,5,Closed,Commit,2024-12-04,won,2025-02-06,
5932,3445,482,12,2024-10-18,8819,5,Closed,Omit,2024-12-30,won,2024-11-30,
5946,994,7952,25,2024-10-17,33240,5,Closed,Best Case,2024-12-30,won,2024-11-07,
5948,3037,3285,24,2024-11-16,40656,5,Closed,Omit,2024-12-30,won,2025-03-12,
5955,237,7692,44,2024-12-26,13174,5,Closed,Commit,2020-01-01,won,2025-03-10,
5956,1747,680,17,2024-11-19,5021,2,Demo,Best Case,2024-12-30,open,,
5969,1925,3059,16,2024-12-28,55324,5,Closed,Omit,2024-12-30,won,2025-03-27,
5971,512,6261,43,2024-11-01,5038,5,Closed,Omit,2024-12-28,lost,2024-11-10,feature_gap
5973,823,184,39,2024-11-11,16619,5,Closed,Commit,2024-12-30,won,2025-02-06,
5978,3945,4906,14,2024-11-06,34517,1,Discovery,Omit,2024-12-30,open,,
5979,1816,3812,31,2024-11-19,11543,5,Closed,Commit,2024-12-30,won,2025-03-08,
5993,353,7934,21,2024-11-02,377459,2,Demo,Omit,2024-12-25,open,,
5995,2788,6262,9,2024-12-29,21162,0,Qualification,Omit,2024-10-29,open,,
