subscription_id,customer_id,plan,start_date,end_date,monthly_value
1,1,starter,2024-10-15,2025-10-15,530.31
2,1,growth,2024-10-15,2025-10-15,2572.54
3,1,growth,2024-10-15,2025-10-15,2112.83
4,2,starter,2024-05-22,,578.7
9,3,starter,2025-03-14,,501.83
10,4,growth,2024-10-20,2025-10-20,2503.97
11,4,starter,2024-10-20,,547.23
12,4,enterprise,2024-10-20,2025-10-20,13219.69
13,5,starter,2024-01-22,,556.13
14,6,starter,2023-08-11,,518.82
15,6,growth,2023-08-11,2024-08-10,2244.41
17,7,starter,2023-07-06,2024-07-05,432.19
18,7,starter,2023-07-06,2024-07-05,429.34
20,8,starter,2025-03-26,,494.09
22,9,starter,2023-07-31,,448.44
23,9,starter,2023-07-31,,525.28
24,9,growth,2023-07-31,2024-07-30,2574.61
27,11,enterprise,2023-11-02,,10161.36
28,11,growth,2023-11-02,2024-11-01,2927.25
29,12,enterprise,2023-03-29,2024-03-28,14118.96
30,12,growth,2023-03-29,,2383.45
31,13,growth,2024-12-17,,2647.37
32,14,starter,2023-12-26,,448.33
33,14,growth,2023-12-26,,2356.62
34,14,growth,2023-12-26,,2795.51
35,15,starter,2023-10-28,2024-10-27,432.5
36,15,starter,2023-10-28,,593.34
39,16,enterprise,2023-11-04,,13740.44
40,17,starter,2025-02-15,,530.66
41,18,enterprise,2023-03-27,2024-03-26,12183.95
43,20,growth,2024-03-22,,2410.18
44,21,starter,2025-04-22,,496.44
45,21,starter,2025-04-22,,424.28
46,21,growth,2025-04-22,2026-04-22,2799.13
49,24,starter,2025-02-03,,402.95
50,24,growth,2025-02-03,,2148.64
51,24,enterprise,2025-02-03,,13430.94
54,25,starter,2023-09-14,2024-09-13,564.82
58,27,starter,2025-01-04,,423.5
60,28,enterprise,2025-01-07,,11216.06
66,31,starter,2024-10-14,,475.04
67,32,starter,2023-12-22,2024-12-21,447.56
68,32,starter,2023-12-22,,484.57
69,32,starter,2023-12-22,,490.01
70,33,growth,2023-02-12,2024-02-12,2344.46
71,33,starter,2023-02-12,,554.91
73,35,starter,2023-09-16,,495.3
75,36,starter,2024-11-04,2025-11-04,421.88
76,36,growth,2024-11-04,,2729.41
78,37,growth,2025-04-09,,2043.52
80,38,enterprise,2025-04-16,,10518.1
81,38,starter,2025-04-16,,462.48
83,39,starter,2024-03-12,,593.32
84,39,growth,2024-03-12,,2757.38
86,40,growth,2023-08-06,,2961.44
87,41,growth,2025-02-07,,2369.93
88,41,starter,2025-02-07,2026-02-07,504.38
89,42,starter,2025-04-26,2026-04-26,541.47
91,42,growth,2025-04-26,,2373.35
93,43,starter,2023-10-29,,452.28
94,44,starter,2024-04-10,,581.23
96,45,starter,2023-02-26,2024-02-26,476.78
97,45,growth,2023-02-26,,2832.43
98,46,starter,2025-01-13,,505.97
99,46,growth,2025-01-13,2026-01-13,2607.39
100,47,enterprise,2025-01-31,,13005.31
103,48,starter,2023-10-30,,506.61
105,48,growth,2023-10-30,,2241.3
106,49,growth,2023-03-24,,2432.62
107,49,starter,2023-03-24,2024-03-23,548.61
109,50,growth,2023-11-30,,2196.53
110,51,starter,2024-11-06,,513.13
111,51,growth,2024-11-06,,2867.35
112,51,growth,2024-11-06,2025-11-06,2529.98
116,53,growth,2024-03-11,,2665.61
119,54,enterprise,2023-11-01,2024-10-31,12824.56
121,55,enterprise,2024-12-02,,14303.81
124,57,growth,2024-11-06,,2022.63
126,57,starter,2024-11-06,,497.78
127,58,growth,2024-06-01,,2437.05
128,58,starter,2024-06-01,,597.74
129,59,starter,2023-08-20,,470.22
130,59,enterprise,2023-08-20,,9695.22
131,60,growth,2025-01-11,2026-01-11,2722.76
132,60,starter,2025-01-11,,547.35
133,60,starter,2025-01-11,,480.22
135,61,growth,2024-10-22,,2516.28
136,62,growth,2025-03-30,,2199.01
137,63,starter,2023-04-06,,409.68
138,63,starter,2023-04-06,,497.27
139,64,enterprise,2023-09-30,2024-09-29,10693.05
141,65,growth,2023-12-13,,2987.71
142,65,growth,2023-12-13,,2025.73
143,66,growth,2023-03-30,2024-03-29,2018.85
144,66,starter,2023-03-30,,516.66
145,67,growth,2024-06-14,,2976.23
147,67,enterprise,2024-06-14,,10478.49
153,70,growth,2025-02-17,,2468.5
154,70,enterprise,2025-02-17,2026-02-17,11073.15
156,71,starter,2024-02-03,,549.76
160,72,starter,2025-03-01,,523.14
161,73,growth,2023-11-03,,2508.64
162,73,starter,2023-11-03,2024-11-02,444.39
163,73,growth,2023-11-03,,2910.99
164,74,starter,2024-11-05,,522.67
166,75,growth,2023-02-19,,2831.85
167,75,starter,2023-02-19,,482.36
168,76,starter,2025-03-09,,566.09
169,76,growth,2025-03-09,,2868.6
170,76,starter,2025-03-09,,560.18
171,77,enterprise,2024-11-12,,9741.81
173,78,starter,2023-09-03,,459.24
175,79,starter,2023-11-05,,584.9
177,79,starter,2023-11-05,,517.55
178,80,enterprise,2024-10-28,,10428.01
179,80,enterprise,2024-10-28,2025-10-28,11258.66
180,81,enterprise,2024-01-02,2025-01-01,13618.35
181,81,starter,2024-01-02,,524.24
182,81,growth,2024-01-02,2025-01-01,2689.65
183,82,growth,2023-05-25,,2396.27
184,82,growth,2023-05-25,,2464.65
185,82,growth,2023-05-25,,2558.86
188,84,enterprise,2023-04-15,,12944.92
189,85,starter,2023-06-11,,579.11
190,85,starter,2023-06-11,,592.7
192,86,starter,2023-11-27,,498.63
193,86,starter,2023-11-27,,486.55
194,87,starter,2025-01-28,2026-01-28,557.81
196,88,starter,2025-02-10,,441.04
197,88,starter,2025-02-10,,421.81
198,89,starter,2023-07-08,2024-07-07,517.12
200,89,starter,2023-07-08,,473.82
201,90,starter,2024-08-29,,566.97
203,91,growth,2023-08-18,2024-08-17,2051.76
204,92,growth,2024-11-23,,2465.83
206,92,starter,2024-11-23,,562.07
207,93,starter,2023-10-10,2024-10-09,594.24
209,94,starter,2025-02-03,2026-02-03,480.43
210,95,starter,2024-09-29,,571.41
211,95,starter,2024-09-29,2025-09-29,564.62
213,96,growth,2023-03-17,,2590.2
214,96,growth,2023-03-17,,2175.03
215,97,growth,2025-03-05,,2855.53
216,97,enterprise,2025-03-05,,14296.37
217,97,enterprise,2025-03-05,,13835.64
219,99,enterprise,2023-07-26,,14012.65
222,100,starter,2024-01-14,2025-01-13,458.3
223,100,starter,2024-01-14,,559.1
228,102,starter,2024-06-06,,460.64
230,102,starter,2024-06-06,2025-06-06,484.96
232,104,enterprise,2025-04-12,,13272.15
233,104,starter,2025-04-12,,491.78
234,105,growth,2024-06-04,2025-06-04,2306.85
236,106,starter,2024-10-20,,567.04
237,107,starter,2024-10-09,,534.01
239,107,starter,2024-10-09,,542.75
240,108,growth,2024-04-06,,2572.89
242,108,starter,2024-04-06,,447.23
243,109,starter,2024-01-16,,529.91
245,109,starter,2024-01-16,,484.54
246,110,starter,2024-06-20,,432.36
247,111,starter,2024-07-23,,524.22
248,112,starter,2023-05-06,,588.93
250,113,starter,2023-04-22,,495.48
251,113,starter,2023-04-22,,472.55
255,115,growth,2025-02-18,,2702.31
257,115,growth,2025-02-18,,2358.89
258,116,enterprise,2025-02-01,,13134.15
259,116,starter,2025-02-01,,575.53
260,116,growth,2025-02-01,,2933.07
261,117,growth,2024-08-16,2025-08-16,2616.45
262,118,growth,2025-01-05,,2203.5
263,118,growth,2025-01-05,,2905.78
264,118,growth,2025-01-05,,2544.8
265,119,enterprise,2024-06-25,2025-06-25,13873.13
266,119,growth,2024-06-25,,2169.97
267,120,starter,2025-01-03,,478.85
269,121,growth,2024-08-26,2025-08-26,2967.82
270,122,enterprise,2025-04-18,,11203.84
271,122,starter,2025-04-18,2026-04-18,460.11
272,122,growth,2025-04-18,,2048.54
275,124,starter,2023-03-06,,558.73
276,125,starter,2023-05-01,2024-04-30,438.52
277,126,enterprise,2025-03-18,,14165.48
279,127,growth,2023-07-30,,2926.63
280,127,growth,2023-07-30,,2931.9
281,127,growth,2023-07-30,,2154.47
283,128,growth,2023-02-21,,2109.31
284,128,starter,2023-02-21,,517.11
285,129,enterprise,2024-05-08,,10131.25
286,129,growth,2024-05-08,,2784.35
287,130,starter,2025-01-24,,511.23
288,131,starter,2024-02-06,,428.28
289,131,starter,2024-02-06,2025-02-05,591.97
291,132,growth,2023-06-16,,2480.37
292,132,starter,2023-06-16,,435.66
295,134,growth,2024-08-04,2025-08-04,2210.71
296,134,enterprise,2024-08-04,,13824.11
297,135,growth,2024-05-18,2025-05-18,2989.92
298,135,starter,2024-05-18,2025-05-18,442.94
299,136,growth,2024-02-12,,2149.02
300,136,growth,2024-02-12,2025-02-11,2879.82
301,137,starter,2025-01-16,,554.71
302,137,growth,2025-01-16,,2608.82
303,137,enterprise,2025-01-16,2026-01-16,14318.71
304,138,growth,2024-02-06,2025-02-05,2468.92
305,138,enterprise,2024-02-06,2025-02-05,14199.43
306,139,starter,2024-06-24,,522.59
307,139,growth,2024-06-24,,2226.07
309,140,growth,2025-04-03,2026-04-03,2334.22
310,140,starter,2025-04-03,2026-04-03,408.61
311,141,growth,2025-04-06,2026-04-06,2679.65
313,141,starter,2025-04-06,,461.98
314,142,starter,2025-02-04,,580.09
315,143,starter,2023-06-23,2024-06-22,414.57
317,143,growth,2023-06-23,,2391.11
318,144,growth,2025-02-04,,2718.48
320,144,starter,2025-02-04,2026-02-04,412.73
323,146,starter,2023-01-07,,466.43
324,146,starter,2023-01-07,,472.53
325,146,growth,2023-01-07,,2662.81
326,147,enterprise,2025-03-16,,14249.29
328,147,starter,2025-03-16,2026-03-16,448.28
330,149,growth,2023-08-09,2024-08-08,2904.11
331,150,enterprise,2025-02-10,,11216.17
332,150,growth,2025-02-10,,2907.77
334,151,growth,2023-03-06,2024-03-05,2598.32
336,153,starter,2023-06-25,,425.5
337,154,starter,2023-08-17,,544.6
338,154,starter,2023-08-17,,453.55
339,155,starter,2024-08-30,,481.73
344,157,enterprise,2023-10-07,,13982.5
345,158,starter,2024-09-25,,575.66
346,158,starter,2024-09-25,,590.39
347,159,starter,2024-06-16,,503.05
348,160,growth,2025-01-31,,2857.56
350,160,enterprise,2025-01-31,2026-01-31,10035.1
352,162,growth,2024-01-08,,2703.55
353,162,starter,2024-01-08,,573.07
357,165,starter,2023-08-30,,524.23
358,166,enterprise,2025-01-13,,13844.21
359,166,enterprise,2025-01-13,,12728.71
361,167,growth,2023-11-28,2024-11-27,2500.05
362,167,enterprise,2023-11-28,2024-11-27,13718.23
363,168,growth,2025-04-04,2026-04-04,2462.6
365,169,growth,2023-02-06,,2139.64
368,171,enterprise,2023-04-01,,10815.81
370,172,growth,2024-03-30,,2734.43
371,172,growth,2024-03-30,2025-03-30,2321.07
372,172,enterprise,2024-03-30,2025-03-30,14018.54
373,173,growth,2023-10-05,,2034.08
374,173,growth,2023-10-05,,2307.15
375,174,starter,2024-04-22,2025-04-22,451.53
377,174,starter,2024-04-22,,513.82
378,175,starter,2024-09-19,,431.24
379,175,enterprise,2024-09-19,,10663.52
380,176,starter,2025-03-09,,528.02
381,176,enterprise,2025-03-09,,10289.42
382,176,growth,2025-03-09,,2091.81
384,177,enterprise,2024-06-12,,9840.63
385,177,starter,2024-06-12,,415.51
386,178,growth,2024-05-28,2025-05-28,2203.7
389,179,growth,2023-05-04,,2704.21
391,180,starter,2024-08-06,,513.88
392,180,starter,2024-08-06,,506.64
393,181,growth,2023-01-12,,2527.91
394,182,starter,2023-02-17,,597.85
395,183,starter,2024-09-08,,460.33
396,183,growth,2024-09-08,,2043.94
397,183,starter,2024-09-08,,433.72
398,184,growth,2024-04-13,2025-04-13,2384.89
399,184,starter,2024-04-13,2025-04-13,411.64
400,185,enterprise,2023-11-06,,12527.01
402,185,starter,2023-11-06,2024-11-05,484.87
403,186,growth,2025-03-22,2026-03-22,2240.13
406,187,growth,2024-02-09,,2926.06
407,188,starter,2023-07-12,,455.13
408,189,starter,2024-05-08,,417.61
409,189,growth,2024-05-08,,2315.18
411,190,enterprise,2023-09-11,,12843.25
412,190,starter,2023-09-11,,499.25
415,192,growth,2024-12-20,2025-12-20,2650.3
417,193,starter,2024-08-12,,525.95
418,193,enterprise,2024-08-12,2025-08-12,9756.19
419,194,starter,2025-02-22,2026-02-22,413.15
420,195,starter,2023-07-09,2024-07-08,448.17
422,195,starter,2023-07-09,2024-07-08,436.48
423,196,growth,2025-03-08,,2053.28
424,197,starter,2025-03-12,,581.27
425,197,starter,2025-03-12,,428.27
426,197,starter,2025-03-12,,551.99
427,198,starter,2025-01-09,2026-01-09,457.4
429,198,growth,2025-01-09,,2827.36
431,199,growth,2025-03-06,,2430.59
432,200,starter,2025-03-11,,560.59
434,201,starter,2024-08-08,,558.67
436,202,starter,2024-03-05,,478.12
438,202,starter,2024-03-05,,551.79
439,203,growth,2024-02-10,2025-02-09,2657.24
441,203,growth,2024-02-10,,2728.31
442,204,starter,2024-01-04,,595.81
443,204,starter,2024-01-04,,574.65
444,205,starter,2023-12-12,,509.9
445,205,starter,2023-12-12,2024-12-11,518.71
446,206,growth,2025-03-12,2026-03-12,2931.03
448,206,starter,2025-03-12,,493.61
449,207,starter,2025-03-03,2026-03-03,462.32
450,207,enterprise,2025-03-03,,10285.06
451,207,growth,2025-03-03,,2766.91
452,208,starter,2023-04-11,,474.48
453,208,starter,2023-04-11,2024-04-10,569.86
454,209,growth,2024-10-15,,2377.02
455,209,growth,2024-10-15,,2056.01
456,209,enterprise,2024-10-15,,12874.24
457,210,growth,2024-03-12,2025-03-12,2480.67
458,210,growth,2024-03-12,,2735.65
459,210,starter,2024-03-12,2025-03-12,522.32
460,211,starter,2023-08-08,,545.84
461,211,starter,2023-08-08,,496.31
462,211,growth,2023-08-08,,2634.66
465,214,starter,2023-11-20,,511.32
466,214,starter,2023-11-20,,563.94
467,215,growth,2023-08-16,,2873.27
468,215,growth,2023-08-16,,2804.19
469,215,growth,2023-08-16,,2972.8
470,216,starter,2023-04-29,,527.81
471,216,growth,2023-04-29,,2521.68
472,216,growth,2023-04-29,2024-04-28,2918.81
473,217,growth,2024-10-23,2025-10-23,2826.52
474,218,growth,2024-03-24,,2082.12
475,218,starter,2024-03-24,,509.12
476,218,starter,2024-03-24,,455.79
481,221,starter,2025-03-12,2026-03-12,536.88
482,222,starter,2024-07-23,,409.91
483,222,growth,2024-07-23,,2137.25
486,224,starter,2023-11-07,2024-11-06,409.52
488,224,starter,2023-11-07,,531.68
489,225,starter,2023-10-05,2024-10-04,580.13
490,225,starter,2023-10-05,,480.93
491,225,starter,2023-10-05,,543.73
493,226,starter,2025-02-03,,441.38
494,226,starter,2025-02-03,,451.84
495,227,starter,2024-06-02,,429.65
496,227,growth,2024-06-02,,2376.62
497,227,growth,2024-06-02,,2195.49
498,228,enterprise,2023-09-24,,12727.22
501,229,growth,2023-04-12,,2850.43
502,230,growth,2025-04-15,2026-04-15,2203.33
503,230,starter,2025-04-15,,507.14
504,230,enterprise,2025-04-15,,12572.37
505,231,growth,2023-08-20,,2358.9
506,231,growth,2023-08-20,,2645.81
508,232,enterprise,2024-06-18,2025-06-18,11134.64
510,232,starter,2024-06-18,,410.6
513,233,growth,2024-06-07,,2397.69
514,234,starter,2023-09-12,,446.12
515,234,growth,2023-09-12,,2246.27
516,235,enterprise,2023-02-14,,11309.84
517,235,growth,2023-02-14,,2498.92
518,236,growth,2024-08-10,2025-08-10,2056.41
519,236,growth,2024-08-10,2025-08-10,2234.72
520,237,starter,2024-10-18,,558.58
521,237,starter,2024-10-18,,518.18
522,238,starter,2023-04-10,,453.55
523,239,starter,2024-11-22,,441.95
528,241,starter,2023-05-03,2024-05-02,521.76
529,242,starter,2023-12-04,,564.68
530,242,starter,2023-12-04,,567.79
531,243,starter,2023-05-11,,424.85
532,243,starter,2023-05-11,,483.0
533,243,starter,2023-05-11,,557.88
534,244,starter,2025-02-15,,509.15
536,244,starter,2025-02-15,,405.73
539,246,growth,2023-03-31,,2005.83
541,246,growth,2023-03-31,,2671.96
542,247,growth,2024-12-31,2025-12-31,2351.45
543,247,starter,2024-12-31,2025-12-31,535.99
544,248,growth,2025-02-28,,2755.27
545,248,growth,2025-02-28,,2963.77
546,249,starter,2025-03-22,,404.6
548,249,starter,2025-03-22,,504.58
549,250,starter,2024-11-16,2025-11-16,470.29
551,250,starter,2024-11-16,,521.58
554,252,starter,2024-10-08,,435.06
555,253,starter,2023-03-24,,496.47
557,253,growth,2023-03-24,2024-03-23,2656.25
558,254,growth,2024-01-20,,2596.44
559,254,starter,2024-01-20,2025-01-19,594.89
560,255,starter,2024-02-17,,471.14
561,255,enterprise,2024-02-17,,13118.92
562,255,starter,2024-02-17,,406.08
563,256,growth,2024-07-18,,2172.4
564,256,enterprise,2024-07-18,,11489.92
565,257,growth,2025-03-08,,2556.26
566,257,growth,2025-03-08,,2711.71
567,257,starter,2025-03-08,2026-03-08,541.27
569,258,starter,2025-01-14,,418.43
570,259,growth,2025-03-23,,2535.88
571,259,growth,2025-03-23,,2285.51
572,259,growth,2025-03-23,,2189.87
575,261,starter,2023-08-08,2024-08-07,575.94
580,263,growth,2024-06-01,,2232.96
583,264,enterprise,2024-01-01,2024-12-31,10134.03
585,265,starter,2025-03-24,,431.18
587,267,growth,2023-06-16,2024-06-15,2699.36
588,268,enterprise,2024-04-09,,12608.18
592,270,starter,2025-03-21,2026-03-21,442.73
593,270,growth,2025-03-21,,2668.11
597,272,growth,2024-11-03,,2645.42
600,273,enterprise,2023-01-19,,9705.77
601,274,growth,2025-03-17,,2676.98
602,274,starter,2025-03-17,2026-03-17,553.76
603,274,growth,2025-03-17,,2370.06
604,275,growth,2023-03-17,,2282.47
605,275,starter,2023-03-17,2024-03-16,557.72
606,276,starter,2025-03-08,,447.6
607,276,growth,2025-03-08,2026-03-08,2924.98
609,277,starter,2024-03-28,,485.3
610,278,growth,2025-02-15,,2569.85
611,278,starter,2025-02-15,,432.21
612,279,growth,2024-09-10,,2227.79
613,279,growth,2024-09-10,,2182.2
614,279,enterprise,2024-09-10,,11405.8
615,280,starter,2024-12-19,,453.91
616,280,starter,2024-12-19,,440.96
618,281,starter,2023-11-25,,523.09
621,282,growth,2024-04-11,2025-04-11,2583.6
622,282,growth,2024-04-11,,2027.53
624,283,growth,2024-01-03,2025-01-02,2758.9
625,283,starter,2024-01-03,,509.98
626,283,growth,2024-01-03,2025-01-02,2213.09
627,284,starter,2023-11-19,,501.84
628,284,growth,2023-11-19,,2938.68
629,284,enterprise,2023-11-19,,11921.85
631,285,starter,2025-04-27,,430.99
632,285,growth,2025-04-27,2026-04-27,2569.12
635,286,growth,2025-01-28,,2630.42
637,287,starter,2025-03-02,,489.68
639,288,enterprise,2025-01-26,,10242.48
644,290,starter,2023-03-24,,445.57
645,291,starter,2024-05-26,,499.95
647,291,starter,2024-05-26,2025-05-26,548.05
649,292,starter,2025-03-15,,523.25
653,294,growth,2024-10-28,2025-10-28,2841.64
654,294,starter,2024-10-28,,438.65
655,295,growth,2024-02-29,,2782.68
656,295,growth,2024-02-29,,2503.58
658,296,starter,2024-03-27,,462.18
659,296,growth,2024-03-27,,2816.07
660,297,growth,2024-03-08,,2721.82
661,298,starter,2023-11-08,,451.52
662,299,growth,2024-01-10,,2668.12
663,299,starter,2024-01-10,,406.04
664,299,growth,2024-01-10,2025-01-09,2118.05
665,300,growth,2024-07-31,,2158.25
668,301,growth,2024-04-24,,2257.23
669,302,enterprise,2024-08-01,,12393.09
670,302,growth,2024-08-01,,2816.44
672,303,starter,2023-12-12,,463.24
675,304,growth,2024-09-04,2025-09-04,2882.04
676,304,growth,2024-09-04,,2595.58
678,305,starter,2024-12-10,,523.71
679,305,enterprise,2024-12-10,,10921.67
680,306,starter,2024-04-21,,407.49
681,307,starter,2024-02-15,,576.94
683,308,starter,2024-11-08,2025-11-08,535.99
684,309,growth,2024-02-14,,2680.62
686,309,starter,2024-02-14,2025-02-13,509.35
687,310,starter,2025-03-31,,409.28
688,310,growth,2025-03-31,,2113.56
690,311,starter,2023-04-27,,558.56
691,311,starter,2023-04-27,,563.76
693,312,starter,2023-11-18,2024-11-17,546.57
695,313,growth,2025-03-03,,2865.09
700,315,growth,2024-02-04,,2784.23
702,316,growth,2025-03-15,,2836.8
703,316,starter,2025-03-15,2026-03-15,454.6
704,317,enterprise,2023-09-23,2024-09-22,14266.05
706,318,growth,2025-04-02,,2147.04
707,319,growth,2023-03-06,,2674.97
708,319,growth,2023-03-06,2024-03-05,2574.66
709,320,growth,2025-03-28,2026-03-28,2386.92
710,321,growth,2025-02-07,,2487.71
711,321,starter,2025-02-07,,584.85
712,322,starter,2024-09-30,,417.17
713,322,starter,2024-09-30,,424.69
714,323,enterprise,2025-02-27,,14371.71
716,324,enterprise,2023-12-13,2024-12-12,9980.93
717,324,growth,2023-12-13,,2700.87
718,325,growth,2023-12-10,,2173.58
719,325,enterprise,2023-12-10,2024-12-09,11806.15
720,325,starter,2023-12-10,,599.28
721,326,enterprise,2023-03-10,2024-03-09,10295.48
722,326,growth,2023-03-10,2024-03-09,2011.02
723,327,growth,2024-11-04,,2809.86
724,327,growth,2024-11-04,,2707.87
725,327,enterprise,2024-11-04,,12720.43
726,328,enterprise,2025-04-07,,12622.66
728,328,starter,2025-04-07,,488.15
729,329,growth,2023-06-13,,2380.24
730,330,growth,2025-01-24,,2340.63
732,331,starter,2023-04-28,2024-04-27,407.15
735,333,starter,2025-04-10,,590.6
736,333,growth,2025-04-10,,2029.47
737,334,growth,2023-12-27,,2204.89
738,334,growth,2023-12-27,,2403.31
739,334,growth,2023-12-27,,2569.04
741,335,starter,2024-12-12,2025-12-12,510.6
742,335,starter,2024-12-12,,467.55
743,336,growth,2025-02-03,,2960.84
744,336,starter,2025-02-03,,465.66
745,336,starter,2025-02-03,,548.51
747,338,growth,2024-02-26,,2877.01
748,338,growth,2024-02-26,,2722.84
750,339,starter,2023-05-20,,497.79
751,340,starter,2024-03-17,,596.44
754,341,growth,2023-04-16,2024-04-15,2360.3
755,341,starter,2023-04-16,,467.28
756,342,starter,2023-03-10,2024-03-09,477.12
757,343,starter,2024-02-06,,504.25
759,344,starter,2024-03-05,,415.87
760,344,starter,2024-03-05,,519.02
761,345,growth,2025-03-28,2026-03-28,2815.17
767,348,starter,2024-06-04,2025-06-04,415.17
772,351,growth,2025-02-01,,2363.99
775,352,growth,2024-04-13,,2533.91
777,353,starter,2024-11-22,,564.12
778,353,starter,2024-11-22,,408.33
779,354,enterprise,2023-01-19,,13007.15
782,356,enterprise,2024-03-22,,11559.67
783,356,starter,2024-03-22,,530.67
784,357,growth,2025-04-10,,2668.06
785,357,growth,2025-04-10,,2580.14
786,357,growth,2025-04-10,2026-04-10,2946.05
787,358,growth,2023-04-01,2024-03-31,2141.36
788,358,starter,2023-04-01,2024-03-31,568.4
789,358,enterprise,2023-04-01,,12445.35
791,359,growth,2024-08-21,,2523.18
792,359,starter,2024-08-21,2025-08-21,556.59
793,360,starter,2023-03-13,,587.68
794,360,enterprise,2023-03-13,,14170.72
795,361,starter,2025-02-20,,434.79
796,361,growth,2025-02-20,,2991.38
797,361,starter,2025-02-20,,518.65
798,362,growth,2024-10-30,2025-10-30,2902.21
800,362,starter,2024-10-30,2025-10-30,479.78
801,363,enterprise,2024-04-29,,10368.83
802,363,starter,2024-04-29,,557.74
803,363,starter,2024-04-29,,553.82
804,364,starter,2023-02-14,,465.32
805,364,starter,2023-02-14,2024-02-14,495.14
806,365,starter,2024-09-17,2025-09-17,571.2
809,366,starter,2024-01-28,,497.75
811,367,growth,2023-10-08,,2925.24
813,368,starter,2024-08-12,,536.08
814,368,starter,2024-08-12,,535.65
815,368,growth,2024-08-12,2025-08-12,2208.89
816,369,starter,2023-09-11,,460.71
817,370,starter,2023-07-13,2024-07-12,558.11
818,370,growth,2023-07-13,,2849.02
820,371,enterprise,2025-02-07,,12760.71
821,371,enterprise,2025-02-07,2026-02-07,11135.16
822,372,growth,2024-04-27,,2164.75
823,372,enterprise,2024-04-27,,12369.36
825,373,starter,2024-10-03,,498.78
826,373,enterprise,2024-10-03,,12089.96
827,373,enterprise,2024-10-03,2025-10-03,9818.59
828,374,growth,2023-10-16,,2632.85
829,374,enterprise,2023-10-16,2024-10-15,13562.95
830,375,enterprise,2024-02-04,,9805.08
832,376,enterprise,2023-11-06,,10432.34
834,376,enterprise,2023-11-06,,12773.88
835,377,growth,2024-10-20,,2658.19
837,378,starter,2024-03-13,2025-03-13,597.86
838,379,starter,2023-06-14,2024-06-13,421.49
839,379,growth,2023-06-14,,2476.47
840,380,enterprise,2024-04-28,,11467.94
841,381,starter,2025-03-24,,506.77
842,381,starter,2025-03-24,,422.89
845,382,starter,2023-09-27,,594.55
846,383,growth,2024-09-23,,2739.22
847,383,starter,2024-09-23,2025-09-23,419.76
848,383,growth,2024-09-23,2025-09-23,2797.5
849,384,growth,2023-11-27,,2996.03
850,384,starter,2023-11-27,,556.36
851,384,starter,2023-11-27,,561.48
852,385,starter,2023-12-26,,493.93
853,386,starter,2024-12-08,,502.49
855,387,starter,2025-04-10,,505.88
856,387,enterprise,2025-04-10,,13845.19
857,388,growth,2024-06-12,,2066.64
858,389,growth,2024-07-21,2025-07-21,2294.48
859,389,starter,2024-07-21,2025-07-21,543.93
860,390,starter,2023-12-18,2024-12-17,501.23
861,391,growth,2024-01-20,2025-01-19,2256.24
862,392,starter,2024-06-07,2025-06-07,492.96
863,392,starter,2024-06-07,,572.86
864,392,growth,2024-06-07,,2315.53
866,394,enterprise,2023-11-06,,14231.4
867,394,starter,2023-11-06,,512.79
870,396,starter,2023-02-25,,462.3
871,396,starter,2023-02-25,,421.33
874,398,starter,2023-08-27,2024-08-26,585.33
878,399,starter,2023-11-04,,502.77
882,401,starter,2025-02-06,,471.27
885,402,growth,2023-03-17,,2376.03
888,404,growth,2025-02-08,2026-02-08,2946.79
890,404,starter,2025-02-08,,488.75
892,405,enterprise,2025-01-23,,10864.99
893,406,starter,2024-05-24,,500.09
894,406,starter,2024-05-24,,409.32
896,407,growth,2024-07-26,,2441.23
900,408,starter,2023-09-10,,569.59
901,409,enterprise,2024-03-12,2025-03-12,13410.62
905,410,enterprise,2025-02-16,,10149.89
906,410,enterprise,2025-02-16,,13522.09
907,411,starter,2023-04-27,2024-04-26,521.46
909,412,starter,2025-01-10,,452.59
911,413,growth,2024-10-16,2025-10-16,2693.66
912,413,starter,2024-10-16,,518.8
913,414,growth,2024-10-23,2025-10-23,2755.85
914,414,growth,2024-10-23,,2448.64
916,415,starter,2024-10-11,,523.75
917,415,starter,2024-10-11,,402.3
918,415,growth,2024-10-11,,2699.15
921,416,starter,2025-02-27,2026-02-27,581.44
923,417,starter,2024-06-11,,407.88
925,419,enterprise,2025-04-16,2026-04-16,10296.73
927,419,starter,2025-04-16,,459.71
928,420,growth,2023-04-24,,2312.71
929,420,growth,2023-04-24,,2351.31
930,421,growth,2024-06-21,,2455.93
931,421,growth,2024-06-21,,2845.09
933,422,growth,2025-02-24,2026-02-24,2500.73
936,423,starter,2025-01-24,,406.85
938,424,starter,2023-02-24,,501.39
939,425,growth,2023-08-10,,2870.93
940,425,starter,2023-08-10,2024-08-09,575.66
941,426,growth,2024-02-20,,2335.02
942,426,growth,2024-02-20,2025-02-19,2223.56
944,428,growth,2025-01-23,,2243.72
945,429,starter,2023-03-22,2024-03-21,502.98
946,429,enterprise,2023-03-22,,9989.94
947,429,starter,2023-03-22,,476.87
948,430,starter,2024-06-28,2025-06-28,448.23
949,430,growth,2024-06-28,,2124.06
951,431,growth,2025-04-17,2026-04-17,2379.35
952,431,growth,2025-04-17,,2202.13
954,432,starter,2024-08-02,,449.79
955,432,starter,2024-08-02,,566.86
956,432,starter,2024-08-02,2025-08-02,431.48
958,434,starter,2025-01-08,2026-01-08,589.85
959,434,growth,2025-01-08,,2154.11
960,434,starter,2025-01-08,,406.59
961,435,enterprise,2025-01-21,,10676.3
963,435,growth,2025-01-21,,2129.83
964,436,growth,2023-12-13,2024-12-12,2444.68
965,437,starter,2024-12-21,,542.53
966,438,enterprise,2023-03-22,,14374.7
967,439,growth,2025-01-14,2026-01-14,2948.3
968,439,starter,2025-01-14,,576.04
970,440,growth,2024-07-10,,2057.15
971,440,starter,2024-07-10,,578.91
973,442,starter,2024-08-24,,577.54
975,442,growth,2024-08-24,2025-08-24,2536.42
976,443,starter,2024-08-26,,582.89
977,444,growth,2024-09-01,,2210.81
978,444,growth,2024-09-01,,2198.06
979,445,starter,2024-05-11,,513.52
980,446,starter,2023-02-02,,468.33
982,446,starter,2023-02-02,,536.24
983,447,starter,2023-03-12,,408.53
984,447,starter,2023-03-12,2024-03-11,583.07
986,448,enterprise,2023-03-26,,13835.95
987,449,starter,2024-08-29,,525.01
988,449,enterprise,2024-08-29,,13634.08
989,450,enterprise,2025-01-14,,14052.94
991,450,starter,2025-01-14,,573.06
993,451,enterprise,2025-02-02,2026-02-02,14156.97
994,451,growth,2025-02-02,,2965.35
995,452,starter,2024-12-29,,588.98
996,452,starter,2024-12-29,,459.91
997,453,enterprise,2023-07-06,,10447.75
998,453,starter,2023-07-06,2024-07-05,431.39
999,453,starter,2023-07-06,,477.65
1001,455,starter,2025-02-22,2026-02-22,541.64
1002,455,starter,2025-02-22,,463.42
1003,455,starter,2025-02-22,,537.93
1004,456,growth,2024-04-28,2025-04-28,2980.89
1005,456,starter,2024-04-28,2025-04-28,540.66
1006,456,growth,2024-04-28,,2730.66
1007,457,starter,2024-07-12,2025-07-12,481.6
1009,459,starter,2025-01-15,,542.15
1010,459,starter,2025-01-15,,534.55
1011,460,enterprise,2023-12-12,,10681.92
1015,461,starter,2023-10-22,,420.85
1016,461,growth,2023-10-22,,2351.45
1017,462,growth,2024-03-15,2025-03-15,2815.91
1018,463,starter,2024-03-19,,546.49
1020,464,starter,2024-03-10,,598.72
1021,464,starter,2024-03-10,,522.78
1022,465,growth,2024-01-12,2025-01-11,2212.38
1023,465,starter,2024-01-12,2025-01-11,451.76
1024,466,growth,2024-11-02,2025-11-02,2349.28
1025,467,growth,2023-04-22,,2501.8
1026,468,growth,2024-05-12,,2221.71
1029,470,growth,2025-01-08,,2464.71
1030,470,growth,2025-01-08,,2009.17
1032,471,starter,2024-11-18,,401.88
1033,471,growth,2024-11-18,,2644.87
1034,472,starter,2023-04-24,2024-04-23,546.54
1035,473,starter,2023-02-16,,516.85
1036,473,starter,2023-02-16,,400.08
1037,474,growth,2023-05-18,,2867.17
1038,474,starter,2023-05-18,,478.29
1040,476,growth,2023-11-13,,2081.2
1042,476,growth,2023-11-13,2024-11-12,2324.87
1043,477,starter,2023-12-31,,586.46
1044,477,starter,2023-12-31,2024-12-30,421.87
1045,477,starter,2023-12-31,,422.87
1046,478,starter,2025-04-13,,431.26
1047,479,starter,2023-02-01,2024-02-01,429.98
1048,479,growth,2023-02-01,2024-02-01,2284.95
1049,479,starter,2023-02-01,,401.32
1050,480,enterprise,2024-05-07,,12208.83
1052,482,growth,2024-10-07,,2208.67
1053,482,growth,2024-10-07,,2048.62
1054,483,starter,2025-02-02,,576.75
1056,484,starter,2025-04-08,,411.13
1057,484,growth,2025-04-08,2026-04-08,2133.33
1060,485,starter,2025-03-03,2026-03-03,540.58
1061,485,enterprise,2025-03-03,,12132.63
1062,486,enterprise,2024-01-28,2025-01-27,13757.89
1063,486,enterprise,2024-01-28,,13596.24
1064,486,starter,2024-01-28,,413.13
1065,487,growth,2025-04-12,,2200.13
1066,488,growth,2025-02-26,2026-02-26,2030.7
1067,488,starter,2025-02-26,2026-02-26,445.74
1068,489,starter,2024-08-29,,530.81
1072,491,starter,2023-02-15,2024-02-15,545.13
1073,492,starter,2024-05-08,,589.91
1074,493,starter,2025-03-03,,518.04
1076,493,starter,2025-03-03,2026-03-03,587.6
1077,494,starter,2024-04-20,,486.47
1078,494,starter,2024-04-20,,521.5
1079,495,enterprise,2024-10-27,,13245.65
1080,495,growth,2024-10-27,,2772.57
1081,496,starter,2025-04-04,,450.72
1082,497,starter,2024-12-16,2025-12-16,550.74
1084,498,growth,2024-05-15,,2176.17
1086,499,starter,2025-01-10,,460.92
1087,499,enterprise,2025-01-10,,13822.05
1088,500,starter,2023-02-05,,533.65
1089,500,enterprise,2023-02-05,,13424.21
1090,500,growth,2023-02-05,,2039.7
1091,501,starter,2024-08-21,,471.93
1092,501,growth,2024-08-21,,2029.82
1093,501,growth,2024-08-21,,2029.6
1094,502,enterprise,2024-12-12,,10473.23
1095,502,growth,2024-12-12,,2797.29
1096,503,growth,2024-03-29,,2056.46
1099,504,growth,2023-05-07,,2667.49
1100,504,starter,2023-05-07,2024-05-06,507.91
1101,505,starter,2023-10-13,,504.19
1102,505,growth,2023-10-13,,2627.82
1103,505,growth,2023-10-13,,2956.71
1104,506,growth,2023-02-27,,2628.55
1105,506,enterprise,2023-02-27,,13440.89
1107,507,starter,2023-01-31,,431.5
1108,508,starter,2023-04-16,,587.43
1109,508,starter,2023-04-16,,529.13
1111,509,enterprise,2024-09-02,2025-09-02,12008.09
1112,509,growth,2024-09-02,,2571.95
1113,510,growth,2023-05-11,,2776.83
1115,511,starter,2023-10-14,,568.66
1118,512,starter,2025-02-22,,574.9
1119,513,starter,2024-06-17,2025-06-17,489.27
1122,514,growth,2023-05-01,,2440.7
1123,514,enterprise,2023-05-01,,10117.01
1124,515,starter,2024-08-09,,589.65
1126,516,enterprise,2024-01-24,,11063.56
1127,516,starter,2024-01-24,,556.03
1128,517,enterprise,2023-03-17,,13572.76
1130,517,enterprise,2023-03-17,,12582.84
1131,518,growth,2024-09-07,,2099.8
1132,518,starter,2024-09-07,,402.76
1134,519,enterprise,2024-03-08,2025-03-08,14064.91
1135,519,enterprise,2024-03-08,,11675.38
1138,521,starter,2023-12-17,,443.51
1139,522,growth,2023-05-27,,2424.28
1140,522,starter,2023-05-27,,588.55
1142,523,starter,2025-02-28,,474.59
1143,523,starter,2025-02-28,,452.67
1144,524,growth,2024-06-21,,2717.33
1145,524,enterprise,2024-06-21,,12410.77
1146,524,starter,2024-06-21,2025-06-21,585.25
1148,525,growth,2025-02-26,,2423.2
1149,525,growth,2025-02-26,,2497.56
1150,526,starter,2025-01-26,,572.49
1151,526,growth,2025-01-26,,2825.46
1152,527,starter,2023-03-08,2024-03-07,480.03
1153,527,starter,2023-03-08,,535.89
1154,528,growth,2023-03-27,,2685.65
1155,529,growth,2023-12-05,,2355.32
1157,529,starter,2023-12-05,,574.42
1159,530,enterprise,2025-03-02,,11287.21
1160,531,growth,2024-07-12,,2552.68
1163,533,starter,2023-12-10,2024-12-09,534.43
1165,534,enterprise,2024-09-28,2025-09-28,11465.08
1166,534,enterprise,2024-09-28,,14284.36
1167,535,enterprise,2023-10-06,2024-10-05,11493.04
1168,535,starter,2023-10-06,2024-10-05,484.86
1170,536,growth,2023-11-18,2024-11-17,2725.95
1171,537,growth,2024-07-01,,2780.81
1173,538,growth,2024-09-26,2025-09-26,2515.37
1175,539,growth,2025-03-21,,2071.91
1178,540,starter,2024-09-27,,541.88
1179,541,growth,2023-05-03,2024-05-02,2324.27
1180,541,starter,2023-05-03,2024-05-02,502.47
1182,542,starter,2024-05-27,,567.02
1183,542,starter,2024-05-27,,573.71
1185,543,starter,2023-01-06,,558.63
1186,543,starter,2023-01-06,2024-01-06,422.55
1187,544,growth,2025-04-18,2026-04-18,2701.33
1189,544,growth,2025-04-18,,2872.67
1190,545,starter,2024-05-16,,462.13
1191,545,enterprise,2024-05-16,,12071.62
1192,545,growth,2024-05-16,,2218.89
1193,546,enterprise,2024-11-04,,13805.54
1194,546,starter,2024-11-04,,484.89
1196,547,growth,2023-10-14,2024-10-13,2247.96
1197,547,growth,2023-10-14,,2868.34
1200,550,starter,2025-02-13,,593.04
1205,552,starter,2024-02-16,2025-02-15,544.51
1206,552,growth,2024-02-16,,2402.34
1207,552,growth,2024-02-16,2025-02-15,2262.66
1208,553,starter,2025-02-23,2026-02-23,454.22
1212,555,enterprise,2024-05-23,2025-05-23,11416.7
1213,556,starter,2023-07-17,,455.99
1214,557,enterprise,2024-12-03,,13886.28
1218,559,starter,2024-10-13,,552.46
1219,559,starter,2024-10-13,,572.39
1220,560,starter,2024-02-22,,464.96
1221,561,starter,2025-02-17,,436.02
1224,562,growth,2024-12-23,,2984.28
1225,563,enterprise,2024-02-22,,12362.25
1227,564,growth,2024-08-06,2025-08-06,2015.52
1229,564,starter,2024-08-06,,412.3
1230,565,enterprise,2024-01-30,2025-01-29,9768.7
1231,565,growth,2024-01-30,2025-01-29,2509.64
1233,566,starter,2024-01-08,,576.4
1234,567,growth,2024-02-08,,2234.68
1235,568,starter,2024-04-30,,533.13
1236,568,growth,2024-04-30,,2680.6
1237,568,growth,2024-04-30,2025-04-30,2241.9
1238,569,starter,2024-04-25,,597.26
1239,570,starter,2025-02-09,,446.01
1240,571,growth,2023-09-23,,2929.32
1241,571,growth,2023-09-23,,2534.31
1243,572,enterprise,2023-12-10,,11392.49
1244,572,starter,2023-12-10,,457.18
1247,573,growth,2025-01-23,,2293.27
1248,574,starter,2023-01-20,2024-01-20,492.05
1249,574,starter,2023-01-20,2024-01-20,447.55
1250,574,enterprise,2023-01-20,,12579.0
1251,575,starter,2024-07-21,,591.93
1253,576,starter,2024-02-26,,545.75
1255,577,growth,2024-08-16,,2180.43
1256,578,growth,2023-11-07,,2634.3
1257,579,starter,2023-03-29,,566.88
1260,580,enterprise,2023-12-23,2024-12-22,10659.61
1262,580,starter,2023-12-23,2024-12-22,532.28
1263,581,starter,2025-01-23,2026-01-23,494.79
1264,581,starter,2025-01-23,2026-01-23,477.69
1267,583,starter,2023-02-27,,458.04
1268,583,growth,2023-02-27,,2287.02
1269,584,starter,2023-03-28,2024-03-27,592.21
1271,585,starter,2025-03-27,2026-03-27,500.4
1272,585,enterprise,2025-03-27,,10708.27
1274,586,starter,2025-01-11,,464.01
1275,586,starter,2025-01-11,,573.51
1276,587,growth,2024-01-27,,2363.39
1277,588,starter,2023-02-03,,578.41
1278,588,growth,2023-02-03,,2018.02
1279,589,enterprise,2023-02-19,,12199.66
1280,589,growth,2023-02-19,2024-02-19,2880.99
1281,589,starter,2023-02-19,,406.62
1282,590,growth,2025-02-18,,2976.76
1283,590,starter,2025-02-18,,596.81
1286,591,growth,2024-12-13,2025-12-13,2770.39
1288,592,growth,2025-01-08,2026-01-08,2709.76
1289,592,starter,2025-01-08,,498.31
1290,593,growth,2025-02-18,,2952.57
1291,593,enterprise,2025-02-18,,13502.15
1292,594,enterprise,2025-03-16,,13873.93
1293,594,starter,2025-03-16,,438.16
1294,594,starter,2025-03-16,,599.99
1296,595,growth,2024-03-13,2025-03-13,2931.99
1298,596,growth,2025-01-27,,2102.67
1301,597,starter,2024-01-28,2025-01-27,591.56
1302,597,starter,2024-01-28,2025-01-27,455.1
1303,598,growth,2025-02-21,,2113.93
1305,598,starter,2025-02-21,,485.96
1307,599,enterprise,2025-02-14,,13123.15
1308,599,starter,2025-02-14,2026-02-14,527.64
1309,600,enterprise,2023-01-24,2024-01-24,10815.41
1310,601,growth,2024-09-03,,2130.63
1311,601,growth,2024-09-03,,2697.65
1312,601,starter,2024-09-03,,473.83
1313,602,starter,2025-01-16,,566.72
1314,602,growth,2025-01-16,,2406.28
1315,602,starter,2025-01-16,,459.25
1317,604,growth,2023-10-13,2024-10-12,2531.1
1318,604,starter,2023-10-13,,527.99
1319,604,growth,2023-10-13,,2151.93
1320,605,growth,2024-09-09,,2750.76
1321,605,growth,2024-09-09,,2686.07
1323,606,growth,2024-08-27,2025-08-27,2132.84
1325,607,starter,2024-11-04,2025-11-04,549.66
1326,607,starter,2024-11-04,,569.6
1327,607,growth,2024-11-04,2025-11-04,2938.83
1329,608,starter,2025-01-29,,509.47
1330,609,starter,2025-01-03,2026-01-03,422.2
1331,609,growth,2025-01-03,,2853.66
1333,610,growth,2025-03-26,,2980.64
1337,612,growth,2025-01-04,,2058.52
1338,612,growth,2025-01-04,,2230.06
1340,613,starter,2023-08-11,,416.86
1342,614,growth,2025-04-24,2026-04-24,2310.06
1344,615,growth,2024-08-14,,2400.39
1346,616,growth,2024-12-14,2025-12-14,2425.81
1350,617,starter,2025-02-01,,477.62
1351,617,starter,2025-02-01,2026-02-01,592.13
1352,618,enterprise,2023-11-14,,10451.68
1353,618,growth,2023-11-14,,2821.31
1354,618,growth,2023-11-14,2024-11-13,2819.6
1355,619,growth,2025-04-06,,2567.52
1356,619,starter,2025-04-06,,448.04
1357,619,growth,2025-04-06,2026-04-06,2883.19
1359,620,growth,2024-03-23,,2923.06
1360,620,growth,2024-03-23,,2993.87
1361,621,starter,2025-03-12,,443.83
1363,622,starter,2023-04-24,,592.42
1364,622,starter,2023-04-24,,433.01
1369,624,starter,2024-08-09,,418.5
1371,625,starter,2025-02-14,,442.11
1372,625,starter,2025-02-14,,536.03
1373,625,growth,2025-02-14,,2247.08
1377,627,starter,2023-12-23,,551.91
1378,627,growth,2023-12-23,,2049.66
1379,627,starter,2023-12-23,,538.77
1382,628,starter,2025-01-23,,553.67
1383,629,starter,2024-01-25,,548.45
1385,629,growth,2024-01-25,,2613.63
1386,630,starter,2024-08-30,2025-08-30,426.18
1387,630,starter,2024-08-30,,522.56
1388,630,growth,2024-08-30,,2056.3
1389,631,growth,2025-02-15,2026-02-15,2844.61
1390,632,starter,2024-09-23,,478.33
1391,633,starter,2023-04-27,,489.98
1392,634,growth,2025-01-07,,2800.87
1393,635,starter,2024-08-28,,542.06
1394,636,growth,2023-10-22,,2548.77
1397,637,growth,2025-01-09,,2429.33
1398,638,growth,2023-02-04,,2040.7
1399,638,starter,2023-02-04,2024-02-04,545.3
1400,638,growth,2023-02-04,,2166.75
1404,640,growth,2023-12-25,2024-12-24,2422.4
1405,641,growth,2023-09-18,,2128.2
1407,642,growth,2023-01-12,,2407.45
1409,643,growth,2023-04-05,2024-04-04,2443.93
1410,643,growth,2023-04-05,2024-04-04,2748.72
1412,645,starter,2023-06-16,,441.69
1413,646,enterprise,2023-12-18,,9868.81
1414,647,enterprise,2023-03-12,,11434.73
1415,647,enterprise,2023-03-12,,12800.01
1416,647,growth,2023-03-12,2024-03-11,2460.88
1417,648,starter,2025-02-12,2026-02-12,540.28
1418,648,growth,2025-02-12,,2429.01
1420,650,enterprise,2024-03-18,,12725.14
1423,651,starter,2025-01-04,,537.38
1424,652,starter,2025-01-08,,537.1
1426,652,growth,2025-01-08,,2933.02
1427,653,starter,2025-02-05,2026-02-05,487.43
1428,653,growth,2025-02-05,,2293.41
1429,653,growth,2025-02-05,,2976.83
1430,654,starter,2025-04-03,,573.83
1431,655,starter,2024-06-30,,595.03
1432,655,starter,2024-06-30,2025-06-30,488.66
1433,655,growth,2024-06-30,,2684.25
1435,656,starter,2025-02-05,,428.62
1436,656,growth,2025-02-05,2026-02-05,2515.63
1437,657,growth,2023-07-03,,2478.91
1439,658,starter,2023-12-06,,538.24
1440,658,growth,2023-12-06,,2507.03
1442,659,starter,2024-03-10,,483.85
1444,660,growth,2023-11-08,,2553.49
1445,661,starter,2023-02-19,,586.45
1446,662,starter,2025-01-06,,545.83
1447,663,growth,2023-11-14,,2645.84
1450,664,growth,2024-02-27,2025-02-26,2341.93
1452,664,enterprise,2024-02-27,,11617.87
1453,665,starter,2025-02-06,,580.29
1456,666,starter,2023-12-18,,440.22
1457,667,enterprise,2024-08-02,,13080.34
1458,667,enterprise,2024-08-02,,10630.32
1459,667,enterprise,2024-08-02,,14355.82
1462,669,growth,2025-02-04,,2075.72
1463,670,starter,2025-02-21,,416.34
1465,671,starter,2024-05-06,,554.58
1466,671,starter,2024-05-06,,409.4
1467,672,growth,2025-02-15,,2316.94
1468,672,starter,2025-02-15,,439.71
1469,673,starter,2023-05-08,,530.49
1470,673,starter,2023-05-08,,416.91
1471,674,starter,2023-08-18,,405.1
1472,675,starter,2024-01-25,2025-01-24,409.16
1474,675,starter,2024-01-25,,533.02
1475,676,starter,2023-03-31,,402.43
1477,677,growth,2024-01-24,2025-01-23,2198.82
1479,677,starter,2024-01-24,,427.32
1480,678,starter,2025-02-24,,446.59
1482,679,enterprise,2025-04-11,,12989.19
1484,679,enterprise,2025-04-11,,13631.1
1485,680,growth,2024-12-29,,2569.63
1486,680,starter,2024-12-29,2025-12-29,466.21
1487,680,growth,2024-12-29,,2034.26
1488,681,enterprise,2025-02-19,2026-02-19,11345.51
1491,682,starter,2023-11-01,,542.7
1493,683,starter,2024-01-12,,472.58
1494,684,starter,2024-08-28,,451.82
1495,684,starter,2024-08-28,,581.2
1496,684,growth,2024-08-28,,2481.91
1497,685,growth,2024-12-18,2025-12-18,2640.08
1498,685,starter,2024-12-18,,578.58
1503,687,starter,2024-08-15,,495.93
1504,687,growth,2024-08-15,,2868.12
1505,687,starter,2024-08-15,,496.2
1506,688,enterprise,2024-11-10,,14264.49
1509,689,starter,2025-01-24,2026-01-24,519.74
1510,689,growth,2025-01-24,,2196.46
1511,690,enterprise,2024-07-28,2025-07-28,9925.26
1514,691,starter,2025-02-15,2026-02-15,514.9
1516,691,enterprise,2025-02-15,2026-02-15,9953.85
1517,692,enterprise,2025-03-04,,10401.07
1518,692,enterprise,2025-03-04,2026-03-04,14202.8
1519,693,starter,2025-03-16,2026-03-16,556.74
1522,694,growth,2024-06-18,,2785.25
1524,695,enterprise,2025-04-01,,13039.93
1526,695,starter,2025-04-01,,556.7
1527,696,starter,2025-01-26,2026-01-26,579.34
1528,696,starter,2025-01-26,,429.0
1529,696,growth,2025-01-26,,2271.03
1530,697,starter,2023-08-10,,486.24
1531,698,starter,2025-04-09,2026-04-09,591.41
1532,698,enterprise,2025-04-09,2026-04-09,13958.65
1534,699,enterprise,2023-08-11,,11851.54
1535,700,growth,2023-01-21,,2871.68
1537,702,growth,2024-12-29,,2078.47
1539,702,starter,2024-12-29,,468.93
1540,703,starter,2023-12-19,,489.41
1542,703,growth,2023-12-19,,2970.25
1543,704,starter,2024-06-27,,549.37
1544,704,enterprise,2024-06-27,,9831.12
1545,704,enterprise,2024-06-27,,14162.31
1546,705,starter,2024-02-23,,530.47
1547,705,enterprise,2024-02-23,,12539.21
1548,706,growth,2025-02-17,,2380.48
1550,706,starter,2025-02-17,,450.79
1551,707,starter,2024-10-20,,531.85
1554,708,growth,2024-10-16,2025-10-16,2051.41
1555,708,starter,2024-10-16,2025-10-16,591.27
1556,709,starter,2024-10-20,,567.3
1557,709,growth,2024-10-20,2025-10-20,2372.47
1558,709,starter,2024-10-20,,410.64
1559,710,starter,2025-03-29,,596.32
1560,711,starter,2025-02-03,,546.86
1562,711,growth,2025-02-03,,2335.65
1564,713,starter,2024-07-28,,506.37
1565,713,enterprise,2024-07-28,2025-07-28,12471.37
1569,715,growth,2024-09-23,,2138.76
1570,716,starter,2024-11-21,,514.83
1571,716,starter,2024-11-21,2025-11-21,412.96
1572,716,starter,2024-11-21,,447.21
1573,717,starter,2023-11-15,,421.56
1574,717,starter,2023-11-15,2024-11-14,445.47
1575,718,growth,2023-07-17,,2200.17
1576,718,starter,2023-07-17,,495.48
1577,718,growth,2023-07-17,,2674.66
1578,719,starter,2023-12-20,,552.05
1579,719,starter,2023-12-20,,481.5
1582,721,starter,2024-01-04,,510.54
1584,722,starter,2025-01-19,2026-01-19,573.69
1585,722,growth,2025-01-19,,2209.52
1586,723,enterprise,2023-06-13,,13335.11
1588,724,starter,2024-05-04,,483.09
1589,724,starter,2024-05-04,,449.75
1590,724,growth,2024-05-04,,2967.69
1592,725,starter,2025-03-08,,544.07
1593,726,enterprise,2023-11-16,2024-11-15,13148.27
1594,726,growth,2023-11-16,2024-11-15,2314.84
1595,726,starter,2023-11-16,,565.85
1600,729,growth,2023-10-24,,2397.71
1602,730,starter,2025-03-14,2026-03-14,583.03
1603,731,enterprise,2024-04-25,,11879.85
1605,732,enterprise,2023-08-09,,13217.33
1606,733,growth,2025-01-21,,2960.39
1608,733,growth,2025-01-21,,2374.84
1609,734,starter,2024-09-13,,504.71
1610,735,growth,2025-02-07,,2959.86
1611,736,starter,2024-01-02,,529.17
1613,737,starter,2025-02-02,,580.94
1614,737,enterprise,2025-02-02,,12653.89
1617,738,enterprise,2023-09-03,,13177.85
1618,739,enterprise,2024-03-05,,14392.87
1620,740,starter,2025-02-19,,407.23
1621,741,starter,2024-03-03,,544.47
1622,741,growth,2024-03-03,,2243.78
1623,742,starter,2025-02-17,,584.75
1624,742,growth,2025-02-17,2026-02-17,2273.67
1625,742,enterprise,2025-02-17,2026-02-17,10109.26
1627,743,starter,2023-04-15,,475.32
1628,744,enterprise,2023-06-30,2024-06-29,11519.46
1630,745,starter,2023-02-12,,597.63
1634,747,enterprise,2024-06-25,2025-06-25,13246.29
1635,747,enterprise,2024-06-25,,10234.3
1636,748,enterprise,2024-01-16,,10194.58
1639,749,growth,2023-04-20,2024-04-19,2125.08
1640,750,starter,2025-03-11,,568.79
1641,750,growth,2025-03-11,,2065.81
1644,751,growth,2024-01-15,,2403.8
1645,751,starter,2024-01-15,,427.12
1646,752,starter,2023-01-20,,497.1
1647,752,starter,2023-01-20,,582.78
1648,752,starter,2023-01-20,,565.44
1649,753,starter,2024-10-11,,578.1
1651,754,starter,2024-06-04,,502.39
1654,756,starter,2025-04-24,,525.28
1657,757,growth,2024-01-12,,2500.53
1658,757,starter,2024-01-12,2025-01-11,477.66
1659,757,growth,2024-01-12,,2695.63
1662,759,growth,2025-04-06,2026-04-06,2575.4
1663,760,starter,2023-12-15,,461.44
1665,762,growth,2023-02-21,,2170.32
1666,762,growth,2023-02-21,,2032.35
1668,763,growth,2023-01-22,2024-01-22,2612.69
1669,763,starter,2023-01-22,2024-01-22,463.76
1670,763,starter,2023-01-22,2024-01-22,507.73
1671,764,starter,2024-01-20,,572.96
1672,764,enterprise,2024-01-20,,12010.22
1673,764,growth,2024-01-20,2025-01-19,2995.76
1674,765,starter,2023-07-19,,547.03
1675,765,starter,2023-07-19,,562.62
1677,766,growth,2024-06-19,2025-06-19,2436.87
1678,767,growth,2023-04-10,,2568.29
1679,768,growth,2023-08-19,,2791.54
1681,769,starter,2024-01-20,,430.01
1682,769,starter,2024-01-20,,568.82
1685,770,starter,2025-02-21,,553.07
1686,771,growth,2024-08-31,2025-08-31,2212.46
1687,771,growth,2024-08-31,,2955.71
1688,772,starter,2025-02-12,2026-02-12,420.47
1689,772,starter,2025-02-12,,563.63
1691,774,starter,2023-02-08,,501.04
1693,774,starter,2023-02-08,,436.44
1694,775,growth,2025-04-21,,2494.97
1696,775,starter,2025-04-21,,569.07
1698,776,starter,2024-11-23,,461.07
1699,776,growth,2024-11-23,,2333.03
1701,778,starter,2024-11-20,2025-11-20,455.74
1702,778,starter,2024-11-20,,527.87
1704,779,growth,2025-04-11,,2453.33
1705,779,enterprise,2025-04-11,,11339.57
1708,781,growth,2024-01-20,,2943.76
1709,781,starter,2024-01-20,2025-01-19,443.31
1710,782,growth,2025-04-18,2026-04-18,2518.4
1711,783,growth,2023-09-27,,2087.2
1717,786,starter,2024-05-20,,493.44
1719,787,starter,2024-07-16,,401.9
1720,787,growth,2024-07-16,2025-07-16,2182.21
1722,788,growth,2025-02-09,,2669.82
1723,788,starter,2025-02-09,2026-02-09,474.81
1724,789,starter,2023-12-10,2024-12-09,555.16
1725,789,starter,2023-12-10,,579.81
1726,790,starter,2025-03-20,,515.09
1727,790,starter,2025-03-20,,482.09
1730,792,growth,2024-05-07,,2160.37
1733,794,growth,2025-01-23,,2649.38
1735,795,enterprise,2024-12-05,,11198.2
1736,795,starter,2024-12-05,,419.12
1741,797,starter,2023-03-05,,501.1
1742,797,enterprise,2023-03-05,,11352.05
1743,798,growth,2024-09-03,2025-09-03,2037.6
1746,799,growth,2024-09-07,,2853.81
1747,800,enterprise,2023-03-30,,12881.82
1748,801,starter,2023-10-10,,465.65
1749,802,starter,2023-09-05,2024-09-04,506.2
1750,802,growth,2023-09-05,,2715.11
1751,802,growth,2023-09-05,2024-09-04,2294.86
1753,803,enterprise,2025-02-02,,12720.74
1754,803,growth,2025-02-02,,2421.55
1755,804,growth,2023-04-26,,2144.4
1756,804,starter,2023-04-26,2024-04-25,582.28
1757,804,growth,2023-04-26,,2124.03
1758,805,starter,2024-02-26,,414.88
1759,806,enterprise,2025-02-19,,14362.75
1761,807,starter,2025-03-10,,457.42
1762,807,growth,2025-03-10,2026-03-10,2308.93
1763,808,starter,2023-08-07,2024-08-06,556.99
1764,808,growth,2023-08-07,,2741.76
1767,811,starter,2023-12-13,2024-12-12,471.15
1768,811,enterprise,2023-12-13,,11208.71
1769,811,enterprise,2023-12-13,2024-12-12,11914.38
1772,812,growth,2023-10-19,2024-10-18,2848.05
1773,813,growth,2024-06-25,2025-06-25,2728.89
1775,813,starter,2024-06-25,2025-06-25,581.23
1776,814,enterprise,2024-12-26,2025-12-26,12659.51
1777,814,starter,2024-12-26,,524.72
1781,816,growth,2024-05-06,,2697.93
1782,816,starter,2024-05-06,,572.37
1783,817,growth,2024-09-01,2025-09-01,2335.98
1785,818,enterprise,2024-10-06,2025-10-06,13003.62
1788,819,growth,2025-03-03,,2937.03
1790,820,growth,2023-10-21,,2971.0
1791,820,starter,2023-10-21,2024-10-20,513.97
1792,820,growth,2023-10-21,,2250.48
1793,821,growth,2023-02-23,,2739.07
1796,823,growth,2023-12-14,,2775.38
1798,824,starter,2025-04-22,,570.89
1800,826,growth,2024-06-21,2025-06-21,2601.51
1801,826,growth,2024-06-21,2025-06-21,2545.6
1803,827,growth,2024-06-13,,2219.66
1804,827,growth,2024-06-13,,2917.46
1805,827,starter,2024-06-13,,514.8
1806,828,growth,2024-09-13,,2890.13
1807,828,growth,2024-09-13,,2519.2
1808,828,starter,2024-09-13,2025-09-13,570.6
1809,829,starter,2023-01-30,,511.65
1811,831,starter,2024-03-03,,514.22
1812,831,starter,2024-03-03,,593.33
1813,832,starter,2025-04-22,,491.57
1815,833,growth,2024-06-28,,2744.14
1816,833,growth,2024-06-28,,2354.26
1818,834,growth,2024-08-11,,2407.97
1819,834,growth,2024-08-11,,2014.15
1820,835,starter,2024-09-28,,440.0
1821,835,starter,2024-09-28,,513.05
1822,835,starter,2024-09-28,,424.79
1823,836,starter,2025-04-25,,510.37
1824,836,growth,2025-04-25,,2334.04
1825,836,starter,2025-04-25,2026-04-25,477.17
1827,837,growth,2025-02-18,,2237.51
1828,837,starter,2025-02-18,,462.36
1830,838,starter,2024-10-17,,497.95
1831,839,starter,2025-03-21,2026-03-21,460.34
1832,839,starter,2025-03-21,,448.57
1835,840,enterprise,2024-12-27,,11889.02
1836,841,starter,2024-01-04,,596.14
1838,841,starter,2024-01-04,,594.64
1839,842,growth,2024-08-30,,2905.55
1840,842,starter,2024-08-30,,458.34
1841,842,enterprise,2024-08-30,2025-08-30,11244.19
1842,843,growth,2025-03-26,2026-03-26,2440.09
1843,843,starter,2025-03-26,,554.5
1844,844,enterprise,2023-06-12,,12589.85
1845,844,growth,2023-06-12,2024-06-11,2886.46
1846,844,growth,2023-06-12,,2920.32
1851,846,starter,2023-03-22,,546.43
1852,847,growth,2023-02-26,2024-02-26,2062.3
1858,849,enterprise,2024-02-27,,10336.32
1860,850,starter,2025-01-25,,569.92
1864,852,starter,2023-06-05,,527.39
1865,853,starter,2024-10-05,,455.57
1866,853,growth,2024-10-05,,2127.19
1867,854,starter,2025-01-14,2026-01-14,444.16
1869,855,starter,2024-12-05,,595.67
1870,855,growth,2024-12-05,,2071.61
1871,856,enterprise,2024-10-02,,10348.49
1872,856,enterprise,2024-10-02,2025-10-02,10907.68
1873,857,starter,2024-02-03,2025-02-02,506.27
1874,858,growth,2024-12-17,,2379.18
1876,859,starter,2025-02-12,,575.51
1877,859,enterprise,2025-02-12,,10263.77
1878,860,growth,2025-01-05,,2775.42
1879,861,starter,2023-01-10,,431.87
1880,861,starter,2023-01-10,2024-01-10,591.42
1881,862,enterprise,2023-07-24,,12969.07
1882,862,growth,2023-07-24,,2344.77
1883,863,growth,2023-11-16,,2564.12
1884,863,enterprise,2023-11-16,,9655.24
1887,865,growth,2024-08-04,,2114.83
1888,865,starter,2024-08-04,,494.6
1890,866,starter,2024-08-12,2025-08-12,574.95
1892,867,growth,2025-02-15,,2694.57
1896,869,starter,2023-02-09,,485.11
1897,870,growth,2023-05-10,2024-05-09,2321.07
1899,871,growth,2025-02-21,,2720.1
1900,871,growth,2025-02-21,,2047.71
1902,872,starter,2023-12-27,2024-12-26,515.83
1903,872,growth,2023-12-27,2024-12-26,2367.12
1904,873,growth,2024-07-31,,2584.45
1905,873,starter,2024-07-31,2025-07-31,423.33
1906,873,growth,2024-07-31,,2696.65
1907,874,enterprise,2023-09-19,,12385.48
1908,874,enterprise,2023-09-19,,12034.4
1909,874,enterprise,2023-09-19,2024-09-18,11991.14
1911,875,enterprise,2024-11-27,,10613.14
1912,876,enterprise,2024-06-02,,10716.72
1914,876,starter,2024-06-02,,476.6
1915,877,starter,2025-02-16,,502.09
1918,878,starter,2023-10-25,2024-10-24,511.35
1919,878,enterprise,2023-10-25,2024-10-24,10298.76
1921,879,growth,2024-07-17,,2958.52
1922,879,starter,2024-07-17,,597.18
1925,881,growth,2023-12-31,,2102.05
1926,882,growth,2024-07-06,2025-07-06,2587.95
1927,882,starter,2024-07-06,,409.18
1930,883,starter,2023-01-26,,470.59
1931,883,starter,2023-01-26,2024-01-26,419.01
1932,884,growth,2023-01-25,,2887.22
1933,884,starter,2023-01-25,,411.47
1934,885,growth,2023-06-11,2024-06-10,2851.55
1935,885,growth,2023-06-11,,2558.47
1937,886,enterprise,2023-07-25,,11997.27
1938,886,starter,2023-07-25,2024-07-24,560.46
1939,886,growth,2023-07-25,,2912.31
1940,887,enterprise,2024-02-17,,9765.94
1941,888,growth,2023-05-30,2024-05-29,2942.78
1942,888,enterprise,2023-05-30,2024-05-29,11869.37
1944,889,starter,2023-12-18,,484.18
1945,889,enterprise,2023-12-18,,10890.09
1946,889,growth,2023-12-18,2024-12-17,2073.19
1948,890,starter,2023-05-21,,543.35
1951,892,growth,2025-03-13,,2362.86
1952,892,growth,2025-03-13,2026-03-13,2987.98
1954,893,growth,2023-10-06,2024-10-05,2962.67
1955,894,starter,2025-03-28,,573.87
1957,895,enterprise,2023-01-28,,10494.59
1959,896,starter,2024-09-07,2025-09-07,408.95
1961,897,growth,2023-02-03,2024-02-03,2591.13
1962,897,starter,2023-02-03,,563.96
1963,898,enterprise,2024-11-12,,9843.77
1964,899,starter,2023-09-20,2024-09-19,436.04
1965,899,growth,2023-09-20,,2464.91
1966,899,growth,2023-09-20,,2019.66
1967,900,enterprise,2025-03-16,,14086.78
1968,900,growth,2025-03-16,,2351.7
1970,901,growth,2023-02-15,2024-02-15,2223.37
1971,902,starter,2023-11-04,,596.79
1972,902,starter,2023-11-04,,518.94
1974,903,starter,2025-01-10,,489.16
1975,903,growth,2025-01-10,,2129.73
1978,905,growth,2024-10-08,2025-10-08,2205.15
1979,905,starter,2024-10-08,,468.67
1980,906,growth,2024-08-04,2025-08-04,2994.81
1982,906,starter,2024-08-04,2025-08-04,498.32
1983,907,starter,2024-12-11,,448.49
1984,907,starter,2024-12-11,,500.59
1985,907,starter,2024-12-11,,579.62
1986,908,enterprise,2023-09-12,,10481.63
1987,908,growth,2023-09-12,,2830.91
1988,909,starter,2024-08-27,,589.13
1989,909,starter,2024-08-27,,548.5
1990,909,enterprise,2024-08-27,,12816.24
1991,910,starter,2025-03-04,,591.71
1992,910,enterprise,2025-03-04,2026-03-04,13072.04
1993,910,growth,2025-03-04,,2389.8
1996,912,enterprise,2024-09-30,,10579.57
1997,913,enterprise,2025-04-20,,9817.33
1998,913,enterprise,2025-04-20,,12211.65
1999,913,growth,2025-04-20,2026-04-20,2145.88
2000,914,growth,2023-12-07,,2098.14
2001,914,enterprise,2023-12-07,,10923.89
2002,915,starter,2023-11-18,,519.59
2004,916,starter,2025-04-21,,527.16
2007,917,starter,2023-04-15,,474.12
2009,918,enterprise,2025-02-17,2026-02-17,11555.17
2011,919,starter,2023-06-13,2024-06-12,520.38
2012,919,growth,2023-06-13,2024-06-12,2656.7
2013,919,starter,2023-06-13,,492.78
2014,920,growth,2023-09-07,,2021.67
2016,921,enterprise,2023-10-18,2024-10-17,13312.8
2017,922,enterprise,2023-08-30,,13730.26
2018,922,starter,2023-08-30,,538.6
2022,924,growth,2025-04-26,,2462.2
2023,924,starter,2025-04-26,,563.73
2024,924,starter,2025-04-26,,476.41
2025,925,starter,2023-04-19,,578.68
2028,926,growth,2024-08-15,,2359.57
2030,926,starter,2024-08-15,2025-08-15,572.3
2031,927,starter,2023-01-17,,420.89
2033,927,starter,2023-01-17,,417.76
2034,928,growth,2025-02-25,,2973.02
2035,928,starter,2025-02-25,,465.48
2036,929,starter,2024-04-20,2025-04-20,414.23
2037,930,starter,2024-08-30,,498.18
2038,930,enterprise,2024-08-30,,12239.88
2039,931,enterprise,2024-03-16,,11211.85
2040,931,starter,2024-03-16,2025-03-16,484.21
2041,931,enterprise,2024-03-16,,10113.05
2042,932,starter,2024-03-12,,441.08
2044,933,growth,2023-04-27,,2783.17
2046,933,growth,2023-04-27,,2023.23
2048,934,growth,2023-05-18,2024-05-17,2872.95
2050,935,enterprise,2023-05-18,,11806.41
2052,936,growth,2024-12-08,2025-12-08,2174.69
2053,936,starter,2024-12-08,2025-12-08,414.92
2054,936,starter,2024-12-08,,454.34
2059,939,growth,2024-11-19,,2448.58
2061,941,starter,2023-12-21,2024-12-20,408.31
2063,941,starter,2023-12-21,,569.82
2064,942,growth,2023-01-21,2024-01-21,2627.01
2065,943,enterprise,2023-11-30,2024-11-29,9848.82
2067,944,growth,2023-10-08,2024-10-07,2450.72
2068,944,growth,2023-10-08,,2904.5
2073,946,enterprise,2024-11-27,,10765.13
2074,946,starter,2024-11-27,,495.69
2076,947,starter,2023-04-18,2024-04-17,525.71
2077,948,starter,2023-03-09,,512.62
2079,948,starter,2023-03-09,,468.09
2080,949,enterprise,2023-12-06,,9764.9
2081,949,starter,2023-12-06,,454.23
2083,950,growth,2024-06-18,2025-06-18,2473.29
2088,952,starter,2024-01-23,,498.43
2089,953,starter,2024-08-15,,584.37
2090,953,starter,2024-08-15,2025-08-15,554.59
2092,954,growth,2024-09-16,,2207.11
2093,954,starter,2024-09-16,,588.9
2094,955,starter,2025-03-04,,535.1
2096,956,growth,2025-02-28,,2745.64
2098,956,starter,2025-02-28,,599.13
2099,957,growth,2025-02-15,,2364.08
2100,957,starter,2025-02-15,,536.17
2101,958,enterprise,2024-12-27,,12323.96
2103,958,growth,2024-12-27,,2263.96
2104,959,starter,2023-04-11,,405.39
2106,960,growth,2024-02-13,2025-02-12,2700.13
2107,961,enterprise,2025-01-30,2026-01-30,12976.56
2109,963,enterprise,2025-04-03,,11430.07
2110,963,growth,2025-04-03,,2272.7
2111,963,growth,2025-04-03,,2237.82
2113,964,growth,2023-05-04,,2421.32
2115,965,growth,2024-08-25,,2005.36
2116,965,starter,2024-08-25,,513.02
2118,966,starter,2024-10-21,2025-10-21,405.97
2119,967,starter,2025-03-15,2026-03-15,409.55
2122,968,starter,2023-03-13,2024-03-12,513.07
2124,969,starter,2024-02-28,,548.97
2125,969,starter,2024-02-28,,502.18
2129,971,starter,2023-05-11,,571.21
2131,972,starter,2023-12-30,2024-12-29,455.49
2132,973,starter,2025-04-21,,458.69
2134,974,starter,2025-02-06,2026-02-06,553.92
2135,974,starter,2025-02-06,,578.93
2136,974,starter,2025-02-06,,412.13
2140,977,starter,2025-01-14,2026-01-14,504.29
2141,977,enterprise,2025-01-14,2026-01-14,14359.08
2143,978,starter,2024-01-29,2025-01-28,455.28
2144,979,enterprise,2025-04-06,2026-04-06,12796.76
2146,980,growth,2024-06-16,,2038.43
2147,980,starter,2024-06-16,,427.09
2148,980,growth,2024-06-16,2025-06-16,2692.02
2150,981,growth,2024-08-07,,2202.7
2151,982,starter,2024-01-11,,516.35
2154,983,starter,2023-04-20,,537.7
2155,983,enterprise,2023-04-20,,14322.55
2156,983,enterprise,2023-04-20,,10696.73
2157,984,starter,2023-10-14,,525.48
2158,984,growth,2023-10-14,,2866.17
2162,987,enterprise,2024-12-18,,10008.44
2163,987,starter,2024-12-18,,507.6
2164,988,starter,2025-03-04,2026-03-04,499.56
2165,988,starter,2025-03-04,,464.57
2167,989,starter,2024-09-27,2025-09-27,456.9
2169,990,starter,2023-03-13,,477.98
2170,990,starter,2023-03-13,,528.09
2171,990,enterprise,2023-03-13,,13961.35
2172,991,growth,2025-03-08,,2865.46
2176,993,starter,2025-04-27,,598.73
2177,993,starter,2025-04-27,,501.37
2178,994,enterprise,2024-01-09,,9614.62
2179,995,growth,2023-04-07,,2617.69
2180,995,starter,2023-04-07,,515.07
2181,995,starter,2023-04-07,2024-04-06,545.17
2182,996,growth,2023-04-27,,2553.2
2183,996,growth,2023-04-27,,2841.05
2186,997,starter,2023-09-06,,453.8
2187,998,enterprise,2025-04-09,2026-04-09,11599.2
2188,998,starter,2025-04-09,,490.0
2189,998,growth,2025-04-09,2026-04-09,2525.02
2192,1001,starter,2024-01-29,,508.1
2193,1002,growth,2024-01-04,2025-01-03,2560.22
2194,1002,growth,2024-01-04,,2802.14
2195,1003,growth,2024-03-16,2025-03-16,2156.96
2196,1003,starter,2024-03-16,,562.34
2197,1004,starter,2025-03-09,2026-03-09,528.5
2198,1004,growth,2025-03-09,,2743.75
2202,1005,starter,2023-02-28,,548.42
2203,1006,growth,2024-09-16,2025-09-16,2423.21
2204,1007,growth,2023-08-02,,2830.74
2206,1007,starter,2023-08-02,2024-08-01,409.57
2207,1008,starter,2023-09-16,2024-09-15,561.78
2209,1009,starter,2024-09-22,,479.93
2211,1010,starter,2025-01-24,2026-01-24,469.75
2212,1010,enterprise,2025-01-24,,11980.28
2215,1011,starter,2025-03-05,,597.34
2216,1011,starter,2025-03-05,,437.16
2218,1012,growth,2023-08-16,,2452.51
2220,1014,enterprise,2024-08-17,,13494.47
2221,1014,starter,2024-08-17,,428.6
2222,1014,starter,2024-08-17,2025-08-17,572.94
2223,1015,growth,2024-07-28,,2113.02
2224,1015,growth,2024-07-28,2025-07-28,2745.3
2226,1016,starter,2023-03-12,,596.91
2230,1018,starter,2023-03-21,2024-03-20,474.01
2231,1018,starter,2023-03-21,,401.41
2232,1018,starter,2023-03-21,,486.15
2233,1019,starter,2023-04-20,,491.92
2235,1019,starter,2023-04-20,2024-04-19,522.2
2236,1020,growth,2024-12-23,2025-12-23,2582.11
2237,1020,starter,2024-12-23,,580.5
2240,1022,starter,2023-09-13,,481.73
2241,1023,growth,2025-03-03,,2384.96
2243,1024,growth,2024-12-19,,2467.9
2246,1025,starter,2024-09-11,,443.1
2247,1025,growth,2024-09-11,,2227.61
2249,1026,growth,2023-07-10,,2849.77
2250,1026,starter,2023-07-10,2024-07-09,495.01
2251,1027,starter,2024-01-23,,475.65
2253,1027,starter,2024-01-23,,595.32
2254,1028,growth,2024-02-05,,2563.08
2256,1029,enterprise,2023-12-17,,10878.31
2257,1029,growth,2023-12-17,,2764.27
2258,1030,growth,2025-01-18,,2067.3
2259,1030,growth,2025-01-18,2026-01-18,2908.71
2260,1030,starter,2025-01-18,,511.18
2261,1031,growth,2023-10-14,,2156.0
2262,1031,enterprise,2023-10-14,,12614.39
2263,1031,growth,2023-10-14,2024-10-13,2336.23
2265,1032,enterprise,2025-04-08,,12289.73
2266,1033,starter,2023-03-15,,592.18
2268,1033,starter,2023-03-15,2024-03-14,412.93
2270,1035,growth,2023-04-09,,2482.96
2271,1035,starter,2023-04-09,,563.84
2272,1035,enterprise,2023-04-09,,14054.11
2273,1036,starter,2023-03-10,,437.95
2275,1036,starter,2023-03-10,,573.06
2276,1037,enterprise,2025-01-18,,13068.96
2277,1038,starter,2024-02-03,,551.89
2280,1039,starter,2023-11-10,,510.2
2281,1039,starter,2023-11-10,,458.47
2283,1041,starter,2025-01-13,2026-01-13,475.12
2285,1041,starter,2025-01-13,,421.08
2287,1042,enterprise,2024-08-07,,14112.36
2288,1043,growth,2023-03-18,,2880.43
2292,1044,starter,2025-01-25,,589.37
2293,1045,growth,2023-03-25,2024-03-24,2927.83
2294,1045,growth,2023-03-25,,2003.17
2295,1045,starter,2023-03-25,,486.08
2296,1046,growth,2024-10-05,,2343.33
2298,1046,enterprise,2024-10-05,,13914.56
2299,1047,starter,2024-03-31,,544.1
2300,1047,growth,2024-03-31,2025-03-31,2895.65
2301,1048,starter,2024-05-25,2025-05-25,587.82
2302,1048,starter,2024-05-25,,498.02
2303,1049,growth,2024-11-04,2025-11-04,2446.21
2306,1051,starter,2024-11-19,,511.36
2307,1051,starter,2024-11-19,,541.51
2308,1052,enterprise,2025-01-06,,9989.35
2309,1052,enterprise,2025-01-06,2026-01-06,12644.76
2310,1053,starter,2025-03-30,,456.4
2311,1054,starter,2025-04-01,2026-04-01,538.31
2312,1054,starter,2025-04-01,2026-04-01,547.19
2313,1055,starter,2024-09-08,,593.79
2315,1056,starter,2023-05-24,2024-05-23,573.91
2319,1059,starter,2024-11-24,,523.6
2320,1059,starter,2024-11-24,,560.31
2321,1060,starter,2024-10-02,,442.33
2323,1060,growth,2024-10-02,,2270.94
2324,1061,growth,2024-10-21,,2468.9
2325,1061,growth,2024-10-21,2025-10-21,2848.35
2326,1061,starter,2024-10-21,,423.16
2327,1062,growth,2023-08-08,,2599.97
2329,1063,enterprise,2025-01-22,,11958.17
2331,1064,starter,2024-03-09,,410.85
2333,1065,starter,2023-09-08,,515.65
2334,1066,growth,2024-05-21,,2224.35
2336,1067,enterprise,2023-04-18,,10888.31
2337,1067,starter,2023-04-18,,549.19
2338,1068,growth,2024-05-01,,2205.63
2339,1068,enterprise,2024-05-01,,12475.61
2340,1068,starter,2024-05-01,2025-05-01,529.25
2342,1069,growth,2023-02-04,,2545.18
2344,1070,starter,2024-07-03,,425.84
2345,1071,starter,2025-02-16,,566.17
2346,1071,starter,2025-02-16,,536.27
2347,1071,growth,2025-02-16,,2043.21
2348,1072,starter,2024-12-11,,489.39
2349,1072,growth,2024-12-11,,2869.02
2350,1072,enterprise,2024-12-11,,10716.18
2352,1074,growth,2023-08-04,,2975.91
2354,1075,growth,2023-10-24,2024-10-23,2683.44
2355,1076,starter,2023-04-02,,582.34
2356,1077,starter,2024-06-27,,523.59
2357,1077,starter,2024-06-27,,529.89
2359,1078,enterprise,2024-05-30,,12926.13
2360,1078,starter,2024-05-30,,439.05
2361,1079,starter,2023-04-23,,564.44
2362,1079,starter,2023-04-23,2024-04-22,524.9
2363,1079,growth,2023-04-23,2024-04-22,2214.38
2364,1080,starter,2025-03-02,,553.81
2367,1081,starter,2025-02-06,,504.13
2368,1082,enterprise,2024-11-19,,13545.4
2369,1082,starter,2024-11-19,,568.22
2370,1083,enterprise,2024-12-22,,9879.2
2372,1085,starter,2024-04-20,,503.55
2373,1085,starter,2024-04-20,,581.48
2375,1086,growth,2023-09-25,,2346.15
2377,1087,starter,2024-01-07,,500.39
2379,1087,enterprise,2024-01-07,,11710.66
2380,1088,growth,2023-03-04,2024-03-03,2968.18
2382,1089,starter,2024-08-18,,492.02
2384,1090,growth,2024-08-10,2025-08-10,2409.5
2385,1091,growth,2024-02-03,,2949.73
2386,1091,enterprise,2024-02-03,,12702.96
2388,1093,starter,2024-05-28,,405.82
2390,1094,growth,2025-01-12,,2972.43
2394,1096,starter,2025-01-12,2026-01-12,553.39
2395,1096,growth,2025-01-12,,2549.93
2396,1096,growth,2025-01-12,2026-01-12,2029.7
2398,1098,growth,2024-03-05,2025-03-05,2572.82
2399,1099,starter,2024-03-27,,405.9
2400,1099,starter,2024-03-27,2025-03-27,599.3
2401,1099,growth,2024-03-27,,2259.25
2404,1100,starter,2023-01-22,,521.37
2405,1101,growth,2025-04-26,,2269.27
2406,1101,starter,2025-04-26,2026-04-26,559.04
2407,1101,growth,2025-04-26,,2557.87
2408,1102,starter,2024-04-23,,468.16
2411,1103,starter,2024-11-27,,583.12
2413,1104,growth,2023-02-18,,2829.83
2414,1104,starter,2023-02-18,,478.57
2416,1106,enterprise,2023-05-09,2024-05-08,12487.67
2417,1106,growth,2023-05-09,,2419.18
2418,1107,growth,2024-09-25,,2394.95
2419,1107,starter,2024-09-25,,475.35
2420,1107,growth,2024-09-25,,2744.59
2423,1109,starter,2025-01-04,,420.28
2425,1110,starter,2024-02-28,,440.05
2426,1110,starter,2024-02-28,,585.66
2427,1110,growth,2024-02-28,,2618.17
2428,1111,starter,2023-08-19,2024-08-18,412.92
2430,1112,starter,2024-01-12,,466.04
2431,1112,growth,2024-01-12,,2719.14
2432,1113,growth,2025-02-17,,2607.51
2433,1113,starter,2025-02-17,,560.62
2435,1114,growth,2025-03-24,,2381.5
2436,1115,growth,2023-03-09,2024-03-08,2941.1
2437,1115,growth,2023-03-09,,2454.92
2438,1115,starter,2023-03-09,2024-03-08,430.57
2440,1117,growth,2025-03-04,2026-03-04,2440.81
2441,1117,starter,2025-03-04,,592.86
2443,1118,starter,2025-03-09,,490.98
2444,1119,growth,2025-04-04,,2049.08
2445,1120,enterprise,2025-01-29,,10339.81
2446,1120,starter,2025-01-29,,485.62
2448,1121,starter,2024-07-21,,521.01
2449,1122,starter,2025-04-10,2026-04-10,428.09
2452,1123,growth,2024-10-26,2025-10-26,2176.8
2453,1123,starter,2024-10-26,,573.61
2454,1124,growth,2024-01-03,2025-01-02,2868.75
2455,1125,starter,2024-04-13,,569.15
2456,1125,growth,2024-04-13,2025-04-13,2488.06
2457,1125,starter,2024-04-13,2025-04-13,560.86
2458,1126,enterprise,2025-03-03,,13720.58
2459,1126,growth,2025-03-03,2026-03-03,2470.75
2460,1126,starter,2025-03-03,,411.58
2461,1127,starter,2025-03-18,,421.77
2462,1127,growth,2025-03-18,,2406.68
2464,1128,starter,2025-02-06,,505.72
2465,1128,starter,2025-02-06,,455.97
2466,1128,starter,2025-02-06,,523.7
2469,1130,starter,2024-02-03,,549.58
2470,1131,growth,2025-02-18,2026-02-18,2239.56
2471,1131,enterprise,2025-02-18,2026-02-18,11937.01
2472,1132,growth,2023-02-08,,2845.53
2474,1133,starter,2023-12-29,,445.25
2475,1134,starter,2024-03-18,,557.16
2478,1135,starter,2024-01-08,2025-01-07,554.55
2479,1136,growth,2023-11-20,2024-11-19,2148.93
2481,1137,starter,2023-12-11,2024-12-10,556.8
2482,1137,starter,2023-12-11,,439.54
2483,1138,growth,2025-01-30,,2805.3
2484,1139,starter,2023-04-19,,562.74
2485,1139,starter,2023-04-19,,454.67
2486,1139,growth,2023-04-19,2024-04-18,2816.14
2487,1140,starter,2024-08-15,,597.36
2488,1141,starter,2023-09-10,,536.53
2489,1141,growth,2023-09-10,2024-09-09,2639.81
2490,1141,starter,2023-09-10,,593.44
2493,1143,growth,2024-10-17,,2281.56
2494,1143,starter,2024-10-17,,454.72
2495,1143,starter,2024-10-17,2025-10-17,411.29
2496,1144,growth,2024-03-07,,2756.77
2497,1144,growth,2024-03-07,2025-03-07,2950.06
2498,1144,starter,2024-03-07,2025-03-07,400.29
2499,1145,starter,2024-04-22,,599.42
2500,1146,starter,2023-08-08,,574.11
2501,1146,growth,2023-08-08,,2959.96
2503,1147,growth,2024-02-26,,2488.46
2504,1147,starter,2024-02-26,,449.15
2506,1149,starter,2024-12-11,,446.75
2507,1149,starter,2024-12-11,,426.16
2509,1150,starter,2023-08-08,2024-08-07,545.83
2510,1151,starter,2023-03-20,,439.14
2512,1151,starter,2023-03-20,,408.88
2513,1152,growth,2023-10-13,2024-10-12,2214.5
2514,1152,starter,2023-10-13,,548.39
2518,1154,enterprise,2023-09-21,2024-09-20,14245.02
2519,1155,growth,2024-06-02,,2840.02
2520,1155,growth,2024-06-02,,2698.76
2523,1156,growth,2025-03-02,,2820.85
2524,1157,starter,2023-10-16,2024-10-15,495.13
2525,1157,starter,2023-10-16,,557.6
2526,1158,enterprise,2025-01-09,,12617.81
2527,1158,starter,2025-01-09,2026-01-09,538.12
2530,1159,starter,2024-01-22,,450.26
2533,1160,starter,2025-01-07,,481.57
2534,1161,starter,2024-03-18,2025-03-18,593.15
2536,1162,starter,2024-09-11,,510.38
2538,1162,growth,2024-09-11,,2887.51
2539,1163,starter,2024-12-06,,412.16
2541,1163,starter,2024-12-06,2025-12-06,446.88
2542,1164,enterprise,2023-09-14,,13213.54
2544,1164,starter,2023-09-14,,400.85
2545,1165,growth,2024-09-29,2025-09-29,2917.51
2546,1165,growth,2024-09-29,,2374.43
2547,1165,growth,2024-09-29,,2897.88
2548,1166,starter,2023-11-10,2024-11-09,573.87
2549,1166,starter,2023-11-10,,575.78
2555,1168,starter,2024-05-26,,585.95
2556,1169,growth,2023-04-25,,2190.77
2557,1170,starter,2024-02-19,,481.88
2558,1170,starter,2024-02-19,,469.32
2559,1170,enterprise,2024-02-19,,10364.35
2562,1171,starter,2025-02-15,2026-02-15,568.77
2565,1173,enterprise,2023-04-28,,10197.63
2566,1173,enterprise,2023-04-28,,12245.57
2567,1174,starter,2025-02-28,2026-02-28,575.53
2570,1175,growth,2024-06-25,,2881.81
2571,1175,starter,2024-06-25,,460.48
2572,1176,growth,2023-08-04,,2390.64
2573,1176,growth,2023-08-04,2024-08-03,2655.01
2575,1177,growth,2023-02-21,,2520.11
2577,1177,starter,2023-02-21,2024-02-21,524.35
2578,1178,starter,2024-02-13,,436.31
2579,1178,growth,2024-02-13,2025-02-12,2022.11
2580,1178,growth,2024-02-13,2025-02-12,2413.07
2582,1179,starter,2023-06-14,,478.8
2585,1180,growth,2024-05-19,,2120.06
2587,1181,growth,2023-09-16,2024-09-15,2269.89
2589,1182,growth,2023-03-31,,2295.27
2590,1182,starter,2023-03-31,,494.23
2591,1183,growth,2023-11-04,,2117.1
2592,1183,starter,2023-11-04,,402.83
2593,1184,starter,2023-12-21,,517.87
2594,1185,growth,2024-07-30,,2075.03
2595,1186,growth,2023-07-10,,2251.99
2596,1187,growth,2024-04-30,,2831.25
2597,1187,growth,2024-04-30,2025-04-30,2700.39
2600,1188,growth,2023-03-20,,2780.4
2601,1188,growth,2023-03-20,,2879.67
2602,1189,enterprise,2025-03-07,,14351.06
2603,1189,starter,2025-03-07,2026-03-07,414.17
2604,1190,growth,2023-05-02,,2950.37
2606,1190,enterprise,2023-05-02,,13604.97
2607,1191,starter,2023-11-12,,573.0
2609,1193,enterprise,2025-04-09,,10667.05
2610,1193,growth,2025-04-09,,2289.45
2612,1194,starter,2023-10-02,,578.84
2613,1194,growth,2023-10-02,,2013.98
2614,1194,growth,2023-10-02,2024-10-01,2627.4
2615,1195,enterprise,2023-03-12,,10459.02
2617,1196,starter,2024-06-02,2025-06-02,500.44
2618,1196,growth,2024-06-02,,2092.85
2619,1197,growth,2024-11-30,2025-11-30,2119.63
2621,1198,enterprise,2024-10-26,,13203.29
2622,1198,growth,2024-10-26,,2000.91
2625,1200,growth,2024-02-14,2025-02-13,2613.81
2627,1200,starter,2024-02-14,,571.05
2628,1201,starter,2025-01-27,2026-01-27,455.54
2630,1202,enterprise,2023-12-09,2024-12-08,10076.33
2631,1203,growth,2025-01-07,,2416.45
2632,1203,enterprise,2025-01-07,2026-01-07,10230.72
2633,1203,growth,2025-01-07,,2743.68
2634,1204,growth,2024-06-19,,2130.18
2635,1204,starter,2024-06-19,2025-06-19,533.27
2639,1206,growth,2023-04-08,,2242.0
2640,1206,starter,2023-04-08,,428.56
2641,1206,growth,2023-04-08,,2825.16
2642,1207,growth,2023-05-18,,2700.98
2643,1207,growth,2023-05-18,,2373.3
2644,1207,starter,2023-05-18,,551.5
2645,1208,starter,2025-03-23,,426.24
2646,1209,starter,2024-05-30,,514.02
2647,1209,starter,2024-05-30,2025-05-30,419.17
2650,1210,enterprise,2025-01-19,2026-01-19,9600.83
2651,1210,enterprise,2025-01-19,,13294.86
2653,1211,starter,2025-01-01,,499.41
2656,1212,starter,2024-10-16,,523.17
2658,1213,growth,2024-10-24,,2232.71
2660,1213,starter,2024-10-24,,494.89
2661,1214,starter,2024-09-15,,462.37
2662,1214,growth,2024-09-15,,2329.86
2663,1214,growth,2024-09-15,2025-09-15,2683.21
2665,1215,growth,2025-02-17,,2359.27
2666,1215,starter,2025-02-17,,515.88
2668,1216,enterprise,2023-07-27,,9677.64
2669,1216,growth,2023-07-27,,2818.43
2672,1217,growth,2025-01-09,,2497.18
2673,1218,starter,2023-02-27,,517.19
2674,1218,growth,2023-02-27,,2898.27
2675,1218,starter,2023-02-27,2024-02-27,475.95
2676,1219,growth,2024-11-24,,2560.89
2678,1219,starter,2024-11-24,2025-11-24,418.68
2679,1220,growth,2024-12-20,,2440.29
2680,1220,growth,2024-12-20,,2461.13
2683,1221,starter,2024-03-06,,457.06
2684,1222,starter,2024-11-30,,493.59
2686,1223,enterprise,2024-11-01,,12902.44
2688,1224,starter,2025-03-08,,490.97
2689,1225,starter,2023-06-22,,593.53
2690,1225,starter,2023-06-22,,515.91
2691,1225,enterprise,2023-06-22,,10007.93
2692,1226,starter,2025-03-31,,479.71
2693,1227,starter,2023-09-04,,598.64
2695,1228,enterprise,2023-04-02,,10127.57
2696,1228,starter,2023-04-02,2024-04-01,443.22
2698,1229,growth,2023-10-24,,2510.73
2700,1230,starter,2024-06-24,,526.36
2701,1230,enterprise,2024-06-24,2025-06-24,10342.98
2703,1231,starter,2023-03-10,,455.97
2704,1232,starter,2025-03-23,,582.28
2706,1233,growth,2024-10-12,,2036.43
2708,1234,starter,2024-06-11,,484.85
2709,1234,starter,2024-06-11,2025-06-11,484.92
2710,1235,starter,2024-12-30,,436.24
2711,1235,growth,2024-12-30,2025-12-30,2608.71
2712,1236,growth,2025-02-10,,2443.68
2714,1237,starter,2024-01-15,2025-01-14,519.47
2717,1238,starter,2024-03-30,2025-03-30,554.49
2718,1239,starter,2025-01-11,,433.99
2721,1240,growth,2024-01-10,2025-01-09,2947.36
2723,1240,growth,2024-01-10,,2283.86
2726,1241,growth,2025-02-12,,2636.43
2727,1242,starter,2025-02-22,,571.56
2728,1242,starter,2025-02-22,,452.54
2729,1243,starter,2024-08-04,,569.7
2730,1243,starter,2024-08-04,,464.58
2731,1244,enterprise,2025-03-29,,14140.76
2732,1244,starter,2025-03-29,,516.08
2733,1244,growth,2025-03-29,,2614.95
2734,1245,growth,2025-01-13,,2076.91
2735,1245,growth,2025-01-13,,2848.61
2736,1245,enterprise,2025-01-13,,13646.55
2737,1246,starter,2023-08-20,,518.86
2738,1246,growth,2023-08-20,,2703.5
2739,1247,enterprise,2023-08-29,,11384.02
2741,1247,growth,2023-08-29,2024-08-28,2682.31
2742,1248,starter,2023-12-02,2024-12-01,528.42
2743,1248,starter,2023-12-02,,534.73
2745,1249,growth,2024-03-15,,2117.17
2746,1249,growth,2024-03-15,,2380.65
2747,1250,enterprise,2023-11-18,,10954.43
2748,1250,growth,2023-11-18,2024-11-17,2882.04
2750,1251,growth,2024-08-22,,2956.48
2752,1251,starter,2024-08-22,,521.83
2753,1252,starter,2024-11-29,,593.89
2754,1252,starter,2024-11-29,2025-11-29,544.97
2755,1252,starter,2024-11-29,2025-11-29,597.31
2756,1253,growth,2023-08-05,,2785.64
2761,1256,starter,2024-05-17,2025-05-17,431.54
2767,1258,starter,2024-08-15,,554.21
2768,1259,starter,2024-02-24,,498.14
2769,1259,growth,2024-02-24,,2119.04
2770,1260,enterprise,2025-04-18,,13880.29
2772,1260,growth,2025-04-18,,2529.0
2773,1261,starter,2025-02-03,,470.67
2774,1261,growth,2025-02-03,,2989.22
2775,1261,starter,2025-02-03,,488.97
2776,1262,starter,2023-11-22,,464.48
2780,1263,starter,2024-06-24,,514.74
2784,1264,starter,2025-01-06,,437.19
2785,1265,growth,2025-04-23,,2256.7
2786,1265,starter,2025-04-23,,579.36
2787,1266,growth,2024-07-23,,2273.05
2791,1267,starter,2023-12-24,,565.52
2792,1267,starter,2023-12-24,2024-12-23,456.35
2793,1268,starter,2025-03-15,,547.38
2795,1268,starter,2025-03-15,2026-03-15,533.61
2796,1269,growth,2023-05-27,2024-05-26,2059.18
2798,1270,growth,2023-12-01,,2396.48
2799,1270,enterprise,2023-12-01,,11376.61
2800,1270,enterprise,2023-12-01,,13499.43
2804,1272,growth,2024-04-23,,2625.6
2806,1273,growth,2023-07-23,2024-07-22,2765.47
2807,1274,growth,2023-11-24,,2999.52
2808,1274,starter,2023-11-24,,543.51
2811,1275,starter,2025-01-25,,456.39
2813,1276,starter,2025-03-11,,415.52
2814,1276,enterprise,2025-03-11,2026-03-11,12126.52
2815,1277,starter,2023-02-19,,404.0
2816,1277,starter,2023-02-19,2024-02-19,421.41
2819,1279,starter,2023-05-25,,482.56
2824,1282,enterprise,2023-02-11,,13319.19
2825,1282,enterprise,2023-02-11,,12407.0
2830,1285,enterprise,2025-02-20,,13284.09
2831,1285,growth,2025-02-20,,2311.65
2832,1286,growth,2023-11-26,2024-11-25,2774.71
2833,1286,growth,2023-11-26,,2789.1
2834,1287,growth,2024-06-28,,2257.25
2835,1287,starter,2024-06-28,,416.78
2836,1287,growth,2024-06-28,2025-06-28,2339.32
2837,1288,starter,2023-11-26,,464.26
2838,1288,starter,2023-11-26,,438.22
2839,1288,starter,2023-11-26,2024-11-25,484.46
2840,1289,growth,2023-06-18,,2294.11
2841,1289,starter,2023-06-18,2024-06-17,451.54
2842,1290,enterprise,2024-01-28,,13437.37
2843,1290,enterprise,2024-01-28,2025-01-27,12215.28
2844,1291,starter,2023-07-21,,539.82
2845,1291,enterprise,2023-07-21,2024-07-20,13433.9
2848,1293,enterprise,2023-10-04,,13450.97
2849,1293,starter,2023-10-04,2024-10-03,574.22
2850,1294,growth,2023-10-22,,2427.94
2851,1295,growth,2025-04-04,,2257.13
2853,1295,starter,2025-04-04,,551.1
2854,1296,growth,2025-02-12,2026-02-12,2642.53
2855,1296,starter,2025-02-12,2026-02-12,462.9
2856,1296,starter,2025-02-12,,421.92
2857,1297,starter,2023-12-12,,515.58
2858,1297,growth,2023-12-12,,2899.8
2860,1298,growth,2025-02-17,,2312.18
2863,1299,starter,2023-05-10,,417.09
2864,1299,enterprise,2023-05-10,,11568.54
2866,1300,growth,2023-06-20,,2144.63
2867,1301,enterprise,2023-04-04,,12889.93
2869,1301,growth,2023-04-04,2024-04-03,2642.26
2872,1303,enterprise,2025-03-18,,11402.95
2874,1304,starter,2024-07-23,,415.83
2876,1305,starter,2025-04-02,,491.53
2877,1305,starter,2025-04-02,,593.97
2878,1305,growth,2025-04-02,,2855.62
2879,1306,enterprise,2025-02-22,,11223.61
2881,1307,growth,2025-04-06,,2711.99
2883,1308,enterprise,2024-12-16,2025-12-16,11847.65
2886,1310,enterprise,2024-06-04,2025-06-04,9837.56
2889,1311,starter,2024-09-23,,456.59
2890,1311,enterprise,2024-09-23,,12444.77
2891,1311,growth,2024-09-23,,2234.8
2894,1312,enterprise,2023-03-04,2024-03-03,14060.04
2895,1313,growth,2024-08-16,2025-08-16,2195.29
2896,1313,growth,2024-08-16,,2102.27
2897,1314,growth,2024-08-22,,2361.1
2900,1315,starter,2023-07-12,,588.91
2901,1315,starter,2023-07-12,2024-07-11,583.84
2904,1316,starter,2023-05-11,,407.75
2906,1318,starter,2023-12-08,,435.17
2907,1318,starter,2023-12-08,,542.9
2909,1319,starter,2025-03-31,,492.63
2910,1319,starter,2025-03-31,2026-03-31,475.31
2911,1319,starter,2025-03-31,,537.35
2912,1320,enterprise,2023-03-02,,10227.33
2914,1321,enterprise,2024-11-11,2025-11-11,13003.79
2916,1321,growth,2024-11-11,2025-11-11,2626.85
2917,1322,starter,2024-01-09,,582.56
2918,1322,enterprise,2024-01-09,2025-01-08,12700.69
2919,1322,starter,2024-01-09,,465.7
2920,1323,starter,2024-09-27,,464.76
2921,1324,starter,2023-12-13,,431.7
2922,1324,starter,2023-12-13,2024-12-12,534.69
2924,1325,starter,2024-04-14,2025-04-14,581.46
2926,1326,starter,2023-09-22,,557.73
2928,1326,enterprise,2023-09-22,,12999.27
2929,1327,growth,2025-02-22,,2371.13
2932,1329,enterprise,2024-06-16,2025-06-16,11503.11
2934,1330,starter,2024-05-21,,442.48
2936,1331,enterprise,2025-04-06,2026-04-06,13069.5
2939,1333,growth,2024-09-05,,2324.71
2941,1334,starter,2023-09-25,,549.53
2942,1335,growth,2024-03-12,2025-03-12,2466.47
2943,1335,growth,2024-03-12,,2169.09
2944,1336,starter,2023-07-02,2024-07-01,452.22
2945,1336,growth,2023-07-02,2024-07-01,2359.39
2946,1337,starter,2025-03-13,2026-03-13,589.94
2949,1339,starter,2025-03-31,2026-03-31,400.59
2952,1340,starter,2024-10-01,,594.28
2953,1341,enterprise,2023-02-14,,12248.73
2954,1341,enterprise,2023-02-14,,12068.9
2955,1342,enterprise,2023-04-03,,10883.18
2956,1343,growth,2023-04-27,,2638.56
2957,1343,growth,2023-04-27,,2472.63
2958,1343,growth,2023-04-27,,2942.02
2960,1344,starter,2023-02-09,,432.02
2961,1344,enterprise,2023-02-09,2024-02-09,11811.76
2964,1346,starter,2024-10-11,,447.19
2966,1346,growth,2024-10-11,,2506.5
2967,1347,growth,2023-05-29,,2238.92
2968,1347,starter,2023-05-29,,447.44
2970,1348,growth,2023-09-09,2024-09-08,2788.47
2971,1349,starter,2023-03-18,,573.45
2972,1349,growth,2023-03-18,,2259.45
2974,1350,growth,2024-12-13,,2565.62
2975,1350,starter,2024-12-13,,562.06
2977,1351,starter,2025-02-23,,527.18
2979,1352,starter,2024-02-16,2025-02-15,410.08
2981,1353,starter,2023-11-17,,515.84
2982,1354,starter,2025-02-20,,432.5
2983,1355,growth,2024-03-16,,2884.49
2987,1356,starter,2024-09-12,2025-09-12,506.9
2988,1356,starter,2024-09-12,2025-09-12,535.24
2989,1357,growth,2025-01-31,,2544.26
2990,1357,growth,2025-01-31,,2469.35
2991,1357,growth,2025-01-31,,2292.73
2993,1358,starter,2023-03-12,,584.67
2996,1359,growth,2024-11-28,2025-11-28,2494.72
2998,1361,growth,2023-06-23,,2403.67
3001,1362,starter,2025-02-15,,594.26
3002,1363,enterprise,2024-09-09,,9959.88
3003,1364,starter,2025-04-24,,518.17
3005,1364,starter,2025-04-24,,409.63
3007,1365,starter,2023-12-29,,420.21
3008,1366,starter,2023-02-16,,560.5
3009,1366,starter,2023-02-16,,498.02
3011,1367,starter,2023-12-10,2024-12-09,542.12
3015,1369,starter,2023-03-21,,414.94
3016,1369,starter,2023-03-21,,492.52
3017,1370,starter,2023-04-14,,592.7
3018,1370,starter,2023-04-14,,478.73
3019,1370,starter,2023-04-14,,541.9
3020,1371,starter,2025-03-31,,567.62
3023,1372,growth,2023-08-31,,2371.7
3024,1373,starter,2023-06-30,,493.51
3026,1373,starter,2023-06-30,2024-06-29,567.51
3027,1374,starter,2024-02-29,,595.44
3028,1375,starter,2024-05-25,,474.52
3029,1375,growth,2024-05-25,,2865.04
3034,1377,starter,2023-02-01,,450.63
3037,1378,growth,2024-02-18,,2075.87
3039,1379,starter,2025-03-17,2026-03-17,586.48
3042,1380,enterprise,2024-08-06,,11683.9
3043,1380,growth,2024-08-06,2025-08-06,2835.17
3044,1381,starter,2024-07-27,,477.04
3045,1381,starter,2024-07-27,,497.7
3046,1381,starter,2024-07-27,,473.09
3047,1382,starter,2024-04-23,2025-04-23,493.54
3049,1383,starter,2024-04-26,,452.96
3050,1383,starter,2024-04-26,,429.44
3052,1384,starter,2024-01-28,2025-01-27,540.76
3055,1385,starter,2023-09-23,2024-09-22,404.52
3056,1385,starter,2023-09-23,,441.63
3057,1386,starter,2025-01-18,,497.21
3058,1386,starter,2025-01-18,,567.15
3059,1387,starter,2025-04-16,,559.34
3061,1387,starter,2025-04-16,,469.5
3062,1388,starter,2023-03-27,,526.15
3063,1388,growth,2023-03-27,,2036.38
3066,1390,growth,2023-03-12,,2106.87
3068,1390,enterprise,2023-03-12,,10829.59
3069,1391,growth,2024-04-27,,2598.33
3070,1391,starter,2024-04-27,,413.86
3073,1393,growth,2023-09-10,2024-09-09,2205.83
3075,1393,enterprise,2023-09-10,,12205.84
3076,1394,growth,2025-01-30,2026-01-30,2209.84
3077,1395,growth,2025-01-06,,2542.36
3078,1395,growth,2025-01-06,,2537.09
3080,1396,growth,2023-03-08,2024-03-07,2246.92
3081,1396,enterprise,2023-03-08,,11678.76
3082,1396,enterprise,2023-03-08,,11081.17
3083,1397,starter,2025-02-19,,486.99
3085,1398,starter,2024-12-02,,463.2
3087,1399,starter,2023-10-07,,500.63
3088,1400,starter,2024-09-11,,590.13
3090,1400,starter,2024-09-11,,518.6
3091,1401,growth,2024-03-15,,2527.0
3093,1401,starter,2024-03-15,2025-03-15,586.39
3094,1402,starter,2023-08-23,,574.73
3098,1404,starter,2024-02-11,,565.98
3100,1404,enterprise,2024-02-11,,11960.4
3101,1405,starter,2024-11-06,2025-11-06,510.63
3102,1405,starter,2024-11-06,2025-11-06,514.15
3103,1406,starter,2024-01-29,,481.23
3104,1407,growth,2024-10-09,,2583.51
3105,1407,growth,2024-10-09,,2071.47
3106,1407,growth,2024-10-09,,2696.07
3107,1408,growth,2025-02-12,,2481.89
3110,1409,starter,2023-03-24,,507.9
3111,1409,growth,2023-03-24,,2480.65
3112,1409,growth,2023-03-24,,2558.93
3114,1410,starter,2023-02-12,,444.05
3117,1411,growth,2025-01-26,2026-01-26,2807.03
3118,1412,starter,2025-03-08,,548.68
3119,1412,enterprise,2025-03-08,,11161.5
3120,1412,enterprise,2025-03-08,2026-03-08,10115.79
3121,1413,growth,2024-06-12,,2992.61
3122,1413,growth,2024-06-12,,2777.67
3123,1413,growth,2024-06-12,,2878.26
3125,1414,enterprise,2024-08-25,2025-08-25,11333.1
3127,1415,growth,2023-04-07,,2214.74
3128,1415,growth,2023-04-07,,2208.47
3129,1416,growth,2025-03-09,,2234.1
3130,1416,growth,2025-03-09,,2518.67
3131,1417,growth,2025-03-14,,2929.26
3132,1418,growth,2023-05-23,2024-05-22,2182.34
3134,1419,growth,2025-01-22,,2581.1
3136,1420,starter,2025-02-01,,456.25
3139,1421,starter,2023-09-16,,505.77
3140,1421,enterprise,2023-09-16,,10258.9
3142,1422,growth,2023-03-17,,2005.97
3146,1424,starter,2025-03-09,,482.44
3149,1426,starter,2023-10-21,,453.89
3150,1426,starter,2023-10-21,,427.48
3151,1426,growth,2023-10-21,,2627.86
3152,1427,growth,2025-02-17,,2249.2
3153,1427,growth,2025-02-17,,2349.62
3154,1427,growth,2025-02-17,,2610.0
3155,1428,starter,2023-09-21,,533.77
3157,1429,starter,2023-05-21,,466.31
3158,1429,starter,2023-05-21,,553.55
3168,1433,enterprise,2024-04-08,2025-04-08,12670.45
3169,1434,enterprise,2023-12-21,2024-12-20,14129.35
3170,1435,growth,2024-07-13,,2551.35
3171,1435,growth,2024-07-13,,2394.65
3172,1435,starter,2024-07-13,,554.73
3173,1436,growth,2023-07-28,,2224.72
3175,1437,starter,2023-09-05,2024-09-04,454.39
3176,1437,starter,2023-09-05,2024-09-04,516.74
3178,1438,starter,2024-11-17,,449.27
3179,1439,starter,2023-04-22,,442.98
3181,1439,growth,2023-04-22,,2065.14
3182,1440,starter,2023-10-27,,508.54
3183,1441,starter,2023-09-08,,541.99
3186,1442,growth,2023-07-14,2024-07-13,2943.69
3187,1443,enterprise,2023-02-02,2024-02-02,12241.13
3188,1443,starter,2023-02-02,,522.65
3190,1444,growth,2024-10-20,2025-10-20,2958.06
3191,1445,starter,2023-12-14,,580.95
3193,1446,starter,2023-12-29,2024-12-28,542.83
3194,1447,enterprise,2023-12-04,,10210.73
3196,1448,starter,2023-10-03,,419.25
3198,1449,growth,2023-04-01,,2190.81
3199,1450,enterprise,2024-04-19,,11220.81
3202,1451,growth,2025-01-18,,2367.23
3203,1451,starter,2025-01-18,,501.75
3204,1452,enterprise,2023-07-15,2024-07-14,13635.65
3205,1452,enterprise,2023-07-15,2024-07-14,12324.5
3206,1453,starter,2023-03-13,,552.41
3208,1454,growth,2024-01-25,,2300.9
3209,1454,starter,2024-01-25,,483.09
3210,1455,starter,2025-02-23,,457.07
3211,1455,growth,2025-02-23,2026-02-23,2164.21
3216,1457,growth,2024-03-14,2025-03-14,2586.51
3217,1457,enterprise,2024-03-14,2025-03-14,14112.42
3218,1458,starter,2023-10-08,,597.03
3219,1458,starter,2023-10-08,,597.14
3221,1459,growth,2024-08-21,,2704.69
3222,1459,growth,2024-08-21,,2475.52
3223,1460,growth,2025-01-30,,2677.84
3226,1461,growth,2024-01-10,,2842.18
3227,1461,enterprise,2024-01-10,2025-01-09,11425.97
3230,1463,starter,2024-01-26,2025-01-25,547.97
3232,1464,starter,2024-07-11,,481.29
3233,1464,enterprise,2024-07-11,2025-07-11,13995.89
3234,1465,growth,2024-11-06,2025-11-06,2138.18
3235,1465,starter,2024-11-06,,542.54
3237,1466,starter,2023-05-19,,524.34
3238,1466,starter,2023-05-19,,416.51
3240,1467,starter,2024-06-08,,535.43
3241,1467,starter,2024-06-08,,579.91
3242,1468,starter,2025-01-15,,443.14
3243,1468,starter,2025-01-15,,597.39
3244,1468,starter,2025-01-15,,560.27
3245,1469,starter,2023-10-23,,522.92
3246,1469,growth,2023-10-23,,2901.91
3247,1470,enterprise,2024-05-03,,11546.41
3249,1471,starter,2025-01-30,2026-01-30,570.41
3251,1473,starter,2024-04-03,2025-04-03,542.38
3252,1473,starter,2024-04-03,,570.47
3253,1473,growth,2024-04-03,2025-04-03,2429.19
3255,1474,starter,2023-12-17,2024-12-16,591.2
3256,1474,starter,2023-12-17,,563.93
3257,1475,starter,2024-08-22,2025-08-22,571.04
3258,1475,growth,2024-08-22,,2803.98
3259,1476,starter,2023-04-09,2024-04-08,523.19
3261,1477,growth,2024-08-30,,2616.99
3262,1477,growth,2024-08-30,,2110.76
3263,1478,starter,2024-04-20,,494.71
3265,1479,starter,2023-01-18,,461.88
3266,1479,starter,2023-01-18,,516.56
3267,1480,starter,2024-11-11,2025-11-11,470.66
3271,1481,growth,2024-11-03,,2588.67
3273,1483,starter,2024-10-12,,526.92
3274,1484,growth,2025-02-25,2026-02-25,2009.27
3275,1484,starter,2025-02-25,,595.48
3277,1485,enterprise,2024-03-21,,13507.34
3278,1485,starter,2024-03-21,,438.22
3279,1485,starter,2024-03-21,2025-03-21,563.76
3280,1486,enterprise,2025-02-01,,12095.32
3282,1486,starter,2025-02-01,,599.81
3283,1487,growth,2023-01-17,2024-01-17,2950.21
3284,1487,starter,2023-01-17,,584.22
3286,1488,enterprise,2023-09-13,,11920.0
3287,1489,growth,2023-04-17,2024-04-16,2370.98
3288,1489,enterprise,2023-04-17,,13517.75
3289,1489,starter,2023-04-17,,474.08
3290,1490,growth,2023-04-05,2024-04-04,2360.23
3291,1490,starter,2023-04-05,,469.05
3292,1491,growth,2025-04-16,,2013.82
3293,1492,starter,2025-02-28,,473.16
3297,1494,starter,2023-02-07,2024-02-07,458.05
3298,1494,starter,2023-02-07,2024-02-07,597.46
3300,1495,starter,2023-12-15,,445.55
3302,1497,starter,2025-04-19,,464.13
3304,1498,starter,2025-02-06,,412.63
3305,1499,growth,2024-12-04,,2625.92
3307,1500,growth,2023-02-02,,2262.62
3308,1501,growth,2023-05-15,,2387.62
3310,1502,growth,2025-04-26,,2835.98
3311,1502,growth,2025-04-26,,2407.88
3313,1503,growth,2024-04-29,,2372.16
3314,1503,growth,2024-04-29,2025-04-29,2232.7
3315,1504,starter,2023-10-15,,562.73
3317,1505,growth,2023-06-14,,2505.17
3318,1505,starter,2023-06-14,,436.57
3319,1506,growth,2023-08-09,,2430.52
3320,1507,enterprise,2024-01-23,,9962.62
3321,1507,starter,2024-01-23,,400.57
3323,1508,starter,2024-02-19,,492.21
3325,1509,enterprise,2025-04-16,,13509.33
3326,1509,growth,2025-04-16,2026-04-16,2639.98
3327,1510,growth,2025-03-12,,2613.21
3328,1510,starter,2025-03-12,2026-03-12,542.69
3329,1511,starter,2024-01-26,2025-01-25,481.62
3331,1512,enterprise,2023-07-26,,10019.02
3332,1513,starter,2025-01-09,2026-01-09,503.75
3333,1513,starter,2025-01-09,2026-01-09,536.19
3334,1513,enterprise,2025-01-09,,13435.97
3335,1514,starter,2024-09-18,,515.77
3338,1516,enterprise,2024-04-08,,10460.49
3339,1516,starter,2024-04-08,2025-04-08,519.31
3340,1516,enterprise,2024-04-08,2025-04-08,9866.61
3342,1518,growth,2025-01-19,,2286.42
3343,1518,growth,2025-01-19,2026-01-19,2413.35
3348,1521,growth,2023-12-08,,2936.54
3349,1521,starter,2023-12-08,,537.08
3350,1522,growth,2023-05-29,2024-05-28,2949.52
3351,1522,growth,2023-05-29,,2957.0
3352,1523,growth,2024-10-13,,2892.18
3353,1523,enterprise,2024-10-13,,12760.34
3355,1524,enterprise,2023-12-07,,13180.94
3356,1525,enterprise,2025-01-01,,12845.42
3358,1526,starter,2025-01-25,2026-01-25,421.58
3360,1526,growth,2025-01-25,2026-01-25,2104.22
3361,1527,starter,2023-06-25,,467.67
3362,1527,starter,2023-06-25,,441.61
3363,1527,growth,2023-06-25,2024-06-24,2580.01
3364,1528,enterprise,2023-04-06,,12944.27
3365,1529,growth,2023-03-21,2024-03-20,2736.1
3366,1530,starter,2024-05-09,,462.6
3369,1532,starter,2025-03-20,,410.41
3370,1532,starter,2025-03-20,2026-03-20,409.04
3371,1533,enterprise,2025-03-16,2026-03-16,12395.97
3372,1533,starter,2025-03-16,,599.5
3373,1533,starter,2025-03-16,,515.82
3374,1534,starter,2024-09-05,,469.04
3375,1535,starter,2024-12-29,,537.4
3376,1535,growth,2024-12-29,,2308.3
3377,1535,growth,2024-12-29,,2074.53
3378,1536,starter,2023-07-15,,478.57
3379,1536,starter,2023-07-15,,483.68
3380,1536,enterprise,2023-07-15,,10639.31
3381,1537,growth,2023-04-15,,2001.15
3383,1538,starter,2024-08-28,,548.42
3385,1539,growth,2025-02-08,,2803.22
3387,1540,growth,2024-04-04,,2064.79
3388,1540,enterprise,2024-04-04,,10101.59
3390,1541,growth,2025-01-10,,2705.23
3391,1542,enterprise,2024-02-20,,12127.52
3392,1543,enterprise,2023-05-06,,13983.56
3393,1543,starter,2023-05-06,,516.31
3394,1543,growth,2023-05-06,,2914.6
3396,1544,starter,2024-03-26,,412.48
3397,1545,starter,2024-07-16,2025-07-16,480.39
3398,1545,starter,2024-07-16,2025-07-16,588.45
3399,1546,enterprise,2025-04-17,,11902.76
3400,1547,growth,2023-10-16,2024-10-15,2946.77
3401,1547,starter,2023-10-16,2024-10-15,599.18
3402,1547,growth,2023-10-16,2024-10-15,2587.04
3403,1548,enterprise,2024-05-07,,10656.73
3404,1548,starter,2024-05-07,,560.3
3405,1549,starter,2024-09-25,2025-09-25,457.22
3407,1550,starter,2023-12-06,,500.8
3408,1550,starter,2023-12-06,,494.61
3409,1550,starter,2023-12-06,,521.68
3411,1551,growth,2024-01-07,2025-01-06,2705.47
3412,1552,growth,2023-12-20,,2714.6
3413,1552,starter,2023-12-20,,543.86
3416,1554,starter,2024-11-23,2025-11-23,568.76
3417,1554,enterprise,2024-11-23,,10848.25
3418,1555,growth,2023-07-25,2024-07-24,2956.37
3419,1555,starter,2023-07-25,,561.61
3421,1556,growth,2025-01-20,,2648.38
3425,1557,starter,2025-02-03,2026-02-03,468.21
3427,1558,starter,2023-10-24,,441.82
3428,1559,starter,2025-01-21,,504.34
3429,1559,enterprise,2025-01-21,,10849.73
3430,1559,growth,2025-01-21,,2301.05
3431,1560,growth,2025-03-20,,2612.63
3432,1561,enterprise,2024-09-14,,9980.71
3433,1561,growth,2024-09-14,,2610.04
3434,1561,growth,2024-09-14,,2466.0
3435,1562,starter,2024-05-10,,450.38
3436,1562,starter,2024-05-10,,560.89
3437,1562,starter,2024-05-10,,476.57
3438,1563,starter,2023-10-28,,512.37
3439,1563,enterprise,2023-10-28,,14397.45
3441,1564,starter,2024-09-14,2025-09-14,403.74
3442,1564,growth,2024-09-14,2025-09-14,2490.93
3443,1564,growth,2024-09-14,,2623.34
3444,1565,starter,2024-01-29,,430.17
3445,1566,starter,2023-02-18,,561.82
3446,1566,enterprise,2023-02-18,2024-02-18,10811.16
3447,1566,enterprise,2023-02-18,,11166.11
3450,1569,growth,2024-11-05,,2620.94
3451,1569,starter,2024-11-05,2025-11-05,457.54
3455,1572,enterprise,2023-03-11,,11742.74
3456,1572,growth,2023-03-11,2024-03-10,2984.2
3457,1572,starter,2023-03-11,,423.22
3459,1574,growth,2023-04-19,,2651.88
3461,1575,growth,2023-07-26,,2055.21
3462,1575,growth,2023-07-26,,2656.64
3466,1578,starter,2024-07-12,2025-07-12,554.97
3467,1578,growth,2024-07-12,,2621.05
3468,1578,starter,2024-07-12,,497.98
3469,1579,enterprise,2023-06-23,,10183.05
3470,1579,starter,2023-06-23,2024-06-22,438.25
3471,1579,starter,2023-06-23,,457.09
3472,1580,starter,2025-01-25,,568.7
3473,1580,starter,2025-01-25,,482.44
3474,1580,growth,2025-01-25,2026-01-25,2729.91
3475,1581,starter,2025-03-24,2026-03-24,534.32
3476,1581,starter,2025-03-24,,592.97
3478,1582,enterprise,2023-02-07,,12040.55
3479,1582,growth,2023-02-07,,2010.86
3480,1582,starter,2023-02-07,2024-02-07,565.5
3481,1583,enterprise,2024-05-21,,10420.14
3483,1583,growth,2024-05-21,,2677.62
3484,1584,starter,2024-04-17,,434.84
3485,1584,starter,2024-04-17,,428.01
3488,1585,enterprise,2024-04-18,,11395.64
3490,1587,growth,2025-04-04,,2393.13
3492,1589,growth,2024-02-29,,2166.57
3493,1589,starter,2024-02-29,2025-02-28,403.42
3494,1590,starter,2025-01-13,2026-01-13,446.66
3495,1591,enterprise,2025-04-20,2026-04-20,13757.92
3498,1593,starter,2025-04-07,2026-04-07,523.72
3499,1593,starter,2025-04-07,,435.79
3501,1594,growth,2024-12-09,2025-12-09,2681.05
3502,1594,growth,2024-12-09,,2943.16
3504,1596,growth,2025-03-04,,2862.01
3506,1597,starter,2024-09-26,2025-09-26,428.66
3507,1597,enterprise,2024-09-26,,11797.32
3509,1598,growth,2023-10-29,,2272.14
3511,1599,enterprise,2023-09-06,,10470.36
3513,1600,growth,2025-03-08,,2105.18
3515,1602,starter,2024-10-19,2025-10-19,502.47
3517,1603,growth,2024-02-03,2025-02-02,2325.05
3518,1603,starter,2024-02-03,,452.65
3519,1603,enterprise,2024-02-03,,13411.47
3521,1605,growth,2023-03-19,2024-03-18,2173.89
3523,1605,enterprise,2023-03-19,,10230.21
3527,1607,starter,2025-03-29,,520.18
3528,1607,starter,2025-03-29,,597.06
3529,1608,starter,2024-07-10,,400.93
3530,1608,starter,2024-07-10,,451.9
3531,1609,starter,2024-08-27,2025-08-27,590.49
3534,1610,growth,2023-04-21,,2865.53
3536,1610,starter,2023-04-21,,598.31
3537,1611,enterprise,2023-09-20,,12551.4
3538,1612,starter,2023-02-25,,504.5
3540,1613,starter,2023-07-28,,508.71
3542,1614,starter,2024-02-05,,563.58
3543,1614,growth,2024-02-05,2025-02-04,2329.94
3546,1615,starter,2024-04-24,2025-04-24,462.93
3547,1615,starter,2024-04-24,,474.89
3548,1616,growth,2024-06-11,,2238.08
3549,1616,starter,2024-06-11,,483.81
3551,1617,starter,2024-11-19,2025-11-19,458.9
3552,1617,growth,2024-11-19,,2025.85
3553,1618,starter,2023-11-18,,449.12
3554,1618,growth,2023-11-18,,2539.49
3555,1618,starter,2023-11-18,2024-11-17,470.93
3556,1619,enterprise,2024-06-25,,13005.23
3557,1620,starter,2023-04-21,2024-04-20,451.96
3558,1620,growth,2023-04-21,,2799.25
3560,1621,starter,2023-04-17,,454.77
3564,1623,starter,2023-07-31,,461.16
3565,1623,starter,2023-07-31,,592.0
3567,1624,starter,2023-02-05,,447.1
3568,1624,starter,2023-02-05,,584.98
3569,1625,starter,2023-04-07,,595.21
3571,1626,growth,2025-04-03,,2569.22
3572,1626,starter,2025-04-03,,408.9
3575,1627,starter,2025-02-01,,408.14
3576,1628,starter,2025-02-07,,488.21
3577,1628,growth,2025-02-07,2026-02-07,2332.2
3578,1628,growth,2025-02-07,2026-02-07,2329.83
3579,1629,starter,2023-02-06,2024-02-06,513.9
3580,1629,starter,2023-02-06,,438.64
3581,1629,growth,2023-02-06,,2303.0
3583,1630,starter,2025-03-22,,526.09
3584,1631,growth,2023-06-12,2024-06-11,2056.6
3587,1632,growth,2024-07-27,,2191.39
3588,1632,starter,2024-07-27,,568.48
3590,1633,starter,2024-01-06,,587.55
3591,1634,starter,2024-08-18,,430.9
3593,1634,growth,2024-08-18,,2592.17
3594,1635,growth,2024-01-28,,2347.44
3595,1635,enterprise,2024-01-28,,11706.1
3596,1635,starter,2024-01-28,2025-01-27,456.93
3597,1636,growth,2024-09-08,,2168.12
3598,1637,growth,2023-12-30,2024-12-29,2456.39
3599,1638,starter,2023-10-20,,425.9
3601,1639,enterprise,2023-09-15,,10763.54
3602,1639,starter,2023-09-15,,597.48
3603,1640,enterprise,2023-04-06,,14031.97
3604,1641,enterprise,2024-08-09,2025-08-09,14249.82
3606,1642,starter,2025-02-07,2026-02-07,594.7
3608,1643,starter,2023-03-28,,545.03
3609,1643,enterprise,2023-03-28,,10505.74
3610,1644,starter,2025-03-27,,591.48
3611,1644,starter,2025-03-27,,537.46
3613,1645,growth,2023-04-25,,2353.34
3615,1645,starter,2023-04-25,2024-04-24,403.23
3616,1646,growth,2023-12-11,,2929.32
3617,1647,starter,2025-03-31,2026-03-31,509.59
3618,1648,starter,2024-03-09,,507.35
3619,1648,growth,2024-03-09,,2133.38
3620,1649,growth,2023-05-09,2024-05-08,2159.88
3621,1649,starter,2023-05-09,,401.58
3624,1650,enterprise,2025-01-14,2026-01-14,10326.14
3626,1651,starter,2024-05-11,,491.98
3628,1651,starter,2024-05-11,,412.12
3632,1654,enterprise,2025-04-16,,11704.73
3633,1654,enterprise,2025-04-16,,13519.34
3634,1655,starter,2024-05-19,2025-05-19,583.17
3635,1655,starter,2024-05-19,,439.74
3636,1655,growth,2024-05-19,,2073.96
3637,1656,starter,2024-11-10,,536.07
3641,1657,growth,2025-01-21,,2177.66
3643,1658,growth,2023-05-21,2024-05-20,2423.78
3644,1658,enterprise,2023-05-21,,12876.85
3645,1658,starter,2023-05-21,,403.87
3647,1659,starter,2023-07-25,2024-07-24,446.03
3648,1659,starter,2023-07-25,,409.37
3649,1660,starter,2023-12-20,,411.97
3652,1661,enterprise,2024-07-22,,10404.75
3653,1661,starter,2024-07-22,,529.43
3654,1661,starter,2024-07-22,,568.4
3656,1662,enterprise,2025-04-03,2026-04-03,11282.6
3658,1663,starter,2023-11-21,,562.42
3659,1664,growth,2024-11-17,,2353.75
3662,1665,starter,2023-01-07,,528.4
3664,1666,growth,2023-09-09,2024-09-08,2373.44
3665,1666,growth,2023-09-09,,2858.22
3666,1667,starter,2024-04-13,,410.03
3668,1668,starter,2023-12-01,2024-11-30,486.08
3669,1668,starter,2023-12-01,,522.34
3670,1669,growth,2025-02-20,,2764.83
3672,1670,starter,2025-04-03,2026-04-03,513.94
3673,1670,growth,2025-04-03,,2829.14
3677,1672,starter,2025-01-11,,429.48
3679,1673,growth,2025-03-27,2026-03-27,2692.31
3680,1673,enterprise,2025-03-27,,10498.29
3681,1674,growth,2024-04-04,,2333.82
3684,1675,growth,2023-07-01,,2823.62
3685,1676,starter,2024-05-07,,479.21
3687,1676,enterprise,2024-05-07,,11689.78
3688,1677,growth,2025-03-16,2026-03-16,2602.82
3689,1677,enterprise,2025-03-16,2026-03-16,13639.38
3690,1678,starter,2024-05-14,,523.11
3693,1680,starter,2023-11-23,2024-11-22,533.24
3696,1681,starter,2025-03-19,2026-03-19,438.78
3697,1681,growth,2025-03-19,,2760.99
3698,1682,growth,2023-11-08,2024-11-07,2155.12
3700,1682,starter,2023-11-08,,436.96
3701,1683,growth,2023-07-07,,2049.03
3703,1684,starter,2024-06-24,2025-06-24,579.44
3704,1684,growth,2024-06-24,,2199.51
3705,1685,growth,2023-03-17,2024-03-16,2228.9
3707,1685,growth,2023-03-17,2024-03-16,2933.65
3708,1686,growth,2024-02-26,,2137.03
3709,1686,enterprise,2024-02-26,,13346.76
3711,1687,starter,2023-04-02,2024-04-01,454.53
3712,1687,enterprise,2023-04-02,,13488.66
3714,1688,enterprise,2024-08-27,,9819.16
3716,1689,growth,2023-11-11,2024-11-10,2020.48
3717,1689,growth,2023-11-11,2024-11-10,2304.65
3718,1689,growth,2023-11-11,,2650.04
3719,1690,growth,2024-05-10,,2604.08
3720,1690,starter,2024-05-10,,474.21
3721,1690,starter,2024-05-10,,497.62
3722,1691,enterprise,2024-06-29,,12464.6
3723,1691,starter,2024-06-29,2025-06-29,536.18
3724,1691,enterprise,2024-06-29,,12278.36
3726,1692,growth,2023-12-14,,2017.02
3727,1692,starter,2023-12-14,,456.7
3728,1693,growth,2023-03-29,,2921.84
3730,1694,starter,2024-02-09,,507.92
3731,1695,starter,2024-12-04,,524.63
3732,1695,starter,2024-12-04,,555.41
3733,1695,starter,2024-12-04,2025-12-04,599.8
3734,1696,growth,2025-02-26,,2767.83
3735,1696,starter,2025-02-26,,464.72
3736,1697,enterprise,2024-09-28,2025-09-28,11776.87
3737,1697,growth,2024-09-28,,2506.05
3742,1700,starter,2024-08-18,,528.21
3743,1700,growth,2024-08-18,2025-08-18,2514.87
3744,1701,starter,2025-03-12,,534.32
3746,1702,growth,2024-05-06,,2023.39
3747,1703,starter,2025-03-22,,455.02
3748,1703,enterprise,2025-03-22,,12516.79
3749,1704,growth,2025-02-11,,2709.92
3750,1704,starter,2025-02-11,2026-02-11,588.74
3751,1705,starter,2024-09-30,,526.08
3752,1705,growth,2024-09-30,,2347.58
3753,1706,starter,2025-04-01,,592.53
3754,1706,growth,2025-04-01,,2636.33
3755,1706,growth,2025-04-01,2026-04-01,2404.08
3756,1707,starter,2023-10-05,,495.46
3757,1707,growth,2023-10-05,,2561.94
3759,1708,starter,2024-11-18,,543.8
3762,1710,starter,2023-11-19,,407.32
3764,1710,starter,2023-11-19,,472.59
3765,1711,growth,2024-04-15,,2395.66
3769,1712,starter,2024-11-15,,444.9
3770,1713,starter,2025-03-06,,459.93
3771,1713,starter,2025-03-06,,580.5
3772,1714,starter,2025-04-15,,402.4
3774,1714,starter,2025-04-15,,450.25
3775,1715,starter,2024-08-27,,545.15
3777,1716,starter,2024-01-05,,567.91
3779,1716,starter,2024-01-05,,447.14
3780,1717,growth,2024-07-31,,2042.71
3781,1717,starter,2024-07-31,2025-07-31,434.62
3782,1717,enterprise,2024-07-31,,9753.04
3783,1718,starter,2025-02-17,2026-02-17,582.34
3784,1718,starter,2025-02-17,,473.66
3785,1719,growth,2025-04-18,,2730.62
3788,1720,growth,2025-01-06,2026-01-06,2019.05
3789,1721,starter,2023-06-27,,457.2
3791,1721,starter,2023-06-27,,401.98
3792,1722,starter,2023-09-13,,565.32
3794,1722,growth,2023-09-13,,2900.7
3795,1723,enterprise,2025-03-30,2026-03-30,10236.79
3796,1723,starter,2025-03-30,,514.0
3797,1723,growth,2025-03-30,2026-03-30,2128.29
3800,1724,growth,2024-05-25,,2953.25
3801,1725,growth,2025-02-05,,2588.05
3802,1725,enterprise,2025-02-05,,14065.39
3803,1725,starter,2025-02-05,,516.39
3804,1726,growth,2024-02-08,,2186.81
3806,1726,growth,2024-02-08,2025-02-07,2664.58
3807,1727,enterprise,2025-02-03,,11668.34
3808,1727,starter,2025-02-03,,479.75
3809,1727,growth,2025-02-03,2026-02-03,2203.7
3810,1728,starter,2024-10-06,,554.4
3811,1728,growth,2024-10-06,,2063.95
3813,1729,enterprise,2023-11-01,2024-10-31,13720.63
3814,1729,starter,2023-11-01,,593.72
3815,1730,starter,2023-10-22,,590.08
3817,1730,starter,2023-10-22,,528.07
3818,1731,starter,2024-02-17,2025-02-16,495.08
3823,1734,starter,2024-06-08,,412.35
3826,1736,starter,2023-09-01,,546.81
3827,1737,starter,2023-08-15,,540.2
3828,1737,enterprise,2023-08-15,2024-08-14,10017.56
3829,1738,growth,2023-08-06,,2901.91
3830,1738,enterprise,2023-08-06,2024-08-05,14360.74
3831,1738,enterprise,2023-08-06,,12539.74
3833,1739,starter,2024-12-31,,546.47
3834,1739,growth,2024-12-31,,2951.93
3835,1740,enterprise,2024-08-28,,11184.38
3836,1740,starter,2024-08-28,2025-08-28,518.66
3837,1741,starter,2025-02-08,,569.01
3841,1742,starter,2023-11-20,2024-11-19,529.62
3842,1743,starter,2024-05-13,2025-05-13,494.53
3843,1743,starter,2024-05-13,,503.09
3845,1744,starter,2024-04-01,,535.57
3846,1745,growth,2023-04-28,,2875.01
3847,1745,starter,2023-04-28,,566.66
3848,1745,enterprise,2023-04-28,,9977.53
3852,1747,growth,2024-12-28,,2426.42
3853,1748,growth,2023-05-06,2024-05-05,2145.97
3854,1748,starter,2023-05-06,2024-05-05,456.81
3855,1749,starter,2024-09-30,,469.25
3856,1749,starter,2024-09-30,,538.82
3858,1750,growth,2024-04-18,,2407.37
3859,1750,growth,2024-04-18,,2894.95
3861,1751,starter,2024-11-20,,495.68
3864,1752,starter,2023-04-07,,451.34
3865,1752,growth,2023-04-07,,2695.81
3866,1753,enterprise,2023-04-28,,10688.27
3867,1754,starter,2025-02-16,,450.72
3869,1755,growth,2025-03-25,,2254.81
3871,1756,starter,2025-01-20,,509.54
3873,1756,starter,2025-01-20,,441.86
3874,1757,starter,2023-12-28,,408.74
3876,1758,enterprise,2025-02-15,,11274.19
3877,1758,growth,2025-02-15,,2068.38
3879,1760,starter,2025-02-22,,599.13
3881,1761,starter,2023-04-22,2024-04-21,520.36
3884,1762,starter,2024-04-04,,476.49
3885,1762,growth,2024-04-04,,2129.49
3886,1762,enterprise,2024-04-04,,12815.38
3887,1763,enterprise,2023-03-04,,11474.14
3888,1763,starter,2023-03-04,,427.1
3890,1764,starter,2023-08-14,2024-08-13,475.12
3891,1764,growth,2023-08-14,,2715.22
3893,1765,enterprise,2025-03-06,,10380.54
3896,1766,growth,2024-02-03,,2488.6
3897,1766,enterprise,2024-02-03,,10045.61
3898,1766,growth,2024-02-03,,2350.86
3899,1767,starter,2023-08-06,,451.78
3900,1767,growth,2023-08-06,,2784.04
3901,1767,growth,2023-08-06,2024-08-05,2955.48
3902,1768,enterprise,2023-06-27,,12126.35
3905,1769,growth,2025-01-11,,2654.0
3907,1770,growth,2023-02-05,,2810.2
3909,1771,starter,2024-09-30,,482.21
3910,1771,enterprise,2024-09-30,,9946.59
3913,1773,starter,2023-02-13,,578.17
3914,1773,starter,2023-02-13,,465.11
3915,1774,growth,2024-05-02,,2875.29
3917,1774,enterprise,2024-05-02,,13942.17
3919,1775,growth,2024-08-08,,2817.68
3921,1776,starter,2025-02-27,2026-02-27,570.79
3923,1777,starter,2025-02-20,2026-02-20,536.09
3924,1777,starter,2025-02-20,2026-02-20,518.16
3925,1777,starter,2025-02-20,2026-02-20,573.55
3926,1778,growth,2024-09-18,,2138.25
3928,1779,starter,2023-06-05,,585.74
3929,1779,starter,2023-06-05,,444.39
3931,1780,growth,2023-05-26,,2571.03
3932,1781,growth,2024-07-12,,2150.5
3936,1782,starter,2023-03-29,,499.03
3938,1783,starter,2024-04-08,,575.6
3940,1783,starter,2024-04-08,2025-04-08,580.43
3943,1785,enterprise,2025-01-12,,11324.85
3944,1785,enterprise,2025-01-12,,14048.67
3945,1785,growth,2025-01-12,2026-01-12,2046.13
3947,1787,growth,2025-01-29,,2959.29
3948,1787,growth,2025-01-29,,2044.57
3949,1787,growth,2025-01-29,,2814.03
3950,1788,starter,2025-02-01,,425.27
3951,1788,starter,2025-02-01,,443.39
3952,1788,growth,2025-02-01,2026-02-01,2812.93
3954,1789,growth,2023-03-20,2024-03-19,2522.17
3955,1789,starter,2023-03-20,2024-03-19,530.17
3957,1790,enterprise,2025-04-28,,11880.08
3959,1791,enterprise,2024-09-30,,12396.36
3962,1792,starter,2024-02-15,,530.82
3963,1793,starter,2024-08-29,2025-08-29,431.88
3964,1793,growth,2024-08-29,,2153.09
3965,1794,starter,2023-03-27,,445.14
3966,1795,starter,2023-03-16,,466.59
3967,1795,enterprise,2023-03-16,,13285.74
3968,1796,growth,2024-03-02,,2759.57
3969,1797,growth,2024-05-01,,2270.05
3970,1797,growth,2024-05-01,2025-05-01,2842.28
3971,1797,enterprise,2024-05-01,,13237.12
3973,1798,starter,2025-01-29,,560.27
3974,1799,starter,2024-03-07,,500.5
3975,1799,starter,2024-03-07,,478.17
3976,1800,starter,2023-12-07,,420.5
3978,1800,starter,2023-12-07,,464.12
3980,1801,enterprise,2024-09-25,,12463.31
3983,1802,starter,2024-11-16,,564.76
3984,1802,starter,2024-11-16,,552.83
3985,1803,starter,2023-11-10,,599.65
3986,1803,growth,2023-11-10,2024-11-09,2539.71
3987,1803,starter,2023-11-10,,470.5
3989,1805,growth,2023-06-21,2024-06-20,2653.5
3990,1806,growth,2024-12-10,2025-12-10,2259.22
3992,1807,starter,2024-05-23,,458.62
3993,1808,starter,2023-09-03,,446.66
3994,1808,growth,2023-09-03,,2597.98
3995,1808,growth,2023-09-03,,2189.56
3996,1809,growth,2023-04-10,,2524.98
3998,1810,growth,2024-12-07,,2060.59
3999,1810,starter,2024-12-07,,493.53
4001,1811,starter,2023-02-05,,406.9
4002,1812,enterprise,2023-02-09,2024-02-09,10698.4
4003,1812,starter,2023-02-09,,419.67
4005,1813,starter,2025-04-17,,548.76
4008,1814,growth,2023-06-14,,2729.82
4009,1815,enterprise,2024-10-03,,13010.16
4010,1815,growth,2024-10-03,,2770.46
4011,1815,growth,2024-10-03,,2866.09
4013,1816,enterprise,2024-06-16,,13087.73
4014,1816,growth,2024-06-16,2025-06-16,2067.3
4015,1817,starter,2024-01-09,,581.52
4016,1818,starter,2025-03-17,,524.73
4017,1818,starter,2025-03-17,2026-03-17,419.93
4018,1818,growth,2025-03-17,,2950.85
4020,1819,growth,2024-11-18,,2425.86
4022,1820,starter,2024-11-02,,491.05
4023,1820,starter,2024-11-02,,435.24
4024,1821,starter,2024-10-02,2025-10-02,475.2
4025,1821,enterprise,2024-10-02,,12841.03
4028,1822,starter,2025-04-27,2026-04-27,499.46
4031,1823,starter,2024-05-02,,534.11
4032,1823,growth,2024-05-02,,2047.69
4034,1825,starter,2025-04-06,2026-04-06,488.47
4035,1825,growth,2025-04-06,2026-04-06,2474.9
4037,1826,growth,2024-10-29,,2847.76
4040,1827,enterprise,2024-01-04,,13091.1
4041,1827,starter,2024-01-04,,418.97
4042,1828,starter,2023-11-15,,417.61
4043,1828,starter,2023-11-15,,450.44
4044,1828,growth,2023-11-15,2024-11-14,2629.65
4045,1829,growth,2025-03-20,,2656.76
4046,1829,growth,2025-03-20,,2839.79
4048,1830,starter,2025-04-28,,507.74
4049,1830,starter,2025-04-28,2026-04-28,492.88
4050,1830,growth,2025-04-28,2026-04-28,2347.43
4052,1831,growth,2025-03-12,,2690.6
4053,1831,starter,2025-03-12,2026-03-12,567.39
4054,1832,starter,2023-10-06,,454.76
4055,1833,starter,2024-09-21,,451.42
4056,1834,starter,2023-09-19,,574.08
4058,1834,starter,2023-09-19,,446.68
4060,1835,starter,2025-01-28,,527.75
4063,1837,growth,2024-04-11,2025-04-11,2986.27
4065,1839,growth,2023-12-19,,2846.25
4067,1840,starter,2023-05-03,,452.34
4068,1840,starter,2023-05-03,2024-05-02,457.61
4070,1841,enterprise,2024-05-03,,13766.45
4071,1842,growth,2023-12-14,,2175.24
4072,1842,starter,2023-12-14,,445.82
4073,1843,growth,2024-05-23,2025-05-23,2155.52
4076,1844,enterprise,2024-05-27,,10968.85
4077,1845,growth,2024-03-11,,2341.38
4078,1845,growth,2024-03-11,,2933.71
4079,1845,starter,2024-03-11,2025-03-11,542.26
4081,1847,starter,2023-03-13,,443.45
4082,1847,growth,2023-03-13,2024-03-12,2174.57
4084,1848,starter,2024-08-07,,491.68
4086,1849,enterprise,2025-04-15,,13225.54
4087,1849,starter,2025-04-15,,521.38
4088,1849,starter,2025-04-15,,522.5
4089,1850,starter,2024-08-07,,405.55
4090,1850,starter,2024-08-07,2025-08-07,539.83
4091,1850,starter,2024-08-07,2025-08-07,416.72
4094,1851,growth,2023-06-13,,2098.1
4096,1852,growth,2023-04-11,,2990.64
4097,1853,enterprise,2024-03-05,,10709.83
4098,1853,growth,2024-03-05,2025-03-05,2119.49
4100,1854,enterprise,2025-03-06,,12965.86
4104,1855,starter,2023-01-17,2024-01-17,531.14
4105,1856,enterprise,2025-01-18,2026-01-18,13951.23
4106,1856,starter,2025-01-18,2026-01-18,472.01
4108,1857,starter,2025-02-23,,481.0
4109,1857,growth,2025-02-23,,2414.08
4111,1858,enterprise,2023-03-11,2024-03-10,13116.81
4112,1858,growth,2023-03-11,,2886.07
4113,1859,starter,2024-01-07,2025-01-06,438.47
4114,1859,starter,2024-01-07,,519.34
4115,1859,enterprise,2024-01-07,,13787.04
4116,1860,growth,2023-11-06,,2279.31
4118,1861,starter,2024-07-26,,597.7
4119,1861,starter,2024-07-26,,483.1
4120,1861,starter,2024-07-26,,502.29
4121,1862,starter,2025-01-10,,583.98
4122,1862,growth,2025-01-10,,2367.45
4123,1862,starter,2025-01-10,,421.73
4125,1863,starter,2024-03-25,,519.35
4127,1864,growth,2024-05-08,2025-05-08,2336.66
4129,1864,starter,2024-05-08,,590.17
4130,1865,starter,2023-10-12,,500.46
4132,1866,enterprise,2023-11-19,,13603.53
4133,1866,starter,2023-11-19,,451.8
4134,1866,growth,2023-11-19,2024-11-18,2378.93
4135,1867,starter,2024-04-23,2025-04-23,531.27
4136,1867,growth,2024-04-23,2025-04-23,2644.39
4137,1868,starter,2024-08-27,2025-08-27,574.5
4138,1868,enterprise,2024-08-27,,13547.98
4139,1869,starter,2023-10-16,,591.68
4140,1870,starter,2024-01-12,,559.05
4143,1872,starter,2024-12-21,2025-12-21,409.83
4144,1873,growth,2025-03-14,,2195.47
4145,1873,starter,2025-03-14,,580.06
4146,1874,growth,2023-10-03,,2376.54
4148,1874,starter,2023-10-03,,432.34
4149,1875,enterprise,2023-10-04,,12035.15
4150,1875,starter,2023-10-04,,407.65
4151,1876,starter,2024-02-04,,400.07
4153,1876,growth,2024-02-04,,2935.47
4154,1877,starter,2024-04-10,,477.78
4156,1878,growth,2023-07-05,2024-07-04,2722.17
4158,1879,starter,2025-02-15,2026-02-15,480.29
4159,1879,growth,2025-02-15,,2298.29
4160,1880,enterprise,2023-07-06,2024-07-05,12078.81
4161,1880,growth,2023-07-06,,2162.6
4164,1881,starter,2025-02-24,,556.63
4165,1882,enterprise,2024-09-02,,13328.31
4166,1882,growth,2024-09-02,,2748.68
4167,1883,enterprise,2023-01-22,2024-01-22,10881.58
4168,1883,starter,2023-01-22,,539.92
4169,1883,starter,2023-01-22,,554.9
4170,1884,starter,2025-03-02,,426.47
4171,1884,starter,2025-03-02,,539.21
4173,1885,growth,2023-04-11,,2015.83
4174,1885,starter,2023-04-11,2024-04-10,556.62
4175,1886,growth,2024-12-03,,2950.49
4176,1886,enterprise,2024-12-03,2025-12-03,10860.1
4177,1887,enterprise,2024-02-09,,10257.12
4178,1887,growth,2024-02-09,,2467.14
4179,1887,starter,2024-02-09,2025-02-08,492.92
4180,1888,enterprise,2025-04-14,,12818.98
4181,1889,starter,2025-01-20,,563.79
4184,1890,enterprise,2023-03-18,,13904.08
4185,1891,growth,2025-02-27,,2534.0
4187,1892,growth,2023-05-17,,2175.05
4188,1892,starter,2023-05-17,2024-05-16,595.31
4189,1893,growth,2025-04-27,,2722.37
4191,1894,growth,2024-11-25,,2173.76
4193,1895,starter,2023-05-13,,541.32
4194,1895,starter,2023-05-13,,476.17
4195,1895,starter,2023-05-13,,599.69
4196,1896,starter,2024-08-17,,587.81
4197,1896,growth,2024-08-17,,2923.98
4198,1897,growth,2023-02-02,,2712.44
4200,1897,growth,2023-02-02,,2124.6
4203,1899,growth,2024-06-29,2025-06-29,2689.32
4205,1900,starter,2025-02-19,,529.93
4207,1901,enterprise,2025-02-26,,10061.06
4208,1901,starter,2025-02-26,,513.45
4209,1901,growth,2025-02-26,,2309.62
4212,1902,starter,2024-05-04,,440.5
4215,1904,starter,2025-02-23,,586.38
4217,1904,starter,2025-02-23,,550.82
4218,1905,growth,2023-08-14,,2365.58
4219,1905,growth,2023-08-14,,2040.73
4220,1906,starter,2024-01-12,,412.29
4221,1906,starter,2024-01-12,2025-01-11,423.72
4222,1906,growth,2024-01-12,,2623.58
4223,1907,starter,2024-03-04,2025-03-04,437.89
4224,1908,starter,2024-06-24,,541.75
4225,1909,growth,2023-12-21,,2727.59
4227,1910,starter,2024-06-16,,431.28
4228,1911,growth,2024-11-20,2025-11-20,2901.75
4229,1911,growth,2024-11-20,2025-11-20,2168.68
4230,1912,starter,2023-03-26,,580.4
4231,1913,starter,2024-05-25,,553.11
4232,1913,starter,2024-05-25,2025-05-25,565.59
4233,1913,growth,2024-05-25,,2487.34
4234,1914,growth,2025-04-12,,2349.4
4235,1914,growth,2025-04-12,,2554.1
4236,1915,starter,2024-03-20,,449.64
4238,1915,starter,2024-03-20,2025-03-20,488.87
4239,1916,starter,2024-05-17,,442.37
4240,1916,starter,2024-05-17,,483.81
4241,1917,starter,2023-11-08,,403.27
4242,1917,growth,2023-11-08,2024-11-07,2232.75
4243,1917,starter,2023-11-08,,503.5
4244,1918,enterprise,2025-01-23,,13252.65
4245,1918,growth,2025-01-23,,2310.91
4246,1919,growth,2023-10-12,,2029.09
4250,1921,starter,2024-09-08,,552.63
4251,1921,growth,2024-09-08,2025-09-08,2285.1
4252,1922,starter,2024-05-01,,539.24
4253,1922,growth,2024-05-01,2025-05-01,2507.58
4256,1923,starter,2024-08-23,,563.88
4257,1923,starter,2024-08-23,,442.53
4259,1924,starter,2024-11-03,,511.22
4261,1925,growth,2025-01-14,,2596.56
4263,1926,starter,2023-11-28,2024-11-27,508.93
4265,1927,growth,2024-01-24,,2147.46
4268,1928,growth,2024-07-06,,2475.1
4270,1929,starter,2024-04-15,,552.68
4271,1929,enterprise,2024-04-15,2025-04-15,13433.95
4272,1929,starter,2024-04-15,,588.15
4274,1930,growth,2023-09-02,2024-09-01,2474.06
4275,1930,starter,2023-09-02,2024-09-01,530.32
4276,1931,starter,2025-01-05,,522.34
4277,1931,starter,2025-01-05,,457.95
4278,1932,enterprise,2023-07-30,,13348.69
4280,1933,starter,2025-01-23,,447.73
4281,1933,starter,2025-01-23,,578.62
4282,1933,starter,2025-01-23,,553.83
4283,1934,enterprise,2023-10-19,,11521.02
4284,1934,enterprise,2023-10-19,,11869.98
4287,1935,starter,2023-02-02,,508.73
4288,1936,starter,2025-01-18,,445.12
4291,1937,starter,2024-06-30,,442.97
4292,1937,enterprise,2024-06-30,,10643.01
4294,1938,growth,2025-02-12,,2116.55
4297,1941,enterprise,2023-12-20,,14103.15
4299,1941,enterprise,2023-12-20,,11149.48
4300,1942,enterprise,2025-02-10,2026-02-10,12111.4
4301,1943,growth,2025-02-16,2026-02-16,2433.63
4302,1944,growth,2023-02-28,,2829.86
4303,1944,growth,2023-02-28,2024-02-28,2657.59
4304,1944,starter,2023-02-28,2024-02-28,551.35
4305,1945,enterprise,2024-09-09,,12598.03
4307,1945,starter,2024-09-09,2025-09-09,558.38
4308,1946,starter,2023-01-08,,590.27
4311,1947,starter,2023-01-10,2024-01-10,407.16
4313,1948,growth,2024-06-01,2025-06-01,2163.52
4314,1948,enterprise,2024-06-01,,12125.03
4315,1949,starter,2025-03-29,2026-03-29,587.88
4317,1950,enterprise,2023-01-31,,13143.66
4318,1951,starter,2023-05-21,2024-05-20,527.9
4319,1951,starter,2023-05-21,,526.09
4320,1951,starter,2023-05-21,2024-05-20,448.28
4321,1952,growth,2023-07-11,2024-07-10,2101.18
4323,1953,starter,2024-07-04,,473.36
4325,1954,starter,2024-07-22,2025-07-22,561.94
4327,1955,enterprise,2025-01-14,,10678.4
4328,1956,growth,2023-12-09,2024-12-08,2432.09
4329,1957,enterprise,2023-12-24,2024-12-23,13140.24
4330,1957,starter,2023-12-24,2024-12-23,558.77
4331,1958,enterprise,2023-03-19,,13959.57
4336,1959,starter,2023-01-10,,478.07
4337,1960,starter,2024-10-20,,578.84
4338,1961,enterprise,2023-03-17,,13801.54
4339,1962,starter,2025-02-15,,553.13
4340,1962,enterprise,2025-02-15,,10410.83
4341,1962,starter,2025-02-15,2026-02-15,544.41
4342,1963,starter,2024-06-27,,545.13
4343,1963,starter,2024-06-27,,563.86
4344,1964,starter,2024-04-14,,520.59
4345,1964,starter,2024-04-14,,498.84
4347,1965,starter,2024-11-19,2025-11-19,458.7
4348,1965,starter,2024-11-19,,527.0
4349,1965,starter,2024-11-19,,558.73
4354,1967,starter,2025-02-01,,525.5
4355,1968,enterprise,2023-06-16,,14057.31
4356,1969,growth,2023-09-25,,2802.15
4359,1971,growth,2025-03-21,,2125.65
4360,1971,starter,2025-03-21,,572.19
4361,1971,enterprise,2025-03-21,,14194.77
4364,1972,starter,2024-05-02,,454.61
4365,1973,starter,2025-04-12,2026-04-12,450.89
4367,1974,enterprise,2025-04-16,,11048.25
4368,1974,starter,2025-04-16,,537.45
4370,1976,growth,2024-01-18,,2655.65
4371,1976,starter,2024-01-18,,475.41
4372,1977,starter,2024-04-15,2025-04-15,515.12
4373,1977,starter,2024-04-15,,556.28
4374,1977,starter,2024-04-15,,545.9
4375,1978,growth,2024-01-26,,2741.88
4376,1978,growth,2024-01-26,,2991.25
4377,1978,growth,2024-01-26,,2770.73
4378,1979,growth,2023-03-18,,2239.15
4380,1980,growth,2025-01-16,,2289.33
4382,1981,enterprise,2025-03-22,,11445.04
4383,1982,enterprise,2024-06-29,2025-06-29,14169.35
4384,1983,starter,2025-04-16,,595.87
4385,1983,starter,2025-04-16,,534.71
4386,1984,starter,2023-01-14,,527.64
4387,1984,growth,2023-01-14,,2726.48
4388,1985,enterprise,2023-10-09,,12770.38
4390,1985,starter,2023-10-09,,499.93
4391,1986,starter,2025-03-11,,545.13
4392,1986,growth,2025-03-11,,2412.46
4394,1987,starter,2023-04-26,2024-04-25,595.92
4395,1988,starter,2023-03-22,,496.56
4396,1988,starter,2023-03-22,,454.49
4399,1989,growth,2023-12-01,,2668.16
4401,1990,starter,2025-02-05,2026-02-05,499.96
4402,1990,enterprise,2025-02-05,,13562.77
4403,1990,growth,2025-02-05,,2171.52
4404,1991,enterprise,2025-04-04,2026-04-04,13672.46
4405,1992,growth,2023-12-02,,2202.66
4407,1992,starter,2023-12-02,,421.76
4408,1993,enterprise,2025-04-02,,12614.97
4409,1993,enterprise,2025-04-02,,10088.64
4410,1994,starter,2024-03-10,,410.71
4411,1994,enterprise,2024-03-10,,13955.61
4412,1995,growth,2023-11-29,2024-11-28,2453.84
4413,1995,starter,2023-11-29,,544.83
4414,1995,starter,2023-11-29,,585.66
4416,1996,starter,2024-02-25,,474.44
4417,1997,starter,2024-10-30,,442.96
4418,1997,starter,2024-10-30,,502.18
4422,1999,starter,2023-03-23,,510.28
4424,2000,starter,2024-11-30,2025-11-30,563.71
4425,2000,growth,2024-11-30,,2350.2
