ticket_id,customer_id,created_at,resolved_at,category,status,cs_rep_id,first_response_mins,resolution_mins
1,178,2023-08-18,2023-08-25,bug,closed,47,96,10080
2,1910,2024-04-02,2024-04-02,usage_question,closed,31,86,0
3,692,2024-12-23,2024-12-30,billing,closed,23,27,10080
4,931,2024-06-13,2024-06-14,bug,closed,7,95,1440
5,1899,2024-09-24,2024-09-27,usage_question,closed,32,227,4320
6,937,2024-08-28,2024-08-28,bug,closed,8,171,0
7,640,2024-04-13,2024-04-19,bug,closed,10,198,8640
8,3,2024-10-14,2024-10-16,feature_request,closed,47,141,2880
9,1351,2024-09-13,2024-09-17,billing,closed,47,84,5760
10,1308,2024-03-20,2024-03-21,usage_question,closed,40,125,1440
11,1,2024-02-13,2024-02-14,usage_question,closed,13,41,1440
12,1014,2024-12-03,2024-12-08,bug,closed,12,24,7200
13,1595,2024-08-22,2024-08-26,other,closed,42,217,5760
14,1073,2024-07-14,2024-07-14,feature_request,closed,33,222,0
15,1602,2024-09-12,2024-09-14,billing,closed,10,151,2880
16,155,2024-01-28,2024-01-31,usage_question,closed,36,232,4320
17,778,2024-07-13,2024-07-18,usage_question,closed,32,90,7200
18,410,2023-12-25,2023-12-25,bug,closed,30,153,0
19,1198,2024-05-25,2024-05-25,bug,closed,27,114,0
20,557,2024-12-22,2024-12-23,usage_question,closed,19,188,1440
21,572,2024-12-19,2024-12-19,bug,closed,37,114,0
22,557,2023-06-19,2023-06-25,usage_question,closed,12,19,8640
23,588,2023-10-24,2023-10-24,feature_request,closed,16,16,0
24,749,2024-10-07,2024-10-07,usage_question,closed,38,122,0
25,405,2023-10-23,2023-10-30,bug,closed,43,17,10080
26,946,2023-11-16,2023-11-18,usage_question,closed,30,124,2880
27,1404,2023-12-31,2023-12-31,usage_question,closed,29,201,0
28,1611,2024-03-26,2024-03-26,bug,closed,24,108,0
29,536,2024-12-29,2024-12-29,bug,closed,42,236,0
30,855,2024-09-25,2024-09-25,other,closed,1,36,0
31,696,2024-09-28,2024-09-28,billing,closed,4,142,0
32,1222,2024-09-29,2024-09-30,other,closed,49,190,1440
33,838,2024-08-15,2024-08-15,usage_question,closed,29,109,0
34,1106,2024-09-27,2024-09-27,feature_request,closed,19,52,0
35,844,2024-09-15,2024-09-15,other,closed,30,56,0
36,1965,2024-12-03,2024-12-03,usage_question,closed,27,109,0
37,558,2024-10-29,2024-11-01,usage_question,closed,26,101,4320
38,933,2024-03-04,2024-03-04,bug,closed,25,114,0
39,642,2024-05-10,2024-05-10,usage_question,closed,15,239,0
40,1253,2024-01-10,2024-01-10,usage_question,closed,26,68,0
41,1745,2024-10-27,2024-10-27,usage_question,closed,18,124,0
42,1022,2024-07-06,2024-07-09,other,closed,18,144,4320
43,683,2024-05-15,2024-05-17,bug,closed,38,97,2880
44,253,2023-11-13,2023-11-13,bug,closed,18,70,0
45,449,2024-05-27,2024-05-31,bug,closed,11,106,5760
46,1579,2024-07-04,2024-07-04,billing,closed,46,237,0
47,1262,2023-01-06,2023-01-07,bug,closed,27,209,1440
48,349,2024-10-16,2024-10-21,usage_question,closed,46,185,7200
49,598,2024-11-28,2024-11-28,bug,closed,38,128,0
50,1873,2024-10-09,2024-10-16,bug,closed,20,222,10080
51,1886,2024-03-12,2024-03-12,bug,closed,23,78,0
52,1242,2024-08-29,2024-09-05,bug,closed,40,217,10080
53,1577,2023-12-01,2023-12-06,bug,closed,37,56,7200
54,1483,2024-11-07,2024-11-07,bug,closed,25,201,0
55,1415,2023-12-24,2023-12-24,billing,closed,17,175,0
56,1505,2024-12-24,2024-12-24,billing,closed,27,180,0
57,1346,2024-06-11,2024-06-14,usage_question,closed,7,84,4320
58,109,2024-04-07,2024-04-09,usage_question,closed,32,235,2880
59,1079,2024-06-20,2024-06-20,feature_request,closed,26,226,0
60,751,2024-10-01,2024-10-02,usage_question,closed,8,108,1440
61,612,2024-12-02,2024-12-09,feature_request,closed,3,217,10080
62,1117,2024-04-26,2024-04-26,other,closed,43,178,0
63,104,2024-07-07,2024-07-07,bug,closed,13,198,0
64,885,2024-03-03,2024-03-07,usage_question,closed,34,49,5760
65,926,2023-09-27,2023-09-27,usage_question,closed,27,195,0
66,407,2024-09-17,2024-09-17,billing,closed,34,192,0
67,491,2023-12-07,2023-12-08,usage_question,closed,7,33,1440
68,260,2024-04-28,2024-04-28,feature_request,closed,3,206,0
69,1158,2024-12-20,2024-12-20,bug,closed,15,215,0
70,733,2024-08-29,2024-08-29,usage_question,closed,20,61,0
71,1585,2024-10-18,2024-10-25,bug,closed,13,140,10080
72,244,2024-08-27,2024-08-27,bug,closed,13,202,0
73,848,2024-07-17,2024-07-17,other,closed,45,189,0
74,642,2023-11-25,2023-11-25,other,closed,17,236,0
75,281,2024-09-22,2024-09-22,feature_request,closed,7,105,0
76,617,2024-06-03,2024-06-08,feature_request,closed,14,228,7200
77,1670,2024-09-15,2024-09-20,bug,closed,21,79,7200
78,1912,2024-05-30,2024-05-30,usage_question,closed,8,118,0
79,596,2024-09-27,2024-09-27,bug,closed,18,91,0
80,1770,2024-09-17,2024-09-24,usage_question,closed,22,46,10080
81,1919,2024-12-18,2024-12-18,usage_question,closed,34,232,0
82,1946,2024-05-22,2024-05-23,bug,closed,1,106,1440
83,1108,2023-09-07,2023-09-10,bug,closed,16,165,4320
84,1990,2024-10-12,2024-10-13,bug,closed,48,216,1440
85,1742,2024-06-10,2024-06-10,usage_question,closed,10,49,0
86,1944,2023-09-29,2023-09-29,usage_question,closed,22,232,0
87,919,2024-10-06,2024-10-10,bug,closed,17,210,5760
88,1261,2024-01-07,2024-01-07,bug,closed,4,87,0
89,1768,2024-01-03,2024-01-03,feature_request,closed,3,209,0
90,1551,2023-12-11,2023-12-11,usage_question,closed,2,165,0
91,152,2024-02-24,2024-02-24,bug,closed,29,91,0
92,687,2024-06-29,2024-07-01,bug,closed,26,118,2880
93,887,2024-06-05,2024-06-11,other,closed,16,40,8640
94,395,2024-12-20,2024-12-23,feature_request,closed,20,42,4320
95,1489,2024-06-11,2024-06-14,other,closed,27,131,4320
96,1851,2024-11-20,2024-11-20,other,closed,21,46,0
97,192,2024-01-12,2024-01-12,feature_request,closed,31,222,0
98,70,2024-11-25,2024-11-25,feature_request,closed,5,118,0
99,1811,2024-09-23,2024-09-28,other,closed,16,21,7200
100,1077,2024-10-04,2024-10-08,bug,closed,5,36,5760
101,1334,2023-10-04,2023-10-04,feature_request,closed,16,174,0
102,348,2023-12-31,2024-01-03,billing,closed,33,121,4320
103,694,2024-10-11,2024-10-17,bug,closed,8,177,8640
104,1369,2024-01-23,2024-01-28,other,closed,43,42,7200
105,1482,2024-04-20,2024-04-27,other,closed,6,177,10080
106,1082,2024-07-08,2024-07-08,other,closed,27,25,0
107,620,2024-03-01,2024-03-01,feature_request,closed,37,177,0
108,1045,2024-04-09,2024-04-09,billing,closed,20,105,0
109,1430,2024-05-06,2024-05-06,feature_request,closed,32,123,0
110,1336,2023-12-27,2023-12-29,feature_request,closed,6,105,2880
111,371,2024-06-04,2024-06-04,bug,closed,31,71,0
112,1888,2023-11-13,2023-11-13,feature_request,closed,24,89,0
113,1909,2024-04-19,2024-04-19,bug,closed,42,66,0
114,657,2024-06-01,2024-06-01,bug,closed,45,129,0
115,738,2024-03-18,2024-03-23,usage_question,closed,50,170,7200
116,1775,2023-12-06,2023-12-06,feature_request,closed,31,119,0
117,908,2024-12-13,2024-12-13,bug,closed,35,73,0
118,1179,2024-06-01,2024-06-01,usage_question,closed,35,143,0
119,1489,2024-09-22,2024-09-22,billing,closed,20,151,0
120,1843,2024-05-25,2024-05-25,billing,closed,45,95,0
121,257,2024-12-12,2024-12-12,usage_question,closed,31,124,0
122,1112,2024-04-27,2024-04-29,usage_question,closed,48,19,2880
123,1598,2024-01-09,2024-01-09,usage_question,closed,48,90,0
124,1776,2024-04-10,2024-04-14,bug,closed,34,93,5760
125,1545,2024-03-10,2024-03-14,bug,closed,27,68,5760
126,297,2024-03-04,2024-03-08,usage_question,closed,25,165,5760
127,719,2024-10-07,2024-10-09,usage_question,closed,25,103,2880
128,737,2024-12-13,2024-12-13,other,closed,32,235,0
129,1801,2024-05-03,2024-05-09,bug,closed,13,171,8640
130,161,2024-11-22,2024-11-29,usage_question,closed,35,225,10080
131,553,2023-11-05,2023-11-05,usage_question,closed,25,199,0
132,49,2024-07-02,2024-07-02,billing,closed,7,26,0
133,1976,2024-12-13,2024-12-18,other,closed,13,58,7200
134,595,2024-01-31,2024-02-02,usage_question,closed,13,92,2880
135,1990,2024-09-27,2024-09-30,usage_question,closed,37,191,4320
136,349,2024-01-30,2024-01-31,bug,closed,24,195,1440
137,75,2023-12-11,2023-12-11,bug,closed,45,69,0
138,823,2024-11-11,2024-11-17,usage_question,closed,6,187,8640
139,1278,2024-09-30,2024-10-03,billing,closed,4,239,4320
140,1806,2024-07-18,2024-07-18,bug,closed,38,33,0
141,1389,2024-09-15,2024-09-19,usage_question,closed,6,30,5760
142,1151,2024-12-19,2024-12-19,bug,closed,35,27,0
143,1355,2024-08-02,2024-08-02,billing,closed,24,114,0
144,1460,2024-03-06,2024-03-06,usage_question,closed,32,184,0
145,193,2024-08-23,2024-08-23,billing,closed,18,64,0
146,687,2024-08-28,2024-08-28,feature_request,closed,11,139,0
147,267,2024-09-21,2024-09-21,feature_request,closed,14,127,0
148,65,2024-01-01,2024-01-06,usage_question,closed,29,37,7200
149,58,2023-11-16,2023-11-19,bug,closed,50,185,4320
150,44,2023-12-19,2023-12-19,bug,closed,46,87,0
151,277,2024-06-09,2024-06-16,billing,closed,21,100,10080
152,202,2024-12-05,2024-12-05,bug,closed,26,235,0
153,1736,2023-11-09,2023-11-09,usage_question,closed,29,108,0
154,60,2024-03-26,2024-03-26,usage_question,closed,47,93,0
155,1522,2024-11-27,2024-11-27,usage_question,closed,45,16,0
156,785,2023-12-15,2023-12-15,bug,closed,19,228,0
157,1092,2024-10-09,2024-10-09,usage_question,closed,4,106,0
158,1168,2024-05-19,2024-05-24,feature_request,closed,2,71,7200
159,1176,2024-07-14,2024-07-14,feature_request,closed,24,222,0
160,500,2024-07-27,2024-07-31,feature_request,closed,33,239,5760
161,1056,2024-01-20,2024-01-20,bug,closed,7,68,0
162,250,2024-04-26,2024-05-02,bug,closed,14,128,8640
163,1353,2024-05-15,2024-05-15,bug,closed,10,54,0
164,413,2023-12-08,2023-12-08,bug,closed,15,158,0
165,1980,2024-01-05,2024-01-07,usage_question,closed,45,185,2880
166,281,2024-03-03,2024-03-03,usage_question,closed,8,240,0
167,935,2024-11-15,2024-11-15,bug,closed,2,156,0
168,1334,2023-07-12,2023-07-15,usage_question,closed,11,125,4320
169,1167,2024-04-14,2024-04-18,bug,closed,33,75,5760
170,335,2024-04-15,2024-04-15,feature_request,closed,31,144,0
171,1206,2024-10-25,2024-11-01,billing,closed,3,166,10080
172,1236,2024-08-03,2024-08-03,other,closed,7,87,0
173,1758,2024-09-22,2024-09-22,usage_question,closed,50,206,0
174,354,2024-03-04,2024-03-11,bug,closed,34,27,10080
175,915,2024-05-11,2024-05-11,usage_question,closed,49,72,0
176,1720,2024-02-22,2024-02-24,feature_request,closed,22,150,2880
177,421,2024-10-05,2024-10-05,bug,closed,35,67,0
178,1151,2024-05-28,2024-05-28,usage_question,closed,19,155,0
179,1701,2024-08-10,2024-08-10,bug,closed,13,34,0
180,370,2024-11-24,2024-11-29,other,closed,2,124,7200
181,224,2024-06-25,2024-07-01,feature_request,closed,13,43,8640
182,1522,2024-12-05,2024-12-05,other,closed,46,207,0
183,1547,2024-03-26,2024-03-26,bug,closed,37,150,0
184,804,2023-11-13,2023-11-15,usage_question,closed,36,32,2880
185,1215,2024-09-29,2024-09-30,bug,closed,30,218,1440
186,618,2024-08-08,2024-08-08,usage_question,closed,32,233,0
187,678,2024-08-27,2024-08-27,billing,closed,21,171,0
188,1193,2024-10-02,2024-10-02,usage_question,closed,24,73,0
189,1150,2024-06-07,2024-06-09,bug,closed,31,179,2880
190,1041,2024-05-04,2024-05-04,other,closed,12,76,0
191,641,2024-02-27,2024-02-28,usage_question,closed,15,94,1440
192,1796,2024-12-01,2024-12-05,bug,closed,7,178,5760
193,1252,2024-04-16,2024-04-16,usage_question,closed,9,34,0
194,61,2024-04-27,2024-04-27,usage_question,closed,50,71,0
195,1345,2024-11-24,2024-11-24,bug,closed,16,96,0
196,1711,2023-12-14,2023-12-18,bug,closed,4,183,5760
197,1830,2023-02-03,2023-02-03,bug,closed,33,146,0
198,236,2024-03-19,2024-03-24,bug,closed,35,93,7200
199,1756,2024-10-11,2024-10-18,usage_question,closed,26,48,10080
200,832,2023-12-27,2023-12-28,bug,closed,45,194,1440
201,65,2024-05-18,2024-05-20,usage_question,closed,46,45,2880
202,1118,2024-11-11,2024-11-11,other,closed,20,153,0
203,1129,2024-05-28,2024-05-28,bug,closed,11,77,0
204,1257,2024-10-08,2024-10-14,bug,closed,38,150,8640
205,1671,2023-12-16,2023-12-16,feature_request,closed,10,125,0
206,151,2024-06-14,2024-06-17,other,closed,14,68,4320
207,862,2024-06-09,2024-06-12,usage_question,closed,30,69,4320
208,232,2024-05-14,2024-05-14,feature_request,closed,34,188,0
209,1452,2024-10-29,2024-11-05,other,closed,14,235,10080
210,491,2024-04-20,2024-04-27,bug,closed,2,34,10080
211,1405,2024-02-29,2024-02-29,bug,closed,36,182,0
212,288,2024-10-08,2024-10-08,feature_request,closed,15,233,0
213,1036,2024-04-13,2024-04-20,usage_question,closed,23,124,10080
214,518,2023-10-20,2023-10-20,usage_question,closed,8,182,0
215,1301,2024-10-23,2024-10-23,bug,closed,24,227,0
216,1110,2023-11-15,2023-11-18,usage_question,closed,38,123,4320
217,1694,2023-11-20,2023-11-22,billing,closed,15,53,2880
218,1526,2024-03-25,2024-03-27,bug,closed,29,92,2880
219,276,2024-02-21,2024-02-21,other,closed,8,138,0
220,649,2024-06-18,2024-06-20,usage_question,closed,24,207,2880
221,243,2024-10-21,2024-10-27,usage_question,closed,12,137,8640
222,636,2024-11-05,2024-11-05,bug,closed,16,81,0
223,1232,2024-03-27,2024-04-01,usage_question,closed,13,106,7200
224,513,2024-05-01,2024-05-08,billing,closed,15,56,10080
225,190,2024-12-28,2024-12-28,bug,closed,25,84,0
226,826,2024-10-28,2024-10-28,other,closed,4,240,0
227,97,2024-06-20,2024-06-20,usage_question,closed,40,226,0
228,1072,2024-12-11,2024-12-17,bug,closed,12,132,8640
229,1847,2024-12-23,2024-12-25,usage_question,closed,18,187,2880
230,1480,2024-08-11,2024-08-11,bug,closed,4,155,0
231,13,2024-07-31,2024-08-06,usage_question,closed,5,138,8640
232,1182,2024-11-28,2024-12-02,billing,closed,3,177,5760
233,976,2024-04-20,2024-04-23,bug,closed,4,141,4320
234,542,2023-10-10,2023-10-10,usage_question,closed,21,88,0
235,906,2024-12-10,2024-12-16,bug,closed,31,144,8640
236,570,2023-11-16,2023-11-21,usage_question,closed,29,74,7200
237,1282,2024-10-03,2024-10-08,bug,closed,33,227,7200
238,139,2024-06-09,2024-06-09,bug,closed,10,42,0
239,39,2024-04-16,2024-04-23,bug,closed,38,219,10080
240,756,2024-03-26,2024-03-27,bug,closed,26,99,1440
241,1779,2024-05-06,2024-05-12,other,closed,27,40,8640
242,170,2024-07-05,2024-07-05,bug,closed,13,124,0
243,982,2024-09-02,2024-09-05,feature_request,closed,2,181,4320
244,1803,2024-12-06,2024-12-06,other,closed,40,237,0
245,1883,2024-11-15,2024-11-15,bug,closed,1,197,0
246,1204,2024-02-05,2024-02-06,billing,closed,10,177,1440
247,1823,2024-09-12,2024-09-13,other,closed,21,155,1440
248,1379,2024-11-18,2024-11-18,bug,closed,31,89,0
249,1325,2024-05-16,2024-05-16,other,closed,42,140,0
250,1939,2024-10-07,2024-10-10,billing,closed,6,117,4320
251,1735,2024-07-23,2024-07-23,billing,closed,47,228,0
252,1985,2024-11-30,2024-12-07,bug,closed,15,46,10080
253,1135,2024-10-14,2024-10-14,bug,closed,32,135,0
254,1861,2024-12-03,2024-12-03,bug,closed,40,113,0
255,358,2024-11-30,2024-12-04,usage_question,closed,44,224,5760
256,1218,2023-04-22,2023-04-22,billing,closed,44,207,0
257,140,2024-03-06,2024-03-12,bug,closed,39,56,8640
258,1952,2024-11-14,2024-11-14,billing,closed,17,26,0
259,872,2024-08-20,2024-08-22,feature_request,closed,19,101,2880
260,1797,2024-10-06,2024-10-06,usage_question,closed,44,86,0
261,61,2024-08-29,2024-09-04,usage_question,closed,15,155,8640
262,1939,2024-06-24,2024-06-24,usage_question,closed,20,132,0
263,1082,2024-10-25,2024-10-27,bug,closed,40,51,2880
264,684,2024-09-15,2024-09-20,usage_question,closed,38,218,7200
265,1723,2024-05-01,2024-05-01,feature_request,closed,38,100,0
266,1860,2024-04-28,2024-04-28,usage_question,closed,24,66,0
267,1989,2024-12-08,2024-12-10,bug,closed,29,69,2880
268,1014,2024-09-11,2024-09-11,usage_question,closed,38,88,0
269,1594,2023-12-11,2023-12-11,feature_request,closed,16,132,0
270,179,2024-04-05,2024-04-11,usage_question,closed,11,132,8640
271,166,2024-06-16,2024-06-19,other,closed,27,38,4320
272,301,2024-09-29,2024-09-29,bug,closed,10,96,0
273,789,2024-01-10,2024-01-17,other,closed,33,77,10080
274,1821,2024-07-12,2024-07-12,usage_question,closed,3,53,0
275,262,2023-11-28,2023-12-03,billing,closed,13,51,7200
276,116,2024-08-03,2024-08-05,usage_question,closed,40,33,2880
277,165,2024-11-28,2024-11-30,usage_question,closed,50,130,2880
278,1898,2024-09-17,2024-09-17,usage_question,closed,27,25,0
279,1894,2024-08-07,2024-08-08,feature_request,closed,16,92,1440
280,159,2024-12-20,2024-12-27,usage_question,closed,15,238,10080
281,1524,2024-11-09,2024-11-13,usage_question,closed,42,235,5760
282,1823,2024-03-18,2024-03-23,bug,closed,8,191,7200
283,936,2024-08-06,2024-08-06,bug,closed,26,169,0
284,1656,2024-12-05,2024-12-05,feature_request,closed,49,131,0
285,1161,2024-08-22,2024-08-22,billing,closed,40,101,0
286,755,2024-12-21,2024-12-27,usage_question,closed,44,15,8640
287,956,2024-06-01,2024-06-06,usage_question,closed,25,20,7200
288,1017,2024-11-08,2024-11-08,usage_question,closed,39,130,0
289,128,2024-10-23,2024-10-23,usage_question,closed,48,160,0
290,785,2024-02-27,2024-03-01,bug,closed,32,159,4320
291,71,2024-04-28,2024-04-28,other,closed,13,208,0
292,1226,2023-11-03,2023-11-04,usage_question,closed,47,81,1440
293,1285,2024-03-11,2024-03-14,billing,closed,38,73,4320
294,67,2024-01-13,2024-01-13,usage_question,closed,20,53,0
295,1199,2023-12-12,2023-12-12,usage_question,closed,36,149,0
296,782,2024-10-17,2024-10-17,billing,closed,50,159,0
297,1442,2024-05-21,2024-05-21,billing,closed,34,86,0
298,281,2024-07-28,2024-08-04,usage_question,closed,27,54,10080
299,1152,2024-08-09,2024-08-09,usage_question,closed,23,188,0
300,778,2024-12-12,2024-12-13,usage_question,closed,11,53,1440
301,1173,2024-06-23,2024-06-27,bug,closed,39,193,5760
302,768,2024-02-25,2024-03-01,bug,closed,33,34,7200
303,464,2024-11-19,2024-11-19,usage_question,closed,22,52,0
304,748,2024-10-25,2024-10-26,bug,closed,4,67,1440
305,1079,2024-07-17,2024-07-19,usage_question,closed,47,97,2880
306,656,2024-12-29,2025-01-01,bug,open,3,212,4320
307,977,2024-08-28,2024-08-31,bug,closed,8,220,4320
308,978,2024-02-12,2024-02-12,billing,closed,5,111,0
309,374,2023-08-16,2023-08-19,usage_question,closed,21,235,4320
310,1388,2024-07-24,2024-07-24,other,closed,49,153,0
311,1510,2024-07-25,2024-07-30,usage_question,closed,5,201,7200
312,322,2024-07-14,2024-07-14,usage_question,closed,5,17,0
313,959,2024-01-21,2024-01-21,billing,closed,30,82,0
314,767,2024-08-21,2024-08-28,billing,closed,13,120,10080
315,725,2024-10-06,2024-10-06,other,closed,16,159,0
316,880,2024-12-13,2024-12-13,bug,closed,3,149,0
317,1484,2023-12-31,2024-01-02,bug,closed,31,29,2880
318,1481,2024-08-05,2024-08-05,bug,closed,48,223,0
319,975,2024-10-21,2024-10-26,bug,closed,9,198,7200
320,749,2024-12-29,2024-12-29,billing,closed,44,59,0
321,1218,2024-08-06,2024-08-08,billing,closed,5,234,2880
322,1208,2023-09-19,2023-09-22,feature_request,closed,45,63,4320
323,142,2024-11-01,2024-11-06,other,closed,7,50,7200
324,428,2024-02-23,2024-02-24,feature_request,closed,23,192,1440
325,451,2024-04-17,2024-04-23,bug,closed,38,224,8640
326,410,2024-10-02,2024-10-02,bug,closed,1,173,0
327,1187,2024-09-27,2024-09-27,billing,closed,43,221,0
328,1256,2024-07-26,2024-07-26,other,closed,3,161,0
329,724,2024-11-16,2024-11-16,usage_question,closed,18,50,0
330,462,2024-12-25,2024-12-29,usage_question,closed,15,121,5760
331,1070,2024-01-18,2024-01-21,billing,closed,34,167,4320
332,507,2024-09-03,2024-09-07,bug,closed,43,160,5760
333,179,2024-12-08,2024-12-10,usage_question,closed,31,181,2880
334,578,2024-09-21,2024-09-23,feature_request,closed,14,24,2880
335,1505,2024-06-28,2024-06-30,usage_question,closed,11,67,2880
336,1408,2023-07-25,2023-07-25,usage_question,closed,4,32,0
337,708,2024-12-06,2024-12-06,billing,closed,18,236,0
338,1032,2024-11-03,2024-11-04,other,closed,37,157,1440
339,344,2024-08-04,2024-08-04,other,closed,6,106,0
340,10,2024-07-02,2024-07-02,feature_request,closed,3,188,0
341,1874,2024-06-15,2024-06-21,feature_request,closed,29,177,8640
342,1286,2024-05-21,2024-05-21,feature_request,closed,34,85,0
343,254,2024-07-03,2024-07-06,other,closed,45,109,4320
344,1698,2024-08-24,2024-08-24,other,closed,23,43,0
345,1037,2024-08-19,2024-08-23,bug,closed,30,21,5760
346,746,2024-12-11,2024-12-16,usage_question,closed,44,236,7200
347,696,2023-05-31,2023-06-04,feature_request,closed,22,52,5760
348,208,2024-08-12,2024-08-12,usage_question,closed,18,23,0
349,1144,2024-08-10,2024-08-10,usage_question,closed,23,42,0
350,207,2024-08-21,2024-08-22,usage_question,closed,14,25,1440
351,785,2024-02-07,2024-02-10,other,closed,26,232,4320
352,1870,2024-03-24,2024-03-29,billing,closed,30,109,7200
353,1137,2024-05-09,2024-05-15,bug,closed,6,72,8640
354,1037,2024-12-19,2024-12-24,usage_question,closed,45,81,7200
355,1143,2024-11-18,2024-11-18,feature_request,closed,39,184,0
356,12,2024-05-21,2024-05-21,usage_question,closed,2,26,0
357,394,2024-04-15,2024-04-15,bug,closed,8,88,0
358,1641,2024-06-24,2024-06-24,bug,closed,33,193,0
359,1617,2024-05-18,2024-05-18,usage_question,closed,31,171,0
360,1141,2024-07-23,2024-07-26,billing,closed,32,29,4320
361,1944,2024-06-30,2024-06-30,bug,closed,32,217,0
362,614,2024-07-10,2024-07-17,usage_question,closed,27,58,10080
363,788,2023-12-23,2023-12-29,bug,closed,8,35,8640
364,1709,2024-07-19,2024-07-24,bug,closed,6,125,7200
365,330,2024-06-08,2024-06-08,usage_question,closed,36,164,0
366,572,2024-01-16,2024-01-22,billing,closed,18,22,8640
367,598,2024-02-23,2024-02-23,usage_question,closed,25,174,0
368,773,2023-12-05,2023-12-05,feature_request,closed,33,88,0
369,520,2024-02-19,2024-02-20,usage_question,closed,31,223,1440
370,342,2024-07-10,2024-07-10,bug,closed,3,218,0
371,1144,2023-10-07,2023-10-12,feature_request,closed,32,149,7200
372,374,2024-08-17,2024-08-17,usage_question,closed,11,99,0
373,1323,2024-11-09,2024-11-09,usage_question,closed,27,153,0
374,382,2024-06-22,2024-06-24,other,closed,16,235,2880
375,1247,2024-03-08,2024-03-08,feature_request,closed,1,110,0
376,1767,2024-10-23,2024-10-23,other,closed,4,80,0
377,110,2024-03-11,2024-03-11,usage_question,closed,43,71,0
378,1707,2024-08-21,2024-08-21,bug,closed,23,152,0
379,1181,2024-04-03,2024-04-05,bug,closed,36,37,2880
380,953,2024-08-24,2024-08-30,bug,closed,6,49,8640
381,550,2023-12-03,2023-12-04,other,closed,1,91,1440
382,1449,2024-10-27,2024-10-30,billing,closed,5,62,4320
383,868,2024-01-13,2024-01-13,billing,closed,6,98,0
384,1296,2024-10-23,2024-10-27,billing,closed,27,211,5760
385,1267,2024-05-25,2024-05-25,other,closed,23,68,0
386,1590,2024-06-20,2024-06-20,usage_question,closed,32,58,0
387,128,2023-12-03,2023-12-03,bug,closed,27,39,0
388,689,2024-12-19,2024-12-19,usage_question,closed,33,37,0
389,28,2024-12-26,2024-12-26,feature_request,closed,46,101,0
390,1235,2024-03-13,2024-03-13,feature_request,closed,10,219,0
391,1403,2023-12-09,2023-12-09,usage_question,closed,7,82,0
392,1860,2024-06-06,2024-06-11,usage_question,closed,43,169,7200
393,1204,2024-07-28,2024-08-02,usage_question,closed,42,26,7200
394,443,2024-02-02,2024-02-02,billing,closed,16,237,0
395,1377,2024-05-16,2024-05-21,usage_question,closed,25,144,7200
396,1798,2024-02-04,2024-02-05,billing,closed,47,223,1440
397,1220,2024-11-11,2024-11-11,bug,closed,48,92,0
398,270,2024-07-06,2024-07-07,feature_request,closed,33,114,1440
399,571,2024-06-05,2024-06-05,bug,closed,38,131,0
400,325,2024-04-29,2024-04-29,usage_question,closed,37,74,0
401,279,2023-10-23,2023-10-29,feature_request,closed,20,218,8640
402,83,2024-08-29,2024-09-04,usage_question,closed,12,146,8640
403,1683,2023-11-26,2023-11-26,bug,closed,21,186,0
404,672,2024-11-27,2024-12-02,bug,closed,27,41,7200
405,1868,2024-08-06,2024-08-07,usage_question,closed,6,128,1440
406,1100,2024-05-02,2024-05-02,usage_question,closed,44,21,0
407,1596,2024-09-16,2024-09-20,feature_request,closed,32,163,5760
408,619,2024-04-13,2024-04-13,usage_question,closed,50,191,0
409,865,2023-12-07,2023-12-08,other,closed,48,171,1440
410,453,2023-11-18,2023-11-22,billing,closed,14,231,5760
411,280,2023-06-05,2023-06-05,feature_request,closed,23,51,0
412,1987,2024-01-02,2024-01-02,feature_request,closed,1,36,0
413,1106,2023-12-06,2023-12-07,bug,closed,38,99,1440
414,1820,2023-10-27,2023-11-01,bug,closed,49,50,7200
415,1211,2024-05-04,2024-05-07,usage_question,closed,32,196,4320
416,1348,2024-11-20,2024-11-20,usage_question,closed,35,134,0
417,1812,2024-07-20,2024-07-25,bug,closed,18,123,7200
418,920,2024-12-20,2024-12-20,bug,closed,2,185,0
419,1104,2024-04-12,2024-04-12,bug,closed,10,162,0
420,1753,2024-12-23,2024-12-23,bug,closed,50,42,0
421,1587,2024-07-20,2024-07-27,other,closed,37,238,10080
422,1028,2024-05-27,2024-05-27,other,closed,43,69,0
423,830,2024-09-06,2024-09-06,other,closed,36,70,0
424,69,2024-12-19,2024-12-26,bug,closed,20,176,10080
425,1467,2024-03-23,2024-03-27,other,closed,42,157,5760
426,1560,2024-09-06,2024-09-06,usage_question,closed,6,24,0
427,1053,2024-12-04,2024-12-05,usage_question,closed,16,197,1440
428,1005,2024-12-14,2024-12-16,bug,closed,34,159,2880
429,798,2024-06-29,2024-06-29,usage_question,closed,17,235,0
430,1810,2024-05-10,2024-05-13,other,closed,4,186,4320
431,816,2024-09-23,2024-09-23,bug,closed,49,186,0
432,256,2024-07-25,2024-07-26,usage_question,closed,8,75,1440
433,1716,2023-12-26,2023-12-28,bug,closed,16,123,2880
434,1702,2024-06-29,2024-07-01,billing,closed,24,182,2880
435,702,2024-01-02,2024-01-02,bug,closed,26,54,0
436,1088,2023-09-23,2023-09-23,feature_request,closed,10,222,0
437,1282,2023-11-21,2023-11-25,usage_question,closed,35,141,5760
438,745,2024-04-26,2024-04-27,bug,closed,44,123,1440
439,632,2024-12-07,2024-12-10,billing,closed,17,209,4320
440,1289,2023-12-13,2023-12-16,bug,closed,22,111,4320
441,1264,2024-09-15,2024-09-15,usage_question,closed,11,169,0
442,1800,2024-03-15,2024-03-15,usage_question,closed,8,183,0
443,1635,2023-11-11,2023-11-15,bug,closed,20,119,5760
444,1819,2023-09-09,2023-09-16,usage_question,closed,32,97,10080
445,1493,2024-11-29,2024-11-29,billing,closed,11,129,0
446,1355,2024-03-31,2024-03-31,usage_question,closed,21,45,0
447,99,2024-06-12,2024-06-12,usage_question,closed,33,203,0
448,735,2023-11-12,2023-11-12,usage_question,closed,12,237,0
449,1642,2024-07-03,2024-07-03,bug,closed,22,26,0
450,17,2024-09-29,2024-09-30,feature_request,closed,32,45,1440
451,1344,2024-05-07,2024-05-07,bug,closed,9,140,0
452,973,2024-03-20,2024-03-25,billing,closed,6,99,7200
453,1171,2024-03-06,2024-03-12,bug,closed,20,232,8640
454,173,2024-12-21,2024-12-21,billing,closed,19,31,0
455,129,2023-05-29,2023-05-31,bug,closed,12,92,2880
456,356,2024-10-15,2024-10-15,bug,closed,12,205,0
457,726,2024-07-14,2024-07-17,bug,closed,5,159,4320
458,1761,2024-10-28,2024-11-04,usage_question,closed,6,211,10080
459,1066,2024-11-04,2024-11-11,feature_request,closed,4,168,10080
460,1612,2023-09-07,2023-09-07,usage_question,closed,14,68,0
461,607,2024-09-30,2024-10-01,usage_question,closed,37,95,1440
462,58,2024-05-24,2024-05-28,feature_request,closed,8,117,5760
463,452,2024-04-24,2024-04-24,usage_question,closed,3,149,0
464,307,2024-06-16,2024-06-21,usage_question,closed,48,136,7200
465,1987,2023-08-02,2023-08-02,usage_question,closed,12,112,0
466,1900,2024-02-29,2024-03-03,bug,closed,22,160,4320
467,625,2024-03-20,2024-03-20,feature_request,closed,47,27,0
468,288,2024-06-17,2024-06-17,billing,closed,40,140,0
469,737,2024-08-03,2024-08-06,bug,closed,46,64,4320
470,1339,2024-11-03,2024-11-10,bug,closed,39,59,10080
471,1788,2024-10-13,2024-10-14,other,closed,19,68,1440
472,23,2024-10-18,2024-10-23,feature_request,closed,46,50,7200
473,393,2024-12-02,2024-12-02,billing,closed,3,178,0
474,851,2024-09-18,2024-09-24,bug,closed,2,119,8640
475,1889,2024-09-24,2024-09-28,bug,closed,19,38,5760
476,1945,2024-10-27,2024-10-29,feature_request,closed,3,216,2880
477,537,2024-03-23,2024-03-23,usage_question,closed,29,224,0
478,1339,2024-03-28,2024-03-28,bug,closed,18,201,0
479,1304,2024-04-04,2024-04-04,bug,closed,12,30,0
480,1048,2024-06-20,2024-06-27,other,closed,45,101,10080
481,953,2024-11-03,2024-11-05,usage_question,closed,15,95,2880
482,960,2024-01-06,2024-01-06,bug,closed,39,44,0
483,1723,2024-09-05,2024-09-09,bug,closed,3,190,5760
484,1141,2024-11-04,2024-11-04,usage_question,closed,26,70,0
485,1748,2023-11-20,2023-11-27,usage_question,closed,11,124,10080
486,1374,2024-08-30,2024-09-02,usage_question,closed,48,189,4320
487,1709,2023-02-10,2023-02-15,usage_question,closed,48,174,7200
488,640,2024-07-12,2024-07-16,bug,closed,21,140,5760
489,1479,2024-05-05,2024-05-08,feature_request,closed,33,77,4320
490,715,2024-09-08,2024-09-08,bug,closed,4,112,0
491,1178,2024-11-26,2024-11-30,usage_question,closed,9,204,5760
492,621,2024-04-10,2024-04-15,billing,closed,18,63,7200
493,1485,2023-01-29,2023-02-05,other,closed,5,114,10080
494,220,2024-11-09,2024-11-09,usage_question,closed,5,131,0
495,1989,2023-11-15,2023-11-15,usage_question,closed,42,132,0
496,1216,2024-10-14,2024-10-21,usage_question,closed,34,128,10080
497,1479,2024-09-04,2024-09-04,bug,closed,46,15,0
498,605,2024-08-22,2024-08-22,feature_request,closed,2,163,0
499,1335,2024-05-31,2024-06-03,other,closed,20,36,4320
500,322,2024-12-03,2024-12-03,usage_question,closed,11,214,0
501,909,2024-09-09,2024-09-13,bug,closed,6,61,5760
502,568,2024-09-26,2024-09-29,feature_request,closed,31,108,4320
503,730,2024-04-08,2024-04-08,bug,closed,11,151,0
504,686,2024-08-20,2024-08-20,bug,closed,34,216,0
505,969,2024-01-13,2024-01-13,usage_question,closed,10,197,0
506,56,2024-12-03,2024-12-05,usage_question,closed,15,42,2880
507,1618,2024-12-16,2024-12-16,usage_question,closed,17,217,0
508,188,2024-01-12,2024-01-12,bug,closed,46,95,0
509,467,2024-01-31,2024-02-04,other,closed,22,205,5760
510,1501,2024-01-23,2024-01-23,usage_question,closed,29,165,0
511,1284,2024-06-07,2024-06-08,bug,closed,49,85,1440
512,204,2024-05-17,2024-05-17,other,closed,39,36,0
513,440,2024-02-16,2024-02-16,other,closed,37,129,0
514,121,2024-03-12,2024-03-12,usage_question,closed,27,217,0
515,905,2024-09-02,2024-09-08,usage_question,closed,36,237,8640
516,626,2024-04-08,2024-04-08,bug,closed,15,166,0
517,1816,2024-03-12,2024-03-16,other,closed,37,45,5760
518,1678,2024-06-13,2024-06-13,bug,closed,16,80,0
519,544,2024-09-30,2024-10-03,billing,closed,47,180,4320
520,1684,2024-06-28,2024-06-28,other,closed,42,78,0
521,1930,2024-10-25,2024-10-25,feature_request,closed,37,163,0
522,123,2024-05-21,2024-05-21,usage_question,closed,21,118,0
523,1949,2024-07-20,2024-07-20,usage_question,closed,44,175,0
524,1012,2024-10-27,2024-10-27,bug,closed,3,125,0
525,1597,2024-02-19,2024-02-19,billing,closed,12,33,0
526,1821,2024-02-18,2024-02-20,bug,closed,34,160,2880
527,733,2023-12-21,2023-12-21,billing,closed,44,176,0
528,1529,2024-06-29,2024-06-29,bug,closed,4,22,0
529,5,2024-02-05,2024-02-05,bug,closed,44,91,0
530,1173,2024-02-21,2024-02-21,feature_request,closed,32,96,0
531,501,2024-10-26,2024-10-26,other,closed,35,206,0
532,1706,2024-07-20,2024-07-27,bug,closed,11,236,10080
533,1526,2024-12-06,2024-12-10,bug,closed,20,78,5760
534,554,2024-12-15,2024-12-15,bug,closed,39,138,0
535,1661,2024-10-26,2024-10-30,bug,closed,29,119,5760
536,57,2024-06-29,2024-07-02,usage_question,closed,9,109,4320
537,1124,2024-02-16,2024-02-23,billing,closed,43,129,10080
538,445,2024-11-28,2024-12-02,bug,closed,12,201,5760
539,1598,2024-06-25,2024-06-25,feature_request,closed,7,238,0
540,1268,2024-12-18,2024-12-21,bug,closed,42,186,4320
541,1180,2024-01-16,2024-01-22,other,closed,12,113,8640
542,1403,2024-12-24,2024-12-26,usage_question,closed,9,104,2880
543,875,2024-05-05,2024-05-08,bug,closed,20,131,4320
544,1585,2024-08-29,2024-09-04,billing,closed,32,208,8640
545,64,2024-09-13,2024-09-13,billing,closed,39,218,0
546,1228,2024-05-14,2024-05-19,usage_question,closed,25,204,7200
547,249,2024-09-04,2024-09-06,bug,closed,33,147,2880
548,197,2024-05-27,2024-05-27,usage_question,closed,1,211,0
549,765,2024-05-21,2024-05-21,feature_request,closed,19,62,0
550,505,2024-09-29,2024-09-29,bug,closed,39,170,0
551,1638,2024-07-03,2024-07-03,bug,closed,3,175,0
552,1659,2024-04-07,2024-04-07,feature_request,closed,34,106,0
553,54,2024-09-16,2024-09-16,bug,closed,43,157,0
554,502,2024-09-20,2024-09-26,bug,closed,46,57,8640
555,1356,2024-06-29,2024-07-01,bug,closed,49,226,2880
556,305,2023-08-27,2023-08-29,feature_request,closed,47,201,2880
557,1176,2024-05-14,2024-05-14,usage_question,closed,29,58,0
558,29,2024-04-25,2024-04-30,bug,closed,2,31,7200
559,1362,2023-10-11,2023-10-17,usage_question,closed,4,51,8640
560,827,2024-06-16,2024-06-16,usage_question,closed,27,212,0
561,1403,2024-03-16,2024-03-22,usage_question,closed,4,118,8640
562,1574,2023-07-10,2023-07-10,billing,closed,12,168,0
563,264,2024-05-07,2024-05-13,usage_question,closed,10,166,8640
564,487,2024-08-27,2024-09-01,feature_request,closed,26,228,7200
565,1070,2024-09-02,2024-09-02,usage_question,closed,49,176,0
566,1819,2024-02-28,2024-02-28,usage_question,closed,25,64,0
567,1727,2024-03-28,2024-03-28,feature_request,closed,40,206,0
568,393,2024-08-22,2024-08-23,bug,closed,36,175,1440
569,1945,2024-05-10,2024-05-10,bug,closed,23,107,0
570,1533,2024-03-03,2024-03-04,bug,closed,20,28,1440
571,1452,2024-08-30,2024-08-30,usage_question,closed,42,240,0
572,1319,2024-04-09,2024-04-12,usage_question,closed,26,45,4320
573,1838,2024-12-01,2024-12-08,usage_question,closed,31,207,10080
574,1063,2023-03-31,2023-04-02,usage_question,closed,17,146,2880
575,366,2023-12-08,2023-12-08,feature_request,closed,11,125,0
576,836,2024-12-12,2024-12-12,usage_question,closed,25,110,0
577,552,2024-08-08,2024-08-08,usage_question,closed,37,184,0
578,1733,2023-09-26,2023-09-26,bug,closed,2,42,0
579,1513,2024-08-09,2024-08-12,usage_question,closed,8,33,4320
580,1120,2024-06-12,2024-06-15,feature_request,closed,4,168,4320
581,1817,2024-04-10,2024-04-10,other,closed,35,53,0
582,508,2024-05-23,2024-05-23,feature_request,closed,32,104,0
583,1583,2024-06-11,2024-06-14,usage_question,closed,35,189,4320
584,1246,2023-11-26,2023-11-28,bug,closed,35,55,2880
585,1638,2024-01-15,2024-01-18,bug,closed,32,213,4320
586,113,2024-11-10,2024-11-14,usage_question,closed,14,40,5760
587,993,2024-04-07,2024-04-07,bug,closed,25,169,0
588,123,2023-11-17,2023-11-17,usage_question,closed,6,142,0
589,660,2024-12-02,2024-12-02,bug,closed,24,171,0
590,534,2024-04-02,2024-04-02,bug,closed,31,130,0
591,261,2024-12-23,2024-12-30,bug,closed,14,70,10080
592,1140,2024-11-21,2024-11-21,bug,closed,9,228,0
593,637,2024-03-28,2024-04-03,bug,closed,13,68,8640
594,137,2024-07-31,2024-08-03,feature_request,closed,27,124,4320
595,726,2023-10-03,2023-10-08,bug,closed,39,227,7200
596,774,2024-02-03,2024-02-08,billing,closed,20,96,7200
597,1226,2024-05-13,2024-05-13,usage_question,closed,8,207,0
598,1240,2023-09-20,2023-09-24,feature_request,closed,42,57,5760
599,742,2023-07-23,2023-07-30,usage_question,closed,21,141,10080
600,1148,2024-12-07,2024-12-07,feature_request,closed,1,70,0
601,1902,2024-09-19,2024-09-24,other,closed,8,152,7200
602,1396,2024-03-24,2024-03-24,bug,closed,49,41,0
603,988,2024-12-20,2024-12-27,bug,closed,48,172,10080
604,530,2024-06-16,2024-06-16,usage_question,closed,44,83,0
605,767,2024-12-12,2024-12-17,usage_question,closed,36,236,7200
606,1496,2024-07-30,2024-08-06,usage_question,closed,6,227,10080
607,121,2024-09-28,2024-10-01,usage_question,closed,44,235,4320
608,1816,2024-09-07,2024-09-11,billing,closed,43,43,5760
609,625,2023-11-21,2023-11-24,billing,closed,32,121,4320
610,1051,2024-09-12,2024-09-12,feature_request,closed,37,188,0
611,1859,2024-02-19,2024-02-19,usage_question,closed,30,165,0
612,366,2024-09-26,2024-09-27,bug,closed,47,116,1440
613,554,2024-03-20,2024-03-20,bug,closed,8,135,0
614,1769,2024-06-14,2024-06-19,bug,closed,32,73,7200
615,1122,2024-04-18,2024-04-18,usage_question,closed,45,204,0
616,920,2024-09-22,2024-09-29,feature_request,closed,49,206,10080
617,1208,2023-12-07,2023-12-07,billing,closed,47,165,0
618,964,2024-08-23,2024-08-28,other,closed,23,170,7200
619,1129,2024-07-14,2024-07-19,feature_request,closed,26,44,7200
620,1533,2023-08-22,2023-08-22,billing,closed,24,232,0
621,1462,2024-03-23,2024-03-28,usage_question,closed,48,54,7200
622,1531,2024-04-12,2024-04-19,bug,closed,14,15,10080
623,1140,2024-10-03,2024-10-03,usage_question,closed,6,47,0
624,753,2024-05-23,2024-05-23,bug,closed,45,46,0
625,1062,2024-10-21,2024-10-22,bug,closed,29,147,1440
626,86,2024-03-03,2024-03-03,usage_question,closed,36,208,0
627,243,2024-01-07,2024-01-10,bug,closed,23,147,4320
628,368,2023-05-25,2023-05-27,bug,closed,26,227,2880
629,724,2024-10-09,2024-10-15,billing,closed,36,71,8640
630,1201,2024-06-08,2024-06-08,bug,closed,45,217,0
631,904,2024-02-29,2024-03-07,bug,closed,50,23,10080
632,1252,2024-02-11,2024-02-11,feature_request,closed,25,26,0
633,1042,2023-03-20,2023-03-20,usage_question,closed,47,101,0
634,436,2024-10-23,2024-10-23,feature_request,closed,50,85,0
635,1748,2023-08-12,2023-08-12,usage_question,closed,4,72,0
636,566,2023-08-26,2023-09-02,billing,closed,5,108,10080
637,1355,2023-09-06,2023-09-13,bug,closed,1,232,10080
638,192,2024-10-07,2024-10-12,bug,closed,22,201,7200
639,488,2024-08-13,2024-08-13,usage_question,closed,39,234,0
640,450,2024-08-29,2024-08-29,usage_question,closed,20,16,0
641,1030,2024-09-09,2024-09-16,feature_request,closed,19,46,10080
642,1136,2024-05-23,2024-05-23,bug,closed,40,141,0
643,577,2024-08-09,2024-08-12,usage_question,closed,33,123,4320
644,39,2024-04-10,2024-04-10,bug,closed,1,237,0
645,1840,2024-11-07,2024-11-10,bug,closed,4,218,4320
646,1247,2024-12-25,2024-12-25,usage_question,closed,30,67,0
647,1782,2024-08-06,2024-08-06,billing,closed,17,201,0
648,312,2023-10-24,2023-10-24,usage_question,closed,38,117,0
649,1892,2024-11-11,2024-11-17,usage_question,closed,34,211,8640
650,108,2024-05-09,2024-05-10,bug,closed,40,179,1440
651,213,2023-12-09,2023-12-09,usage_question,closed,17,105,0
652,1537,2024-11-25,2024-11-25,bug,closed,6,18,0
653,1947,2023-12-01,2023-12-01,other,closed,49,105,0
654,353,2024-09-10,2024-09-10,bug,closed,31,191,0
655,777,2024-12-15,2024-12-19,feature_request,closed,12,79,5760
656,1832,2024-06-12,2024-06-14,other,closed,50,40,2880
657,122,2023-08-28,2023-08-28,feature_request,closed,26,237,0
658,243,2024-06-15,2024-06-16,other,closed,47,160,1440
659,800,2024-04-25,2024-04-25,bug,closed,32,186,0
660,388,2024-07-15,2024-07-15,usage_question,closed,45,89,0
661,1529,2024-06-17,2024-06-17,feature_request,closed,24,89,0
662,665,2024-11-06,2024-11-06,other,closed,9,107,0
663,1741,2024-04-24,2024-04-24,other,closed,21,55,0
664,165,2024-03-03,2024-03-03,usage_question,closed,25,236,0
665,1757,2024-10-08,2024-10-08,usage_question,closed,15,193,0
666,1371,2023-11-18,2023-11-18,usage_question,closed,48,110,0
667,807,2024-06-01,2024-06-01,bug,closed,5,227,0
668,1935,2024-03-16,2024-03-16,other,closed,7,162,0
669,1192,2024-08-05,2024-08-05,bug,closed,42,61,0
670,1798,2024-05-16,2024-05-17,bug,closed,18,211,1440
671,461,2024-01-07,2024-01-07,feature_request,closed,13,103,0
672,123,2023-12-06,2023-12-06,feature_request,closed,43,59,0
673,1246,2024-10-24,2024-10-24,usage_question,closed,47,160,0
674,10,2024-01-20,2024-01-24,billing,closed,30,175,5760
675,693,2023-12-16,2023-12-16,usage_question,closed,19,100,0
676,58,2024-11-12,2024-11-12,feature_request,closed,3,101,0
677,550,2024-09-01,2024-09-01,bug,closed,21,113,0
678,146,2024-04-01,2024-04-02,bug,closed,50,16,1440
679,523,2024-10-13,2024-10-20,usage_question,closed,29,95,10080
680,1530,2024-12-24,2024-12-26,billing,closed,5,134,2880
681,1358,2024-04-25,2024-04-29,usage_question,closed,22,139,5760
682,1689,2024-12-25,2024-12-26,usage_question,closed,42,58,1440
683,102,2024-12-27,2024-12-27,feature_request,closed,8,115,0
684,1107,2024-10-17,2024-10-18,usage_question,closed,43,103,1440
685,1791,2024-06-22,2024-06-22,usage_question,closed,2,53,0
686,184,2024-09-23,2024-09-24,bug,closed,38,73,1440
687,1440,2024-11-24,2024-11-24,bug,closed,2,178,0
688,278,2023-09-29,2023-09-29,usage_question,closed,39,39,0
689,1751,2024-01-10,2024-01-10,bug,closed,22,235,0
690,1779,2024-04-13,2024-04-17,bug,closed,10,49,5760
691,1134,2024-06-02,2024-06-06,feature_request,closed,12,193,5760
692,1763,2024-04-04,2024-04-04,bug,closed,31,24,0
693,1262,2024-08-01,2024-08-01,bug,closed,39,226,0
694,969,2024-06-18,2024-06-18,usage_question,closed,39,144,0
695,771,2024-10-19,2024-10-19,bug,closed,47,189,0
696,1858,2024-01-21,2024-01-21,bug,closed,48,23,0
697,1099,2024-06-24,2024-07-01,feature_request,closed,48,112,10080
698,931,2024-05-21,2024-05-24,other,closed,31,50,4320
699,1336,2024-06-09,2024-06-12,usage_question,closed,48,119,4320
700,1189,2024-08-13,2024-08-13,other,closed,3,180,0
701,127,2023-11-08,2023-11-08,usage_question,closed,40,209,0
702,1694,2024-10-07,2024-10-09,usage_question,closed,6,222,2880
703,1322,2024-06-01,2024-06-07,usage_question,closed,5,139,8640
704,845,2024-06-01,2024-06-01,billing,closed,7,235,0
705,843,2024-11-14,2024-11-16,usage_question,closed,29,186,2880
706,380,2024-12-13,2024-12-13,bug,closed,40,125,0
707,1267,2024-10-10,2024-10-10,bug,closed,44,129,0
708,1179,2024-03-28,2024-03-31,other,closed,29,36,4320
709,80,2023-08-09,2023-08-09,usage_question,closed,39,87,0
710,1460,2023-12-08,2023-12-08,billing,closed,50,30,0
711,1288,2024-10-12,2024-10-12,other,closed,34,20,0
712,1600,2024-06-04,2024-06-04,bug,closed,16,57,0
713,1741,2023-11-08,2023-11-10,feature_request,closed,23,167,2880
714,1527,2024-08-19,2024-08-25,feature_request,closed,7,221,8640
715,974,2024-02-11,2024-02-17,other,closed,46,154,8640
716,277,2024-09-29,2024-09-29,usage_question,closed,1,48,0
717,1269,2023-12-19,2023-12-19,other,closed,24,222,0
718,1096,2024-11-26,2024-11-28,billing,closed,24,168,2880
719,95,2023-10-23,2023-10-23,bug,closed,19,224,0
720,1158,2024-09-21,2024-09-21,usage_question,closed,35,38,0
721,1302,2024-05-31,2024-06-07,usage_question,closed,6,35,10080
722,853,2024-11-16,2024-11-19,feature_request,closed,43,116,4320
723,613,2024-12-03,2024-12-06,bug,closed,24,64,4320
724,1087,2024-12-15,2024-12-16,bug,closed,36,207,1440
725,1211,2024-01-03,2024-01-09,feature_request,closed,12,119,8640
726,1333,2024-10-05,2024-10-05,bug,closed,5,117,0
727,569,2024-04-13,2024-04-19,usage_question,closed,9,22,8640
728,1144,2024-11-08,2024-11-15,feature_request,closed,21,169,10080
729,1354,2024-06-19,2024-06-19,usage_question,closed,38,118,0
730,1922,2024-03-02,2024-03-08,billing,closed,24,208,8640
731,1606,2024-06-08,2024-06-09,bug,closed,12,126,1440
732,346,2024-01-12,2024-01-16,bug,closed,39,212,5760
733,475,2023-08-13,2023-08-13,usage_question,closed,2,153,0
734,97,2024-11-13,2024-11-13,usage_question,closed,38,49,0
735,1905,2024-09-21,2024-09-22,usage_question,closed,39,154,1440
736,1518,2024-10-14,2024-10-21,usage_question,closed,45,162,10080
737,1849,2024-12-14,2024-12-20,bug,closed,10,186,8640
738,195,2024-07-05,2024-07-12,other,closed,38,61,10080
739,1249,2024-10-05,2024-10-07,bug,closed,25,57,2880
740,1100,2024-09-05,2024-09-05,usage_question,closed,39,31,0
741,1417,2024-10-03,2024-10-08,billing,closed,35,43,7200
742,420,2024-07-14,2024-07-19,feature_request,closed,34,44,7200
743,351,2024-10-05,2024-10-11,other,closed,3,41,8640
744,1841,2024-11-19,2024-11-21,usage_question,closed,16,236,2880
745,1320,2023-11-12,2023-11-15,usage_question,closed,11,49,4320
746,486,2024-01-05,2024-01-11,feature_request,closed,47,239,8640
747,691,2024-03-26,2024-03-26,bug,closed,26,169,0
748,533,2024-10-14,2024-10-15,usage_question,closed,5,155,1440
749,1756,2023-10-19,2023-10-19,usage_question,closed,37,152,0
750,78,2024-06-16,2024-06-16,feature_request,closed,15,101,0
751,565,2024-07-10,2024-07-10,bug,closed,34,162,0
752,1934,2024-02-24,2024-02-24,billing,closed,12,64,0
753,1893,2024-05-18,2024-05-19,usage_question,closed,18,121,1440
754,1054,2023-11-14,2023-11-18,bug,closed,6,149,5760
755,1881,2024-01-01,2024-01-04,billing,closed,17,119,4320
756,46,2024-06-22,2024-06-29,bug,closed,29,109,10080
757,740,2024-08-30,2024-08-30,other,closed,12,233,0
758,124,2024-01-18,2024-01-18,other,closed,35,217,0
759,1221,2023-08-09,2023-08-14,other,closed,21,240,7200
760,1295,2024-01-21,2024-01-24,bug,closed,14,199,4320
761,1652,2024-06-25,2024-06-25,bug,closed,36,227,0
762,1079,2024-03-04,2024-03-04,usage_question,closed,50,153,0
763,1347,2024-02-24,2024-02-24,feature_request,closed,37,215,0
764,1362,2024-05-26,2024-06-01,bug,closed,14,91,8640
765,583,2024-06-10,2024-06-10,feature_request,closed,48,183,0
766,943,2024-12-10,2024-12-10,billing,closed,40,149,0
767,938,2024-09-26,2024-09-28,bug,closed,4,240,2880
768,1403,2024-12-06,2024-12-09,billing,closed,10,172,4320
769,508,2024-07-14,2024-07-14,feature_request,closed,43,70,0
770,1810,2023-03-29,2023-03-29,usage_question,closed,47,151,0
771,854,2024-02-29,2024-02-29,usage_question,closed,36,85,0
772,1077,2024-11-25,2024-11-25,usage_question,closed,49,155,0
773,404,2024-10-15,2024-10-21,billing,closed,18,127,8640
774,751,2024-12-03,2024-12-03,feature_request,closed,22,237,0
775,49,2024-11-10,2024-11-10,other,closed,13,130,0
776,239,2023-07-16,2023-07-16,other,closed,37,119,0
777,95,2024-04-16,2024-04-16,usage_question,closed,11,174,0
778,1137,2024-09-11,2024-09-14,bug,closed,6,104,4320
779,651,2024-12-03,2024-12-03,bug,closed,20,45,0
780,397,2024-08-17,2024-08-18,billing,closed,35,27,1440
781,681,2024-03-23,2024-03-28,feature_request,closed,24,98,7200
782,803,2024-09-22,2024-09-22,usage_question,closed,48,148,0
783,1462,2024-11-09,2024-11-12,usage_question,closed,25,88,4320
784,277,2024-08-28,2024-08-28,feature_request,closed,10,72,0
785,1497,2024-12-08,2024-12-08,usage_question,closed,19,204,0
786,377,2024-05-14,2024-05-15,feature_request,closed,35,188,1440
787,165,2024-02-23,2024-02-24,feature_request,closed,12,205,1440
788,1943,2024-10-08,2024-10-11,other,closed,46,84,4320
789,1393,2024-06-06,2024-06-06,feature_request,closed,14,170,0
790,1245,2024-08-12,2024-08-12,bug,closed,34,28,0
791,164,2023-12-13,2023-12-15,bug,closed,23,74,2880
792,71,2024-01-29,2024-01-29,bug,closed,47,150,0
793,1128,2024-02-01,2024-02-01,usage_question,closed,20,151,0
794,1033,2024-12-24,2024-12-24,bug,closed,5,157,0
795,693,2023-09-15,2023-09-16,feature_request,closed,49,153,1440
796,1203,2024-06-12,2024-06-12,usage_question,closed,14,92,0
797,452,2024-08-16,2024-08-16,bug,closed,38,126,0
798,1581,2024-04-21,2024-04-25,feature_request,closed,44,116,5760
799,911,2024-09-06,2024-09-06,other,closed,2,196,0
800,198,2024-07-13,2024-07-13,usage_question,closed,18,202,0
801,568,2024-04-06,2024-04-07,bug,closed,37,133,1440
802,1500,2024-04-24,2024-04-24,usage_question,closed,2,216,0
803,57,2024-05-13,2024-05-13,bug,closed,40,224,0
804,1229,2023-10-19,2023-10-19,usage_question,closed,36,232,0
805,1729,2024-05-15,2024-05-15,usage_question,closed,50,170,0
806,1614,2024-09-22,2024-09-28,billing,closed,21,86,8640
807,61,2024-05-08,2024-05-15,other,closed,4,133,10080
808,1615,2023-07-21,2023-07-25,bug,closed,32,230,5760
809,119,2024-11-21,2024-11-21,bug,closed,15,192,0
810,548,2024-08-30,2024-09-01,bug,closed,31,144,2880
811,1220,2024-12-29,2025-01-05,usage_question,open,32,120,10080
812,1009,2023-05-27,2023-06-01,feature_request,closed,2,170,7200
813,1486,2024-04-17,2024-04-17,bug,closed,25,212,0
814,827,2024-11-04,2024-11-11,bug,closed,34,78,10080
815,104,2024-08-19,2024-08-26,bug,closed,3,118,10080
816,1205,2024-03-26,2024-04-01,usage_question,closed,46,39,8640
817,140,2024-04-11,2024-04-16,other,closed,2,150,7200
818,1911,2024-10-06,2024-10-06,usage_question,closed,25,29,0
819,612,2024-08-04,2024-08-04,bug,closed,29,105,0
820,875,2024-10-29,2024-11-02,usage_question,closed,5,17,5760
821,1661,2024-12-10,2024-12-17,bug,closed,36,122,10080
822,1156,2024-12-21,2024-12-21,feature_request,closed,26,152,0
823,1432,2024-03-05,2024-03-07,bug,closed,4,150,2880
824,1497,2024-03-09,2024-03-10,usage_question,closed,7,44,1440
825,118,2024-06-17,2024-06-19,feature_request,closed,36,103,2880
826,921,2024-05-28,2024-05-28,bug,closed,44,160,0
827,1235,2024-03-26,2024-03-26,usage_question,closed,20,74,0
828,1737,2024-12-16,2024-12-16,usage_question,closed,2,62,0
829,629,2024-06-17,2024-06-24,usage_question,closed,48,169,10080
830,700,2024-12-06,2024-12-06,usage_question,closed,45,28,0
831,473,2023-12-11,2023-12-11,bug,closed,16,237,0
832,1073,2024-03-04,2024-03-04,usage_question,closed,46,100,0
833,286,2024-05-13,2024-05-17,usage_question,closed,18,172,5760
834,146,2024-09-05,2024-09-08,feature_request,closed,20,97,4320
835,1885,2024-06-29,2024-06-29,other,closed,3,225,0
836,3,2024-11-10,2024-11-10,other,closed,3,26,0
837,592,2023-10-31,2023-10-31,feature_request,closed,21,87,0
838,1220,2024-01-04,2024-01-06,billing,closed,39,100,2880
839,1427,2023-12-21,2023-12-25,billing,closed,50,165,5760
840,630,2023-05-09,2023-05-16,bug,closed,8,36,10080
841,116,2024-03-24,2024-03-25,feature_request,closed,35,129,1440
842,1836,2024-08-23,2024-08-23,usage_question,closed,22,136,0
843,1469,2024-02-08,2024-02-11,usage_question,closed,44,89,4320
844,394,2024-02-02,2024-02-03,billing,closed,10,161,1440
845,1516,2024-08-24,2024-08-24,bug,closed,9,20,0
846,1104,2024-08-14,2024-08-18,usage_question,closed,38,217,5760
847,180,2024-05-11,2024-05-11,usage_question,closed,13,75,0
848,464,2024-07-04,2024-07-04,bug,closed,19,166,0
849,1607,2024-08-30,2024-08-30,bug,closed,15,29,0
850,1764,2024-09-12,2024-09-12,usage_question,closed,32,119,0
851,1089,2024-07-31,2024-08-01,usage_question,closed,44,40,1440
852,1118,2024-10-13,2024-10-18,other,closed,11,97,7200
853,1893,2024-08-23,2024-08-25,bug,closed,14,200,2880
854,259,2024-10-26,2024-10-26,bug,closed,26,65,0
855,1662,2024-05-13,2024-05-13,usage_question,closed,19,192,0
856,969,2024-11-23,2024-11-23,bug,closed,42,61,0
857,1017,2024-12-17,2024-12-22,usage_question,closed,31,235,7200
858,970,2024-05-26,2024-05-26,bug,closed,10,29,0
859,145,2024-10-12,2024-10-12,bug,closed,35,125,0
860,557,2024-05-31,2024-06-02,other,closed,38,49,2880
861,439,2023-10-13,2023-10-13,usage_question,closed,3,175,0
862,610,2024-09-03,2024-09-03,bug,closed,23,206,0
863,491,2024-10-19,2024-10-26,bug,closed,39,44,10080
864,994,2024-05-19,2024-05-25,billing,closed,7,54,8640
865,1951,2024-12-28,2024-12-28,other,closed,17,21,0
866,1122,2024-01-22,2024-01-28,usage_question,closed,24,237,8640
867,879,2024-04-20,2024-04-23,other,closed,23,32,4320
868,320,2024-08-06,2024-08-12,feature_request,closed,44,56,8640
869,1828,2024-08-05,2024-08-05,bug,closed,45,144,0
870,1246,2024-04-07,2024-04-07,bug,closed,1,35,0
871,1632,2024-12-22,2024-12-22,billing,closed,11,123,0
872,1211,2024-08-20,2024-08-25,usage_question,closed,46,213,7200
873,1174,2023-10-25,2023-10-26,bug,closed,14,95,1440
874,325,2024-08-01,2024-08-01,bug,closed,37,87,0
875,1043,2024-10-11,2024-10-18,other,closed,27,114,10080
876,1767,2024-08-04,2024-08-08,usage_question,closed,10,201,5760
877,745,2023-03-22,2023-03-26,bug,closed,35,99,5760
878,932,2024-07-24,2024-07-24,usage_question,closed,20,177,0
879,1954,2024-10-17,2024-10-17,bug,closed,24,126,0
880,485,2024-02-07,2024-02-07,bug,closed,22,202,0
881,1063,2024-07-15,2024-07-15,usage_question,closed,36,236,0
882,692,2024-11-10,2024-11-10,usage_question,closed,7,86,0
883,1008,2024-06-28,2024-07-04,usage_question,closed,46,69,8640
884,1942,2024-11-15,2024-11-15,bug,closed,39,125,0
885,1943,2024-04-15,2024-04-15,bug,closed,1,48,0
886,175,2024-11-10,2024-11-10,usage_question,closed,15,173,0
887,1659,2024-06-05,2024-06-05,bug,closed,8,225,0
888,1288,2023-11-12,2023-11-12,usage_question,closed,42,48,0
889,25,2024-07-02,2024-07-02,bug,closed,14,174,0
890,1286,2024-01-04,2024-01-08,bug,closed,3,141,5760
891,1888,2024-11-28,2024-11-29,usage_question,closed,49,233,1440
892,1159,2024-09-13,2024-09-13,bug,closed,37,45,0
893,1201,2024-05-03,2024-05-03,billing,closed,46,68,0
894,1501,2024-06-20,2024-06-20,bug,closed,23,234,0
895,1747,2024-08-01,2024-08-01,billing,closed,50,225,0
896,226,2024-12-20,2024-12-22,other,closed,5,57,2880
897,221,2024-05-15,2024-05-20,billing,closed,45,44,7200
898,661,2024-06-28,2024-06-28,bug,closed,31,233,0
899,919,2024-04-04,2024-04-04,billing,closed,49,93,0
900,1069,2024-02-12,2024-02-12,bug,closed,13,208,0
901,1782,2023-06-18,2023-06-21,other,closed,20,69,4320
902,1282,2024-09-20,2024-09-25,bug,closed,7,170,7200
903,1395,2024-04-21,2024-04-26,billing,closed,10,89,7200
904,491,2024-12-21,2024-12-21,bug,closed,48,124,0
905,927,2024-07-03,2024-07-09,usage_question,closed,38,66,8640
906,1007,2024-03-28,2024-03-28,usage_question,closed,4,227,0
907,1634,2024-12-28,2024-12-28,usage_question,closed,27,46,0
908,1688,2024-04-04,2024-04-07,feature_request,closed,8,47,4320
909,1411,2024-12-05,2024-12-11,bug,closed,14,192,8640
910,501,2024-06-16,2024-06-22,usage_question,closed,31,119,8640
911,1533,2023-06-28,2023-06-28,bug,closed,25,157,0
912,1653,2024-11-24,2024-11-24,other,closed,18,74,0
913,453,2024-09-03,2024-09-03,usage_question,closed,44,99,0
914,195,2024-03-01,2024-03-01,feature_request,closed,8,172,0
915,403,2024-07-15,2024-07-18,usage_question,closed,12,116,4320
916,1887,2024-03-30,2024-04-03,bug,closed,14,45,5760
917,1662,2024-04-18,2024-04-18,bug,closed,20,115,0
918,810,2024-09-05,2024-09-11,bug,closed,27,105,8640
919,679,2024-02-26,2024-02-26,feature_request,closed,12,52,0
920,1771,2024-08-02,2024-08-07,bug,closed,32,50,7200
921,1732,2024-11-30,2024-12-07,bug,closed,33,54,10080
922,1336,2024-07-26,2024-07-31,other,closed,14,209,7200
923,647,2024-01-12,2024-01-17,bug,closed,22,44,7200
924,1746,2024-08-27,2024-08-27,bug,closed,29,44,0
925,199,2024-04-07,2024-04-07,usage_question,closed,42,77,0
926,1012,2024-04-29,2024-04-29,other,closed,46,145,0
927,434,2024-05-13,2024-05-15,usage_question,closed,27,26,2880
928,1642,2024-06-08,2024-06-12,usage_question,closed,17,160,5760
929,1816,2024-11-29,2024-12-05,other,closed,33,213,8640
930,385,2024-09-26,2024-10-02,bug,closed,21,83,8640
931,756,2024-10-22,2024-10-22,bug,closed,44,47,0
932,498,2024-11-26,2024-11-26,bug,closed,10,228,0
933,1652,2024-12-23,2024-12-23,usage_question,closed,32,73,0
934,1378,2024-11-26,2024-11-26,billing,closed,31,175,0
935,1096,2024-10-13,2024-10-18,usage_question,closed,33,230,7200
936,135,2024-04-22,2024-04-22,bug,closed,44,80,0
937,38,2024-07-22,2024-07-27,usage_question,closed,44,169,7200
938,1861,2023-11-12,2023-11-12,usage_question,closed,33,136,0
939,986,2024-03-02,2024-03-08,billing,closed,10,111,8640
940,1074,2024-07-05,2024-07-05,usage_question,closed,23,196,0
941,1143,2024-08-13,2024-08-13,usage_question,closed,25,71,0
942,363,2024-06-27,2024-06-30,usage_question,closed,50,145,4320
943,175,2024-08-24,2024-08-25,feature_request,closed,3,67,1440
944,1573,2024-05-23,2024-05-23,usage_question,closed,15,103,0
945,1156,2024-06-12,2024-06-14,bug,closed,24,87,2880
946,199,2024-07-30,2024-07-30,feature_request,closed,3,231,0
947,1606,2024-07-01,2024-07-06,bug,closed,43,28,7200
948,1171,2024-12-05,2024-12-05,usage_question,closed,2,201,0
949,1147,2024-09-20,2024-09-25,feature_request,closed,21,230,7200
950,912,2024-06-14,2024-06-14,feature_request,closed,14,85,0
951,752,2023-06-27,2023-06-27,other,closed,45,65,0
952,1030,2023-12-22,2023-12-22,bug,closed,12,118,0
953,1201,2024-05-10,2024-05-10,billing,closed,42,29,0
954,1021,2024-03-17,2024-03-21,feature_request,closed,9,95,5760
955,1671,2023-07-26,2023-07-30,bug,closed,38,75,5760
956,421,2024-07-07,2024-07-13,usage_question,closed,43,86,8640
957,1272,2024-05-16,2024-05-18,feature_request,closed,34,223,2880
958,528,2024-06-20,2024-06-25,bug,closed,43,138,7200
959,851,2024-10-10,2024-10-10,usage_question,closed,11,143,0
960,1811,2024-07-21,2024-07-21,other,closed,9,239,0
961,1567,2024-01-13,2024-01-19,billing,closed,30,118,8640
962,1456,2024-08-24,2024-08-30,usage_question,closed,49,59,8640
963,1156,2024-11-24,2024-11-29,bug,closed,34,72,7200
964,834,2023-03-03,2023-03-10,other,closed,1,49,10080
965,1812,2023-01-12,2023-01-12,usage_question,closed,17,190,0
966,884,2024-07-08,2024-07-09,usage_question,closed,7,79,1440
967,1905,2024-10-27,2024-11-01,billing,closed,24,75,7200
968,1738,2024-08-14,2024-08-17,billing,closed,39,159,4320
969,845,2024-06-22,2024-06-22,other,closed,15,148,0
970,502,2024-07-13,2024-07-13,bug,closed,39,62,0
971,1637,2024-10-11,2024-10-18,other,closed,45,119,10080
972,636,2024-11-18,2024-11-22,usage_question,closed,42,104,5760
973,234,2023-12-21,2023-12-21,usage_question,closed,5,179,0
974,1960,2024-06-26,2024-07-02,bug,closed,14,33,8640
975,31,2023-07-17,2023-07-22,bug,closed,42,70,7200
976,1332,2024-12-01,2024-12-04,usage_question,closed,39,208,4320
977,571,2024-02-26,2024-03-03,bug,closed,47,82,8640
978,1487,2024-10-18,2024-10-18,usage_question,closed,47,172,0
979,646,2023-12-12,2023-12-16,other,closed,34,125,5760
980,198,2024-10-01,2024-10-01,bug,closed,33,238,0
981,878,2024-06-25,2024-06-25,usage_question,closed,46,115,0
982,1975,2024-04-06,2024-04-06,usage_question,closed,9,167,0
983,1124,2024-11-28,2024-11-28,bug,closed,23,181,0
984,1970,2024-07-15,2024-07-16,usage_question,closed,9,154,1440
985,1151,2024-05-20,2024-05-20,bug,closed,36,123,0
986,1556,2023-07-22,2023-07-22,other,closed,43,28,0
987,888,2024-02-08,2024-02-08,feature_request,closed,9,209,0
988,187,2024-09-20,2024-09-20,bug,closed,33,230,0
989,1780,2024-05-01,2024-05-07,bug,closed,23,172,8640
990,374,2023-11-05,2023-11-05,usage_question,closed,11,105,0
991,221,2024-11-09,2024-11-09,usage_question,closed,20,184,0
992,775,2024-08-24,2024-08-24,usage_question,closed,15,85,0
993,752,2024-05-06,2024-05-06,bug,closed,5,123,0
994,1875,2024-11-04,2024-11-04,feature_request,closed,38,96,0
995,1849,2024-03-23,2024-03-23,feature_request,closed,7,40,0
996,1021,2024-07-02,2024-07-02,bug,closed,5,50,0
997,1571,2024-06-28,2024-06-28,bug,closed,3,97,0
998,1184,2024-06-01,2024-06-04,feature_request,closed,13,230,4320
999,377,2024-05-30,2024-05-30,feature_request,closed,4,56,0
1000,1020,2024-03-16,2024-03-17,usage_question,closed,18,163,1440
1001,976,2023-10-03,2023-10-10,usage_question,closed,21,184,10080
1002,504,2024-03-29,2024-03-29,bug,closed,30,196,0
1003,1132,2024-11-09,2024-11-11,feature_request,closed,45,63,2880
1004,793,2024-03-02,2024-03-08,usage_question,closed,29,30,8640
1005,1376,2024-05-11,2024-05-18,bug,closed,37,213,10080
1006,1182,2024-03-07,2024-03-07,usage_question,closed,7,153,0
1007,1088,2024-09-02,2024-09-02,bug,closed,31,162,0
1008,1559,2024-01-06,2024-01-06,usage_question,closed,27,92,0
1009,1239,2024-02-26,2024-02-26,other,closed,46,155,0
1010,1720,2024-10-13,2024-10-15,usage_question,closed,25,129,2880
1011,909,2024-01-06,2024-01-06,usage_question,closed,9,82,0
1012,323,2024-04-27,2024-04-27,usage_question,closed,11,186,0
1013,1952,2023-11-09,2023-11-09,bug,closed,4,98,0
1014,1962,2024-04-11,2024-04-11,usage_question,closed,32,150,0
1015,519,2024-12-01,2024-12-02,bug,closed,43,78,1440
1016,1608,2024-01-26,2024-01-28,feature_request,closed,50,148,2880
1017,415,2024-06-15,2024-06-15,usage_question,closed,50,34,0
1018,583,2024-06-07,2024-06-07,usage_question,closed,38,112,0
1019,1063,2024-12-25,2024-12-27,feature_request,closed,33,205,2880
1020,785,2024-02-02,2024-02-05,usage_question,closed,50,215,4320
1021,898,2024-04-25,2024-04-25,usage_question,closed,32,87,0
1022,535,2024-04-30,2024-04-30,usage_question,closed,2,195,0
1023,352,2024-10-07,2024-10-07,usage_question,closed,36,91,0
1024,819,2024-10-25,2024-10-28,bug,closed,43,141,4320
1025,1766,2024-03-15,2024-03-19,other,closed,13,121,5760
1026,785,2024-10-17,2024-10-24,bug,closed,38,50,10080
1027,711,2024-09-09,2024-09-14,usage_question,closed,25,53,7200
1028,620,2024-06-08,2024-06-08,bug,closed,23,142,0
1029,169,2024-10-22,2024-10-29,bug,closed,18,183,10080
1030,1171,2023-09-23,2023-09-23,bug,closed,24,30,0
1031,160,2024-01-24,2024-01-30,usage_question,closed,42,23,8640
1032,763,2023-06-08,2023-06-08,bug,closed,19,182,0
1033,731,2024-04-03,2024-04-04,usage_question,closed,20,30,1440
1034,216,2024-06-11,2024-06-11,bug,closed,21,155,0
1035,1689,2023-10-30,2023-11-05,usage_question,closed,25,46,8640
1036,1623,2024-04-04,2024-04-04,bug,closed,48,212,0
1037,203,2024-04-07,2024-04-07,bug,closed,14,132,0
1038,398,2024-12-19,2024-12-22,bug,closed,21,235,4320
1039,407,2024-09-09,2024-09-12,feature_request,closed,8,71,4320
1040,389,2024-05-12,2024-05-12,billing,closed,27,47,0
1041,935,2024-12-03,2024-12-03,feature_request,closed,44,164,0
1042,613,2024-01-30,2024-02-02,usage_question,closed,31,149,4320
1043,1447,2024-12-11,2024-12-11,feature_request,closed,40,81,0
1044,137,2023-12-18,2023-12-25,bug,closed,12,150,10080
1045,1105,2024-04-15,2024-04-15,bug,closed,15,95,0
1046,1351,2024-07-02,2024-07-09,usage_question,closed,29,82,10080
1047,511,2024-01-27,2024-02-03,bug,closed,22,15,10080
1048,739,2024-04-04,2024-04-04,bug,closed,49,58,0
1049,700,2024-10-13,2024-10-16,usage_question,closed,2,192,4320
1050,218,2024-10-28,2024-10-28,usage_question,closed,17,203,0
1051,406,2024-12-24,2024-12-27,bug,closed,11,212,4320
1052,146,2024-12-13,2024-12-19,usage_question,closed,35,170,8640
1053,1236,2024-09-19,2024-09-20,bug,closed,7,191,1440
1054,931,2024-06-21,2024-06-26,usage_question,closed,27,167,7200
1055,918,2024-03-10,2024-03-10,bug,closed,37,204,0
1056,1067,2023-12-02,2023-12-09,usage_question,closed,46,158,10080
1057,216,2023-12-20,2023-12-22,bug,closed,7,113,2880
1058,1249,2023-12-19,2023-12-25,usage_question,closed,40,163,8640
1059,1683,2023-10-06,2023-10-06,feature_request,closed,42,114,0
1060,995,2024-05-04,2024-05-04,feature_request,closed,46,108,0
1061,169,2024-02-02,2024-02-02,bug,closed,15,163,0
1062,1581,2024-07-17,2024-07-17,bug,closed,2,54,0
1063,1114,2023-11-23,2023-11-29,usage_question,closed,12,74,8640
1064,416,2024-05-04,2024-05-04,usage_question,closed,40,35,0
1065,86,2024-04-23,2024-04-30,bug,closed,13,127,10080
1066,1655,2024-04-02,2024-04-02,billing,closed,8,232,0
1067,1350,2023-12-07,2023-12-07,usage_question,closed,42,105,0
1068,1660,2024-05-05,2024-05-08,usage_question,closed,40,237,4320
1069,1407,2024-07-10,2024-07-13,bug,closed,42,177,4320
1070,533,2024-06-24,2024-06-25,bug,closed,48,176,1440
1071,652,2024-06-09,2024-06-15,bug,closed,13,86,8640
1072,1061,2023-06-27,2023-06-27,usage_question,closed,24,193,0
1073,1825,2024-12-16,2024-12-17,usage_question,closed,16,26,1440
1074,948,2024-10-30,2024-11-04,usage_question,closed,32,41,7200
1075,643,2024-11-18,2024-11-20,bug,closed,23,92,2880
1076,542,2024-02-14,2024-02-14,usage_question,closed,49,227,0
1077,65,2024-12-26,2024-12-28,usage_question,closed,37,51,2880
1078,1924,2024-10-28,2024-10-31,feature_request,closed,6,119,4320
1079,1544,2024-07-30,2024-08-02,usage_question,closed,16,150,4320
1080,1075,2024-05-31,2024-06-04,usage_question,closed,6,210,5760
1081,434,2023-12-22,2023-12-26,bug,closed,1,143,5760
1082,208,2024-01-23,2024-01-28,usage_question,closed,40,232,7200
1083,1277,2024-11-25,2024-12-01,feature_request,closed,19,194,8640
1084,682,2024-01-19,2024-01-19,bug,closed,50,189,0
1085,1400,2024-12-29,2024-12-29,feature_request,closed,4,206,0
1086,416,2024-09-14,2024-09-19,bug,closed,24,99,7200
1087,295,2024-06-23,2024-06-25,bug,closed,36,62,2880
1088,272,2024-10-12,2024-10-12,feature_request,closed,6,209,0
1089,638,2024-02-09,2024-02-09,usage_question,closed,50,129,0
1090,368,2023-12-31,2024-01-07,bug,closed,7,75,10080
1091,1271,2024-11-18,2024-11-18,bug,closed,9,182,0
1092,786,2024-05-20,2024-05-20,billing,closed,26,169,0
1093,1536,2024-05-06,2024-05-06,usage_question,closed,23,143,0
1094,1192,2024-09-28,2024-10-04,feature_request,closed,5,104,8640
1095,1793,2024-04-26,2024-04-26,billing,closed,37,227,0
1096,1189,2024-09-11,2024-09-13,bug,closed,25,103,2880
1097,648,2024-08-29,2024-08-29,other,closed,11,50,0
1098,1318,2024-02-20,2024-02-26,usage_question,closed,2,232,8640
1099,614,2024-11-29,2024-11-29,other,closed,46,117,0
1100,703,2024-02-18,2024-02-19,usage_question,closed,33,123,1440
1101,609,2024-06-05,2024-06-11,usage_question,closed,8,117,8640
1102,631,2024-04-13,2024-04-20,usage_question,closed,29,62,10080
1103,1439,2023-12-27,2023-12-27,bug,closed,35,135,0
1104,1505,2023-12-10,2023-12-17,billing,closed,33,169,10080
1105,429,2024-01-28,2024-01-28,billing,closed,48,140,0
1106,1656,2024-03-22,2024-03-27,usage_question,closed,18,50,7200
1107,1633,2024-09-08,2024-09-15,usage_question,closed,12,169,10080
1108,1088,2024-08-10,2024-08-10,billing,closed,15,228,0
1109,323,2024-03-10,2024-03-16,billing,closed,13,109,8640
1110,571,2023-12-10,2023-12-13,bug,closed,19,156,4320
1111,112,2024-11-07,2024-11-13,feature_request,closed,19,199,8640
1112,1546,2024-11-02,2024-11-09,bug,closed,24,113,10080
1113,1240,2024-08-30,2024-08-30,billing,closed,33,225,0
1114,1537,2024-04-15,2024-04-22,bug,closed,35,28,10080
1115,1118,2024-12-18,2024-12-21,usage_question,closed,11,146,4320
1116,209,2024-04-17,2024-04-17,usage_question,closed,21,210,0
1117,754,2024-08-28,2024-09-04,usage_question,closed,48,130,10080
1118,120,2024-11-22,2024-11-29,bug,closed,1,148,10080
1119,359,2024-05-26,2024-05-28,bug,closed,39,184,2880
1120,170,2024-05-04,2024-05-05,bug,closed,37,121,1440
1121,286,2024-07-28,2024-08-04,usage_question,closed,8,198,10080
1122,459,2023-07-01,2023-07-01,usage_question,closed,6,109,0
1123,112,2024-02-11,2024-02-15,feature_request,closed,32,143,5760
1124,1335,2024-04-21,2024-04-21,bug,closed,20,26,0
1125,1575,2024-11-14,2024-11-21,usage_question,closed,42,148,10080
1126,1579,2024-07-22,2024-07-28,usage_question,closed,25,121,8640
1127,896,2024-11-23,2024-11-23,billing,closed,40,82,0
1128,133,2024-12-23,2024-12-23,usage_question,closed,23,228,0
1129,233,2024-07-05,2024-07-10,billing,closed,29,166,7200
1130,1295,2023-11-09,2023-11-15,bug,closed,17,113,8640
1131,141,2024-08-18,2024-08-18,bug,closed,21,118,0
1132,289,2024-03-12,2024-03-12,bug,closed,19,99,0
1133,1859,2024-03-07,2024-03-11,usage_question,closed,44,165,5760
1134,1130,2024-09-16,2024-09-21,bug,closed,10,144,7200
1135,1409,2024-03-28,2024-04-01,billing,closed,29,15,5760
1136,372,2023-09-21,2023-09-24,usage_question,closed,26,154,4320
1137,1024,2024-11-15,2024-11-22,billing,closed,17,190,10080
1138,794,2023-04-24,2023-04-24,usage_question,closed,2,41,0
1139,1251,2024-04-10,2024-04-10,bug,closed,45,50,0
1140,377,2024-11-10,2024-11-10,usage_question,closed,7,218,0
1141,1145,2024-11-02,2024-11-06,bug,closed,38,189,5760
1142,995,2024-09-12,2024-09-15,billing,closed,43,227,4320
1143,1051,2024-03-19,2024-03-19,usage_question,closed,16,221,0
1144,192,2024-12-14,2024-12-14,usage_question,closed,30,193,0
1145,219,2024-05-18,2024-05-19,bug,closed,8,55,1440
1146,420,2024-01-03,2024-01-03,other,closed,27,47,0
1147,1015,2024-03-30,2024-04-03,bug,closed,43,104,5760
1148,1189,2023-10-14,2023-10-14,bug,closed,32,142,0
1149,337,2024-10-11,2024-10-18,usage_question,closed,32,58,10080
1150,843,2023-12-27,2024-01-02,bug,closed,35,25,8640
1151,929,2023-10-19,2023-10-26,feature_request,closed,12,174,10080
1152,313,2024-03-20,2024-03-20,usage_question,closed,48,80,0
1153,1351,2024-09-19,2024-09-22,bug,closed,48,177,4320
1154,1704,2024-02-28,2024-02-28,usage_question,closed,27,59,0
1155,125,2024-04-11,2024-04-11,bug,closed,38,195,0
1156,524,2024-08-06,2024-08-10,feature_request,closed,1,102,5760
1157,1058,2024-12-15,2024-12-18,usage_question,closed,45,16,4320
1158,868,2023-12-28,2024-01-04,usage_question,closed,20,204,10080
1159,1685,2024-10-18,2024-10-18,billing,closed,42,90,0
1160,1013,2024-06-12,2024-06-15,usage_question,closed,29,119,4320
1161,575,2024-10-03,2024-10-03,usage_question,closed,34,168,0
1162,153,2024-10-29,2024-10-29,other,closed,2,208,0
1163,1485,2024-09-12,2024-09-12,usage_question,closed,40,76,0
1164,1911,2024-09-15,2024-09-21,usage_question,closed,25,66,8640
1165,1841,2024-12-25,2024-12-25,bug,closed,18,186,0
1166,1950,2023-10-09,2023-10-10,usage_question,closed,38,95,1440
1167,1999,2023-10-16,2023-10-17,feature_request,closed,49,209,1440
1168,49,2024-02-25,2024-03-03,billing,closed,31,104,10080
1169,603,2024-08-17,2024-08-19,usage_question,closed,32,23,2880
1170,1964,2024-09-12,2024-09-12,bug,closed,16,91,0
1171,127,2024-04-24,2024-04-24,usage_question,closed,7,27,0
1172,1499,2024-12-03,2024-12-03,bug,closed,25,136,0
1173,1282,2024-01-02,2024-01-02,other,closed,33,48,0
1174,21,2023-06-03,2023-06-03,bug,closed,26,187,0
1175,94,2023-01-06,2023-01-06,usage_question,closed,26,149,0
1176,1912,2024-04-27,2024-04-27,usage_question,closed,43,115,0
1177,116,2023-12-08,2023-12-08,billing,closed,36,103,0
1178,1800,2024-01-20,2024-01-20,bug,closed,30,231,0
1179,280,2024-12-08,2024-12-08,feature_request,closed,14,170,0
1180,1771,2024-02-26,2024-03-04,usage_question,closed,9,230,10080
1181,1974,2024-04-30,2024-05-06,feature_request,closed,48,199,8640
1182,1417,2024-05-06,2024-05-07,bug,closed,11,28,1440
1183,118,2024-11-07,2024-11-11,billing,closed,29,216,5760
1184,788,2024-10-31,2024-11-07,bug,closed,14,144,10080
1185,1728,2024-10-03,2024-10-03,usage_question,closed,21,209,0
1186,12,2024-10-10,2024-10-14,usage_question,closed,42,220,5760
1187,1986,2024-08-12,2024-08-12,feature_request,closed,1,109,0
1188,1865,2024-10-02,2024-10-04,usage_question,closed,12,121,2880
1189,956,2024-07-19,2024-07-19,usage_question,closed,45,124,0
1190,1708,2024-04-19,2024-04-19,usage_question,closed,24,149,0
1191,550,2024-10-01,2024-10-01,bug,closed,43,39,0
1192,1490,2024-06-19,2024-06-19,feature_request,closed,37,164,0
1193,748,2024-01-28,2024-02-04,other,closed,32,196,10080
1194,1823,2023-11-11,2023-11-18,usage_question,closed,3,183,10080
1195,796,2024-12-10,2024-12-14,bug,closed,27,59,5760
1196,1949,2024-08-05,2024-08-11,feature_request,closed,36,237,8640
1197,596,2024-02-19,2024-02-19,bug,closed,47,38,0
1198,1448,2024-06-08,2024-06-08,feature_request,closed,45,166,0
1199,1242,2024-04-06,2024-04-07,usage_question,closed,3,128,1440
1200,3,2023-07-23,2023-07-28,usage_question,closed,30,109,7200
1201,1654,2024-12-21,2024-12-21,bug,closed,37,66,0
1202,698,2024-04-25,2024-04-27,billing,closed,29,116,2880
1203,810,2023-08-15,2023-08-15,bug,closed,31,177,0
1204,547,2024-11-12,2024-11-12,other,closed,27,97,0
1205,676,2024-04-26,2024-05-03,usage_question,closed,8,185,10080
1206,1323,2024-09-24,2024-09-27,usage_question,closed,24,223,4320
1207,140,2024-08-21,2024-08-28,usage_question,closed,35,100,10080
1208,989,2024-06-18,2024-06-23,bug,closed,22,54,7200
1209,1869,2023-12-27,2024-01-01,usage_question,closed,23,20,7200
1210,1668,2024-08-09,2024-08-09,bug,closed,31,128,0
1211,1998,2024-11-28,2024-11-28,bug,closed,14,227,0
1212,309,2023-12-14,2023-12-15,feature_request,closed,2,203,1440
1213,1384,2024-04-19,2024-04-23,billing,closed,30,52,5760
1214,221,2024-04-17,2024-04-17,feature_request,closed,11,56,0
1215,1757,2024-03-30,2024-03-30,usage_question,closed,47,133,0
1216,732,2024-07-17,2024-07-17,bug,closed,6,218,0
1217,1183,2023-12-13,2023-12-18,bug,closed,21,168,7200
1218,118,2023-09-12,2023-09-12,other,closed,49,71,0
1219,460,2023-12-13,2023-12-13,billing,closed,16,93,0
1220,450,2024-04-04,2024-04-04,feature_request,closed,5,123,0
1221,667,2024-04-28,2024-05-05,usage_question,closed,44,172,10080
1222,321,2024-06-18,2024-06-18,other,closed,6,107,0
1223,417,2024-12-19,2024-12-19,bug,closed,50,78,0
1224,1526,2023-07-15,2023-07-16,usage_question,closed,31,183,1440
1225,1045,2024-11-12,2024-11-18,billing,closed,46,142,8640
1226,374,2024-11-15,2024-11-15,usage_question,closed,13,212,0
1227,1608,2023-09-01,2023-09-01,feature_request,closed,43,51,0
1228,1035,2023-12-11,2023-12-15,feature_request,closed,5,166,5760
1229,1842,2024-06-30,2024-07-07,other,closed,26,26,10080
1230,1779,2024-06-09,2024-06-09,bug,closed,49,187,0
1231,572,2024-11-21,2024-11-28,feature_request,closed,5,159,10080
1232,961,2023-10-13,2023-10-15,billing,closed,10,193,2880
1233,1723,2024-01-26,2024-01-27,feature_request,closed,40,183,1440
1234,1473,2024-02-24,2024-02-24,billing,closed,36,150,0
1235,406,2023-09-09,2023-09-15,usage_question,closed,26,73,8640
1236,395,2024-05-11,2024-05-13,usage_question,closed,43,231,2880
1237,1124,2024-12-15,2024-12-15,usage_question,closed,9,151,0
1238,578,2024-12-03,2024-12-03,usage_question,closed,31,53,0
1239,892,2023-12-07,2023-12-07,feature_request,closed,34,190,0
1240,1788,2024-10-01,2024-10-03,usage_question,closed,39,46,2880
1241,1344,2023-10-06,2023-10-06,bug,closed,6,135,0
1242,1982,2024-08-04,2024-08-04,bug,closed,2,231,0
1243,1795,2024-07-15,2024-07-22,billing,closed,12,61,10080
1244,1394,2024-04-11,2024-04-17,bug,closed,31,103,8640
1245,75,2024-07-15,2024-07-17,bug,closed,24,69,2880
1246,261,2023-12-08,2023-12-08,billing,closed,32,121,0
1247,72,2024-05-07,2024-05-14,billing,closed,8,145,10080
1248,207,2023-11-09,2023-11-09,bug,closed,42,81,0
1249,917,2024-04-27,2024-04-27,bug,closed,19,48,0
1250,1595,2024-11-17,2024-11-17,usage_question,closed,21,23,0
1251,609,2024-05-26,2024-06-01,bug,closed,11,27,8640
1252,1969,2024-10-13,2024-10-13,bug,closed,20,97,0
1253,1733,2024-09-18,2024-09-18,billing,closed,6,211,0
1254,962,2024-11-26,2024-11-29,other,closed,13,150,4320
1255,705,2024-07-26,2024-07-26,usage_question,closed,2,129,0
1256,40,2024-07-19,2024-07-19,billing,closed,19,85,0
1257,740,2024-11-07,2024-11-13,bug,closed,4,181,8640
1258,1393,2024-07-30,2024-07-30,feature_request,closed,50,154,0
1259,600,2024-02-17,2024-02-23,feature_request,closed,27,129,8640
1260,144,2024-11-26,2024-11-26,bug,closed,36,182,0
1261,1314,2024-06-17,2024-06-22,bug,closed,33,26,7200
1262,856,2024-03-30,2024-04-06,bug,closed,34,38,10080
1263,1358,2024-03-07,2024-03-07,usage_question,closed,25,106,0
1264,1213,2024-07-02,2024-07-02,bug,closed,42,33,0
1265,1343,2024-08-02,2024-08-06,bug,closed,23,33,5760
1266,844,2024-03-03,2024-03-03,billing,closed,4,81,0
1267,1847,2024-07-15,2024-07-21,billing,closed,18,110,8640
1268,1097,2024-03-08,2024-03-08,bug,closed,38,66,0
1269,1136,2024-04-16,2024-04-16,usage_question,closed,20,146,0
1270,1367,2024-10-30,2024-10-30,usage_question,closed,23,52,0
1271,1708,2024-01-23,2024-01-25,billing,closed,26,155,2880
1272,550,2024-03-03,2024-03-07,usage_question,closed,49,177,5760
1273,1473,2023-09-25,2023-09-30,feature_request,closed,26,206,7200
1274,359,2024-06-23,2024-06-30,bug,closed,49,170,10080
1275,91,2023-10-11,2023-10-13,feature_request,closed,7,137,2880
1276,1393,2024-04-22,2024-04-25,bug,closed,25,131,4320
1277,1662,2024-08-07,2024-08-07,bug,closed,34,143,0
1278,221,2024-11-02,2024-11-05,usage_question,closed,47,53,4320
1279,1516,2023-12-28,2024-01-04,feature_request,closed,33,72,10080
1280,1835,2024-04-13,2024-04-14,usage_question,closed,18,69,1440
1281,1923,2024-10-24,2024-10-24,bug,closed,39,207,0
1282,413,2024-08-06,2024-08-10,usage_question,closed,23,133,5760
1283,1675,2024-11-05,2024-11-05,bug,closed,8,29,0
1284,1094,2024-02-12,2024-02-12,bug,closed,19,67,0
1285,601,2024-10-02,2024-10-08,feature_request,closed,36,201,8640
1286,1817,2024-12-24,2024-12-24,feature_request,closed,50,39,0
1287,1595,2024-05-09,2024-05-16,usage_question,closed,39,67,10080
1288,1098,2024-07-25,2024-07-30,usage_question,closed,3,189,7200
1289,406,2024-09-23,2024-09-30,feature_request,closed,1,137,10080
1290,529,2024-03-19,2024-03-25,usage_question,closed,39,221,8640
1291,315,2024-06-28,2024-07-02,feature_request,closed,40,89,5760
1292,1206,2024-08-20,2024-08-22,usage_question,closed,16,182,2880
1293,738,2024-12-17,2024-12-24,usage_question,closed,16,225,10080
1294,215,2024-12-19,2024-12-23,usage_question,closed,25,35,5760
1295,1367,2023-11-14,2023-11-14,usage_question,closed,12,215,0
1296,479,2024-04-02,2024-04-02,bug,closed,7,185,0
1297,1832,2024-12-01,2024-12-01,feature_request,closed,1,68,0
1298,1894,2023-10-28,2023-11-03,feature_request,closed,11,194,8640
1299,1629,2024-12-24,2024-12-30,usage_question,closed,29,216,8640
1300,141,2024-03-31,2024-04-06,usage_question,closed,9,36,8640
1301,976,2024-04-29,2024-05-06,usage_question,closed,10,62,10080
1302,28,2024-09-17,2024-09-19,billing,closed,40,158,2880
1303,1575,2024-10-11,2024-10-11,feature_request,closed,44,213,0
1304,258,2024-09-30,2024-10-03,usage_question,closed,30,42,4320
1305,898,2024-07-02,2024-07-07,other,closed,17,81,7200
1306,1751,2024-03-28,2024-03-28,usage_question,closed,38,49,0
1307,1438,2024-01-24,2024-01-28,feature_request,closed,38,104,5760
1308,1730,2023-10-10,2023-10-10,usage_question,closed,9,139,0
1309,1209,2024-12-01,2024-12-01,feature_request,closed,33,186,0
1310,797,2024-04-27,2024-05-03,feature_request,closed,24,199,8640
1311,820,2024-10-31,2024-10-31,billing,closed,23,179,0
1312,1894,2024-12-17,2024-12-17,usage_question,closed,21,112,0
1313,1855,2024-01-09,2024-01-09,usage_question,closed,47,92,0
1314,223,2023-10-26,2023-10-26,billing,closed,24,72,0
1315,460,2024-05-05,2024-05-05,bug,closed,9,227,0
1316,456,2024-04-25,2024-04-30,bug,closed,11,137,7200
1317,764,2023-10-03,2023-10-03,bug,closed,1,66,0
1318,1772,2024-01-01,2024-01-02,other,closed,40,146,1440
1319,1002,2023-08-13,2023-08-19,bug,closed,48,42,8640
1320,1426,2024-10-15,2024-10-22,usage_question,closed,47,105,10080
1321,1335,2024-08-05,2024-08-05,usage_question,closed,42,134,0
1322,456,2024-06-23,2024-06-23,bug,closed,29,200,0
1323,1793,2023-08-05,2023-08-10,usage_question,closed,13,108,7200
1324,881,2024-03-12,2024-03-13,feature_request,closed,10,163,1440
1325,1977,2024-07-12,2024-07-12,feature_request,closed,48,148,0
1326,1289,2024-11-10,2024-11-17,feature_request,closed,21,153,10080
1327,1734,2023-12-05,2023-12-05,feature_request,closed,16,173,0
1328,1935,2023-12-28,2023-12-30,bug,closed,47,129,2880
1329,1859,2024-03-20,2024-03-21,usage_question,closed,17,101,1440
1330,1224,2023-11-10,2023-11-10,usage_question,closed,8,232,0
1331,167,2024-01-28,2024-01-31,bug,closed,30,159,4320
1332,1495,2024-06-10,2024-06-10,bug,closed,49,176,0
1333,1740,2023-12-31,2023-12-31,feature_request,closed,4,143,0
1334,1593,2024-09-07,2024-09-07,usage_question,closed,2,55,0
1335,1509,2024-06-11,2024-06-11,bug,closed,21,219,0
1336,382,2024-10-21,2024-10-28,usage_question,closed,38,69,10080
1337,1964,2024-11-10,2024-11-11,bug,closed,2,91,1440
1338,1564,2024-09-21,2024-09-25,billing,closed,32,108,5760
1339,670,2024-08-13,2024-08-17,usage_question,closed,16,83,5760
1340,207,2024-10-23,2024-10-27,bug,closed,4,206,5760
1341,990,2024-03-29,2024-04-05,usage_question,closed,45,167,10080
1342,976,2023-11-16,2023-11-16,bug,closed,1,26,0
1343,1078,2024-05-03,2024-05-09,feature_request,closed,49,193,8640
1344,121,2024-11-15,2024-11-15,bug,closed,17,196,0
1345,233,2024-04-05,2024-04-05,usage_question,closed,16,83,0
1346,451,2024-12-09,2024-12-12,billing,closed,10,80,4320
1347,245,2023-12-08,2023-12-08,usage_question,closed,40,235,0
1348,1699,2024-06-03,2024-06-03,usage_question,closed,33,115,0
1349,467,2024-04-09,2024-04-13,usage_question,closed,29,121,5760
1350,922,2024-03-05,2024-03-10,feature_request,closed,29,207,7200
1351,647,2024-05-26,2024-05-26,bug,closed,14,136,0
1352,123,2024-09-22,2024-09-27,feature_request,closed,12,37,7200
1353,98,2024-09-08,2024-09-13,bug,closed,11,58,7200
1354,1152,2024-03-27,2024-03-27,usage_question,closed,44,60,0
1355,919,2024-10-09,2024-10-09,feature_request,closed,50,157,0
1356,1600,2024-01-15,2024-01-19,bug,closed,20,84,5760
1357,1723,2024-08-08,2024-08-08,usage_question,closed,1,88,0
1358,1978,2024-02-16,2024-02-16,billing,closed,40,204,0
1359,1089,2024-09-26,2024-09-26,bug,closed,11,28,0
1360,1303,2024-10-15,2024-10-15,bug,closed,42,30,0
1361,837,2023-09-18,2023-09-23,feature_request,closed,39,39,7200
1362,15,2024-07-22,2024-07-22,bug,closed,20,213,0
1363,1328,2024-11-09,2024-11-12,bug,closed,33,154,4320
1364,1581,2024-10-28,2024-10-28,feature_request,closed,26,162,0
1365,1759,2024-06-03,2024-06-03,billing,closed,9,85,0
1366,105,2024-12-08,2024-12-08,feature_request,closed,20,204,0
1367,499,2024-11-07,2024-11-07,other,closed,25,197,0
1368,1517,2024-01-21,2024-01-21,other,closed,43,109,0
1369,180,2024-07-10,2024-07-16,billing,closed,33,104,8640
1370,1521,2024-06-15,2024-06-19,bug,closed,20,159,5760
1371,1540,2024-08-01,2024-08-01,bug,closed,6,130,0
1372,1619,2023-11-09,2023-11-09,feature_request,closed,18,102,0
1373,1838,2024-12-04,2024-12-06,usage_question,closed,2,155,2880
1374,890,2024-09-05,2024-09-12,bug,closed,26,233,10080
1375,1836,2024-04-01,2024-04-04,billing,closed,43,62,4320
1376,968,2024-11-02,2024-11-02,usage_question,closed,45,46,0
1377,739,2024-08-12,2024-08-12,usage_question,closed,33,92,0
1378,474,2024-10-16,2024-10-19,other,closed,14,114,4320
1379,855,2024-08-29,2024-09-03,usage_question,closed,8,78,7200
1380,1262,2024-05-14,2024-05-14,usage_question,closed,38,223,0
1381,901,2024-04-07,2024-04-11,feature_request,closed,38,154,5760
1382,297,2024-05-28,2024-05-28,usage_question,closed,37,66,0
1383,1450,2023-09-19,2023-09-21,bug,closed,11,51,2880
1384,276,2024-06-27,2024-07-03,usage_question,closed,1,239,8640
1385,1737,2024-08-24,2024-08-26,usage_question,closed,24,31,2880
1386,794,2024-05-14,2024-05-14,feature_request,closed,37,50,0
1387,655,2024-08-14,2024-08-18,bug,closed,31,70,5760
1388,504,2024-01-27,2024-01-27,bug,closed,31,35,0
1389,66,2024-06-13,2024-06-13,bug,closed,46,61,0
1390,31,2024-09-01,2024-09-01,feature_request,closed,13,197,0
1391,1238,2024-04-04,2024-04-04,usage_question,closed,32,53,0
1392,261,2024-05-20,2024-05-20,usage_question,closed,21,210,0
1393,1478,2024-05-01,2024-05-04,usage_question,closed,25,81,4320
1394,1978,2023-10-17,2023-10-20,bug,closed,1,168,4320
1395,1974,2024-05-06,2024-05-06,usage_question,closed,36,73,0
1396,1207,2024-08-27,2024-08-28,bug,closed,18,198,1440
1397,113,2024-04-18,2024-04-18,usage_question,closed,7,65,0
1398,773,2024-04-02,2024-04-02,usage_question,closed,34,100,0
1399,189,2023-10-29,2023-10-29,usage_question,closed,1,88,0
1400,273,2024-08-11,2024-08-15,other,closed,4,89,5760
1401,93,2024-10-31,2024-10-31,usage_question,closed,2,105,0
1402,445,2024-05-04,2024-05-04,usage_question,closed,2,92,0
1403,383,2024-09-07,2024-09-07,usage_question,closed,39,165,0
1404,757,2023-11-22,2023-11-23,bug,closed,15,231,1440
1405,485,2024-07-11,2024-07-11,feature_request,closed,23,92,0
1406,544,2024-04-19,2024-04-19,bug,closed,6,127,0
1407,1244,2024-04-13,2024-04-13,usage_question,closed,3,197,0
1408,1208,2024-02-27,2024-03-04,bug,closed,25,201,8640
1409,1149,2024-07-25,2024-07-28,bug,closed,46,225,4320
1410,2000,2024-07-15,2024-07-15,bug,closed,38,122,0
1411,967,2024-08-15,2024-08-15,other,closed,45,228,0
1412,290,2024-11-14,2024-11-15,feature_request,closed,17,151,1440
1413,1342,2024-08-04,2024-08-11,usage_question,closed,2,119,10080
1414,940,2023-12-16,2023-12-17,feature_request,closed,39,213,1440
1415,1591,2024-06-24,2024-06-30,bug,closed,38,171,8640
1416,1429,2024-10-08,2024-10-08,other,closed,39,227,0
1417,1275,2024-11-18,2024-11-22,bug,closed,30,82,5760
1418,1199,2024-03-28,2024-03-28,bug,closed,45,130,0
1419,1910,2024-11-09,2024-11-09,bug,closed,33,63,0
1420,1669,2024-10-06,2024-10-09,bug,closed,11,221,4320
1421,93,2024-06-30,2024-06-30,bug,closed,19,187,0
1422,1797,2023-10-23,2023-10-25,usage_question,closed,32,76,2880
1423,872,2024-06-18,2024-06-25,usage_question,closed,32,92,10080
1424,922,2024-02-18,2024-02-21,billing,closed,5,38,4320
1425,419,2024-06-09,2024-06-16,usage_question,closed,40,76,10080
1426,962,2024-07-23,2024-07-23,bug,closed,12,205,0
1427,1524,2024-10-22,2024-10-28,billing,closed,1,107,8640
1428,1633,2024-02-25,2024-02-25,bug,closed,9,211,0
1429,1668,2023-11-30,2023-11-30,other,closed,27,134,0
1430,1574,2024-03-21,2024-03-22,other,closed,16,220,1440
1431,611,2024-07-19,2024-07-20,bug,closed,45,198,1440
1432,108,2024-11-26,2024-11-26,billing,closed,22,62,0
1433,279,2024-12-04,2024-12-04,usage_question,closed,38,28,0
1434,157,2024-06-28,2024-06-28,usage_question,closed,44,162,0
1435,204,2024-10-29,2024-10-29,usage_question,closed,31,23,0
1436,1908,2024-04-26,2024-04-26,feature_request,closed,35,233,0
1437,915,2024-05-21,2024-05-24,usage_question,closed,7,85,4320
1438,849,2024-05-09,2024-05-14,bug,closed,5,227,7200
1439,1052,2024-02-03,2024-02-04,feature_request,closed,33,197,1440
1440,25,2024-12-26,2024-12-30,bug,closed,37,16,5760
1441,1883,2024-03-03,2024-03-08,other,closed,46,55,7200
1442,1763,2024-07-23,2024-07-23,feature_request,closed,34,76,0
1443,766,2024-10-01,2024-10-01,other,closed,45,213,0
1444,1425,2024-07-26,2024-08-01,usage_question,closed,5,201,8640
1445,1175,2023-12-31,2023-12-31,usage_question,closed,7,65,0
1446,234,2024-04-30,2024-05-04,usage_question,closed,36,78,5760
1447,225,2024-01-27,2024-01-27,bug,closed,30,156,0
1448,90,2024-09-14,2024-09-14,usage_question,closed,18,33,0
1449,1267,2024-06-25,2024-06-29,feature_request,closed,11,205,5760
1450,1213,2024-07-12,2024-07-19,bug,closed,43,31,10080
1451,771,2024-10-30,2024-10-31,feature_request,closed,2,143,1440
1452,89,2024-02-15,2024-02-19,usage_question,closed,18,49,5760
1453,1159,2024-12-20,2024-12-20,other,closed,19,74,0
1454,1775,2024-03-16,2024-03-23,billing,closed,4,70,10080
1455,1775,2024-05-06,2024-05-08,bug,closed,18,121,2880
1456,1769,2024-10-30,2024-11-01,usage_question,closed,29,46,2880
1457,1741,2024-01-12,2024-01-12,bug,closed,27,73,0
1458,1380,2024-04-21,2024-04-21,feature_request,closed,15,45,0
1459,1580,2024-08-08,2024-08-08,usage_question,closed,17,141,0
1460,273,2024-06-10,2024-06-14,billing,closed,31,150,5760
1461,1442,2024-04-10,2024-04-13,billing,closed,39,17,4320
1462,33,2024-07-31,2024-07-31,usage_question,closed,23,96,0
1463,1470,2024-07-10,2024-07-10,bug,closed,14,70,0
1464,1649,2024-07-29,2024-07-29,bug,closed,34,80,0
1465,769,2024-08-21,2024-08-21,usage_question,closed,7,167,0
1466,152,2024-07-09,2024-07-09,other,closed,20,49,0
1467,84,2024-11-01,2024-11-03,usage_question,closed,15,186,2880
1468,1805,2023-09-08,2023-09-09,other,closed,7,172,1440
1469,1908,2024-08-07,2024-08-10,usage_question,closed,34,144,4320
1470,557,2024-10-21,2024-10-21,bug,closed,43,140,0
1471,325,2024-10-10,2024-10-16,feature_request,closed,22,39,8640
1472,1731,2024-07-08,2024-07-15,other,closed,35,178,10080
1473,924,2024-01-13,2024-01-16,usage_question,closed,16,51,4320
1474,1675,2024-04-07,2024-04-07,bug,closed,6,171,0
1475,1240,2024-12-01,2024-12-06,billing,closed,45,205,7200
1476,984,2024-10-25,2024-10-25,bug,closed,24,171,0
1477,829,2023-12-19,2023-12-25,billing,closed,11,73,8640
1478,765,2024-07-26,2024-07-28,billing,closed,22,138,2880
1479,1462,2024-08-01,2024-08-02,usage_question,closed,33,121,1440
1480,66,2024-11-25,2024-11-25,other,closed,46,152,0
1481,754,2024-05-22,2024-05-22,feature_request,closed,43,74,0
1482,726,2024-05-24,2024-05-25,bug,closed,37,211,1440
1483,1586,2024-04-18,2024-04-18,bug,closed,36,24,0
1484,1250,2024-03-18,2024-03-18,feature_request,closed,46,95,0
1485,727,2024-12-01,2024-12-03,usage_question,closed,22,99,2880
1486,625,2024-10-15,2024-10-15,usage_question,closed,31,88,0
1487,764,2024-12-02,2024-12-02,other,closed,44,168,0
1488,158,2024-08-23,2024-08-26,usage_question,closed,12,110,4320
1489,96,2024-06-27,2024-06-27,usage_question,closed,11,98,0
1490,549,2024-07-20,2024-07-21,feature_request,closed,8,217,1440
1491,921,2024-11-21,2024-11-26,usage_question,closed,29,137,7200
1492,1128,2024-06-08,2024-06-10,feature_request,closed,12,64,2880
1493,1015,2024-08-03,2024-08-03,bug,closed,31,118,0
1494,970,2024-12-23,2024-12-29,usage_question,closed,34,193,8640
1495,1284,2024-06-21,2024-06-28,usage_question,closed,36,146,10080
1496,588,2024-12-19,2024-12-19,bug,closed,29,81,0
1497,492,2023-08-09,2023-08-09,feature_request,closed,38,83,0
1498,1855,2024-05-02,2024-05-02,bug,closed,8,129,0
1499,1620,2023-10-29,2023-10-29,billing,closed,18,24,0
1500,727,2024-08-24,2024-08-24,usage_question,closed,5,73,0
1501,1433,2024-05-21,2024-05-22,bug,closed,35,71,1440
1502,410,2024-05-31,2024-05-31,usage_question,closed,13,144,0
1503,839,2024-11-19,2024-11-25,usage_question,closed,17,210,8640
1504,1119,2024-02-05,2024-02-05,feature_request,closed,50,201,0
1505,778,2024-12-27,2024-12-27,usage_question,closed,42,108,0
1506,1682,2024-07-13,2024-07-20,bug,closed,18,75,10080
1507,132,2024-10-31,2024-10-31,usage_question,closed,43,77,0
1508,603,2024-03-22,2024-03-22,billing,closed,25,56,0
1509,1024,2024-06-21,2024-06-24,feature_request,closed,33,54,4320
1510,1427,2024-03-30,2024-03-30,feature_request,closed,22,125,0
1511,1024,2023-12-11,2023-12-17,feature_request,closed,45,101,8640
1512,411,2024-02-24,2024-02-25,usage_question,closed,43,73,1440
1513,1348,2024-11-09,2024-11-09,other,closed,35,167,0
1514,1635,2024-10-30,2024-11-01,bug,closed,8,99,2880
1515,136,2024-10-16,2024-10-16,usage_question,closed,26,165,0
1516,1208,2024-10-31,2024-11-06,usage_question,closed,45,213,8640
1517,856,2024-12-27,2024-12-31,bug,closed,23,238,5760
1518,376,2024-07-04,2024-07-10,usage_question,closed,40,128,8640
1519,790,2023-09-28,2023-10-05,billing,closed,4,47,10080
1520,1025,2024-11-29,2024-11-29,bug,closed,48,113,0
1521,1241,2023-11-23,2023-11-30,usage_question,closed,30,197,10080
1522,1008,2024-10-07,2024-10-07,usage_question,closed,16,53,0
1523,1215,2024-06-02,2024-06-06,feature_request,closed,42,137,5760
1524,1095,2024-04-11,2024-04-11,bug,closed,29,87,0
1525,4,2024-07-22,2024-07-22,bug,closed,13,83,0
1526,1048,2024-01-05,2024-01-05,usage_question,closed,43,43,0
1527,1751,2024-09-15,2024-09-15,usage_question,closed,12,235,0
1528,155,2023-09-04,2023-09-04,bug,closed,18,64,0
1529,1595,2024-11-29,2024-11-29,billing,closed,8,129,0
1530,899,2024-05-06,2024-05-12,feature_request,closed,19,49,8640
1531,37,2024-11-01,2024-11-08,other,closed,29,45,10080
1532,1610,2024-11-22,2024-11-22,other,closed,1,71,0
1533,66,2024-09-24,2024-09-24,usage_question,closed,32,195,0
1534,1946,2024-05-01,2024-05-08,bug,closed,30,113,10080
1535,946,2024-10-28,2024-11-04,usage_question,closed,43,202,10080
1536,999,2024-12-22,2024-12-26,usage_question,closed,4,127,5760
1537,351,2024-05-17,2024-05-21,usage_question,closed,49,230,5760
1538,1322,2023-11-01,2023-11-05,feature_request,closed,35,26,5760
1539,1471,2024-06-02,2024-06-04,bug,closed,4,103,2880
1540,458,2024-04-19,2024-04-19,usage_question,closed,30,88,0
1541,1009,2023-08-23,2023-08-23,bug,closed,50,204,0
1542,207,2024-09-27,2024-10-01,usage_question,closed,1,221,5760
1543,807,2024-09-22,2024-09-22,bug,closed,42,74,0
1544,740,2024-07-14,2024-07-19,bug,closed,6,182,7200
1545,1809,2024-12-24,2024-12-26,other,closed,10,211,2880
1546,539,2024-09-20,2024-09-20,bug,closed,14,41,0
1547,1746,2024-08-11,2024-08-18,billing,closed,12,32,10080
1548,1122,2024-04-02,2024-04-04,usage_question,closed,49,41,2880
1549,1190,2024-10-26,2024-10-26,bug,closed,11,54,0
1550,1085,2024-12-16,2024-12-16,other,closed,46,148,0
1551,553,2024-08-11,2024-08-15,usage_question,closed,22,28,5760
1552,619,2024-03-16,2024-03-16,other,closed,12,125,0
1553,361,2024-07-16,2024-07-16,bug,closed,29,234,0
1554,482,2024-09-27,2024-09-27,feature_request,closed,21,221,0
1555,1637,2024-02-19,2024-02-19,feature_request,closed,3,192,0
1556,388,2024-07-31,2024-07-31,usage_question,closed,3,162,0
1557,199,2023-11-23,2023-11-23,bug,closed,31,131,0
1558,1730,2024-01-06,2024-01-11,bug,closed,29,34,7200
1559,387,2024-10-30,2024-10-30,usage_question,closed,30,60,0
1560,678,2023-10-13,2023-10-13,usage_question,closed,19,144,0
1561,1553,2024-10-02,2024-10-02,usage_question,closed,46,65,0
1562,75,2024-05-03,2024-05-03,billing,closed,40,126,0
1563,1508,2024-04-07,2024-04-07,feature_request,closed,2,195,0
1564,1735,2024-04-16,2024-04-17,usage_question,closed,48,77,1440
1565,1412,2024-05-30,2024-05-31,bug,closed,45,164,1440
1566,917,2024-11-04,2024-11-10,usage_question,closed,18,122,8640
1567,859,2024-07-24,2024-07-24,usage_question,closed,7,159,0
1568,1366,2024-02-25,2024-02-25,feature_request,closed,44,229,0
1569,1849,2024-12-06,2024-12-06,bug,closed,25,184,0
1570,330,2024-02-14,2024-02-14,other,closed,14,75,0
1571,1646,2024-12-09,2024-12-10,usage_question,closed,20,218,1440
1572,833,2023-12-02,2023-12-02,other,closed,45,117,0
1573,1410,2024-11-28,2024-11-28,usage_question,closed,32,105,0
1574,1842,2024-07-02,2024-07-02,usage_question,closed,31,227,0
1575,1989,2024-07-25,2024-07-28,usage_question,closed,26,87,4320
1576,1999,2024-06-28,2024-07-04,other,closed,40,63,8640
1577,290,2024-12-22,2024-12-23,billing,closed,11,134,1440
1578,508,2023-11-10,2023-11-10,usage_question,closed,11,129,0
1579,837,2024-01-08,2024-01-08,usage_question,closed,45,156,0
1580,1415,2024-12-04,2024-12-04,other,closed,39,145,0
1581,282,2024-11-08,2024-11-14,billing,closed,13,99,8640
1582,86,2024-08-16,2024-08-16,usage_question,closed,33,78,0
1583,1766,2024-07-28,2024-07-28,bug,closed,1,94,0
1584,1775,2024-12-21,2024-12-21,bug,closed,19,176,0
1585,722,2024-03-06,2024-03-11,usage_question,closed,13,178,7200
1586,361,2024-09-21,2024-09-21,usage_question,closed,5,107,0
1587,750,2024-02-11,2024-02-11,billing,closed,22,158,0
1588,951,2023-01-26,2023-01-26,other,closed,49,163,0
1589,1968,2024-05-10,2024-05-15,bug,closed,43,147,7200
1590,1199,2024-11-24,2024-11-24,bug,closed,21,80,0
1591,1049,2024-11-17,2024-11-17,feature_request,closed,39,234,0
1592,1732,2024-11-20,2024-11-22,bug,closed,23,51,2880
1593,1335,2024-02-04,2024-02-04,feature_request,closed,26,94,0
1594,67,2024-03-11,2024-03-11,billing,closed,2,67,0
1595,1000,2024-07-20,2024-07-20,bug,closed,3,28,0
1596,885,2024-08-06,2024-08-06,feature_request,closed,34,84,0
1597,123,2023-10-21,2023-10-22,usage_question,closed,36,79,1440
1598,325,2024-05-13,2024-05-19,bug,closed,35,40,8640
1599,1070,2024-03-20,2024-03-26,bug,closed,15,133,8640
1600,1169,2024-10-01,2024-10-01,feature_request,closed,38,53,0
1601,414,2024-09-29,2024-09-30,bug,closed,19,85,1440
1602,978,2024-07-04,2024-07-10,bug,closed,50,101,8640
1603,440,2024-06-27,2024-06-27,usage_question,closed,11,99,0
1604,432,2023-12-07,2023-12-11,bug,closed,45,24,5760
1605,1773,2024-09-07,2024-09-07,other,closed,6,180,0
1606,224,2024-04-18,2024-04-25,feature_request,closed,14,189,10080
1607,290,2024-07-29,2024-07-30,usage_question,closed,7,18,1440
1608,1982,2023-09-24,2023-09-24,feature_request,closed,47,209,0
1609,1694,2024-05-28,2024-05-28,bug,closed,11,138,0
1610,47,2024-04-18,2024-04-20,billing,closed,38,205,2880
1611,581,2024-10-26,2024-11-01,billing,closed,9,134,8640
1612,449,2024-02-19,2024-02-25,bug,closed,26,55,8640
1613,1749,2024-08-08,2024-08-13,usage_question,closed,23,30,7200
1614,1236,2024-01-01,2024-01-01,usage_question,closed,39,201,0
1615,763,2023-10-01,2023-10-01,feature_request,closed,18,78,0
1616,1466,2024-02-02,2024-02-08,bug,closed,48,38,8640
1617,847,2024-12-24,2024-12-26,feature_request,closed,12,149,2880
1618,1148,2024-07-30,2024-07-30,feature_request,closed,25,44,0
1619,460,2024-11-29,2024-12-03,usage_question,closed,18,43,5760
1620,752,2024-10-11,2024-10-12,usage_question,closed,36,58,1440
1621,666,2024-11-14,2024-11-14,usage_question,closed,43,218,0
1622,1398,2024-09-19,2024-09-19,usage_question,closed,30,91,0
1623,1794,2023-11-13,2023-11-13,other,closed,35,209,0
1624,1676,2024-04-21,2024-04-28,other,closed,31,107,10080
1625,1803,2024-03-22,2024-03-28,feature_request,closed,21,103,8640
1626,611,2024-08-07,2024-08-13,bug,closed,21,58,8640
1627,1702,2024-07-16,2024-07-23,bug,closed,17,180,10080
1628,1480,2024-09-19,2024-09-19,other,closed,47,22,0
1629,330,2024-12-19,2024-12-19,feature_request,closed,44,212,0
1630,232,2024-02-01,2024-02-04,bug,closed,31,106,4320
1631,159,2024-12-23,2024-12-29,usage_question,closed,29,76,8640
1632,1543,2024-02-03,2024-02-10,billing,closed,46,146,10080
1633,26,2024-12-20,2024-12-21,usage_question,closed,36,35,1440
1634,1307,2024-11-06,2024-11-13,feature_request,closed,10,26,10080
1635,116,2024-02-25,2024-02-25,usage_question,closed,34,172,0
1636,397,2024-11-18,2024-11-18,feature_request,closed,15,215,0
1637,1452,2024-10-10,2024-10-16,billing,closed,14,212,8640
1638,520,2024-04-17,2024-04-17,usage_question,closed,39,207,0
1639,99,2024-10-16,2024-10-16,bug,closed,6,153,0
1640,693,2024-01-30,2024-02-06,bug,closed,47,60,10080
1641,352,2024-10-02,2024-10-02,billing,closed,32,101,0
1642,707,2024-07-09,2024-07-09,feature_request,closed,31,162,0
1643,1944,2024-08-27,2024-08-27,bug,closed,50,97,0
1644,123,2024-04-26,2024-04-27,bug,closed,6,108,1440
1645,1832,2024-09-16,2024-09-16,usage_question,closed,18,112,0
1646,1565,2024-04-09,2024-04-09,feature_request,closed,1,155,0
1647,1994,2024-02-19,2024-02-19,bug,closed,15,49,0
1648,1564,2024-07-19,2024-07-20,usage_question,closed,4,114,1440
1649,410,2024-02-28,2024-02-28,usage_question,closed,24,222,0
1650,696,2024-03-16,2024-03-19,usage_question,closed,26,158,4320
1651,1374,2024-11-29,2024-11-29,bug,closed,19,185,0
1652,149,2024-08-06,2024-08-06,feature_request,closed,33,164,0
1653,801,2024-01-05,2024-01-05,other,closed,49,55,0
1654,660,2024-12-10,2024-12-13,usage_question,closed,50,88,4320
1655,822,2024-05-31,2024-05-31,bug,closed,21,176,0
1656,1735,2023-10-01,2023-10-03,usage_question,closed,38,110,2880
1657,1158,2024-11-10,2024-11-13,feature_request,closed,32,70,4320
1658,923,2024-09-04,2024-09-11,usage_question,closed,30,186,10080
1659,1323,2024-12-01,2024-12-07,bug,closed,24,229,8640
1660,583,2024-03-10,2024-03-10,other,closed,25,101,0
1661,1143,2024-09-27,2024-09-27,usage_question,closed,15,72,0
1662,1495,2024-07-18,2024-07-22,bug,closed,6,182,5760
1663,1280,2024-06-03,2024-06-03,billing,closed,42,131,0
1664,645,2024-10-14,2024-10-19,feature_request,closed,9,181,7200
1665,580,2023-05-29,2023-06-05,usage_question,closed,33,172,10080
1666,431,2024-03-25,2024-03-26,usage_question,closed,34,82,1440
1667,570,2024-03-15,2024-03-20,other,closed,31,62,7200
1668,82,2024-11-27,2024-11-27,bug,closed,2,127,0
1669,1238,2023-12-30,2023-12-30,usage_question,closed,42,167,0
1670,1649,2024-05-07,2024-05-07,billing,closed,43,166,0
1671,57,2024-08-03,2024-08-03,bug,closed,40,159,0
1672,770,2024-11-05,2024-11-05,feature_request,closed,22,226,0
1673,97,2024-01-24,2024-01-24,other,closed,19,157,0
1674,603,2024-11-15,2024-11-15,other,closed,9,83,0
1675,1423,2024-04-22,2024-04-22,other,closed,39,78,0
1676,1464,2024-04-20,2024-04-20,usage_question,closed,17,46,0
1677,499,2024-12-05,2024-12-08,bug,closed,19,23,4320
1678,29,2024-11-04,2024-11-11,usage_question,closed,34,60,10080
1679,1667,2023-08-17,2023-08-19,usage_question,closed,14,224,2880
1680,502,2024-12-23,2024-12-23,usage_question,closed,22,68,0
1681,342,2023-11-08,2023-11-15,feature_request,closed,32,153,10080
1682,1654,2024-07-19,2024-07-23,usage_question,closed,2,35,5760
1683,913,2024-10-25,2024-10-26,usage_question,closed,25,113,1440
1684,7,2024-07-10,2024-07-10,feature_request,closed,26,98,0
1685,239,2024-11-01,2024-11-04,feature_request,closed,22,220,4320
1686,744,2024-11-22,2024-11-22,bug,closed,40,35,0
1687,1609,2024-06-19,2024-06-19,bug,closed,2,188,0
1688,1738,2024-06-24,2024-06-24,bug,closed,17,61,0
1689,216,2024-02-20,2024-02-20,bug,closed,29,81,0
1690,1922,2024-01-08,2024-01-10,usage_question,closed,27,154,2880
1691,1121,2023-12-07,2023-12-07,bug,closed,16,26,0
1692,115,2024-12-05,2024-12-08,bug,closed,9,171,4320
1693,823,2024-03-30,2024-03-31,usage_question,closed,31,215,1440
1694,1614,2024-04-01,2024-04-01,bug,closed,30,233,0
1695,16,2024-07-21,2024-07-23,bug,closed,23,81,2880
1696,1392,2023-11-30,2023-12-06,feature_request,closed,22,191,8640
1697,706,2024-04-08,2024-04-08,billing,closed,16,136,0
1698,187,2024-04-09,2024-04-09,billing,closed,38,188,0
1699,617,2024-09-19,2024-09-24,usage_question,closed,21,109,7200
1700,1382,2024-09-30,2024-10-06,feature_request,closed,12,240,8640
1701,170,2023-12-29,2023-12-29,billing,closed,7,120,0
1702,1672,2024-06-09,2024-06-11,usage_question,closed,35,203,2880
1703,1595,2024-06-19,2024-06-20,bug,closed,9,180,1440
1704,607,2024-12-10,2024-12-10,usage_question,closed,39,127,0
1705,1002,2024-06-01,2024-06-01,billing,closed,3,146,0
1706,901,2024-06-06,2024-06-06,bug,closed,17,188,0
1707,1471,2024-10-20,2024-10-23,bug,closed,3,27,4320
1708,1772,2024-11-21,2024-11-26,billing,closed,3,119,7200
1709,1393,2024-08-21,2024-08-24,usage_question,closed,30,139,4320
1710,1074,2024-08-07,2024-08-07,bug,closed,15,228,0
1711,385,2024-10-04,2024-10-11,billing,closed,20,177,10080
1712,162,2024-12-17,2024-12-17,usage_question,closed,25,219,0
1713,1155,2024-06-26,2024-06-26,usage_question,closed,20,150,0
1714,1610,2024-10-08,2024-10-08,bug,closed,47,176,0
1715,49,2023-12-15,2023-12-15,other,closed,15,109,0
1716,360,2023-10-18,2023-10-19,usage_question,closed,48,34,1440
1717,708,2024-11-21,2024-11-21,bug,closed,43,97,0
1718,25,2024-10-06,2024-10-09,feature_request,closed,1,40,4320
1719,1423,2024-08-02,2024-08-05,usage_question,closed,36,29,4320
1720,1532,2023-12-01,2023-12-06,bug,closed,39,17,7200
1721,557,2024-12-02,2024-12-02,usage_question,closed,19,102,0
1722,1382,2024-07-05,2024-07-05,bug,closed,47,164,0
1723,281,2024-02-17,2024-02-17,bug,closed,22,44,0
1724,1326,2024-11-19,2024-11-20,bug,closed,6,187,1440
1725,582,2024-01-27,2024-01-27,other,closed,27,101,0
1726,141,2024-12-09,2024-12-09,billing,closed,6,50,0
1727,1766,2024-07-03,2024-07-04,usage_question,closed,38,64,1440
1728,1257,2024-06-23,2024-06-23,feature_request,closed,31,194,0
1729,1914,2024-03-22,2024-03-23,bug,closed,21,77,1440
1730,264,2024-01-26,2024-01-27,bug,closed,31,74,1440
1731,826,2024-04-10,2024-04-10,bug,closed,10,24,0
1732,1813,2024-08-24,2024-08-28,usage_question,closed,42,34,5760
1733,999,2024-01-04,2024-01-04,bug,closed,46,218,0
1734,1177,2024-02-14,2024-02-17,bug,closed,11,18,4320
1735,553,2024-05-18,2024-05-20,bug,closed,9,117,2880
1736,469,2024-08-29,2024-08-29,usage_question,closed,48,172,0
1737,1329,2024-11-11,2024-11-15,bug,closed,24,38,5760
1738,1530,2023-12-14,2023-12-14,bug,closed,23,85,0
1739,1439,2024-08-03,2024-08-03,usage_question,closed,36,89,0
1740,287,2024-01-12,2024-01-15,other,closed,5,108,4320
1741,1888,2024-05-19,2024-05-19,bug,closed,21,38,0
1742,764,2023-12-22,2023-12-27,usage_question,closed,38,182,7200
1743,1188,2024-04-19,2024-04-19,bug,closed,38,95,0
1744,1375,2024-11-17,2024-11-21,bug,closed,4,211,5760
1745,825,2024-05-24,2024-05-26,usage_question,closed,1,126,2880
1746,220,2024-06-09,2024-06-14,billing,closed,46,95,7200
1747,569,2024-12-22,2024-12-23,other,closed,22,15,1440
1748,1387,2024-08-19,2024-08-19,feature_request,closed,24,208,0
1749,826,2024-01-09,2024-01-15,billing,closed,49,16,8640
1750,1735,2024-10-23,2024-10-23,usage_question,closed,3,21,0
1751,1592,2024-12-28,2024-12-28,usage_question,closed,22,183,0
1752,92,2024-08-25,2024-08-25,usage_question,closed,20,99,0
1753,1034,2023-09-29,2023-10-06,usage_question,closed,40,233,10080
1754,43,2024-05-06,2024-05-09,billing,closed,20,108,4320
1755,483,2024-02-29,2024-02-29,usage_question,closed,5,98,0
1756,135,2024-11-28,2024-11-28,usage_question,closed,6,24,0
1757,1565,2024-01-12,2024-01-14,bug,closed,42,193,2880
1758,1270,2024-08-16,2024-08-16,usage_question,closed,8,206,0
1759,914,2024-05-16,2024-05-16,usage_question,closed,10,131,0
1760,303,2024-07-02,2024-07-02,usage_question,closed,34,36,0
1761,1012,2024-02-23,2024-02-23,usage_question,closed,13,104,0
1762,1777,2024-07-05,2024-07-05,bug,closed,3,162,0
1763,1233,2024-12-09,2024-12-12,usage_question,closed,26,182,4320
1764,1596,2024-08-25,2024-08-27,usage_question,closed,32,236,2880
1765,954,2024-07-17,2024-07-17,other,closed,15,234,0
1766,561,2024-12-05,2024-12-05,bug,closed,37,86,0
1767,1853,2024-04-15,2024-04-15,bug,closed,46,81,0
1768,1051,2024-06-26,2024-07-03,bug,closed,47,120,10080
1769,1983,2024-01-08,2024-01-08,feature_request,closed,21,158,0
1770,772,2024-10-31,2024-10-31,billing,closed,12,122,0
1771,1931,2024-08-28,2024-09-04,billing,closed,36,27,10080
1772,1874,2024-11-21,2024-11-21,bug,closed,19,26,0
1773,347,2024-10-27,2024-10-27,usage_question,closed,42,158,0
1774,368,2023-03-06,2023-03-13,other,closed,21,151,10080
1775,1408,2024-03-18,2024-03-18,billing,closed,29,160,0
1776,1217,2023-11-18,2023-11-19,bug,closed,25,179,1440
1777,784,2024-05-01,2024-05-05,feature_request,closed,24,88,5760
1778,1486,2024-10-22,2024-10-22,usage_question,closed,35,15,0
1779,625,2024-07-01,2024-07-01,usage_question,closed,22,118,0
1780,1721,2024-06-08,2024-06-08,bug,closed,42,95,0
1781,768,2024-06-07,2024-06-12,bug,closed,50,161,7200
1782,22,2024-06-30,2024-06-30,usage_question,closed,10,127,0
1783,801,2024-04-08,2024-04-08,bug,closed,33,62,0
1784,95,2023-11-25,2023-11-25,usage_question,closed,23,220,0
1785,1313,2024-12-24,2024-12-26,other,closed,8,216,2880
1786,1366,2023-12-30,2023-12-31,usage_question,closed,10,116,1440
1787,281,2024-12-23,2024-12-23,other,closed,21,172,0
1788,1876,2024-06-21,2024-06-21,usage_question,closed,34,124,0
1789,1819,2024-08-06,2024-08-11,usage_question,closed,35,154,7200
1790,1267,2024-05-30,2024-05-30,usage_question,closed,2,158,0
1791,1960,2024-09-02,2024-09-06,bug,closed,5,61,5760
1792,515,2024-06-03,2024-06-10,feature_request,closed,18,18,10080
1793,1889,2024-04-30,2024-04-30,usage_question,closed,29,113,0
1794,10,2024-05-05,2024-05-11,usage_question,closed,45,129,8640
1795,801,2024-10-17,2024-10-20,bug,closed,17,86,4320
1796,1811,2024-08-11,2024-08-17,bug,closed,49,204,8640
1797,989,2024-05-26,2024-05-31,other,closed,44,84,7200
1798,174,2024-08-26,2024-08-26,usage_question,closed,32,240,0
1799,1012,2024-08-31,2024-09-03,usage_question,closed,27,233,4320
1800,432,2024-11-26,2024-11-26,bug,closed,20,117,0
1801,1799,2023-10-26,2023-10-26,usage_question,closed,42,131,0
1802,1078,2024-10-13,2024-10-13,usage_question,closed,4,92,0
1803,316,2024-08-10,2024-08-14,usage_question,closed,20,161,5760
1804,1795,2024-02-11,2024-02-11,usage_question,closed,33,31,0
1805,124,2024-04-30,2024-05-06,bug,closed,45,190,8640
1806,630,2024-09-28,2024-10-05,bug,closed,16,140,10080
1807,1456,2024-12-17,2024-12-21,usage_question,closed,37,192,5760
1808,1933,2023-09-20,2023-09-20,feature_request,closed,47,81,0
1809,895,2024-11-28,2024-11-30,bug,closed,29,71,2880
1810,809,2024-06-11,2024-06-11,feature_request,closed,37,80,0
1811,1303,2024-03-18,2024-03-18,usage_question,closed,23,225,0
1812,1599,2024-03-29,2024-03-29,feature_request,closed,19,42,0
1813,41,2024-11-05,2024-11-05,usage_question,closed,5,31,0
1814,1005,2024-10-19,2024-10-22,bug,closed,40,34,4320
1815,1850,2024-08-19,2024-08-20,other,closed,4,103,1440
1816,185,2024-12-01,2024-12-01,other,closed,34,99,0
1817,440,2024-03-20,2024-03-20,feature_request,closed,30,52,0
1818,388,2024-04-07,2024-04-11,bug,closed,26,65,5760
1819,35,2024-02-13,2024-02-13,billing,closed,27,171,0
1820,1762,2024-11-18,2024-11-18,bug,closed,32,219,0
1821,291,2024-07-14,2024-07-21,bug,closed,29,153,10080
1822,1962,2024-11-15,2024-11-20,feature_request,closed,46,120,7200
1823,1286,2024-06-03,2024-06-04,bug,closed,42,185,1440
1824,1860,2023-07-11,2023-07-18,usage_question,closed,23,134,10080
1825,975,2024-08-25,2024-08-29,usage_question,closed,35,75,5760
1826,830,2024-10-26,2024-10-26,usage_question,closed,13,81,0
1827,1386,2023-10-05,2023-10-11,bug,closed,7,70,8640
1828,567,2024-09-08,2024-09-09,billing,closed,18,91,1440
1829,570,2024-06-13,2024-06-13,other,closed,24,24,0
1830,1396,2024-09-28,2024-10-03,usage_question,closed,36,116,7200
1831,1476,2024-02-17,2024-02-22,bug,closed,11,51,7200
1832,1056,2024-12-07,2024-12-07,usage_question,closed,39,179,0
1833,94,2024-09-11,2024-09-11,usage_question,closed,6,187,0
1834,850,2024-12-01,2024-12-01,bug,closed,37,98,0
1835,30,2024-08-29,2024-08-29,feature_request,closed,12,38,0
1836,1685,2023-12-05,2023-12-05,bug,closed,32,74,0
1837,733,2024-09-27,2024-10-04,usage_question,closed,3,95,10080
1838,843,2024-08-26,2024-08-26,usage_question,closed,5,56,0
1839,936,2024-10-08,2024-10-08,billing,closed,8,78,0
1840,324,2024-06-25,2024-06-26,bug,closed,7,152,1440
1841,651,2024-05-18,2024-05-22,bug,closed,4,229,5760
1842,335,2024-11-28,2024-12-05,billing,closed,2,53,10080
1843,16,2024-01-12,2024-01-12,usage_question,closed,25,161,0
1844,1112,2023-09-03,2023-09-03,bug,closed,48,173,0
1845,1744,2024-01-24,2024-01-27,usage_question,closed,2,77,4320
1846,144,2024-03-10,2024-03-16,usage_question,closed,47,19,8640
1847,992,2024-05-02,2024-05-02,usage_question,closed,39,88,0
1848,85,2024-11-08,2024-11-08,usage_question,closed,47,228,0
1849,904,2024-10-13,2024-10-20,usage_question,closed,27,37,10080
1850,1043,2024-07-16,2024-07-18,usage_question,closed,14,81,2880
1851,1565,2024-08-31,2024-09-07,usage_question,closed,10,62,10080
1852,1646,2024-10-19,2024-10-19,bug,closed,25,127,0
1853,989,2024-04-20,2024-04-24,usage_question,closed,19,99,5760
1854,1125,2024-11-24,2024-11-24,bug,closed,39,206,0
1855,1797,2023-10-02,2023-10-09,billing,closed,13,177,10080
1856,1395,2024-06-02,2024-06-02,usage_question,closed,17,183,0
1857,1740,2023-10-29,2023-10-31,billing,closed,21,149,2880
1858,1860,2024-06-30,2024-07-06,feature_request,closed,4,213,8640
1859,405,2024-09-12,2024-09-12,usage_question,closed,50,17,0
1860,1566,2024-06-05,2024-06-05,other,closed,11,110,0
1861,31,2024-03-14,2024-03-14,feature_request,closed,7,113,0
1862,1468,2024-07-06,2024-07-11,bug,closed,9,67,7200
1863,1761,2024-12-22,2024-12-22,bug,closed,34,175,0
1864,838,2024-07-26,2024-07-26,usage_question,closed,4,169,0
1865,860,2024-12-29,2025-01-03,feature_request,open,1,172,7200
1866,1182,2023-10-31,2023-10-31,feature_request,closed,44,175,0
1867,527,2024-08-26,2024-09-02,usage_question,closed,1,218,10080
1868,1186,2024-07-18,2024-07-18,usage_question,closed,17,163,0
1869,1400,2024-03-04,2024-03-04,bug,closed,17,118,0
1870,1875,2024-02-15,2024-02-21,other,closed,42,239,8640
1871,1406,2024-05-29,2024-05-29,bug,closed,26,143,0
1872,1143,2024-02-28,2024-03-06,usage_question,closed,34,192,10080
1873,298,2024-09-27,2024-09-27,bug,closed,42,55,0
1874,94,2024-05-06,2024-05-09,other,closed,26,61,4320
1875,194,2024-02-23,2024-02-29,bug,closed,32,106,8640
1876,600,2024-04-24,2024-04-24,feature_request,closed,15,15,0
1877,414,2024-05-29,2024-05-29,usage_question,closed,23,32,0
1878,1046,2024-03-23,2024-03-26,bug,closed,48,32,4320
1879,1381,2024-11-09,2024-11-09,feature_request,closed,49,158,0
1880,1592,2024-12-17,2024-12-20,other,closed,6,225,4320
1881,63,2024-10-02,2024-10-09,usage_question,closed,46,177,10080
1882,1372,2024-07-24,2024-07-24,usage_question,closed,11,217,0
1883,149,2024-09-14,2024-09-14,usage_question,closed,21,73,0
1884,873,2024-09-25,2024-09-27,other,closed,11,72,2880
1885,422,2024-11-04,2024-11-04,bug,closed,7,40,0
1886,924,2024-11-14,2024-11-18,usage_question,closed,6,62,5760
1887,411,2024-05-28,2024-05-28,bug,closed,1,233,0
1888,85,2024-04-09,2024-04-09,usage_question,closed,43,202,0
1889,1739,2023-09-05,2023-09-05,bug,closed,15,220,0
1890,306,2024-04-29,2024-04-30,usage_question,closed,13,197,1440
1891,135,2024-05-10,2024-05-17,bug,closed,20,103,10080
1892,1466,2024-04-01,2024-04-01,usage_question,closed,49,117,0
1893,1843,2024-12-24,2024-12-26,usage_question,closed,10,150,2880
1894,651,2024-07-09,2024-07-09,other,closed,38,85,0
1895,1393,2024-09-13,2024-09-19,usage_question,closed,20,161,8640
1896,1566,2024-08-24,2024-08-25,usage_question,closed,38,107,1440
1897,1013,2023-12-24,2023-12-24,usage_question,closed,21,204,0
1898,1216,2023-09-27,2023-09-27,bug,closed,36,238,0
1899,200,2024-01-13,2024-01-16,usage_question,closed,45,166,4320
1900,1414,2024-06-07,2024-06-09,other,closed,40,151,2880
1901,1977,2024-01-28,2024-01-28,usage_question,closed,34,209,0
1902,1227,2024-05-18,2024-05-25,bug,closed,11,134,10080
1903,1816,2024-05-07,2024-05-07,bug,closed,5,100,0
1904,1474,2024-04-16,2024-04-18,usage_question,closed,1,100,2880
1905,1063,2024-04-12,2024-04-19,billing,closed,37,190,10080
1906,628,2024-10-21,2024-10-28,bug,closed,23,72,10080
1907,1677,2024-03-20,2024-03-21,usage_question,closed,50,154,1440
1908,1593,2024-07-31,2024-07-31,bug,closed,21,102,0
1909,511,2024-11-22,2024-11-22,usage_question,closed,27,19,0
1910,1776,2024-07-16,2024-07-16,other,closed,47,211,0
1911,1941,2024-12-23,2024-12-26,usage_question,closed,35,93,4320
1912,395,2024-04-07,2024-04-07,bug,closed,32,79,0
1913,439,2024-11-18,2024-11-18,usage_question,closed,47,58,0
1914,394,2024-09-28,2024-10-01,usage_question,closed,20,26,4320
1915,1013,2024-05-21,2024-05-27,usage_question,closed,47,67,8640
1916,1581,2024-01-05,2024-01-09,billing,closed,31,167,5760
1917,1178,2023-12-19,2023-12-23,feature_request,closed,46,179,5760
1918,1003,2023-10-07,2023-10-10,bug,closed,10,65,4320
1919,281,2024-05-06,2024-05-09,usage_question,closed,40,211,4320
1920,46,2024-05-15,2024-05-17,feature_request,closed,15,199,2880
1921,38,2024-07-19,2024-07-20,feature_request,closed,3,20,1440
1922,1762,2024-08-28,2024-09-02,other,closed,12,64,7200
1923,773,2024-09-25,2024-09-30,billing,closed,3,96,7200
1924,1169,2024-12-07,2024-12-07,feature_request,closed,2,144,0
1925,513,2024-03-03,2024-03-09,billing,closed,33,134,8640
1926,1697,2024-11-21,2024-11-23,feature_request,closed,18,91,2880
1927,217,2024-02-10,2024-02-10,bug,closed,18,157,0
1928,820,2024-12-29,2024-12-29,bug,closed,35,85,0
1929,125,2023-10-25,2023-10-25,usage_question,closed,21,81,0
1930,1968,2024-08-26,2024-08-28,bug,closed,48,42,2880
1931,222,2023-09-30,2023-09-30,feature_request,closed,18,52,0
1932,120,2024-04-22,2024-04-23,other,closed,18,114,1440
1933,256,2024-07-09,2024-07-09,usage_question,closed,36,103,0
1934,1356,2023-01-02,2023-01-02,usage_question,closed,10,100,0
1935,1441,2024-05-07,2024-05-07,bug,closed,17,135,0
1936,715,2024-03-26,2024-04-02,feature_request,closed,18,163,10080
1937,878,2024-05-28,2024-05-28,bug,closed,4,225,0
1938,893,2024-06-02,2024-06-02,other,closed,46,169,0
1939,399,2023-11-01,2023-11-01,feature_request,closed,17,95,0
1940,562,2024-11-02,2024-11-07,bug,closed,25,126,7200
1941,1065,2023-12-10,2023-12-10,billing,closed,22,202,0
1942,696,2024-05-11,2024-05-18,usage_question,closed,14,143,10080
1943,916,2024-09-13,2024-09-13,usage_question,closed,13,207,0
1944,1578,2024-02-27,2024-02-27,billing,closed,29,175,0
1945,795,2024-06-01,2024-06-02,usage_question,closed,12,46,1440
1946,720,2023-12-20,2023-12-23,usage_question,closed,25,22,4320
1947,1510,2024-04-17,2024-04-23,bug,closed,47,189,8640
1948,962,2024-05-26,2024-05-26,feature_request,closed,5,88,0
1949,1485,2024-10-18,2024-10-21,usage_question,closed,50,187,4320
1950,619,2024-05-18,2024-05-23,billing,closed,14,51,7200
1951,90,2024-07-03,2024-07-10,bug,closed,17,77,10080
1952,545,2024-12-08,2024-12-15,usage_question,closed,8,168,10080
1953,306,2024-06-03,2024-06-03,usage_question,closed,8,194,0
1954,1861,2024-09-13,2024-09-13,usage_question,closed,43,37,0
1955,1754,2024-10-13,2024-10-17,feature_request,closed,39,105,5760
1956,1176,2024-09-08,2024-09-08,bug,closed,32,28,0
1957,1928,2024-10-10,2024-10-10,usage_question,closed,11,80,0
1958,839,2024-07-25,2024-07-25,bug,closed,17,168,0
1959,1794,2024-06-30,2024-07-07,usage_question,closed,6,35,10080
1960,570,2024-08-12,2024-08-12,usage_question,closed,26,219,0
1961,1759,2024-01-23,2024-01-24,usage_question,closed,14,85,1440
1962,1543,2023-12-13,2023-12-17,bug,closed,13,237,5760
1963,796,2024-08-18,2024-08-18,bug,closed,22,190,0
1964,1799,2024-01-23,2024-01-25,bug,closed,50,19,2880
1965,18,2024-04-10,2024-04-10,bug,closed,9,177,0
1966,1943,2024-04-24,2024-04-24,bug,closed,42,180,0
1967,1053,2024-09-12,2024-09-12,feature_request,closed,7,181,0
1968,1705,2023-09-30,2023-09-30,other,closed,45,15,0
1969,1883,2024-02-11,2024-02-11,usage_question,closed,8,200,0
1970,1684,2024-10-11,2024-10-11,billing,closed,34,233,0
1971,961,2023-04-14,2023-04-14,usage_question,closed,19,57,0
1972,750,2024-03-10,2024-03-10,bug,closed,39,23,0
1973,488,2023-09-23,2023-09-29,billing,closed,18,201,8640
1974,639,2024-04-28,2024-04-28,other,closed,25,218,0
1975,1906,2024-01-27,2024-01-29,usage_question,closed,4,78,2880
1976,845,2024-06-16,2024-06-16,bug,closed,24,132,0
1977,1363,2024-07-30,2024-07-30,usage_question,closed,29,91,0
1978,1235,2024-05-10,2024-05-12,billing,closed,49,66,2880
1979,1654,2024-03-22,2024-03-25,billing,closed,4,145,4320
1980,1213,2024-05-04,2024-05-04,bug,closed,16,74,0
1981,1357,2024-08-19,2024-08-19,usage_question,closed,2,21,0
1982,742,2024-03-24,2024-03-24,bug,closed,5,179,0
1983,1329,2023-10-09,2023-10-09,billing,closed,5,44,0
1984,1788,2024-12-24,2024-12-25,usage_question,closed,18,172,1440
1985,1569,2023-06-20,2023-06-20,usage_question,closed,34,115,0
1986,1247,2024-09-20,2024-09-20,usage_question,closed,29,58,0
1987,978,2024-05-23,2024-05-23,usage_question,closed,18,113,0
1988,103,2024-01-25,2024-01-29,other,closed,3,66,5760
1989,1792,2024-06-27,2024-07-04,other,closed,1,110,10080
1990,599,2024-11-12,2024-11-12,usage_question,closed,11,39,0
1991,715,2024-05-14,2024-05-15,usage_question,closed,2,60,1440
1992,425,2024-10-04,2024-10-04,usage_question,closed,4,238,0
1993,1024,2024-06-25,2024-06-25,bug,closed,36,140,0
1994,275,2024-07-31,2024-07-31,bug,closed,24,105,0
1995,349,2024-06-14,2024-06-21,usage_question,closed,30,181,10080
1996,1732,2024-08-06,2024-08-07,usage_question,closed,40,53,1440
1997,1749,2023-12-28,2023-12-28,feature_request,closed,13,111,0
1998,1984,2024-10-19,2024-10-19,billing,closed,12,131,0
1999,551,2024-12-16,2024-12-22,usage_question,closed,44,109,8640
2000,1889,2024-05-07,2024-05-08,other,closed,50,168,1440
2001,671,2024-03-22,2024-03-22,feature_request,closed,46,145,0
2002,655,2023-11-01,2023-11-04,usage_question,closed,24,204,4320
2003,186,2024-10-20,2024-10-20,usage_question,closed,37,233,0
2004,931,2024-05-30,2024-05-30,bug,closed,45,39,0
2005,208,2024-11-25,2024-11-25,bug,closed,42,122,0
2006,1431,2024-10-12,2024-10-12,usage_question,closed,12,175,0
2007,1187,2024-12-08,2024-12-14,usage_question,closed,27,105,8640
2008,912,2024-02-16,2024-02-16,usage_question,closed,21,139,0
2009,348,2024-12-26,2024-12-26,usage_question,closed,39,234,0
2010,1918,2024-09-22,2024-09-22,usage_question,closed,20,168,0
2011,1917,2024-09-19,2024-09-19,usage_question,closed,19,226,0
2012,1440,2023-12-19,2023-12-19,usage_question,closed,44,130,0
2013,526,2024-04-25,2024-05-01,usage_question,closed,6,117,8640
2014,1223,2024-09-12,2024-09-12,other,closed,12,191,0
2015,487,2024-07-19,2024-07-21,usage_question,closed,33,130,2880
2016,558,2024-04-21,2024-04-21,usage_question,closed,50,21,0
2017,1742,2024-06-20,2024-06-26,usage_question,closed,50,236,8640
2018,202,2024-03-17,2024-03-17,feature_request,closed,10,186,0
2019,931,2024-03-29,2024-03-29,bug,closed,16,26,0
2020,1679,2023-11-12,2023-11-17,usage_question,closed,14,131,7200
2021,853,2024-06-18,2024-06-18,usage_question,closed,11,162,0
2022,1060,2024-04-26,2024-04-26,usage_question,closed,26,120,0
2023,826,2024-01-16,2024-01-20,usage_question,closed,39,116,5760
2024,110,2024-03-25,2024-03-25,bug,closed,40,121,0
2025,1624,2024-09-27,2024-09-27,bug,closed,25,125,0
2026,1467,2023-06-13,2023-06-14,bug,closed,6,78,1440
2027,777,2024-11-12,2024-11-13,usage_question,closed,38,157,1440
2028,1252,2024-04-13,2024-04-13,feature_request,closed,14,165,0
2029,1290,2024-07-13,2024-07-13,other,closed,38,77,0
2030,815,2024-03-04,2024-03-08,feature_request,closed,20,186,5760
2031,1455,2024-03-22,2024-03-28,feature_request,closed,36,184,8640
2032,1939,2024-08-07,2024-08-10,bug,closed,50,24,4320
2033,948,2024-09-28,2024-09-28,usage_question,closed,32,195,0
2034,402,2024-08-14,2024-08-15,bug,closed,19,207,1440
2035,1288,2024-06-20,2024-06-27,bug,closed,10,74,10080
2036,850,2024-11-20,2024-11-24,bug,closed,50,114,5760
2037,379,2024-05-08,2024-05-14,feature_request,closed,8,216,8640
2038,1275,2024-06-08,2024-06-08,other,closed,23,132,0
2039,408,2024-12-01,2024-12-01,feature_request,closed,23,170,0
2040,1796,2024-04-02,2024-04-03,usage_question,closed,15,60,1440
2041,1637,2024-03-06,2024-03-06,bug,closed,31,110,0
2042,1556,2024-12-26,2025-01-01,usage_question,open,13,165,8640
2043,182,2024-04-28,2024-05-01,usage_question,closed,21,199,4320
2044,356,2024-12-16,2024-12-23,bug,closed,22,232,10080
2045,114,2024-01-27,2024-02-03,usage_question,closed,15,104,10080
2046,1752,2024-05-01,2024-05-01,bug,closed,42,97,0
2047,1409,2024-10-23,2024-10-25,bug,closed,49,118,2880
2048,812,2024-06-16,2024-06-17,usage_question,closed,44,207,1440
2049,1429,2024-12-03,2024-12-03,bug,closed,12,145,0
2050,225,2024-10-08,2024-10-08,feature_request,closed,13,153,0
2051,1177,2024-08-04,2024-08-07,usage_question,closed,40,173,4320
2052,1209,2024-08-14,2024-08-17,feature_request,closed,48,76,4320
2053,371,2024-10-17,2024-10-17,bug,closed,35,120,0
2054,311,2024-12-20,2024-12-23,bug,closed,22,77,4320
2055,228,2024-09-05,2024-09-05,feature_request,closed,50,167,0
2056,1280,2023-12-01,2023-12-07,usage_question,closed,26,86,8640
2057,1852,2024-05-16,2024-05-18,bug,closed,6,33,2880
2058,1313,2024-03-01,2024-03-01,usage_question,closed,14,142,0
2059,179,2024-04-22,2024-04-22,feature_request,closed,40,101,0
2060,1685,2024-04-29,2024-04-29,feature_request,closed,42,240,0
2061,702,2024-03-26,2024-04-01,bug,closed,38,39,8640
2062,1221,2024-04-17,2024-04-23,other,closed,47,108,8640
2063,495,2024-06-06,2024-06-13,feature_request,closed,29,151,10080
2064,1882,2024-01-11,2024-01-12,usage_question,closed,45,227,1440
2065,560,2024-02-02,2024-02-02,usage_question,closed,26,156,0
2066,1927,2024-11-27,2024-12-04,bug,closed,36,76,10080
2067,860,2024-09-25,2024-09-28,feature_request,closed,3,145,4320
2068,1431,2024-04-26,2024-04-30,other,closed,9,186,5760
2069,739,2023-07-26,2023-07-26,usage_question,closed,1,233,0
2070,1129,2024-09-10,2024-09-12,usage_question,closed,21,24,2880
2071,488,2023-12-29,2024-01-03,bug,closed,23,56,7200
2072,515,2023-12-09,2023-12-16,feature_request,closed,32,198,10080
2073,1024,2024-10-01,2024-10-01,usage_question,closed,7,182,0
2074,378,2024-03-16,2024-03-16,bug,closed,19,41,0
2075,300,2024-01-20,2024-01-20,usage_question,closed,25,206,0
2076,615,2024-08-31,2024-08-31,usage_question,closed,27,146,0
2077,629,2024-12-17,2024-12-17,usage_question,closed,38,47,0
2078,1354,2023-10-17,2023-10-17,feature_request,closed,49,88,0
2079,309,2023-10-02,2023-10-07,bug,closed,14,97,7200
2080,1151,2024-03-23,2024-03-27,feature_request,closed,9,132,5760
2081,1940,2024-04-22,2024-04-29,other,closed,10,68,10080
2082,154,2024-03-03,2024-03-05,feature_request,closed,20,136,2880
2083,964,2024-03-26,2024-03-26,bug,closed,49,170,0
2084,414,2024-08-01,2024-08-03,usage_question,closed,36,123,2880
2085,615,2024-07-21,2024-07-28,feature_request,closed,16,30,10080
2086,230,2024-07-25,2024-07-25,other,closed,37,160,0
2087,1815,2024-03-28,2024-03-29,usage_question,closed,1,179,1440
2088,1960,2024-01-01,2024-01-01,bug,closed,15,18,0
2089,135,2024-12-24,2024-12-24,usage_question,closed,42,135,0
2090,977,2024-07-27,2024-07-27,billing,closed,39,148,0
2091,1202,2024-11-26,2024-11-29,billing,closed,6,214,4320
2092,1168,2024-01-27,2024-01-27,feature_request,closed,10,164,0
2093,1297,2023-12-20,2023-12-22,usage_question,closed,11,92,2880
2094,269,2024-10-03,2024-10-03,usage_question,closed,42,181,0
2095,152,2024-12-06,2024-12-06,usage_question,closed,50,101,0
2096,1248,2024-06-08,2024-06-14,other,closed,7,149,8640
2097,1386,2024-05-12,2024-05-18,usage_question,closed,21,56,8640
2098,1370,2024-03-02,2024-03-04,usage_question,closed,4,102,2880
2099,370,2024-04-23,2024-04-27,feature_request,closed,27,227,5760
2100,1422,2023-12-12,2023-12-12,usage_question,closed,5,224,0
2101,1167,2024-06-25,2024-06-30,other,closed,17,172,7200
2102,1100,2024-03-28,2024-03-29,feature_request,closed,4,148,1440
2103,437,2024-06-07,2024-06-11,feature_request,closed,19,103,5760
2104,649,2024-07-27,2024-07-27,other,closed,9,151,0
2105,595,2024-05-19,2024-05-26,bug,closed,35,44,10080
2106,1824,2024-08-10,2024-08-10,billing,closed,42,137,0
2107,556,2024-06-14,2024-06-14,bug,closed,33,194,0
2108,526,2024-12-02,2024-12-09,feature_request,closed,49,64,10080
2109,1861,2024-08-21,2024-08-24,feature_request,closed,34,229,4320
2110,471,2024-03-20,2024-03-20,feature_request,closed,13,133,0
2111,994,2024-09-05,2024-09-05,bug,closed,50,47,0
2112,625,2024-05-02,2024-05-02,usage_question,closed,24,157,0
2113,1775,2024-10-15,2024-10-15,billing,closed,8,142,0
2114,800,2024-08-31,2024-08-31,usage_question,closed,12,163,0
2115,1233,2024-10-11,2024-10-15,bug,closed,9,239,5760
2116,835,2024-04-19,2024-04-19,usage_question,closed,7,53,0
2117,459,2024-06-06,2024-06-06,usage_question,closed,34,124,0
2118,458,2024-04-25,2024-04-26,billing,closed,32,136,1440
2119,473,2023-09-24,2023-09-30,bug,closed,4,161,8640
2120,1335,2023-12-04,2023-12-04,bug,closed,25,23,0
2121,494,2023-12-18,2023-12-23,bug,closed,6,222,7200
2122,1819,2024-09-27,2024-09-30,billing,closed,39,42,4320
2123,1265,2023-11-15,2023-11-19,usage_question,closed,44,126,5760
2124,1502,2024-05-21,2024-05-25,bug,closed,20,154,5760
2125,1655,2024-06-30,2024-06-30,usage_question,closed,6,185,0
2126,12,2024-12-29,2024-12-29,usage_question,closed,7,202,0
2127,442,2024-11-17,2024-11-20,billing,closed,44,77,4320
2128,1250,2024-07-01,2024-07-01,bug,closed,47,153,0
2129,147,2023-07-01,2023-07-04,bug,closed,11,56,4320
2130,1660,2024-11-17,2024-11-17,bug,closed,35,217,0
2131,392,2024-09-26,2024-09-28,feature_request,closed,45,110,2880
2132,888,2023-09-20,2023-09-24,feature_request,closed,26,184,5760
2133,1346,2024-02-03,2024-02-09,other,closed,1,47,8640
2134,1426,2024-12-06,2024-12-09,other,closed,20,192,4320
2135,1909,2024-08-16,2024-08-20,feature_request,closed,18,233,5760
2136,1914,2024-06-08,2024-06-08,usage_question,closed,48,89,0
2137,834,2024-02-24,2024-02-24,feature_request,closed,31,67,0
2138,1906,2024-10-08,2024-10-08,other,closed,39,161,0
2139,1328,2024-02-16,2024-02-16,billing,closed,18,50,0
2140,926,2024-10-06,2024-10-06,bug,closed,42,144,0
2141,1981,2024-06-03,2024-06-03,usage_question,closed,15,46,0
2142,449,2023-09-21,2023-09-26,other,closed,19,90,7200
2143,406,2023-08-18,2023-08-18,bug,closed,34,131,0
2144,1750,2024-06-18,2024-06-18,usage_question,closed,12,100,0
2145,145,2024-07-16,2024-07-16,bug,closed,20,35,0
2146,1992,2023-12-12,2023-12-14,feature_request,closed,24,87,2880
2147,725,2024-03-13,2024-03-13,billing,closed,39,143,0
2148,902,2024-10-30,2024-10-30,usage_question,closed,34,145,0
2149,684,2024-02-04,2024-02-04,usage_question,closed,27,235,0
2150,225,2024-08-16,2024-08-16,billing,closed,12,208,0
2151,988,2024-05-20,2024-05-26,feature_request,closed,35,178,8640
2152,1005,2024-12-20,2024-12-25,usage_question,closed,12,96,7200
2153,392,2024-08-20,2024-08-20,bug,closed,50,58,0
2154,928,2023-10-20,2023-10-27,feature_request,closed,40,94,10080
2155,903,2024-06-13,2024-06-13,bug,closed,37,224,0
2156,540,2024-08-02,2024-08-02,billing,closed,42,181,0
2157,13,2023-12-20,2023-12-24,usage_question,closed,45,230,5760
2158,1757,2024-09-20,2024-09-21,usage_question,closed,10,15,1440
2159,1109,2023-11-24,2023-11-24,other,closed,3,50,0
2160,1945,2024-07-26,2024-07-27,usage_question,closed,7,83,1440
2161,1351,2024-08-10,2024-08-10,usage_question,closed,48,127,0
2162,758,2023-06-23,2023-06-27,usage_question,closed,29,217,5760
2163,1785,2024-12-19,2024-12-20,bug,closed,12,183,1440
2164,931,2024-10-09,2024-10-14,bug,closed,26,223,7200
2165,456,2023-12-25,2023-12-28,usage_question,closed,7,88,4320
2166,380,2024-12-01,2024-12-01,usage_question,closed,46,105,0
2167,441,2024-08-18,2024-08-22,usage_question,closed,23,125,5760
2168,767,2024-06-28,2024-06-28,bug,closed,20,56,0
2169,553,2024-09-26,2024-09-29,bug,closed,31,106,4320
2170,71,2024-05-30,2024-06-05,billing,closed,1,239,8640
2171,1565,2024-02-09,2024-02-09,billing,closed,44,17,0
2172,1514,2024-03-24,2024-03-24,other,closed,34,63,0
2173,1361,2024-05-14,2024-05-14,billing,closed,31,93,0
2174,1142,2023-12-30,2023-12-30,bug,closed,36,132,0
2175,1188,2023-12-28,2023-12-28,usage_question,closed,7,166,0
2176,1633,2024-02-16,2024-02-23,bug,closed,11,204,10080
2177,872,2024-04-13,2024-04-13,usage_question,closed,12,167,0
2178,194,2024-05-16,2024-05-19,feature_request,closed,8,125,4320
2179,1547,2024-11-18,2024-11-18,bug,closed,16,96,0
2180,947,2024-04-20,2024-04-20,bug,closed,31,32,0
2181,363,2024-07-07,2024-07-11,feature_request,closed,42,157,5760
2182,1489,2024-01-29,2024-01-30,bug,closed,33,47,1440
2183,1418,2024-09-06,2024-09-06,billing,closed,3,61,0
2184,631,2024-08-06,2024-08-06,usage_question,closed,43,218,0
2185,405,2023-02-11,2023-02-17,bug,closed,6,186,8640
2186,315,2024-09-22,2024-09-22,usage_question,closed,26,82,0
2187,55,2024-05-22,2024-05-27,usage_question,closed,47,44,7200
2188,902,2024-05-05,2024-05-06,usage_question,closed,22,82,1440
2189,866,2023-10-16,2023-10-16,usage_question,closed,25,203,0
2190,1720,2024-03-28,2024-04-03,usage_question,closed,32,224,8640
2191,303,2023-11-19,2023-11-23,bug,closed,18,212,5760
2192,1080,2024-10-30,2024-11-01,feature_request,closed,10,157,2880
2193,300,2024-12-04,2024-12-06,feature_request,closed,10,161,2880
2194,261,2024-03-21,2024-03-21,usage_question,closed,10,159,0
2195,1389,2024-10-15,2024-10-20,usage_question,closed,31,217,7200
2196,1006,2024-06-10,2024-06-10,other,closed,21,156,0
2197,1563,2024-03-30,2024-04-06,bug,closed,6,103,10080
2198,1659,2023-08-27,2023-09-03,billing,closed,35,215,10080
2199,1559,2024-03-02,2024-03-05,feature_request,closed,1,63,4320
2200,964,2023-10-16,2023-10-16,billing,closed,15,82,0
2201,420,2024-04-09,2024-04-12,billing,closed,20,140,4320
2202,1625,2024-05-13,2024-05-16,usage_question,closed,38,61,4320
2203,1837,2024-04-02,2024-04-05,usage_question,closed,50,226,4320
2204,604,2023-10-30,2023-11-03,bug,closed,3,80,5760
2205,1469,2024-03-27,2024-03-31,bug,closed,48,148,5760
2206,1836,2024-12-17,2024-12-18,billing,closed,49,180,1440
2207,1235,2024-03-09,2024-03-09,billing,closed,33,222,0
2208,667,2024-11-30,2024-12-07,usage_question,closed,26,68,10080
2209,1522,2024-09-14,2024-09-14,usage_question,closed,31,155,0
2210,1619,2024-03-01,2024-03-01,feature_request,closed,16,192,0
2211,1130,2024-10-24,2024-10-30,bug,closed,36,210,8640
2212,806,2024-11-07,2024-11-07,other,closed,43,20,0
2213,374,2024-11-10,2024-11-10,bug,closed,36,206,0
2214,49,2024-12-23,2024-12-26,bug,closed,23,20,4320
2215,548,2024-07-12,2024-07-16,feature_request,closed,15,152,5760
2216,1104,2023-05-05,2023-05-07,usage_question,closed,35,93,2880
2217,327,2024-02-03,2024-02-03,bug,closed,14,155,0
2218,1182,2024-02-29,2024-03-03,usage_question,closed,49,221,4320
2219,1823,2024-07-03,2024-07-06,feature_request,closed,42,215,4320
2220,1655,2024-03-14,2024-03-14,usage_question,closed,43,102,0
2221,692,2024-03-15,2024-03-15,usage_question,closed,17,85,0
2222,1163,2024-12-22,2024-12-22,feature_request,closed,4,138,0
2223,625,2024-12-09,2024-12-09,usage_question,closed,37,27,0
2224,584,2024-12-27,2025-01-03,usage_question,open,29,184,10080
2225,1323,2023-07-18,2023-07-18,other,closed,42,188,0
2226,1773,2024-06-04,2024-06-08,usage_question,closed,22,101,5760
2227,1291,2024-03-15,2024-03-20,feature_request,closed,10,226,7200
2228,725,2024-04-22,2024-04-22,usage_question,closed,5,104,0
2229,3,2024-03-29,2024-04-01,billing,closed,37,163,4320
2230,1994,2024-11-25,2024-11-25,other,closed,24,28,0
2231,1907,2024-09-11,2024-09-11,bug,closed,2,172,0
2232,1219,2024-09-06,2024-09-06,other,closed,46,143,0
2233,1839,2024-06-26,2024-06-29,billing,closed,7,133,4320
2234,1356,2023-12-14,2023-12-14,bug,closed,14,101,0
2235,1012,2024-04-20,2024-04-22,usage_question,closed,6,221,2880
2236,1682,2024-02-25,2024-02-25,other,closed,45,151,0
2237,1137,2023-11-30,2023-11-30,usage_question,closed,27,121,0
2238,1509,2023-08-20,2023-08-25,billing,closed,19,145,7200
2239,1420,2024-11-02,2024-11-08,usage_question,closed,8,84,8640
2240,1361,2023-12-27,2023-12-27,usage_question,closed,24,95,0
2241,463,2024-11-01,2024-11-05,usage_question,closed,50,175,5760
2242,1354,2024-04-08,2024-04-10,bug,closed,22,45,2880
2243,1938,2023-12-21,2023-12-22,usage_question,closed,44,222,1440
2244,1012,2024-06-12,2024-06-15,usage_question,closed,15,158,4320
2245,83,2024-12-28,2024-12-28,feature_request,closed,16,22,0
2246,294,2024-10-20,2024-10-20,bug,closed,17,199,0
2247,1324,2024-11-24,2024-11-28,bug,closed,23,44,5760
2248,716,2023-11-29,2023-12-02,billing,closed,9,215,4320
2249,1193,2024-06-08,2024-06-10,feature_request,closed,47,69,2880
2250,1854,2024-03-31,2024-03-31,feature_request,closed,23,93,0
2251,1957,2024-05-18,2024-05-18,feature_request,closed,19,36,0
2252,11,2024-07-31,2024-08-04,other,closed,12,239,5760
2253,1236,2024-08-08,2024-08-11,usage_question,closed,40,106,4320
2254,1282,2024-03-20,2024-03-22,billing,closed,42,62,2880
2255,1438,2024-01-21,2024-01-21,other,closed,3,180,0
2256,190,2023-11-29,2023-11-29,usage_question,closed,1,118,0
2257,1259,2024-06-09,2024-06-10,feature_request,closed,39,239,1440
2258,1081,2024-08-19,2024-08-25,bug,closed,10,214,8640
2259,290,2024-01-26,2024-01-26,bug,closed,46,145,0
2260,511,2024-05-05,2024-05-08,usage_question,closed,34,49,4320
2261,1788,2024-01-22,2024-01-26,feature_request,closed,29,160,5760
2262,1118,2024-05-04,2024-05-06,usage_question,closed,19,35,2880
2263,1451,2024-05-29,2024-05-29,bug,closed,34,79,0
2264,842,2024-09-03,2024-09-10,bug,closed,47,132,10080
2265,844,2024-04-28,2024-05-04,bug,closed,36,194,8640
2266,932,2024-06-25,2024-06-25,bug,closed,49,157,0
2267,1080,2024-01-12,2024-01-12,usage_question,closed,34,80,0
2268,1945,2024-06-20,2024-06-26,bug,closed,34,215,8640
2269,693,2024-03-04,2024-03-08,bug,closed,45,48,5760
2270,1639,2024-08-18,2024-08-24,bug,closed,36,189,8640
2271,1897,2024-01-19,2024-01-23,bug,closed,15,239,5760
2272,1474,2024-11-18,2024-11-18,feature_request,closed,22,28,0
2273,709,2024-10-11,2024-10-14,bug,closed,24,205,4320
2274,1618,2024-05-06,2024-05-08,bug,closed,2,79,2880
2275,1675,2024-05-15,2024-05-16,usage_question,closed,18,74,1440
2276,164,2024-11-24,2024-11-26,feature_request,closed,48,51,2880
2277,993,2024-02-15,2024-02-16,bug,closed,3,19,1440
2278,182,2024-03-05,2024-03-05,usage_question,closed,50,167,0
2279,1088,2024-10-30,2024-10-31,bug,closed,14,127,1440
2280,323,2024-05-10,2024-05-10,usage_question,closed,45,148,0
2281,10,2024-12-09,2024-12-16,other,closed,6,60,10080
2282,1692,2024-07-30,2024-08-02,feature_request,closed,8,208,4320
2283,355,2024-12-27,2024-12-30,bug,closed,38,218,4320
2284,1271,2024-09-26,2024-09-26,feature_request,closed,38,134,0
2285,835,2024-03-16,2024-03-20,billing,closed,20,212,5760
2286,1672,2024-06-21,2024-06-21,bug,closed,19,62,0
2287,1441,2024-03-05,2024-03-10,bug,closed,13,148,7200
2288,513,2024-09-18,2024-09-19,usage_question,closed,6,31,1440
2289,1152,2024-01-21,2024-01-28,usage_question,closed,19,203,10080
2290,1766,2024-06-01,2024-06-05,bug,closed,44,200,5760
2291,948,2024-11-13,2024-11-13,usage_question,closed,5,146,0
2292,471,2024-09-19,2024-09-19,usage_question,closed,6,80,0
2293,1602,2024-08-21,2024-08-28,feature_request,closed,42,185,10080
2294,1595,2024-12-25,2024-12-25,bug,closed,30,157,0
2295,755,2024-07-05,2024-07-06,bug,closed,3,61,1440
2296,908,2023-09-16,2023-09-16,other,closed,35,214,0
2297,1464,2024-09-18,2024-09-20,feature_request,closed,18,109,2880
2298,1695,2024-11-02,2024-11-02,other,closed,38,94,0
2299,60,2024-10-11,2024-10-17,feature_request,closed,42,125,8640
2300,16,2024-11-15,2024-11-15,usage_question,closed,22,234,0
2301,440,2024-07-13,2024-07-20,bug,closed,43,91,10080
2302,739,2024-04-28,2024-05-01,bug,closed,4,205,4320
2303,189,2023-10-15,2023-10-19,usage_question,closed,5,194,5760
2304,1058,2024-07-10,2024-07-11,feature_request,closed,32,87,1440
2305,1802,2024-11-22,2024-11-29,other,closed,40,233,10080
2306,1090,2024-03-16,2024-03-17,other,closed,38,168,1440
2307,752,2024-08-24,2024-08-24,usage_question,closed,50,44,0
2308,193,2023-07-08,2023-07-10,usage_question,closed,44,74,2880
2309,1146,2024-10-30,2024-10-30,bug,closed,2,165,0
2310,1016,2024-10-02,2024-10-02,bug,closed,10,168,0
2311,95,2024-10-16,2024-10-22,usage_question,closed,6,189,8640
2312,901,2024-02-08,2024-02-08,bug,closed,11,186,0
2313,95,2023-09-12,2023-09-15,bug,closed,24,87,4320
2314,1528,2024-05-26,2024-05-26,bug,closed,17,200,0
2315,1664,2023-11-23,2023-11-30,bug,closed,22,91,10080
2316,1630,2024-03-05,2024-03-05,billing,closed,10,68,0
2317,1249,2024-07-03,2024-07-05,billing,closed,8,169,2880
2318,771,2023-12-16,2023-12-16,bug,closed,33,77,0
2319,1616,2024-07-04,2024-07-09,usage_question,closed,13,91,7200
2320,210,2024-11-27,2024-11-27,bug,closed,45,231,0
2321,1320,2024-11-01,2024-11-06,usage_question,closed,4,120,7200
2322,376,2024-12-02,2024-12-02,bug,closed,14,50,0
2323,1303,2024-11-26,2024-11-26,usage_question,closed,31,55,0
2324,1828,2024-01-18,2024-01-19,billing,closed,6,156,1440
2325,762,2024-07-23,2024-07-25,usage_question,closed,40,118,2880
2326,654,2024-10-04,2024-10-04,usage_question,closed,18,195,0
2327,675,2023-10-05,2023-10-05,bug,closed,32,224,0
2328,915,2024-06-27,2024-06-27,bug,closed,15,170,0
2329,1474,2023-12-22,2023-12-27,feature_request,closed,2,239,7200
2330,849,2024-11-14,2024-11-17,feature_request,closed,45,183,4320
2331,1592,2023-07-24,2023-07-24,usage_question,closed,27,59,0
2332,1873,2024-07-05,2024-07-09,billing,closed,12,117,5760
2333,1976,2024-06-11,2024-06-11,usage_question,closed,45,89,0
2334,172,2024-02-04,2024-02-08,bug,closed,1,91,5760
2335,817,2024-07-17,2024-07-17,other,closed,45,139,0
2336,1396,2024-02-15,2024-02-16,feature_request,closed,29,184,1440
2337,1915,2024-03-05,2024-03-05,bug,closed,30,17,0
2338,490,2023-11-06,2023-11-06,bug,closed,50,202,0
2339,544,2024-01-21,2024-01-26,bug,closed,25,114,7200
2340,1700,2024-05-09,2024-05-15,usage_question,closed,36,61,8640
2341,1237,2023-12-29,2024-01-04,usage_question,closed,25,119,8640
2342,1756,2024-10-24,2024-10-26,bug,closed,48,63,2880
2343,673,2024-09-27,2024-10-04,usage_question,closed,9,224,10080
2344,550,2023-10-18,2023-10-18,usage_question,closed,1,240,0
2345,793,2024-07-18,2024-07-23,usage_question,closed,5,85,7200
2346,1049,2024-03-26,2024-03-29,feature_request,closed,14,130,4320
2347,1153,2024-04-16,2024-04-16,usage_question,closed,27,115,0
2348,255,2024-03-01,2024-03-01,other,closed,12,142,0
2349,1966,2024-09-27,2024-09-28,usage_question,closed,37,171,1440
2350,1385,2024-09-16,2024-09-16,bug,closed,35,78,0
2351,594,2024-01-27,2024-01-30,other,closed,25,202,4320
2352,45,2024-08-01,2024-08-01,usage_question,closed,38,63,0
2353,553,2024-10-23,2024-10-23,other,closed,33,204,0
2354,927,2024-09-04,2024-09-04,billing,closed,46,104,0
2355,1837,2024-07-20,2024-07-20,bug,closed,38,38,0
2356,158,2024-07-10,2024-07-16,billing,closed,32,238,8640
2357,1096,2024-03-30,2024-03-30,bug,closed,5,27,0
2358,1180,2023-11-09,2023-11-11,usage_question,closed,10,122,2880
2359,1523,2024-04-06,2024-04-06,usage_question,closed,39,26,0
2360,1858,2024-10-11,2024-10-16,feature_request,closed,36,212,7200
2361,1864,2024-11-27,2024-11-27,billing,closed,21,187,0
2362,895,2024-12-27,2024-12-27,bug,closed,27,55,0
2363,494,2024-04-26,2024-05-03,billing,closed,20,234,10080
2364,1477,2023-12-30,2023-12-31,bug,closed,21,148,1440
2365,553,2024-12-01,2024-12-01,bug,closed,4,54,0
2366,1350,2024-04-10,2024-04-10,usage_question,closed,17,134,0
2367,1297,2024-05-27,2024-06-03,other,closed,1,87,10080
2368,1811,2024-11-30,2024-11-30,usage_question,closed,9,55,0
2369,592,2024-09-25,2024-09-25,bug,closed,5,105,0
2370,262,2024-02-13,2024-02-16,bug,closed,10,79,4320
2371,1230,2023-10-22,2023-10-22,bug,closed,29,204,0
2372,1407,2024-10-21,2024-10-24,billing,closed,49,72,4320
2373,105,2024-08-25,2024-08-25,other,closed,18,49,0
2374,1528,2024-01-28,2024-01-28,usage_question,closed,40,73,0
2375,436,2024-06-28,2024-06-28,bug,closed,37,64,0
2376,1199,2024-06-25,2024-06-25,bug,closed,6,52,0
2377,438,2024-11-20,2024-11-23,billing,closed,25,60,4320
2378,1203,2023-05-29,2023-06-01,bug,closed,9,201,4320
2379,1511,2024-10-07,2024-10-08,usage_question,closed,15,69,1440
2380,45,2024-05-04,2024-05-05,usage_question,closed,5,219,1440
2381,895,2024-12-19,2024-12-19,feature_request,closed,7,192,0
2382,1269,2024-01-28,2024-01-28,usage_question,closed,23,181,0
2383,77,2024-03-01,2024-03-06,usage_question,closed,5,107,7200
2384,584,2024-09-01,2024-09-06,billing,closed,22,23,7200
2385,556,2023-12-25,2023-12-25,usage_question,closed,47,67,0
2386,155,2024-02-19,2024-02-21,feature_request,closed,14,216,2880
2387,861,2024-09-29,2024-09-30,bug,closed,35,26,1440
2388,1778,2024-04-10,2024-04-10,billing,closed,35,37,0
2389,1032,2024-12-23,2024-12-23,usage_question,closed,25,184,0
2390,747,2024-12-03,2024-12-03,usage_question,closed,42,15,0
2391,57,2024-06-20,2024-06-21,feature_request,closed,45,76,1440
2392,1235,2024-07-15,2024-07-15,feature_request,closed,17,167,0
2393,1357,2024-03-10,2024-03-10,billing,closed,34,127,0
2394,1419,2024-03-24,2024-03-24,billing,closed,35,208,0
2395,152,2024-10-07,2024-10-07,usage_question,closed,23,223,0
2396,1582,2024-12-03,2024-12-09,usage_question,closed,12,98,8640
2397,815,2024-10-03,2024-10-09,billing,closed,37,42,8640
2398,817,2024-10-08,2024-10-08,other,closed,21,229,0
2399,19,2024-04-09,2024-04-09,bug,closed,49,181,0
2400,1174,2024-05-26,2024-05-28,bug,closed,18,15,2880
2401,943,2024-03-07,2024-03-09,bug,closed,35,32,2880
2402,676,2024-12-10,2024-12-10,billing,closed,49,232,0
2403,399,2024-04-22,2024-04-22,usage_question,closed,12,73,0
2404,1705,2024-07-11,2024-07-11,billing,closed,19,63,0
2405,1311,2024-06-24,2024-06-25,usage_question,closed,15,159,1440
2406,1321,2024-07-25,2024-07-25,usage_question,closed,38,135,0
2407,1487,2024-09-30,2024-10-02,bug,closed,4,22,2880
2408,862,2024-12-10,2024-12-10,bug,closed,8,161,0
2409,1257,2024-11-03,2024-11-03,feature_request,closed,49,33,0
2410,1039,2024-10-04,2024-10-04,usage_question,closed,35,230,0
2411,1274,2024-02-17,2024-02-17,feature_request,closed,42,119,0
2412,1417,2023-06-28,2023-06-28,usage_question,closed,44,117,0
2413,1480,2024-06-06,2024-06-06,other,closed,24,233,0
2414,1639,2024-08-03,2024-08-07,bug,closed,38,189,5760
2415,1194,2024-11-13,2024-11-13,bug,closed,15,52,0
2416,1631,2024-11-08,2024-11-14,bug,closed,40,212,8640
2417,10,2024-11-22,2024-11-28,usage_question,closed,31,31,8640
2418,1100,2024-04-20,2024-04-22,bug,closed,10,81,2880
2419,954,2023-12-11,2023-12-11,billing,closed,39,88,0
2420,919,2024-09-27,2024-09-30,feature_request,closed,30,32,4320
2421,1777,2024-05-01,2024-05-01,billing,closed,18,137,0
2422,1707,2024-11-01,2024-11-07,bug,closed,5,126,8640
2423,1891,2023-10-27,2023-11-01,feature_request,closed,35,207,7200
2424,1628,2024-02-09,2024-02-12,bug,closed,12,188,4320
2425,1724,2024-07-22,2024-07-27,usage_question,closed,15,145,7200
2426,1693,2024-07-02,2024-07-02,other,closed,19,97,0
2427,1495,2024-03-29,2024-04-04,feature_request,closed,30,104,8640
2428,681,2024-06-10,2024-06-14,bug,closed,35,37,5760
2429,940,2024-06-08,2024-06-12,billing,closed,8,230,5760
2430,1578,2024-08-07,2024-08-07,billing,closed,39,61,0
2431,1143,2024-07-31,2024-07-31,bug,closed,4,53,0
2432,1812,2024-12-11,2024-12-11,other,closed,8,66,0
2433,64,2023-10-02,2023-10-02,usage_question,closed,48,203,0
2434,1878,2024-06-03,2024-06-08,billing,closed,19,189,7200
2435,806,2024-11-24,2024-11-29,billing,closed,27,229,7200
2436,1885,2024-09-13,2024-09-13,bug,closed,32,76,0
2437,229,2024-01-15,2024-01-15,bug,closed,17,213,0
2438,1335,2024-06-28,2024-06-28,usage_question,closed,17,48,0
2439,1142,2024-04-29,2024-04-29,usage_question,closed,6,184,0
2440,1409,2024-05-15,2024-05-15,feature_request,closed,13,30,0
2441,1608,2023-09-21,2023-09-25,usage_question,closed,2,196,5760
2442,720,2024-11-03,2024-11-03,bug,closed,8,52,0
2443,1472,2023-11-18,2023-11-23,other,closed,20,182,7200
2444,941,2024-11-14,2024-11-15,bug,closed,4,232,1440
2445,1187,2024-01-08,2024-01-08,usage_question,closed,13,15,0
2446,1743,2024-06-27,2024-07-01,usage_question,closed,49,77,5760
2447,811,2024-11-30,2024-11-30,billing,closed,39,236,0
2448,1630,2024-06-19,2024-06-22,usage_question,closed,13,174,4320
2449,401,2024-05-08,2024-05-10,usage_question,closed,12,206,2880
2450,1077,2023-10-08,2023-10-08,bug,closed,50,24,0
2451,671,2024-03-08,2024-03-14,bug,closed,11,15,8640
2452,1523,2023-10-07,2023-10-07,usage_question,closed,23,28,0
2453,1145,2024-12-06,2024-12-11,bug,closed,45,195,7200
2454,200,2024-04-14,2024-04-14,bug,closed,17,90,0
2455,777,2024-03-18,2024-03-24,billing,closed,11,191,8640
2456,1948,2024-08-25,2024-08-25,billing,closed,37,186,0
2457,1310,2023-10-01,2023-10-01,billing,closed,20,223,0
2458,210,2024-11-22,2024-11-27,other,closed,14,176,7200
2459,941,2024-05-25,2024-05-28,bug,closed,12,231,4320
2460,432,2024-02-04,2024-02-09,billing,closed,17,112,7200
2461,884,2024-08-24,2024-08-28,usage_question,closed,48,180,5760
2462,323,2024-11-25,2024-11-30,usage_question,closed,18,223,7200
2463,705,2024-12-08,2024-12-08,usage_question,closed,19,108,0
2464,1958,2024-11-30,2024-11-30,usage_question,closed,40,45,0
2465,458,2024-01-26,2024-01-26,bug,closed,30,17,0
2466,649,2024-05-14,2024-05-17,usage_question,closed,18,209,4320
2467,887,2023-11-21,2023-11-21,usage_question,closed,3,36,0
2468,1610,2024-09-09,2024-09-11,usage_question,closed,36,50,2880
2469,1038,2024-09-16,2024-09-19,bug,closed,48,152,4320
2470,883,2024-12-22,2024-12-23,bug,closed,45,137,1440
2471,437,2024-06-10,2024-06-10,bug,closed,48,212,0
2472,1817,2024-12-21,2024-12-27,bug,closed,8,89,8640
2473,311,2024-10-20,2024-10-21,usage_question,closed,43,119,1440
2474,1466,2024-02-18,2024-02-18,feature_request,closed,30,90,0
2475,1781,2023-11-01,2023-11-05,usage_question,closed,12,179,5760
2476,606,2023-11-18,2023-11-18,feature_request,closed,42,205,0
2477,46,2023-07-04,2023-07-04,billing,closed,35,29,0
2478,1442,2024-08-18,2024-08-22,bug,closed,7,185,5760
2479,1789,2024-01-27,2024-01-27,other,closed,14,154,0
2480,462,2023-03-21,2023-03-21,feature_request,closed,39,131,0
2481,1521,2023-07-26,2023-07-26,bug,closed,15,134,0
2482,368,2024-06-07,2024-06-07,usage_question,closed,2,147,0
2483,644,2024-02-03,2024-02-03,bug,closed,13,166,0
2484,454,2024-09-21,2024-09-28,usage_question,closed,36,142,10080
2485,848,2024-04-19,2024-04-19,usage_question,closed,3,137,0
2486,10,2024-12-16,2024-12-16,bug,closed,2,229,0
2487,51,2024-10-08,2024-10-14,usage_question,closed,35,169,8640
2488,566,2024-04-02,2024-04-02,billing,closed,12,183,0
2489,467,2024-11-03,2024-11-07,billing,closed,25,229,5760
2490,1277,2024-03-24,2024-03-24,bug,closed,16,68,0
2491,1824,2024-03-06,2024-03-10,other,closed,50,165,5760
2492,674,2024-06-18,2024-06-18,usage_question,closed,44,132,0
2493,1859,2024-11-16,2024-11-16,feature_request,closed,5,35,0
2494,73,2024-10-31,2024-10-31,usage_question,closed,31,64,0
2495,383,2024-08-13,2024-08-13,feature_request,closed,46,187,0
2496,1858,2024-04-27,2024-04-27,other,closed,26,136,0
2497,1981,2024-09-22,2024-09-22,bug,closed,16,206,0
2498,1474,2023-10-19,2023-10-19,usage_question,closed,4,93,0
2499,1400,2023-09-06,2023-09-11,bug,closed,31,43,7200
2500,121,2024-05-27,2024-05-27,bug,closed,1,207,0
2501,1552,2024-12-07,2024-12-13,bug,closed,24,236,8640
2502,617,2024-05-10,2024-05-10,billing,closed,49,149,0
2503,1304,2023-08-31,2023-08-31,bug,closed,21,149,0
2504,637,2023-12-30,2023-12-30,usage_question,closed,3,230,0
2505,1860,2023-11-30,2023-12-04,feature_request,closed,2,60,5760
2506,151,2024-09-14,2024-09-14,usage_question,closed,44,71,0
2507,1846,2024-11-29,2024-11-29,usage_question,closed,29,163,0
2508,120,2024-10-11,2024-10-11,usage_question,closed,24,32,0
2509,108,2024-11-22,2024-11-28,feature_request,closed,24,218,8640
2510,710,2024-09-01,2024-09-03,usage_question,closed,39,110,2880
2511,1531,2024-08-22,2024-08-22,bug,closed,48,115,0
2512,1003,2024-11-10,2024-11-13,feature_request,closed,38,69,4320
2513,290,2023-12-21,2023-12-21,feature_request,closed,24,175,0
2514,807,2024-04-16,2024-04-16,bug,closed,29,123,0
2515,173,2024-04-24,2024-04-26,other,closed,11,54,2880
2516,1343,2024-10-20,2024-10-25,feature_request,closed,35,25,7200
2517,1229,2023-09-18,2023-09-18,usage_question,closed,44,74,0
2518,1455,2024-10-29,2024-11-04,usage_question,closed,36,46,8640
2519,451,2024-05-28,2024-05-30,usage_question,closed,4,225,2880
2520,465,2024-03-23,2024-03-23,other,closed,42,240,0
2521,920,2024-03-09,2024-03-09,usage_question,closed,37,240,0
2522,1327,2024-03-02,2024-03-02,usage_question,closed,29,161,0
2523,1708,2024-11-28,2024-12-05,feature_request,closed,47,220,10080
2524,1950,2024-05-18,2024-05-18,usage_question,closed,24,232,0
2525,822,2024-09-04,2024-09-04,billing,closed,3,132,0
2526,354,2024-09-11,2024-09-13,usage_question,closed,43,41,2880
2527,402,2024-07-15,2024-07-20,feature_request,closed,16,187,7200
2528,399,2024-12-12,2024-12-12,usage_question,closed,44,57,0
2529,991,2024-08-27,2024-08-28,other,closed,13,195,1440
2530,136,2024-11-13,2024-11-20,other,closed,37,106,10080
2531,1049,2024-09-27,2024-09-27,feature_request,closed,14,95,0
2532,1139,2024-01-13,2024-01-13,bug,closed,4,93,0
2533,929,2024-04-17,2024-04-17,feature_request,closed,25,195,0
2534,1823,2024-10-22,2024-10-28,billing,closed,22,128,8640
2535,480,2024-08-12,2024-08-12,usage_question,closed,9,166,0
2536,987,2024-08-10,2024-08-10,bug,closed,2,45,0
2537,569,2023-11-30,2023-11-30,bug,closed,12,134,0
2538,1448,2024-08-17,2024-08-23,feature_request,closed,14,86,8640
2539,1164,2024-03-08,2024-03-08,usage_question,closed,18,173,0
2540,1193,2024-07-11,2024-07-18,bug,closed,43,77,10080
2541,1678,2024-11-17,2024-11-17,usage_question,closed,11,83,0
2542,788,2024-06-18,2024-06-18,bug,closed,16,28,0
2543,612,2024-12-10,2024-12-10,bug,closed,38,57,0
2544,854,2024-05-15,2024-05-19,other,closed,36,100,5760
2545,144,2023-09-10,2023-09-10,bug,closed,46,183,0
2546,1710,2024-07-19,2024-07-19,usage_question,closed,19,53,0
2547,1652,2024-04-12,2024-04-16,usage_question,closed,29,135,5760
2548,1745,2024-08-24,2024-08-30,other,closed,35,164,8640
2549,252,2023-12-29,2024-01-01,usage_question,closed,27,225,4320
2550,1344,2024-10-19,2024-10-19,usage_question,closed,35,87,0
2551,31,2024-11-19,2024-11-24,bug,closed,13,159,7200
2552,1061,2024-01-07,2024-01-14,billing,closed,15,139,10080
2553,506,2023-08-08,2023-08-08,bug,closed,49,150,0
2554,1522,2024-08-14,2024-08-14,feature_request,closed,44,20,0
2555,1106,2024-01-04,2024-01-04,billing,closed,26,189,0
2556,1949,2024-04-17,2024-04-24,bug,closed,7,77,10080
2557,1991,2024-12-27,2024-12-27,billing,closed,14,38,0
2558,1831,2024-08-14,2024-08-15,usage_question,closed,37,173,1440
2559,1888,2024-03-16,2024-03-16,bug,closed,18,134,0
2560,1667,2024-06-13,2024-06-15,feature_request,closed,18,68,2880
2561,1068,2024-10-24,2024-10-30,usage_question,closed,24,176,8640
2562,1612,2024-03-29,2024-03-29,feature_request,closed,22,187,0
2563,654,2024-11-12,2024-11-12,usage_question,closed,12,65,0
2564,542,2024-10-07,2024-10-07,billing,closed,3,226,0
2565,864,2024-08-21,2024-08-21,usage_question,closed,5,20,0
2566,1952,2024-08-10,2024-08-10,feature_request,closed,17,38,0
2567,150,2024-07-01,2024-07-01,usage_question,closed,4,182,0
2568,635,2024-04-09,2024-04-09,other,closed,1,187,0
2569,1001,2024-04-14,2024-04-20,bug,closed,49,227,8640
2570,290,2024-10-23,2024-10-23,bug,closed,27,155,0
2571,1879,2024-05-26,2024-05-30,billing,closed,22,50,5760
2572,1498,2024-08-27,2024-08-27,billing,closed,30,179,0
2573,599,2024-06-15,2024-06-20,billing,closed,18,211,7200
2574,449,2024-03-08,2024-03-08,bug,closed,6,190,0
2575,626,2024-10-05,2024-10-08,billing,closed,35,89,4320
2576,331,2024-06-12,2024-06-12,billing,closed,46,156,0
2577,1687,2024-11-05,2024-11-05,usage_question,closed,35,52,0
2578,103,2024-09-14,2024-09-14,feature_request,closed,37,67,0
2579,26,2024-12-15,2024-12-15,usage_question,closed,18,175,0
2580,416,2023-10-05,2023-10-05,usage_question,closed,47,192,0
2581,1411,2024-06-03,2024-06-03,bug,closed,39,188,0
2582,6,2024-04-21,2024-04-21,bug,closed,21,191,0
2583,516,2024-05-09,2024-05-09,bug,closed,12,70,0
2584,1002,2024-04-25,2024-04-30,feature_request,closed,25,197,7200
2585,1954,2023-10-18,2023-10-18,feature_request,closed,47,143,0
2586,1215,2024-11-02,2024-11-02,bug,closed,3,150,0
2587,1329,2024-04-12,2024-04-19,usage_question,closed,37,66,10080
2588,1133,2024-12-06,2024-12-08,bug,closed,35,171,2880
2589,1527,2024-11-08,2024-11-08,bug,closed,39,24,0
2590,1355,2024-04-30,2024-04-30,usage_question,closed,18,187,0
2591,205,2024-11-15,2024-11-15,bug,closed,8,137,0
2592,660,2024-08-10,2024-08-16,bug,closed,8,65,8640
2593,317,2024-06-18,2024-06-18,billing,closed,22,154,0
2594,1725,2024-05-24,2024-05-28,feature_request,closed,12,137,5760
2595,1479,2023-06-06,2023-06-06,other,closed,38,148,0
2596,1881,2024-04-19,2024-04-19,bug,closed,20,15,0
2597,565,2024-07-21,2024-07-24,feature_request,closed,42,237,4320
2598,845,2024-03-19,2024-03-19,usage_question,closed,15,201,0
2599,511,2023-02-13,2023-02-15,usage_question,closed,17,150,2880
2600,74,2024-06-10,2024-06-10,usage_question,closed,35,94,0
2601,624,2024-10-30,2024-11-01,feature_request,closed,8,168,2880
2602,943,2024-06-23,2024-06-26,bug,closed,42,43,4320
2603,1007,2024-11-03,2024-11-03,feature_request,closed,12,228,0
2604,1016,2024-11-19,2024-11-19,feature_request,closed,38,223,0
2605,631,2024-04-20,2024-04-27,feature_request,closed,21,34,10080
2606,1245,2024-11-16,2024-11-16,bug,closed,44,135,0
2607,1685,2024-06-02,2024-06-05,other,closed,10,68,4320
2608,1313,2024-09-27,2024-09-27,other,closed,21,144,0
2609,1432,2024-07-24,2024-07-24,bug,closed,14,122,0
2610,1158,2024-01-08,2024-01-09,bug,closed,13,129,1440
2611,707,2024-09-21,2024-09-22,usage_question,closed,45,147,1440
2612,1511,2024-04-14,2024-04-14,billing,closed,44,106,0
2613,616,2024-10-29,2024-10-29,usage_question,closed,17,146,0
2614,827,2024-05-30,2024-05-30,billing,closed,13,89,0
2615,1223,2024-11-21,2024-11-27,other,closed,4,116,8640
2616,785,2024-01-19,2024-01-26,usage_question,closed,7,171,10080
2617,342,2024-12-01,2024-12-01,usage_question,closed,3,22,0
2618,340,2024-12-14,2024-12-14,usage_question,closed,43,188,0
2619,82,2024-08-24,2024-08-29,bug,closed,50,19,7200
2620,707,2024-10-08,2024-10-08,bug,closed,22,177,0
2621,1107,2024-08-01,2024-08-07,usage_question,closed,15,225,8640
2622,321,2024-06-24,2024-06-24,usage_question,closed,22,226,0
2623,730,2024-10-28,2024-10-28,other,closed,23,209,0
2624,237,2023-11-14,2023-11-15,feature_request,closed,2,224,1440
2625,635,2024-10-31,2024-10-31,usage_question,closed,24,37,0
2626,144,2024-06-12,2024-06-12,usage_question,closed,31,20,0
2627,1605,2023-10-17,2023-10-17,usage_question,closed,1,75,0
2628,1725,2024-11-08,2024-11-08,usage_question,closed,24,49,0
2629,1279,2024-11-23,2024-11-29,other,closed,5,203,8640
2630,690,2023-07-10,2023-07-10,bug,closed,33,116,0
2631,643,2024-07-23,2024-07-23,bug,closed,11,196,0
2632,502,2024-06-11,2024-06-14,feature_request,closed,32,52,4320
2633,1981,2024-06-14,2024-06-15,usage_question,closed,23,204,1440
2634,536,2024-09-08,2024-09-08,feature_request,closed,23,176,0
2635,1741,2024-08-18,2024-08-18,bug,closed,21,227,0
2636,1561,2024-03-19,2024-03-19,other,closed,43,75,0
2637,1961,2024-06-19,2024-06-19,usage_question,closed,12,203,0
2638,1214,2024-11-05,2024-11-06,feature_request,closed,44,97,1440
2639,374,2023-12-26,2023-12-26,feature_request,closed,29,128,0
2640,1142,2024-04-15,2024-04-17,usage_question,closed,37,145,2880
2641,120,2023-12-17,2023-12-24,billing,closed,19,112,10080
2642,635,2024-09-27,2024-10-01,billing,closed,26,142,5760
2643,548,2024-05-17,2024-05-24,usage_question,closed,33,150,10080
2644,1112,2024-06-18,2024-06-18,billing,closed,11,164,0
2645,42,2024-01-19,2024-01-24,feature_request,closed,14,76,7200
2646,763,2024-10-23,2024-10-28,usage_question,closed,12,173,7200
2647,1181,2024-04-20,2024-04-23,billing,closed,46,202,4320
2648,413,2024-10-09,2024-10-09,feature_request,closed,36,100,0
2649,1474,2024-03-15,2024-03-15,bug,closed,30,218,0
2650,1475,2024-09-10,2024-09-14,bug,closed,27,122,5760
2651,274,2024-05-18,2024-05-21,usage_question,closed,43,120,4320
2652,1907,2024-11-25,2024-11-29,bug,closed,40,216,5760
2653,446,2024-12-13,2024-12-13,other,closed,43,101,0
2654,692,2024-11-01,2024-11-02,usage_question,closed,43,95,1440
2655,759,2024-06-25,2024-06-25,bug,closed,14,55,0
2656,1051,2024-11-08,2024-11-09,feature_request,closed,40,50,1440
2657,934,2024-08-07,2024-08-08,billing,closed,4,54,1440
2658,1404,2024-08-02,2024-08-02,bug,closed,31,215,0
2659,1472,2024-08-14,2024-08-16,usage_question,closed,32,125,2880
2660,1398,2024-08-28,2024-08-28,bug,closed,30,190,0
2661,1214,2024-01-05,2024-01-05,feature_request,closed,18,45,0
2662,249,2024-08-23,2024-08-29,feature_request,closed,22,18,8640
2663,1034,2024-08-08,2024-08-08,bug,closed,8,154,0
2664,1531,2024-11-11,2024-11-14,usage_question,closed,35,101,4320
2665,1963,2024-03-05,2024-03-05,other,closed,9,84,0
2666,1079,2023-08-01,2023-08-01,bug,closed,6,123,0
2667,1066,2024-06-26,2024-06-26,usage_question,closed,22,134,0
2668,364,2024-03-22,2024-03-22,billing,closed,7,150,0
2669,1531,2024-10-28,2024-10-30,billing,closed,37,225,2880
2670,1127,2024-02-01,2024-02-08,feature_request,closed,43,169,10080
2671,483,2024-10-06,2024-10-06,bug,closed,5,60,0
2672,724,2024-06-28,2024-06-28,billing,closed,10,77,0
2673,587,2023-09-11,2023-09-14,usage_question,closed,17,188,4320
2674,866,2024-04-28,2024-05-03,other,closed,4,152,7200
2675,357,2023-11-14,2023-11-14,other,closed,1,125,0
2676,1012,2024-05-30,2024-06-05,usage_question,closed,33,70,8640
2677,1463,2023-08-17,2023-08-17,usage_question,closed,38,114,0
2678,966,2024-05-15,2024-05-18,bug,closed,7,195,4320
2679,1239,2024-01-21,2024-01-24,usage_question,closed,2,240,4320
2680,1268,2023-08-24,2023-08-24,billing,closed,46,125,0
2681,331,2023-10-07,2023-10-07,bug,closed,8,224,0
2682,1901,2024-07-27,2024-07-31,usage_question,closed,11,190,5760
2683,489,2024-07-25,2024-07-25,bug,closed,23,41,0
2684,274,2024-06-05,2024-06-12,feature_request,closed,38,238,10080
2685,1059,2024-01-20,2024-01-22,other,closed,11,131,2880
2686,219,2024-07-31,2024-08-02,other,closed,20,179,2880
2687,922,2024-02-06,2024-02-06,usage_question,closed,30,146,0
2688,166,2024-02-25,2024-02-25,other,closed,32,163,0
2689,1830,2024-07-18,2024-07-20,bug,closed,50,53,2880
2690,376,2024-04-18,2024-04-18,billing,closed,40,26,0
2691,1965,2024-12-24,2024-12-24,feature_request,closed,38,68,0
2692,1704,2024-02-03,2024-02-08,usage_question,closed,24,131,7200
2693,461,2024-11-26,2024-11-26,usage_question,closed,18,37,0
2694,848,2024-01-24,2024-01-24,bug,closed,35,156,0
2695,331,2024-04-18,2024-04-22,usage_question,closed,40,193,5760
2696,409,2024-11-30,2024-11-30,usage_question,closed,14,110,0
2697,198,2024-04-24,2024-04-29,usage_question,closed,1,15,7200
2698,1965,2023-12-18,2023-12-18,bug,closed,24,27,0
2699,372,2024-01-21,2024-01-21,usage_question,closed,42,142,0
2700,753,2024-06-25,2024-06-30,bug,closed,23,82,7200
2701,1722,2024-04-13,2024-04-13,usage_question,closed,10,77,0
2702,295,2024-11-20,2024-11-20,bug,closed,49,68,0
2703,908,2024-06-01,2024-06-01,usage_question,closed,43,97,0
2704,2,2024-10-07,2024-10-08,usage_question,closed,46,127,1440
2705,1943,2024-08-05,2024-08-05,usage_question,closed,4,185,0
2706,457,2024-10-19,2024-10-19,feature_request,closed,27,225,0
2707,170,2024-07-17,2024-07-18,usage_question,closed,2,227,1440
2708,623,2023-09-01,2023-09-01,bug,closed,37,123,0
2709,1159,2023-11-10,2023-11-10,bug,closed,49,90,0
2710,1448,2024-05-29,2024-06-01,bug,closed,37,34,4320
2711,778,2024-08-15,2024-08-15,bug,closed,3,234,0
2712,988,2024-11-03,2024-11-03,feature_request,closed,5,212,0
2713,862,2024-11-14,2024-11-14,usage_question,closed,17,51,0
2714,1180,2024-07-12,2024-07-13,other,closed,37,54,1440
2715,344,2024-07-24,2024-07-24,bug,closed,10,102,0
2716,1858,2024-04-11,2024-04-16,bug,closed,19,47,7200
2717,560,2024-01-28,2024-01-28,other,closed,12,130,0
2718,1273,2024-10-15,2024-10-19,bug,closed,45,64,5760
2719,1982,2024-05-12,2024-05-17,bug,closed,6,229,7200
2720,287,2024-03-08,2024-03-14,usage_question,closed,42,123,8640
2721,7,2024-03-16,2024-03-19,bug,closed,30,179,4320
2722,67,2023-11-24,2023-11-29,usage_question,closed,46,21,7200
2723,271,2024-05-21,2024-05-21,usage_question,closed,5,128,0
2724,1717,2024-11-24,2024-11-29,other,closed,37,238,7200
2725,794,2023-12-08,2023-12-09,feature_request,closed,43,60,1440
2726,973,2024-08-23,2024-08-23,bug,closed,22,199,0
2727,1367,2024-08-06,2024-08-10,other,closed,42,36,5760
2728,938,2024-05-10,2024-05-17,usage_question,closed,20,65,10080
2729,452,2024-12-13,2024-12-16,bug,closed,22,213,4320
2730,424,2024-02-21,2024-02-21,usage_question,closed,1,101,0
2731,1995,2024-05-09,2024-05-09,usage_question,closed,24,222,0
2732,1391,2024-12-16,2024-12-18,bug,closed,10,78,2880
2733,934,2023-08-17,2023-08-17,billing,closed,15,28,0
2734,185,2024-09-21,2024-09-21,billing,closed,36,19,0
2735,250,2024-11-08,2024-11-11,usage_question,closed,26,90,4320
2736,742,2024-03-29,2024-04-02,usage_question,closed,23,145,5760
2737,430,2024-06-07,2024-06-07,bug,closed,22,205,0
2738,447,2024-07-18,2024-07-18,usage_question,closed,13,35,0
2739,666,2024-01-16,2024-01-17,usage_question,closed,46,182,1440
2740,64,2024-10-06,2024-10-06,feature_request,closed,40,227,0
2741,664,2024-08-18,2024-08-18,bug,closed,5,78,0
2742,1817,2024-06-02,2024-06-09,usage_question,closed,9,129,10080
2743,837,2024-08-03,2024-08-03,bug,closed,35,100,0
2744,692,2024-11-22,2024-11-22,usage_question,closed,36,100,0
2745,1423,2024-04-02,2024-04-02,usage_question,closed,27,207,0
2746,903,2024-12-25,2024-12-31,usage_question,closed,26,148,8640
2747,1941,2023-12-08,2023-12-08,feature_request,closed,31,72,0
2748,1754,2024-10-27,2024-10-29,bug,closed,37,37,2880
2749,1507,2024-03-27,2024-04-02,bug,closed,8,231,8640
2750,1059,2024-02-11,2024-02-15,feature_request,closed,50,191,5760
2751,83,2024-03-07,2024-03-07,feature_request,closed,1,161,0
2752,625,2024-03-30,2024-04-05,other,closed,50,85,8640
2753,1928,2024-07-18,2024-07-18,billing,closed,37,20,0
2754,956,2024-07-09,2024-07-13,bug,closed,10,16,5760
2755,1748,2024-06-07,2024-06-09,bug,closed,40,29,2880
2756,1245,2024-08-25,2024-08-25,bug,closed,13,98,0
2757,1477,2023-10-17,2023-10-19,feature_request,closed,20,224,2880
2758,1974,2024-09-12,2024-09-12,feature_request,closed,24,239,0
2759,1776,2024-03-11,2024-03-16,bug,closed,29,102,7200
2760,573,2023-11-14,2023-11-14,bug,closed,21,177,0
2761,431,2023-10-04,2023-10-04,usage_question,closed,7,215,0
2762,594,2024-07-28,2024-07-28,usage_question,closed,46,211,0
2763,565,2024-10-01,2024-10-01,usage_question,closed,46,145,0
2764,1028,2024-08-12,2024-08-12,bug,closed,15,195,0
2765,1466,2024-05-05,2024-05-05,usage_question,closed,17,133,0
2766,820,2024-12-19,2024-12-26,other,closed,29,36,10080
2767,355,2024-03-06,2024-03-07,usage_question,closed,49,195,1440
2768,1762,2024-04-01,2024-04-06,other,closed,9,80,7200
2769,1597,2024-08-04,2024-08-04,billing,closed,14,198,0
2770,720,2024-12-02,2024-12-02,billing,closed,4,32,0
2771,426,2023-10-22,2023-10-29,usage_question,closed,24,72,10080
2772,917,2024-12-04,2024-12-04,billing,closed,36,43,0
2773,1240,2023-12-08,2023-12-14,usage_question,closed,20,89,8640
2774,117,2024-02-14,2024-02-20,usage_question,closed,11,148,8640
2775,629,2024-12-05,2024-12-06,bug,closed,17,173,1440
2776,427,2024-03-28,2024-03-28,usage_question,closed,4,113,0
2777,1540,2024-06-16,2024-06-16,feature_request,closed,25,177,0
2778,1535,2024-03-19,2024-03-21,usage_question,closed,44,225,2880
2779,892,2024-01-02,2024-01-05,bug,closed,45,154,4320
2780,1663,2024-11-07,2024-11-14,usage_question,closed,30,54,10080
2781,13,2024-08-30,2024-09-04,feature_request,closed,18,204,7200
2782,1816,2024-07-14,2024-07-14,feature_request,closed,9,203,0
2783,1794,2024-12-11,2024-12-11,billing,closed,23,154,0
2784,1995,2024-05-16,2024-05-16,usage_question,closed,26,140,0
2785,89,2024-12-02,2024-12-05,bug,closed,14,131,4320
2786,1464,2024-07-27,2024-08-03,billing,closed,40,230,10080
2787,1192,2024-12-19,2024-12-19,other,closed,3,84,0
2788,62,2024-02-24,2024-02-29,bug,closed,9,172,7200
2789,1227,2024-12-10,2024-12-16,other,closed,46,174,8640
2790,815,2024-04-11,2024-04-16,usage_question,closed,43,203,7200
2791,965,2024-06-12,2024-06-16,bug,closed,20,166,5760
2792,563,2023-11-07,2023-11-09,usage_question,closed,1,79,2880
2793,611,2024-11-20,2024-11-22,feature_request,closed,27,57,2880
2794,1645,2024-01-13,2024-01-13,usage_question,closed,47,212,0
2795,1744,2024-11-11,2024-11-16,usage_question,closed,9,25,7200
2796,1620,2024-11-20,2024-11-20,usage_question,closed,17,162,0
2797,140,2024-08-06,2024-08-09,billing,closed,38,60,4320
2798,790,2023-07-19,2023-07-25,bug,closed,36,105,8640
2799,1739,2024-07-04,2024-07-10,usage_question,closed,48,125,8640
2800,347,2024-10-20,2024-10-20,other,closed,38,143,0
2801,8,2024-10-07,2024-10-14,usage_question,closed,48,80,10080
2802,686,2024-10-06,2024-10-09,bug,closed,48,168,4320
2803,1574,2024-04-26,2024-04-26,feature_request,closed,5,119,0
2804,829,2023-12-07,2023-12-07,other,closed,8,169,0
2805,1660,2024-11-22,2024-11-27,feature_request,closed,50,175,7200
2806,1060,2024-12-01,2024-12-06,bug,closed,22,22,7200
2807,290,2024-10-14,2024-10-14,bug,closed,35,188,0
2808,346,2024-10-19,2024-10-21,other,closed,24,130,2880
2809,1124,2024-11-10,2024-11-13,other,closed,39,64,4320
2810,1073,2023-09-06,2023-09-06,billing,closed,25,135,0
2811,553,2024-08-19,2024-08-21,bug,closed,29,158,2880
2812,925,2024-11-07,2024-11-07,feature_request,closed,36,55,0
2813,1347,2024-08-22,2024-08-22,usage_question,closed,49,238,0
2814,1267,2024-12-14,2024-12-14,usage_question,closed,37,59,0
2815,589,2024-07-02,2024-07-02,bug,closed,38,106,0
2816,674,2024-05-09,2024-05-10,other,closed,34,227,1440
2817,945,2024-07-19,2024-07-19,bug,closed,47,199,0
2818,1586,2024-01-29,2024-01-29,bug,closed,7,76,0
2819,672,2024-11-09,2024-11-11,usage_question,closed,25,77,2880
2820,459,2024-11-14,2024-11-15,other,closed,29,127,1440
2821,1594,2024-09-24,2024-09-30,bug,closed,21,21,8640
2822,1224,2024-09-15,2024-09-19,usage_question,closed,46,82,5760
2823,858,2024-05-24,2024-05-26,billing,closed,46,111,2880
2824,509,2024-07-05,2024-07-08,bug,closed,24,227,4320
2825,1829,2023-07-16,2023-07-18,bug,closed,20,72,2880
2826,721,2024-12-21,2024-12-21,bug,closed,14,30,0
2827,684,2024-12-26,2024-12-26,bug,closed,31,90,0
2828,1489,2024-03-23,2024-03-25,bug,closed,37,100,2880
2829,70,2024-03-27,2024-03-27,billing,closed,38,35,0
2830,619,2024-05-04,2024-05-08,bug,closed,20,155,5760
2831,951,2024-02-27,2024-03-03,usage_question,closed,21,78,7200
2832,1002,2024-06-06,2024-06-09,usage_question,closed,10,69,4320
2833,722,2024-10-26,2024-10-26,feature_request,closed,23,169,0
2834,774,2024-05-09,2024-05-09,bug,closed,1,160,0
2835,894,2024-11-30,2024-12-02,usage_question,closed,39,132,2880
2836,1156,2024-06-09,2024-06-09,usage_question,closed,27,177,0
2837,1734,2024-07-05,2024-07-05,bug,closed,22,159,0
2838,1181,2023-10-08,2023-10-08,feature_request,closed,13,199,0
2839,1521,2024-11-14,2024-11-14,bug,closed,19,49,0
2840,358,2024-02-29,2024-02-29,usage_question,closed,9,40,0
2841,655,2024-01-31,2024-01-31,billing,closed,7,237,0
2842,1517,2024-08-19,2024-08-22,feature_request,closed,15,28,4320
2843,1169,2024-05-25,2024-05-26,feature_request,closed,30,35,1440
2844,1480,2024-08-30,2024-08-30,other,closed,12,200,0
2845,718,2023-07-29,2023-07-31,bug,closed,36,215,2880
2846,636,2024-07-12,2024-07-12,feature_request,closed,31,38,0
2847,199,2023-12-25,2023-12-28,usage_question,closed,9,109,4320
2848,247,2024-03-26,2024-03-30,usage_question,closed,21,48,5760
2849,1497,2024-09-16,2024-09-16,bug,closed,3,86,0
2850,978,2024-04-05,2024-04-05,bug,closed,23,221,0
2851,392,2024-05-21,2024-05-22,usage_question,closed,14,38,1440
2852,1472,2024-07-14,2024-07-14,billing,closed,23,74,0
2853,1357,2023-08-18,2023-08-20,usage_question,closed,15,48,2880
2854,1826,2024-08-31,2024-09-01,usage_question,closed,36,113,1440
2855,1659,2024-11-10,2024-11-10,billing,closed,23,112,0
2856,207,2024-01-08,2024-01-08,bug,closed,6,165,0
2857,1498,2024-01-11,2024-01-18,usage_question,closed,26,111,10080
2858,977,2024-04-19,2024-04-26,bug,closed,21,84,10080
2859,456,2024-10-07,2024-10-07,usage_question,closed,10,237,0
2860,955,2024-05-30,2024-06-04,billing,closed,8,49,7200
2861,56,2024-08-21,2024-08-22,billing,closed,47,149,1440
2862,788,2024-07-19,2024-07-20,other,closed,21,78,1440
2863,1879,2024-08-15,2024-08-19,usage_question,closed,18,179,5760
2864,533,2024-12-02,2024-12-02,billing,closed,11,167,0
2865,409,2024-09-18,2024-09-20,bug,closed,29,108,2880
2866,1236,2024-08-24,2024-08-24,usage_question,closed,9,143,0
2867,782,2023-12-15,2023-12-15,bug,closed,16,55,0
2868,1746,2024-01-20,2024-01-20,feature_request,closed,25,82,0
2869,1364,2024-02-11,2024-02-15,billing,closed,21,98,5760
2870,388,2024-08-26,2024-08-27,feature_request,closed,35,83,1440
2871,1318,2024-05-14,2024-05-17,bug,closed,20,81,4320
2872,211,2024-10-28,2024-10-31,usage_question,closed,7,166,4320
2873,944,2024-01-11,2024-01-18,usage_question,closed,6,20,10080
2874,881,2023-12-02,2023-12-08,feature_request,closed,47,68,8640
2875,844,2024-04-03,2024-04-03,billing,closed,44,153,0
2876,181,2024-12-04,2024-12-06,feature_request,closed,3,74,2880
2877,57,2024-06-02,2024-06-02,usage_question,closed,26,190,0
2878,73,2024-07-23,2024-07-28,other,closed,38,220,7200
2879,1622,2024-12-07,2024-12-14,other,closed,46,29,10080
2880,1468,2024-07-31,2024-07-31,usage_question,closed,31,183,0
2881,1440,2024-10-25,2024-10-29,other,closed,1,158,5760
2882,662,2024-10-09,2024-10-10,other,closed,34,97,1440
2883,1578,2024-07-24,2024-07-24,feature_request,closed,6,102,0
2884,562,2023-11-11,2023-11-16,usage_question,closed,26,208,7200
2885,30,2024-07-20,2024-07-22,billing,closed,31,17,2880
2886,733,2024-04-14,2024-04-14,usage_question,closed,36,47,0
2887,1778,2024-07-14,2024-07-21,usage_question,closed,17,189,10080
2888,267,2024-11-27,2024-11-27,bug,closed,4,179,0
2889,167,2024-01-16,2024-01-22,feature_request,closed,13,18,8640
2890,120,2023-04-26,2023-04-27,usage_question,closed,19,30,1440
2891,1505,2024-11-30,2024-11-30,bug,closed,6,239,0
2892,1634,2024-06-12,2024-06-12,usage_question,closed,38,126,0
2893,1192,2024-08-30,2024-09-02,feature_request,closed,11,163,4320
2894,1166,2024-03-28,2024-03-28,other,closed,37,94,0
2895,1764,2024-03-29,2024-04-05,bug,closed,35,46,10080
2896,1486,2024-04-26,2024-04-26,bug,closed,32,29,0
2897,1137,2024-03-13,2024-03-15,usage_question,closed,7,19,2880
2898,1835,2024-10-28,2024-10-29,usage_question,closed,34,141,1440
2899,230,2024-07-31,2024-07-31,bug,closed,30,105,0
2900,261,2024-06-05,2024-06-08,bug,closed,49,18,4320
2901,1492,2024-04-17,2024-04-18,feature_request,closed,48,146,1440
2902,275,2024-05-03,2024-05-03,billing,closed,37,183,0
2903,1050,2024-07-28,2024-07-28,usage_question,closed,43,175,0
2904,1259,2023-11-24,2023-11-25,feature_request,closed,21,222,1440
2905,1972,2024-08-22,2024-08-22,feature_request,closed,7,62,0
2906,1323,2024-09-11,2024-09-11,usage_question,closed,46,171,0
2907,124,2024-06-06,2024-06-06,bug,closed,3,201,0
2908,416,2024-05-11,2024-05-11,feature_request,closed,8,25,0
2909,247,2024-05-16,2024-05-16,billing,closed,38,189,0
2910,1691,2024-06-05,2024-06-05,feature_request,closed,15,53,0
2911,1564,2024-12-13,2024-12-19,usage_question,closed,36,158,8640
2912,1321,2024-09-25,2024-09-29,usage_question,closed,18,230,5760
2913,1186,2024-05-26,2024-05-26,other,closed,5,198,0
2914,1232,2024-10-12,2024-10-17,usage_question,closed,7,160,7200
2915,1505,2024-03-02,2024-03-03,feature_request,closed,49,148,1440
2916,1422,2024-01-14,2024-01-14,usage_question,closed,30,164,0
2917,1386,2024-07-02,2024-07-02,usage_question,closed,19,22,0
2918,1033,2024-10-13,2024-10-16,bug,closed,5,166,4320
2919,843,2024-04-29,2024-04-30,feature_request,closed,25,99,1440
2920,1346,2024-09-16,2024-09-17,other,closed,39,180,1440
2921,173,2024-11-28,2024-11-28,bug,closed,4,119,0
2922,1374,2023-07-10,2023-07-15,bug,closed,6,30,7200
2923,1235,2024-05-27,2024-05-27,other,closed,45,169,0
2924,1393,2023-10-26,2023-10-26,bug,closed,45,23,0
2925,144,2024-07-13,2024-07-15,billing,closed,50,169,2880
2926,687,2024-05-26,2024-05-28,usage_question,closed,10,99,2880
2927,1765,2024-04-16,2024-04-19,bug,closed,23,219,4320
2928,893,2024-07-06,2024-07-08,billing,closed,23,27,2880
2929,526,2024-10-11,2024-10-17,feature_request,closed,23,124,8640
2930,883,2024-11-26,2024-12-01,usage_question,closed,35,169,7200
2931,36,2024-10-04,2024-10-04,bug,closed,27,113,0
2932,1059,2024-12-19,2024-12-20,other,closed,14,89,1440
2933,817,2024-10-01,2024-10-01,usage_question,closed,12,233,0
2934,1316,2024-05-01,2024-05-01,bug,closed,13,90,0
2935,1023,2024-02-23,2024-02-23,billing,closed,5,198,0
2936,1440,2024-11-07,2024-11-07,bug,closed,1,144,0
2937,1558,2023-11-07,2023-11-07,usage_question,closed,36,224,0
2938,1693,2024-10-11,2024-10-11,feature_request,closed,14,173,0
2939,965,2024-07-24,2024-07-24,billing,closed,46,106,0
2940,340,2023-11-13,2023-11-17,billing,closed,47,145,5760
2941,1209,2024-02-10,2024-02-10,usage_question,closed,2,136,0
2942,824,2024-11-08,2024-11-11,other,closed,15,106,4320
2943,1240,2024-06-07,2024-06-07,bug,closed,45,181,0
2944,1173,2024-08-28,2024-09-03,bug,closed,10,227,8640
2945,299,2024-05-30,2024-05-30,billing,closed,30,114,0
2946,169,2024-07-06,2024-07-06,bug,closed,31,64,0
2947,880,2024-06-20,2024-06-20,bug,closed,34,166,0
2948,1980,2024-06-20,2024-06-20,usage_question,closed,1,40,0
2949,1915,2024-09-20,2024-09-23,bug,closed,29,143,4320
2950,1674,2024-08-13,2024-08-20,billing,closed,46,144,10080
2951,833,2024-07-02,2024-07-08,other,closed,20,38,8640
2952,411,2024-01-31,2024-02-04,usage_question,closed,5,109,5760
2953,392,2024-12-06,2024-12-10,usage_question,closed,6,238,5760
2954,862,2024-10-05,2024-10-08,bug,closed,1,195,4320
2955,1526,2024-11-07,2024-11-07,other,closed,11,90,0
2956,231,2024-06-14,2024-06-18,feature_request,closed,19,159,5760
2957,159,2024-10-26,2024-11-02,bug,closed,47,69,10080
2958,645,2024-09-18,2024-09-18,bug,closed,10,166,0
2959,1458,2024-10-24,2024-10-24,bug,closed,18,193,0
2960,850,2023-07-27,2023-08-03,usage_question,closed,30,205,10080
2961,1124,2024-12-05,2024-12-10,billing,closed,50,212,7200
2962,972,2024-02-14,2024-02-21,bug,closed,42,41,10080
2963,1220,2024-08-29,2024-08-29,other,closed,26,82,0
2964,141,2024-01-16,2024-01-21,usage_question,closed,49,67,7200
2965,442,2024-07-20,2024-07-20,bug,closed,47,215,0
2966,396,2023-12-17,2023-12-19,usage_question,closed,31,152,2880
2967,1598,2024-11-04,2024-11-08,usage_question,closed,31,97,5760
2968,374,2024-05-29,2024-05-29,usage_question,closed,43,76,0
2969,1200,2024-12-14,2024-12-14,billing,closed,3,162,0
2970,1676,2024-04-12,2024-04-13,usage_question,closed,30,197,1440
2971,121,2024-06-30,2024-07-01,bug,closed,40,194,1440
2972,1359,2024-03-28,2024-04-01,bug,closed,32,149,5760
2973,1927,2024-03-05,2024-03-09,billing,closed,3,58,5760
2974,937,2023-10-25,2023-10-25,feature_request,closed,34,155,0
2975,1856,2024-03-30,2024-03-30,bug,closed,29,165,0
2976,153,2024-12-02,2024-12-02,other,closed,18,128,0
2977,807,2024-02-19,2024-02-22,bug,closed,7,29,4320
2978,596,2024-04-14,2024-04-14,feature_request,closed,39,76,0
2979,1838,2024-05-07,2024-05-09,usage_question,closed,30,234,2880
2980,207,2024-08-09,2024-08-10,other,closed,34,26,1440
2981,553,2024-08-03,2024-08-06,bug,closed,48,162,4320
2982,229,2024-06-04,2024-06-11,bug,closed,19,122,10080
2983,265,2024-07-04,2024-07-04,bug,closed,34,239,0
2984,817,2024-01-01,2024-01-01,bug,closed,50,156,0
2985,1836,2024-01-14,2024-01-14,billing,closed,43,240,0
2986,322,2023-07-28,2023-07-28,bug,closed,27,41,0
2987,1501,2024-11-10,2024-11-10,bug,closed,34,15,0
2988,1679,2024-06-01,2024-06-01,usage_question,closed,14,37,0
2989,553,2024-05-03,2024-05-03,usage_question,closed,49,160,0
2990,1122,2024-02-29,2024-02-29,bug,closed,49,39,0
2991,382,2024-06-02,2024-06-04,usage_question,closed,47,71,2880
2992,1810,2024-05-15,2024-05-16,feature_request,closed,50,161,1440
2993,460,2023-10-15,2023-10-15,bug,closed,50,192,0
2994,1492,2024-11-14,2024-11-14,bug,closed,3,160,0
2995,416,2024-11-16,2024-11-20,bug,closed,7,85,5760
2996,452,2024-06-14,2024-06-20,usage_question,closed,38,179,8640
2997,1397,2023-12-20,2023-12-27,usage_question,closed,46,126,10080
2998,824,2024-12-04,2024-12-05,usage_question,closed,12,77,1440
2999,923,2024-11-05,2024-11-05,other,closed,50,211,0
3000,1492,2024-01-30,2024-02-03,feature_request,closed,48,225,5760
3001,212,2024-02-29,2024-02-29,usage_question,closed,3,125,0
3002,1711,2024-08-21,2024-08-25,billing,closed,14,228,5760
3003,1279,2024-11-11,2024-11-11,other,closed,42,23,0
3004,484,2024-10-10,2024-10-17,bug,closed,34,103,10080
3005,654,2023-11-17,2023-11-22,bug,closed,30,190,7200
3006,276,2024-01-30,2024-01-30,bug,closed,18,99,0
3007,1585,2023-11-21,2023-11-26,billing,closed,42,92,7200
3008,1376,2024-03-21,2024-03-23,other,closed,39,197,2880
3009,483,2024-11-07,2024-11-07,other,closed,21,108,0
3010,511,2024-06-08,2024-06-12,other,closed,1,140,5760
3011,1815,2024-04-26,2024-04-27,bug,closed,29,234,1440
3012,104,2024-01-30,2024-01-30,bug,closed,23,159,0
3013,1258,2024-01-28,2024-01-28,bug,closed,5,191,0
3014,58,2024-04-14,2024-04-19,usage_question,closed,21,98,7200
3015,43,2024-12-22,2024-12-22,bug,closed,17,194,0
3016,1368,2024-03-19,2024-03-19,feature_request,closed,39,32,0
3017,399,2024-11-16,2024-11-16,usage_question,closed,5,189,0
3018,537,2024-12-08,2024-12-08,usage_question,closed,12,144,0
3019,667,2024-06-21,2024-06-25,billing,closed,31,115,5760
3020,1042,2024-01-14,2024-01-14,usage_question,closed,5,128,0
3021,597,2024-12-20,2024-12-20,feature_request,closed,19,173,0
3022,14,2024-07-29,2024-07-29,other,closed,5,40,0
3023,66,2024-05-11,2024-05-16,other,closed,25,32,7200
3024,143,2024-02-10,2024-02-15,bug,closed,15,55,7200
3025,385,2024-07-15,2024-07-15,usage_question,closed,7,195,0
3026,161,2024-04-19,2024-04-19,billing,closed,32,226,0
3027,1437,2024-10-14,2024-10-18,usage_question,closed,9,167,5760
3028,1456,2024-07-29,2024-07-29,feature_request,closed,19,78,0
3029,1546,2024-05-09,2024-05-09,usage_question,closed,39,86,0
3030,1864,2023-11-03,2023-11-03,billing,closed,18,36,0
3031,754,2023-04-17,2023-04-17,usage_question,closed,47,89,0
3032,77,2023-12-04,2023-12-04,usage_question,closed,46,198,0
3033,1801,2024-06-24,2024-06-24,usage_question,closed,22,127,0
3034,982,2024-08-12,2024-08-15,usage_question,closed,50,201,4320
3035,1290,2024-04-21,2024-04-28,usage_question,closed,2,166,10080
3036,1835,2024-07-30,2024-07-30,usage_question,closed,50,39,0
3037,554,2024-06-18,2024-06-18,other,closed,45,148,0
3038,1450,2024-05-01,2024-05-03,bug,closed,3,185,2880
3039,309,2024-04-21,2024-04-24,bug,closed,34,118,4320
3040,219,2024-11-14,2024-11-19,billing,closed,18,164,7200
3041,589,2024-02-19,2024-02-20,other,closed,19,168,1440
3042,1048,2024-05-30,2024-05-30,feature_request,closed,39,202,0
3043,1039,2024-01-05,2024-01-05,usage_question,closed,2,114,0
3044,746,2024-10-24,2024-10-24,feature_request,closed,31,146,0
3045,1542,2023-09-19,2023-09-19,bug,closed,1,204,0
3046,522,2024-04-22,2024-04-27,usage_question,closed,24,92,7200
3047,963,2024-11-30,2024-11-30,usage_question,closed,34,74,0
3048,279,2024-10-10,2024-10-15,usage_question,closed,20,196,7200
3049,159,2024-08-24,2024-08-27,usage_question,closed,37,128,4320
3050,242,2023-05-11,2023-05-14,other,closed,11,25,4320
3051,1352,2024-05-18,2024-05-18,billing,closed,18,140,0
3052,872,2024-05-08,2024-05-08,usage_question,closed,44,93,0
3053,365,2024-05-11,2024-05-12,feature_request,closed,38,129,1440
3054,1257,2024-07-12,2024-07-12,bug,closed,33,55,0
3055,987,2024-02-01,2024-02-07,bug,closed,3,170,8640
3056,328,2024-12-03,2024-12-03,bug,closed,40,220,0
3057,863,2024-05-14,2024-05-14,usage_question,closed,44,233,0
3058,843,2024-02-08,2024-02-08,bug,closed,2,158,0
3059,524,2024-07-07,2024-07-07,other,closed,30,89,0
3060,939,2024-04-16,2024-04-16,other,closed,37,238,0
3061,1460,2023-09-13,2023-09-19,usage_question,closed,26,15,8640
3062,1307,2024-10-02,2024-10-02,usage_question,closed,42,218,0
3063,476,2024-02-19,2024-02-26,feature_request,closed,2,174,10080
3064,937,2024-05-04,2024-05-04,usage_question,closed,8,54,0
3065,534,2023-10-15,2023-10-19,bug,closed,34,42,5760
3066,1388,2024-06-14,2024-06-17,bug,closed,46,99,4320
3067,1389,2024-10-01,2024-10-01,billing,closed,4,166,0
3068,1589,2024-08-20,2024-08-25,usage_question,closed,35,79,7200
3069,1853,2023-10-09,2023-10-11,usage_question,closed,49,150,2880
3070,155,2024-12-04,2024-12-07,feature_request,closed,18,91,4320
3071,33,2024-12-11,2024-12-11,other,closed,24,57,0
3072,1276,2024-07-04,2024-07-04,bug,closed,21,68,0
3073,1798,2024-02-10,2024-02-10,bug,closed,18,225,0
3074,1099,2024-09-14,2024-09-14,feature_request,closed,43,45,0
3075,1054,2024-10-10,2024-10-16,other,closed,1,19,8640
3076,161,2024-07-24,2024-07-24,billing,closed,40,150,0
3077,1809,2024-06-11,2024-06-11,bug,closed,3,148,0
3078,1247,2023-12-10,2023-12-10,usage_question,closed,39,69,0
3079,1581,2024-05-13,2024-05-15,bug,closed,32,125,2880
3080,1055,2024-01-03,2024-01-07,bug,closed,48,51,5760
3081,538,2024-10-17,2024-10-24,billing,closed,37,163,10080
3082,65,2024-10-06,2024-10-13,usage_question,closed,46,26,10080
3083,1137,2024-10-11,2024-10-11,feature_request,closed,22,147,0
3084,249,2024-03-24,2024-03-27,usage_question,closed,10,191,4320
3085,1550,2024-07-10,2024-07-16,bug,closed,43,235,8640
3086,782,2024-05-20,2024-05-25,usage_question,closed,44,97,7200
3087,649,2024-05-10,2024-05-10,billing,closed,3,154,0
3088,607,2024-11-29,2024-11-29,billing,closed,32,108,0
3089,1110,2024-06-12,2024-06-13,bug,closed,14,161,1440
3090,941,2024-07-19,2024-07-19,bug,closed,29,68,0
3091,5,2024-06-22,2024-06-27,bug,closed,30,205,7200
3092,571,2024-11-20,2024-11-21,feature_request,closed,26,63,1440
3093,32,2023-08-01,2023-08-03,usage_question,closed,20,190,2880
3094,462,2024-09-17,2024-09-17,feature_request,closed,42,25,0
3095,1027,2023-08-21,2023-08-21,bug,closed,17,17,0
3096,1134,2024-06-10,2024-06-10,bug,closed,16,219,0
3097,1737,2023-12-05,2023-12-05,billing,closed,10,27,0
3098,1547,2024-08-06,2024-08-06,feature_request,closed,35,71,0
3099,651,2024-03-31,2024-04-04,usage_question,closed,3,226,5760
3100,554,2024-11-01,2024-11-08,billing,closed,21,238,10080
3101,1308,2024-12-09,2024-12-09,other,closed,34,99,0
3102,217,2024-03-21,2024-03-21,usage_question,closed,15,196,0
3103,247,2024-10-15,2024-10-15,other,closed,37,21,0
3104,576,2024-03-27,2024-03-30,feature_request,closed,16,145,4320
3105,1615,2024-06-04,2024-06-04,billing,closed,4,230,0
3106,1393,2024-09-08,2024-09-08,bug,closed,1,97,0
3107,423,2023-07-29,2023-08-02,bug,closed,5,87,5760
3108,1384,2024-06-22,2024-06-27,other,closed,6,19,7200
3109,1302,2024-08-10,2024-08-10,usage_question,closed,20,231,0
3110,1785,2024-10-11,2024-10-18,usage_question,closed,3,91,10080
3111,640,2024-12-21,2024-12-21,bug,closed,10,140,0
3112,1925,2024-01-02,2024-01-02,usage_question,closed,42,160,0
3113,374,2024-12-22,2024-12-28,billing,closed,11,24,8640
3114,39,2024-03-05,2024-03-05,bug,closed,15,72,0
3115,1615,2024-03-02,2024-03-07,billing,closed,26,29,7200
3116,648,2024-03-12,2024-03-12,bug,closed,29,21,0
3117,1925,2024-12-15,2024-12-15,billing,closed,21,43,0
3118,755,2024-01-16,2024-01-16,feature_request,closed,17,187,0
3119,1718,2024-06-08,2024-06-08,billing,closed,34,58,0
3120,1225,2024-11-29,2024-12-04,bug,closed,33,30,7200
3121,1625,2024-12-20,2024-12-20,feature_request,closed,35,106,0
3122,132,2024-10-18,2024-10-20,feature_request,closed,14,193,2880
3123,245,2024-06-13,2024-06-17,other,closed,21,226,5760
3124,1870,2024-10-23,2024-10-27,other,closed,48,97,5760
3125,1200,2024-10-25,2024-10-25,usage_question,closed,26,116,0
3126,655,2023-11-09,2023-11-09,usage_question,closed,23,144,0
3127,237,2024-07-05,2024-07-06,usage_question,closed,47,199,1440
3128,25,2024-12-02,2024-12-02,bug,closed,24,200,0
3129,759,2024-11-23,2024-11-23,billing,closed,17,43,0
3130,1965,2024-06-27,2024-06-27,usage_question,closed,33,214,0
3131,571,2023-10-18,2023-10-22,bug,closed,45,77,5760
3132,1620,2024-08-14,2024-08-19,bug,closed,40,48,7200
3133,920,2024-02-06,2024-02-06,bug,closed,18,54,0
3134,485,2024-12-28,2025-01-04,bug,open,25,123,10080
3135,479,2024-05-29,2024-05-29,other,closed,12,180,0
3136,113,2024-09-19,2024-09-24,bug,closed,8,204,7200
3137,362,2024-03-29,2024-04-04,feature_request,closed,35,163,8640
3138,910,2024-05-12,2024-05-12,usage_question,closed,47,35,0
3139,248,2023-11-13,2023-11-13,usage_question,closed,6,93,0
3140,813,2023-12-25,2023-12-25,bug,closed,18,83,0
3141,725,2024-11-07,2024-11-07,bug,closed,4,86,0
3142,1353,2024-12-08,2024-12-08,usage_question,closed,7,126,0
3143,524,2024-03-15,2024-03-21,usage_question,closed,1,215,8640
3144,1080,2023-09-28,2023-10-03,other,closed,45,172,7200
3145,1385,2023-12-10,2023-12-10,feature_request,closed,37,43,0
3146,154,2024-08-22,2024-08-27,bug,closed,14,95,7200
3147,652,2024-06-11,2024-06-11,usage_question,closed,39,168,0
3148,1819,2024-06-09,2024-06-12,billing,closed,32,60,4320
3149,1149,2024-10-27,2024-10-27,usage_question,closed,31,147,0
3150,515,2024-07-26,2024-07-26,other,closed,46,82,0
3151,857,2024-12-05,2024-12-05,usage_question,closed,15,119,0
3152,1632,2024-04-06,2024-04-08,usage_question,closed,38,121,2880
3153,1135,2024-11-13,2024-11-13,bug,closed,21,17,0
3154,964,2024-11-25,2024-11-25,bug,closed,38,98,0
3155,317,2024-10-20,2024-10-20,usage_question,closed,22,130,0
3156,1658,2024-10-13,2024-10-18,usage_question,closed,45,223,7200
3157,1955,2024-11-07,2024-11-07,usage_question,closed,15,132,0
3158,1159,2024-03-03,2024-03-03,usage_question,closed,26,26,0
3159,1203,2024-10-14,2024-10-18,usage_question,closed,21,199,5760
3160,470,2024-05-02,2024-05-02,bug,closed,1,46,0
3161,958,2024-04-30,2024-05-04,usage_question,closed,10,132,5760
3162,879,2024-06-16,2024-06-16,usage_question,closed,16,192,0
3163,910,2024-10-03,2024-10-03,bug,closed,34,64,0
3164,1488,2024-05-14,2024-05-14,bug,closed,46,204,0
3165,1203,2024-07-02,2024-07-08,bug,closed,9,68,8640
3166,1305,2024-04-05,2024-04-11,usage_question,closed,48,202,8640
3167,91,2024-10-10,2024-10-10,billing,closed,37,95,0
3168,1209,2023-12-13,2023-12-13,usage_question,closed,38,114,0
3169,1522,2024-04-30,2024-04-30,usage_question,closed,17,127,0
3170,1131,2024-07-17,2024-07-18,bug,closed,47,196,1440
3171,1075,2024-09-23,2024-09-23,billing,closed,42,100,0
3172,1729,2024-01-07,2024-01-07,usage_question,closed,19,182,0
3173,652,2023-12-18,2023-12-20,feature_request,closed,36,92,2880
3174,1168,2024-09-05,2024-09-08,bug,closed,16,29,4320
3175,1345,2024-01-02,2024-01-04,billing,closed,26,203,2880
3176,329,2024-08-08,2024-08-09,usage_question,closed,31,192,1440
3177,263,2024-08-27,2024-08-30,usage_question,closed,25,102,4320
3178,1226,2024-06-18,2024-06-20,other,closed,16,44,2880
3179,1408,2024-03-10,2024-03-10,bug,closed,20,211,0
3180,1982,2024-12-29,2024-12-29,billing,closed,11,83,0
3181,1161,2024-09-14,2024-09-14,usage_question,closed,17,227,0
3182,1472,2024-05-15,2024-05-19,billing,closed,19,185,5760
3183,951,2024-03-25,2024-03-28,bug,closed,37,61,4320
3184,1065,2024-03-14,2024-03-20,bug,closed,3,25,8640
3185,1508,2024-12-17,2024-12-17,usage_question,closed,29,207,0
3186,492,2024-04-19,2024-04-19,bug,closed,26,203,0
3187,445,2024-06-02,2024-06-02,other,closed,26,233,0
3188,514,2024-10-17,2024-10-17,bug,closed,13,144,0
3189,337,2023-12-23,2023-12-28,billing,closed,46,156,7200
3190,499,2024-10-29,2024-11-04,usage_question,closed,23,160,8640
3191,678,2024-11-14,2024-11-14,bug,closed,32,131,0
3192,635,2024-12-18,2024-12-24,usage_question,closed,36,88,8640
3193,1321,2024-11-13,2024-11-18,other,closed,14,115,7200
3194,1866,2024-04-06,2024-04-07,feature_request,closed,14,63,1440
3195,605,2024-06-06,2024-06-06,bug,closed,33,157,0
3196,1291,2024-09-27,2024-09-30,feature_request,closed,38,176,4320
3197,596,2024-08-09,2024-08-09,usage_question,closed,18,125,0
3198,1428,2024-03-08,2024-03-13,usage_question,closed,34,47,7200
3199,353,2024-10-13,2024-10-13,usage_question,closed,6,39,0
3200,864,2024-10-05,2024-10-05,bug,closed,48,113,0
3201,631,2024-06-06,2024-06-10,bug,closed,25,232,5760
3202,1432,2024-11-29,2024-11-29,bug,closed,38,225,0
3203,1054,2024-06-25,2024-06-26,feature_request,closed,40,50,1440
3204,581,2024-12-13,2024-12-13,usage_question,closed,29,232,0
3205,288,2024-01-11,2024-01-11,bug,closed,30,128,0
3206,1278,2024-12-04,2024-12-04,usage_question,closed,43,170,0
3207,1505,2023-12-03,2023-12-07,usage_question,closed,14,92,5760
3208,128,2024-10-05,2024-10-05,bug,closed,46,218,0
3209,600,2023-12-17,2023-12-21,usage_question,closed,44,69,5760
3210,132,2024-11-24,2024-11-30,bug,closed,33,55,8640
3211,1532,2024-02-01,2024-02-01,usage_question,closed,5,48,0
3212,13,2024-10-31,2024-10-31,usage_question,closed,47,140,0
3213,341,2024-07-10,2024-07-13,usage_question,closed,50,36,4320
3214,1505,2024-03-11,2024-03-11,bug,closed,27,64,0
3215,22,2024-07-13,2024-07-13,bug,closed,45,122,0
3216,1879,2024-09-22,2024-09-22,bug,closed,34,105,0
3217,36,2023-11-24,2023-12-01,usage_question,closed,47,198,10080
3218,1781,2024-08-07,2024-08-10,usage_question,closed,34,129,4320
3219,975,2024-02-22,2024-02-25,feature_request,closed,1,188,4320
3220,386,2024-10-27,2024-10-27,bug,closed,13,76,0
3221,1414,2023-12-07,2023-12-13,usage_question,closed,44,79,8640
3222,1312,2024-05-15,2024-05-15,bug,closed,17,190,0
3223,1084,2024-12-25,2025-01-01,bug,open,48,43,10080
3224,393,2024-05-18,2024-05-21,usage_question,closed,12,194,4320
3225,239,2024-02-29,2024-02-29,usage_question,closed,43,64,0
3226,1465,2024-09-30,2024-10-02,bug,closed,42,144,2880
3227,1014,2024-09-07,2024-09-07,feature_request,closed,3,206,0
3228,264,2024-06-29,2024-07-03,feature_request,closed,32,63,5760
3229,1710,2024-10-05,2024-10-05,bug,closed,14,72,0
3230,425,2024-07-02,2024-07-02,usage_question,closed,50,54,0
3231,137,2024-09-01,2024-09-08,other,closed,23,96,10080
3232,1305,2024-02-09,2024-02-15,feature_request,closed,24,52,8640
3233,110,2024-10-15,2024-10-15,feature_request,closed,6,75,0
3234,1549,2023-07-26,2023-07-29,billing,closed,2,211,4320
3235,978,2024-10-10,2024-10-10,bug,closed,6,204,0
3236,821,2024-06-02,2024-06-06,bug,closed,10,47,5760
3237,1391,2023-11-14,2023-11-20,billing,closed,30,200,8640
3238,1758,2024-07-18,2024-07-20,usage_question,closed,39,113,2880
3239,842,2024-09-24,2024-09-26,bug,closed,34,181,2880
3240,1709,2024-06-17,2024-06-17,usage_question,closed,45,184,0
3241,1746,2024-08-12,2024-08-12,feature_request,closed,27,232,0
3242,819,2024-06-30,2024-07-04,usage_question,closed,7,195,5760
3243,802,2024-04-06,2024-04-06,other,closed,15,115,0
3244,438,2024-01-23,2024-01-23,billing,closed,16,145,0
3245,1814,2024-10-26,2024-10-27,bug,closed,15,214,1440
3246,898,2024-06-17,2024-06-17,bug,closed,49,27,0
3247,240,2024-11-27,2024-11-30,billing,closed,20,56,4320
3248,891,2024-12-14,2024-12-14,usage_question,closed,5,31,0
3249,1370,2024-04-01,2024-04-02,bug,closed,14,141,1440
3250,697,2024-06-08,2024-06-14,usage_question,closed,30,116,8640
3251,897,2024-09-25,2024-09-25,usage_question,closed,11,203,0
3252,807,2024-12-28,2024-12-31,bug,closed,30,212,4320
3253,420,2024-03-13,2024-03-14,feature_request,closed,49,178,1440
3254,1278,2023-06-25,2023-06-29,bug,closed,45,46,5760
3255,590,2024-12-03,2024-12-03,usage_question,closed,23,86,0
3256,432,2024-12-02,2024-12-02,usage_question,closed,2,169,0
3257,975,2024-02-14,2024-02-14,bug,closed,22,73,0
3258,1406,2024-09-18,2024-09-18,usage_question,closed,11,182,0
3259,1048,2024-03-23,2024-03-26,feature_request,closed,34,74,4320
3260,380,2024-04-21,2024-04-22,billing,closed,30,69,1440
3261,1896,2023-10-11,2023-10-18,usage_question,closed,33,41,10080
3262,202,2024-01-06,2024-01-12,other,closed,50,157,8640
3263,1091,2024-08-08,2024-08-11,usage_question,closed,46,138,4320
3264,180,2024-08-27,2024-09-03,other,closed,45,203,10080
3265,1709,2024-02-03,2024-02-03,bug,closed,36,101,0
3266,1525,2023-05-26,2023-06-02,usage_question,closed,15,54,10080
3267,749,2024-04-24,2024-04-24,usage_question,closed,6,25,0
3268,884,2024-02-05,2024-02-05,bug,closed,15,69,0
3269,1164,2024-02-12,2024-02-19,other,closed,37,143,10080
3270,206,2024-05-24,2024-05-24,feature_request,closed,38,206,0
3271,1595,2023-09-28,2023-09-28,bug,closed,6,78,0
3272,449,2024-08-11,2024-08-17,usage_question,closed,46,57,8640
3273,490,2024-06-28,2024-07-04,usage_question,closed,12,221,8640
3274,1803,2023-11-11,2023-11-11,bug,closed,20,100,0
3275,1486,2024-07-23,2024-07-23,usage_question,closed,27,190,0
3276,903,2024-08-31,2024-09-04,bug,closed,33,21,5760
3277,677,2024-05-05,2024-05-05,usage_question,closed,32,222,0
3278,136,2024-03-08,2024-03-08,usage_question,closed,38,138,0
3279,1024,2024-04-19,2024-04-23,usage_question,closed,16,170,5760
3280,1912,2024-03-25,2024-03-25,usage_question,closed,36,107,0
3281,1937,2024-02-23,2024-03-01,usage_question,closed,13,130,10080
3282,767,2024-03-23,2024-03-26,other,closed,37,240,4320
3283,669,2024-10-02,2024-10-02,usage_question,closed,21,34,0
3284,1594,2023-05-24,2023-05-31,bug,closed,40,123,10080
3285,1073,2024-08-07,2024-08-07,usage_question,closed,49,79,0
3286,1016,2024-12-29,2024-12-31,usage_question,closed,27,168,2880
3287,256,2024-08-21,2024-08-25,usage_question,closed,16,64,5760
3288,939,2024-06-15,2024-06-17,other,closed,25,127,2880
3289,1370,2024-12-14,2024-12-14,other,closed,30,87,0
3290,336,2023-12-20,2023-12-25,bug,closed,8,184,7200
3291,913,2024-05-17,2024-05-17,usage_question,closed,32,194,0
3292,1999,2024-03-12,2024-03-12,bug,closed,31,60,0
3293,1385,2024-05-19,2024-05-19,other,closed,45,58,0
3294,531,2023-11-28,2023-12-05,feature_request,closed,34,215,10080
3295,1520,2024-11-09,2024-11-09,usage_question,closed,48,169,0
3296,1420,2024-01-27,2024-01-27,usage_question,closed,14,71,0
3297,105,2024-09-04,2024-09-04,feature_request,closed,10,215,0
3298,1004,2024-02-10,2024-02-12,usage_question,closed,18,50,2880
3299,172,2024-11-17,2024-11-23,usage_question,closed,3,208,8640
3300,431,2024-04-19,2024-04-19,feature_request,closed,22,221,0
3301,1515,2024-11-26,2024-12-03,bug,closed,33,51,10080
3302,155,2023-12-05,2023-12-11,feature_request,closed,7,15,8640
3303,1244,2024-08-31,2024-09-05,feature_request,closed,37,37,7200
3304,299,2023-11-09,2023-11-10,feature_request,closed,48,24,1440
3305,957,2024-06-28,2024-06-28,billing,closed,12,203,0
3306,372,2023-10-14,2023-10-15,usage_question,closed,35,109,1440
3307,1643,2024-03-24,2024-03-24,billing,closed,11,150,0
3308,1736,2024-12-10,2024-12-14,usage_question,closed,6,82,5760
3309,149,2023-11-24,2023-11-27,bug,closed,12,56,4320
3310,1049,2024-06-27,2024-06-27,usage_question,closed,3,38,0
3311,1457,2024-11-17,2024-11-22,bug,closed,4,131,7200
3312,1982,2024-07-06,2024-07-09,usage_question,closed,20,159,4320
3313,1585,2024-01-10,2024-01-10,other,closed,30,27,0
3314,1032,2024-09-11,2024-09-15,usage_question,closed,50,132,5760
3315,1055,2024-10-12,2024-10-18,usage_question,closed,36,168,8640
3316,45,2024-06-10,2024-06-10,feature_request,closed,18,182,0
3317,1368,2024-09-11,2024-09-11,bug,closed,6,219,0
3318,1664,2024-05-06,2024-05-09,feature_request,closed,5,94,4320
3319,69,2024-07-21,2024-07-26,other,closed,49,129,7200
3320,928,2024-04-29,2024-05-04,usage_question,closed,22,171,7200
3321,586,2024-11-07,2024-11-07,billing,closed,26,190,0
3322,1302,2024-03-07,2024-03-13,billing,closed,24,184,8640
3323,644,2024-05-11,2024-05-18,usage_question,closed,4,227,10080
3324,581,2024-11-28,2024-12-03,feature_request,closed,46,192,7200
3325,903,2024-07-22,2024-07-22,other,closed,18,226,0
3326,1536,2024-08-10,2024-08-16,usage_question,closed,9,100,8640
3327,680,2024-11-29,2024-11-29,usage_question,closed,25,136,0
3328,1995,2024-10-10,2024-10-10,bug,closed,47,121,0
3329,1589,2024-08-14,2024-08-14,bug,closed,15,116,0
3330,1588,2024-08-29,2024-09-03,bug,closed,37,82,7200
3331,1754,2024-11-02,2024-11-09,bug,closed,32,62,10080
3332,1132,2024-06-07,2024-06-12,feature_request,closed,35,77,7200
3333,1353,2024-08-04,2024-08-04,feature_request,closed,33,151,0
3334,958,2024-07-30,2024-08-01,bug,closed,10,221,2880
3335,1452,2024-07-18,2024-07-18,bug,closed,1,62,0
3336,169,2024-10-30,2024-10-31,bug,closed,6,159,1440
3337,839,2024-11-27,2024-12-01,usage_question,closed,44,145,5760
3338,312,2024-12-22,2024-12-29,usage_question,closed,37,89,10080
3339,673,2024-04-25,2024-05-01,bug,closed,11,240,8640
3340,1791,2024-09-29,2024-10-05,other,closed,8,158,8640
3341,1470,2024-05-20,2024-05-22,other,closed,35,206,2880
3342,874,2024-02-22,2024-02-25,usage_question,closed,45,35,4320
3343,20,2024-04-23,2024-04-29,usage_question,closed,48,61,8640
3344,271,2024-12-02,2024-12-02,usage_question,closed,50,177,0
3345,1108,2024-11-25,2024-11-25,usage_question,closed,21,118,0
3346,1890,2024-06-21,2024-06-23,bug,closed,7,155,2880
3347,572,2024-04-08,2024-04-08,usage_question,closed,45,187,0
3348,489,2024-05-31,2024-05-31,feature_request,closed,12,98,0
3349,603,2024-09-25,2024-09-26,usage_question,closed,10,80,1440
3350,1280,2024-03-26,2024-03-30,feature_request,closed,18,143,5760
3351,1987,2024-07-12,2024-07-19,other,closed,21,157,10080
3352,766,2024-01-16,2024-01-16,usage_question,closed,34,92,0
3353,3,2024-12-19,2024-12-23,feature_request,closed,5,59,5760
3354,588,2023-12-26,2023-12-31,bug,closed,3,41,7200
3355,1841,2024-07-23,2024-07-23,feature_request,closed,14,35,0
3356,633,2024-01-26,2024-01-26,feature_request,closed,49,194,0
3357,517,2024-07-25,2024-07-25,billing,closed,30,216,0
3358,1288,2024-04-14,2024-04-14,bug,closed,27,102,0
3359,1872,2024-10-06,2024-10-06,feature_request,closed,48,149,0
3360,1161,2024-04-07,2024-04-07,usage_question,closed,3,30,0
3361,1339,2024-05-14,2024-05-14,billing,closed,39,72,0
3362,1761,2024-05-07,2024-05-14,feature_request,closed,29,120,10080
3363,1837,2024-10-04,2024-10-08,bug,closed,11,224,5760
3364,929,2024-11-20,2024-11-27,usage_question,closed,10,85,10080
3365,1227,2024-04-13,2024-04-13,usage_question,closed,22,122,0
3366,458,2024-09-30,2024-10-01,bug,closed,32,75,1440
3367,446,2024-07-09,2024-07-12,usage_question,closed,15,86,4320
3368,1915,2024-07-15,2024-07-21,bug,closed,45,18,8640
3369,981,2024-12-03,2024-12-03,bug,closed,16,41,0
3370,676,2024-06-02,2024-06-09,billing,closed,30,40,10080
3371,269,2024-08-08,2024-08-08,bug,closed,8,100,0
3372,336,2024-11-17,2024-11-17,bug,closed,44,93,0
3373,1652,2024-08-10,2024-08-10,other,closed,22,197,0
3374,1515,2024-07-13,2024-07-14,usage_question,closed,15,63,1440
3375,1091,2024-04-05,2024-04-12,billing,closed,19,53,10080
3376,1924,2024-08-08,2024-08-12,bug,closed,42,32,5760
3377,162,2024-04-10,2024-04-15,usage_question,closed,7,196,7200
3378,1550,2024-04-19,2024-04-21,bug,closed,35,121,2880
3379,464,2023-12-16,2023-12-16,bug,closed,4,232,0
3380,1205,2024-06-24,2024-06-24,usage_question,closed,26,83,0
3381,47,2024-02-05,2024-02-10,other,closed,37,24,7200
3382,1299,2024-03-27,2024-03-27,feature_request,closed,42,110,0
3383,645,2024-02-20,2024-02-20,usage_question,closed,49,125,0
3384,1234,2024-11-24,2024-11-29,bug,closed,39,23,7200
3385,1754,2023-10-13,2023-10-20,usage_question,closed,12,173,10080
3386,1237,2024-08-05,2024-08-05,other,closed,42,143,0
3387,1179,2024-12-04,2024-12-04,bug,closed,2,140,0
3388,1786,2024-09-05,2024-09-05,feature_request,closed,40,181,0
3389,64,2024-05-14,2024-05-18,usage_question,closed,1,204,5760
3390,1843,2024-06-18,2024-06-19,billing,closed,38,139,1440
3391,1473,2023-11-05,2023-11-11,feature_request,closed,18,86,8640
3392,1687,2024-03-06,2024-03-06,usage_question,closed,11,207,0
3393,904,2024-06-29,2024-06-30,usage_question,closed,32,114,1440
3394,1414,2024-08-08,2024-08-08,usage_question,closed,25,188,0
3395,1891,2024-10-27,2024-10-27,usage_question,closed,32,218,0
3396,842,2024-04-26,2024-04-26,usage_question,closed,21,78,0
3397,1952,2024-03-19,2024-03-19,usage_question,closed,22,74,0
3398,1580,2024-08-23,2024-08-23,feature_request,closed,34,97,0
3399,50,2024-05-12,2024-05-17,bug,closed,32,156,7200
3400,1145,2024-05-15,2024-05-15,bug,closed,2,111,0
3401,640,2023-12-03,2023-12-03,usage_question,closed,38,200,0
3402,282,2024-10-08,2024-10-12,other,closed,45,176,5760
3403,35,2023-07-16,2023-07-16,other,closed,37,35,0
3404,1634,2024-04-24,2024-04-29,bug,closed,23,187,7200
3405,192,2024-02-03,2024-02-03,usage_question,closed,50,85,0
3406,1383,2024-05-28,2024-05-29,usage_question,closed,33,220,1440
3407,1447,2024-09-02,2024-09-05,usage_question,closed,9,227,4320
3408,1840,2024-01-20,2024-01-20,billing,closed,23,56,0
3409,745,2024-07-22,2024-07-22,billing,closed,7,199,0
3410,1374,2024-04-16,2024-04-23,bug,closed,9,55,10080
3411,1707,2024-11-25,2024-12-01,bug,closed,12,122,8640
3412,640,2024-04-23,2024-04-23,other,closed,16,54,0
3413,925,2024-02-26,2024-03-01,bug,closed,30,134,5760
3414,1997,2024-08-20,2024-08-20,usage_question,closed,15,160,0
3415,320,2024-04-27,2024-05-02,bug,closed,21,132,7200
3416,250,2024-01-27,2024-01-28,other,closed,9,200,1440
3417,1405,2024-06-29,2024-06-29,feature_request,closed,46,132,0
3418,1831,2024-05-28,2024-05-28,usage_question,closed,39,224,0
3419,1719,2024-01-25,2024-01-28,bug,closed,40,90,4320
3420,2000,2024-05-17,2024-05-17,other,closed,12,240,0
3421,103,2024-06-26,2024-07-01,bug,closed,15,224,7200
3422,1373,2024-10-22,2024-10-26,feature_request,closed,47,161,5760
3423,1130,2024-12-06,2024-12-09,billing,closed,1,209,4320
3424,292,2024-08-12,2024-08-12,usage_question,closed,3,122,0
3425,1807,2023-06-02,2023-06-06,billing,closed,45,215,5760
3426,1177,2024-01-28,2024-02-04,feature_request,closed,3,192,10080
3427,74,2024-11-04,2024-11-10,usage_question,closed,13,218,8640
3428,198,2024-03-24,2024-03-24,feature_request,closed,6,97,0
3429,1602,2024-09-05,2024-09-11,other,closed,17,62,8640
3430,76,2024-01-07,2024-01-07,usage_question,closed,19,99,0
3431,526,2024-10-06,2024-10-06,usage_question,closed,21,181,0
3432,1642,2024-10-11,2024-10-13,bug,closed,31,169,2880
3433,540,2024-04-19,2024-04-21,bug,closed,38,48,2880
3434,1727,2024-09-18,2024-09-18,bug,closed,22,157,0
3435,739,2023-12-12,2023-12-18,other,closed,29,142,8640
3436,201,2023-12-09,2023-12-14,usage_question,closed,39,60,7200
3437,986,2024-04-12,2024-04-12,bug,closed,42,203,0
3438,620,2024-06-11,2024-06-12,feature_request,closed,42,101,1440
3439,1272,2024-04-24,2024-04-24,feature_request,closed,24,169,0
3440,1117,2024-10-02,2024-10-02,billing,closed,24,198,0
3441,1293,2024-11-14,2024-11-14,usage_question,closed,24,134,0
3442,902,2023-03-14,2023-03-19,feature_request,closed,39,99,7200
3443,1968,2024-02-25,2024-02-25,bug,closed,11,139,0
3444,1331,2024-10-10,2024-10-16,usage_question,closed,47,141,8640
3445,1099,2024-08-14,2024-08-14,bug,closed,3,122,0
3446,126,2024-11-15,2024-11-22,bug,closed,19,151,10080
3447,177,2024-12-22,2024-12-22,bug,closed,49,42,0
3448,1347,2024-04-26,2024-04-30,bug,closed,38,60,5760
3449,566,2024-09-16,2024-09-19,other,closed,21,86,4320
3450,1841,2024-10-22,2024-10-28,feature_request,closed,18,192,8640
3451,493,2024-08-24,2024-08-28,bug,closed,7,27,5760
3452,709,2023-11-20,2023-11-25,other,closed,29,55,7200
3453,1600,2024-04-23,2024-04-30,feature_request,closed,44,230,10080
3454,1659,2024-09-02,2024-09-02,bug,closed,32,147,0
3455,830,2023-09-28,2023-09-30,bug,closed,26,58,2880
3456,640,2024-08-12,2024-08-12,usage_question,closed,18,142,0
3457,249,2024-10-24,2024-10-24,bug,closed,35,108,0
3458,1750,2024-04-11,2024-04-11,usage_question,closed,1,103,0
3459,498,2023-12-03,2023-12-03,feature_request,closed,49,189,0
3460,705,2024-01-27,2024-01-31,bug,closed,7,50,5760
3461,1520,2024-02-11,2024-02-15,usage_question,closed,34,140,5760
3462,1835,2024-07-11,2024-07-13,usage_question,closed,24,177,2880
3463,389,2024-02-07,2024-02-07,usage_question,closed,15,54,0
3464,1326,2024-03-11,2024-03-11,feature_request,closed,22,87,0
3465,1451,2024-02-23,2024-02-23,other,closed,36,92,0
3466,910,2024-08-14,2024-08-14,usage_question,closed,46,125,0
3467,243,2024-04-19,2024-04-22,usage_question,closed,4,198,4320
3468,932,2023-12-25,2023-12-25,usage_question,closed,42,62,0
3469,1805,2024-03-17,2024-03-17,usage_question,closed,7,180,0
3470,140,2024-01-19,2024-01-19,other,closed,27,111,0
3471,269,2024-08-30,2024-08-30,usage_question,closed,29,217,0
3472,1844,2024-04-09,2024-04-12,billing,closed,48,149,4320
3473,1640,2024-02-29,2024-03-07,usage_question,closed,45,54,10080
3474,582,2024-01-14,2024-01-14,feature_request,closed,11,103,0
3475,1076,2024-10-23,2024-10-28,usage_question,closed,33,77,7200
3476,1146,2024-08-04,2024-08-10,usage_question,closed,29,182,8640
3477,779,2024-11-13,2024-11-13,usage_question,closed,12,163,0
3478,535,2024-04-09,2024-04-09,usage_question,closed,6,177,0
3479,593,2024-01-12,2024-01-16,usage_question,closed,10,21,5760
3480,1984,2024-07-19,2024-07-19,bug,closed,19,32,0
3481,1263,2024-01-05,2024-01-05,usage_question,closed,35,53,0
3482,1445,2024-04-20,2024-04-20,bug,closed,1,103,0
3483,1689,2024-10-06,2024-10-09,feature_request,closed,19,121,4320
3484,1792,2024-01-09,2024-01-14,feature_request,closed,4,25,7200
3485,673,2024-09-15,2024-09-19,usage_question,closed,2,84,5760
3486,1752,2024-06-26,2024-06-26,billing,closed,47,109,0
3487,1690,2024-07-03,2024-07-04,usage_question,closed,31,118,1440
3488,1182,2023-11-22,2023-11-22,usage_question,closed,29,153,0
3489,1404,2024-08-16,2024-08-16,feature_request,closed,3,213,0
3490,915,2024-11-21,2024-11-24,bug,closed,35,178,4320
3491,1713,2024-04-07,2024-04-12,feature_request,closed,26,125,7200
3492,1275,2024-09-12,2024-09-12,usage_question,closed,17,114,0
3493,431,2024-07-10,2024-07-15,bug,closed,5,233,7200
3494,1833,2024-06-26,2024-07-03,bug,closed,43,234,10080
3495,1984,2024-05-29,2024-05-30,feature_request,closed,6,47,1440
3496,1424,2024-12-04,2024-12-06,usage_question,closed,40,130,2880
3497,1543,2024-10-29,2024-10-29,other,closed,3,114,0
3498,1525,2024-03-18,2024-03-18,feature_request,closed,50,43,0
3499,340,2024-04-21,2024-04-26,usage_question,closed,14,131,7200
3500,1684,2024-09-09,2024-09-12,usage_question,closed,35,134,4320
3501,792,2024-06-23,2024-06-23,usage_question,closed,20,183,0
3502,409,2024-06-08,2024-06-08,bug,closed,40,202,0
3503,1505,2024-11-20,2024-11-22,bug,closed,21,177,2880
3504,141,2024-01-26,2024-01-26,usage_question,closed,2,99,0
3505,1550,2024-10-18,2024-10-18,usage_question,closed,18,209,0
3506,1500,2023-10-02,2023-10-05,other,closed,46,34,4320
3507,1695,2024-05-07,2024-05-09,billing,closed,39,159,2880
3508,381,2024-12-20,2024-12-20,bug,closed,22,142,0
3509,296,2024-11-29,2024-11-29,usage_question,closed,26,199,0
3510,477,2024-11-15,2024-11-15,bug,closed,33,172,0
3511,16,2024-03-04,2024-03-10,bug,closed,13,224,8640
3512,1136,2023-12-05,2023-12-05,bug,closed,15,178,0
3513,1204,2024-01-01,2024-01-06,bug,closed,40,17,7200
3514,1059,2024-08-30,2024-09-05,billing,closed,44,173,8640
3515,1386,2024-12-25,2024-12-25,bug,closed,39,99,0
3516,972,2024-11-25,2024-11-30,bug,closed,27,234,7200
3517,184,2024-09-12,2024-09-12,usage_question,closed,22,179,0
3518,3,2024-06-23,2024-06-23,usage_question,closed,26,15,0
3519,1846,2024-06-28,2024-06-28,usage_question,closed,16,152,0
3520,967,2024-10-19,2024-10-19,billing,closed,46,206,0
3521,1163,2024-08-29,2024-09-02,feature_request,closed,1,83,5760
3522,380,2024-04-14,2024-04-17,bug,closed,48,115,4320
3523,1909,2023-12-06,2023-12-06,bug,closed,23,80,0
3524,777,2023-12-19,2023-12-19,feature_request,closed,36,198,0
3525,1859,2024-04-06,2024-04-08,usage_question,closed,46,108,2880
3526,288,2023-08-13,2023-08-16,other,closed,30,157,4320
3527,1632,2024-11-01,2024-11-01,usage_question,closed,24,78,0
3528,1675,2023-11-23,2023-11-27,usage_question,closed,47,100,5760
3529,1933,2024-08-09,2024-08-09,usage_question,closed,8,184,0
3530,1664,2024-07-25,2024-08-01,bug,closed,12,206,10080
3531,1732,2024-10-31,2024-10-31,bug,closed,32,41,0
3532,946,2024-12-21,2024-12-21,bug,closed,31,58,0
3533,1572,2024-11-07,2024-11-07,bug,closed,19,127,0
3534,336,2024-10-18,2024-10-18,usage_question,closed,25,147,0
3535,1096,2024-06-24,2024-06-24,other,closed,45,72,0
3536,1415,2024-06-25,2024-06-25,usage_question,closed,26,201,0
3537,1372,2024-04-03,2024-04-03,bug,closed,46,149,0
3538,1933,2024-11-26,2024-12-02,usage_question,closed,27,138,8640
3539,1266,2024-07-30,2024-08-01,usage_question,closed,18,125,2880
3540,21,2024-11-16,2024-11-16,usage_question,closed,34,158,0
3541,479,2024-02-04,2024-02-04,usage_question,closed,14,106,0
3542,1446,2024-05-25,2024-05-27,feature_request,closed,42,130,2880
3543,842,2024-12-29,2024-12-29,usage_question,closed,29,104,0
3544,88,2024-11-22,2024-11-22,bug,closed,24,183,0
3545,1086,2023-11-06,2023-11-06,bug,closed,36,15,0
3546,1628,2024-08-31,2024-09-02,other,closed,8,220,2880
3547,1298,2024-09-01,2024-09-01,feature_request,closed,43,33,0
3548,402,2024-04-27,2024-04-30,other,closed,14,96,4320
3549,489,2024-05-21,2024-05-21,billing,closed,44,160,0
3550,210,2024-11-11,2024-11-15,bug,closed,11,162,5760
3551,1783,2024-10-02,2024-10-09,usage_question,closed,48,21,10080
3552,98,2024-11-22,2024-11-26,usage_question,closed,10,60,5760
3553,680,2024-05-04,2024-05-04,other,closed,8,231,0
3554,434,2024-06-03,2024-06-04,usage_question,closed,26,176,1440
3555,901,2024-12-12,2024-12-12,other,closed,44,193,0
3556,1122,2024-05-01,2024-05-01,billing,closed,10,129,0
3557,121,2024-06-22,2024-06-22,bug,closed,48,26,0
3558,857,2023-01-16,2023-01-20,usage_question,closed,27,66,5760
3559,1401,2024-08-05,2024-08-05,other,closed,10,104,0
3560,1214,2023-10-08,2023-10-09,bug,closed,9,214,1440
3561,1311,2023-12-25,2023-12-25,bug,closed,29,77,0
3562,1433,2024-06-06,2024-06-06,bug,closed,22,61,0
3563,179,2024-08-21,2024-08-21,usage_question,closed,22,72,0
3564,918,2024-07-26,2024-07-29,bug,closed,22,238,4320
3565,741,2023-07-23,2023-07-23,usage_question,closed,29,38,0
3566,1034,2023-12-10,2023-12-10,billing,closed,25,130,0
3567,542,2024-02-20,2024-02-20,other,closed,29,125,0
3568,327,2024-11-07,2024-11-09,usage_question,closed,33,216,2880
3569,1108,2024-04-08,2024-04-08,feature_request,closed,40,235,0
3570,186,2024-08-28,2024-08-28,bug,closed,47,144,0
3571,1783,2024-01-30,2024-02-03,usage_question,closed,7,96,5760
3572,994,2024-03-21,2024-03-22,other,closed,43,158,1440
3573,990,2024-06-13,2024-06-13,billing,closed,46,123,0
3574,1882,2024-11-09,2024-11-09,feature_request,closed,50,28,0
3575,1004,2024-07-29,2024-07-29,usage_question,closed,48,223,0
3576,1782,2023-11-06,2023-11-09,usage_question,closed,39,106,4320
3577,1121,2024-06-28,2024-06-30,usage_question,closed,15,149,2880
3578,1629,2024-05-08,2024-05-08,bug,closed,45,30,0
3579,262,2023-12-25,2023-12-25,usage_question,closed,37,78,0
3580,209,2024-02-06,2024-02-06,feature_request,closed,29,81,0
3581,1849,2024-04-22,2024-04-28,usage_question,closed,6,120,8640
3582,847,2024-10-07,2024-10-07,usage_question,closed,44,77,0
3583,1306,2024-12-18,2024-12-25,bug,closed,26,68,10080
3584,1939,2024-08-27,2024-09-03,usage_question,closed,4,180,10080
3585,5,2024-10-18,2024-10-24,feature_request,closed,48,27,8640
3586,707,2024-05-03,2024-05-04,usage_question,closed,16,20,1440
3587,717,2024-12-28,2024-12-28,feature_request,closed,10,197,0
3588,1513,2024-04-20,2024-04-20,other,closed,30,228,0
3589,319,2024-11-24,2024-11-29,feature_request,closed,31,152,7200
3590,1209,2024-11-24,2024-11-24,billing,closed,19,18,0
3591,656,2024-07-15,2024-07-21,other,closed,27,111,8640
3592,1552,2024-10-17,2024-10-17,feature_request,closed,6,89,0
3593,1494,2024-07-15,2024-07-15,usage_question,closed,31,87,0
3594,1892,2024-04-22,2024-04-22,usage_question,closed,45,200,0
3595,19,2024-06-06,2024-06-10,billing,closed,18,26,5760
3596,1437,2024-11-21,2024-11-21,billing,closed,23,209,0
3597,915,2024-09-06,2024-09-06,usage_question,closed,9,101,0
3598,54,2024-06-15,2024-06-22,usage_question,closed,15,78,10080
3599,745,2024-01-07,2024-01-07,usage_question,closed,4,56,0
3600,1251,2024-08-14,2024-08-17,bug,closed,34,234,4320
3601,260,2024-06-20,2024-06-20,bug,closed,43,159,0
3602,1568,2024-12-27,2024-12-27,bug,closed,44,102,0
3603,1414,2024-11-12,2024-11-16,bug,closed,5,107,5760
3604,1485,2024-11-15,2024-11-21,bug,closed,14,172,8640
3605,838,2024-11-01,2024-11-01,usage_question,closed,7,77,0
3606,1965,2024-10-29,2024-10-29,usage_question,closed,26,200,0
3607,1250,2023-12-03,2023-12-03,usage_question,closed,39,36,0
3608,1113,2023-12-04,2023-12-10,usage_question,closed,31,127,8640
3609,756,2024-07-07,2024-07-07,usage_question,closed,49,114,0
3610,482,2024-12-06,2024-12-10,usage_question,closed,44,68,5760
3611,1166,2024-10-24,2024-10-24,usage_question,closed,12,167,0
3612,1536,2024-04-15,2024-04-15,usage_question,closed,3,214,0
3613,811,2024-01-03,2024-01-10,bug,closed,38,49,10080
3614,1659,2024-12-08,2024-12-09,usage_question,closed,35,233,1440
3615,167,2024-03-22,2024-03-22,bug,closed,43,150,0
3616,314,2024-12-11,2024-12-11,usage_question,closed,36,157,0
3617,488,2024-11-22,2024-11-22,feature_request,closed,33,142,0
3618,1232,2024-07-21,2024-07-21,bug,closed,31,35,0
3619,1779,2024-12-29,2025-01-02,feature_request,open,27,23,5760
3620,1832,2024-10-10,2024-10-11,usage_question,closed,38,219,1440
3621,413,2024-02-28,2024-03-01,other,closed,36,83,2880
3622,1442,2024-11-26,2024-11-26,bug,closed,15,141,0
3623,1857,2024-11-29,2024-11-30,other,closed,33,68,1440
3624,1473,2023-12-04,2023-12-06,bug,closed,40,28,2880
3625,885,2024-10-09,2024-10-09,usage_question,closed,46,47,0
3626,1506,2024-06-03,2024-06-03,bug,closed,35,187,0
3627,1919,2024-10-06,2024-10-10,bug,closed,2,206,5760
3628,1354,2023-06-20,2023-06-23,usage_question,closed,22,208,4320
3629,1653,2024-10-24,2024-10-26,bug,closed,13,82,2880
3630,1453,2024-12-03,2024-12-03,bug,closed,3,190,0
3631,1262,2023-12-28,2023-12-31,billing,closed,3,72,4320
3632,428,2024-05-03,2024-05-03,usage_question,closed,24,201,0
3633,513,2024-05-31,2024-05-31,usage_question,closed,1,43,0
3634,761,2024-03-30,2024-04-04,bug,closed,21,76,7200
3635,1158,2024-01-23,2024-01-23,feature_request,closed,6,15,0
3636,157,2024-10-08,2024-10-08,feature_request,closed,6,154,0
3637,1200,2024-10-15,2024-10-18,bug,closed,7,60,4320
3638,801,2024-04-22,2024-04-22,usage_question,closed,15,133,0
3639,688,2024-11-08,2024-11-10,other,closed,25,183,2880
3640,1644,2024-07-11,2024-07-16,feature_request,closed,26,47,7200
3641,744,2023-11-08,2023-11-08,usage_question,closed,34,212,0
3642,1765,2024-03-17,2024-03-24,other,closed,24,30,10080
3643,1314,2024-02-13,2024-02-13,usage_question,closed,9,116,0
3644,1345,2024-05-06,2024-05-06,feature_request,closed,18,164,0
3645,471,2024-10-01,2024-10-06,bug,closed,34,39,7200
3646,1859,2024-07-27,2024-08-02,billing,closed,17,191,8640
3647,892,2024-05-29,2024-05-30,feature_request,closed,19,63,1440
3648,1536,2024-03-05,2024-03-09,usage_question,closed,50,128,5760
3649,846,2024-04-07,2024-04-13,billing,closed,48,168,8640
3650,959,2024-09-27,2024-10-03,other,closed,5,119,8640
3651,480,2024-10-30,2024-10-31,usage_question,closed,16,125,1440
3652,1738,2024-09-19,2024-09-19,billing,closed,26,99,0
3653,428,2024-01-04,2024-01-06,usage_question,closed,2,68,2880
3654,986,2024-06-28,2024-07-02,feature_request,closed,7,176,5760
3655,1715,2023-12-09,2023-12-09,other,closed,32,190,0
3656,1498,2024-02-17,2024-02-21,billing,closed,50,51,5760
3657,1358,2024-05-20,2024-05-27,bug,closed,32,31,10080
3658,998,2024-09-24,2024-09-24,bug,closed,12,137,0
3659,1452,2024-10-20,2024-10-20,usage_question,closed,12,77,0
3660,981,2023-12-30,2024-01-04,bug,closed,42,68,7200
3661,569,2024-03-23,2024-03-23,bug,closed,32,112,0
3662,1444,2024-12-16,2024-12-16,feature_request,closed,18,92,0
3663,1893,2024-09-01,2024-09-05,usage_question,closed,30,102,5760
3664,1878,2024-04-12,2024-04-12,feature_request,closed,50,233,0
3665,1986,2024-10-15,2024-10-16,feature_request,closed,13,212,1440
3666,6,2024-08-24,2024-08-30,feature_request,closed,50,213,8640
3667,1266,2024-09-29,2024-09-29,billing,closed,17,26,0
3668,1563,2024-05-30,2024-06-04,usage_question,closed,5,179,7200
3669,75,2024-10-03,2024-10-03,bug,closed,14,176,0
3670,1151,2023-12-28,2023-12-28,bug,closed,6,19,0
3671,1458,2024-06-24,2024-07-01,usage_question,closed,3,28,10080
3672,753,2024-12-08,2024-12-14,feature_request,closed,2,28,8640
3673,1428,2024-12-08,2024-12-08,usage_question,closed,14,159,0
3674,1761,2024-12-11,2024-12-18,bug,closed,44,209,10080
3675,743,2024-12-24,2024-12-24,other,closed,4,155,0
3676,1569,2024-12-17,2024-12-24,usage_question,closed,7,121,10080
3677,974,2024-11-19,2024-11-19,bug,closed,9,210,0
3678,1887,2024-05-19,2024-05-26,feature_request,closed,11,219,10080
3679,844,2023-11-16,2023-11-16,other,closed,35,207,0
3680,1116,2024-04-08,2024-04-08,feature_request,closed,4,208,0
3681,328,2024-09-21,2024-09-23,usage_question,closed,19,191,2880
3682,268,2023-12-14,2023-12-14,feature_request,closed,35,192,0
3683,997,2024-11-06,2024-11-07,other,closed,30,24,1440
3684,1325,2024-04-10,2024-04-10,bug,closed,21,201,0
3685,1309,2024-12-15,2024-12-20,usage_question,closed,11,219,7200
3686,1261,2024-09-02,2024-09-02,bug,closed,15,83,0
3687,1760,2024-05-16,2024-05-16,usage_question,closed,36,157,0
3688,223,2024-03-05,2024-03-05,bug,closed,1,142,0
3689,725,2024-10-23,2024-10-27,other,closed,49,194,5760
3690,1114,2023-12-05,2023-12-05,feature_request,closed,34,33,0
3691,465,2024-06-15,2024-06-22,other,closed,10,186,10080
3692,311,2024-06-21,2024-06-28,usage_question,closed,1,104,10080
3693,843,2024-10-07,2024-10-07,feature_request,closed,8,140,0
3694,407,2024-11-11,2024-11-11,usage_question,closed,1,228,0
3695,245,2024-02-11,2024-02-17,usage_question,closed,8,127,8640
3696,1525,2024-04-27,2024-04-27,usage_question,closed,38,23,0
3697,1907,2023-04-17,2023-04-22,billing,closed,46,172,7200
3698,105,2023-10-29,2023-11-05,bug,closed,49,43,10080
3699,302,2024-04-19,2024-04-19,usage_question,closed,36,135,0
3700,69,2024-12-08,2024-12-08,billing,closed,33,31,0
3701,1004,2024-02-15,2024-02-15,billing,closed,10,184,0
3702,1643,2024-01-13,2024-01-17,bug,closed,34,235,5760
3703,1805,2023-11-17,2023-11-17,feature_request,closed,30,221,0
3704,1976,2023-12-29,2023-12-29,feature_request,closed,43,116,0
3705,1582,2024-12-23,2024-12-29,usage_question,closed,15,27,8640
3706,1933,2024-11-08,2024-11-10,usage_question,closed,24,59,2880
3707,221,2024-10-24,2024-10-28,bug,closed,22,218,5760
3708,212,2024-06-30,2024-06-30,billing,closed,36,222,0
3709,301,2024-08-26,2024-08-26,billing,closed,26,201,0
3710,1492,2023-08-23,2023-08-23,bug,closed,19,122,0
3711,1525,2023-12-04,2023-12-04,usage_question,closed,39,128,0
3712,498,2024-10-12,2024-10-12,usage_question,closed,15,49,0
3713,1967,2024-06-13,2024-06-13,bug,closed,7,114,0
3714,236,2024-02-06,2024-02-07,usage_question,closed,5,54,1440
3715,484,2024-06-12,2024-06-17,billing,closed,33,229,7200
3716,251,2024-08-08,2024-08-08,usage_question,closed,32,195,0
3717,699,2024-06-11,2024-06-14,bug,closed,25,158,4320
3718,1397,2024-11-24,2024-11-30,bug,closed,35,73,8640
3719,1615,2023-09-09,2023-09-10,other,closed,30,24,1440
3720,1325,2024-07-18,2024-07-18,billing,closed,14,164,0
3721,625,2024-02-17,2024-02-17,bug,closed,3,69,0
3722,444,2024-09-18,2024-09-19,feature_request,closed,9,141,1440
3723,889,2024-05-06,2024-05-07,bug,closed,25,144,1440
3724,468,2024-05-14,2024-05-14,bug,closed,1,205,0
3725,1075,2023-11-11,2023-11-16,bug,closed,21,97,7200
3726,1862,2024-05-11,2024-05-18,usage_question,closed,32,181,10080
3727,1760,2024-06-08,2024-06-08,billing,closed,5,186,0
3728,1767,2024-10-09,2024-10-09,usage_question,closed,46,119,0
3729,1794,2024-09-30,2024-10-06,usage_question,closed,9,25,8640
3730,284,2024-01-27,2024-01-27,usage_question,closed,23,149,0
3731,216,2024-10-14,2024-10-21,usage_question,closed,9,222,10080
3732,201,2024-03-25,2024-03-28,usage_question,closed,37,85,4320
3733,1457,2024-09-08,2024-09-08,bug,closed,12,95,0
3734,239,2024-07-05,2024-07-05,other,closed,8,194,0
3735,781,2024-04-18,2024-04-18,usage_question,closed,27,156,0
3736,1872,2023-11-28,2023-12-02,bug,closed,11,64,5760
3737,1653,2024-05-04,2024-05-07,usage_question,closed,33,204,4320
3738,1311,2024-11-15,2024-11-19,bug,closed,22,110,5760
3739,518,2023-09-02,2023-09-02,bug,closed,24,182,0
3740,150,2024-09-25,2024-09-25,bug,closed,9,84,0
3741,27,2024-09-03,2024-09-07,bug,closed,34,160,5760
3742,144,2024-10-22,2024-10-26,usage_question,closed,8,224,5760
3743,414,2024-07-08,2024-07-10,usage_question,closed,34,143,2880
3744,1416,2024-07-28,2024-07-30,usage_question,closed,33,221,2880
3745,659,2024-04-30,2024-04-30,bug,closed,7,88,0
3746,1492,2024-09-08,2024-09-08,bug,closed,9,65,0
3747,294,2024-01-26,2024-01-28,bug,closed,44,40,2880
3748,1245,2024-06-12,2024-06-16,feature_request,closed,43,212,5760
3749,1412,2024-11-28,2024-12-03,feature_request,closed,6,216,7200
3750,1823,2024-05-11,2024-05-11,bug,closed,3,63,0
3751,537,2024-03-09,2024-03-11,billing,closed,16,73,2880
3752,200,2024-04-17,2024-04-23,feature_request,closed,49,224,8640
3753,1048,2024-10-06,2024-10-07,usage_question,closed,17,198,1440
3754,1872,2024-11-26,2024-11-30,other,closed,7,187,5760
3755,212,2024-01-26,2024-01-26,usage_question,closed,26,134,0
3756,1643,2024-06-25,2024-06-25,usage_question,closed,49,126,0
3757,808,2024-04-03,2024-04-03,feature_request,closed,27,47,0
3758,1548,2024-09-18,2024-09-25,usage_question,closed,16,130,10080
3759,3,2024-11-28,2024-11-30,bug,closed,30,164,2880
3760,1247,2024-12-01,2024-12-01,usage_question,closed,21,148,0
3761,51,2024-06-11,2024-06-18,bug,closed,19,207,10080
3762,737,2024-02-07,2024-02-07,bug,closed,49,78,0
3763,1400,2023-11-15,2023-11-15,usage_question,closed,32,127,0
3764,395,2024-01-25,2024-01-25,feature_request,closed,26,221,0
3765,1215,2024-07-16,2024-07-21,other,closed,10,45,7200
3766,1868,2024-07-05,2024-07-05,usage_question,closed,32,110,0
3767,201,2024-10-26,2024-10-26,usage_question,closed,36,211,0
3768,1917,2024-11-28,2024-12-05,usage_question,closed,30,230,10080
3769,296,2024-03-26,2024-03-26,billing,closed,33,80,0
3770,1323,2024-06-04,2024-06-05,other,closed,2,203,1440
3771,361,2024-10-01,2024-10-03,usage_question,closed,38,216,2880
3772,1507,2024-11-08,2024-11-09,billing,closed,12,221,1440
3773,537,2023-12-11,2023-12-11,usage_question,closed,47,48,0
3774,196,2024-04-25,2024-04-26,other,closed,18,166,1440
3775,1556,2024-01-15,2024-01-17,usage_question,closed,50,202,2880
3776,785,2023-10-24,2023-10-30,bug,closed,12,235,8640
3777,716,2024-11-13,2024-11-13,usage_question,closed,40,52,0
3778,1922,2023-09-15,2023-09-20,bug,closed,3,197,7200
3779,1611,2024-05-01,2024-05-08,feature_request,closed,43,240,10080
3780,886,2024-09-08,2024-09-08,other,closed,11,100,0
3781,1372,2023-10-24,2023-10-27,billing,closed,30,224,4320
3782,333,2024-08-10,2024-08-10,usage_question,closed,40,131,0
3783,1435,2024-04-30,2024-05-01,usage_question,closed,22,213,1440
3784,772,2024-02-07,2024-02-09,other,closed,47,61,2880
3785,1945,2024-11-04,2024-11-04,usage_question,closed,25,17,0
3786,1524,2024-04-17,2024-04-20,feature_request,closed,13,212,4320
3787,168,2024-09-01,2024-09-04,billing,closed,26,80,4320
3788,65,2024-09-25,2024-09-28,usage_question,closed,46,192,4320
3789,1017,2024-03-11,2024-03-15,usage_question,closed,48,123,5760
3790,1142,2023-08-18,2023-08-20,usage_question,closed,31,148,2880
3791,1662,2024-06-26,2024-06-26,other,closed,42,168,0
3792,1620,2023-12-18,2023-12-18,bug,closed,44,211,0
3793,1109,2024-03-21,2024-03-21,other,closed,13,50,0
3794,650,2024-06-15,2024-06-15,usage_question,closed,10,25,0
3795,1504,2024-01-15,2024-01-15,other,closed,13,110,0
3796,1681,2024-10-03,2024-10-03,usage_question,closed,32,236,0
3797,738,2023-10-12,2023-10-15,feature_request,closed,21,117,4320
3798,790,2023-11-13,2023-11-13,usage_question,closed,32,151,0
3799,1327,2024-05-21,2024-05-21,bug,closed,29,15,0
3800,1697,2024-02-27,2024-02-27,billing,closed,23,164,0
3801,673,2024-08-06,2024-08-11,usage_question,closed,14,97,7200
3802,1279,2024-05-31,2024-05-31,billing,closed,45,27,0
3803,484,2024-11-29,2024-11-30,feature_request,closed,49,59,1440
3804,1807,2024-01-14,2024-01-14,bug,closed,6,51,0
3805,1556,2024-05-16,2024-05-16,usage_question,closed,6,226,0
3806,1792,2024-12-14,2024-12-15,usage_question,closed,10,118,1440
3807,1828,2024-08-16,2024-08-16,other,closed,39,49,0
3808,808,2024-04-19,2024-04-19,bug,closed,36,144,0
3809,1941,2023-12-27,2024-01-03,bug,closed,26,69,10080
3810,82,2024-09-09,2024-09-11,other,closed,19,97,2880
3811,1269,2024-12-18,2024-12-24,feature_request,closed,3,211,8640
3812,470,2024-06-08,2024-06-11,bug,closed,38,191,4320
3813,253,2024-09-11,2024-09-11,usage_question,closed,23,41,0
3814,937,2024-12-29,2024-12-29,usage_question,closed,7,229,0
3815,213,2024-07-30,2024-08-01,bug,closed,3,181,2880
3816,84,2024-08-23,2024-08-23,other,closed,40,67,0
3817,545,2024-08-16,2024-08-16,bug,closed,34,229,0
3818,1506,2024-03-06,2024-03-06,bug,closed,30,200,0
3819,421,2024-04-01,2024-04-06,usage_question,closed,1,228,7200
3820,735,2024-07-02,2024-07-02,billing,closed,23,103,0
3821,424,2024-12-09,2024-12-12,bug,closed,11,214,4320
3822,1353,2024-06-11,2024-06-11,bug,closed,21,158,0
3823,1030,2024-06-18,2024-06-18,other,closed,43,15,0
3824,200,2024-05-03,2024-05-03,usage_question,closed,48,50,0
3825,394,2024-11-27,2024-11-28,bug,closed,40,221,1440
3826,623,2024-12-26,2024-12-26,bug,closed,15,179,0
3827,1362,2024-04-13,2024-04-13,billing,closed,34,105,0
3828,1534,2024-03-27,2024-03-27,bug,closed,23,130,0
3829,1259,2024-06-11,2024-06-15,bug,closed,27,82,5760
3830,360,2023-09-03,2023-09-03,bug,closed,25,113,0
3831,651,2024-10-09,2024-10-14,usage_question,closed,3,39,7200
3832,1119,2024-07-24,2024-07-24,bug,closed,39,19,0
3833,1177,2024-11-14,2024-11-20,bug,closed,20,195,8640
3834,1129,2024-04-11,2024-04-11,bug,closed,42,82,0
3835,295,2024-04-20,2024-04-24,bug,closed,33,234,5760
3836,1547,2024-12-11,2024-12-14,usage_question,closed,22,227,4320
3837,1322,2024-11-14,2024-11-14,usage_question,closed,33,201,0
3838,1437,2023-11-13,2023-11-14,bug,closed,27,64,1440
3839,1487,2024-12-13,2024-12-13,usage_question,closed,38,125,0
3840,1866,2023-06-01,2023-06-01,billing,closed,36,171,0
3841,835,2024-10-26,2024-10-29,usage_question,closed,38,88,4320
3842,1604,2024-08-07,2024-08-08,bug,closed,15,215,1440
3843,987,2024-11-05,2024-11-05,usage_question,closed,34,29,0
3844,984,2024-07-03,2024-07-04,usage_question,closed,32,166,1440
3845,487,2024-01-15,2024-01-16,feature_request,closed,29,151,1440
3846,771,2024-02-10,2024-02-10,bug,closed,47,77,0
3847,837,2024-11-25,2024-11-25,usage_question,closed,18,71,0
3848,1808,2024-05-30,2024-05-30,usage_question,closed,24,164,0
3849,808,2024-08-19,2024-08-19,billing,closed,29,115,0
3850,563,2024-05-12,2024-05-16,feature_request,closed,25,179,5760
3851,700,2024-10-26,2024-10-31,usage_question,closed,9,74,7200
3852,1919,2024-05-25,2024-05-25,other,closed,12,159,0
3853,621,2024-07-12,2024-07-16,usage_question,closed,3,20,5760
3854,1150,2023-12-07,2023-12-11,bug,closed,44,209,5760
3855,685,2024-08-12,2024-08-12,usage_question,closed,27,238,0
3856,790,2024-12-08,2024-12-08,bug,closed,3,99,0
3857,543,2024-08-04,2024-08-10,feature_request,closed,1,53,8640
3858,1945,2024-03-03,2024-03-03,billing,closed,32,147,0
3859,1683,2024-03-28,2024-03-28,usage_question,closed,33,156,0
3860,1415,2023-05-15,2023-05-20,bug,closed,33,60,7200
3861,1690,2024-09-12,2024-09-16,bug,closed,1,37,5760
3862,1044,2024-11-11,2024-11-11,other,closed,9,99,0
3863,711,2024-06-04,2024-06-08,other,closed,29,21,5760
3864,1811,2024-11-04,2024-11-04,bug,closed,37,213,0
3865,1115,2024-06-26,2024-06-29,usage_question,closed,29,27,4320
3866,1889,2024-02-26,2024-02-26,billing,closed,16,199,0
3867,1945,2024-12-29,2024-12-30,usage_question,closed,26,54,1440
3868,553,2024-03-29,2024-03-31,usage_question,closed,47,234,2880
3869,1676,2024-11-04,2024-11-04,usage_question,closed,1,240,0
3870,1877,2024-05-06,2024-05-12,bug,closed,42,90,8640
3871,1165,2024-10-04,2024-10-06,bug,closed,3,30,2880
3872,1808,2024-07-15,2024-07-15,usage_question,closed,49,21,0
3873,1623,2024-08-17,2024-08-22,bug,closed,37,189,7200
3874,1005,2024-09-04,2024-09-04,other,closed,23,154,0
3875,1043,2024-08-24,2024-08-26,usage_question,closed,13,221,2880
3876,1304,2024-11-15,2024-11-15,feature_request,closed,27,151,0
3877,1688,2024-09-16,2024-09-23,bug,closed,18,111,10080
3878,1726,2024-01-04,2024-01-04,feature_request,closed,39,118,0
3879,1863,2024-09-19,2024-09-26,billing,closed,40,196,10080
3880,1285,2024-02-23,2024-02-26,bug,closed,12,102,4320
3881,240,2023-10-04,2023-10-04,feature_request,closed,38,163,0
3882,661,2024-03-09,2024-03-09,billing,closed,48,139,0
3883,319,2024-08-23,2024-08-23,other,closed,17,180,0
3884,1936,2024-09-19,2024-09-24,bug,closed,16,50,7200
3885,1477,2023-11-09,2023-11-09,usage_question,closed,15,21,0
3886,1831,2024-12-11,2024-12-17,feature_request,closed,34,180,8640
3887,232,2024-04-28,2024-05-02,usage_question,closed,47,135,5760
3888,1793,2024-09-20,2024-09-20,bug,closed,29,217,0
3889,659,2024-07-05,2024-07-05,bug,closed,24,162,0
3890,1360,2024-04-28,2024-05-05,feature_request,closed,6,158,10080
3891,812,2024-01-21,2024-01-21,usage_question,closed,39,73,0
3892,686,2024-02-10,2024-02-10,usage_question,closed,31,33,0
3893,1876,2024-03-03,2024-03-03,usage_question,closed,24,223,0
3894,1033,2024-05-16,2024-05-21,usage_question,closed,13,37,7200
3895,567,2023-07-06,2023-07-06,feature_request,closed,40,18,0
3896,883,2024-08-24,2024-08-28,bug,closed,14,52,5760
3897,81,2024-06-19,2024-06-20,bug,closed,5,147,1440
3898,1503,2023-12-21,2023-12-26,other,closed,22,189,7200
3899,775,2024-03-23,2024-03-23,bug,closed,10,121,0
3900,688,2024-07-17,2024-07-18,feature_request,closed,30,81,1440
3901,48,2024-02-16,2024-02-16,other,closed,27,138,0
3902,378,2024-03-05,2024-03-05,usage_question,closed,48,66,0
3903,527,2023-12-30,2023-12-30,usage_question,closed,12,196,0
3904,18,2024-06-01,2024-06-04,billing,closed,31,227,4320
3905,1568,2024-04-13,2024-04-19,feature_request,closed,21,103,8640
3906,701,2023-10-20,2023-10-20,other,closed,47,178,0
3907,97,2024-03-01,2024-03-06,usage_question,closed,16,136,7200
3908,1910,2024-01-13,2024-01-13,other,closed,14,114,0
3909,1536,2024-06-04,2024-06-06,bug,closed,46,38,2880
3910,1408,2024-07-26,2024-07-26,feature_request,closed,36,145,0
3911,34,2023-12-11,2023-12-14,other,closed,17,38,4320
3912,1979,2024-05-15,2024-05-15,usage_question,closed,47,193,0
3913,1131,2024-04-30,2024-05-06,bug,closed,33,211,8640
3914,1336,2024-05-22,2024-05-22,usage_question,closed,49,225,0
3915,1473,2024-10-28,2024-10-28,usage_question,closed,14,125,0
3916,156,2024-09-23,2024-09-23,usage_question,closed,8,85,0
3917,1596,2023-10-06,2023-10-13,feature_request,closed,44,148,10080
3918,438,2024-12-07,2024-12-08,billing,closed,20,138,1440
3919,547,2024-05-22,2024-05-29,other,closed,27,137,10080
3920,114,2024-07-31,2024-08-01,other,closed,26,120,1440
3921,906,2024-06-16,2024-06-23,bug,closed,24,25,10080
3922,395,2024-01-13,2024-01-14,usage_question,closed,42,184,1440
3923,263,2024-04-05,2024-04-05,billing,closed,34,46,0
3924,220,2024-04-25,2024-05-02,billing,closed,26,79,10080
3925,1777,2024-05-22,2024-05-22,feature_request,closed,43,139,0
3926,647,2023-10-10,2023-10-17,usage_question,closed,37,26,10080
3927,890,2024-12-22,2024-12-22,usage_question,closed,9,77,0
3928,745,2024-09-23,2024-09-24,bug,closed,26,72,1440
3929,1034,2023-12-21,2023-12-21,feature_request,closed,47,171,0
3930,1877,2024-02-09,2024-02-10,bug,closed,50,143,1440
3931,1294,2024-05-08,2024-05-14,usage_question,closed,7,135,8640
3932,636,2024-09-21,2024-09-21,bug,closed,10,16,0
3933,1375,2024-04-30,2024-05-06,billing,closed,4,159,8640
3934,981,2023-08-20,2023-08-20,bug,closed,6,92,0
3935,1112,2024-04-18,2024-04-18,feature_request,closed,30,60,0
3936,130,2024-10-12,2024-10-12,bug,closed,7,24,0
3937,1292,2024-07-25,2024-08-01,bug,closed,42,78,10080
3938,789,2024-06-24,2024-06-25,billing,closed,46,153,1440
3939,689,2023-12-12,2023-12-14,feature_request,closed,22,55,2880
3940,595,2024-02-05,2024-02-09,feature_request,closed,39,89,5760
3941,1205,2024-03-17,2024-03-21,usage_question,closed,8,124,5760
3942,1941,2024-11-24,2024-12-01,other,closed,48,137,10080
3943,609,2024-09-28,2024-10-01,billing,closed,27,93,4320
3944,48,2024-04-15,2024-04-15,usage_question,closed,1,188,0
3945,1292,2023-10-29,2023-10-29,bug,closed,43,57,0
3946,1481,2024-07-10,2024-07-15,bug,closed,47,118,7200
3947,183,2024-06-11,2024-06-11,bug,closed,38,68,0
3948,230,2024-04-29,2024-05-06,billing,closed,5,101,10080
3949,239,2024-05-06,2024-05-07,usage_question,closed,39,149,1440
3950,232,2024-03-01,2024-03-05,bug,closed,5,91,5760
3951,1173,2024-10-10,2024-10-10,bug,closed,19,195,0
3952,872,2024-04-15,2024-04-15,bug,closed,34,89,0
3953,1034,2024-07-01,2024-07-04,bug,closed,2,66,4320
3954,1211,2023-08-23,2023-08-23,billing,closed,18,175,0
3955,1143,2024-11-26,2024-11-26,feature_request,closed,46,191,0
3956,757,2024-09-23,2024-09-25,bug,closed,19,226,2880
3957,442,2024-09-25,2024-09-25,usage_question,closed,5,198,0
3958,1117,2024-09-23,2024-09-23,usage_question,closed,34,103,0
3959,1101,2024-08-19,2024-08-19,feature_request,closed,31,225,0
3960,82,2024-06-08,2024-06-08,bug,closed,11,37,0
3961,243,2024-10-14,2024-10-20,bug,closed,10,101,8640
3962,1498,2024-01-01,2024-01-01,bug,closed,12,27,0
3963,1656,2024-02-29,2024-03-03,usage_question,closed,17,226,4320
3964,1715,2024-11-13,2024-11-19,usage_question,closed,47,180,8640
3965,42,2024-12-18,2024-12-23,bug,closed,11,70,7200
3966,1700,2024-06-10,2024-06-16,usage_question,closed,31,36,8640
3967,20,2023-11-26,2023-12-02,bug,closed,43,122,8640
3968,215,2024-07-07,2024-07-10,bug,closed,39,200,4320
3969,1506,2024-06-21,2024-06-23,feature_request,closed,15,114,2880
3970,233,2024-07-22,2024-07-29,bug,closed,6,101,10080
3971,1090,2024-10-23,2024-10-25,billing,closed,8,60,2880
3972,519,2023-06-20,2023-06-21,usage_question,closed,10,148,1440
3973,27,2024-05-20,2024-05-23,feature_request,closed,33,238,4320
3974,677,2024-05-17,2024-05-17,usage_question,closed,42,141,0
3975,967,2024-02-04,2024-02-04,other,closed,20,209,0
3976,1431,2024-08-16,2024-08-16,feature_request,closed,38,69,0
3977,1553,2024-04-12,2024-04-15,bug,closed,31,150,4320
3978,1574,2024-07-03,2024-07-08,feature_request,closed,22,233,7200
3979,830,2024-11-14,2024-11-14,usage_question,closed,8,81,0
3980,1981,2023-12-05,2023-12-12,usage_question,closed,30,153,10080
3981,1618,2024-10-29,2024-11-04,other,closed,31,236,8640
3982,1895,2024-06-01,2024-06-01,usage_question,closed,17,165,0
3983,578,2023-05-07,2023-05-13,bug,closed,13,52,8640
3984,1372,2024-05-04,2024-05-05,usage_question,closed,29,221,1440
3985,155,2024-07-11,2024-07-11,bug,closed,5,64,0
3986,1356,2024-08-29,2024-08-29,bug,closed,5,156,0
3987,1087,2024-01-18,2024-01-24,feature_request,closed,4,41,8640
3988,429,2024-10-15,2024-10-18,bug,closed,14,226,4320
3989,333,2024-04-21,2024-04-26,feature_request,closed,24,45,7200
3990,1337,2024-12-29,2024-12-31,billing,closed,16,232,2880
3991,535,2024-07-24,2024-07-24,usage_question,closed,33,175,0
3992,311,2023-11-19,2023-11-26,usage_question,closed,29,43,10080
3993,1105,2024-09-30,2024-10-07,usage_question,closed,27,232,10080
3994,973,2024-07-09,2024-07-16,usage_question,closed,22,193,10080
3995,323,2024-06-19,2024-06-19,usage_question,closed,50,183,0
3996,827,2024-06-17,2024-06-17,usage_question,closed,45,115,0
3997,1244,2024-04-27,2024-04-27,usage_question,closed,33,138,0
3998,1489,2024-05-23,2024-05-28,other,closed,29,16,7200
3999,838,2024-12-16,2024-12-16,feature_request,closed,38,229,0
4000,928,2024-04-03,2024-04-03,feature_request,closed,29,209,0
4001,1528,2024-11-07,2024-11-09,usage_question,closed,9,104,2880
4002,1723,2024-02-03,2024-02-05,bug,closed,9,171,2880
4003,1479,2024-01-26,2024-02-01,bug,closed,14,47,8640
4004,1945,2024-04-26,2024-04-27,bug,closed,14,239,1440
4005,949,2024-05-02,2024-05-09,usage_question,closed,50,173,10080
4006,594,2024-06-15,2024-06-15,usage_question,closed,10,40,0
4007,122,2024-01-18,2024-01-18,bug,closed,16,122,0
4008,276,2024-08-30,2024-08-30,billing,closed,11,65,0
4009,730,2024-09-26,2024-10-01,bug,closed,29,209,7200
4010,705,2024-07-13,2024-07-14,bug,closed,48,99,1440
4011,96,2024-08-23,2024-08-29,feature_request,closed,47,67,8640
4012,753,2024-12-21,2024-12-21,feature_request,closed,24,174,0
4013,192,2024-09-27,2024-09-27,usage_question,closed,40,42,0
4014,713,2024-03-14,2024-03-14,usage_question,closed,14,28,0
4015,361,2024-03-24,2024-03-24,bug,closed,33,168,0
4016,1388,2024-09-11,2024-09-11,usage_question,closed,49,147,0
4017,993,2024-05-01,2024-05-06,usage_question,closed,50,179,7200
4018,1809,2024-03-19,2024-03-19,bug,closed,10,55,0
4019,1946,2023-11-05,2023-11-05,billing,closed,4,36,0
4020,1785,2024-03-15,2024-03-22,usage_question,closed,43,127,10080
4021,147,2023-07-05,2023-07-08,billing,closed,43,95,4320
4022,1610,2024-11-03,2024-11-03,bug,closed,24,153,0
4023,595,2024-10-31,2024-10-31,usage_question,closed,14,207,0
4024,1068,2024-07-01,2024-07-01,bug,closed,33,86,0
4025,1347,2024-07-07,2024-07-07,usage_question,closed,49,105,0
4026,1302,2024-07-23,2024-07-23,bug,closed,25,85,0
4027,1676,2024-12-10,2024-12-10,bug,closed,37,213,0
4028,1742,2024-07-05,2024-07-12,feature_request,closed,33,17,10080
4029,206,2024-08-23,2024-08-23,feature_request,closed,7,59,0
4030,1585,2024-12-08,2024-12-14,usage_question,closed,49,140,8640
4031,838,2024-01-08,2024-01-08,bug,closed,40,97,0
4032,223,2024-10-09,2024-10-14,usage_question,closed,40,165,7200
4033,130,2023-12-05,2023-12-05,other,closed,2,229,0
4034,1987,2024-10-10,2024-10-14,billing,closed,46,226,5760
4035,930,2023-11-29,2023-11-30,billing,closed,48,81,1440
4036,530,2023-03-31,2023-04-02,usage_question,closed,9,48,2880
4037,42,2023-08-20,2023-08-24,feature_request,closed,39,18,5760
4038,303,2024-09-27,2024-09-27,other,closed,42,81,0
4039,922,2024-05-03,2024-05-03,bug,closed,22,154,0
4040,535,2024-11-01,2024-11-07,bug,closed,30,53,8640
4041,44,2024-06-05,2024-06-10,usage_question,closed,21,140,7200
4042,476,2023-10-25,2023-10-26,bug,closed,36,84,1440
4043,890,2024-08-11,2024-08-11,usage_question,closed,7,85,0
4044,289,2024-02-04,2024-02-11,billing,closed,24,64,10080
4045,1392,2024-10-26,2024-10-28,usage_question,closed,37,148,2880
4046,256,2024-06-17,2024-06-17,usage_question,closed,20,121,0
4047,587,2024-12-06,2024-12-06,bug,closed,37,179,0
4048,77,2024-12-29,2024-12-29,other,closed,15,235,0
4049,1992,2023-11-17,2023-11-17,usage_question,closed,24,93,0
4050,529,2024-10-08,2024-10-15,bug,closed,9,141,10080
4051,796,2023-11-28,2023-12-04,other,closed,46,204,8640
4052,1308,2024-10-02,2024-10-03,usage_question,closed,50,215,1440
4053,1908,2024-01-25,2024-01-25,bug,closed,10,219,0
4054,927,2024-09-11,2024-09-14,bug,closed,44,228,4320
4055,570,2024-07-15,2024-07-15,bug,closed,7,61,0
4056,837,2024-05-12,2024-05-16,feature_request,closed,25,222,5760
4057,676,2024-02-06,2024-02-06,usage_question,closed,10,89,0
4058,686,2024-08-07,2024-08-07,other,closed,10,126,0
4059,1232,2024-05-13,2024-05-19,usage_question,closed,35,141,8640
4060,1663,2024-06-03,2024-06-04,feature_request,closed,49,158,1440
4061,956,2024-12-20,2024-12-20,bug,closed,5,205,0
4062,1197,2024-05-30,2024-05-30,bug,closed,12,47,0
4063,1599,2024-03-13,2024-03-18,bug,closed,33,52,7200
4064,329,2023-12-08,2023-12-15,bug,closed,11,123,10080
4065,1361,2024-04-07,2024-04-12,bug,closed,7,67,7200
4066,1913,2024-02-21,2024-02-21,billing,closed,21,177,0
4067,1484,2024-12-19,2024-12-21,bug,closed,26,93,2880
4068,817,2023-10-17,2023-10-17,feature_request,closed,18,51,0
4069,733,2024-02-09,2024-02-15,bug,closed,42,225,8640
4070,120,2024-09-20,2024-09-20,bug,closed,25,195,0
4071,1333,2023-11-18,2023-11-19,usage_question,closed,46,18,1440
4072,1306,2024-09-03,2024-09-04,feature_request,closed,42,202,1440
4073,1317,2024-05-30,2024-05-30,bug,closed,35,231,0
4074,828,2023-12-24,2023-12-25,billing,closed,19,26,1440
4075,912,2024-10-13,2024-10-13,usage_question,closed,25,121,0
4076,364,2024-03-04,2024-03-04,usage_question,closed,50,176,0
4077,1059,2024-05-02,2024-05-02,usage_question,closed,25,81,0
4078,843,2023-09-10,2023-09-10,usage_question,closed,16,146,0
4079,1603,2024-01-04,2024-01-10,bug,closed,37,184,8640
4080,1819,2024-11-06,2024-11-06,bug,closed,11,89,0
4081,990,2024-08-21,2024-08-21,bug,closed,19,160,0
4082,542,2024-12-03,2024-12-04,usage_question,closed,48,117,1440
4083,1537,2024-01-14,2024-01-14,billing,closed,3,54,0
4084,310,2024-10-21,2024-10-21,usage_question,closed,47,72,0
4085,1203,2024-12-04,2024-12-04,feature_request,closed,34,203,0
4086,287,2023-10-14,2023-10-14,usage_question,closed,4,170,0
4087,504,2024-08-06,2024-08-07,bug,closed,30,129,1440
4088,876,2024-10-25,2024-11-01,bug,closed,1,30,10080
4089,255,2024-10-13,2024-10-19,usage_question,closed,38,45,8640
4090,1850,2024-06-13,2024-06-13,usage_question,closed,1,77,0
4091,57,2024-12-13,2024-12-13,billing,closed,40,126,0
4092,1833,2024-05-08,2024-05-08,usage_question,closed,15,74,0
4093,634,2024-01-27,2024-02-03,bug,closed,32,226,10080
4094,239,2024-01-21,2024-01-21,feature_request,closed,18,127,0
4095,51,2024-09-13,2024-09-13,usage_question,closed,39,113,0
4096,1383,2023-03-31,2023-03-31,usage_question,closed,48,125,0
4097,1282,2024-12-17,2024-12-21,usage_question,closed,34,28,5760
4098,620,2024-11-05,2024-11-08,bug,closed,15,222,4320
4099,716,2024-08-30,2024-08-30,usage_question,closed,12,150,0
4100,240,2024-07-22,2024-07-26,other,closed,22,224,5760
4101,228,2024-08-21,2024-08-21,usage_question,closed,17,193,0
4102,388,2024-07-23,2024-07-29,usage_question,closed,30,150,8640
4103,1536,2024-11-03,2024-11-09,bug,closed,19,121,8640
4104,1118,2024-04-22,2024-04-22,usage_question,closed,29,104,0
4105,1490,2024-04-23,2024-04-23,feature_request,closed,31,21,0
4106,1596,2024-11-18,2024-11-18,usage_question,closed,13,25,0
4107,251,2024-10-07,2024-10-10,feature_request,closed,10,152,4320
4108,1055,2024-11-19,2024-11-19,other,closed,8,138,0
4109,66,2024-07-10,2024-07-10,usage_question,closed,13,233,0
4110,1445,2024-04-28,2024-04-28,usage_question,closed,4,195,0
4111,761,2024-05-07,2024-05-14,feature_request,closed,18,210,10080
4112,1517,2024-11-01,2024-11-08,bug,closed,39,77,10080
4113,1199,2024-09-26,2024-09-30,feature_request,closed,3,35,5760
4114,1591,2024-06-06,2024-06-06,bug,closed,29,152,0
4115,74,2024-12-21,2024-12-26,other,closed,8,148,7200
4116,1875,2024-12-27,2024-12-27,bug,closed,26,80,0
4117,1342,2024-09-12,2024-09-16,billing,closed,35,25,5760
4118,1788,2024-05-07,2024-05-07,feature_request,closed,34,137,0
4119,874,2024-08-22,2024-08-25,feature_request,closed,47,99,4320
4120,412,2023-05-14,2023-05-15,bug,closed,16,155,1440
4121,989,2024-11-20,2024-11-20,usage_question,closed,4,46,0
4122,392,2024-03-15,2024-03-15,billing,closed,34,142,0
4123,464,2024-07-25,2024-07-25,bug,closed,5,68,0
4124,843,2024-02-27,2024-02-27,usage_question,closed,34,86,0
4125,567,2023-11-26,2023-11-26,other,closed,7,205,0
4126,1601,2024-12-26,2024-12-26,usage_question,closed,14,112,0
4127,1499,2023-07-23,2023-07-23,bug,closed,21,55,0
4128,1026,2024-01-25,2024-01-25,feature_request,closed,37,121,0
4129,1179,2024-08-16,2024-08-19,usage_question,closed,14,108,4320
4130,1715,2024-03-29,2024-03-31,usage_question,closed,32,232,2880
4131,969,2023-10-08,2023-10-11,feature_request,closed,31,137,4320
4132,1528,2024-05-05,2024-05-05,bug,closed,23,30,0
4133,13,2024-01-09,2024-01-13,bug,closed,3,73,5760
4134,1693,2024-02-29,2024-03-01,usage_question,closed,25,161,1440
4135,957,2024-12-25,2024-12-25,bug,closed,19,155,0
4136,1099,2024-12-15,2024-12-19,usage_question,closed,36,88,5760
4137,465,2024-10-10,2024-10-17,bug,closed,19,42,10080
4138,265,2024-05-06,2024-05-06,other,closed,3,229,0
4139,457,2024-03-30,2024-03-30,usage_question,closed,4,198,0
4140,1692,2024-04-19,2024-04-20,usage_question,closed,4,92,1440
4141,181,2023-11-11,2023-11-11,usage_question,closed,12,114,0
4142,912,2024-02-26,2024-02-26,bug,closed,10,112,0
4143,1943,2024-04-07,2024-04-08,usage_question,closed,40,169,1440
4144,107,2024-05-08,2024-05-12,feature_request,closed,36,77,5760
4145,407,2024-08-10,2024-08-15,other,closed,23,173,7200
4146,494,2023-12-05,2023-12-12,usage_question,closed,36,30,10080
4147,1392,2024-12-07,2024-12-12,usage_question,closed,9,190,7200
4148,1682,2024-01-29,2024-01-29,other,closed,16,54,0
4149,960,2024-08-31,2024-09-04,feature_request,closed,49,15,5760
4150,504,2024-11-22,2024-11-29,usage_question,closed,50,227,10080
4151,657,2024-03-11,2024-03-14,feature_request,closed,7,83,4320
4152,146,2023-10-08,2023-10-15,usage_question,closed,45,236,10080
4153,832,2024-05-03,2024-05-05,bug,closed,9,224,2880
4154,1805,2024-09-05,2024-09-05,feature_request,closed,44,179,0
4155,125,2024-12-03,2024-12-03,feature_request,closed,32,215,0
4156,387,2024-02-05,2024-02-05,billing,closed,29,161,0
4157,545,2023-11-24,2023-11-24,usage_question,closed,24,188,0
4158,86,2024-10-22,2024-10-25,bug,closed,34,193,4320
4159,1254,2024-03-17,2024-03-17,bug,closed,40,198,0
4160,879,2024-07-15,2024-07-17,usage_question,closed,49,184,2880
4161,505,2024-12-19,2024-12-20,bug,closed,50,92,1440
4162,1911,2023-09-17,2023-09-21,usage_question,closed,9,80,5760
4163,1025,2024-10-21,2024-10-21,usage_question,closed,10,190,0
4164,109,2024-05-23,2024-05-25,usage_question,closed,25,209,2880
4165,881,2024-06-27,2024-06-27,feature_request,closed,19,19,0
4166,812,2024-04-12,2024-04-12,bug,closed,29,221,0
4167,796,2024-01-27,2024-01-27,usage_question,closed,3,79,0
4168,178,2024-01-09,2024-01-16,feature_request,closed,43,87,10080
4169,1594,2024-01-09,2024-01-09,bug,closed,25,232,0
4170,1242,2024-02-02,2024-02-04,feature_request,closed,13,177,2880
4171,511,2024-05-10,2024-05-10,billing,closed,14,47,0
4172,1305,2024-01-12,2024-01-14,bug,closed,36,128,2880
4173,1125,2024-08-18,2024-08-24,usage_question,closed,35,212,8640
4174,1852,2023-12-24,2023-12-24,usage_question,closed,6,184,0
4175,1463,2024-07-15,2024-07-17,usage_question,closed,33,67,2880
4176,625,2024-11-22,2024-11-25,usage_question,closed,23,98,4320
4177,1134,2024-04-25,2024-04-26,bug,closed,9,240,1440
4178,1028,2024-09-02,2024-09-03,usage_question,closed,24,193,1440
4179,270,2024-02-10,2024-02-10,bug,closed,26,164,0
4180,296,2023-12-22,2023-12-27,other,closed,8,94,7200
4181,1262,2024-04-24,2024-04-24,feature_request,closed,27,30,0
4182,192,2024-07-23,2024-07-27,feature_request,closed,4,200,5760
4183,147,2023-12-02,2023-12-02,bug,closed,9,47,0
4184,225,2024-03-10,2024-03-12,billing,closed,24,196,2880
4185,1540,2023-12-28,2023-12-28,feature_request,closed,33,77,0
4186,1477,2024-05-07,2024-05-07,bug,closed,20,133,0
4187,455,2024-11-04,2024-11-04,billing,closed,21,116,0
4188,1017,2024-08-05,2024-08-05,usage_question,closed,11,124,0
4189,188,2024-04-15,2024-04-15,other,closed,11,119,0
4190,498,2024-12-11,2024-12-11,usage_question,closed,42,236,0
4191,326,2024-10-17,2024-10-21,usage_question,closed,15,176,5760
4192,365,2024-07-08,2024-07-13,bug,closed,29,48,7200
4193,898,2023-11-09,2023-11-12,other,closed,10,76,4320
4194,1974,2024-06-27,2024-07-02,bug,closed,5,170,7200
4195,1452,2023-12-07,2023-12-07,feature_request,closed,22,153,0
4196,183,2024-11-04,2024-11-04,usage_question,closed,19,127,0
4197,1944,2023-11-01,2023-11-06,bug,closed,36,207,7200
4198,395,2024-10-02,2024-10-03,other,closed,32,110,1440
4199,798,2024-05-26,2024-05-26,usage_question,closed,23,130,0
4200,405,2024-12-25,2024-12-25,usage_question,closed,3,108,0
4201,1862,2024-09-10,2024-09-10,feature_request,closed,50,86,0
4202,1352,2024-12-15,2024-12-15,usage_question,closed,2,139,0
4203,1971,2024-02-24,2024-02-25,usage_question,closed,46,35,1440
4204,1925,2024-06-03,2024-06-03,bug,closed,26,68,0
4205,377,2024-10-23,2024-10-29,usage_question,closed,42,64,8640
4206,433,2024-12-29,2025-01-03,feature_request,open,7,163,7200
4207,1207,2024-04-22,2024-04-22,usage_question,closed,27,85,0
4208,702,2024-10-23,2024-10-30,bug,closed,26,55,10080
4209,399,2024-01-15,2024-01-19,usage_question,closed,47,224,5760
4210,1969,2024-06-12,2024-06-16,feature_request,closed,43,76,5760
4211,1218,2024-01-10,2024-01-10,usage_question,closed,6,124,0
4212,155,2024-11-07,2024-11-13,usage_question,closed,9,139,8640
4213,516,2024-07-30,2024-08-03,bug,closed,26,111,5760
4214,92,2024-05-03,2024-05-03,bug,closed,9,175,0
4215,362,2024-09-16,2024-09-16,bug,closed,40,104,0
4216,1725,2024-01-25,2024-01-29,billing,closed,21,33,5760
4217,1856,2023-04-24,2023-04-25,bug,closed,35,99,1440
4218,885,2024-12-20,2024-12-20,usage_question,closed,45,99,0
4219,562,2024-04-03,2024-04-10,bug,closed,30,149,10080
4220,606,2024-03-31,2024-03-31,bug,closed,31,149,0
4221,1031,2024-12-11,2024-12-11,billing,closed,45,55,0
4222,260,2024-11-07,2024-11-07,other,closed,49,124,0
4223,192,2024-05-28,2024-05-28,usage_question,closed,45,215,0
4224,408,2023-07-15,2023-07-15,billing,closed,27,144,0
4225,927,2024-12-05,2024-12-10,bug,closed,27,119,7200
4226,668,2024-03-01,2024-03-05,feature_request,closed,17,46,5760
4227,628,2024-01-26,2024-01-30,other,closed,45,25,5760
4228,869,2024-09-06,2024-09-09,bug,closed,40,63,4320
4229,231,2024-10-20,2024-10-21,bug,closed,13,220,1440
4230,1598,2024-05-27,2024-06-01,billing,closed,49,33,7200
4231,1111,2024-02-07,2024-02-07,bug,closed,8,166,0
4232,1205,2023-10-01,2023-10-05,bug,closed,3,85,5760
4233,1969,2024-06-28,2024-07-02,feature_request,closed,45,224,5760
4234,161,2024-09-15,2024-09-15,other,closed,34,33,0
4235,1722,2023-12-22,2023-12-22,bug,closed,49,202,0
4236,132,2024-11-30,2024-11-30,billing,closed,45,143,0
4237,1459,2023-04-18,2023-04-18,bug,closed,4,128,0
4238,1439,2024-03-02,2024-03-07,other,closed,4,223,7200
4239,1462,2024-06-20,2024-06-23,other,closed,50,103,4320
4240,112,2024-09-22,2024-09-29,feature_request,closed,42,173,10080
4241,1617,2024-07-09,2024-07-15,bug,closed,1,116,8640
4242,280,2024-12-28,2024-12-28,bug,closed,48,117,0
4243,1551,2024-02-06,2024-02-13,usage_question,closed,29,61,10080
4244,232,2024-11-07,2024-11-10,usage_question,closed,40,52,4320
4245,1712,2024-04-29,2024-04-29,bug,closed,45,144,0
4246,1599,2024-12-26,2025-01-01,other,open,19,203,8640
4247,1025,2024-03-27,2024-03-27,other,closed,45,46,0
4248,977,2024-03-13,2024-03-13,bug,closed,44,158,0
4249,412,2024-01-07,2024-01-12,feature_request,closed,27,151,7200
4250,1614,2024-07-04,2024-07-04,feature_request,closed,30,176,0
4251,1957,2024-12-19,2024-12-19,bug,closed,6,235,0
4252,172,2024-09-04,2024-09-10,other,closed,15,40,8640
4253,1482,2024-09-17,2024-09-17,usage_question,closed,36,92,0
4254,1882,2024-09-22,2024-09-28,bug,closed,6,184,8640
4255,1716,2024-05-28,2024-05-30,bug,closed,10,182,2880
4256,695,2024-07-28,2024-07-28,usage_question,closed,49,33,0
4257,1583,2023-10-30,2023-11-05,billing,closed,49,208,8640
4258,655,2024-08-10,2024-08-10,usage_question,closed,15,130,0
4259,1423,2024-02-13,2024-02-18,billing,closed,40,81,7200
4260,447,2024-09-22,2024-09-24,bug,closed,48,86,2880
4261,549,2024-08-17,2024-08-23,feature_request,closed,22,57,8640
4262,1037,2023-10-24,2023-10-27,usage_question,closed,40,122,4320
4263,1382,2024-05-29,2024-06-02,billing,closed,36,61,5760
4264,1160,2023-12-10,2023-12-14,usage_question,closed,38,215,5760
4265,916,2024-03-23,2024-03-23,other,closed,44,32,0
4266,1126,2023-11-29,2023-11-29,feature_request,closed,46,227,0
4267,1078,2024-06-26,2024-07-03,bug,closed,47,119,10080
4268,474,2023-11-20,2023-11-24,bug,closed,44,68,5760
4269,549,2023-06-17,2023-06-17,usage_question,closed,31,43,0
4270,1588,2024-05-14,2024-05-19,other,closed,2,89,7200
4271,142,2023-12-03,2023-12-10,usage_question,closed,16,154,10080
4272,338,2024-03-18,2024-03-25,bug,closed,21,236,10080
4273,1003,2024-08-09,2024-08-09,other,closed,22,218,0
4274,586,2024-08-26,2024-08-31,usage_question,closed,39,176,7200
4275,717,2024-07-08,2024-07-08,other,closed,35,90,0
4276,172,2024-10-05,2024-10-05,feature_request,closed,14,103,0
4277,1679,2024-10-25,2024-10-27,usage_question,closed,11,112,2880
4278,1858,2023-11-27,2023-12-02,feature_request,closed,13,147,7200
4279,782,2024-11-01,2024-11-01,bug,closed,16,145,0
4280,446,2024-08-16,2024-08-17,usage_question,closed,31,90,1440
4281,985,2024-07-29,2024-07-29,other,closed,14,80,0
4282,522,2024-11-29,2024-12-04,usage_question,closed,34,93,7200
4283,211,2024-11-22,2024-11-24,feature_request,closed,33,168,2880
4284,1675,2024-01-15,2024-01-16,other,closed,29,59,1440
4285,1642,2024-07-22,2024-07-22,billing,closed,16,154,0
4286,1782,2024-12-01,2024-12-01,billing,closed,35,55,0
4287,44,2024-12-16,2024-12-16,usage_question,closed,38,43,0
4288,1425,2024-05-03,2024-05-03,usage_question,closed,46,223,0
4289,1077,2024-07-22,2024-07-22,usage_question,closed,2,189,0
4290,1371,2024-09-10,2024-09-14,bug,closed,3,19,5760
4291,1582,2024-08-19,2024-08-19,feature_request,closed,36,24,0
4292,5,2024-03-20,2024-03-24,bug,closed,7,172,5760
4293,1921,2023-10-24,2023-10-29,usage_question,closed,1,91,7200
4294,765,2024-06-15,2024-06-17,other,closed,49,67,2880
4295,1780,2024-09-10,2024-09-10,feature_request,closed,4,34,0
4296,1434,2023-11-25,2023-11-28,bug,closed,46,66,4320
4297,408,2024-06-10,2024-06-10,other,closed,34,182,0
4298,305,2024-12-16,2024-12-18,billing,closed,15,226,2880
4299,1716,2024-12-29,2024-12-29,billing,closed,5,49,0
4300,787,2024-08-11,2024-08-17,feature_request,closed,8,134,8640
4301,539,2024-06-15,2024-06-15,other,closed,29,28,0
4302,677,2024-01-20,2024-01-24,usage_question,closed,31,133,5760
4303,174,2023-10-27,2023-10-27,bug,closed,9,145,0
4304,413,2024-11-14,2024-11-18,other,closed,7,17,5760
4305,1085,2024-06-13,2024-06-13,other,closed,14,205,0
4306,1136,2023-12-13,2023-12-13,usage_question,closed,5,77,0
4307,342,2024-11-21,2024-11-25,usage_question,closed,3,181,5760
4308,1560,2024-06-12,2024-06-12,other,closed,43,148,0
4309,611,2024-11-02,2024-11-02,usage_question,closed,5,120,0
4310,595,2024-08-12,2024-08-19,other,closed,36,165,10080
4311,1991,2024-07-26,2024-07-30,billing,closed,42,140,5760
4312,88,2024-07-28,2024-08-04,bug,closed,10,226,10080
4313,398,2024-06-24,2024-06-29,feature_request,closed,5,47,7200
4314,1150,2023-12-20,2023-12-23,bug,closed,47,172,4320
4315,192,2023-10-10,2023-10-13,bug,closed,40,155,4320
4316,262,2023-10-26,2023-10-28,usage_question,closed,27,18,2880
4317,612,2024-10-12,2024-10-12,usage_question,closed,22,185,0
4318,874,2024-04-25,2024-04-27,feature_request,closed,16,87,2880
4319,1212,2024-12-20,2024-12-22,other,closed,23,40,2880
4320,597,2024-05-03,2024-05-03,usage_question,closed,24,115,0
4321,1832,2024-10-18,2024-10-18,billing,closed,50,155,0
4322,1937,2024-10-01,2024-10-04,usage_question,closed,50,187,4320
4323,1228,2024-05-11,2024-05-11,bug,closed,6,170,0
4324,1881,2024-10-14,2024-10-14,bug,closed,31,62,0
4325,1462,2024-09-16,2024-09-20,other,closed,47,57,5760
4326,1292,2024-10-14,2024-10-14,usage_question,closed,33,28,0
4327,485,2024-04-08,2024-04-13,bug,closed,32,167,7200
4328,1937,2023-10-31,2023-10-31,usage_question,closed,43,220,0
4329,638,2023-10-30,2023-10-30,usage_question,closed,15,91,0
4330,1385,2024-04-18,2024-04-24,feature_request,closed,46,45,8640
4331,812,2023-11-30,2023-11-30,feature_request,closed,38,19,0
4332,1317,2023-06-28,2023-07-05,usage_question,closed,50,65,10080
4333,1346,2024-10-20,2024-10-20,other,closed,43,191,0
4334,1700,2024-08-13,2024-08-13,bug,closed,7,57,0
4335,1122,2024-10-31,2024-10-31,usage_question,closed,49,74,0
4336,1744,2024-02-13,2024-02-18,usage_question,closed,47,198,7200
4337,1744,2024-06-26,2024-06-26,bug,closed,11,31,0
4338,723,2024-11-29,2024-11-29,billing,closed,27,143,0
4339,160,2024-06-08,2024-06-08,billing,closed,10,96,0
4340,1870,2024-03-25,2024-03-26,other,closed,44,113,1440
4341,1185,2023-12-05,2023-12-05,usage_question,closed,5,29,0
4342,1152,2024-07-29,2024-07-30,bug,closed,25,23,1440
4343,1893,2024-02-14,2024-02-14,bug,closed,42,86,0
4344,1718,2024-08-24,2024-08-24,usage_question,closed,24,207,0
4345,1103,2024-07-21,2024-07-21,bug,closed,14,39,0
4346,580,2024-06-28,2024-06-29,usage_question,closed,17,184,1440
4347,1248,2024-12-08,2024-12-13,billing,closed,24,74,7200
4348,1809,2024-05-01,2024-05-01,usage_question,closed,11,165,0
4349,648,2024-04-10,2024-04-11,usage_question,closed,43,217,1440
4350,53,2024-03-06,2024-03-08,usage_question,closed,19,198,2880
4351,524,2024-02-03,2024-02-03,other,closed,12,202,0
4352,1798,2024-11-14,2024-11-16,feature_request,closed,44,24,2880
4353,1816,2024-05-16,2024-05-21,billing,closed,7,94,7200
4354,1119,2024-03-25,2024-03-25,other,closed,24,204,0
4355,307,2024-11-01,2024-11-04,other,closed,31,162,4320
4356,711,2024-05-16,2024-05-16,bug,closed,8,21,0
4357,1247,2023-11-16,2023-11-20,bug,closed,49,72,5760
4358,1328,2024-12-01,2024-12-01,usage_question,closed,8,37,0
4359,591,2024-05-09,2024-05-09,usage_question,closed,29,76,0
4360,1766,2024-10-08,2024-10-09,billing,closed,47,162,1440
4361,335,2024-07-12,2024-07-15,bug,closed,26,85,4320
4362,1636,2024-04-04,2024-04-07,usage_question,closed,33,222,4320
4363,774,2024-02-16,2024-02-16,bug,closed,27,156,0
4364,1949,2024-11-06,2024-11-11,bug,closed,30,95,7200
4365,1526,2024-08-10,2024-08-10,usage_question,closed,22,23,0
4366,145,2024-11-12,2024-11-12,feature_request,closed,44,121,0
4367,945,2024-11-02,2024-11-02,other,closed,25,155,0
4368,286,2024-01-23,2024-01-23,billing,closed,19,68,0
4369,1829,2024-08-09,2024-08-09,billing,closed,36,212,0
4370,425,2023-12-25,2023-12-25,usage_question,closed,9,162,0
4371,1910,2024-09-02,2024-09-02,usage_question,closed,24,124,0
4372,1254,2024-12-02,2024-12-02,bug,closed,47,36,0
4373,469,2024-03-10,2024-03-10,usage_question,closed,16,57,0
4374,1263,2024-09-17,2024-09-17,bug,closed,9,210,0
4375,534,2024-06-09,2024-06-09,bug,closed,9,127,0
4376,698,2024-05-07,2024-05-09,bug,closed,47,95,2880
4377,1483,2024-11-16,2024-11-16,other,closed,10,58,0
4378,573,2024-07-30,2024-07-30,bug,closed,47,164,0
4379,957,2024-05-02,2024-05-02,bug,closed,31,85,0
4380,157,2024-11-02,2024-11-07,bug,closed,14,124,7200
4381,832,2024-09-29,2024-09-30,billing,closed,22,48,1440
4382,1059,2024-06-17,2024-06-17,billing,closed,25,97,0
4383,1999,2024-12-27,2024-12-29,bug,closed,30,234,2880
4384,1357,2024-10-02,2024-10-02,usage_question,closed,40,33,0
4385,1387,2024-02-27,2024-02-27,other,closed,27,103,0
4386,978,2024-06-21,2024-06-22,bug,closed,1,139,1440
4387,828,2024-01-19,2024-01-21,other,closed,38,222,2880
4388,856,2024-07-24,2024-07-26,usage_question,closed,29,154,2880
4389,324,2024-08-04,2024-08-04,usage_question,closed,24,239,0
4390,1331,2024-09-15,2024-09-15,bug,closed,36,19,0
4391,1280,2023-10-22,2023-10-22,other,closed,16,164,0
4392,1417,2023-10-17,2023-10-17,other,closed,10,59,0
4393,444,2024-11-16,2024-11-23,usage_question,closed,32,140,10080
4394,43,2024-11-08,2024-11-08,bug,closed,42,68,0
4395,396,2024-12-06,2024-12-06,other,closed,36,50,0
4396,1511,2024-09-12,2024-09-13,usage_question,closed,42,106,1440
4397,1897,2024-05-10,2024-05-17,other,closed,1,72,10080
4398,1312,2024-11-03,2024-11-03,bug,closed,49,171,0
4399,1950,2024-09-16,2024-09-18,other,closed,25,166,2880
4400,1584,2024-03-25,2024-03-29,usage_question,closed,37,200,5760
4401,1494,2024-04-24,2024-04-29,usage_question,closed,22,142,7200
4402,1732,2024-10-27,2024-11-01,other,closed,32,225,7200
4403,196,2024-06-13,2024-06-13,bug,closed,42,131,0
4404,1275,2023-12-02,2023-12-02,usage_question,closed,40,198,0
4405,1262,2023-10-10,2023-10-10,bug,closed,42,153,0
4406,367,2024-01-08,2024-01-08,usage_question,closed,25,134,0
4407,103,2024-09-17,2024-09-24,usage_question,closed,21,45,10080
4408,1503,2024-04-25,2024-04-25,bug,closed,17,135,0
4409,1806,2024-06-03,2024-06-03,bug,closed,34,182,0
4410,1466,2024-08-03,2024-08-03,bug,closed,22,122,0
4411,1321,2024-08-21,2024-08-21,other,closed,26,42,0
4412,914,2024-06-23,2024-06-29,feature_request,closed,42,39,8640
4413,267,2023-04-13,2023-04-15,usage_question,closed,19,238,2880
4414,1329,2024-11-23,2024-11-26,feature_request,closed,7,32,4320
4415,1694,2024-10-24,2024-10-26,feature_request,closed,6,138,2880
4416,1636,2024-11-29,2024-12-01,usage_question,closed,49,117,2880
4417,226,2024-12-10,2024-12-11,bug,closed,32,149,1440
4418,464,2024-08-09,2024-08-11,feature_request,closed,50,197,2880
4419,1025,2024-02-25,2024-02-26,bug,closed,36,41,1440
4420,1895,2024-05-08,2024-05-08,other,closed,22,76,0
4421,563,2024-07-16,2024-07-21,usage_question,closed,32,146,7200
4422,1439,2024-05-25,2024-05-28,feature_request,closed,43,55,4320
4423,1342,2024-03-17,2024-03-21,usage_question,closed,47,101,5760
4424,1357,2024-01-15,2024-01-18,usage_question,closed,32,122,4320
4425,1900,2023-10-13,2023-10-20,usage_question,closed,22,133,10080
4426,470,2024-10-07,2024-10-07,usage_question,closed,45,188,0
4427,606,2023-10-23,2023-10-23,feature_request,closed,42,109,0
4428,1812,2023-08-20,2023-08-25,usage_question,closed,25,61,7200
4429,458,2024-04-13,2024-04-16,bug,closed,9,233,4320
4430,216,2024-10-21,2024-10-21,bug,closed,9,184,0
4431,651,2024-05-11,2024-05-13,feature_request,closed,5,130,2880
4432,343,2024-06-14,2024-06-16,bug,closed,22,202,2880
4433,969,2024-06-01,2024-06-01,feature_request,closed,38,95,0
4434,1341,2023-12-14,2023-12-20,usage_question,closed,49,157,8640
4435,513,2024-10-20,2024-10-22,usage_question,closed,45,214,2880
4436,1609,2024-05-29,2024-06-04,bug,closed,8,28,8640
4437,1794,2023-04-05,2023-04-08,bug,closed,31,169,4320
4438,1948,2023-12-01,2023-12-03,usage_question,closed,48,80,2880
4439,1814,2024-11-27,2024-11-27,bug,closed,33,100,0
4440,1291,2024-08-22,2024-08-23,feature_request,closed,14,199,1440
4441,578,2024-02-09,2024-02-15,bug,closed,37,63,8640
4442,1493,2023-12-01,2023-12-01,usage_question,closed,25,55,0
4443,1310,2024-04-29,2024-05-02,feature_request,closed,36,25,4320
4444,1216,2024-12-01,2024-12-03,usage_question,closed,24,103,2880
4445,1033,2024-08-12,2024-08-14,feature_request,closed,40,180,2880
4446,1791,2023-10-06,2023-10-12,feature_request,closed,17,20,8640
4447,439,2023-10-26,2023-10-31,usage_question,closed,13,48,7200
4448,1704,2023-10-23,2023-10-28,bug,closed,42,184,7200
4449,95,2024-12-24,2024-12-24,bug,closed,38,225,0
4450,349,2024-07-25,2024-07-25,bug,closed,12,19,0
4451,297,2024-06-23,2024-06-25,usage_question,closed,33,193,2880
4452,911,2024-03-06,2024-03-06,bug,closed,15,173,0
4453,97,2024-04-15,2024-04-15,feature_request,closed,49,236,0
4454,577,2024-07-22,2024-07-22,other,closed,24,126,0
4455,939,2023-12-07,2023-12-07,usage_question,closed,6,194,0
4456,1370,2024-06-16,2024-06-23,feature_request,closed,4,124,10080
4457,738,2024-09-08,2024-09-08,bug,closed,11,73,0
4458,1010,2024-12-22,2024-12-29,other,closed,15,224,10080
4459,1033,2024-10-05,2024-10-05,bug,closed,8,106,0
4460,517,2024-11-06,2024-11-10,usage_question,closed,50,17,5760
4461,751,2024-07-09,2024-07-09,usage_question,closed,38,204,0
4462,1629,2024-07-18,2024-07-23,other,closed,26,154,7200
4463,890,2024-07-02,2024-07-02,usage_question,closed,29,68,0
4464,1178,2024-11-06,2024-11-07,usage_question,closed,31,115,1440
4465,453,2023-11-01,2023-11-01,billing,closed,15,61,0
4466,580,2024-03-01,2024-03-04,usage_question,closed,10,131,4320
4467,1162,2024-04-11,2024-04-15,bug,closed,23,60,5760
4468,1731,2024-03-30,2024-03-30,bug,closed,30,115,0
4469,1720,2023-07-05,2023-07-07,feature_request,closed,22,55,2880
4470,1298,2024-09-21,2024-09-23,bug,closed,3,122,2880
4471,867,2023-01-16,2023-01-20,feature_request,closed,1,49,5760
4472,1440,2023-12-03,2023-12-03,bug,closed,47,187,0
4473,939,2024-12-15,2024-12-15,billing,closed,13,128,0
4474,743,2024-12-17,2024-12-17,feature_request,closed,38,27,0
4475,956,2024-03-28,2024-04-03,feature_request,closed,29,100,8640
4476,1135,2024-11-25,2024-11-30,billing,closed,36,160,7200
4477,1163,2024-11-13,2024-11-17,usage_question,closed,31,65,5760
4478,848,2024-06-22,2024-06-22,other,closed,31,108,0
4479,1400,2024-09-04,2024-09-05,feature_request,closed,32,186,1440
4480,1797,2024-12-09,2024-12-09,feature_request,closed,18,180,0
4481,517,2024-03-14,2024-03-14,usage_question,closed,35,161,0
4482,149,2023-10-13,2023-10-13,feature_request,closed,25,199,0
4483,352,2024-12-26,2025-01-02,bug,open,17,98,10080
4484,1086,2024-10-17,2024-10-21,bug,closed,5,85,5760
4485,463,2024-04-20,2024-04-22,feature_request,closed,10,205,2880
4486,539,2024-06-01,2024-06-01,usage_question,closed,46,110,0
4487,1830,2023-10-19,2023-10-26,feature_request,closed,10,215,10080
4488,21,2024-09-21,2024-09-23,bug,closed,40,139,2880
4489,868,2024-02-09,2024-02-09,bug,closed,31,97,0
4490,98,2024-11-27,2024-12-04,feature_request,closed,26,127,10080
4491,1478,2023-12-07,2023-12-07,bug,closed,21,146,0
4492,731,2024-06-13,2024-06-13,bug,closed,44,192,0
4493,639,2023-09-17,2023-09-21,bug,closed,20,46,5760
4494,1061,2024-04-25,2024-04-25,usage_question,closed,26,16,0
4495,787,2024-10-19,2024-10-20,usage_question,closed,6,224,1440
4496,699,2024-05-21,2024-05-21,usage_question,closed,4,41,0
4497,967,2024-12-07,2024-12-11,bug,closed,22,238,5760
4498,1064,2024-09-10,2024-09-11,billing,closed,18,180,1440
4499,896,2024-03-26,2024-03-31,billing,closed,48,45,7200
4500,194,2024-09-13,2024-09-19,bug,closed,19,192,8640
4501,893,2024-06-16,2024-06-22,bug,closed,23,88,8640
4502,285,2024-12-10,2024-12-10,other,closed,20,161,0
4503,1504,2024-01-03,2024-01-03,feature_request,closed,4,56,0
4504,271,2024-06-09,2024-06-09,other,closed,12,123,0
4505,1292,2024-05-17,2024-05-22,bug,closed,5,146,7200
4506,1797,2024-08-09,2024-08-13,billing,closed,39,177,5760
4507,1089,2024-06-01,2024-06-01,feature_request,closed,49,215,0
4508,1020,2024-02-06,2024-02-06,other,closed,37,194,0
4509,1847,2024-02-01,2024-02-01,usage_question,closed,32,180,0
4510,1840,2024-08-26,2024-08-26,bug,closed,33,58,0
4511,1863,2024-06-22,2024-06-22,billing,closed,42,133,0
4512,201,2024-04-19,2024-04-22,bug,closed,27,187,4320
4513,936,2024-06-23,2024-06-23,bug,closed,16,220,0
4514,1773,2023-10-18,2023-10-21,usage_question,closed,47,116,4320
4515,641,2024-05-30,2024-06-03,usage_question,closed,43,75,5760
4516,1530,2024-06-09,2024-06-09,usage_question,closed,2,213,0
4517,925,2024-10-05,2024-10-10,usage_question,closed,30,102,7200
4518,643,2024-12-23,2024-12-27,bug,closed,40,154,5760
4519,1537,2024-09-16,2024-09-23,billing,closed,10,155,10080
4520,378,2024-06-01,2024-06-04,usage_question,closed,23,196,4320
4521,1063,2024-11-17,2024-11-22,billing,closed,13,32,7200
4522,1748,2024-10-27,2024-11-02,other,closed,49,25,8640
4523,742,2023-11-03,2023-11-05,billing,closed,7,232,2880
4524,144,2024-04-03,2024-04-10,feature_request,closed,35,153,10080
4525,1810,2024-10-15,2024-10-19,other,closed,4,226,5760
4526,145,2024-09-22,2024-09-27,feature_request,closed,22,128,7200
4527,1106,2024-05-06,2024-05-11,usage_question,closed,43,153,7200
4528,47,2023-11-09,2023-11-12,usage_question,closed,42,51,4320
4529,1266,2024-12-28,2024-12-28,billing,closed,23,45,0
4530,1578,2023-10-14,2023-10-17,usage_question,closed,38,137,4320
4531,178,2024-11-03,2024-11-04,feature_request,closed,42,51,1440
4532,1788,2024-08-28,2024-08-28,bug,closed,27,124,0
4533,1594,2024-03-11,2024-03-15,usage_question,closed,32,154,5760
4534,1263,2024-09-13,2024-09-20,feature_request,closed,46,73,10080
4535,204,2024-04-21,2024-04-23,usage_question,closed,11,105,2880
4536,911,2024-03-02,2024-03-05,other,closed,50,20,4320
4537,301,2024-10-05,2024-10-05,billing,closed,33,187,0
4538,235,2024-09-27,2024-09-27,usage_question,closed,46,62,0
4539,567,2024-03-11,2024-03-16,bug,closed,46,191,7200
4540,1087,2024-01-29,2024-02-04,feature_request,closed,24,192,8640
4541,404,2024-09-15,2024-09-15,billing,closed,24,80,0
4542,122,2024-08-13,2024-08-13,usage_question,closed,16,20,0
4543,1016,2023-12-04,2023-12-04,billing,closed,15,121,0
4544,107,2023-07-10,2023-07-11,usage_question,closed,8,66,1440
4545,423,2024-03-13,2024-03-14,bug,closed,15,16,1440
4546,1066,2024-10-04,2024-10-06,bug,closed,8,230,2880
4547,808,2024-06-15,2024-06-16,feature_request,closed,26,223,1440
4548,1293,2024-02-06,2024-02-06,usage_question,closed,16,131,0
4549,1360,2024-08-07,2024-08-07,billing,closed,20,121,0
4550,1838,2024-09-26,2024-09-26,feature_request,closed,17,159,0
4551,1144,2023-11-11,2023-11-15,bug,closed,33,74,5760
4552,1893,2024-03-19,2024-03-19,bug,closed,4,201,0
4553,797,2024-12-19,2024-12-21,other,closed,14,141,2880
4554,960,2024-04-29,2024-04-30,other,closed,39,30,1440
4555,605,2024-11-22,2024-11-27,bug,closed,30,184,7200
4556,1237,2024-03-02,2024-03-06,billing,closed,48,179,5760
4557,936,2024-03-29,2024-03-29,feature_request,closed,46,185,0
4558,1480,2023-10-04,2023-10-09,usage_question,closed,32,111,7200
4559,1259,2024-12-01,2024-12-01,billing,closed,20,48,0
4560,1789,2024-08-15,2024-08-15,usage_question,closed,42,50,0
4561,1346,2024-12-01,2024-12-08,bug,closed,25,57,10080
4562,1223,2024-06-01,2024-06-06,bug,closed,6,37,7200
4563,796,2023-12-24,2023-12-24,usage_question,closed,13,19,0
4564,1168,2023-11-02,2023-11-02,feature_request,closed,11,179,0
4565,1509,2024-05-25,2024-05-31,billing,closed,40,179,8640
4566,490,2024-07-14,2024-07-14,usage_question,closed,47,153,0
4567,1147,2024-09-28,2024-09-28,bug,closed,18,163,0
4568,891,2024-10-19,2024-10-19,usage_question,closed,10,125,0
4569,580,2024-07-19,2024-07-19,bug,closed,30,168,0
4570,558,2024-01-28,2024-01-29,bug,closed,4,51,1440
4571,475,2024-11-28,2024-11-28,other,closed,24,56,0
4572,1171,2024-08-09,2024-08-09,feature_request,closed,14,60,0
4573,898,2024-04-13,2024-04-20,feature_request,closed,33,193,10080
4574,13,2024-12-11,2024-12-15,feature_request,closed,8,153,5760
4575,1884,2024-07-05,2024-07-12,usage_question,closed,44,155,10080
4576,628,2024-07-08,2024-07-10,usage_question,closed,10,126,2880
4577,949,2024-12-02,2024-12-06,usage_question,closed,37,33,5760
4578,752,2024-07-03,2024-07-04,other,closed,25,212,1440
4579,228,2024-12-14,2024-12-20,bug,closed,12,22,8640
4580,1664,2024-05-29,2024-05-29,bug,closed,38,58,0
4581,642,2024-06-12,2024-06-19,usage_question,closed,45,114,10080
4582,685,2024-11-10,2024-11-10,usage_question,closed,27,19,0
4583,1380,2023-09-27,2023-10-03,feature_request,closed,14,115,8640
4584,478,2024-04-16,2024-04-16,bug,closed,17,34,0
4585,692,2023-07-22,2023-07-22,usage_question,closed,31,239,0
4586,1602,2024-07-01,2024-07-01,bug,closed,31,52,0
4587,1975,2024-06-14,2024-06-14,bug,closed,5,229,0
4588,242,2024-04-30,2024-04-30,bug,closed,23,110,0
4589,493,2024-10-02,2024-10-02,feature_request,closed,29,121,0
4590,1982,2024-07-12,2024-07-12,bug,closed,20,125,0
4591,461,2023-12-14,2023-12-17,billing,closed,15,124,4320
4592,1816,2024-07-24,2024-07-31,bug,closed,45,98,10080
4593,1899,2024-10-28,2024-10-29,feature_request,closed,33,135,1440
4594,420,2024-05-01,2024-05-07,usage_question,closed,50,106,8640
4595,1940,2024-01-17,2024-01-23,bug,closed,21,57,8640
4596,87,2024-12-09,2024-12-14,bug,closed,45,193,7200
4597,1576,2024-09-28,2024-09-28,bug,closed,29,112,0
4598,341,2024-06-30,2024-07-03,billing,closed,23,99,4320
4599,72,2023-12-08,2023-12-08,bug,closed,8,120,0
4600,1204,2024-11-09,2024-11-09,other,closed,9,44,0
4601,1529,2024-04-19,2024-04-19,usage_question,closed,2,20,0
4602,1153,2024-07-13,2024-07-13,usage_question,closed,6,55,0
4603,548,2023-07-31,2023-08-04,usage_question,closed,26,32,5760
4604,804,2024-10-24,2024-10-24,usage_question,closed,18,116,0
4605,1903,2024-10-29,2024-10-29,other,closed,10,25,0
4606,1225,2024-05-28,2024-05-28,feature_request,closed,21,85,0
4607,277,2024-10-01,2024-10-03,bug,closed,37,135,2880
4608,896,2024-01-02,2024-01-04,bug,closed,2,237,2880
4609,102,2024-02-08,2024-02-09,usage_question,closed,19,181,1440
4610,1239,2024-12-16,2024-12-20,other,closed,37,34,5760
4611,851,2024-04-27,2024-05-03,usage_question,closed,13,46,8640
4612,1444,2024-03-03,2024-03-04,usage_question,closed,42,209,1440
4613,213,2024-09-07,2024-09-08,other,closed,13,237,1440
4614,202,2024-10-16,2024-10-16,bug,closed,45,51,0
4615,1875,2023-11-20,2023-11-20,usage_question,closed,44,190,0
4616,165,2024-12-18,2024-12-23,bug,closed,48,25,7200
4617,868,2024-05-26,2024-05-26,feature_request,closed,40,124,0
4618,1406,2023-02-25,2023-02-25,bug,closed,49,231,0
4619,503,2023-10-12,2023-10-12,other,closed,44,50,0
4620,1030,2024-07-20,2024-07-20,usage_question,closed,18,206,0
4621,271,2023-06-30,2023-06-30,other,closed,16,148,0
4622,1348,2024-06-13,2024-06-13,usage_question,closed,13,137,0
4623,488,2024-08-27,2024-08-28,bug,closed,11,42,1440
4624,567,2024-10-25,2024-10-25,bug,closed,48,98,0
4625,1386,2024-12-11,2024-12-11,usage_question,closed,16,146,0
4626,1809,2023-12-23,2023-12-23,usage_question,closed,31,172,0
4627,606,2024-02-13,2024-02-13,feature_request,closed,23,206,0
4628,691,2024-10-20,2024-10-20,feature_request,closed,32,147,0
4629,1920,2024-01-09,2024-01-15,billing,closed,39,83,8640
4630,1321,2024-07-30,2024-07-30,usage_question,closed,33,155,0
4631,623,2024-03-01,2024-03-04,other,closed,49,199,4320
4632,419,2024-09-08,2024-09-15,feature_request,closed,40,153,10080
4633,748,2024-05-03,2024-05-03,other,closed,22,162,0
4634,427,2024-06-23,2024-06-23,other,closed,49,54,0
4635,463,2024-09-09,2024-09-14,usage_question,closed,35,197,7200
4636,520,2024-12-21,2024-12-28,bug,closed,43,186,10080
4637,886,2024-08-29,2024-09-04,bug,closed,36,59,8640
4638,720,2024-03-23,2024-03-24,feature_request,closed,40,197,1440
4639,1018,2023-10-29,2023-11-01,bug,closed,27,226,4320
4640,1524,2024-02-17,2024-02-17,feature_request,closed,18,22,0
4641,1809,2024-05-07,2024-05-07,usage_question,closed,10,211,0
4642,355,2024-10-12,2024-10-12,bug,closed,43,55,0
4643,1736,2024-11-01,2024-11-01,feature_request,closed,32,197,0
4644,1029,2024-07-29,2024-08-03,usage_question,closed,24,90,7200
4645,320,2024-10-15,2024-10-15,feature_request,closed,23,163,0
4646,864,2024-09-16,2024-09-16,usage_question,closed,7,76,0
4647,1204,2024-10-21,2024-10-23,billing,closed,35,171,2880
4648,473,2024-12-04,2024-12-08,usage_question,closed,2,107,5760
4649,1079,2024-12-26,2024-12-26,bug,closed,30,112,0
4650,72,2024-08-24,2024-08-24,bug,closed,6,144,0
4651,1908,2023-11-04,2023-11-07,other,closed,21,169,4320
4652,331,2024-06-03,2024-06-05,usage_question,closed,33,227,2880
4653,1160,2024-05-16,2024-05-16,bug,closed,10,168,0
4654,1715,2024-12-06,2024-12-06,usage_question,closed,44,159,0
4655,320,2024-05-04,2024-05-11,bug,closed,46,156,10080
4656,1811,2024-06-19,2024-06-20,bug,closed,5,176,1440
4657,458,2024-10-25,2024-11-01,feature_request,closed,46,144,10080
4658,1475,2024-12-03,2024-12-08,billing,closed,10,139,7200
4659,1678,2023-11-12,2023-11-12,bug,closed,29,226,0
4660,1105,2024-08-06,2024-08-07,usage_question,closed,21,48,1440
4661,1261,2024-08-08,2024-08-08,feature_request,closed,9,27,0
4662,49,2024-05-25,2024-05-29,bug,closed,38,55,5760
4663,1195,2024-03-11,2024-03-11,usage_question,closed,48,180,0
4664,301,2023-09-29,2023-09-29,usage_question,closed,24,211,0
4665,1239,2023-10-01,2023-10-05,bug,closed,2,201,5760
4666,931,2024-08-01,2024-08-04,usage_question,closed,37,118,4320
4667,1884,2024-10-07,2024-10-07,usage_question,closed,17,135,0
4668,1866,2023-11-20,2023-11-20,bug,closed,47,53,0
4669,379,2024-09-06,2024-09-07,feature_request,closed,17,28,1440
4670,1280,2024-07-09,2024-07-09,bug,closed,5,170,0
4671,1699,2024-12-20,2024-12-26,usage_question,closed,3,206,8640
4672,1359,2024-01-08,2024-01-09,billing,closed,17,80,1440
4673,1515,2024-04-05,2024-04-05,feature_request,closed,7,195,0
4674,1260,2023-09-28,2023-10-02,bug,closed,10,233,5760
4675,1131,2024-11-24,2024-11-28,feature_request,closed,42,88,5760
4676,736,2024-11-05,2024-11-05,bug,closed,20,162,0
4677,526,2024-07-07,2024-07-07,usage_question,closed,38,177,0
4678,1394,2024-05-03,2024-05-03,bug,closed,27,239,0
4679,1093,2023-12-04,2023-12-09,other,closed,13,55,7200
4680,21,2024-11-30,2024-11-30,bug,closed,9,137,0
4681,1212,2024-05-26,2024-05-26,other,closed,9,150,0
4682,1999,2024-07-04,2024-07-08,other,closed,48,68,5760
4683,1342,2024-12-14,2024-12-14,usage_question,closed,14,129,0
4684,708,2024-12-11,2024-12-16,usage_question,closed,29,185,7200
4685,421,2024-03-02,2024-03-07,other,closed,18,37,7200
4686,208,2024-04-22,2024-04-24,usage_question,closed,34,18,2880
4687,1343,2024-01-23,2024-01-23,usage_question,closed,19,67,0
4688,1867,2023-01-31,2023-01-31,billing,closed,9,187,0
4689,160,2024-02-23,2024-03-01,feature_request,closed,21,17,10080
4690,1511,2023-09-18,2023-09-18,bug,closed,27,79,0
4691,956,2024-12-10,2024-12-12,usage_question,closed,46,81,2880
4692,249,2024-07-05,2024-07-05,feature_request,closed,17,59,0
4693,788,2024-06-02,2024-06-02,feature_request,closed,44,94,0
4694,43,2024-08-21,2024-08-23,bug,closed,7,226,2880
4695,1975,2024-10-10,2024-10-10,usage_question,closed,7,69,0
4696,497,2024-03-13,2024-03-13,other,closed,5,81,0
4697,451,2024-08-30,2024-09-01,billing,closed,27,142,2880
4698,1947,2024-06-26,2024-06-26,usage_question,closed,7,62,0
4699,269,2024-07-20,2024-07-27,usage_question,closed,34,214,10080
4700,939,2023-12-15,2023-12-15,usage_question,closed,48,156,0
4701,913,2023-11-04,2023-11-04,other,closed,45,40,0
4702,125,2024-10-07,2024-10-07,bug,closed,21,176,0
4703,66,2024-09-19,2024-09-19,billing,closed,12,33,0
4704,1532,2024-04-18,2024-04-18,billing,closed,9,188,0
4705,507,2024-06-26,2024-06-26,bug,closed,5,52,0
4706,1774,2023-08-01,2023-08-03,feature_request,closed,19,179,2880
4707,648,2024-07-08,2024-07-10,bug,closed,23,198,2880
4708,1738,2023-10-29,2023-10-29,feature_request,closed,48,190,0
4709,1165,2024-01-20,2024-01-20,feature_request,closed,26,113,0
4710,1731,2024-12-16,2024-12-20,billing,closed,47,176,5760
4711,578,2024-02-29,2024-02-29,billing,closed,47,22,0
4712,347,2024-06-11,2024-06-11,usage_question,closed,16,56,0
4713,1056,2024-04-15,2024-04-15,other,closed,27,131,0
4714,832,2024-07-14,2024-07-14,billing,closed,15,218,0
4715,1377,2024-01-03,2024-01-03,bug,closed,32,17,0
4716,67,2024-05-22,2024-05-28,billing,closed,32,146,8640
4717,1427,2024-05-23,2024-05-25,bug,closed,45,93,2880
4718,1051,2024-09-07,2024-09-08,usage_question,closed,31,239,1440
4719,1215,2023-12-08,2023-12-08,usage_question,closed,10,189,0
4720,74,2024-02-21,2024-02-21,feature_request,closed,50,213,0
4721,1334,2024-11-20,2024-11-20,usage_question,closed,34,196,0
4722,53,2024-08-14,2024-08-17,usage_question,closed,18,226,4320
4723,1049,2024-10-31,2024-11-04,feature_request,closed,14,142,5760
4724,690,2024-04-23,2024-04-30,billing,closed,29,192,10080
4725,1312,2024-05-09,2024-05-12,bug,closed,31,156,4320
4726,499,2024-04-20,2024-04-20,billing,closed,12,114,0
4727,677,2024-07-13,2024-07-13,bug,closed,32,73,0
4728,869,2024-02-20,2024-02-20,bug,closed,35,94,0
4729,1152,2024-05-10,2024-05-10,usage_question,closed,33,205,0
4730,1884,2024-08-05,2024-08-05,usage_question,closed,33,172,0
4731,873,2023-10-07,2023-10-10,billing,closed,10,30,4320
4732,1259,2024-07-13,2024-07-13,usage_question,closed,5,17,0
4733,101,2024-10-14,2024-10-21,bug,closed,38,98,10080
4734,1442,2024-05-02,2024-05-02,billing,closed,48,238,0
4735,1362,2023-04-22,2023-04-22,usage_question,closed,43,194,0
4736,179,2024-12-22,2024-12-22,bug,closed,36,238,0
4737,1268,2024-04-08,2024-04-08,usage_question,closed,34,27,0
4738,313,2024-05-28,2024-05-30,usage_question,closed,21,24,2880
4739,1448,2024-11-02,2024-11-02,feature_request,closed,17,118,0
4740,1575,2024-05-14,2024-05-14,feature_request,closed,25,222,0
4741,384,2024-05-30,2024-06-06,bug,closed,27,111,10080
4742,1389,2023-12-24,2023-12-30,other,closed,12,27,8640
4743,999,2024-09-13,2024-09-13,bug,closed,45,230,0
4744,726,2024-11-27,2024-11-27,billing,closed,17,190,0
4745,423,2024-08-24,2024-08-24,other,closed,23,25,0
4746,562,2024-10-17,2024-10-21,feature_request,closed,31,53,5760
4747,932,2024-02-17,2024-02-21,other,closed,17,24,5760
4748,1558,2024-05-22,2024-05-22,feature_request,closed,23,237,0
4749,725,2024-04-02,2024-04-09,usage_question,closed,21,45,10080
4750,1059,2024-04-09,2024-04-09,billing,closed,43,107,0
4751,1319,2024-10-14,2024-10-14,feature_request,closed,1,236,0
4752,314,2024-02-27,2024-02-28,usage_question,closed,29,168,1440
4753,1997,2024-06-21,2024-06-21,bug,closed,11,34,0
4754,128,2024-12-20,2024-12-23,bug,closed,17,227,4320
4755,837,2024-09-14,2024-09-19,usage_question,closed,20,66,7200
4756,667,2024-11-11,2024-11-11,feature_request,closed,23,21,0
4757,1639,2024-09-08,2024-09-08,usage_question,closed,9,109,0
4758,471,2024-10-22,2024-10-22,billing,closed,38,45,0
4759,1880,2024-01-25,2024-01-25,usage_question,closed,34,161,0
4760,234,2024-04-19,2024-04-19,feature_request,closed,10,209,0
4761,187,2024-08-28,2024-08-28,bug,closed,43,153,0
4762,227,2024-03-26,2024-03-30,usage_question,closed,5,139,5760
4763,687,2024-12-17,2024-12-23,bug,closed,16,187,8640
4764,43,2024-02-17,2024-02-17,usage_question,closed,35,80,0
4765,1689,2024-05-20,2024-05-20,usage_question,closed,25,126,0
4766,690,2023-08-02,2023-08-02,usage_question,closed,20,127,0
4767,901,2024-04-15,2024-04-20,billing,closed,38,21,7200
4768,1677,2024-12-25,2024-12-25,usage_question,closed,48,120,0
4769,1262,2024-07-20,2024-07-20,billing,closed,31,224,0
4770,1321,2024-04-26,2024-04-26,bug,closed,4,168,0
4771,1574,2023-12-25,2023-12-25,bug,closed,30,96,0
4772,140,2023-10-20,2023-10-20,usage_question,closed,24,108,0
4773,914,2024-11-28,2024-11-30,feature_request,closed,31,103,2880
4774,729,2024-01-17,2024-01-18,usage_question,closed,24,210,1440
4775,1796,2024-08-08,2024-08-08,usage_question,closed,19,95,0
4776,894,2024-09-21,2024-09-23,other,closed,44,110,2880
4777,1368,2023-11-19,2023-11-19,usage_question,closed,27,33,0
4778,1869,2024-10-18,2024-10-18,usage_question,closed,38,142,0
4779,1821,2023-12-31,2023-12-31,bug,closed,34,91,0
4780,1013,2024-07-09,2024-07-09,feature_request,closed,33,88,0
4781,688,2024-08-04,2024-08-04,bug,closed,50,192,0
4782,570,2023-01-12,2023-01-15,bug,closed,16,234,4320
4783,1933,2024-06-05,2024-06-11,other,closed,35,28,8640
4784,1306,2023-12-30,2024-01-04,usage_question,closed,36,35,7200
4785,745,2024-09-16,2024-09-16,usage_question,closed,20,214,0
4786,1494,2024-09-06,2024-09-06,usage_question,closed,36,240,0
4787,447,2024-08-13,2024-08-13,feature_request,closed,40,212,0
4788,1897,2024-02-13,2024-02-13,usage_question,closed,32,78,0
4789,1674,2023-12-30,2023-12-30,billing,closed,21,224,0
4790,663,2024-10-30,2024-10-30,feature_request,closed,24,60,0
4791,1188,2024-01-09,2024-01-11,bug,closed,2,72,2880
4792,567,2024-09-27,2024-10-01,usage_question,closed,34,59,5760
4793,167,2023-12-14,2023-12-17,bug,closed,42,83,4320
4794,312,2024-10-05,2024-10-05,billing,closed,7,27,0
4795,1073,2024-01-16,2024-01-23,feature_request,closed,19,149,10080
4796,1386,2024-07-23,2024-07-28,feature_request,closed,42,136,7200
4797,1002,2023-12-17,2023-12-23,other,closed,44,187,8640
4798,770,2024-06-18,2024-06-25,feature_request,closed,8,39,10080
4799,574,2024-01-01,2024-01-01,bug,closed,18,91,0
4800,1968,2023-11-19,2023-11-19,bug,closed,9,32,0
4801,1092,2024-04-03,2024-04-07,other,closed,35,108,5760
4802,890,2024-04-27,2024-04-27,feature_request,closed,8,189,0
4803,1827,2024-05-23,2024-05-23,feature_request,closed,8,83,0
4804,1752,2024-06-01,2024-06-01,bug,closed,21,188,0
4805,145,2023-09-29,2023-09-29,usage_question,closed,47,79,0
4806,1579,2024-10-10,2024-10-10,usage_question,closed,7,197,0
4807,1189,2024-09-22,2024-09-27,bug,closed,47,142,7200
4808,960,2024-06-28,2024-06-28,usage_question,closed,38,25,0
4809,1821,2024-09-30,2024-10-03,usage_question,closed,39,193,4320
4810,1995,2024-02-19,2024-02-20,usage_question,closed,6,43,1440
4811,215,2024-09-27,2024-09-27,usage_question,closed,36,198,0
4812,693,2024-07-24,2024-07-24,bug,closed,47,157,0
4813,791,2024-09-03,2024-09-03,usage_question,closed,44,100,0
4814,463,2024-06-07,2024-06-07,bug,closed,48,94,0
4815,358,2023-09-04,2023-09-04,bug,closed,13,159,0
4816,1326,2024-10-16,2024-10-16,other,closed,15,116,0
4817,519,2024-09-12,2024-09-14,feature_request,closed,7,188,2880
4818,627,2024-08-20,2024-08-21,bug,closed,46,107,1440
4819,770,2024-05-09,2024-05-09,billing,closed,48,159,0
4820,223,2024-09-08,2024-09-12,other,closed,50,233,5760
4821,1341,2024-07-23,2024-07-25,billing,closed,26,207,2880
4822,12,2024-01-23,2024-01-23,usage_question,closed,15,159,0
4823,882,2024-05-23,2024-05-29,usage_question,closed,49,55,8640
4824,1585,2023-10-25,2023-10-30,bug,closed,27,45,7200
4825,618,2024-05-05,2024-05-06,other,closed,13,18,1440
4826,1735,2024-06-14,2024-06-15,usage_question,closed,17,43,1440
4827,1184,2023-10-25,2023-10-27,usage_question,closed,1,162,2880
4828,1851,2024-10-18,2024-10-18,other,closed,18,92,0
4829,1205,2024-01-30,2024-01-30,feature_request,closed,34,224,0
4830,1859,2024-06-01,2024-06-01,usage_question,closed,13,187,0
4831,32,2024-12-19,2024-12-24,usage_question,closed,9,112,7200
4832,1926,2024-12-23,2024-12-23,feature_request,closed,18,60,0
4833,164,2023-12-29,2023-12-29,usage_question,closed,17,26,0
4834,282,2023-09-25,2023-10-01,billing,closed,27,161,8640
4835,631,2024-02-18,2024-02-23,usage_question,closed,27,145,7200
4836,1938,2024-11-21,2024-11-21,feature_request,closed,38,97,0
4837,310,2024-10-14,2024-10-17,usage_question,closed,47,101,4320
4838,715,2023-08-28,2023-09-03,usage_question,closed,33,116,8640
4839,997,2023-11-22,2023-11-22,usage_question,closed,45,129,0
4840,1198,2023-12-09,2023-12-09,usage_question,closed,1,133,0
4841,524,2024-11-18,2024-11-23,usage_question,closed,33,153,7200
4842,716,2023-04-07,2023-04-09,feature_request,closed,42,236,2880
4843,684,2024-09-19,2024-09-19,bug,closed,19,94,0
4844,1802,2024-09-06,2024-09-06,other,closed,45,224,0
4845,1515,2024-01-01,2024-01-05,other,closed,24,178,5760
4846,1465,2024-01-15,2024-01-15,usage_question,closed,42,70,0
4847,195,2024-03-26,2024-03-28,bug,closed,37,120,2880
4848,530,2023-05-28,2023-05-28,other,closed,38,209,0
4849,630,2023-09-13,2023-09-18,bug,closed,43,224,7200
4850,1963,2024-10-01,2024-10-08,bug,closed,36,230,10080
4851,840,2024-10-14,2024-10-14,usage_question,closed,34,78,0
4852,393,2024-04-29,2024-05-03,billing,closed,19,164,5760
4853,838,2024-06-23,2024-06-23,usage_question,closed,9,62,0
4854,621,2024-09-27,2024-09-28,bug,closed,7,120,1440
4855,163,2024-10-29,2024-10-29,feature_request,closed,1,148,0
4856,671,2024-03-28,2024-03-28,usage_question,closed,10,135,0
4857,1797,2023-07-12,2023-07-13,feature_request,closed,14,63,1440
4858,909,2024-02-13,2024-02-13,usage_question,closed,35,85,0
4859,1508,2024-02-16,2024-02-21,feature_request,closed,25,37,7200
4860,1199,2024-11-03,2024-11-05,feature_request,closed,38,34,2880
4861,927,2024-06-28,2024-07-05,bug,closed,21,171,10080
4862,822,2024-05-25,2024-05-28,usage_question,closed,31,53,4320
4863,606,2024-09-15,2024-09-15,feature_request,closed,26,15,0
4864,1905,2024-08-06,2024-08-08,bug,closed,37,235,2880
4865,1498,2024-11-08,2024-11-11,usage_question,closed,19,220,4320
4866,243,2023-09-20,2023-09-20,usage_question,closed,16,103,0
4867,1441,2024-08-26,2024-08-26,feature_request,closed,1,76,0
4868,1443,2024-01-07,2024-01-07,bug,closed,34,195,0
4869,168,2024-10-13,2024-10-19,feature_request,closed,24,69,8640
4870,1231,2024-02-06,2024-02-11,bug,closed,47,71,7200
4871,681,2024-12-12,2024-12-12,other,closed,44,169,0
4872,175,2024-07-23,2024-07-23,bug,closed,2,218,0
4873,623,2024-07-30,2024-07-30,billing,closed,26,35,0
4874,1654,2024-06-26,2024-06-29,bug,closed,39,145,4320
4875,1077,2024-12-08,2024-12-08,bug,closed,10,133,0
4876,421,2024-02-14,2024-02-21,feature_request,closed,49,96,10080
4877,1920,2024-12-16,2024-12-16,billing,closed,1,53,0
4878,173,2024-02-27,2024-02-27,billing,closed,11,121,0
4879,1889,2023-12-12,2023-12-12,feature_request,closed,42,230,0
4880,381,2024-06-22,2024-06-22,feature_request,closed,26,155,0
4881,1992,2024-08-27,2024-08-27,usage_question,closed,46,173,0
4882,1169,2024-12-13,2024-12-19,usage_question,closed,32,130,8640
4883,17,2024-06-14,2024-06-14,usage_question,closed,8,27,0
4884,985,2024-03-03,2024-03-05,bug,closed,16,128,2880
4885,702,2024-02-23,2024-02-23,billing,closed,18,106,0
4886,1264,2024-07-09,2024-07-09,usage_question,closed,33,152,0
4887,1607,2024-10-27,2024-10-27,bug,closed,34,145,0
4888,1672,2024-08-31,2024-09-05,usage_question,closed,8,19,7200
4889,606,2023-11-22,2023-11-27,usage_question,closed,42,51,7200
4890,824,2023-05-24,2023-05-27,feature_request,closed,27,67,4320
4891,1004,2024-11-22,2024-11-22,usage_question,closed,38,178,0
4892,526,2024-03-05,2024-03-08,bug,closed,47,75,4320
4893,1631,2024-08-20,2024-08-21,usage_question,closed,43,207,1440
4894,482,2024-08-28,2024-09-01,usage_question,closed,37,43,5760
4895,888,2024-09-04,2024-09-10,feature_request,closed,9,168,8640
4896,1661,2024-04-18,2024-04-18,usage_question,closed,9,72,0
4897,973,2024-12-08,2024-12-08,bug,closed,6,138,0
4898,819,2024-06-13,2024-06-14,usage_question,closed,27,22,1440
4899,1920,2024-09-09,2024-09-09,usage_question,closed,6,55,0
4900,1019,2024-02-14,2024-02-14,billing,closed,50,61,0
4901,1192,2024-10-03,2024-10-03,usage_question,closed,22,55,0
4902,1668,2024-11-12,2024-11-12,bug,closed,29,21,0
4903,1108,2024-12-19,2024-12-21,bug,closed,45,20,2880
4904,822,2024-11-14,2024-11-20,bug,closed,8,133,8640
4905,460,2024-10-24,2024-10-27,usage_question,closed,49,85,4320
4906,646,2024-03-15,2024-03-15,usage_question,closed,34,46,0
4907,287,2024-07-11,2024-07-15,usage_question,closed,7,82,5760
4908,1273,2024-03-18,2024-03-18,other,closed,4,162,0
4909,1431,2024-07-09,2024-07-09,bug,closed,36,175,0
4910,10,2024-06-13,2024-06-17,feature_request,closed,4,147,5760
4911,90,2024-02-19,2024-02-19,other,closed,10,161,0
4912,1281,2024-11-21,2024-11-21,usage_question,closed,46,182,0
4913,927,2024-04-28,2024-05-04,feature_request,closed,10,191,8640
4914,934,2023-12-26,2023-12-26,usage_question,closed,22,96,0
4915,688,2024-07-01,2024-07-03,feature_request,closed,3,93,2880
4916,388,2024-01-25,2024-01-28,usage_question,closed,12,28,4320
4917,973,2024-08-07,2024-08-07,bug,closed,15,166,0
4918,739,2024-10-18,2024-10-18,bug,closed,16,77,0
4919,1656,2024-02-24,2024-02-24,feature_request,closed,44,153,0
4920,723,2024-01-18,2024-01-25,usage_question,closed,17,50,10080
4921,428,2023-12-16,2023-12-16,bug,closed,50,87,0
4922,511,2024-10-24,2024-10-29,other,closed,11,157,7200
4923,1038,2024-04-20,2024-04-20,usage_question,closed,50,189,0
4924,441,2024-11-27,2024-12-03,other,closed,42,121,8640
4925,1799,2024-06-08,2024-06-13,other,closed,33,143,7200
4926,1219,2024-02-15,2024-02-16,bug,closed,17,109,1440
4927,984,2024-09-02,2024-09-02,feature_request,closed,44,167,0
4928,296,2024-04-12,2024-04-16,usage_question,closed,43,129,5760
4929,592,2024-03-30,2024-04-01,bug,closed,43,91,2880
4930,1805,2023-09-18,2023-09-18,bug,closed,33,40,0
4931,556,2024-11-11,2024-11-11,usage_question,closed,20,40,0
4932,73,2024-07-01,2024-07-03,other,closed,12,99,2880
4933,456,2024-03-17,2024-03-17,other,closed,46,28,0
4934,40,2024-10-14,2024-10-14,usage_question,closed,17,65,0
4935,1975,2024-03-12,2024-03-12,usage_question,closed,17,178,0
4936,981,2024-11-21,2024-11-21,usage_question,closed,15,106,0
4937,1492,2024-05-10,2024-05-15,usage_question,closed,6,69,7200
4938,1463,2023-05-04,2023-05-11,usage_question,closed,21,232,10080
4939,1448,2024-10-27,2024-10-30,bug,closed,4,109,4320
4940,488,2024-01-11,2024-01-17,usage_question,closed,2,183,8640
4941,1714,2024-07-07,2024-07-10,usage_question,closed,43,55,4320
4942,1396,2024-08-25,2024-08-25,bug,closed,31,167,0
4943,1779,2024-06-12,2024-06-12,billing,closed,39,50,0
4944,1767,2024-03-23,2024-03-23,usage_question,closed,22,135,0
4945,1057,2024-06-10,2024-06-10,bug,closed,11,186,0
4946,1321,2024-10-20,2024-10-21,usage_question,closed,5,166,1440
4947,1608,2024-12-06,2024-12-09,billing,closed,22,191,4320
4948,1601,2024-05-17,2024-05-24,billing,closed,29,175,10080
4949,1575,2024-12-20,2024-12-21,other,closed,21,18,1440
4950,1772,2024-09-25,2024-09-27,usage_question,closed,30,81,2880
4951,1530,2024-07-26,2024-07-31,feature_request,closed,15,211,7200
4952,1660,2024-08-26,2024-08-26,usage_question,closed,31,157,0
4953,1360,2024-03-13,2024-03-13,usage_question,closed,47,148,0
4954,496,2024-05-13,2024-05-19,feature_request,closed,11,85,8640
4955,1782,2024-07-07,2024-07-07,usage_question,closed,19,81,0
4956,934,2024-07-23,2024-07-23,bug,closed,40,27,0
4957,1056,2024-05-15,2024-05-15,billing,closed,29,96,0
4958,1980,2024-03-27,2024-03-28,feature_request,closed,1,114,1440
4959,853,2023-05-13,2023-05-13,other,closed,11,48,0
4960,639,2024-07-21,2024-07-22,other,closed,25,120,1440
4961,1060,2024-01-28,2024-01-29,usage_question,closed,36,20,1440
4962,1343,2023-11-05,2023-11-05,bug,closed,21,50,0
4963,658,2023-12-13,2023-12-18,billing,closed,22,191,7200
4964,361,2024-07-14,2024-07-15,usage_question,closed,19,26,1440
4965,274,2024-07-14,2024-07-18,billing,closed,10,107,5760
4966,1993,2024-04-01,2024-04-07,feature_request,closed,37,138,8640
4967,293,2024-04-16,2024-04-16,other,closed,37,36,0
4968,1502,2024-05-04,2024-05-04,billing,closed,7,35,0
4969,423,2024-08-04,2024-08-11,usage_question,closed,47,239,10080
4970,49,2024-04-21,2024-04-28,usage_question,closed,18,52,10080
4971,1539,2024-12-15,2024-12-16,other,closed,25,21,1440
4972,1900,2024-04-15,2024-04-21,bug,closed,20,140,8640
4973,1752,2024-10-04,2024-10-04,other,closed,7,118,0
4974,359,2024-06-10,2024-06-11,usage_question,closed,46,20,1440
4975,1825,2023-12-05,2023-12-05,bug,closed,17,68,0
4976,350,2024-03-08,2024-03-08,feature_request,closed,6,133,0
4977,689,2024-02-20,2024-02-26,usage_question,closed,4,116,8640
4978,1413,2024-12-14,2024-12-14,bug,closed,13,142,0
4979,761,2024-11-14,2024-11-17,feature_request,closed,7,216,4320
4980,420,2023-09-17,2023-09-17,feature_request,closed,19,185,0
4981,275,2024-10-11,2024-10-13,usage_question,closed,11,209,2880
4982,1997,2024-01-23,2024-01-27,feature_request,closed,4,184,5760
4983,427,2024-12-09,2024-12-09,bug,closed,44,210,0
4984,920,2024-12-05,2024-12-09,bug,closed,26,65,5760
4985,769,2024-02-10,2024-02-10,usage_question,closed,48,139,0
4986,396,2024-07-09,2024-07-13,other,closed,25,100,5760
4987,209,2024-09-21,2024-09-28,bug,closed,37,75,10080
4988,177,2024-03-21,2024-03-25,feature_request,closed,26,187,5760
4989,1120,2024-02-25,2024-02-27,billing,closed,1,53,2880
4990,424,2024-01-14,2024-01-15,other,closed,33,187,1440
4991,216,2024-11-17,2024-11-17,usage_question,closed,36,173,0
4992,1231,2024-05-29,2024-05-31,bug,closed,8,229,2880
4993,240,2024-11-17,2024-11-17,billing,closed,24,51,0
4994,532,2024-05-18,2024-05-18,bug,closed,29,145,0
4995,780,2024-10-15,2024-10-20,feature_request,closed,19,150,7200
4996,1668,2024-07-02,2024-07-02,usage_question,closed,6,133,0
4997,545,2024-01-30,2024-02-01,feature_request,closed,50,213,2880
4998,345,2024-03-12,2024-03-12,bug,closed,46,172,0
4999,62,2024-03-29,2024-03-29,usage_question,closed,6,79,0
5000,1952,2023-11-21,2023-11-21,other,closed,15,113,0
5001,812,2024-08-20,2024-08-20,bug,closed,38,229,0
5002,1832,2023-12-14,2023-12-17,billing,closed,24,115,4320
5003,1665,2024-04-29,2024-05-01,bug,closed,1,182,2880
5004,1501,2023-12-12,2023-12-16,feature_request,closed,34,160,5760
5005,345,2024-05-07,2024-05-10,usage_question,closed,32,100,4320
5006,1213,2024-11-13,2024-11-13,bug,closed,25,62,0
5007,598,2024-10-22,2024-10-26,feature_request,closed,17,198,5760
5008,627,2024-03-13,2024-03-18,bug,closed,18,134,7200
5009,690,2024-11-05,2024-11-05,bug,closed,23,166,0
5010,250,2024-12-21,2024-12-27,other,closed,33,37,8640
5011,1193,2024-05-10,2024-05-11,feature_request,closed,49,174,1440
5012,1828,2024-12-15,2024-12-15,usage_question,closed,25,87,0
5013,785,2024-04-22,2024-04-26,other,closed,1,137,5760
5014,128,2024-04-15,2024-04-21,feature_request,closed,40,108,8640
5015,217,2024-05-09,2024-05-09,usage_question,closed,47,162,0
5016,1416,2024-09-30,2024-10-05,usage_question,closed,32,97,7200
5017,522,2024-10-23,2024-10-29,bug,closed,6,172,8640
5018,1497,2024-06-22,2024-06-23,usage_question,closed,49,101,1440
5019,167,2024-06-20,2024-06-27,bug,closed,30,178,10080
5020,125,2024-03-04,2024-03-04,usage_question,closed,16,23,0
5021,1988,2024-01-07,2024-01-07,other,closed,44,233,0
5022,1739,2023-07-24,2023-07-24,usage_question,closed,14,132,0
5023,1925,2024-10-06,2024-10-06,usage_question,closed,27,225,0
5024,1668,2024-08-12,2024-08-12,bug,closed,43,183,0
5025,1461,2024-12-27,2024-12-30,bug,closed,20,113,4320
5026,1998,2024-05-08,2024-05-08,other,closed,1,231,0
5027,1147,2024-03-10,2024-03-15,bug,closed,4,53,7200
5028,1151,2023-11-27,2023-11-29,usage_question,closed,47,36,2880
5029,1647,2024-03-18,2024-03-18,bug,closed,7,25,0
5030,1913,2024-07-17,2024-07-17,billing,closed,44,160,0
5031,1413,2024-02-03,2024-02-04,usage_question,closed,26,231,1440
5032,907,2024-09-04,2024-09-04,feature_request,closed,14,229,0
5033,1773,2024-02-24,2024-02-25,bug,closed,5,168,1440
5034,195,2024-01-15,2024-01-15,feature_request,closed,37,237,0
5035,778,2024-09-29,2024-10-06,feature_request,closed,24,120,10080
5036,8,2024-04-03,2024-04-07,usage_question,closed,12,45,5760
5037,1584,2024-01-01,2024-01-01,feature_request,closed,42,97,0
5038,1258,2024-04-22,2024-04-25,feature_request,closed,44,119,4320
5039,1660,2023-11-25,2023-12-01,bug,closed,16,201,8640
5040,890,2024-11-05,2024-11-12,billing,closed,36,85,10080
5041,346,2024-10-24,2024-10-31,feature_request,closed,37,62,10080
5042,1163,2024-05-12,2024-05-12,bug,closed,4,197,0
5043,1610,2024-12-06,2024-12-06,usage_question,closed,42,125,0
5044,782,2024-09-16,2024-09-16,bug,closed,29,185,0
5045,322,2024-01-20,2024-01-24,other,closed,24,138,5760
5046,1335,2023-10-09,2023-10-12,feature_request,closed,34,142,4320
5047,1536,2024-02-16,2024-02-22,usage_question,closed,10,158,8640
5048,962,2024-05-31,2024-05-31,usage_question,closed,23,198,0
5049,257,2023-11-13,2023-11-15,usage_question,closed,20,157,2880
5050,379,2024-04-05,2024-04-05,usage_question,closed,26,17,0
5051,463,2023-11-19,2023-11-25,billing,closed,6,31,8640
5052,90,2024-04-24,2024-05-01,billing,closed,26,86,10080
5053,1858,2024-12-18,2024-12-18,billing,closed,46,41,0
5054,554,2023-12-21,2023-12-21,bug,closed,23,139,0
5055,1656,2024-05-01,2024-05-01,other,closed,14,170,0
5056,1272,2023-02-15,2023-02-15,feature_request,closed,16,83,0
5057,472,2024-03-03,2024-03-03,feature_request,closed,3,218,0
5058,473,2024-02-27,2024-02-27,bug,closed,14,154,0
5059,1056,2024-03-31,2024-03-31,other,closed,30,17,0
5060,283,2023-10-02,2023-10-02,feature_request,closed,5,85,0
5061,1480,2024-09-04,2024-09-04,other,closed,1,188,0
5062,1932,2024-06-20,2024-06-23,usage_question,closed,34,68,4320
5063,1827,2024-09-16,2024-09-21,bug,closed,37,156,7200
5064,250,2024-01-15,2024-01-15,bug,closed,14,231,0
5065,306,2024-10-29,2024-10-29,feature_request,closed,48,77,0
5066,1207,2023-11-15,2023-11-17,usage_question,closed,2,65,2880
5067,1117,2024-06-29,2024-06-29,feature_request,closed,42,201,0
5068,1484,2024-04-30,2024-05-05,usage_question,closed,15,63,7200
5069,1936,2023-10-20,2023-10-24,other,closed,6,232,5760
5070,855,2024-06-28,2024-06-30,other,closed,13,92,2880
5071,157,2024-08-15,2024-08-22,feature_request,closed,42,21,10080
5072,278,2024-08-30,2024-09-03,bug,closed,2,198,5760
5073,1827,2024-11-18,2024-11-18,usage_question,closed,3,220,0
5074,1218,2024-11-29,2024-11-30,usage_question,closed,43,27,1440
5075,1886,2024-09-28,2024-10-05,bug,closed,24,187,10080
5076,686,2023-11-08,2023-11-08,usage_question,closed,11,236,0
5077,1257,2024-06-14,2024-06-14,bug,closed,47,64,0
5078,577,2024-06-21,2024-06-25,usage_question,closed,7,183,5760
5079,661,2024-07-24,2024-07-28,other,closed,22,127,5760
5080,915,2024-04-29,2024-05-06,feature_request,closed,1,196,10080
5081,951,2024-02-01,2024-02-02,billing,closed,34,57,1440
5082,1180,2024-04-23,2024-04-23,feature_request,closed,23,52,0
5083,764,2024-05-17,2024-05-17,billing,closed,23,41,0
5084,51,2024-02-08,2024-02-08,billing,closed,49,61,0
5085,763,2024-11-03,2024-11-03,bug,closed,12,174,0
5086,1029,2024-11-28,2024-12-05,usage_question,closed,10,16,10080
5087,759,2024-03-22,2024-03-29,bug,closed,18,214,10080
5088,1320,2024-03-29,2024-03-29,bug,closed,14,125,0
5089,1129,2024-08-07,2024-08-07,usage_question,closed,40,145,0
5090,1896,2024-11-24,2024-11-24,usage_question,closed,34,160,0
5091,1214,2023-04-28,2023-05-03,usage_question,closed,36,219,7200
5092,1316,2024-08-27,2024-08-27,bug,closed,14,99,0
5093,1182,2024-10-16,2024-10-21,usage_question,closed,5,239,7200
5094,414,2024-01-19,2024-01-19,usage_question,closed,32,195,0
5095,1630,2024-07-15,2024-07-15,bug,closed,20,37,0
5096,1468,2024-09-17,2024-09-17,usage_question,closed,38,41,0
5097,1055,2024-09-12,2024-09-13,bug,closed,44,70,1440
5098,856,2024-08-20,2024-08-20,usage_question,closed,34,94,0
5099,1707,2024-10-03,2024-10-03,other,closed,8,185,0
5100,619,2024-05-29,2024-05-29,feature_request,closed,20,151,0
5101,632,2023-09-25,2023-10-02,feature_request,closed,18,148,10080
5102,1378,2024-10-17,2024-10-19,usage_question,closed,34,38,2880
5103,669,2024-06-30,2024-07-01,usage_question,closed,4,228,1440
5104,1714,2024-08-10,2024-08-15,usage_question,closed,42,136,7200
5105,1015,2024-07-18,2024-07-24,bug,closed,34,213,8640
5106,1337,2024-04-07,2024-04-07,bug,closed,1,201,0
5107,684,2024-06-19,2024-06-19,usage_question,closed,14,50,0
5108,76,2024-05-20,2024-05-26,bug,closed,32,143,8640
5109,475,2023-12-01,2023-12-03,usage_question,closed,12,153,2880
5110,423,2024-01-04,2024-01-07,usage_question,closed,8,134,4320
5111,573,2024-05-19,2024-05-26,billing,closed,32,141,10080
5112,1754,2024-11-06,2024-11-08,bug,closed,20,229,2880
5113,769,2024-07-22,2024-07-26,feature_request,closed,19,59,5760
5114,1523,2023-11-04,2023-11-04,bug,closed,40,148,0
5115,1093,2024-12-02,2024-12-02,usage_question,closed,25,151,0
5116,179,2024-10-20,2024-10-20,feature_request,closed,29,186,0
5117,160,2024-11-17,2024-11-23,usage_question,closed,15,239,8640
5118,174,2023-10-13,2023-10-13,bug,closed,36,132,0
5119,789,2024-02-22,2024-02-22,feature_request,closed,10,166,0
5120,1696,2024-10-19,2024-10-20,billing,closed,29,50,1440
5121,1181,2024-10-09,2024-10-13,billing,closed,31,183,5760
5122,1998,2024-04-02,2024-04-06,other,closed,50,150,5760
5123,1166,2024-09-11,2024-09-16,bug,closed,11,36,7200
5124,1894,2024-03-13,2024-03-18,usage_question,closed,42,236,7200
5125,1968,2024-12-03,2024-12-09,bug,closed,8,123,8640
5126,1928,2024-07-03,2024-07-09,usage_question,closed,24,155,8640
5127,755,2024-08-09,2024-08-13,usage_question,closed,8,117,5760
5128,862,2023-12-17,2023-12-17,bug,closed,11,62,0
5129,915,2024-12-26,2024-12-26,other,closed,17,209,0
5130,176,2024-05-13,2024-05-15,feature_request,closed,31,18,2880
5131,1814,2024-09-20,2024-09-26,bug,closed,29,231,8640
5132,1435,2024-04-17,2024-04-20,bug,closed,30,184,4320
5133,1282,2023-12-06,2023-12-09,bug,closed,3,212,4320
5134,1287,2024-03-07,2024-03-08,usage_question,closed,2,16,1440
5135,1832,2024-02-22,2024-02-22,usage_question,closed,11,44,0
5136,821,2024-12-10,2024-12-10,bug,closed,1,176,0
5137,1964,2024-06-26,2024-07-01,bug,closed,14,32,7200
5138,1539,2024-11-15,2024-11-15,billing,closed,21,237,0
5139,1077,2024-11-12,2024-11-12,bug,closed,31,24,0
5140,516,2024-08-16,2024-08-21,usage_question,closed,6,68,7200
5141,443,2024-09-11,2024-09-15,usage_question,closed,18,124,5760
5142,703,2024-06-22,2024-06-22,feature_request,closed,4,115,0
5143,1740,2024-11-09,2024-11-09,other,closed,9,80,0
5144,1468,2024-10-01,2024-10-01,feature_request,closed,4,136,0
5145,1320,2024-08-10,2024-08-10,billing,closed,46,82,0
5146,385,2023-10-02,2023-10-04,usage_question,closed,18,217,2880
5147,170,2023-12-02,2023-12-02,feature_request,closed,18,154,0
5148,1375,2024-07-12,2024-07-16,bug,closed,39,91,5760
5149,495,2023-04-10,2023-04-16,usage_question,closed,9,93,8640
5150,1505,2024-10-11,2024-10-11,other,closed,26,18,0
5151,1836,2024-05-22,2024-05-26,usage_question,closed,48,159,5760
5152,333,2024-09-19,2024-09-22,billing,closed,24,30,4320
5153,1739,2024-02-25,2024-02-25,billing,closed,26,51,0
5154,1111,2024-11-13,2024-11-13,bug,closed,20,66,0
5155,388,2024-10-30,2024-10-30,billing,closed,38,38,0
5156,85,2024-07-28,2024-08-02,billing,closed,2,176,7200
5157,797,2023-10-09,2023-10-13,bug,closed,11,231,5760
5158,655,2024-12-29,2024-12-30,bug,closed,32,168,1440
5159,1780,2024-04-21,2024-04-21,bug,closed,25,47,0
5160,170,2023-12-16,2023-12-19,bug,closed,5,48,4320
5161,918,2024-02-12,2024-02-15,billing,closed,25,227,4320
5162,1307,2024-09-06,2024-09-08,bug,closed,35,215,2880
5163,1223,2024-02-14,2024-02-16,feature_request,closed,7,223,2880
5164,1579,2024-03-18,2024-03-18,usage_question,closed,45,78,0
5165,1896,2024-07-21,2024-07-21,other,closed,11,25,0
5166,140,2024-12-02,2024-12-03,usage_question,closed,49,66,1440
5167,996,2024-09-27,2024-09-29,usage_question,closed,50,40,2880
5168,1196,2023-08-27,2023-08-27,bug,closed,5,70,0
5169,662,2023-07-31,2023-08-06,bug,closed,7,115,8640
5170,542,2024-10-23,2024-10-23,feature_request,closed,13,48,0
5171,1816,2024-06-23,2024-06-29,billing,closed,33,192,8640
5172,1286,2023-12-07,2023-12-11,bug,closed,40,160,5760
5173,363,2024-02-14,2024-02-14,bug,closed,46,121,0
5174,185,2024-03-12,2024-03-12,usage_question,closed,48,157,0
5175,1131,2023-10-31,2023-11-03,usage_question,closed,2,118,4320
5176,1566,2024-08-11,2024-08-11,usage_question,closed,29,161,0
5177,845,2024-02-29,2024-02-29,feature_request,closed,1,148,0
5178,1318,2024-03-02,2024-03-02,bug,closed,24,206,0
5179,655,2024-10-27,2024-10-27,usage_question,closed,9,211,0
5180,1471,2024-01-27,2024-01-27,other,closed,49,179,0
5181,1784,2024-04-11,2024-04-18,bug,closed,18,59,10080
5182,269,2024-12-09,2024-12-09,usage_question,closed,40,100,0
5183,358,2024-04-16,2024-04-21,usage_question,closed,50,136,7200
5184,319,2024-03-08,2024-03-08,bug,closed,17,163,0
5185,99,2024-09-05,2024-09-05,usage_question,closed,35,188,0
5186,1603,2024-12-17,2024-12-18,usage_question,closed,1,137,1440
5187,1658,2024-11-07,2024-11-07,usage_question,closed,1,64,0
5188,144,2024-10-15,2024-10-15,bug,closed,6,38,0
5189,1691,2024-02-15,2024-02-15,usage_question,closed,25,115,0
5190,84,2024-12-25,2024-12-25,bug,closed,13,95,0
5191,1159,2024-06-05,2024-06-08,usage_question,closed,26,44,4320
5192,201,2024-10-19,2024-10-24,feature_request,closed,37,123,7200
5193,402,2024-12-05,2024-12-05,other,closed,27,144,0
5194,1022,2024-07-15,2024-07-17,feature_request,closed,5,137,2880
5195,759,2024-08-08,2024-08-08,feature_request,closed,29,166,0
5196,1590,2024-09-02,2024-09-04,feature_request,closed,19,89,2880
5197,1136,2024-04-04,2024-04-08,billing,closed,50,83,5760
5198,1581,2023-12-27,2023-12-28,bug,closed,33,115,1440
5199,1312,2024-01-13,2024-01-16,bug,closed,23,138,4320
5200,231,2024-11-13,2024-11-16,usage_question,closed,26,173,4320
5201,1506,2024-10-27,2024-11-02,feature_request,closed,47,240,8640
5202,96,2024-08-30,2024-08-30,feature_request,closed,22,175,0
5203,1679,2024-03-21,2024-03-21,usage_question,closed,9,202,0
5204,868,2024-12-09,2024-12-09,other,closed,39,228,0
5205,194,2024-10-07,2024-10-07,feature_request,closed,10,25,0
5206,19,2024-11-29,2024-11-29,bug,closed,18,140,0
5207,584,2024-05-28,2024-05-28,usage_question,closed,11,76,0
5208,91,2024-08-04,2024-08-05,bug,closed,40,143,1440
5209,361,2024-08-04,2024-08-11,other,closed,40,27,10080
5210,1885,2024-04-22,2024-04-22,usage_question,closed,31,112,0
5211,1647,2024-10-18,2024-10-18,other,closed,2,99,0
5212,1021,2024-01-28,2024-01-28,bug,closed,44,173,0
5213,798,2024-10-11,2024-10-13,bug,closed,25,51,2880
5214,1347,2024-04-03,2024-04-03,usage_question,closed,3,90,0
5215,215,2024-11-20,2024-11-20,bug,closed,36,176,0
5216,1079,2024-02-09,2024-02-13,other,closed,13,85,5760
5217,1341,2024-07-15,2024-07-22,usage_question,closed,46,92,10080
5218,748,2024-02-09,2024-02-14,bug,closed,23,112,7200
5219,951,2024-09-18,2024-09-18,billing,closed,44,94,0
5220,664,2024-07-17,2024-07-17,bug,closed,6,144,0
5221,843,2024-11-27,2024-12-02,usage_question,closed,27,234,7200
5222,764,2024-08-15,2024-08-21,bug,closed,37,207,8640
5223,1649,2024-07-10,2024-07-10,usage_question,closed,39,57,0
5224,563,2024-11-27,2024-11-28,bug,closed,7,45,1440
5225,1160,2023-06-17,2023-06-18,feature_request,closed,3,222,1440
5226,998,2024-07-08,2024-07-13,other,closed,39,127,7200
5227,932,2024-04-09,2024-04-12,bug,closed,13,107,4320
5228,237,2024-07-25,2024-07-26,usage_question,closed,20,211,1440
5229,1989,2024-01-15,2024-01-15,bug,closed,30,114,0
5230,1500,2023-09-04,2023-09-08,bug,closed,20,30,5760
5231,36,2024-06-19,2024-06-24,usage_question,closed,47,27,7200
5232,10,2024-04-25,2024-04-25,feature_request,closed,43,119,0
5233,564,2024-08-04,2024-08-09,usage_question,closed,5,95,7200
5234,1296,2024-04-24,2024-05-01,usage_question,closed,22,223,10080
5235,261,2024-11-06,2024-11-08,other,closed,46,107,2880
5236,1593,2024-06-03,2024-06-10,bug,closed,3,191,10080
5237,310,2024-06-02,2024-06-02,bug,closed,17,83,0
5238,1167,2023-09-21,2023-09-24,bug,closed,10,96,4320
5239,1513,2024-12-03,2024-12-03,other,closed,16,40,0
5240,887,2024-11-26,2024-11-26,bug,closed,2,22,0
5241,1235,2024-10-26,2024-10-31,billing,closed,49,21,7200
5242,947,2024-02-16,2024-02-17,other,closed,36,87,1440
5243,951,2023-07-16,2023-07-20,bug,closed,44,46,5760
5244,231,2024-02-28,2024-03-05,bug,closed,18,187,8640
5245,379,2023-12-26,2023-12-30,usage_question,closed,21,115,5760
5246,1798,2024-12-13,2024-12-16,bug,closed,17,156,4320
5247,1328,2024-12-10,2024-12-10,other,closed,27,37,0
5248,794,2024-11-07,2024-11-13,bug,closed,14,122,8640
5249,1506,2024-11-05,2024-11-08,bug,closed,4,63,4320
5250,622,2023-12-02,2023-12-02,billing,closed,25,91,0
5251,53,2023-11-02,2023-11-07,bug,closed,9,166,7200
5252,1315,2024-06-13,2024-06-13,feature_request,closed,5,180,0
5253,1337,2024-08-10,2024-08-14,usage_question,closed,33,35,5760
5254,1922,2023-09-06,2023-09-06,other,closed,19,172,0
5255,1452,2024-03-31,2024-03-31,other,closed,24,222,0
5256,1201,2023-07-21,2023-07-21,usage_question,closed,22,89,0
5257,1598,2024-06-15,2024-06-15,other,closed,2,53,0
5258,953,2024-08-27,2024-08-27,bug,closed,37,132,0
5259,1725,2024-12-28,2025-01-01,bug,open,13,124,5760
5260,470,2024-02-03,2024-02-03,other,closed,43,92,0
5261,726,2023-12-09,2023-12-12,usage_question,closed,3,136,4320
5262,1008,2024-11-28,2024-11-30,billing,closed,18,127,2880
5263,590,2024-03-08,2024-03-12,usage_question,closed,46,58,5760
5264,535,2024-11-17,2024-11-17,other,closed,23,211,0
5265,109,2024-05-28,2024-05-30,other,closed,11,20,2880
5266,837,2024-06-02,2024-06-09,feature_request,closed,16,81,10080
5267,919,2024-01-19,2024-01-19,usage_question,closed,15,156,0
5268,919,2024-08-07,2024-08-07,feature_request,closed,6,110,0
5269,970,2024-10-10,2024-10-11,usage_question,closed,2,102,1440
5270,771,2024-07-18,2024-07-22,feature_request,closed,7,149,5760
5271,1021,2024-05-06,2024-05-06,bug,closed,15,115,0
5272,1342,2023-12-14,2023-12-21,bug,closed,42,68,10080
5273,1970,2024-09-13,2024-09-13,other,closed,6,94,0
5274,1931,2024-01-22,2024-01-23,usage_question,closed,37,175,1440
5275,668,2024-06-01,2024-06-01,bug,closed,17,86,0
5276,1443,2024-10-08,2024-10-08,other,closed,37,39,0
5277,1549,2024-11-15,2024-11-15,bug,closed,7,133,0
5278,555,2024-02-24,2024-02-24,feature_request,closed,17,117,0
5279,1546,2024-09-29,2024-09-29,feature_request,closed,9,170,0
5280,1455,2024-12-10,2024-12-10,feature_request,closed,35,174,0
5281,1834,2024-08-17,2024-08-20,feature_request,closed,40,145,4320
5282,1552,2023-10-04,2023-10-06,usage_question,closed,11,88,2880
5283,253,2024-07-12,2024-07-14,other,closed,3,53,2880
5284,1616,2024-04-21,2024-04-21,feature_request,closed,19,172,0
5285,1279,2024-08-29,2024-08-31,other,closed,29,129,2880
5286,934,2024-11-03,2024-11-03,bug,closed,35,23,0
5287,144,2024-05-03,2024-05-06,bug,closed,11,42,4320
5288,1080,2024-02-27,2024-03-03,bug,closed,4,81,7200
5289,452,2024-08-05,2024-08-05,bug,closed,11,133,0
5290,1991,2024-07-29,2024-07-31,usage_question,closed,46,227,2880
5291,1939,2024-06-15,2024-06-17,bug,closed,47,80,2880
5292,1045,2024-06-03,2024-06-03,bug,closed,18,73,0
5293,1902,2024-09-05,2024-09-05,usage_question,closed,46,124,0
5294,515,2024-09-12,2024-09-13,bug,closed,12,174,1440
5295,531,2024-05-11,2024-05-15,feature_request,closed,7,48,5760
5296,1077,2024-02-07,2024-02-11,usage_question,closed,34,185,5760
5297,520,2024-12-08,2024-12-08,bug,closed,9,179,0
5298,304,2024-11-20,2024-11-24,other,closed,7,88,5760
5299,1580,2024-12-28,2025-01-03,bug,open,19,175,8640
5300,541,2024-10-28,2024-10-30,usage_question,closed,5,205,2880
5301,318,2024-01-25,2024-01-25,other,closed,13,116,0
5302,512,2024-01-22,2024-01-29,usage_question,closed,30,50,10080
5303,589,2024-08-06,2024-08-08,usage_question,closed,11,203,2880
5304,1076,2023-11-27,2023-11-29,feature_request,closed,31,53,2880
5305,1984,2024-04-30,2024-05-01,bug,closed,18,103,1440
5306,773,2024-11-13,2024-11-20,feature_request,closed,27,150,10080
5307,666,2024-05-06,2024-05-11,usage_question,closed,29,211,7200
5308,1086,2023-12-09,2023-12-09,usage_question,closed,8,240,0
5309,1603,2024-03-27,2024-04-01,usage_question,closed,48,192,7200
5310,1085,2023-08-14,2023-08-17,other,closed,22,70,4320
5311,708,2024-05-10,2024-05-10,feature_request,closed,10,96,0
5312,1600,2024-11-24,2024-11-27,usage_question,closed,45,84,4320
5313,56,2024-05-15,2024-05-15,bug,closed,3,26,0
5314,1553,2024-11-06,2024-11-12,usage_question,closed,3,176,8640
5315,371,2024-10-07,2024-10-08,usage_question,closed,10,160,1440
5316,1770,2024-05-29,2024-05-29,usage_question,closed,11,212,0
5317,1074,2024-07-28,2024-07-28,other,closed,27,195,0
5318,543,2024-12-05,2024-12-07,usage_question,closed,9,196,2880
5319,1395,2024-07-07,2024-07-10,bug,closed,14,152,4320
5320,1588,2024-01-25,2024-01-25,bug,closed,26,79,0
5321,1228,2024-04-15,2024-04-16,usage_question,closed,12,100,1440
5322,103,2024-07-20,2024-07-22,usage_question,closed,42,238,2880
5323,495,2023-11-04,2023-11-08,billing,closed,13,240,5760
5324,921,2024-04-11,2024-04-11,bug,closed,5,228,0
5325,624,2024-09-16,2024-09-16,feature_request,closed,22,93,0
5326,775,2024-09-15,2024-09-16,feature_request,closed,34,152,1440
5327,164,2024-07-07,2024-07-12,feature_request,closed,22,147,7200
5328,1938,2024-09-19,2024-09-24,usage_question,closed,21,148,7200
5329,1168,2024-08-01,2024-08-01,usage_question,closed,11,87,0
5330,593,2024-03-28,2024-04-01,bug,closed,30,212,5760
5331,229,2024-09-03,2024-09-05,bug,closed,22,210,2880
5332,975,2024-04-05,2024-04-09,other,closed,20,220,5760
5333,1117,2024-01-23,2024-01-29,usage_question,closed,24,194,8640
5334,721,2024-08-07,2024-08-12,usage_question,closed,16,32,7200
5335,362,2024-04-14,2024-04-20,bug,closed,13,40,8640
5336,935,2024-02-18,2024-02-25,bug,closed,13,169,10080
5337,47,2024-03-24,2024-03-24,usage_question,closed,46,112,0
5338,218,2024-11-21,2024-11-21,feature_request,closed,17,26,0
5339,1413,2024-03-29,2024-03-29,billing,closed,27,209,0
5340,1656,2024-05-30,2024-05-30,usage_question,closed,21,20,0
5341,57,2023-07-18,2023-07-24,usage_question,closed,15,135,8640
5342,438,2024-05-24,2024-05-29,usage_question,closed,3,66,7200
5343,1428,2024-06-23,2024-06-23,bug,closed,24,105,0
5344,1789,2024-10-16,2024-10-16,usage_question,closed,12,178,0
5345,185,2024-04-11,2024-04-18,bug,closed,23,102,10080
5346,445,2024-07-20,2024-07-20,billing,closed,15,83,0
5347,610,2024-03-03,2024-03-08,bug,closed,42,225,7200
5348,1768,2024-06-04,2024-06-04,billing,closed,38,74,0
5349,1787,2024-09-22,2024-09-22,feature_request,closed,40,107,0
5350,157,2024-01-07,2024-01-11,billing,closed,17,178,5760
5351,376,2024-01-18,2024-01-18,bug,closed,5,199,0
5352,343,2024-05-05,2024-05-11,usage_question,closed,16,208,8640
5353,606,2023-12-25,2023-12-26,usage_question,closed,37,68,1440
5354,491,2024-06-13,2024-06-13,usage_question,closed,4,16,0
5355,1582,2024-05-15,2024-05-15,usage_question,closed,31,182,0
5356,1879,2024-11-26,2024-11-29,feature_request,closed,47,41,4320
5357,684,2024-10-11,2024-10-17,bug,closed,15,78,8640
5358,700,2024-02-13,2024-02-13,usage_question,closed,44,236,0
5359,93,2024-06-10,2024-06-17,usage_question,closed,7,211,10080
5360,1547,2024-02-28,2024-03-06,usage_question,closed,24,76,10080
5361,1750,2024-11-03,2024-11-06,usage_question,closed,49,168,4320
5362,761,2024-04-10,2024-04-10,billing,closed,36,208,0
5363,333,2023-08-03,2023-08-03,other,closed,40,221,0
5364,1360,2024-03-01,2024-03-05,feature_request,closed,38,19,5760
5365,139,2024-10-08,2024-10-11,other,closed,18,225,4320
5366,369,2024-09-09,2024-09-13,usage_question,closed,26,60,5760
5367,775,2024-04-18,2024-04-18,billing,closed,27,58,0
5368,1766,2023-12-28,2023-12-28,bug,closed,27,107,0
5369,1662,2024-06-15,2024-06-18,bug,closed,37,115,4320
5370,1892,2023-12-18,2023-12-25,usage_question,closed,48,76,10080
5371,1383,2023-12-26,2023-12-31,usage_question,closed,33,184,7200
5372,1859,2024-07-05,2024-07-08,feature_request,closed,10,121,4320
5373,1953,2024-05-26,2024-05-30,billing,closed,20,93,5760
5374,1227,2024-02-19,2024-02-24,bug,closed,19,19,7200
5375,1766,2024-01-03,2024-01-03,billing,closed,42,196,0
5376,1869,2024-03-13,2024-03-13,billing,closed,40,162,0
5377,451,2024-12-28,2024-12-30,bug,closed,3,47,2880
5378,170,2024-07-12,2024-07-14,bug,closed,35,109,2880
5379,1142,2024-09-23,2024-09-30,other,closed,23,155,10080
5380,772,2024-06-26,2024-06-30,billing,closed,37,237,5760
5381,373,2024-06-12,2024-06-12,bug,closed,42,76,0
5382,1089,2024-12-15,2024-12-15,billing,closed,9,146,0
5383,1491,2024-11-16,2024-11-18,other,closed,4,140,2880
5384,1457,2024-09-30,2024-09-30,bug,closed,2,235,0
5385,563,2024-08-14,2024-08-15,bug,closed,43,138,1440
5386,918,2024-08-22,2024-08-22,bug,closed,44,182,0
5387,1634,2024-07-15,2024-07-15,bug,closed,35,16,0
5388,1564,2023-05-08,2023-05-13,bug,closed,47,146,7200
5389,326,2023-12-25,2023-12-25,billing,closed,20,88,0
5390,687,2024-10-14,2024-10-14,usage_question,closed,1,160,0
5391,1757,2024-03-14,2024-03-14,bug,closed,47,141,0
5392,478,2023-07-03,2023-07-03,feature_request,closed,44,48,0
5393,752,2024-03-01,2024-03-04,feature_request,closed,24,222,4320
5394,1200,2023-08-14,2023-08-14,feature_request,closed,49,73,0
5395,129,2024-06-11,2024-06-17,usage_question,closed,19,87,8640
5396,877,2024-10-25,2024-10-25,bug,closed,23,101,0
5397,51,2024-04-11,2024-04-11,other,closed,24,24,0
5398,466,2024-11-14,2024-11-19,usage_question,closed,45,16,7200
5399,1828,2024-01-22,2024-01-26,usage_question,closed,5,196,5760
5400,1752,2024-12-24,2024-12-24,billing,closed,30,67,0
5401,656,2024-02-24,2024-02-24,feature_request,closed,15,150,0
5402,333,2024-07-03,2024-07-09,usage_question,closed,35,173,8640
5403,1421,2023-11-29,2023-11-29,usage_question,closed,46,78,0
5404,1470,2024-12-17,2024-12-18,feature_request,closed,31,93,1440
5405,1135,2024-05-31,2024-05-31,usage_question,closed,23,188,0
5406,968,2024-04-12,2024-04-12,usage_question,closed,38,122,0
5407,969,2023-10-23,2023-10-26,usage_question,closed,14,84,4320
5408,195,2024-05-03,2024-05-03,usage_question,closed,25,110,0
5409,626,2023-12-03,2023-12-05,usage_question,closed,34,192,2880
5410,565,2024-09-23,2024-09-23,usage_question,closed,31,168,0
5411,571,2023-11-29,2023-11-30,usage_question,closed,11,199,1440
5412,299,2023-03-22,2023-03-22,other,closed,22,125,0
5413,1491,2024-07-21,2024-07-21,bug,closed,18,101,0
5414,1539,2024-03-21,2024-03-25,usage_question,closed,33,122,5760
5415,1834,2024-03-04,2024-03-05,other,closed,40,41,1440
5416,1600,2024-06-10,2024-06-10,usage_question,closed,13,76,0
5417,947,2024-10-13,2024-10-13,bug,closed,15,129,0
5418,1737,2024-05-25,2024-05-27,usage_question,closed,6,152,2880
5419,934,2024-09-18,2024-09-22,feature_request,closed,27,112,5760
5420,1507,2024-02-12,2024-02-12,other,closed,43,136,0
5421,1103,2024-12-15,2024-12-15,bug,closed,47,121,0
5422,1892,2024-05-15,2024-05-21,usage_question,closed,26,21,8640
5423,137,2024-05-25,2024-05-25,usage_question,closed,4,57,0
5424,1341,2024-09-24,2024-09-26,usage_question,closed,15,83,2880
5425,1843,2024-05-27,2024-05-30,bug,closed,32,231,4320
5426,527,2024-08-10,2024-08-13,bug,closed,3,168,4320
5427,513,2024-08-09,2024-08-09,other,closed,16,176,0
5428,1556,2024-06-22,2024-06-22,usage_question,closed,5,151,0
5429,460,2024-05-28,2024-06-01,usage_question,closed,30,135,5760
5430,1003,2024-11-26,2024-11-30,usage_question,closed,21,207,5760
5431,712,2023-12-24,2023-12-28,other,closed,48,70,5760
5432,1978,2024-07-21,2024-07-21,feature_request,closed,36,202,0
5433,504,2024-12-09,2024-12-11,usage_question,closed,21,117,2880
5434,774,2024-01-12,2024-01-15,feature_request,closed,39,93,4320
5435,1758,2024-10-11,2024-10-17,usage_question,closed,25,146,8640
5436,1828,2024-09-30,2024-09-30,bug,closed,12,179,0
5437,27,2024-06-23,2024-06-23,feature_request,closed,20,108,0
5438,1395,2024-07-30,2024-08-04,bug,closed,44,192,7200
5439,1716,2024-06-28,2024-06-28,feature_request,closed,31,128,0
5440,1294,2024-11-03,2024-11-03,usage_question,closed,35,229,0
5441,1981,2023-12-18,2023-12-18,usage_question,closed,3,208,0
5442,885,2024-06-19,2024-06-26,bug,closed,34,236,10080
5443,740,2024-04-05,2024-04-09,billing,closed,30,108,5760
5444,1901,2024-09-27,2024-10-03,bug,closed,18,97,8640
5445,1762,2024-12-29,2024-12-29,usage_question,closed,21,160,0
5446,1614,2024-12-24,2024-12-24,bug,closed,11,21,0
5447,1339,2024-03-02,2024-03-02,usage_question,closed,36,177,0
5448,1524,2024-03-24,2024-03-28,other,closed,1,159,5760
5449,584,2024-03-06,2024-03-07,usage_question,closed,24,68,1440
5450,192,2024-08-07,2024-08-07,billing,closed,13,195,0
5451,1792,2023-12-10,2023-12-10,usage_question,closed,38,115,0
5452,1135,2023-06-28,2023-06-28,feature_request,closed,32,75,0
5453,826,2024-04-20,2024-04-26,usage_question,closed,30,21,8640
5454,132,2024-08-05,2024-08-08,billing,closed,44,218,4320
5455,8,2024-09-18,2024-09-23,billing,closed,9,130,7200
5456,289,2024-09-02,2024-09-07,usage_question,closed,22,56,7200
5457,998,2024-04-02,2024-04-06,billing,closed,5,58,5760
5458,1641,2024-11-30,2024-12-03,bug,closed,19,32,4320
5459,240,2024-06-04,2024-06-08,usage_question,closed,4,210,5760
5460,94,2024-10-17,2024-10-17,bug,closed,23,157,0
5461,1117,2024-12-16,2024-12-23,usage_question,closed,1,216,10080
5462,696,2023-12-11,2023-12-11,usage_question,closed,33,225,0
5463,837,2024-08-18,2024-08-18,billing,closed,37,222,0
5464,1007,2024-03-01,2024-03-01,other,closed,45,29,0
5465,502,2024-07-28,2024-07-28,bug,closed,50,84,0
5466,498,2023-11-21,2023-11-27,usage_question,closed,40,165,8640
5467,1615,2024-10-17,2024-10-17,usage_question,closed,19,220,0
5468,705,2024-10-31,2024-11-04,usage_question,closed,8,233,5760
5469,1799,2024-12-22,2024-12-22,usage_question,closed,18,190,0
5470,465,2024-06-05,2024-06-12,billing,closed,39,189,10080
5471,81,2024-05-07,2024-05-07,billing,closed,15,205,0
5472,1497,2024-05-22,2024-05-22,billing,closed,11,53,0
5473,642,2024-12-14,2024-12-18,feature_request,closed,9,147,5760
5474,48,2024-10-07,2024-10-07,other,closed,12,68,0
5475,1217,2024-06-14,2024-06-14,other,closed,10,87,0
5476,1594,2024-10-10,2024-10-10,usage_question,closed,35,199,0
5477,1013,2024-09-18,2024-09-18,other,closed,5,76,0
5478,831,2023-11-13,2023-11-17,other,closed,39,223,5760
5479,739,2023-12-03,2023-12-03,bug,closed,38,138,0
5480,1904,2024-10-24,2024-10-27,bug,closed,30,210,4320
5481,1142,2023-12-05,2023-12-09,feature_request,closed,30,143,5760
5482,1659,2023-12-03,2023-12-03,feature_request,closed,3,82,0
5483,705,2024-12-27,2024-12-27,usage_question,closed,29,118,0
5484,154,2024-06-27,2024-07-01,usage_question,closed,42,18,5760
5485,490,2024-08-29,2024-08-29,usage_question,closed,12,27,0
5486,1340,2023-07-18,2023-07-18,feature_request,closed,11,46,0
5487,884,2023-03-22,2023-03-29,bug,closed,36,149,10080
5488,1634,2024-04-03,2024-04-03,other,closed,10,62,0
5489,1691,2024-10-13,2024-10-14,usage_question,closed,12,163,1440
5490,609,2024-09-19,2024-09-20,usage_question,closed,37,142,1440
5491,665,2024-06-16,2024-06-16,usage_question,closed,19,158,0
5492,1427,2024-02-26,2024-03-02,billing,closed,17,34,7200
5493,1629,2024-05-05,2024-05-10,usage_question,closed,37,180,7200
5494,747,2024-11-20,2024-11-25,other,closed,13,31,7200
5495,491,2023-10-06,2023-10-12,other,closed,38,57,8640
5496,1148,2024-10-15,2024-10-15,usage_question,closed,31,189,0
5497,1832,2024-04-05,2024-04-10,bug,closed,45,90,7200
5498,1069,2024-09-27,2024-09-27,usage_question,closed,22,91,0
5499,1769,2024-08-04,2024-08-09,usage_question,closed,50,20,7200
5500,1633,2024-01-27,2024-01-31,bug,closed,36,207,5760
5501,755,2023-08-27,2023-08-27,other,closed,1,63,0
5502,179,2024-07-10,2024-07-14,billing,closed,4,107,5760
5503,697,2024-07-28,2024-07-28,billing,closed,34,150,0
5504,473,2024-01-06,2024-01-09,billing,closed,20,132,4320
5505,1808,2024-12-04,2024-12-05,billing,closed,26,155,1440
5506,353,2024-10-16,2024-10-17,bug,closed,40,224,1440
5507,668,2023-11-30,2023-12-04,billing,closed,35,109,5760
5508,25,2024-06-06,2024-06-07,other,closed,6,106,1440
5509,479,2024-12-02,2024-12-02,bug,closed,31,200,0
5510,895,2024-06-23,2024-06-23,feature_request,closed,1,104,0
5511,1990,2024-10-29,2024-10-29,usage_question,closed,38,86,0
5512,1826,2024-03-07,2024-03-07,other,closed,25,236,0
5513,206,2024-10-07,2024-10-07,bug,closed,25,155,0
5514,925,2023-12-07,2023-12-07,billing,closed,35,109,0
5515,1150,2024-05-09,2024-05-15,usage_question,closed,7,17,8640
5516,690,2024-02-26,2024-02-29,usage_question,closed,7,110,4320
5517,267,2024-04-12,2024-04-12,bug,closed,35,28,0
5518,1321,2023-08-08,2023-08-14,usage_question,closed,44,163,8640
5519,988,2024-08-24,2024-08-26,billing,closed,8,16,2880
5520,1633,2024-04-29,2024-05-01,usage_question,closed,14,44,2880
5521,1702,2024-08-14,2024-08-15,bug,closed,32,122,1440
5522,1011,2024-06-05,2024-06-06,other,closed,2,169,1440
5523,1229,2024-11-14,2024-11-14,bug,closed,45,170,0
5524,891,2024-11-15,2024-11-15,feature_request,closed,24,93,0
5525,738,2023-11-29,2023-12-04,other,closed,37,126,7200
5526,1840,2024-01-14,2024-01-16,billing,closed,43,19,2880
5527,1804,2024-03-26,2024-03-26,bug,closed,47,121,0
5528,1198,2024-11-21,2024-11-27,usage_question,closed,20,190,8640
5529,1639,2024-10-09,2024-10-10,bug,closed,20,113,1440
5530,1457,2024-05-24,2024-05-24,bug,closed,9,154,0
5531,436,2024-06-07,2024-06-13,bug,closed,16,16,8640
5532,1242,2024-03-26,2024-03-30,usage_question,closed,34,226,5760
5533,839,2024-02-15,2024-02-21,billing,closed,26,167,8640
5534,1533,2024-06-02,2024-06-04,bug,closed,17,216,2880
5535,1858,2024-03-13,2024-03-17,other,closed,15,183,5760
5536,895,2024-04-04,2024-04-04,billing,closed,26,17,0
5537,719,2024-11-20,2024-11-20,usage_question,closed,23,53,0
5538,1097,2024-02-01,2024-02-01,usage_question,closed,33,54,0
5539,1665,2024-10-17,2024-10-17,bug,closed,47,186,0
5540,1766,2024-12-04,2024-12-09,feature_request,closed,23,204,7200
5541,1914,2024-03-16,2024-03-16,feature_request,closed,30,98,0
5542,1686,2024-06-12,2024-06-14,feature_request,closed,17,134,2880
5543,574,2023-06-21,2023-06-28,other,closed,33,83,10080
5544,1866,2024-05-17,2024-05-20,bug,closed,50,85,4320
5545,454,2024-06-21,2024-06-26,other,closed,37,73,7200
5546,1068,2024-12-21,2024-12-23,billing,closed,36,19,2880
5547,1283,2024-05-13,2024-05-18,bug,closed,16,139,7200
5548,835,2024-08-09,2024-08-12,bug,closed,2,148,4320
5549,774,2024-07-15,2024-07-15,usage_question,closed,38,240,0
5550,1538,2023-09-29,2023-09-29,bug,closed,32,162,0
5551,1792,2024-03-07,2024-03-07,feature_request,closed,43,53,0
5552,1623,2024-06-01,2024-06-01,billing,closed,5,29,0
5553,890,2024-09-27,2024-09-27,bug,closed,23,122,0
5554,514,2024-05-11,2024-05-11,bug,closed,35,228,0
5555,379,2023-10-28,2023-10-28,usage_question,closed,30,55,0
5556,1188,2024-11-04,2024-11-04,billing,closed,47,210,0
5557,143,2024-11-20,2024-11-22,feature_request,closed,36,120,2880
5558,1881,2024-01-23,2024-01-23,usage_question,closed,24,194,0
5559,1235,2024-06-20,2024-06-25,bug,closed,19,81,7200
5560,513,2024-09-02,2024-09-02,billing,closed,4,61,0
5561,1171,2024-03-20,2024-03-20,usage_question,closed,32,85,0
5562,1448,2024-08-24,2024-08-29,usage_question,closed,32,150,7200
5563,1952,2024-05-16,2024-05-16,billing,closed,42,236,0
5564,1021,2024-01-14,2024-01-20,billing,closed,13,141,8640
5565,1097,2024-11-09,2024-11-09,bug,closed,48,144,0
5566,1638,2024-10-12,2024-10-15,feature_request,closed,1,75,4320
5567,1899,2024-05-26,2024-05-26,usage_question,closed,22,32,0
5568,630,2024-06-25,2024-06-25,bug,closed,36,80,0
5569,1019,2024-04-11,2024-04-12,feature_request,closed,45,113,1440
5570,825,2024-04-17,2024-04-17,usage_question,closed,22,39,0
5571,1514,2024-10-07,2024-10-07,bug,closed,26,229,0
5572,1571,2024-09-29,2024-09-29,usage_question,closed,13,184,0
5573,1069,2024-05-23,2024-05-23,billing,closed,23,87,0
5574,376,2024-03-19,2024-03-19,usage_question,closed,36,71,0
5575,1631,2024-07-16,2024-07-21,usage_question,closed,13,142,7200
5576,928,2024-10-01,2024-10-06,usage_question,closed,34,121,7200
5577,1679,2024-11-27,2024-12-01,usage_question,closed,21,121,5760
5578,992,2024-10-12,2024-10-13,feature_request,closed,50,186,1440
5579,689,2024-11-13,2024-11-13,bug,closed,23,133,0
5580,1106,2024-07-06,2024-07-06,bug,closed,47,71,0
5581,1372,2023-10-02,2023-10-06,usage_question,closed,44,128,5760
5582,188,2024-06-23,2024-06-27,other,closed,33,133,5760
5583,1542,2024-05-17,2024-05-17,bug,closed,31,240,0
5584,656,2024-08-30,2024-09-06,bug,closed,40,106,10080
5585,1900,2023-07-18,2023-07-18,billing,closed,40,121,0
5586,1946,2023-05-17,2023-05-17,feature_request,closed,12,157,0
5587,1143,2024-05-17,2024-05-17,bug,closed,14,109,0
5588,1810,2024-09-04,2024-09-10,other,closed,47,206,8640
5589,1865,2024-04-27,2024-05-01,usage_question,closed,15,140,5760
5590,1017,2023-11-16,2023-11-21,feature_request,closed,38,173,7200
5591,714,2024-11-18,2024-11-21,other,closed,45,199,4320
5592,1894,2024-05-29,2024-05-29,bug,closed,21,213,0
5593,1765,2024-03-30,2024-04-04,bug,closed,10,235,7200
5594,423,2023-08-19,2023-08-19,bug,closed,21,191,0
5595,1801,2024-05-10,2024-05-10,usage_question,closed,24,97,0
5596,1015,2024-08-11,2024-08-12,usage_question,closed,12,183,1440
5597,1202,2024-10-26,2024-11-02,feature_request,closed,46,173,10080
5598,1074,2024-09-12,2024-09-12,usage_question,closed,39,62,0
5599,1767,2024-11-16,2024-11-16,billing,closed,9,109,0
5600,1385,2024-07-26,2024-07-26,usage_question,closed,11,66,0
5601,1313,2024-05-18,2024-05-24,bug,closed,1,136,8640
5602,692,2024-09-09,2024-09-09,feature_request,closed,44,146,0
5603,1080,2024-08-04,2024-08-04,bug,closed,17,114,0
5604,1286,2024-05-27,2024-05-27,usage_question,closed,9,194,0
5605,1617,2024-07-31,2024-07-31,bug,closed,32,237,0
5606,1454,2024-09-06,2024-09-06,feature_request,closed,1,24,0
5607,992,2023-12-10,2023-12-13,other,closed,20,197,4320
5608,1568,2023-12-22,2023-12-22,bug,closed,11,65,0
5609,599,2024-09-22,2024-09-24,bug,closed,9,180,2880
5610,1772,2024-01-13,2024-01-19,bug,closed,25,93,8640
5611,1753,2024-05-20,2024-05-20,billing,closed,9,60,0
5612,1914,2023-12-13,2023-12-16,other,closed,19,140,4320
5613,1627,2024-04-11,2024-04-13,billing,closed,22,91,2880
5614,376,2024-08-26,2024-08-31,usage_question,closed,48,174,7200
5615,1507,2024-01-11,2024-01-11,usage_question,closed,11,159,0
5616,1987,2024-12-20,2024-12-20,feature_request,closed,4,42,0
5617,506,2024-02-12,2024-02-13,billing,closed,11,144,1440
5618,1705,2024-09-21,2024-09-21,billing,closed,4,105,0
5619,985,2024-08-14,2024-08-21,bug,closed,15,139,10080
5620,319,2024-07-17,2024-07-17,bug,closed,44,203,0
5621,1509,2024-08-17,2024-08-23,feature_request,closed,22,128,8640
5622,217,2024-11-17,2024-11-17,bug,closed,5,27,0
5623,510,2024-03-15,2024-03-20,billing,closed,15,37,7200
5624,590,2024-04-28,2024-05-01,billing,closed,49,52,4320
5625,1315,2024-04-13,2024-04-19,bug,closed,30,66,8640
5626,365,2023-11-13,2023-11-13,bug,closed,1,147,0
5627,1819,2024-08-24,2024-08-31,usage_question,closed,24,165,10080
5628,979,2024-05-24,2024-05-24,usage_question,closed,23,44,0
5629,1489,2024-05-01,2024-05-08,billing,closed,38,179,10080
5630,1068,2023-12-12,2023-12-12,feature_request,closed,44,159,0
5631,1016,2024-05-28,2024-05-28,usage_question,closed,29,24,0
5632,1172,2024-03-25,2024-03-28,bug,closed,9,173,4320
5633,1275,2024-01-28,2024-01-28,billing,closed,8,95,0
5634,603,2024-10-10,2024-10-11,usage_question,closed,45,86,1440
5635,985,2023-12-27,2023-12-31,billing,closed,2,95,5760
5636,1346,2024-05-28,2024-05-28,billing,closed,36,180,0
5637,789,2024-05-27,2024-06-03,feature_request,closed,1,28,10080
5638,1871,2024-10-18,2024-10-24,other,closed,44,107,8640
5639,1323,2024-05-27,2024-05-29,usage_question,closed,32,35,2880
5640,1347,2024-08-11,2024-08-11,usage_question,closed,18,42,0
5641,1817,2024-11-13,2024-11-13,usage_question,closed,11,35,0
5642,892,2024-03-08,2024-03-08,bug,closed,46,180,0
5643,1899,2024-05-18,2024-05-18,bug,closed,36,120,0
5644,1651,2024-02-03,2024-02-03,bug,closed,20,119,0
5645,1240,2024-09-03,2024-09-08,other,closed,27,146,7200
5646,1214,2024-11-23,2024-11-27,bug,closed,15,214,5760
5647,620,2023-10-06,2023-10-06,bug,closed,17,155,0
5648,337,2024-03-31,2024-03-31,bug,closed,38,189,0
5649,530,2024-11-02,2024-11-02,other,closed,35,214,0
5650,730,2024-01-09,2024-01-09,bug,closed,4,178,0
5651,515,2024-12-07,2024-12-09,other,closed,38,53,2880
5652,1274,2024-07-13,2024-07-18,usage_question,closed,49,54,7200
5653,98,2024-02-22,2024-02-28,billing,closed,5,74,8640
5654,429,2024-11-15,2024-11-15,usage_question,closed,27,226,0
5655,1708,2024-09-11,2024-09-18,bug,closed,31,39,10080
5656,1069,2024-02-28,2024-03-04,bug,closed,21,142,7200
5657,1438,2024-02-19,2024-02-23,bug,closed,4,76,5760
5658,965,2023-08-22,2023-08-22,feature_request,closed,7,218,0
5659,1104,2024-07-20,2024-07-24,bug,closed,14,77,5760
5660,112,2024-12-20,2024-12-20,feature_request,closed,15,115,0
5661,1788,2024-07-29,2024-07-29,bug,closed,48,193,0
5662,56,2024-12-22,2024-12-27,usage_question,closed,24,116,7200
5663,453,2023-09-20,2023-09-24,usage_question,closed,37,29,5760
5664,276,2024-12-23,2024-12-23,bug,closed,45,128,0
5665,1209,2024-09-03,2024-09-03,usage_question,closed,44,132,0
5666,1333,2024-05-30,2024-06-01,feature_request,closed,46,22,2880
5667,1627,2023-10-30,2023-10-30,bug,closed,5,68,0
5668,306,2024-10-19,2024-10-23,feature_request,closed,22,171,5760
5669,569,2024-01-06,2024-01-06,bug,closed,7,75,0
5670,1453,2024-11-02,2024-11-02,bug,closed,36,52,0
5671,170,2024-06-03,2024-06-06,bug,closed,50,23,4320
5672,1587,2024-12-25,2024-12-30,bug,closed,1,61,7200
5673,1362,2024-06-01,2024-06-01,usage_question,closed,50,225,0
5674,1548,2024-04-29,2024-04-29,feature_request,closed,38,233,0
5675,1257,2024-09-11,2024-09-12,usage_question,closed,27,107,1440
5676,1051,2024-06-19,2024-06-23,usage_question,closed,34,39,5760
5677,553,2023-08-21,2023-08-27,feature_request,closed,35,175,8640
5678,670,2024-02-29,2024-02-29,usage_question,closed,2,119,0
5679,1876,2024-06-07,2024-06-07,other,closed,8,118,0
5680,1113,2024-01-19,2024-01-19,usage_question,closed,39,59,0
5681,15,2024-03-29,2024-03-29,bug,closed,6,130,0
5682,559,2024-06-15,2024-06-18,usage_question,closed,40,94,4320
5683,1070,2023-09-04,2023-09-10,bug,closed,21,127,8640
5684,856,2023-10-22,2023-10-24,usage_question,closed,30,180,2880
5685,407,2024-07-27,2024-07-31,bug,closed,4,113,5760
5686,1055,2024-03-18,2024-03-25,bug,closed,36,124,10080
5687,1281,2024-10-16,2024-10-21,feature_request,closed,30,81,7200
5688,1340,2024-10-16,2024-10-21,feature_request,closed,11,73,7200
5689,837,2024-12-15,2024-12-15,usage_question,closed,4,25,0
5690,1065,2024-07-14,2024-07-14,bug,closed,18,163,0
5691,1855,2024-05-31,2024-06-01,usage_question,closed,24,90,1440
5692,1240,2023-11-14,2023-11-14,feature_request,closed,21,160,0
5693,111,2024-06-17,2024-06-20,bug,closed,30,48,4320
5694,1311,2024-10-02,2024-10-05,usage_question,closed,20,99,4320
5695,1384,2024-11-27,2024-12-04,billing,closed,23,198,10080
5696,1933,2024-12-11,2024-12-11,billing,closed,16,144,0
5697,1981,2024-10-01,2024-10-02,bug,closed,26,117,1440
5698,92,2024-09-13,2024-09-13,other,closed,30,86,0
5699,266,2024-12-11,2024-12-13,bug,closed,46,155,2880
5700,60,2024-06-12,2024-06-12,feature_request,closed,23,201,0
5701,328,2024-06-23,2024-06-30,bug,closed,48,171,10080
5702,1878,2024-11-25,2024-11-27,bug,closed,22,195,2880
5703,1131,2023-12-30,2024-01-03,feature_request,closed,23,116,5760
5704,770,2024-08-31,2024-08-31,usage_question,closed,9,44,0
5705,1110,2024-02-25,2024-02-25,usage_question,closed,42,61,0
5706,886,2024-04-28,2024-04-29,usage_question,closed,46,194,1440
5707,455,2024-10-21,2024-10-27,usage_question,closed,35,205,8640
5708,1990,2024-02-22,2024-02-22,billing,closed,27,75,0
5709,1990,2024-06-11,2024-06-17,bug,closed,11,48,8640
5710,69,2024-01-21,2024-01-21,usage_question,closed,50,58,0
5711,938,2024-02-17,2024-02-17,feature_request,closed,49,111,0
5712,1128,2024-07-18,2024-07-19,feature_request,closed,35,150,1440
5713,841,2024-11-02,2024-11-06,usage_question,closed,21,39,5760
5714,221,2023-02-13,2023-02-16,feature_request,closed,42,210,4320
5715,1411,2024-11-11,2024-11-11,usage_question,closed,8,62,0
5716,1387,2024-08-07,2024-08-07,bug,closed,5,203,0
5717,381,2024-07-29,2024-07-29,other,closed,21,43,0
5718,1997,2024-03-15,2024-03-15,bug,closed,32,204,0
5719,62,2024-09-15,2024-09-22,bug,closed,22,159,10080
5720,1938,2024-07-24,2024-07-31,bug,closed,44,238,10080
5721,1877,2024-04-09,2024-04-09,bug,closed,39,136,0
5722,1006,2024-02-17,2024-02-17,other,closed,5,102,0
5723,412,2024-12-26,2024-12-28,other,closed,13,33,2880
5724,1420,2024-06-26,2024-06-26,usage_question,closed,11,23,0
5725,49,2024-10-30,2024-10-30,bug,closed,35,238,0
5726,1950,2024-03-16,2024-03-16,bug,closed,15,50,0
5727,899,2024-02-04,2024-02-04,usage_question,closed,27,170,0
5728,993,2024-10-21,2024-10-21,usage_question,closed,35,94,0
5729,765,2024-06-22,2024-06-25,usage_question,closed,23,228,4320
5730,799,2024-12-20,2024-12-20,usage_question,closed,45,126,0
5731,1584,2024-03-01,2024-03-01,bug,closed,37,127,0
5732,1455,2024-08-22,2024-08-27,feature_request,closed,46,158,7200
5733,938,2024-04-11,2024-04-17,usage_question,closed,39,25,8640
5734,24,2024-06-28,2024-06-29,feature_request,closed,24,128,1440
5735,1160,2024-03-14,2024-03-20,feature_request,closed,40,193,8640
5736,929,2024-05-23,2024-05-23,bug,closed,46,178,0
5737,298,2023-11-29,2023-12-06,bug,closed,25,69,10080
5738,336,2023-11-22,2023-11-22,feature_request,closed,14,69,0
5739,1697,2024-12-19,2024-12-23,billing,closed,45,114,5760
5740,474,2024-08-17,2024-08-17,other,closed,24,181,0
5741,839,2024-01-24,2024-01-27,feature_request,closed,1,149,4320
5742,1490,2023-12-07,2023-12-07,other,closed,32,185,0
5743,1468,2024-02-25,2024-02-25,feature_request,closed,14,119,0
5744,1666,2024-01-08,2024-01-08,bug,closed,17,179,0
5745,236,2024-10-22,2024-10-22,bug,closed,48,21,0
5746,1272,2024-02-01,2024-02-05,bug,closed,14,76,5760
5747,1290,2023-09-23,2023-09-28,bug,closed,5,95,7200
5748,313,2023-12-23,2023-12-23,other,closed,22,212,0
5749,535,2024-12-28,2024-12-28,bug,closed,40,230,0
5750,715,2024-09-21,2024-09-25,bug,closed,11,226,5760
5751,448,2024-02-02,2024-02-03,feature_request,closed,16,92,1440
5752,1798,2024-12-27,2024-12-27,usage_question,closed,25,184,0
5753,14,2024-07-08,2024-07-08,billing,closed,48,101,0
5754,1372,2024-03-20,2024-03-23,bug,closed,47,232,4320
5755,1239,2024-08-11,2024-08-11,bug,closed,25,212,0
5756,424,2024-11-14,2024-11-14,feature_request,closed,3,36,0
5757,1253,2024-09-05,2024-09-08,other,closed,2,125,4320
5758,64,2023-11-23,2023-11-28,usage_question,closed,32,110,7200
5759,869,2024-08-24,2024-08-31,usage_question,closed,34,45,10080
5760,1497,2024-06-06,2024-06-10,billing,closed,22,131,5760
5761,1698,2024-08-30,2024-08-30,bug,closed,16,88,0
5762,844,2024-09-02,2024-09-02,usage_question,closed,33,69,0
5763,42,2024-10-16,2024-10-16,billing,closed,23,240,0
5764,527,2024-06-04,2024-06-08,usage_question,closed,37,173,5760
5765,747,2024-12-09,2024-12-13,usage_question,closed,9,191,5760
5766,617,2024-11-06,2024-11-08,feature_request,closed,10,34,2880
5767,1339,2024-03-06,2024-03-06,billing,closed,32,55,0
5768,1535,2024-11-05,2024-11-10,bug,closed,18,232,7200
5769,1728,2024-11-23,2024-11-29,usage_question,closed,26,50,8640
5770,944,2024-11-20,2024-11-23,bug,closed,35,87,4320
5771,881,2024-05-01,2024-05-01,usage_question,closed,50,141,0
5772,829,2024-08-11,2024-08-11,usage_question,closed,7,22,0
5773,684,2024-10-31,2024-11-03,usage_question,closed,20,200,4320
5774,1429,2023-11-04,2023-11-04,usage_question,closed,37,188,0
5775,1158,2024-07-19,2024-07-24,billing,closed,34,230,7200
5776,671,2024-02-12,2024-02-18,usage_question,closed,42,217,8640
5777,1931,2024-09-16,2024-09-20,usage_question,closed,49,120,5760
5778,1556,2024-02-09,2024-02-10,bug,closed,42,55,1440
5779,1568,2024-01-12,2024-01-12,usage_question,closed,14,92,0
5780,358,2023-12-15,2023-12-19,bug,closed,14,214,5760
5781,843,2024-04-01,2024-04-01,feature_request,closed,20,146,0
5782,366,2024-08-16,2024-08-18,bug,closed,2,131,2880
5783,1660,2024-05-25,2024-05-25,other,closed,9,226,0
5784,1320,2024-02-07,2024-02-07,feature_request,closed,3,135,0
5785,1942,2024-10-15,2024-10-15,bug,closed,26,110,0
5786,1481,2024-09-29,2024-10-04,other,closed,46,41,7200
5787,1369,2024-12-28,2024-12-28,usage_question,closed,11,20,0
5788,299,2024-11-26,2024-12-03,usage_question,closed,46,101,10080
5789,685,2024-08-03,2024-08-04,other,closed,9,131,1440
5790,1348,2024-10-31,2024-11-07,bug,closed,40,117,10080
5791,443,2024-12-04,2024-12-07,bug,closed,21,195,4320
5792,1093,2024-06-21,2024-06-21,bug,closed,3,178,0
5793,626,2024-05-10,2024-05-10,bug,closed,21,239,0
5794,1138,2024-08-30,2024-09-04,bug,closed,20,155,7200
5795,978,2024-12-21,2024-12-21,bug,closed,30,184,0
5796,1747,2024-04-27,2024-04-29,bug,closed,3,232,2880
5797,1916,2023-09-15,2023-09-15,billing,closed,16,119,0
5798,1028,2024-04-19,2024-04-23,bug,closed,1,224,5760
5799,1663,2024-03-27,2024-03-27,billing,closed,34,147,0
5800,1044,2024-07-17,2024-07-21,bug,closed,48,222,5760
5801,518,2024-09-15,2024-09-15,usage_question,closed,11,215,0
5802,1765,2024-11-07,2024-11-08,feature_request,closed,8,188,1440
5803,189,2024-11-03,2024-11-03,usage_question,closed,31,119,0
5804,1006,2024-01-21,2024-01-27,usage_question,closed,26,34,8640
5805,1421,2024-07-08,2024-07-15,bug,closed,13,50,10080
5806,162,2024-11-18,2024-11-19,bug,closed,49,45,1440
5807,1001,2024-05-10,2024-05-10,bug,closed,5,27,0
5808,516,2024-09-26,2024-09-26,feature_request,closed,8,214,0
5809,1512,2024-11-04,2024-11-04,usage_question,closed,22,117,0
5810,99,2024-02-16,2024-02-17,bug,closed,9,201,1440
5811,274,2023-07-31,2023-07-31,billing,closed,1,62,0
5812,1455,2024-02-26,2024-03-02,usage_question,closed,45,122,7200
5813,971,2024-03-09,2024-03-15,billing,closed,34,201,8640
5814,834,2024-04-28,2024-05-03,bug,closed,23,195,7200
5815,1387,2024-10-10,2024-10-10,usage_question,closed,2,226,0
5816,995,2024-11-01,2024-11-06,feature_request,closed,19,178,7200
5817,350,2024-03-20,2024-03-27,billing,closed,9,161,10080
5818,352,2023-12-29,2024-01-03,feature_request,closed,22,171,7200
5819,1796,2024-10-08,2024-10-10,feature_request,closed,50,212,2880
5820,821,2023-12-30,2024-01-01,bug,closed,50,189,2880
5821,1229,2024-09-30,2024-09-30,usage_question,closed,49,182,0
5822,1847,2023-07-20,2023-07-20,usage_question,closed,22,103,0
5823,1002,2024-12-17,2024-12-24,other,closed,9,222,10080
5824,296,2023-11-27,2023-11-27,bug,closed,17,209,0
5825,59,2024-11-20,2024-11-20,bug,closed,44,59,0
5826,1941,2023-12-16,2023-12-16,bug,closed,32,56,0
5827,77,2024-09-15,2024-09-15,bug,closed,27,237,0
5828,1490,2024-06-25,2024-07-02,bug,closed,6,239,10080
5829,713,2024-10-22,2024-10-22,billing,closed,27,36,0
5830,793,2024-10-04,2024-10-04,bug,closed,20,210,0
5831,910,2024-11-03,2024-11-05,bug,closed,33,224,2880
5832,1464,2024-05-10,2024-05-14,bug,closed,17,122,5760
5833,399,2024-05-13,2024-05-13,bug,closed,5,113,0
5834,754,2023-09-09,2023-09-09,usage_question,closed,11,205,0
5835,1383,2024-07-22,2024-07-22,feature_request,closed,40,80,0
5836,908,2024-07-09,2024-07-14,usage_question,closed,25,92,7200
5837,816,2024-06-07,2024-06-07,usage_question,closed,8,219,0
5838,5,2024-09-22,2024-09-22,bug,closed,33,228,0
5839,1936,2024-12-03,2024-12-03,feature_request,closed,19,70,0
5840,363,2023-11-25,2023-12-01,bug,closed,4,47,8640
5841,829,2024-10-17,2024-10-23,usage_question,closed,1,226,8640
5842,777,2024-08-01,2024-08-01,usage_question,closed,25,46,0
5843,1234,2024-08-07,2024-08-07,bug,closed,40,67,0
5844,358,2024-11-21,2024-11-24,feature_request,closed,1,160,4320
5845,66,2024-09-03,2024-09-05,usage_question,closed,18,205,2880
5846,1524,2024-06-04,2024-06-04,bug,closed,48,101,0
5847,351,2024-10-30,2024-11-06,feature_request,closed,33,216,10080
5848,258,2024-06-15,2024-06-15,usage_question,closed,38,233,0
5849,1453,2023-10-26,2023-10-26,bug,closed,40,150,0
5850,762,2024-03-26,2024-03-26,usage_question,closed,50,77,0
5851,310,2024-07-27,2024-07-27,bug,closed,42,27,0
5852,784,2024-06-30,2024-06-30,feature_request,closed,40,167,0
5853,686,2024-11-28,2024-12-02,usage_question,closed,17,207,5760
5854,1499,2024-11-18,2024-11-18,usage_question,closed,29,165,0
5855,37,2024-01-20,2024-01-23,bug,closed,31,83,4320
5856,845,2024-07-16,2024-07-16,other,closed,16,115,0
5857,631,2024-05-05,2024-05-05,feature_request,closed,9,88,0
5858,1278,2024-11-01,2024-11-03,bug,closed,32,219,2880
5859,1873,2023-09-16,2023-09-16,other,closed,38,171,0
5860,660,2024-07-01,2024-07-03,usage_question,closed,47,28,2880
5861,1608,2024-02-21,2024-02-21,usage_question,closed,9,185,0
5862,110,2024-12-24,2024-12-26,other,closed,15,44,2880
5863,1788,2024-01-09,2024-01-12,usage_question,closed,26,228,4320
5864,895,2024-11-09,2024-11-09,usage_question,closed,48,239,0
5865,782,2024-05-11,2024-05-16,bug,closed,12,44,7200
5866,1728,2023-10-20,2023-10-23,billing,closed,3,185,4320
5867,512,2023-10-31,2023-10-31,bug,closed,19,46,0
5868,1652,2023-06-22,2023-06-27,billing,closed,5,220,7200
5869,1643,2024-07-30,2024-07-30,bug,closed,32,232,0
5870,660,2024-11-14,2024-11-18,usage_question,closed,22,75,5760
5871,1707,2023-11-16,2023-11-16,bug,closed,34,141,0
5872,50,2024-10-15,2024-10-16,feature_request,closed,22,141,1440
5873,185,2024-12-02,2024-12-09,usage_question,closed,15,95,10080
5874,943,2024-11-12,2024-11-12,feature_request,closed,12,51,0
5875,1733,2024-11-11,2024-11-18,bug,closed,8,223,10080
5876,331,2024-05-29,2024-05-29,bug,closed,7,148,0
5877,925,2024-06-09,2024-06-12,bug,closed,37,82,4320
5878,1731,2024-05-06,2024-05-06,feature_request,closed,9,92,0
5879,1919,2024-11-05,2024-11-11,usage_question,closed,33,30,8640
5880,1768,2024-12-09,2024-12-09,billing,closed,13,149,0
5881,1503,2024-04-13,2024-04-13,bug,closed,25,227,0
5882,1726,2023-11-15,2023-11-15,billing,closed,16,138,0
5883,1094,2024-09-12,2024-09-17,feature_request,closed,46,204,7200
5884,74,2024-03-22,2024-03-25,usage_question,closed,38,178,4320
5885,340,2024-09-15,2024-09-19,usage_question,closed,40,167,5760
5886,1127,2024-05-24,2024-05-25,usage_question,closed,31,22,1440
5887,244,2024-04-29,2024-04-29,usage_question,closed,20,68,0
5888,17,2023-10-24,2023-10-24,usage_question,closed,14,191,0
5889,268,2024-11-13,2024-11-13,usage_question,closed,10,219,0
5890,1985,2024-07-28,2024-07-28,other,closed,35,163,0
5891,936,2023-11-11,2023-11-11,usage_question,closed,8,160,0
5892,1712,2024-10-13,2024-10-18,bug,closed,27,33,7200
5893,1654,2024-10-23,2024-10-26,bug,closed,3,97,4320
5894,874,2024-05-07,2024-05-09,feature_request,closed,13,59,2880
5895,1604,2024-11-17,2024-11-21,bug,closed,40,81,5760
5896,1203,2023-12-23,2023-12-28,usage_question,closed,33,77,7200
5897,177,2024-10-27,2024-10-27,billing,closed,17,141,0
5898,1260,2024-08-06,2024-08-06,feature_request,closed,4,48,0
5899,218,2024-07-24,2024-07-30,feature_request,closed,48,151,8640
5900,193,2024-12-15,2024-12-15,usage_question,closed,38,154,0
5901,93,2024-04-13,2024-04-13,feature_request,closed,27,22,0
5902,1069,2024-08-05,2024-08-05,bug,closed,33,22,0
5903,1917,2024-08-24,2024-08-25,usage_question,closed,47,222,1440
5904,353,2024-02-03,2024-02-10,bug,closed,19,17,10080
5905,1579,2024-08-02,2024-08-08,bug,closed,24,203,8640
5906,1388,2023-08-20,2023-08-27,feature_request,closed,22,211,10080
5907,1967,2024-06-08,2024-06-08,feature_request,closed,21,178,0
5908,177,2024-12-09,2024-12-09,other,closed,7,20,0
5909,77,2024-08-15,2024-08-22,bug,closed,43,22,10080
5910,741,2024-07-05,2024-07-11,usage_question,closed,49,87,8640
5911,654,2024-11-21,2024-11-28,feature_request,closed,5,95,10080
5912,854,2024-04-28,2024-04-28,billing,closed,14,155,0
5913,826,2024-11-17,2024-11-17,billing,closed,38,84,0
5914,1039,2024-12-19,2024-12-23,bug,closed,33,89,5760
5915,197,2024-11-16,2024-11-16,bug,closed,1,119,0
5916,238,2024-01-28,2024-01-28,feature_request,closed,37,141,0
5917,1858,2023-11-26,2023-11-26,bug,closed,6,131,0
5918,918,2024-10-12,2024-10-12,bug,closed,25,209,0
5919,854,2024-11-21,2024-11-26,billing,closed,16,125,7200
5920,1321,2024-11-01,2024-11-01,bug,closed,29,135,0
5921,1903,2023-12-26,2023-12-26,other,closed,29,123,0
5922,696,2024-07-29,2024-07-29,other,closed,4,152,0
5923,653,2024-12-06,2024-12-06,bug,closed,29,209,0
5924,305,2024-03-07,2024-03-07,usage_question,closed,8,151,0
5925,111,2024-06-08,2024-06-08,billing,closed,35,173,0
5926,1570,2024-05-15,2024-05-15,usage_question,closed,12,31,0
5927,1555,2024-05-17,2024-05-21,other,closed,7,110,5760
5928,1003,2024-05-21,2024-05-28,other,closed,8,39,10080
5929,741,2024-09-27,2024-10-04,usage_question,closed,31,155,10080
5930,181,2024-12-25,2024-12-25,usage_question,closed,25,137,0
5931,1896,2024-03-03,2024-03-08,billing,closed,49,100,7200
5932,695,2024-08-14,2024-08-16,feature_request,closed,47,149,2880
5933,636,2024-04-05,2024-04-05,usage_question,closed,13,117,0
5934,1272,2024-12-21,2024-12-26,feature_request,closed,46,205,7200
5935,292,2024-07-21,2024-07-21,other,closed,21,181,0
5936,88,2024-06-22,2024-06-27,feature_request,closed,6,30,7200
5937,1935,2024-03-20,2024-03-20,usage_question,closed,1,73,0
5938,1523,2024-11-19,2024-11-19,other,closed,17,60,0
5939,508,2024-03-27,2024-04-03,feature_request,closed,50,238,10080
5940,1917,2024-06-18,2024-06-23,feature_request,closed,5,229,7200
5941,287,2023-12-02,2023-12-02,usage_question,closed,21,227,0
5942,1932,2024-05-06,2024-05-07,bug,closed,8,62,1440
5943,887,2024-10-27,2024-11-01,bug,closed,10,65,7200
5944,1333,2024-06-05,2024-06-10,usage_question,closed,39,49,7200
5945,977,2024-10-20,2024-10-26,bug,closed,24,217,8640
5946,1339,2024-05-22,2024-05-25,bug,closed,25,82,4320
5947,1342,2024-03-21,2024-03-21,billing,closed,49,95,0
5948,1190,2024-11-13,2024-11-13,feature_request,closed,32,42,0
5949,1104,2024-07-14,2024-07-14,bug,closed,6,152,0
5950,69,2024-10-06,2024-10-11,usage_question,closed,42,150,7200
5951,1486,2024-03-15,2024-03-15,bug,closed,11,36,0
5952,1901,2024-06-17,2024-06-21,bug,closed,12,62,5760
5953,800,2024-05-21,2024-05-21,usage_question,closed,5,145,0
5954,681,2024-06-22,2024-06-22,usage_question,closed,37,23,0
5955,1664,2024-12-13,2024-12-13,other,closed,12,48,0
5956,1565,2024-09-13,2024-09-13,usage_question,closed,43,42,0
5957,93,2024-07-24,2024-07-27,bug,closed,2,25,4320
5958,1255,2024-03-09,2024-03-10,bug,closed,39,88,1440
5959,1287,2024-06-03,2024-06-03,bug,closed,9,196,0
5960,1998,2024-04-20,2024-04-22,feature_request,closed,42,100,2880
5961,783,2023-10-19,2023-10-26,bug,closed,5,56,10080
5962,948,2023-08-30,2023-08-30,usage_question,closed,1,137,0
5963,883,2024-07-24,2024-07-24,feature_request,closed,34,46,0
5964,1133,2024-09-29,2024-10-04,other,closed,35,89,7200
5965,1707,2024-03-06,2024-03-11,other,closed,38,194,7200
5966,1732,2024-07-25,2024-07-25,usage_question,closed,15,200,0
5967,1431,2024-11-19,2024-11-19,bug,closed,19,51,0
5968,1750,2024-12-25,2024-12-26,bug,closed,40,142,1440
5969,1227,2024-04-05,2024-04-10,other,closed,21,25,7200
5970,555,2024-06-15,2024-06-22,usage_question,closed,6,32,10080
5971,1465,2024-10-09,2024-10-15,billing,closed,14,94,8640
5972,1952,2024-05-29,2024-05-29,feature_request,closed,49,125,0
5973,1684,2024-04-23,2024-04-27,feature_request,closed,47,192,5760
5974,1834,2024-02-10,2024-02-10,bug,closed,31,83,0
5975,1433,2024-04-20,2024-04-23,usage_question,closed,25,44,4320
5976,1878,2024-10-07,2024-10-12,usage_question,closed,47,18,7200
5977,529,2024-11-25,2024-11-25,usage_question,closed,19,72,0
5978,1516,2024-10-10,2024-10-10,feature_request,closed,32,212,0
5979,1635,2024-07-21,2024-07-21,bug,closed,19,205,0
5980,207,2024-04-16,2024-04-16,usage_question,closed,48,105,0
5981,979,2024-06-10,2024-06-10,billing,closed,33,46,0
5982,41,2024-01-07,2024-01-07,other,closed,6,191,0
5983,508,2024-05-14,2024-05-14,usage_question,closed,44,169,0
5984,1981,2024-02-11,2024-02-11,usage_question,closed,6,204,0
5985,227,2024-11-11,2024-11-11,bug,closed,19,118,0
5986,1104,2024-10-17,2024-10-17,billing,closed,23,90,0
5987,1348,2023-09-03,2023-09-03,other,closed,9,171,0
5988,1098,2024-06-04,2024-06-08,usage_question,closed,45,160,5760
5989,1733,2024-05-10,2024-05-10,usage_question,closed,27,21,0
5990,1588,2024-08-20,2024-08-22,usage_question,closed,7,34,2880
5991,1760,2024-04-14,2024-04-15,usage_question,closed,38,26,1440
5992,527,2024-10-05,2024-10-05,bug,closed,48,216,0
5993,1843,2024-10-20,2024-10-22,usage_question,closed,46,234,2880
5994,1297,2024-03-13,2024-03-13,bug,closed,14,128,0
5995,60,2023-11-08,2023-11-09,usage_question,closed,44,95,1440
5996,660,2024-06-05,2024-06-10,feature_request,closed,27,17,7200
5997,263,2024-08-10,2024-08-16,other,closed,44,51,8640
5998,322,2024-10-16,2024-10-17,feature_request,closed,13,54,1440
5999,501,2023-11-22,2023-11-22,usage_question,closed,38,104,0
6000,1209,2024-01-18,2024-01-21,usage_question,closed,32,178,4320
6001,701,2023-10-13,2023-10-13,usage_question,closed,20,21,0
6002,831,2024-12-09,2024-12-09,usage_question,closed,18,179,0
6003,1091,2024-01-17,2024-01-22,bug,closed,15,45,7200
6004,1992,2024-11-05,2024-11-07,bug,closed,26,115,2880
6005,1216,2024-03-07,2024-03-13,other,closed,11,108,8640
6006,496,2023-12-03,2023-12-09,feature_request,closed,45,79,8640
6007,868,2024-11-29,2024-11-29,billing,closed,33,236,0
6008,336,2024-04-07,2024-04-10,bug,closed,2,165,4320
6009,403,2024-08-03,2024-08-03,bug,closed,38,198,0
6010,1126,2024-03-25,2024-03-25,bug,closed,6,132,0
6011,1630,2024-12-04,2024-12-06,bug,closed,5,15,2880
6012,1976,2024-05-06,2024-05-06,bug,closed,39,132,0
6013,1352,2024-08-16,2024-08-16,bug,closed,17,76,0
6014,1137,2024-02-15,2024-02-15,billing,closed,31,121,0
6015,1896,2024-07-12,2024-07-16,bug,closed,15,206,5760
6016,1462,2024-03-09,2024-03-11,usage_question,closed,39,74,2880
6017,1846,2024-04-23,2024-04-23,billing,closed,7,103,0
6018,1349,2024-12-19,2024-12-22,feature_request,closed,23,93,4320
6019,1830,2024-11-10,2024-11-10,bug,closed,42,116,0
6020,1867,2023-12-20,2023-12-23,bug,closed,43,117,4320
6021,1978,2024-01-12,2024-01-12,billing,closed,19,90,0
6022,914,2024-04-19,2024-04-19,bug,closed,49,23,0
6023,405,2024-10-24,2024-10-25,bug,closed,13,122,1440
6024,1878,2024-05-14,2024-05-14,bug,closed,9,200,0
6025,58,2023-12-19,2023-12-21,usage_question,closed,21,59,2880
6026,531,2024-02-24,2024-03-02,bug,closed,18,60,10080
6027,917,2024-07-06,2024-07-11,bug,closed,30,103,7200
6028,131,2024-12-17,2024-12-17,bug,closed,39,228,0
6029,1074,2024-02-01,2024-02-01,usage_question,closed,48,109,0
6030,636,2024-03-02,2024-03-02,bug,closed,16,140,0
6031,406,2024-07-13,2024-07-13,bug,closed,18,207,0
6032,482,2024-07-30,2024-08-02,bug,closed,29,227,4320
6033,1278,2024-01-14,2024-01-19,bug,closed,14,192,7200
6034,284,2024-07-17,2024-07-17,usage_question,closed,8,232,0
6035,383,2024-12-02,2024-12-09,usage_question,closed,13,210,10080
6036,1964,2024-03-26,2024-03-29,bug,closed,31,163,4320
6037,1543,2024-05-04,2024-05-04,bug,closed,22,60,0
6038,695,2024-06-16,2024-06-23,billing,closed,33,236,10080
6039,1673,2024-11-03,2024-11-03,bug,closed,3,239,0
6040,283,2023-12-28,2023-12-28,bug,closed,30,212,0
6041,394,2024-03-25,2024-03-25,billing,closed,32,28,0
6042,1365,2024-01-13,2024-01-16,billing,closed,40,221,4320
6043,1826,2024-05-20,2024-05-22,feature_request,closed,3,198,2880
6044,222,2024-12-05,2024-12-10,bug,closed,10,200,7200
6045,785,2024-12-01,2024-12-01,feature_request,closed,5,73,0
6046,39,2024-09-25,2024-09-29,bug,closed,30,189,5760
6047,667,2023-10-13,2023-10-13,bug,closed,40,80,0
6048,333,2024-06-22,2024-06-22,usage_question,closed,43,100,0
6049,1896,2023-12-18,2023-12-23,bug,closed,34,162,7200
6050,1805,2024-06-18,2024-06-19,usage_question,closed,11,123,1440
6051,792,2024-02-19,2024-02-19,other,closed,18,219,0
6052,1334,2024-11-26,2024-11-26,usage_question,closed,30,155,0
6053,107,2024-10-17,2024-10-17,bug,closed,20,184,0
6054,1936,2023-12-17,2023-12-21,bug,closed,14,97,5760
6055,1985,2024-10-27,2024-10-27,usage_question,closed,22,209,0
6056,421,2024-12-20,2024-12-21,usage_question,closed,5,99,1440
6057,1656,2024-09-27,2024-09-27,bug,closed,5,174,0
6058,1165,2024-10-13,2024-10-13,billing,closed,1,199,0
6059,920,2024-08-29,2024-08-31,bug,closed,3,147,2880
6060,293,2024-12-20,2024-12-20,usage_question,closed,3,109,0
6061,1439,2024-08-05,2024-08-05,usage_question,closed,14,110,0
6062,498,2024-02-16,2024-02-18,usage_question,closed,11,135,2880
6063,151,2024-11-04,2024-11-04,feature_request,closed,31,145,0
6064,181,2024-07-21,2024-07-23,billing,closed,9,144,2880
6065,943,2024-04-10,2024-04-14,other,closed,7,121,5760
6066,264,2024-08-15,2024-08-16,feature_request,closed,17,53,1440
6067,991,2024-09-04,2024-09-04,usage_question,closed,46,198,0
6068,52,2024-08-18,2024-08-18,usage_question,closed,3,28,0
6069,627,2024-04-07,2024-04-10,feature_request,closed,46,231,4320
6070,963,2024-10-22,2024-10-29,usage_question,closed,16,81,10080
6071,188,2024-11-11,2024-11-17,usage_question,closed,8,219,8640
6072,740,2024-03-08,2024-03-08,bug,closed,9,124,0
6073,1453,2023-08-29,2023-09-01,billing,closed,37,33,4320
6074,117,2023-12-07,2023-12-09,usage_question,closed,16,225,2880
6075,331,2024-10-28,2024-11-04,bug,closed,19,229,10080
6076,1714,2024-05-09,2024-05-16,other,closed,35,98,10080
6077,1993,2024-11-01,2024-11-01,feature_request,closed,17,155,0
6078,844,2024-10-12,2024-10-12,usage_question,closed,45,120,0
6079,1467,2024-10-25,2024-10-27,usage_question,closed,20,206,2880
6080,152,2024-11-15,2024-11-15,bug,closed,10,185,0
6081,479,2024-09-27,2024-09-27,billing,closed,42,49,0
6082,1331,2023-03-12,2023-03-15,bug,closed,8,194,4320
6083,1541,2024-05-26,2024-05-29,bug,closed,45,89,4320
6084,968,2024-08-25,2024-08-25,usage_question,closed,29,103,0
6085,1184,2024-12-26,2024-12-26,bug,closed,44,71,0
6086,1572,2024-08-20,2024-08-26,bug,closed,30,30,8640
6087,7,2024-01-02,2024-01-09,usage_question,closed,35,118,10080
6088,687,2024-11-26,2024-11-29,usage_question,closed,22,26,4320
6089,40,2024-11-29,2024-11-29,bug,closed,40,32,0
6090,1713,2024-04-15,2024-04-15,usage_question,closed,23,236,0
6091,988,2024-09-03,2024-09-09,usage_question,closed,27,97,8640
6092,1592,2024-02-18,2024-02-20,usage_question,closed,49,16,2880
6093,502,2024-11-21,2024-11-22,feature_request,closed,20,26,1440
6094,21,2024-05-28,2024-06-02,usage_question,closed,18,70,7200
6095,562,2024-07-15,2024-07-15,bug,closed,49,93,0
6096,858,2024-05-28,2024-05-28,usage_question,closed,25,36,0
6097,1442,2024-02-15,2024-02-15,bug,closed,48,40,0
6098,1540,2024-02-09,2024-02-09,bug,closed,14,101,0
6099,294,2024-07-05,2024-07-05,feature_request,closed,23,82,0
6100,1484,2024-04-15,2024-04-20,other,closed,43,75,7200
6101,1986,2024-01-06,2024-01-08,bug,closed,3,221,2880
6102,1815,2024-08-08,2024-08-10,bug,closed,42,219,2880
6103,413,2024-05-01,2024-05-01,usage_question,closed,47,102,0
6104,1466,2023-10-03,2023-10-06,billing,closed,12,172,4320
6105,798,2024-05-06,2024-05-13,usage_question,closed,5,107,10080
6106,580,2024-08-20,2024-08-25,other,closed,13,177,7200
6107,531,2023-10-01,2023-10-05,bug,closed,7,186,5760
6108,1481,2024-09-15,2024-09-15,feature_request,closed,40,183,0
6109,1619,2024-04-14,2024-04-14,bug,closed,19,94,0
6110,511,2024-06-22,2024-06-22,bug,closed,48,68,0
6111,1639,2024-03-04,2024-03-04,bug,closed,27,191,0
6112,1027,2024-07-14,2024-07-17,other,closed,4,31,4320
6113,1211,2024-11-20,2024-11-23,usage_question,closed,25,177,4320
6114,1509,2023-12-12,2023-12-12,usage_question,closed,38,53,0
6115,1993,2024-02-07,2024-02-12,billing,closed,35,167,7200
6116,1373,2024-11-02,2024-11-03,billing,closed,35,115,1440
6117,1265,2024-10-09,2024-10-09,usage_question,closed,7,105,0
6118,1975,2024-08-15,2024-08-15,billing,closed,1,68,0
6119,215,2024-11-07,2024-11-07,usage_question,closed,27,80,0
6120,544,2024-09-11,2024-09-17,bug,closed,16,216,8640
6121,782,2024-12-04,2024-12-07,bug,closed,21,119,4320
6122,867,2024-03-04,2024-03-09,billing,closed,29,127,7200
6123,1819,2024-12-04,2024-12-04,usage_question,closed,48,99,0
6124,1738,2024-12-28,2025-01-03,feature_request,open,48,180,8640
6125,1137,2024-11-12,2024-11-19,billing,closed,25,156,10080
6126,1618,2023-12-21,2023-12-23,other,closed,23,123,2880
6127,1235,2023-10-28,2023-10-28,bug,closed,30,77,0
6128,1832,2024-10-27,2024-10-31,feature_request,closed,5,182,5760
6129,1006,2024-09-18,2024-09-18,bug,closed,15,206,0
6130,156,2024-04-03,2024-04-03,usage_question,closed,40,38,0
6131,384,2024-03-04,2024-03-04,bug,closed,6,137,0
6132,254,2024-11-05,2024-11-12,feature_request,closed,6,108,10080
6133,1131,2024-08-05,2024-08-11,billing,closed,36,47,8640
6134,698,2024-06-04,2024-06-07,usage_question,closed,17,106,4320
6135,1768,2024-06-28,2024-07-04,other,closed,48,153,8640
6136,228,2024-01-26,2024-01-26,feature_request,closed,32,154,0
6137,874,2024-08-09,2024-08-09,feature_request,closed,39,206,0
6138,1388,2024-05-05,2024-05-12,bug,closed,33,165,10080
6139,228,2024-12-16,2024-12-18,bug,closed,26,121,2880
6140,1382,2024-11-03,2024-11-03,feature_request,closed,5,163,0
6141,949,2024-08-20,2024-08-20,other,closed,43,46,0
6142,1452,2024-12-15,2024-12-15,bug,closed,46,201,0
6143,1544,2024-05-21,2024-05-28,usage_question,closed,11,178,10080
6144,389,2024-06-08,2024-06-08,billing,closed,23,17,0
6145,10,2023-11-28,2023-12-05,bug,closed,37,25,10080
6146,1613,2024-11-12,2024-11-12,usage_question,closed,12,102,0
6147,1356,2024-12-08,2024-12-11,feature_request,closed,46,20,4320
6148,1624,2024-06-11,2024-06-17,usage_question,closed,26,65,8640
6149,1935,2024-09-13,2024-09-17,bug,closed,26,141,5760
6150,861,2024-02-19,2024-02-23,usage_question,closed,32,73,5760
6151,1309,2024-08-14,2024-08-21,other,closed,25,105,10080
6152,1405,2024-11-05,2024-11-05,usage_question,closed,30,129,0
6153,912,2024-07-16,2024-07-18,usage_question,closed,24,136,2880
6154,788,2024-06-07,2024-06-14,usage_question,closed,32,169,10080
6155,1251,2024-03-07,2024-03-11,other,closed,44,196,5760
6156,369,2024-04-19,2024-04-19,bug,closed,29,85,0
6157,1149,2024-06-28,2024-06-28,bug,closed,19,234,0
6158,503,2024-10-23,2024-10-23,feature_request,closed,14,55,0
6159,1262,2024-03-07,2024-03-11,bug,closed,48,136,5760
6160,1726,2024-03-22,2024-03-22,billing,closed,35,22,0
6161,1954,2024-01-30,2024-02-05,feature_request,closed,21,79,8640
6162,327,2024-09-29,2024-10-06,other,closed,46,221,10080
6163,928,2024-01-08,2024-01-10,bug,closed,25,16,2880
6164,362,2024-02-08,2024-02-08,usage_question,closed,46,182,0
6165,1704,2023-12-06,2023-12-07,bug,closed,5,26,1440
6166,1752,2023-04-24,2023-04-30,usage_question,closed,9,180,8640
6167,255,2024-02-14,2024-02-14,bug,closed,37,219,0
6168,926,2024-04-16,2024-04-22,bug,closed,20,46,8640
6169,999,2024-11-12,2024-11-16,bug,closed,38,47,5760
6170,1080,2024-06-03,2024-06-03,usage_question,closed,23,92,0
6171,990,2024-12-25,2024-12-30,usage_question,closed,50,180,7200
6172,1628,2024-10-25,2024-11-01,other,closed,30,36,10080
6173,73,2024-08-26,2024-08-26,usage_question,closed,19,230,0
6174,249,2024-05-03,2024-05-03,bug,closed,24,20,0
6175,324,2024-08-31,2024-08-31,usage_question,closed,3,174,0
6176,925,2024-08-15,2024-08-20,bug,closed,49,137,7200
6177,221,2024-09-14,2024-09-18,usage_question,closed,26,90,5760
6178,1452,2024-11-15,2024-11-15,usage_question,closed,24,79,0
6179,1840,2024-08-10,2024-08-16,usage_question,closed,7,200,8640
6180,428,2024-02-17,2024-02-17,billing,closed,25,75,0
6181,1087,2024-08-17,2024-08-21,usage_question,closed,9,73,5760
6182,369,2024-06-14,2024-06-15,usage_question,closed,48,21,1440
6183,1670,2024-07-10,2024-07-13,bug,closed,11,89,4320
6184,1658,2024-07-25,2024-07-28,usage_question,closed,5,166,4320
6185,1253,2024-03-26,2024-03-26,bug,closed,45,201,0
6186,778,2024-08-28,2024-08-30,bug,closed,38,26,2880
6187,1586,2023-12-30,2023-12-30,other,closed,3,45,0
6188,222,2024-05-05,2024-05-12,usage_question,closed,12,164,10080
6189,34,2024-07-17,2024-07-17,billing,closed,10,141,0
6190,798,2024-01-18,2024-01-24,usage_question,closed,40,221,8640
6191,421,2024-09-24,2024-09-24,bug,closed,45,98,0
6192,1331,2024-01-16,2024-01-16,usage_question,closed,30,183,0
6193,324,2024-10-25,2024-11-01,bug,closed,11,54,10080
6194,289,2024-05-19,2024-05-25,usage_question,closed,10,81,8640
6195,1164,2024-12-05,2024-12-05,usage_question,closed,45,166,0
6196,1501,2024-06-09,2024-06-09,usage_question,closed,16,128,0
6197,1005,2023-09-15,2023-09-15,bug,closed,22,148,0
6198,1988,2024-02-16,2024-02-16,bug,closed,19,105,0
6199,1758,2024-02-08,2024-02-14,feature_request,closed,31,35,8640
6200,394,2024-11-22,2024-11-22,bug,closed,24,113,0
6201,1786,2024-01-01,2024-01-08,bug,closed,21,125,10080
6202,1531,2024-12-10,2024-12-10,bug,closed,44,22,0
6203,134,2024-05-03,2024-05-03,feature_request,closed,3,113,0
6204,98,2023-10-06,2023-10-06,feature_request,closed,18,167,0
6205,573,2024-10-15,2024-10-17,usage_question,closed,8,108,2880
6206,1450,2024-02-15,2024-02-15,usage_question,closed,25,182,0
6207,1062,2024-11-10,2024-11-17,bug,closed,48,185,10080
6208,1868,2023-12-27,2023-12-27,bug,closed,11,106,0
6209,238,2023-11-21,2023-11-21,usage_question,closed,26,56,0
6210,1879,2024-07-02,2024-07-02,usage_question,closed,26,62,0
6211,1673,2024-05-24,2024-05-31,billing,closed,22,151,10080
6212,924,2024-10-24,2024-10-24,feature_request,closed,33,18,0
6213,1501,2024-11-29,2024-12-06,bug,closed,14,124,10080
6214,514,2024-11-11,2024-11-17,other,closed,21,165,8640
6215,1605,2024-08-04,2024-08-04,feature_request,closed,48,172,0
6216,85,2024-04-26,2024-04-26,feature_request,closed,22,228,0
6217,1237,2024-11-08,2024-11-13,bug,closed,40,58,7200
6218,1855,2024-09-04,2024-09-04,bug,closed,32,227,0
6219,344,2024-12-09,2024-12-09,bug,closed,5,102,0
6220,1628,2024-03-08,2024-03-08,other,closed,42,222,0
6221,83,2024-05-25,2024-05-26,usage_question,closed,33,78,1440
6222,1932,2024-06-16,2024-06-22,bug,closed,32,221,8640
6223,1360,2023-12-22,2023-12-27,bug,closed,39,162,7200
6224,1125,2023-10-23,2023-10-30,billing,closed,24,225,10080
6225,1154,2023-11-21,2023-11-21,billing,closed,1,239,0
6226,1902,2024-01-25,2024-01-29,bug,closed,2,233,5760
6227,2,2024-04-10,2024-04-17,bug,closed,46,112,10080
6228,1257,2024-12-16,2024-12-16,usage_question,closed,29,190,0
6229,1300,2023-11-14,2023-11-14,other,closed,39,186,0
6230,8,2024-08-15,2024-08-15,feature_request,closed,42,166,0
6231,999,2024-04-03,2024-04-03,usage_question,closed,21,87,0
6232,653,2024-08-09,2024-08-11,bug,closed,44,179,2880
6233,1485,2024-06-16,2024-06-20,billing,closed,15,181,5760
6234,1223,2024-10-17,2024-10-18,usage_question,closed,46,136,1440
6235,608,2024-05-14,2024-05-14,billing,closed,5,84,0
6236,1791,2024-12-28,2024-12-28,other,closed,5,63,0
6237,697,2024-07-03,2024-07-03,bug,closed,11,201,0
6238,1959,2024-05-08,2024-05-08,usage_question,closed,10,131,0
6239,1115,2024-04-21,2024-04-26,bug,closed,36,31,7200
6240,928,2024-07-02,2024-07-07,usage_question,closed,21,141,7200
6241,608,2023-08-08,2023-08-09,bug,closed,36,18,1440
6242,1871,2024-05-26,2024-05-26,other,closed,48,147,0
6243,1602,2024-04-15,2024-04-17,bug,closed,24,148,2880
6244,82,2024-04-08,2024-04-08,usage_question,closed,31,53,0
6245,1558,2024-06-28,2024-07-05,usage_question,closed,34,154,10080
6246,172,2023-12-24,2023-12-24,bug,closed,18,239,0
6247,591,2024-11-24,2024-11-24,bug,closed,49,192,0
6248,336,2024-07-26,2024-08-02,feature_request,closed,43,229,10080
6249,1193,2024-10-12,2024-10-17,usage_question,closed,18,36,7200
6250,1791,2024-10-23,2024-10-23,other,closed,26,136,0
6251,63,2023-11-11,2023-11-12,other,closed,40,127,1440
6252,1078,2024-09-26,2024-09-28,bug,closed,42,122,2880
6253,1195,2024-03-20,2024-03-23,bug,closed,43,101,4320
6254,1082,2024-08-27,2024-08-28,usage_question,closed,50,21,1440
6255,109,2024-09-29,2024-09-29,feature_request,closed,42,207,0
6256,1587,2024-11-05,2024-11-08,usage_question,closed,23,60,4320
6257,1999,2023-12-05,2023-12-10,bug,closed,26,233,7200
6258,480,2024-08-11,2024-08-17,billing,closed,37,31,8640
6259,452,2024-11-28,2024-11-30,other,closed,7,131,2880
6260,1398,2024-07-26,2024-08-01,bug,closed,26,37,8640
6261,353,2024-03-27,2024-04-02,feature_request,closed,26,159,8640
6262,1111,2024-11-27,2024-12-04,feature_request,closed,9,231,10080
6263,1374,2024-10-23,2024-10-23,billing,closed,8,142,0
6264,1737,2023-06-26,2023-06-26,feature_request,closed,14,196,0
6265,1719,2024-07-28,2024-07-30,other,closed,14,38,2880
6266,1298,2024-12-24,2024-12-27,billing,closed,17,238,4320
6267,693,2024-08-07,2024-08-10,usage_question,closed,30,91,4320
6268,1779,2024-09-17,2024-09-17,usage_question,closed,22,153,0
6269,340,2024-11-26,2024-11-30,bug,closed,46,19,5760
6270,249,2024-12-27,2024-12-27,feature_request,closed,11,206,0
6271,572,2024-05-18,2024-05-20,bug,closed,46,130,2880
6272,335,2024-06-24,2024-06-27,bug,closed,16,106,4320
6273,1462,2024-06-14,2024-06-21,bug,closed,40,53,10080
6274,1132,2024-02-17,2024-02-17,feature_request,closed,7,183,0
6275,1607,2024-02-19,2024-02-19,bug,closed,30,161,0
6276,838,2024-06-11,2024-06-14,bug,closed,12,35,4320
6277,1014,2024-10-03,2024-10-03,usage_question,closed,46,24,0
6278,1962,2024-05-27,2024-06-01,usage_question,closed,21,205,7200
6279,641,2024-03-26,2024-03-26,bug,closed,32,82,0
6280,1456,2024-07-22,2024-07-24,bug,closed,30,217,2880
6281,1321,2024-12-05,2024-12-05,other,closed,3,32,0
6282,1393,2024-02-19,2024-02-24,bug,closed,14,76,7200
6283,1771,2024-07-09,2024-07-14,bug,closed,49,85,7200
6284,1913,2024-09-17,2024-09-17,usage_question,closed,15,40,0
6285,1609,2024-07-17,2024-07-23,usage_question,closed,31,101,8640
6286,1265,2024-09-28,2024-09-28,bug,closed,26,213,0
6287,1413,2024-06-15,2024-06-15,feature_request,closed,17,143,0
6288,18,2024-10-15,2024-10-22,other,closed,31,172,10080
6289,461,2024-02-25,2024-03-01,feature_request,closed,25,158,7200
6290,764,2024-11-28,2024-12-04,feature_request,closed,5,207,8640
6291,897,2024-08-27,2024-08-30,billing,closed,6,109,4320
6292,1657,2024-10-24,2024-10-25,feature_request,closed,48,84,1440
6293,1004,2024-10-30,2024-11-02,feature_request,closed,1,128,4320
6294,850,2024-11-12,2024-11-16,bug,closed,22,23,5760
6295,1061,2024-02-14,2024-02-15,usage_question,closed,44,30,1440
6296,228,2024-10-28,2024-10-28,bug,closed,7,192,0
6297,1215,2023-07-05,2023-07-06,bug,closed,7,133,1440
6298,480,2024-12-03,2024-12-10,other,closed,39,203,10080
6299,681,2024-12-06,2024-12-10,usage_question,closed,20,168,5760
6300,277,2024-10-20,2024-10-27,usage_question,closed,11,126,10080
6301,44,2024-10-31,2024-11-03,feature_request,closed,25,208,4320
6302,234,2024-09-03,2024-09-03,other,closed,22,51,0
6303,1367,2023-11-11,2023-11-16,feature_request,closed,22,132,7200
6304,1915,2024-12-20,2024-12-20,other,closed,44,221,0
6305,543,2024-12-24,2024-12-24,other,closed,43,149,0
6306,194,2024-10-20,2024-10-21,usage_question,closed,18,223,1440
6307,1090,2024-09-08,2024-09-10,bug,closed,27,52,2880
6308,942,2024-01-21,2024-01-21,other,closed,26,161,0
6309,56,2024-03-08,2024-03-09,billing,closed,48,15,1440
6310,207,2024-04-13,2024-04-13,bug,closed,13,177,0
6311,1953,2024-12-15,2024-12-15,usage_question,closed,31,109,0
6312,533,2024-03-30,2024-04-01,other,closed,27,153,2880
6313,1459,2024-11-16,2024-11-22,bug,closed,43,65,8640
6314,886,2024-12-08,2024-12-08,usage_question,closed,29,235,0
6315,1477,2024-04-27,2024-05-03,bug,closed,39,51,8640
6316,1793,2023-12-05,2023-12-05,bug,closed,46,187,0
6317,1916,2024-11-14,2024-11-16,other,closed,20,65,2880
6318,570,2024-12-10,2024-12-12,usage_question,closed,49,81,2880
6319,165,2024-10-23,2024-10-28,feature_request,closed,10,68,7200
6320,1111,2024-03-10,2024-03-10,billing,closed,49,89,0
6321,207,2024-02-07,2024-02-09,billing,closed,36,56,2880
6322,1827,2024-04-06,2024-04-06,usage_question,closed,20,15,0
6323,1746,2024-09-30,2024-09-30,bug,closed,7,157,0
6324,159,2024-08-18,2024-08-18,billing,closed,47,182,0
6325,1576,2024-11-10,2024-11-13,bug,closed,8,99,4320
6326,1544,2024-07-28,2024-08-03,other,closed,30,164,8640
6327,626,2024-06-09,2024-06-09,feature_request,closed,1,133,0
6328,46,2024-12-11,2024-12-11,usage_question,closed,26,97,0
6329,1022,2024-01-01,2024-01-02,feature_request,closed,35,132,1440
6330,1636,2024-08-09,2024-08-12,billing,closed,36,66,4320
6331,1527,2024-12-12,2024-12-15,usage_question,closed,37,66,4320
6332,1857,2024-11-16,2024-11-16,usage_question,closed,3,56,0
6333,1220,2024-02-05,2024-02-06,bug,closed,42,205,1440
6334,1028,2024-02-09,2024-02-09,usage_question,closed,40,134,0
6335,1213,2024-08-21,2024-08-26,usage_question,closed,45,239,7200
6336,1954,2024-01-04,2024-01-06,other,closed,31,67,2880
6337,757,2024-03-14,2024-03-21,usage_question,closed,25,121,10080
6338,515,2024-08-02,2024-08-02,usage_question,closed,47,81,0
6339,1788,2024-09-23,2024-09-30,billing,closed,29,174,10080
6340,866,2024-06-15,2024-06-17,bug,closed,17,72,2880
6341,843,2024-06-06,2024-06-06,usage_question,closed,15,86,0
6342,1241,2024-05-01,2024-05-01,usage_question,closed,47,220,0
6343,80,2023-11-16,2023-11-16,other,closed,2,70,0
6344,1153,2024-10-31,2024-10-31,bug,closed,19,147,0
6345,402,2024-09-25,2024-09-29,other,closed,38,215,5760
6346,1229,2024-05-23,2024-05-30,feature_request,closed,36,15,10080
6347,1211,2024-09-21,2024-09-23,billing,closed,43,40,2880
6348,1280,2024-06-02,2024-06-07,usage_question,closed,15,36,7200
6349,324,2024-07-21,2024-07-26,bug,closed,2,186,7200
6350,735,2024-09-14,2024-09-17,feature_request,closed,43,88,4320
6351,1399,2024-05-09,2024-05-09,billing,closed,15,157,0
6352,85,2024-09-06,2024-09-09,billing,closed,12,135,4320
6353,419,2024-10-04,2024-10-04,bug,closed,6,87,0
6354,1850,2024-03-24,2024-03-24,bug,closed,32,134,0
6355,365,2024-10-25,2024-10-25,bug,closed,42,233,0
6356,397,2024-04-01,2024-04-01,usage_question,closed,6,34,0
6357,1356,2023-09-21,2023-09-25,bug,closed,37,141,5760
6358,1562,2024-11-10,2024-11-10,bug,closed,24,198,0
6359,1195,2024-05-06,2024-05-06,other,closed,45,215,0
6360,1264,2023-05-27,2023-05-29,bug,closed,2,23,2880
6361,552,2024-04-16,2024-04-21,bug,closed,46,180,7200
6362,1277,2023-01-21,2023-01-22,usage_question,closed,36,42,1440
6363,1876,2024-01-08,2024-01-14,usage_question,closed,49,217,8640
6364,837,2024-02-26,2024-02-26,billing,closed,44,70,0
6365,360,2024-10-19,2024-10-21,usage_question,closed,2,89,2880
6366,117,2023-12-12,2023-12-19,other,closed,26,141,10080
6367,1419,2024-11-08,2024-11-12,usage_question,closed,47,19,5760
6368,991,2024-09-22,2024-09-22,bug,closed,30,91,0
6369,1836,2024-10-25,2024-10-25,bug,closed,16,96,0
6370,653,2024-06-13,2024-06-13,usage_question,closed,23,159,0
6371,942,2024-11-15,2024-11-18,usage_question,closed,31,116,4320
6372,702,2024-05-24,2024-05-24,bug,closed,49,81,0
6373,1138,2024-12-28,2024-12-28,other,closed,23,130,0
6374,1794,2024-07-28,2024-07-28,other,closed,22,186,0
6375,338,2024-06-14,2024-06-14,feature_request,closed,50,46,0
6376,1378,2024-12-11,2024-12-11,bug,closed,50,223,0
6377,1483,2024-10-01,2024-10-01,bug,closed,5,169,0
6378,1568,2023-11-14,2023-11-17,billing,closed,15,86,4320
6379,633,2024-10-23,2024-10-23,bug,closed,5,117,0
6380,404,2023-08-23,2023-08-28,usage_question,closed,8,168,7200
6381,1172,2024-01-11,2024-01-11,bug,closed,39,33,0
6382,141,2023-12-17,2023-12-17,feature_request,closed,5,123,0
6383,453,2024-11-11,2024-11-11,usage_question,closed,45,103,0
6384,1895,2024-05-02,2024-05-02,usage_question,closed,1,181,0
6385,1400,2024-08-17,2024-08-17,billing,closed,22,116,0
6386,599,2023-12-19,2023-12-19,feature_request,closed,33,39,0
6387,1535,2024-10-31,2024-10-31,bug,closed,18,122,0
6388,784,2024-06-10,2024-06-10,usage_question,closed,11,228,0
6389,508,2023-11-19,2023-11-23,other,closed,23,219,5760
6390,1597,2023-10-14,2023-10-14,bug,closed,14,16,0
6391,414,2024-02-13,2024-02-13,bug,closed,44,56,0
6392,1999,2024-09-19,2024-09-26,usage_question,closed,46,145,10080
6393,1560,2024-08-29,2024-09-04,billing,closed,40,119,8640
6394,290,2024-06-23,2024-06-23,usage_question,closed,24,15,0
6395,850,2024-03-17,2024-03-17,billing,closed,32,217,0
6396,1725,2024-12-14,2024-12-17,bug,closed,3,55,4320
6397,1618,2024-08-01,2024-08-01,bug,closed,13,159,0
6398,603,2024-10-16,2024-10-16,billing,closed,23,126,0
6399,1596,2024-05-28,2024-05-31,bug,closed,32,204,4320
6400,1695,2023-09-10,2023-09-10,feature_request,closed,1,194,0
6401,1910,2023-10-22,2023-10-22,usage_question,closed,48,71,0
6402,1363,2024-10-10,2024-10-13,bug,closed,50,201,4320
6403,1150,2023-09-23,2023-09-26,usage_question,closed,10,56,4320
6404,244,2023-12-26,2023-12-29,usage_question,closed,34,89,4320
6405,631,2023-07-01,2023-07-08,billing,closed,17,101,10080
6406,1230,2024-02-17,2024-02-21,feature_request,closed,20,94,5760
6407,1795,2024-08-04,2024-08-07,billing,closed,40,177,4320
6408,1435,2024-03-31,2024-03-31,usage_question,closed,10,68,0
6409,1771,2024-09-07,2024-09-07,usage_question,closed,9,135,0
6410,635,2024-03-17,2024-03-20,billing,closed,19,92,4320
6411,459,2024-03-11,2024-03-16,usage_question,closed,27,212,7200
6412,167,2024-10-10,2024-10-14,usage_question,closed,50,183,5760
6413,1711,2023-12-30,2023-12-30,other,closed,11,85,0
6414,1988,2024-06-10,2024-06-10,billing,closed,25,196,0
6415,764,2024-06-26,2024-07-01,billing,closed,7,148,7200
6416,644,2024-12-13,2024-12-15,other,closed,21,171,2880
6417,1977,2024-09-29,2024-09-29,bug,closed,25,164,0
6418,631,2024-05-26,2024-05-26,feature_request,closed,50,57,0
6419,1535,2024-04-02,2024-04-09,bug,closed,29,172,10080
6420,451,2024-11-29,2024-11-29,bug,closed,38,76,0
6421,1060,2024-09-11,2024-09-12,feature_request,closed,23,50,1440
6422,115,2024-02-14,2024-02-16,other,closed,47,116,2880
6423,981,2023-08-12,2023-08-12,feature_request,closed,4,230,0
6424,1234,2024-10-10,2024-10-15,billing,closed,24,106,7200
6425,258,2024-08-04,2024-08-09,usage_question,closed,40,228,7200
6426,1790,2024-06-01,2024-06-01,bug,closed,27,126,0
6427,24,2024-01-03,2024-01-03,bug,closed,8,49,0
6428,1778,2024-08-14,2024-08-15,usage_question,closed,13,161,1440
6429,306,2024-12-08,2024-12-12,bug,closed,2,49,5760
6430,1858,2024-10-14,2024-10-21,bug,closed,8,92,10080
6431,1041,2024-12-18,2024-12-18,billing,closed,31,48,0
6432,1818,2024-04-13,2024-04-13,feature_request,closed,2,92,0
6433,458,2024-05-06,2024-05-08,usage_question,closed,2,194,2880
6434,1260,2024-01-24,2024-01-25,feature_request,closed,13,63,1440
6435,1252,2023-12-13,2023-12-13,bug,closed,3,62,0
6436,1458,2024-11-04,2024-11-07,usage_question,closed,5,227,4320
6437,1663,2023-06-28,2023-06-30,bug,closed,4,118,2880
6438,1201,2023-11-26,2023-11-26,bug,closed,13,70,0
6439,635,2024-12-13,2024-12-13,usage_question,closed,6,57,0
6440,1431,2023-05-28,2023-06-02,feature_request,closed,30,185,7200
6441,703,2024-08-20,2024-08-24,feature_request,closed,8,221,5760
6442,370,2024-01-22,2024-01-22,usage_question,closed,34,36,0
6443,491,2024-11-17,2024-11-18,usage_question,closed,45,193,1440
6444,1625,2024-01-20,2024-01-23,usage_question,closed,39,123,4320
6445,1828,2023-11-22,2023-11-24,usage_question,closed,38,155,2880
6446,496,2024-02-29,2024-02-29,billing,closed,22,69,0
6447,662,2024-01-22,2024-01-29,feature_request,closed,16,214,10080
6448,1481,2024-04-20,2024-04-24,usage_question,closed,45,124,5760
6449,1998,2024-09-07,2024-09-10,other,closed,37,168,4320
6450,14,2024-10-21,2024-10-23,feature_request,closed,17,229,2880
6451,1209,2023-09-25,2023-09-25,bug,closed,37,15,0
6452,1542,2024-04-03,2024-04-06,bug,closed,5,106,4320
6453,967,2024-06-01,2024-06-01,other,closed,32,34,0
6454,421,2024-08-21,2024-08-21,bug,closed,9,35,0
6455,870,2024-02-10,2024-02-15,bug,closed,6,96,7200
6456,1532,2024-08-16,2024-08-16,bug,closed,35,19,0
6457,278,2024-11-07,2024-11-07,usage_question,closed,32,152,0
6458,1646,2024-07-08,2024-07-09,feature_request,closed,20,85,1440
6459,1979,2024-07-29,2024-07-30,bug,closed,14,51,1440
6460,1085,2024-03-06,2024-03-10,bug,closed,29,207,5760
6461,876,2024-08-26,2024-08-26,billing,closed,1,81,0
6462,1060,2023-12-01,2023-12-03,usage_question,closed,17,22,2880
6463,442,2024-12-28,2025-01-01,usage_question,open,12,233,5760
6464,1867,2024-10-17,2024-10-17,usage_question,closed,27,191,0
6465,497,2024-07-24,2024-07-31,feature_request,closed,27,129,10080
6466,1120,2024-04-16,2024-04-16,usage_question,closed,50,34,0
6467,845,2024-03-30,2024-04-01,usage_question,closed,50,200,2880
6468,761,2024-07-29,2024-07-29,usage_question,closed,23,210,0
6469,744,2024-06-07,2024-06-09,usage_question,closed,3,76,2880
6470,493,2024-09-03,2024-09-03,feature_request,closed,30,42,0
6471,1687,2023-12-25,2023-12-25,usage_question,closed,4,109,0
6472,516,2024-06-26,2024-06-27,billing,closed,48,233,1440
6473,1468,2024-07-27,2024-07-28,usage_question,closed,38,83,1440
6474,411,2024-08-27,2024-08-27,bug,closed,10,169,0
6475,1572,2024-06-25,2024-06-26,bug,closed,29,222,1440
6476,901,2024-03-07,2024-03-07,usage_question,closed,2,147,0
6477,53,2024-12-06,2024-12-06,usage_question,closed,4,235,0
6478,345,2024-04-04,2024-04-04,feature_request,closed,3,91,0
6479,1109,2023-08-28,2023-09-03,feature_request,closed,24,236,8640
6480,896,2024-05-26,2024-05-26,usage_question,closed,50,193,0
6481,6,2024-04-29,2024-05-06,bug,closed,26,110,10080
6482,213,2024-07-23,2024-07-23,billing,closed,30,230,0
6483,1451,2024-04-27,2024-04-27,billing,closed,19,104,0
6484,961,2024-09-26,2024-09-26,usage_question,closed,32,239,0
6485,1994,2024-06-12,2024-06-13,bug,closed,16,227,1440
6486,712,2024-11-17,2024-11-20,bug,closed,24,209,4320
6487,1068,2024-02-07,2024-02-07,bug,closed,22,134,0
6488,168,2024-10-04,2024-10-04,bug,closed,18,216,0
6489,395,2024-11-09,2024-11-15,bug,closed,24,19,8640
6490,69,2023-12-21,2023-12-22,usage_question,closed,50,165,1440
6491,1972,2024-07-06,2024-07-08,bug,closed,44,94,2880
6492,763,2024-10-14,2024-10-14,other,closed,10,24,0
6493,273,2024-07-16,2024-07-16,usage_question,closed,37,190,0
6494,248,2024-07-15,2024-07-16,feature_request,closed,49,33,1440
6495,1204,2024-06-29,2024-06-29,other,closed,40,34,0
6496,1015,2024-12-19,2024-12-20,usage_question,closed,36,205,1440
6497,488,2024-02-04,2024-02-04,usage_question,closed,23,232,0
6498,1246,2024-07-22,2024-07-22,bug,closed,43,142,0
6499,221,2024-06-20,2024-06-23,bug,closed,45,215,4320
6500,1135,2024-10-26,2024-10-27,usage_question,closed,46,123,1440
6501,263,2024-04-24,2024-04-30,other,closed,48,33,8640
6502,1127,2024-09-14,2024-09-14,billing,closed,43,50,0
6503,866,2024-11-24,2024-11-25,feature_request,closed,2,55,1440
6504,1004,2024-09-24,2024-09-24,other,closed,43,85,0
6505,968,2024-05-23,2024-05-30,bug,closed,36,223,10080
6506,685,2024-11-20,2024-11-20,usage_question,closed,3,190,0
6507,1871,2024-08-27,2024-08-27,other,closed,9,233,0
6508,1549,2024-08-01,2024-08-01,usage_question,closed,34,197,0
6509,622,2023-07-10,2023-07-17,usage_question,closed,12,97,10080
6510,1734,2024-03-30,2024-04-03,usage_question,closed,4,126,5760
6511,809,2023-12-22,2023-12-22,bug,closed,12,229,0
6512,13,2024-10-22,2024-10-27,billing,closed,43,96,7200
6513,1529,2024-12-06,2024-12-06,feature_request,closed,8,89,0
6514,740,2024-08-12,2024-08-16,bug,closed,13,194,5760
6515,633,2023-10-29,2023-10-29,other,closed,34,217,0
6516,928,2024-01-16,2024-01-16,usage_question,closed,22,94,0
6517,1965,2024-12-14,2024-12-16,feature_request,closed,13,32,2880
6518,513,2024-02-18,2024-02-23,bug,closed,44,30,7200
6519,512,2024-10-19,2024-10-19,bug,closed,3,198,0
6520,1120,2024-12-17,2024-12-19,usage_question,closed,16,179,2880
6521,408,2024-04-17,2024-04-17,bug,closed,25,162,0
6522,136,2024-03-29,2024-04-05,billing,closed,37,167,10080
6523,1899,2024-04-11,2024-04-11,other,closed,46,138,0
6524,494,2024-09-13,2024-09-17,other,closed,50,34,5760
6525,1822,2024-10-08,2024-10-08,usage_question,closed,16,90,0
6526,615,2024-04-27,2024-04-27,usage_question,closed,10,131,0
6527,355,2024-06-07,2024-06-13,bug,closed,34,194,8640
6528,397,2024-09-02,2024-09-02,bug,closed,16,232,0
6529,126,2024-05-11,2024-05-11,bug,closed,47,173,0
6530,783,2024-05-27,2024-05-27,bug,closed,3,166,0
6531,10,2024-09-12,2024-09-18,usage_question,closed,30,102,8640
6532,570,2024-07-06,2024-07-06,usage_question,closed,39,176,0
6533,1646,2024-03-09,2024-03-09,bug,closed,46,165,0
6534,1280,2024-10-03,2024-10-03,usage_question,closed,45,177,0
6535,1163,2024-10-17,2024-10-17,feature_request,closed,34,180,0
6536,127,2024-02-18,2024-02-18,feature_request,closed,6,42,0
6537,1200,2024-11-11,2024-11-17,usage_question,closed,36,135,8640
6538,1739,2024-04-17,2024-04-17,usage_question,closed,10,148,0
6539,343,2024-04-05,2024-04-08,usage_question,closed,24,136,4320
6540,1763,2024-12-12,2024-12-12,other,closed,20,25,0
6541,1158,2024-08-20,2024-08-20,feature_request,closed,49,64,0
6542,427,2024-03-16,2024-03-16,usage_question,closed,42,162,0
6543,1437,2024-06-21,2024-06-28,feature_request,closed,46,207,10080
6544,1797,2024-07-20,2024-07-27,bug,closed,47,31,10080
6545,754,2023-11-30,2023-12-02,bug,closed,39,212,2880
6546,926,2023-07-08,2023-07-09,usage_question,closed,6,62,1440
6547,1135,2024-05-26,2024-05-26,bug,closed,5,231,0
6548,1779,2024-09-26,2024-09-30,bug,closed,3,162,5760
6549,1413,2024-06-21,2024-06-21,billing,closed,3,101,0
6550,828,2024-06-01,2024-06-04,bug,closed,12,51,4320
6551,1678,2024-08-14,2024-08-18,usage_question,closed,38,120,5760
6552,1325,2023-09-30,2023-10-06,bug,closed,32,89,8640
6553,966,2024-12-15,2024-12-21,usage_question,closed,3,23,8640
6554,564,2023-12-30,2023-12-30,usage_question,closed,6,162,0
6555,1384,2024-06-27,2024-06-27,bug,closed,39,159,0
6556,1485,2024-12-17,2024-12-23,bug,closed,2,205,8640
6557,1242,2024-09-19,2024-09-22,other,closed,6,202,4320
6558,694,2024-05-19,2024-05-19,bug,closed,18,175,0
6559,323,2023-11-26,2023-11-26,billing,closed,4,140,0
6560,1970,2024-04-03,2024-04-03,bug,closed,2,25,0
6561,1309,2024-10-29,2024-11-01,billing,closed,27,95,4320
6562,1315,2024-11-16,2024-11-22,bug,closed,2,41,8640
6563,1080,2024-03-10,2024-03-15,usage_question,closed,17,89,7200
6564,486,2024-05-14,2024-05-14,other,closed,13,119,0
6565,1532,2024-07-14,2024-07-14,usage_question,closed,39,28,0
6566,1864,2024-04-06,2024-04-12,feature_request,closed,26,230,8640
6567,1657,2024-07-16,2024-07-16,bug,closed,24,58,0
6568,513,2023-07-26,2023-08-01,usage_question,closed,40,191,8640
6569,1735,2024-08-25,2024-08-29,bug,closed,12,117,5760
6570,1999,2024-04-02,2024-04-02,bug,closed,5,179,0
6571,107,2024-06-25,2024-06-27,bug,closed,30,30,2880
6572,1015,2024-01-16,2024-01-17,feature_request,closed,49,226,1440
6573,1773,2024-02-17,2024-02-21,feature_request,closed,37,216,5760
6574,1342,2024-09-04,2024-09-04,usage_question,closed,8,137,0
6575,1783,2024-12-21,2024-12-21,usage_question,closed,43,137,0
6576,1945,2023-11-24,2023-11-25,usage_question,closed,40,171,1440
6577,1925,2024-08-22,2024-08-26,usage_question,closed,16,141,5760
6578,1402,2024-03-12,2024-03-17,feature_request,closed,6,41,7200
6579,635,2024-11-24,2024-11-30,usage_question,closed,26,118,8640
6580,861,2023-08-18,2023-08-20,bug,closed,23,79,2880
6581,137,2024-11-10,2024-11-10,bug,closed,23,196,0
6582,753,2024-03-31,2024-03-31,usage_question,closed,16,82,0
6583,1396,2024-07-03,2024-07-03,billing,closed,11,210,0
6584,106,2024-12-20,2024-12-26,bug,closed,35,100,8640
6585,1183,2024-11-11,2024-11-13,bug,closed,25,131,2880
6586,704,2024-08-27,2024-08-27,feature_request,closed,39,234,0
6587,217,2024-05-21,2024-05-21,other,closed,22,184,0
6588,1039,2023-11-09,2023-11-10,bug,closed,1,174,1440
6589,1103,2024-05-26,2024-05-26,other,closed,34,235,0
6590,1833,2024-05-28,2024-05-28,usage_question,closed,4,15,0
6591,1422,2023-11-06,2023-11-11,usage_question,closed,42,154,7200
6592,648,2024-06-11,2024-06-12,feature_request,closed,35,197,1440
6593,1428,2024-09-18,2024-09-18,bug,closed,19,182,0
6594,119,2024-09-09,2024-09-09,usage_question,closed,12,185,0
6595,256,2024-12-20,2024-12-26,bug,closed,3,217,8640
6596,1081,2024-11-25,2024-11-25,other,closed,47,170,0
6597,81,2024-04-15,2024-04-16,usage_question,closed,32,222,1440
6598,1806,2024-07-04,2024-07-07,bug,closed,46,23,4320
6599,1615,2024-03-18,2024-03-22,feature_request,closed,4,213,5760
6600,130,2023-11-04,2023-11-04,usage_question,closed,27,111,0
6601,1102,2024-11-15,2024-11-18,bug,closed,25,120,4320
6602,1811,2024-07-07,2024-07-11,usage_question,closed,14,101,5760
6603,1387,2024-09-24,2024-09-26,bug,closed,47,60,2880
6604,1378,2024-03-04,2024-03-10,bug,closed,8,176,8640
6605,1245,2024-02-23,2024-02-26,bug,closed,27,135,4320
6606,55,2023-11-09,2023-11-14,bug,closed,11,17,7200
6607,1501,2024-01-18,2024-01-18,bug,closed,20,111,0
6608,1990,2024-03-04,2024-03-06,bug,closed,47,197,2880
6609,1159,2023-10-14,2023-10-18,usage_question,closed,9,33,5760
6610,352,2024-09-03,2024-09-03,usage_question,closed,45,61,0
6611,350,2024-10-11,2024-10-11,billing,closed,7,182,0
6612,795,2024-09-02,2024-09-02,billing,closed,20,182,0
6613,375,2024-05-17,2024-05-19,usage_question,closed,18,32,2880
6614,689,2024-07-09,2024-07-15,usage_question,closed,47,56,8640
6615,680,2024-07-29,2024-08-05,other,closed,15,161,10080
6616,502,2024-12-19,2024-12-23,usage_question,closed,30,48,5760
6617,901,2024-07-17,2024-07-17,bug,closed,30,173,0
6618,665,2024-06-06,2024-06-06,usage_question,closed,26,132,0
6619,1453,2024-09-23,2024-09-30,bug,closed,6,187,10080
6620,845,2024-10-08,2024-10-08,usage_question,closed,46,20,0
6621,1815,2024-11-14,2024-11-14,usage_question,closed,39,16,0
6622,1325,2023-12-06,2023-12-07,bug,closed,33,140,1440
6623,1882,2024-01-27,2024-01-27,usage_question,closed,4,136,0
6624,1945,2023-04-27,2023-04-28,billing,closed,44,69,1440
6625,1942,2024-01-08,2024-01-11,bug,closed,24,201,4320
6626,1696,2024-01-14,2024-01-16,feature_request,closed,32,107,2880
6627,125,2024-11-11,2024-11-16,usage_question,closed,24,195,7200
6628,561,2024-11-13,2024-11-17,bug,closed,31,52,5760
6629,240,2024-09-02,2024-09-02,usage_question,closed,7,63,0
6630,77,2024-03-27,2024-03-31,bug,closed,48,150,5760
6631,1059,2024-03-05,2024-03-05,usage_question,closed,37,101,0
6632,936,2024-02-01,2024-02-06,billing,closed,19,120,7200
6633,605,2024-06-18,2024-06-22,feature_request,closed,10,80,5760
6634,1377,2024-06-14,2024-06-14,usage_question,closed,32,65,0
6635,152,2023-06-21,2023-06-21,usage_question,closed,45,220,0
6636,1467,2024-12-06,2024-12-06,bug,closed,34,117,0
6637,390,2024-07-31,2024-08-02,bug,closed,35,118,2880
6638,1279,2024-01-07,2024-01-13,feature_request,closed,18,107,8640
6639,480,2024-12-24,2024-12-27,bug,closed,25,223,4320
6640,227,2023-05-03,2023-05-03,bug,closed,49,63,0
6641,1572,2024-09-06,2024-09-13,billing,closed,18,79,10080
6642,1556,2024-09-13,2024-09-20,feature_request,closed,48,174,10080
6643,484,2024-07-03,2024-07-03,feature_request,closed,34,76,0
6644,1506,2024-06-24,2024-06-30,usage_question,closed,44,227,8640
6645,1034,2024-11-03,2024-11-06,usage_question,closed,42,212,4320
6646,1027,2024-08-15,2024-08-17,usage_question,closed,35,168,2880
6647,694,2024-03-21,2024-03-21,other,closed,29,120,0
6648,324,2024-11-02,2024-11-03,bug,closed,31,183,1440
6649,130,2024-01-03,2024-01-03,bug,closed,34,70,0
6650,118,2024-10-28,2024-10-31,feature_request,closed,5,148,4320
6651,1460,2024-02-24,2024-02-24,feature_request,closed,35,35,0
6652,289,2024-12-11,2024-12-11,usage_question,closed,46,97,0
6653,1019,2024-01-26,2024-01-26,bug,closed,45,15,0
6654,1562,2024-03-16,2024-03-16,usage_question,closed,37,44,0
6655,1546,2023-09-21,2023-09-21,other,closed,30,191,0
6656,1393,2024-09-24,2024-09-24,bug,closed,11,71,0
6657,838,2024-10-04,2024-10-04,billing,closed,47,226,0
6658,749,2024-03-10,2024-03-15,billing,closed,30,163,7200
6659,58,2024-11-18,2024-11-23,bug,closed,9,211,7200
6660,18,2024-11-25,2024-11-28,usage_question,closed,36,118,4320
6661,51,2024-06-30,2024-06-30,usage_question,closed,15,208,0
6662,1215,2024-09-09,2024-09-14,usage_question,closed,42,65,7200
6663,883,2024-05-20,2024-05-24,usage_question,closed,39,200,5760
6664,237,2024-07-18,2024-07-18,usage_question,closed,10,220,0
6665,1120,2024-09-23,2024-09-23,feature_request,closed,31,207,0
6666,992,2024-10-16,2024-10-20,usage_question,closed,26,57,5760
6667,272,2024-08-16,2024-08-18,bug,closed,2,145,2880
6668,251,2024-08-16,2024-08-16,feature_request,closed,29,162,0
6669,1359,2024-10-27,2024-11-02,usage_question,closed,23,166,8640
6670,896,2024-06-10,2024-06-10,usage_question,closed,20,218,0
6671,1071,2024-12-08,2024-12-08,usage_question,closed,29,63,0
6672,1077,2024-05-03,2024-05-05,usage_question,closed,15,44,2880
6673,1288,2024-05-15,2024-05-15,usage_question,closed,17,143,0
6674,553,2024-10-11,2024-10-15,usage_question,closed,19,189,5760
6675,857,2024-05-11,2024-05-13,usage_question,closed,36,182,2880
6676,712,2024-10-21,2024-10-28,other,closed,6,99,10080
6677,473,2024-10-21,2024-10-21,usage_question,closed,12,148,0
6678,1988,2024-05-18,2024-05-18,usage_question,closed,20,56,0
6679,1557,2024-11-06,2024-11-06,feature_request,closed,23,108,0
6680,1546,2024-11-10,2024-11-12,usage_question,closed,17,191,2880
6681,1537,2024-02-10,2024-02-10,other,closed,45,204,0
6682,1841,2024-01-14,2024-01-15,feature_request,closed,19,66,1440
6683,1236,2024-06-17,2024-06-17,bug,closed,25,123,0
6684,1680,2024-03-23,2024-03-24,bug,closed,20,199,1440
6685,275,2024-12-24,2024-12-24,usage_question,closed,40,122,0
6686,1134,2024-03-11,2024-03-13,other,closed,17,19,2880
6687,1050,2024-09-09,2024-09-15,usage_question,closed,18,52,8640
6688,1642,2024-05-07,2024-05-10,usage_question,closed,23,63,4320
6689,259,2024-12-01,2024-12-08,usage_question,closed,7,208,10080
6690,1481,2024-11-23,2024-11-23,other,closed,30,146,0
6691,1658,2024-10-17,2024-10-23,usage_question,closed,23,77,8640
6692,1447,2024-12-25,2024-12-25,bug,closed,8,226,0
6693,1800,2024-11-30,2024-11-30,usage_question,closed,20,72,0
6694,1638,2023-12-14,2023-12-15,bug,closed,24,140,1440
6695,1757,2024-11-06,2024-11-12,usage_question,closed,43,42,8640
6696,70,2024-02-07,2024-02-07,usage_question,closed,11,207,0
6697,1489,2024-03-03,2024-03-04,usage_question,closed,37,17,1440
6698,13,2024-04-18,2024-04-22,other,closed,3,39,5760
6699,1495,2024-07-03,2024-07-03,other,closed,35,178,0
6700,482,2024-03-31,2024-03-31,usage_question,closed,39,204,0
6701,1917,2024-02-26,2024-02-26,usage_question,closed,8,198,0
6702,856,2024-09-10,2024-09-10,usage_question,closed,7,237,0
6703,1959,2024-11-02,2024-11-08,bug,closed,10,229,8640
6704,1739,2024-03-05,2024-03-12,bug,closed,2,28,10080
6705,1165,2024-04-16,2024-04-16,other,closed,42,24,0
6706,247,2023-08-21,2023-08-21,billing,closed,14,54,0
6707,812,2024-11-18,2024-11-18,bug,closed,13,33,0
6708,37,2024-01-23,2024-01-23,usage_question,closed,10,61,0
6709,13,2024-10-13,2024-10-16,usage_question,closed,36,229,4320
6710,1432,2024-10-19,2024-10-21,bug,closed,33,45,2880
6711,1324,2024-09-03,2024-09-03,feature_request,closed,14,161,0
6712,1409,2024-06-17,2024-06-20,usage_question,closed,45,218,4320
6713,229,2024-08-10,2024-08-10,feature_request,closed,11,120,0
6714,1862,2024-08-19,2024-08-23,feature_request,closed,13,123,5760
6715,1299,2024-04-16,2024-04-23,bug,closed,15,154,10080
6716,1116,2023-12-22,2023-12-22,other,closed,48,55,0
6717,1681,2024-09-07,2024-09-07,feature_request,closed,45,158,0
6718,84,2024-01-02,2024-01-02,bug,closed,24,72,0
6719,1642,2024-09-01,2024-09-05,bug,closed,15,197,5760
6720,1727,2023-08-29,2023-08-29,usage_question,closed,32,166,0
6721,1977,2024-03-23,2024-03-25,other,closed,11,217,2880
6722,1880,2024-06-21,2024-06-25,bug,closed,43,19,5760
6723,1885,2024-02-08,2024-02-08,bug,closed,6,43,0
6724,1756,2024-05-20,2024-05-25,billing,closed,44,106,7200
6725,1916,2023-09-01,2023-09-01,usage_question,closed,4,205,0
6726,757,2023-11-30,2023-11-30,usage_question,closed,49,29,0
6727,1959,2024-05-21,2024-05-21,bug,closed,1,23,0
6728,490,2024-10-18,2024-10-24,usage_question,closed,30,28,8640
6729,276,2024-03-17,2024-03-17,usage_question,closed,12,82,0
6730,1689,2024-07-26,2024-07-29,billing,closed,21,240,4320
6731,1255,2024-10-07,2024-10-07,bug,closed,29,133,0
6732,267,2024-02-08,2024-02-08,bug,closed,24,23,0
6733,1234,2024-07-29,2024-07-29,feature_request,closed,32,43,0
6734,291,2024-01-16,2024-01-16,usage_question,closed,44,168,0
6735,799,2024-02-15,2024-02-15,bug,closed,25,76,0
6736,1053,2024-07-01,2024-07-01,usage_question,closed,21,163,0
6737,183,2024-01-18,2024-01-18,usage_question,closed,40,108,0
6738,1326,2024-07-23,2024-07-23,usage_question,closed,37,125,0
6739,638,2023-11-28,2023-11-28,bug,closed,4,32,0
6740,322,2024-08-19,2024-08-23,other,closed,3,175,5760
6741,578,2024-10-29,2024-10-29,usage_question,closed,19,222,0
6742,767,2024-05-30,2024-06-02,usage_question,closed,21,110,4320
6743,942,2024-04-03,2024-04-04,billing,closed,27,118,1440
6744,963,2024-12-23,2024-12-29,billing,closed,18,105,8640
6745,1294,2024-11-11,2024-11-15,bug,closed,9,147,5760
6746,1201,2024-12-02,2024-12-06,usage_question,closed,19,129,5760
6747,1000,2024-10-17,2024-10-18,billing,closed,35,102,1440
6748,527,2024-04-13,2024-04-13,usage_question,closed,12,204,0
6749,947,2024-08-12,2024-08-12,bug,closed,1,43,0
6750,376,2024-04-09,2024-04-09,feature_request,closed,9,66,0
6751,447,2023-08-30,2023-09-02,billing,closed,3,208,4320
6752,533,2024-10-05,2024-10-07,billing,closed,38,83,2880
6753,350,2024-09-14,2024-09-14,usage_question,closed,46,32,0
6754,1056,2024-06-28,2024-07-04,feature_request,closed,27,72,8640
6755,1891,2024-10-04,2024-10-10,bug,closed,9,177,8640
6756,1983,2024-02-16,2024-02-16,bug,closed,37,34,0
6757,411,2023-11-18,2023-11-18,feature_request,closed,2,77,0
6758,95,2024-11-16,2024-11-16,usage_question,closed,5,195,0
6759,1758,2023-07-16,2023-07-16,usage_question,closed,17,18,0
6760,1511,2024-07-11,2024-07-15,other,closed,6,39,5760
6761,1027,2023-08-08,2023-08-08,usage_question,closed,4,81,0
6762,540,2024-11-25,2024-11-25,usage_question,closed,11,17,0
6763,1804,2024-12-08,2024-12-08,feature_request,closed,15,239,0
6764,1299,2024-02-17,2024-02-17,billing,closed,2,197,0
6765,375,2024-08-12,2024-08-16,billing,closed,19,180,5760
6766,1667,2024-03-28,2024-03-28,bug,closed,16,177,0
6767,644,2024-10-27,2024-10-27,usage_question,closed,44,162,0
6768,1720,2024-04-12,2024-04-13,other,closed,48,17,1440
6769,270,2024-08-28,2024-09-01,usage_question,closed,48,219,5760
6770,985,2024-02-04,2024-02-04,usage_question,closed,38,64,0
6771,1489,2024-07-09,2024-07-09,usage_question,closed,3,127,0
6772,1110,2024-08-13,2024-08-19,feature_request,closed,4,35,8640
6773,433,2024-08-11,2024-08-11,usage_question,closed,48,15,0
6774,1621,2024-01-08,2024-01-08,billing,closed,42,45,0
6775,662,2024-02-04,2024-02-09,bug,closed,16,19,7200
6776,937,2024-07-02,2024-07-02,bug,closed,38,189,0
6777,475,2024-07-13,2024-07-14,billing,closed,43,82,1440
6778,1683,2024-06-17,2024-06-17,feature_request,closed,25,145,0
6779,97,2024-08-05,2024-08-05,bug,closed,9,73,0
6780,1471,2024-06-27,2024-07-03,usage_question,closed,48,44,8640
6781,880,2024-06-09,2024-06-09,usage_question,closed,15,237,0
6782,358,2023-11-17,2023-11-20,bug,closed,22,145,4320
6783,179,2023-11-08,2023-11-08,usage_question,closed,15,82,0
6784,997,2024-10-28,2024-10-28,bug,closed,46,204,0
6785,292,2024-07-09,2024-07-09,feature_request,closed,49,213,0
6786,1202,2024-03-02,2024-03-08,other,closed,43,171,8640
6787,1941,2023-09-21,2023-09-21,usage_question,closed,21,35,0
6788,1138,2024-09-08,2024-09-08,feature_request,closed,32,229,0
6789,1963,2024-05-28,2024-06-01,usage_question,closed,31,213,5760
6790,193,2024-08-27,2024-08-29,other,closed,16,19,2880
6791,1687,2024-10-07,2024-10-12,feature_request,closed,37,143,7200
6792,658,2024-06-18,2024-06-18,feature_request,closed,37,187,0
6793,1867,2024-08-05,2024-08-05,bug,closed,26,67,0
6794,1905,2024-06-27,2024-07-02,billing,closed,37,37,7200
6795,590,2024-11-07,2024-11-13,other,closed,11,32,8640
6796,20,2024-03-27,2024-04-02,usage_question,closed,16,111,8640
6797,1405,2023-09-22,2023-09-22,other,closed,16,213,0
6798,724,2024-10-02,2024-10-04,usage_question,closed,34,144,2880
6799,781,2023-05-03,2023-05-07,bug,closed,24,108,5760
6800,790,2023-11-21,2023-11-27,usage_question,closed,26,136,8640
6801,1957,2024-07-07,2024-07-07,bug,closed,15,164,0
6802,1521,2024-07-28,2024-07-28,feature_request,closed,2,161,0
6803,1350,2024-07-15,2024-07-16,bug,closed,26,90,1440
6804,633,2024-08-30,2024-08-30,billing,closed,20,116,0
6805,209,2024-10-08,2024-10-09,usage_question,closed,37,169,1440
6806,11,2024-07-04,2024-07-09,other,closed,49,58,7200
6807,1007,2023-11-11,2023-11-11,usage_question,closed,38,203,0
6808,397,2024-04-15,2024-04-19,usage_question,closed,36,102,5760
6809,1247,2024-11-07,2024-11-07,other,closed,47,71,0
6810,1400,2024-06-12,2024-06-12,billing,closed,12,161,0
6811,1562,2024-06-09,2024-06-16,bug,closed,43,179,10080
6812,1067,2024-06-28,2024-06-28,feature_request,closed,49,47,0
6813,359,2024-03-02,2024-03-03,usage_question,closed,30,144,1440
6814,647,2023-09-25,2023-09-25,other,closed,30,202,0
6815,92,2024-04-23,2024-04-23,bug,closed,7,168,0
6816,130,2024-11-11,2024-11-12,bug,closed,22,44,1440
6817,800,2024-10-29,2024-10-29,usage_question,closed,6,172,0
6818,1463,2024-12-13,2024-12-13,bug,closed,4,223,0
6819,853,2024-02-24,2024-02-24,usage_question,closed,33,175,0
6820,1525,2024-02-13,2024-02-17,bug,closed,48,126,5760
6821,526,2024-04-18,2024-04-18,usage_question,closed,12,192,0
6822,41,2024-08-13,2024-08-19,usage_question,closed,2,35,8640
6823,1315,2024-07-02,2024-07-07,usage_question,closed,16,237,7200
6824,894,2024-10-29,2024-10-29,usage_question,closed,16,45,0
6825,2000,2024-06-13,2024-06-14,other,closed,27,72,1440
6826,1908,2024-10-19,2024-10-26,bug,closed,29,47,10080
6827,1653,2024-07-17,2024-07-22,feature_request,closed,9,92,7200
6828,444,2024-05-15,2024-05-15,bug,closed,11,123,0
6829,1066,2024-03-13,2024-03-13,billing,closed,36,197,0
6830,1835,2024-05-02,2024-05-03,feature_request,closed,10,210,1440
6831,36,2024-05-25,2024-05-25,billing,closed,4,40,0
6832,1056,2023-11-14,2023-11-16,other,closed,34,219,2880
6833,1750,2024-08-23,2024-08-27,billing,closed,8,167,5760
6834,367,2023-11-05,2023-11-11,bug,closed,23,44,8640
6835,1844,2024-11-23,2024-11-27,bug,closed,30,69,5760
6836,710,2024-02-07,2024-02-07,usage_question,closed,13,120,0
6837,215,2024-02-22,2024-02-26,other,closed,7,117,5760
6838,1289,2024-08-27,2024-08-27,bug,closed,16,165,0
6839,1126,2024-06-12,2024-06-12,usage_question,closed,38,87,0
6840,355,2024-04-15,2024-04-22,bug,closed,47,18,10080
6841,1290,2024-01-21,2024-01-21,usage_question,closed,42,130,0
6842,665,2024-04-09,2024-04-12,other,closed,1,183,4320
6843,563,2024-09-29,2024-09-29,usage_question,closed,37,97,0
6844,1125,2023-12-07,2023-12-12,bug,closed,34,178,7200
6845,499,2024-06-21,2024-06-21,bug,closed,43,126,0
6846,832,2024-11-10,2024-11-10,bug,closed,12,101,0
6847,478,2024-08-08,2024-08-10,usage_question,closed,27,111,2880
6848,985,2024-04-20,2024-04-20,feature_request,closed,22,73,0
6849,988,2024-11-07,2024-11-12,feature_request,closed,35,69,7200
6850,1302,2024-04-05,2024-04-08,feature_request,closed,14,85,4320
6851,301,2024-07-20,2024-07-20,usage_question,closed,3,52,0
6852,1912,2024-04-09,2024-04-14,bug,closed,23,213,7200
6853,798,2024-08-15,2024-08-17,usage_question,closed,23,45,2880
6854,1319,2024-07-18,2024-07-25,feature_request,closed,36,32,10080
6855,1228,2024-11-21,2024-11-21,usage_question,closed,48,81,0
6856,899,2024-09-17,2024-09-22,bug,closed,49,113,7200
6857,341,2024-06-05,2024-06-12,bug,closed,30,44,10080
6858,1440,2024-09-08,2024-09-09,other,closed,38,60,1440
6859,574,2024-05-20,2024-05-20,usage_question,closed,37,155,0
6860,1895,2024-02-06,2024-02-06,bug,closed,4,34,0
6861,352,2023-09-06,2023-09-06,feature_request,closed,3,43,0
6862,1617,2024-02-11,2024-02-11,usage_question,closed,37,32,0
6863,1041,2024-09-25,2024-09-30,bug,closed,23,95,7200
6864,1342,2024-06-06,2024-06-06,usage_question,closed,8,200,0
6865,1227,2024-03-03,2024-03-10,bug,closed,17,55,10080
6866,1488,2024-03-21,2024-03-21,billing,closed,40,52,0
6867,1006,2024-09-27,2024-09-27,usage_question,closed,19,34,0
6868,358,2024-02-10,2024-02-10,feature_request,closed,24,111,0
6869,1434,2024-08-07,2024-08-10,bug,closed,45,157,4320
6870,1523,2023-12-27,2023-12-27,other,closed,35,195,0
6871,1829,2024-07-16,2024-07-20,feature_request,closed,24,177,5760
6872,567,2024-08-20,2024-08-24,feature_request,closed,37,222,5760
6873,532,2024-06-05,2024-06-10,bug,closed,35,234,7200
6874,1179,2024-06-27,2024-06-29,other,closed,43,221,2880
6875,136,2024-04-24,2024-04-29,usage_question,closed,12,196,7200
6876,1584,2024-12-11,2024-12-11,usage_question,closed,39,97,0
6877,945,2024-03-14,2024-03-21,bug,closed,2,204,10080
6878,668,2024-09-22,2024-09-22,billing,closed,47,107,0
6879,1466,2024-08-22,2024-08-26,bug,closed,9,47,5760
6880,545,2024-09-11,2024-09-11,usage_question,closed,29,197,0
6881,594,2023-12-24,2023-12-30,usage_question,closed,31,199,8640
6882,549,2024-02-03,2024-02-03,bug,closed,47,210,0
6883,1272,2024-08-28,2024-08-28,other,closed,30,71,0
6884,1404,2024-01-13,2024-01-14,bug,closed,25,122,1440
6885,252,2024-11-16,2024-11-23,other,closed,33,229,10080
6886,1025,2023-12-20,2023-12-21,usage_question,closed,9,162,1440
6887,1251,2024-12-28,2025-01-01,feature_request,open,24,203,5760
6888,610,2024-01-15,2024-01-22,usage_question,closed,3,88,10080
6889,1434,2024-05-05,2024-05-05,bug,closed,31,89,0
6890,1817,2024-06-12,2024-06-16,usage_question,closed,45,152,5760
6891,1319,2023-09-20,2023-09-24,feature_request,closed,10,77,5760
6892,1110,2024-06-09,2024-06-10,bug,closed,16,238,1440
6893,688,2024-09-12,2024-09-12,bug,closed,13,125,0
6894,1325,2024-07-13,2024-07-13,usage_question,closed,18,153,0
6895,327,2024-05-06,2024-05-06,usage_question,closed,10,59,0
6896,1839,2024-08-25,2024-08-25,usage_question,closed,20,195,0
6897,394,2023-08-09,2023-08-16,feature_request,closed,38,50,10080
6898,1998,2024-10-27,2024-10-29,usage_question,closed,50,234,2880
6899,1279,2024-05-11,2024-05-13,usage_question,closed,6,119,2880
6900,264,2024-06-07,2024-06-07,bug,closed,8,94,0
6901,1195,2024-10-02,2024-10-02,bug,closed,33,104,0
6902,357,2024-05-18,2024-05-25,usage_question,closed,19,126,10080
6903,1268,2024-10-20,2024-10-20,bug,closed,13,57,0
6904,1317,2023-10-31,2023-10-31,other,closed,42,237,0
6905,1695,2024-04-24,2024-04-24,billing,closed,33,135,0
6906,443,2024-08-24,2024-08-24,other,closed,14,208,0
6907,1483,2023-04-04,2023-04-04,feature_request,closed,17,51,0
6908,1028,2024-11-03,2024-11-03,usage_question,closed,29,148,0
6909,1129,2023-07-31,2023-07-31,other,closed,12,237,0
6910,207,2023-11-17,2023-11-19,other,closed,10,17,2880
6911,1758,2024-12-26,2024-12-27,usage_question,closed,29,56,1440
6912,1070,2024-04-24,2024-04-24,feature_request,closed,34,72,0
6913,553,2024-10-18,2024-10-18,usage_question,closed,6,52,0
6914,96,2024-09-10,2024-09-12,usage_question,closed,30,23,2880
6915,948,2024-09-04,2024-09-04,bug,closed,12,158,0
6916,128,2024-01-11,2024-01-11,bug,closed,2,145,0
6917,639,2024-06-17,2024-06-17,usage_question,closed,9,224,0
6918,1010,2024-10-01,2024-10-01,billing,closed,45,160,0
6919,1626,2024-08-19,2024-08-22,usage_question,closed,43,41,4320
6920,972,2024-05-19,2024-05-19,usage_question,closed,12,222,0
6921,1979,2024-01-29,2024-01-31,billing,closed,3,157,2880
6922,807,2024-04-05,2024-04-05,other,closed,5,101,0
6923,713,2024-04-01,2024-04-01,feature_request,closed,20,89,0
6924,1163,2024-04-04,2024-04-04,usage_question,closed,2,22,0
6925,914,2024-08-04,2024-08-07,feature_request,closed,20,132,4320
6926,338,2024-07-04,2024-07-04,usage_question,closed,43,31,0
6927,1041,2024-11-18,2024-11-18,bug,closed,25,154,0
6928,1134,2024-10-11,2024-10-11,usage_question,closed,12,72,0
6929,1344,2024-03-30,2024-04-02,bug,closed,30,58,4320
6930,1328,2024-09-09,2024-09-09,bug,closed,42,212,0
6931,1847,2024-01-17,2024-01-18,usage_question,closed,31,100,1440
6932,99,2024-04-17,2024-04-18,feature_request,closed,21,129,1440
6933,838,2024-04-12,2024-04-12,billing,closed,48,223,0
6934,704,2024-10-23,2024-10-23,usage_question,closed,43,129,0
6935,236,2024-03-29,2024-03-29,usage_question,closed,14,124,0
6936,804,2024-11-12,2024-11-13,usage_question,closed,5,109,1440
6937,232,2024-05-09,2024-05-09,usage_question,closed,31,216,0
6938,181,2024-04-24,2024-04-28,bug,closed,8,126,5760
6939,396,2024-02-13,2024-02-18,usage_question,closed,6,199,7200
6940,1089,2024-09-14,2024-09-20,bug,closed,46,53,8640
6941,1718,2024-10-01,2024-10-02,feature_request,closed,33,63,1440
6942,594,2024-02-26,2024-03-01,other,closed,35,197,5760
6943,247,2024-06-03,2024-06-03,bug,closed,48,111,0
6944,1946,2024-02-12,2024-02-12,feature_request,closed,22,16,0
6945,1174,2024-09-14,2024-09-14,billing,closed,8,209,0
6946,1904,2024-05-18,2024-05-18,bug,closed,2,193,0
6947,1715,2023-08-14,2023-08-16,usage_question,closed,49,31,2880
6948,601,2024-04-08,2024-04-08,other,closed,44,111,0
6949,2000,2024-08-24,2024-08-24,feature_request,closed,20,122,0
6950,1612,2024-01-03,2024-01-07,bug,closed,10,133,5760
6951,146,2024-11-28,2024-11-28,usage_question,closed,30,109,0
6952,105,2024-06-10,2024-06-10,billing,closed,5,215,0
6953,377,2024-09-23,2024-09-29,feature_request,closed,31,118,8640
6954,1760,2024-03-07,2024-03-10,bug,closed,4,99,4320
6955,852,2024-11-17,2024-11-24,bug,closed,21,224,10080
6956,619,2024-06-11,2024-06-11,usage_question,closed,49,69,0
6957,694,2024-06-02,2024-06-08,bug,closed,3,107,8640
6958,496,2024-09-21,2024-09-21,usage_question,closed,50,195,0
6959,809,2024-10-13,2024-10-13,bug,closed,24,159,0
6960,1334,2024-02-05,2024-02-05,usage_question,closed,25,97,0
6961,17,2024-03-22,2024-03-22,usage_question,closed,8,110,0
6962,1726,2024-08-12,2024-08-12,feature_request,closed,8,164,0
6963,1178,2024-09-02,2024-09-09,feature_request,closed,39,59,10080
6964,1936,2024-06-28,2024-06-28,usage_question,closed,36,74,0
6965,308,2024-12-21,2024-12-28,bug,closed,2,204,10080
6966,982,2024-01-25,2024-01-25,billing,closed,7,27,0
6967,1624,2023-12-31,2024-01-02,other,closed,38,227,2880
6968,1227,2024-11-03,2024-11-03,bug,closed,39,223,0
6969,712,2024-10-29,2024-10-29,billing,closed,5,93,0
6970,1155,2024-07-08,2024-07-11,billing,closed,44,149,4320
6971,1696,2024-03-03,2024-03-07,other,closed,32,68,5760
6972,1919,2024-01-18,2024-01-21,bug,closed,5,61,4320
6973,1483,2024-11-22,2024-11-25,usage_question,closed,46,114,4320
6974,1772,2024-07-14,2024-07-17,feature_request,closed,15,192,4320
6975,1000,2024-07-24,2024-07-30,usage_question,closed,40,49,8640
6976,80,2024-02-06,2024-02-07,billing,closed,49,91,1440
6977,1323,2024-07-13,2024-07-19,bug,closed,47,90,8640
6978,441,2024-03-10,2024-03-10,usage_question,closed,29,15,0
6979,333,2024-03-13,2024-03-15,usage_question,closed,49,231,2880
6980,384,2024-11-20,2024-11-20,bug,closed,48,156,0
6981,713,2024-05-19,2024-05-19,bug,closed,38,233,0
6982,1045,2024-10-17,2024-10-17,bug,closed,15,213,0
6983,829,2024-05-13,2024-05-14,usage_question,closed,44,37,1440
6984,615,2024-10-17,2024-10-22,usage_question,closed,7,197,7200
6985,1986,2024-05-02,2024-05-02,bug,closed,6,80,0
6986,1233,2024-06-07,2024-06-13,usage_question,closed,17,178,8640
6987,271,2024-04-11,2024-04-17,usage_question,closed,47,49,8640
6988,1990,2023-08-25,2023-08-26,usage_question,closed,21,149,1440
6989,1437,2024-03-21,2024-03-21,usage_question,closed,25,213,0
6990,880,2024-05-05,2024-05-05,other,closed,44,108,0
6991,240,2024-11-10,2024-11-10,usage_question,closed,20,20,0
6992,654,2023-11-24,2023-11-24,feature_request,closed,23,190,0
6993,1747,2024-08-27,2024-08-27,usage_question,closed,35,110,0
6994,1344,2023-10-17,2023-10-18,billing,closed,33,177,1440
6995,7,2023-07-13,2023-07-13,usage_question,closed,34,186,0
6996,259,2024-05-31,2024-05-31,bug,closed,2,153,0
6997,1154,2024-03-13,2024-03-19,bug,closed,11,18,8640
6998,427,2024-08-10,2024-08-11,feature_request,closed,14,58,1440
6999,428,2024-06-14,2024-06-14,other,closed,38,151,0
7000,1650,2024-07-09,2024-07-09,usage_question,closed,34,75,0
7001,515,2024-12-14,2024-12-16,bug,closed,22,17,2880
7002,93,2024-10-08,2024-10-08,bug,closed,10,197,0
7003,992,2024-11-25,2024-11-25,feature_request,closed,6,202,0
7004,612,2024-01-25,2024-01-31,bug,closed,16,221,8640
7005,1038,2024-01-15,2024-01-15,bug,closed,44,89,0
7006,1536,2024-10-13,2024-10-16,feature_request,closed,21,158,4320
7007,1817,2024-01-27,2024-01-28,bug,closed,31,232,1440
7008,1635,2024-05-29,2024-05-29,usage_question,closed,22,43,0
7009,1260,2024-06-01,2024-06-01,bug,closed,24,191,0
7010,903,2024-05-07,2024-05-07,feature_request,closed,16,185,0
7011,66,2023-12-04,2023-12-05,usage_question,closed,39,77,1440
7012,410,2024-05-04,2024-05-04,other,closed,17,117,0
7013,916,2024-12-08,2024-12-08,billing,closed,1,166,0
7014,1311,2023-11-26,2023-11-29,usage_question,closed,2,98,4320
7015,1977,2024-05-01,2024-05-04,feature_request,closed,3,200,4320
7016,1988,2024-05-04,2024-05-11,feature_request,closed,8,178,10080
7017,1269,2024-09-06,2024-09-07,usage_question,closed,25,84,1440
7018,1193,2024-08-07,2024-08-10,usage_question,closed,24,18,4320
7019,814,2024-06-10,2024-06-10,feature_request,closed,17,43,0
7020,1084,2024-09-19,2024-09-19,billing,closed,42,212,0
7021,1678,2024-05-17,2024-05-23,bug,closed,19,147,8640
7022,18,2024-07-27,2024-08-02,bug,closed,27,205,8640
7023,1551,2024-04-02,2024-04-02,usage_question,closed,26,51,0
7024,378,2023-09-01,2023-09-01,usage_question,closed,50,74,0
7025,635,2024-04-04,2024-04-05,feature_request,closed,13,56,1440
7026,1891,2024-07-10,2024-07-10,other,closed,49,200,0
7027,489,2024-09-17,2024-09-17,usage_question,closed,8,216,0
7028,124,2024-04-01,2024-04-03,bug,closed,46,108,2880
7029,3,2024-02-24,2024-02-24,bug,closed,37,221,0
7030,1021,2024-08-28,2024-08-31,usage_question,closed,50,151,4320
7031,1564,2024-12-25,2024-12-25,billing,closed,15,145,0
7032,191,2024-08-21,2024-08-21,bug,closed,30,59,0
7033,589,2024-12-14,2024-12-19,usage_question,closed,7,35,7200
7034,610,2024-06-10,2024-06-10,feature_request,closed,31,120,0
7035,1204,2024-01-18,2024-01-18,usage_question,closed,27,114,0
7036,1651,2024-12-11,2024-12-15,billing,closed,39,114,5760
7037,1477,2024-08-10,2024-08-10,usage_question,closed,47,145,0
7038,830,2023-06-19,2023-06-20,other,closed,31,170,1440
7039,811,2024-06-28,2024-07-03,other,closed,31,223,7200
7040,1111,2024-02-26,2024-02-26,bug,closed,1,63,0
7041,1350,2024-12-18,2024-12-18,feature_request,closed,44,89,0
7042,1467,2024-11-02,2024-11-02,bug,closed,11,73,0
7043,845,2024-09-28,2024-09-29,usage_question,closed,46,137,1440
7044,1614,2024-08-27,2024-08-27,bug,closed,18,181,0
7045,859,2024-10-14,2024-10-14,bug,closed,32,197,0
7046,99,2024-03-24,2024-03-24,other,closed,18,79,0
7047,1750,2023-09-24,2023-10-01,bug,closed,12,91,10080
7048,1993,2024-07-09,2024-07-09,usage_question,closed,9,113,0
7049,336,2024-08-06,2024-08-07,other,closed,22,134,1440
7050,1937,2023-12-28,2023-12-28,bug,closed,6,59,0
7051,1145,2024-11-28,2024-11-29,feature_request,closed,36,142,1440
7052,557,2024-07-07,2024-07-10,usage_question,closed,35,232,4320
7053,409,2024-08-03,2024-08-03,bug,closed,25,53,0
7054,1679,2024-07-31,2024-08-03,usage_question,closed,17,74,4320
7055,428,2024-08-20,2024-08-22,other,closed,47,75,2880
7056,1360,2024-09-09,2024-09-09,usage_question,closed,20,198,0
7057,1155,2023-12-04,2023-12-08,bug,closed,3,103,5760
7058,1790,2023-06-29,2023-06-29,bug,closed,48,148,0
7059,1028,2024-09-29,2024-09-29,usage_question,closed,24,187,0
7060,1062,2024-06-07,2024-06-08,bug,closed,44,108,1440
7061,1571,2024-06-15,2024-06-15,feature_request,closed,38,50,0
7062,1578,2024-10-15,2024-10-15,other,closed,40,238,0
7063,761,2023-12-24,2023-12-24,usage_question,closed,49,217,0
7064,942,2024-10-31,2024-10-31,bug,closed,29,66,0
7065,219,2024-04-18,2024-04-25,usage_question,closed,3,23,10080
7066,1701,2024-02-22,2024-02-25,bug,closed,31,163,4320
7067,1996,2023-12-30,2024-01-04,billing,closed,24,146,7200
7068,1913,2024-03-13,2024-03-13,billing,closed,34,184,0
7069,771,2024-06-22,2024-06-22,feature_request,closed,20,188,0
7070,1827,2024-02-25,2024-02-27,bug,closed,21,237,2880
7071,1286,2024-09-17,2024-09-17,usage_question,closed,23,88,0
7072,1824,2024-12-27,2024-12-27,bug,closed,8,175,0
7073,1651,2023-11-15,2023-11-19,bug,closed,20,228,5760
7074,1263,2024-07-05,2024-07-11,feature_request,closed,3,179,8640
7075,1817,2024-02-26,2024-02-26,bug,closed,3,98,0
7076,1203,2024-03-26,2024-03-26,bug,closed,37,77,0
7077,561,2024-05-22,2024-05-22,usage_question,closed,15,132,0
7078,204,2024-01-18,2024-01-24,bug,closed,31,124,8640
7079,942,2024-12-15,2024-12-15,bug,closed,18,157,0
7080,620,2024-12-17,2024-12-17,usage_question,closed,29,170,0
7081,1046,2023-10-02,2023-10-06,usage_question,closed,18,144,5760
7082,613,2024-08-21,2024-08-21,billing,closed,24,153,0
7083,372,2024-04-20,2024-04-20,usage_question,closed,8,113,0
7084,1893,2024-03-14,2024-03-14,usage_question,closed,40,139,0
7085,493,2024-09-21,2024-09-27,usage_question,closed,3,203,8640
7086,1871,2024-03-28,2024-03-28,usage_question,closed,33,84,0
7087,531,2024-05-24,2024-05-24,bug,closed,34,96,0
7088,375,2024-10-04,2024-10-07,other,closed,8,227,4320
7089,1761,2024-10-14,2024-10-14,usage_question,closed,30,24,0
7090,26,2023-09-23,2023-09-23,bug,closed,27,27,0
7091,1848,2024-07-07,2024-07-09,usage_question,closed,20,141,2880
7092,254,2023-01-07,2023-01-07,other,closed,8,83,0
7093,832,2024-03-12,2024-03-14,bug,closed,10,80,2880
7094,1409,2024-06-26,2024-06-26,bug,closed,30,238,0
7095,324,2024-05-29,2024-06-05,usage_question,closed,27,109,10080
7096,508,2024-06-15,2024-06-16,feature_request,closed,34,79,1440
7097,1844,2024-08-16,2024-08-17,bug,closed,45,220,1440
7098,1870,2024-05-17,2024-05-24,feature_request,closed,20,99,10080
7099,689,2024-03-12,2024-03-18,feature_request,closed,35,91,8640
7100,1864,2024-11-18,2024-11-18,other,closed,37,45,0
7101,1962,2024-10-05,2024-10-05,usage_question,closed,4,23,0
7102,589,2023-04-16,2023-04-18,bug,closed,42,72,2880
7103,1723,2023-11-28,2023-11-30,usage_question,closed,24,162,2880
7104,867,2023-12-17,2023-12-17,bug,closed,47,149,0
7105,696,2024-02-27,2024-03-01,usage_question,closed,46,158,4320
7106,693,2024-01-26,2024-01-26,feature_request,closed,26,52,0
7107,1832,2024-12-29,2024-12-29,bug,closed,11,146,0
7108,534,2024-01-29,2024-01-29,bug,closed,3,141,0
7109,1047,2024-04-27,2024-05-03,bug,closed,31,87,8640
7110,329,2023-09-28,2023-10-04,usage_question,closed,12,234,8640
7111,831,2024-02-21,2024-02-27,usage_question,closed,35,151,8640
7112,590,2024-06-27,2024-06-27,usage_question,closed,37,38,0
7113,1947,2023-06-11,2023-06-11,usage_question,closed,5,78,0
7114,380,2024-05-08,2024-05-08,usage_question,closed,2,212,0
7115,1807,2024-03-02,2024-03-08,other,closed,11,39,8640
7116,184,2024-04-15,2024-04-15,bug,closed,26,131,0
7117,595,2024-08-10,2024-08-13,usage_question,closed,34,151,4320
7118,1836,2024-08-02,2024-08-03,usage_question,closed,35,84,1440
7119,295,2024-10-02,2024-10-09,usage_question,closed,29,66,10080
7120,1523,2023-06-07,2023-06-10,feature_request,closed,34,83,4320
7121,1058,2024-09-07,2024-09-12,usage_question,closed,10,152,7200
7122,890,2024-03-09,2024-03-12,usage_question,closed,31,43,4320
7123,1613,2024-08-18,2024-08-18,feature_request,closed,20,94,0
7124,188,2024-04-25,2024-04-28,usage_question,closed,36,24,4320
7125,481,2023-11-11,2023-11-18,feature_request,closed,38,138,10080
7126,1528,2024-10-20,2024-10-24,other,closed,32,55,5760
7127,1225,2024-12-18,2024-12-18,usage_question,closed,17,194,0
7128,729,2024-06-29,2024-06-29,usage_question,closed,35,44,0
7129,1515,2024-03-20,2024-03-25,bug,closed,47,231,7200
7130,1701,2024-10-25,2024-10-25,feature_request,closed,22,30,0
7131,443,2023-10-05,2023-10-05,usage_question,closed,42,208,0
7132,1723,2024-08-19,2024-08-26,usage_question,closed,12,148,10080
7133,1100,2024-10-21,2024-10-27,bug,closed,19,99,8640
7134,1013,2024-04-11,2024-04-11,usage_question,closed,47,172,0
7135,1472,2024-07-30,2024-07-30,billing,closed,3,111,0
7136,1081,2024-09-30,2024-09-30,bug,closed,21,61,0
7137,1128,2023-09-19,2023-09-25,usage_question,closed,14,124,8640
7138,1705,2024-08-07,2024-08-07,usage_question,closed,20,149,0
7139,1768,2024-04-21,2024-04-21,usage_question,closed,48,53,0
7140,229,2024-12-28,2025-01-03,other,open,19,101,8640
7141,738,2023-11-14,2023-11-14,usage_question,closed,38,203,0
7142,933,2024-03-01,2024-03-01,usage_question,closed,47,233,0
7143,594,2024-12-24,2024-12-24,billing,closed,14,138,0
7144,1932,2024-08-20,2024-08-20,bug,closed,31,158,0
7145,1542,2023-10-19,2023-10-22,usage_question,closed,44,21,4320
7146,1183,2024-01-16,2024-01-20,usage_question,closed,17,229,5760
7147,715,2024-06-03,2024-06-03,usage_question,closed,16,109,0
7148,309,2024-07-18,2024-07-21,feature_request,closed,38,209,4320
7149,1267,2024-08-24,2024-08-30,feature_request,closed,46,199,8640
7150,1875,2024-07-09,2024-07-09,usage_question,closed,39,118,0
7151,1615,2024-07-31,2024-08-02,other,closed,13,91,2880
7152,1793,2024-12-19,2024-12-21,feature_request,closed,7,134,2880
7153,1709,2023-11-07,2023-11-07,bug,closed,4,213,0
7154,464,2024-11-25,2024-12-01,feature_request,closed,22,210,8640
7155,258,2023-07-13,2023-07-16,bug,closed,17,87,4320
7156,1739,2023-12-24,2023-12-31,bug,closed,21,116,10080
7157,1379,2024-04-14,2024-04-14,other,closed,38,84,0
7158,506,2023-05-04,2023-05-08,other,closed,1,35,5760
7159,1581,2024-11-17,2024-11-23,bug,closed,46,165,8640
7160,47,2024-02-18,2024-02-18,usage_question,closed,17,39,0
7161,1064,2024-02-13,2024-02-16,usage_question,closed,9,113,4320
7162,489,2024-03-16,2024-03-16,other,closed,13,183,0
7163,50,2024-08-25,2024-09-01,usage_question,closed,36,227,10080
7164,419,2024-04-22,2024-04-22,usage_question,closed,2,108,0
7165,70,2024-04-13,2024-04-13,usage_question,closed,7,209,0
7166,487,2024-07-27,2024-07-27,usage_question,closed,45,185,0
7167,1934,2024-08-23,2024-08-23,other,closed,17,67,0
7168,1530,2024-03-22,2024-03-22,usage_question,closed,8,78,0
7169,191,2024-11-18,2024-11-19,bug,closed,38,113,1440
7170,191,2024-05-24,2024-05-30,feature_request,closed,50,46,8640
7171,1663,2024-10-27,2024-11-03,feature_request,closed,17,229,10080
7172,1650,2024-09-30,2024-10-03,bug,closed,44,24,4320
7173,1617,2024-09-07,2024-09-07,bug,closed,34,190,0
7174,1579,2024-02-29,2024-02-29,usage_question,closed,35,99,0
7175,47,2024-10-26,2024-10-26,feature_request,closed,48,22,0
7176,1466,2024-01-23,2024-01-25,usage_question,closed,37,35,2880
7177,165,2024-09-20,2024-09-22,bug,closed,35,74,2880
7178,1883,2024-05-03,2024-05-03,usage_question,closed,48,162,0
7179,1965,2024-08-17,2024-08-17,feature_request,closed,47,217,0
7180,438,2024-03-07,2024-03-08,usage_question,closed,16,232,1440
7181,1253,2024-10-22,2024-10-22,feature_request,closed,4,32,0
7182,817,2024-11-15,2024-11-15,usage_question,closed,17,152,0
7183,839,2024-10-08,2024-10-09,other,closed,27,237,1440
7184,916,2024-07-11,2024-07-11,bug,closed,2,102,0
7185,767,2024-09-21,2024-09-21,usage_question,closed,49,96,0
7186,1402,2024-06-08,2024-06-08,usage_question,closed,21,75,0
7187,886,2024-11-15,2024-11-15,bug,closed,5,156,0
7188,1782,2024-10-16,2024-10-18,other,closed,38,121,2880
7189,1405,2023-11-03,2023-11-08,feature_request,closed,34,198,7200
7190,48,2024-11-25,2024-11-26,bug,closed,11,177,1440
7191,1610,2024-07-09,2024-07-09,usage_question,closed,21,131,0
7192,793,2024-07-05,2024-07-08,feature_request,closed,12,73,4320
7193,127,2024-02-23,2024-02-25,bug,closed,43,201,2880
7194,1995,2024-05-01,2024-05-08,billing,closed,49,45,10080
7195,1822,2024-09-13,2024-09-13,usage_question,closed,4,30,0
7196,161,2024-01-14,2024-01-16,billing,closed,5,45,2880
7197,757,2024-12-15,2024-12-15,bug,closed,27,119,0
7198,1085,2024-06-27,2024-06-27,bug,closed,32,112,0
7199,1669,2024-10-17,2024-10-17,usage_question,closed,7,90,0
7200,448,2024-12-29,2024-12-29,feature_request,closed,39,22,0
7201,893,2024-11-16,2024-11-16,other,closed,9,115,0
7202,1055,2024-02-11,2024-02-16,billing,closed,30,42,7200
7203,287,2023-02-23,2023-02-23,bug,closed,44,49,0
7204,1326,2024-06-01,2024-06-01,other,closed,30,136,0
7205,1144,2024-07-31,2024-08-01,usage_question,closed,10,212,1440
7206,1715,2024-08-16,2024-08-16,usage_question,closed,9,236,0
7207,27,2024-11-15,2024-11-18,usage_question,closed,23,136,4320
7208,1404,2024-01-04,2024-01-05,feature_request,closed,18,44,1440
7209,1419,2024-09-02,2024-09-09,other,closed,10,180,10080
7210,119,2024-11-27,2024-12-04,bug,closed,1,140,10080
7211,1704,2024-02-05,2024-02-07,bug,closed,17,89,2880
7212,1401,2024-05-11,2024-05-13,usage_question,closed,29,34,2880
7213,875,2024-12-18,2024-12-18,feature_request,closed,38,62,0
7214,1531,2024-05-28,2024-06-01,feature_request,closed,22,192,5760
7215,598,2024-05-11,2024-05-17,bug,closed,1,63,8640
7216,608,2023-12-21,2023-12-21,usage_question,closed,8,177,0
7217,903,2023-09-15,2023-09-15,bug,closed,10,197,0
7218,1065,2024-03-20,2024-03-23,feature_request,closed,33,135,4320
7219,1208,2024-11-09,2024-11-09,other,closed,24,147,0
7220,1773,2024-09-19,2024-09-19,billing,closed,37,152,0
7221,1460,2023-11-19,2023-11-19,other,closed,25,86,0
7222,248,2024-12-18,2024-12-18,usage_question,closed,40,224,0
7223,1675,2024-10-09,2024-10-09,feature_request,closed,8,132,0
7224,1097,2024-01-17,2024-01-22,bug,closed,20,54,7200
7225,739,2024-01-18,2024-01-20,feature_request,closed,22,103,2880
7226,1932,2024-10-03,2024-10-03,billing,closed,8,39,0
7227,1950,2024-06-17,2024-06-21,usage_question,closed,36,239,5760
7228,1284,2024-08-02,2024-08-04,feature_request,closed,38,81,2880
7229,811,2024-07-13,2024-07-18,feature_request,closed,44,201,7200
7230,319,2024-09-29,2024-10-04,feature_request,closed,38,173,7200
7231,1539,2023-05-31,2023-06-01,usage_question,closed,9,18,1440
7232,501,2024-04-28,2024-04-28,usage_question,closed,19,101,0
7233,84,2024-06-01,2024-06-01,bug,closed,50,193,0
7234,882,2024-01-23,2024-01-23,bug,closed,13,81,0
7235,1453,2024-05-02,2024-05-04,usage_question,closed,13,96,2880
7236,17,2024-02-01,2024-02-01,bug,closed,26,142,0
7237,946,2024-04-12,2024-04-12,feature_request,closed,19,81,0
7238,1262,2024-06-04,2024-06-04,bug,closed,43,52,0
7239,526,2024-06-09,2024-06-09,usage_question,closed,2,15,0
7240,871,2024-12-25,2024-12-30,billing,closed,5,36,7200
7241,305,2024-09-15,2024-09-19,usage_question,closed,8,112,5760
7242,892,2024-11-05,2024-11-05,usage_question,closed,26,55,0
7243,1519,2024-04-25,2024-05-01,bug,closed,31,63,8640
7244,285,2024-03-08,2024-03-13,usage_question,closed,37,131,7200
7245,760,2024-09-10,2024-09-10,feature_request,closed,45,233,0
7246,1810,2024-01-03,2024-01-03,usage_question,closed,6,123,0
7247,905,2023-12-31,2024-01-01,usage_question,closed,24,56,1440
7248,449,2024-12-25,2024-12-25,bug,closed,46,76,0
7249,1324,2024-08-11,2024-08-11,usage_question,closed,16,41,0
7250,866,2024-12-09,2024-12-10,usage_question,closed,7,66,1440
7251,1155,2024-08-16,2024-08-16,billing,closed,50,183,0
7252,572,2024-09-03,2024-09-07,bug,closed,21,106,5760
7253,31,2024-10-08,2024-10-11,feature_request,closed,10,181,4320
7254,305,2024-07-23,2024-07-23,bug,closed,40,185,0
7255,1325,2024-03-28,2024-03-28,bug,closed,5,184,0
7256,1816,2024-12-04,2024-12-06,bug,closed,11,15,2880
7257,487,2024-07-07,2024-07-07,feature_request,closed,19,203,0
7258,1272,2024-02-29,2024-03-04,usage_question,closed,2,24,5760
7259,862,2024-02-13,2024-02-13,bug,closed,36,204,0
7260,5,2024-06-12,2024-06-18,usage_question,closed,50,145,8640
7261,415,2023-07-29,2023-07-30,usage_question,closed,37,77,1440
7262,1387,2024-10-28,2024-10-30,usage_question,closed,40,38,2880
7263,1933,2024-12-24,2024-12-27,other,closed,43,182,4320
7264,139,2024-08-31,2024-09-04,billing,closed,16,27,5760
7265,1175,2024-09-24,2024-09-26,feature_request,closed,36,172,2880
7266,1011,2024-09-17,2024-09-20,bug,closed,33,99,4320
7267,902,2024-12-13,2024-12-16,bug,closed,6,216,4320
7268,1207,2024-11-27,2024-12-04,usage_question,closed,43,84,10080
7269,1873,2024-05-12,2024-05-12,bug,closed,15,83,0
7270,428,2024-09-11,2024-09-11,feature_request,closed,26,102,0
7271,1872,2024-06-07,2024-06-07,usage_question,closed,20,50,0
7272,323,2024-04-05,2024-04-08,feature_request,closed,37,54,4320
7273,1284,2024-11-19,2024-11-19,usage_question,closed,30,189,0
7274,1294,2024-04-17,2024-04-17,usage_question,closed,2,175,0
7275,1807,2024-10-08,2024-10-08,feature_request,closed,7,204,0
7276,1569,2024-02-28,2024-02-29,usage_question,closed,44,36,1440
7277,599,2024-06-21,2024-06-21,bug,closed,31,77,0
7278,1455,2024-12-26,2024-12-26,usage_question,closed,34,232,0
7279,1766,2023-11-30,2023-12-05,other,closed,44,163,7200
7280,1914,2024-11-18,2024-11-18,other,closed,16,83,0
7281,355,2024-11-24,2024-11-24,usage_question,closed,40,96,0
7282,296,2024-08-25,2024-08-25,usage_question,closed,26,94,0
7283,475,2024-08-30,2024-08-30,bug,closed,46,115,0
7284,135,2023-12-29,2024-01-01,other,closed,46,215,4320
7285,1638,2024-02-24,2024-02-24,billing,closed,32,110,0
7286,1043,2024-03-10,2024-03-10,other,closed,5,40,0
7287,1918,2023-12-12,2023-12-12,bug,closed,10,162,0
7288,74,2024-08-24,2024-08-24,bug,closed,5,182,0
7289,1061,2024-09-22,2024-09-22,bug,closed,50,198,0
7290,1428,2024-06-16,2024-06-21,usage_question,closed,4,227,7200
7291,1845,2024-10-07,2024-10-07,usage_question,closed,13,150,0
7292,1208,2024-09-09,2024-09-11,usage_question,closed,33,152,2880
7293,429,2024-04-29,2024-05-05,usage_question,closed,22,107,8640
7294,17,2024-08-08,2024-08-08,bug,closed,47,87,0
7295,1188,2024-06-18,2024-06-22,feature_request,closed,2,163,5760
7296,9,2024-09-25,2024-09-25,usage_question,closed,48,95,0
7297,1087,2024-07-13,2024-07-16,feature_request,closed,23,116,4320
7298,1638,2024-01-27,2024-01-27,billing,closed,26,194,0
7299,1925,2024-11-26,2024-12-03,bug,closed,20,150,10080
7300,1975,2024-12-03,2024-12-03,bug,closed,10,184,0
7301,71,2024-01-17,2024-01-17,other,closed,45,179,0
7302,1907,2024-06-03,2024-06-03,usage_question,closed,5,56,0
7303,97,2024-05-09,2024-05-09,usage_question,closed,43,55,0
7304,599,2024-05-17,2024-05-24,feature_request,closed,34,139,10080
7305,1996,2024-02-16,2024-02-16,usage_question,closed,35,189,0
7306,1999,2024-05-26,2024-05-31,usage_question,closed,5,164,7200
7307,607,2024-03-20,2024-03-25,other,closed,27,49,7200
7308,1723,2024-10-29,2024-10-29,bug,closed,1,95,0
7309,1970,2024-09-02,2024-09-02,billing,closed,20,207,0
7310,133,2023-03-18,2023-03-18,usage_question,closed,1,114,0
7311,1274,2024-08-28,2024-08-28,usage_question,closed,29,169,0
7312,332,2024-12-08,2024-12-08,bug,closed,19,161,0
7313,158,2024-11-18,2024-11-18,usage_question,closed,11,208,0
7314,596,2024-09-11,2024-09-15,usage_question,closed,38,201,5760
7315,816,2024-04-23,2024-04-27,billing,closed,4,77,5760
7316,720,2024-06-27,2024-06-27,billing,closed,13,93,0
7317,1647,2024-12-10,2024-12-10,usage_question,closed,27,190,0
7318,1264,2024-01-30,2024-02-03,bug,closed,19,198,5760
7319,936,2024-07-22,2024-07-24,feature_request,closed,42,174,2880
7320,438,2024-05-31,2024-05-31,feature_request,closed,26,133,0
7321,1851,2024-07-01,2024-07-03,usage_question,closed,13,47,2880
7322,922,2024-09-08,2024-09-08,usage_question,closed,29,214,0
7323,708,2024-03-01,2024-03-01,usage_question,closed,17,87,0
7324,353,2024-06-17,2024-06-22,usage_question,closed,5,95,7200
7325,369,2024-08-25,2024-08-28,usage_question,closed,46,227,4320
7326,1597,2024-04-08,2024-04-13,feature_request,closed,47,95,7200
7327,371,2023-11-01,2023-11-03,usage_question,closed,42,136,2880
7328,1822,2023-12-30,2023-12-30,usage_question,closed,22,69,0
7329,562,2024-08-13,2024-08-14,feature_request,closed,25,212,1440
7330,1465,2024-11-10,2024-11-10,billing,closed,27,220,0
7331,585,2024-01-13,2024-01-13,usage_question,closed,47,52,0
7332,990,2024-04-27,2024-05-03,usage_question,closed,2,139,8640
7333,430,2024-09-19,2024-09-19,usage_question,closed,19,19,0
7334,1783,2023-12-26,2023-12-27,usage_question,closed,3,198,1440
7335,1630,2024-08-21,2024-08-21,usage_question,closed,45,28,0
7336,812,2024-10-10,2024-10-17,feature_request,closed,24,171,10080
7337,872,2023-12-30,2024-01-04,usage_question,closed,26,93,7200
7338,28,2024-10-31,2024-10-31,feature_request,closed,31,54,0
7339,1733,2024-05-26,2024-06-01,bug,closed,45,140,8640
7340,210,2024-09-15,2024-09-15,usage_question,closed,25,199,0
7341,442,2024-01-23,2024-01-25,usage_question,closed,37,108,2880
7342,1316,2023-10-09,2023-10-09,billing,closed,25,236,0
7343,476,2024-04-01,2024-04-01,usage_question,closed,12,148,0
7344,1558,2024-09-27,2024-09-29,usage_question,closed,8,54,2880
7345,1301,2024-06-26,2024-06-29,usage_question,closed,38,52,4320
7346,892,2023-07-14,2023-07-14,usage_question,closed,39,32,0
7347,199,2024-07-09,2024-07-10,bug,closed,43,55,1440
7348,1763,2023-12-09,2023-12-11,usage_question,closed,2,229,2880
7349,754,2024-10-25,2024-10-25,feature_request,closed,45,233,0
7350,1383,2024-11-05,2024-11-09,usage_question,closed,47,44,5760
7351,1109,2024-01-05,2024-01-07,bug,closed,24,189,2880
7352,571,2024-03-18,2024-03-25,billing,closed,38,157,10080
7353,675,2023-07-08,2023-07-08,other,closed,12,165,0
7354,659,2024-09-07,2024-09-07,bug,closed,19,164,0
7355,1382,2024-10-25,2024-10-25,bug,closed,15,95,0
7356,126,2024-02-28,2024-02-28,billing,closed,40,22,0
7357,209,2024-07-31,2024-08-02,other,closed,10,135,2880
7358,1312,2024-11-27,2024-11-27,usage_question,closed,30,101,0
7359,186,2024-05-23,2024-05-30,billing,closed,1,199,10080
7360,1531,2024-09-08,2024-09-09,billing,closed,37,84,1440
7361,790,2024-10-25,2024-10-26,billing,closed,1,116,1440
7362,354,2024-05-30,2024-05-30,billing,closed,12,163,0
7363,895,2024-10-23,2024-10-29,bug,closed,21,222,8640
7364,1398,2024-12-12,2024-12-18,bug,closed,9,172,8640
7365,272,2024-08-30,2024-08-30,feature_request,closed,24,126,0
7366,171,2024-01-10,2024-01-10,other,closed,8,40,0
7367,648,2024-04-03,2024-04-10,bug,closed,4,171,10080
7368,1252,2024-07-30,2024-08-03,bug,closed,11,160,5760
7369,1170,2024-03-20,2024-03-20,billing,closed,25,79,0
7370,471,2024-12-13,2024-12-13,other,closed,25,209,0
7371,1473,2024-10-06,2024-10-06,feature_request,closed,30,18,0
7372,1670,2024-08-30,2024-09-04,bug,closed,8,114,7200
7373,1740,2023-01-15,2023-01-15,billing,closed,8,58,0
7374,1105,2024-03-29,2024-04-01,usage_question,closed,38,119,4320
7375,1744,2023-05-27,2023-05-31,bug,closed,32,129,5760
7376,1061,2023-09-11,2023-09-14,other,closed,43,39,4320
7377,1110,2024-12-22,2024-12-22,bug,closed,24,169,0
7378,232,2024-07-21,2024-07-28,usage_question,closed,21,170,10080
7379,848,2024-03-29,2024-03-29,usage_question,closed,49,219,0
7380,885,2024-07-10,2024-07-16,billing,closed,5,109,8640
7381,1794,2024-10-12,2024-10-12,usage_question,closed,7,201,0
7382,364,2024-10-23,2024-10-29,bug,closed,42,54,8640
7383,1922,2024-07-05,2024-07-05,usage_question,closed,38,47,0
7384,1741,2024-12-08,2024-12-09,bug,closed,13,200,1440
7385,638,2023-12-17,2023-12-21,usage_question,closed,45,210,5760
7386,882,2024-10-25,2024-10-25,usage_question,closed,37,25,0
7387,143,2024-06-21,2024-06-21,bug,closed,15,135,0
7388,397,2024-09-09,2024-09-12,feature_request,closed,3,27,4320
7389,9,2024-10-31,2024-11-07,other,closed,47,151,10080
7390,29,2024-07-23,2024-07-23,other,closed,40,99,0
7391,1100,2024-01-16,2024-01-16,bug,closed,43,132,0
7392,305,2024-04-09,2024-04-11,billing,closed,38,87,2880
7393,482,2024-04-16,2024-04-22,other,closed,6,155,8640
7394,1635,2023-11-20,2023-11-20,billing,closed,17,125,0
7395,360,2024-08-03,2024-08-03,usage_question,closed,18,70,0
7396,1445,2024-11-06,2024-11-06,usage_question,closed,46,147,0
7397,956,2024-02-29,2024-03-03,usage_question,closed,6,148,4320
7398,1597,2023-08-16,2023-08-18,bug,closed,24,24,2880
7399,1774,2024-07-25,2024-07-25,other,closed,3,192,0
7400,1523,2024-06-20,2024-06-25,bug,closed,45,233,7200
7401,1108,2024-07-03,2024-07-10,bug,closed,39,43,10080
7402,335,2024-02-16,2024-02-16,billing,closed,38,49,0
7403,718,2024-08-01,2024-08-01,bug,closed,31,55,0
7404,85,2024-04-03,2024-04-03,bug,closed,1,26,0
7405,1123,2024-08-17,2024-08-17,feature_request,closed,22,87,0
7406,1251,2023-11-12,2023-11-12,feature_request,closed,49,124,0
7407,413,2024-08-15,2024-08-19,billing,closed,7,76,5760
7408,577,2024-02-12,2024-02-12,billing,closed,26,44,0
7409,358,2024-03-05,2024-03-05,usage_question,closed,47,143,0
7410,269,2024-08-15,2024-08-15,usage_question,closed,45,89,0
7411,1653,2024-12-13,2024-12-13,billing,closed,47,184,0
7412,806,2024-05-24,2024-05-24,bug,closed,50,214,0
7413,917,2024-11-17,2024-11-17,bug,closed,45,108,0
7414,1475,2024-07-04,2024-07-04,usage_question,closed,8,147,0
7415,1192,2024-11-23,2024-11-27,bug,closed,19,227,5760
7416,860,2024-06-23,2024-06-24,feature_request,closed,24,195,1440
7417,1752,2024-08-03,2024-08-04,bug,closed,24,217,1440
7418,902,2024-11-16,2024-11-16,bug,closed,38,78,0
7419,774,2024-11-11,2024-11-13,usage_question,closed,1,238,2880
7420,1931,2024-05-19,2024-05-19,usage_question,closed,9,153,0
7421,1409,2024-04-07,2024-04-07,bug,closed,19,20,0
7422,1954,2023-12-07,2023-12-07,feature_request,closed,31,178,0
7423,400,2024-08-28,2024-08-28,usage_question,closed,4,52,0
7424,1901,2024-06-14,2024-06-14,billing,closed,27,168,0
7425,526,2024-02-03,2024-02-04,billing,closed,46,140,1440
7426,1102,2024-09-13,2024-09-15,bug,closed,35,39,2880
7427,1379,2024-05-21,2024-05-27,usage_question,closed,44,60,8640
7428,1280,2023-11-06,2023-11-09,bug,closed,19,214,4320
7429,1302,2024-07-20,2024-07-24,bug,closed,50,47,5760
7430,633,2024-06-11,2024-06-11,bug,closed,3,15,0
7431,813,2023-11-07,2023-11-08,usage_question,closed,12,151,1440
7432,1580,2024-03-17,2024-03-23,usage_question,closed,44,219,8640
7433,1920,2024-09-29,2024-10-01,usage_question,closed,46,74,2880
7434,1594,2024-11-25,2024-11-25,bug,closed,48,129,0
7435,586,2024-01-12,2024-01-12,other,closed,29,229,0
7436,698,2024-04-15,2024-04-15,usage_question,closed,13,85,0
7437,1510,2024-11-12,2024-11-15,bug,closed,13,180,4320
7438,236,2024-04-23,2024-04-23,usage_question,closed,35,72,0
7439,1162,2024-06-06,2024-06-13,other,closed,16,228,10080
7440,844,2024-05-15,2024-05-22,bug,closed,38,166,10080
7441,990,2024-04-11,2024-04-11,feature_request,closed,18,37,0
7442,1153,2024-02-22,2024-02-25,bug,closed,38,238,4320
7443,1963,2024-04-29,2024-04-29,other,closed,49,56,0
7444,1443,2024-05-30,2024-06-02,usage_question,closed,15,165,4320
7445,807,2024-12-04,2024-12-07,feature_request,closed,3,105,4320
7446,1273,2024-02-12,2024-02-15,bug,closed,48,187,4320
7447,1281,2023-07-22,2023-07-22,usage_question,closed,5,118,0
7448,1683,2024-11-20,2024-11-20,usage_question,closed,46,67,0
7449,884,2024-05-16,2024-05-22,usage_question,closed,19,67,8640
7450,1789,2024-03-14,2024-03-14,bug,closed,46,180,0
7451,732,2024-06-09,2024-06-12,billing,closed,49,30,4320
7452,695,2024-05-07,2024-05-07,bug,closed,23,64,0
7453,1945,2024-09-02,2024-09-03,usage_question,closed,46,129,1440
7454,801,2024-12-18,2024-12-18,usage_question,closed,14,240,0
7455,428,2024-10-13,2024-10-14,usage_question,closed,5,16,1440
7456,1324,2023-09-10,2023-09-16,usage_question,closed,31,139,8640
7457,983,2023-06-25,2023-06-25,bug,closed,21,75,0
7458,132,2024-08-16,2024-08-16,billing,closed,10,167,0
7459,1326,2024-10-13,2024-10-15,bug,closed,22,138,2880
7460,741,2024-07-18,2024-07-21,usage_question,closed,37,201,4320
7461,1274,2024-03-03,2024-03-07,feature_request,closed,15,30,5760
7462,405,2024-06-16,2024-06-23,feature_request,closed,2,84,10080
7463,1947,2024-10-15,2024-10-16,usage_question,closed,39,203,1440
7464,1478,2024-11-25,2024-11-27,usage_question,closed,13,212,2880
7465,1899,2024-11-30,2024-11-30,usage_question,closed,24,105,0
7466,1554,2023-06-18,2023-06-19,bug,closed,21,80,1440
7467,52,2024-12-15,2024-12-15,bug,closed,29,193,0
7468,1619,2024-06-07,2024-06-10,bug,closed,24,108,4320
7469,1359,2023-11-13,2023-11-19,bug,closed,3,191,8640
7470,556,2024-10-08,2024-10-08,billing,closed,50,185,0
7471,765,2023-10-25,2023-10-25,usage_question,closed,35,223,0
7472,231,2024-10-07,2024-10-07,usage_question,closed,7,65,0
7473,1525,2024-01-18,2024-01-24,bug,closed,24,139,8640
7474,1069,2024-01-08,2024-01-08,usage_question,closed,13,210,0
7475,1667,2024-07-24,2024-07-28,other,closed,46,165,5760
7476,552,2024-06-20,2024-06-23,usage_question,closed,2,155,4320
7477,790,2024-08-07,2024-08-14,bug,closed,46,50,10080
7478,297,2023-12-22,2023-12-22,usage_question,closed,36,55,0
7479,347,2024-06-17,2024-06-17,usage_question,closed,15,72,0
7480,138,2024-01-23,2024-01-24,bug,closed,21,61,1440
7481,408,2024-03-21,2024-03-21,usage_question,closed,27,167,0
7482,545,2024-09-16,2024-09-16,billing,closed,10,96,0
7483,35,2024-02-04,2024-02-11,feature_request,closed,37,125,10080
7484,237,2024-03-06,2024-03-10,other,closed,40,179,5760
7485,1739,2024-10-15,2024-10-15,bug,closed,9,37,0
7486,644,2024-05-05,2024-05-05,bug,closed,13,64,0
7487,466,2023-11-01,2023-11-01,usage_question,closed,29,70,0
7488,453,2024-04-20,2024-04-20,bug,closed,8,29,0
7489,1633,2023-12-03,2023-12-08,other,closed,27,24,7200
7490,873,2024-03-15,2024-03-19,other,closed,42,82,5760
7491,18,2024-12-25,2024-12-30,feature_request,closed,46,148,7200
7492,885,2024-01-12,2024-01-12,bug,closed,21,178,0
7493,151,2024-04-05,2024-04-09,other,closed,47,168,5760
7494,1092,2024-06-05,2024-06-08,usage_question,closed,8,113,4320
7495,1867,2024-06-06,2024-06-09,feature_request,closed,42,93,4320
7496,724,2024-05-07,2024-05-14,other,closed,37,47,10080
7497,44,2024-08-29,2024-09-05,other,closed,43,213,10080
7498,451,2024-11-15,2024-11-21,bug,closed,23,184,8640
7499,1693,2024-11-27,2024-12-03,usage_question,closed,33,173,8640
7500,915,2024-10-21,2024-10-27,usage_question,closed,19,160,8640
7501,1410,2024-08-19,2024-08-25,bug,closed,26,57,8640
7502,244,2024-05-19,2024-05-21,usage_question,closed,2,97,2880
7503,918,2024-07-15,2024-07-15,feature_request,closed,33,188,0
7504,1672,2024-10-27,2024-10-27,bug,closed,19,123,0
7505,701,2024-03-24,2024-03-24,feature_request,closed,30,102,0
7506,1679,2024-07-26,2024-07-26,feature_request,closed,31,70,0
7507,945,2024-01-19,2024-01-19,billing,closed,43,160,0
7508,1685,2024-09-28,2024-09-30,usage_question,closed,27,240,2880
7509,1240,2024-07-10,2024-07-10,bug,closed,26,201,0
7510,1273,2024-09-03,2024-09-03,bug,closed,26,122,0
7511,311,2024-09-21,2024-09-28,billing,closed,14,208,10080
7512,197,2024-06-13,2024-06-14,other,closed,30,34,1440
7513,546,2024-01-09,2024-01-10,usage_question,closed,14,223,1440
7514,783,2024-03-17,2024-03-17,usage_question,closed,21,123,0
7515,1930,2024-01-16,2024-01-16,feature_request,closed,11,145,0
7516,1290,2024-09-25,2024-10-01,feature_request,closed,21,193,8640
7517,744,2024-07-09,2024-07-13,other,closed,48,28,5760
7518,1865,2024-06-15,2024-06-20,other,closed,43,131,7200
7519,957,2024-03-30,2024-03-30,bug,closed,24,223,0
7520,1441,2024-11-07,2024-11-14,usage_question,closed,14,100,10080
7521,1695,2024-08-04,2024-08-04,bug,closed,29,54,0
7522,1186,2024-12-07,2024-12-08,usage_question,closed,31,137,1440
7523,295,2023-05-25,2023-05-25,feature_request,closed,14,75,0
7524,1552,2024-05-30,2024-05-30,other,closed,30,237,0
7525,1486,2024-03-09,2024-03-09,bug,closed,44,215,0
7526,629,2024-07-24,2024-07-27,feature_request,closed,21,62,4320
7527,1349,2024-05-21,2024-05-21,other,closed,2,237,0
7528,1312,2023-11-15,2023-11-19,feature_request,closed,8,225,5760
7529,1901,2024-06-02,2024-06-02,usage_question,closed,33,140,0
7530,1802,2023-11-26,2023-11-30,billing,closed,27,113,5760
7531,1492,2023-12-11,2023-12-17,bug,closed,37,56,8640
7532,660,2023-12-28,2024-01-03,billing,closed,24,132,8640
7533,1433,2024-12-08,2024-12-08,usage_question,closed,8,42,0
7534,1335,2023-10-27,2023-10-27,bug,closed,23,89,0
7535,870,2024-08-14,2024-08-14,bug,closed,25,115,0
7536,1457,2024-05-13,2024-05-13,usage_question,closed,1,181,0
7537,674,2024-07-13,2024-07-13,billing,closed,19,72,0
7538,399,2024-02-23,2024-02-24,billing,closed,38,228,1440
7539,250,2024-04-19,2024-04-25,feature_request,closed,14,219,8640
7540,1309,2024-07-14,2024-07-18,usage_question,closed,15,120,5760
7541,712,2024-09-21,2024-09-21,bug,closed,17,212,0
7542,994,2023-05-29,2023-05-31,billing,closed,5,77,2880
7543,894,2024-08-28,2024-08-29,bug,closed,7,155,1440
7544,319,2024-05-29,2024-05-29,other,closed,4,163,0
7545,572,2024-09-13,2024-09-13,feature_request,closed,42,55,0
7546,1558,2024-05-08,2024-05-08,bug,closed,1,20,0
7547,656,2024-05-16,2024-05-20,feature_request,closed,22,35,5760
7548,1056,2024-01-24,2024-01-24,feature_request,closed,44,49,0
7549,823,2024-01-23,2024-01-23,usage_question,closed,31,159,0
7550,1587,2024-04-24,2024-05-01,billing,closed,30,47,10080
7551,1805,2023-03-15,2023-03-15,bug,closed,18,141,0
7552,48,2024-03-02,2024-03-02,usage_question,closed,45,23,0
7553,1548,2023-12-07,2023-12-08,feature_request,closed,47,133,1440
7554,1512,2024-04-15,2024-04-16,bug,closed,49,218,1440
7555,1613,2024-07-18,2024-07-18,feature_request,closed,16,171,0
7556,1144,2024-09-19,2024-09-24,billing,closed,26,167,7200
7557,546,2024-10-04,2024-10-11,bug,closed,10,193,10080
7558,1444,2024-03-04,2024-03-06,usage_question,closed,36,181,2880
7559,359,2024-06-29,2024-06-29,bug,closed,43,182,0
7560,1218,2024-11-01,2024-11-07,usage_question,closed,14,55,8640
7561,1335,2024-10-14,2024-10-15,usage_question,closed,32,198,1440
7562,511,2024-01-14,2024-01-17,bug,closed,46,15,4320
7563,537,2024-04-23,2024-04-23,bug,closed,34,228,0
7564,1581,2024-06-02,2024-06-02,usage_question,closed,17,184,0
7565,127,2023-07-25,2023-07-29,usage_question,closed,46,173,5760
7566,380,2024-12-26,2024-12-27,other,closed,45,105,1440
7567,531,2023-12-21,2023-12-21,usage_question,closed,32,216,0
7568,534,2024-04-29,2024-04-29,bug,closed,33,18,0
7569,1239,2024-08-29,2024-09-04,feature_request,closed,43,231,8640
7570,452,2024-05-20,2024-05-20,usage_question,closed,8,135,0
7571,873,2024-08-09,2024-08-11,usage_question,closed,33,177,2880
7572,371,2024-11-23,2024-11-23,feature_request,closed,43,98,0
7573,950,2024-01-24,2024-01-27,usage_question,closed,47,131,4320
7574,448,2024-09-08,2024-09-14,usage_question,closed,1,42,8640
7575,253,2024-05-14,2024-05-18,billing,closed,38,172,5760
7576,313,2024-06-05,2024-06-05,feature_request,closed,33,35,0
7577,777,2023-10-18,2023-10-18,usage_question,closed,45,66,0
7578,567,2024-09-30,2024-09-30,bug,closed,29,96,0
7579,491,2024-05-09,2024-05-09,other,closed,38,141,0
7580,1868,2024-07-09,2024-07-11,billing,closed,45,43,2880
7581,1234,2024-10-16,2024-10-23,usage_question,closed,38,66,10080
7582,243,2024-12-05,2024-12-06,usage_question,closed,18,216,1440
7583,591,2024-01-05,2024-01-10,usage_question,closed,15,93,7200
7584,561,2024-05-04,2024-05-11,usage_question,closed,22,175,10080
7585,1974,2024-04-13,2024-04-14,usage_question,closed,24,187,1440
7586,1295,2024-05-30,2024-05-30,other,closed,49,92,0
7587,378,2024-11-13,2024-11-20,usage_question,closed,38,86,10080
7588,441,2023-11-30,2023-11-30,other,closed,48,144,0
7589,731,2024-10-29,2024-10-29,bug,closed,10,48,0
7590,539,2024-04-04,2024-04-09,usage_question,closed,34,214,7200
7591,1085,2024-04-21,2024-04-23,feature_request,closed,46,223,2880
7592,805,2024-11-13,2024-11-14,usage_question,closed,26,100,1440
7593,1495,2024-11-25,2024-11-25,usage_question,closed,42,106,0
7594,269,2023-12-04,2023-12-05,usage_question,closed,50,226,1440
7595,185,2023-08-18,2023-08-23,usage_question,closed,46,24,7200
7596,1773,2023-12-31,2024-01-07,usage_question,closed,3,213,10080
7597,24,2024-08-10,2024-08-10,usage_question,closed,17,212,0
7598,1626,2024-02-26,2024-03-02,bug,closed,4,61,7200
7599,1676,2024-01-01,2024-01-04,usage_question,closed,43,33,4320
7600,1026,2023-10-17,2023-10-20,bug,closed,46,115,4320
7601,1284,2024-08-10,2024-08-17,usage_question,closed,16,32,10080
7602,1128,2024-10-08,2024-10-08,other,closed,50,156,0
7603,1815,2024-02-23,2024-02-25,billing,closed,13,208,2880
7604,1968,2024-07-26,2024-07-26,usage_question,closed,3,104,0
7605,338,2024-11-28,2024-12-01,feature_request,closed,35,43,4320
7606,780,2023-09-07,2023-09-09,usage_question,closed,29,42,2880
7607,1656,2023-08-26,2023-08-26,feature_request,closed,44,67,0
7608,343,2024-10-12,2024-10-12,billing,closed,5,85,0
7609,1689,2024-09-06,2024-09-08,other,closed,37,20,2880
7610,1257,2024-09-07,2024-09-13,bug,closed,19,158,8640
7611,147,2024-09-26,2024-09-27,feature_request,closed,5,185,1440
7612,208,2024-02-27,2024-02-27,billing,closed,12,28,0
7613,1120,2024-05-01,2024-05-03,usage_question,closed,16,90,2880
7614,1035,2024-02-07,2024-02-12,usage_question,closed,47,164,7200
7615,781,2023-06-27,2023-06-30,usage_question,closed,43,91,4320
7616,1498,2024-11-29,2024-11-29,billing,closed,12,231,0
7617,504,2024-06-18,2024-06-18,billing,closed,7,42,0
7618,1840,2024-09-03,2024-09-10,usage_question,closed,38,192,10080
7619,1509,2023-06-21,2023-06-22,feature_request,closed,9,115,1440
7620,504,2024-10-09,2024-10-09,feature_request,closed,48,136,0
7621,1682,2023-10-26,2023-10-31,bug,closed,31,49,7200
7622,112,2024-12-08,2024-12-08,other,closed,8,231,0
7623,77,2024-06-14,2024-06-14,usage_question,closed,11,169,0
7624,1391,2024-04-10,2024-04-11,usage_question,closed,19,169,1440
7625,1896,2024-06-11,2024-06-11,other,closed,32,113,0
7626,380,2023-12-31,2023-12-31,usage_question,closed,46,36,0
7627,1782,2024-05-28,2024-06-02,usage_question,closed,14,54,7200
7628,1898,2024-12-29,2025-01-03,billing,open,47,20,7200
7629,437,2023-11-03,2023-11-06,bug,closed,32,77,4320
7630,897,2024-06-12,2024-06-12,usage_question,closed,29,218,0
7631,997,2024-06-10,2024-06-10,feature_request,closed,29,22,0
7632,1335,2024-05-25,2024-05-30,billing,closed,14,207,7200
7633,942,2023-11-28,2023-11-28,usage_question,closed,35,42,0
7634,493,2024-03-29,2024-03-30,usage_question,closed,24,64,1440
7635,397,2024-04-14,2024-04-14,usage_question,closed,24,228,0
7636,25,2023-09-30,2023-10-06,bug,closed,35,125,8640
7637,758,2024-06-29,2024-07-02,billing,closed,44,228,4320
7638,202,2024-09-07,2024-09-12,other,closed,5,188,7200
7639,807,2023-12-08,2023-12-09,billing,closed,17,164,1440
7640,133,2024-10-25,2024-10-27,bug,closed,30,161,2880
7641,1020,2023-08-26,2023-08-26,feature_request,closed,3,25,0
7642,1128,2024-06-18,2024-06-18,bug,closed,19,92,0
7643,180,2024-06-27,2024-06-27,billing,closed,21,117,0
7644,694,2024-08-19,2024-08-19,bug,closed,26,46,0
7645,23,2024-08-14,2024-08-21,bug,closed,48,50,10080
7646,1402,2024-10-09,2024-10-09,usage_question,closed,12,186,0
7647,1060,2024-05-01,2024-05-01,usage_question,closed,14,77,0
7648,1850,2024-12-12,2024-12-12,other,closed,2,212,0
7649,970,2024-10-16,2024-10-16,feature_request,closed,12,157,0
7650,1847,2023-12-06,2023-12-06,bug,closed,8,192,0
7651,106,2024-11-02,2024-11-02,usage_question,closed,16,211,0
7652,38,2024-01-14,2024-01-15,other,closed,5,184,1440
7653,1301,2024-11-04,2024-11-04,usage_question,closed,21,27,0
7654,718,2024-04-02,2024-04-02,usage_question,closed,15,66,0
7655,1372,2024-07-20,2024-07-20,bug,closed,43,46,0
7656,963,2024-05-07,2024-05-13,feature_request,closed,42,71,8640
7657,1059,2024-04-22,2024-04-22,feature_request,closed,36,40,0
7658,1917,2024-03-26,2024-03-30,usage_question,closed,45,75,5760
7659,1190,2024-08-25,2024-08-25,billing,closed,39,53,0
7660,1143,2024-06-13,2024-06-13,bug,closed,5,186,0
7661,1485,2024-08-29,2024-08-29,feature_request,closed,18,160,0
7662,897,2023-02-12,2023-02-12,bug,closed,49,229,0
7663,69,2024-05-19,2024-05-24,feature_request,closed,5,117,7200
7664,1940,2024-08-28,2024-08-28,bug,closed,44,94,0
7665,757,2023-03-16,2023-03-16,usage_question,closed,5,45,0
7666,1411,2024-05-22,2024-05-22,bug,closed,15,239,0
7667,1921,2024-10-14,2024-10-21,usage_question,closed,21,102,10080
7668,6,2023-11-20,2023-11-20,usage_question,closed,44,196,0
7669,1275,2024-07-01,2024-07-04,bug,closed,23,75,4320
7670,312,2024-09-04,2024-09-04,usage_question,closed,50,148,0
7671,1260,2024-10-12,2024-10-12,bug,closed,33,137,0
7672,1479,2024-12-10,2024-12-10,usage_question,closed,3,168,0
7673,642,2024-04-22,2024-04-22,bug,closed,31,238,0
7674,1042,2024-04-28,2024-04-28,billing,closed,16,65,0
7675,1552,2024-03-15,2024-03-18,billing,closed,4,160,4320
7676,986,2024-05-27,2024-05-31,bug,closed,6,229,5760
7677,319,2023-09-30,2023-10-06,feature_request,closed,38,70,8640
7678,631,2024-02-22,2024-02-22,usage_question,closed,46,211,0
7679,639,2024-12-03,2024-12-03,usage_question,closed,47,143,0
7680,526,2024-09-09,2024-09-14,usage_question,closed,23,51,7200
7681,115,2024-12-29,2024-12-29,usage_question,closed,49,207,0
7682,1256,2024-05-10,2024-05-16,billing,closed,1,50,8640
7683,1681,2024-03-19,2024-03-19,other,closed,8,236,0
7684,1419,2024-02-17,2024-02-23,bug,closed,7,121,8640
7685,1116,2024-08-16,2024-08-16,bug,closed,1,141,0
7686,428,2024-05-28,2024-05-31,bug,closed,36,100,4320
7687,348,2024-01-01,2024-01-06,feature_request,closed,44,124,7200
7688,727,2023-01-21,2023-01-27,bug,closed,4,229,8640
7689,943,2024-04-06,2024-04-06,billing,closed,49,72,0
7690,495,2024-11-06,2024-11-06,other,closed,18,178,0
7691,1062,2024-08-09,2024-08-09,billing,closed,40,226,0
7692,1158,2023-12-14,2023-12-19,billing,closed,8,230,7200
7693,1668,2023-12-04,2023-12-04,usage_question,closed,44,85,0
7694,1405,2024-05-24,2024-05-24,other,closed,40,240,0
7695,8,2024-03-23,2024-03-23,usage_question,closed,42,132,0
7696,1893,2024-11-13,2024-11-13,usage_question,closed,30,66,0
7697,420,2024-10-23,2024-10-23,bug,closed,34,151,0
7698,227,2024-05-10,2024-05-16,bug,closed,7,89,8640
7699,1459,2024-05-28,2024-05-28,bug,closed,23,123,0
7700,705,2023-07-17,2023-07-17,bug,closed,50,125,0
7701,1118,2024-11-08,2024-11-13,usage_question,closed,39,237,7200
7702,1330,2023-12-21,2023-12-26,feature_request,closed,27,27,7200
7703,29,2024-06-08,2024-06-12,other,closed,12,215,5760
7704,1660,2024-07-21,2024-07-28,usage_question,closed,32,86,10080
7705,1645,2024-12-08,2024-12-11,billing,closed,27,111,4320
7706,924,2024-11-08,2024-11-08,usage_question,closed,47,230,0
7707,824,2024-09-13,2024-09-16,feature_request,closed,21,103,4320
7708,1856,2023-10-10,2023-10-11,feature_request,closed,31,191,1440
7709,1254,2023-10-20,2023-10-20,usage_question,closed,34,146,0
7710,1621,2024-06-03,2024-06-03,bug,closed,30,141,0
7711,1257,2024-04-23,2024-04-23,usage_question,closed,36,221,0
7712,585,2024-06-28,2024-06-29,usage_question,closed,10,91,1440
7713,1226,2023-07-08,2023-07-10,other,closed,50,195,2880
7714,1625,2024-06-06,2024-06-08,usage_question,closed,15,221,2880
7715,1070,2023-12-21,2023-12-22,bug,closed,47,162,1440
7716,1598,2024-09-12,2024-09-12,other,closed,6,118,0
7717,1325,2024-12-27,2024-12-27,bug,closed,47,221,0
7718,1613,2024-08-07,2024-08-11,usage_question,closed,31,143,5760
7719,1704,2024-01-01,2024-01-01,usage_question,closed,49,157,0
7720,1254,2024-02-10,2024-02-10,usage_question,closed,5,134,0
7721,863,2023-12-30,2024-01-03,bug,closed,49,28,5760
7722,855,2024-05-04,2024-05-04,usage_question,closed,49,22,0
7723,75,2023-09-14,2023-09-14,billing,closed,48,174,0
7724,1344,2024-08-14,2024-08-15,usage_question,closed,27,71,1440
7725,13,2024-09-15,2024-09-17,usage_question,closed,39,92,2880
7726,1634,2024-12-05,2024-12-07,usage_question,closed,19,236,2880
7727,1985,2024-07-09,2024-07-10,bug,closed,1,229,1440
7728,1682,2024-04-16,2024-04-16,bug,closed,33,165,0
7729,517,2024-04-12,2024-04-17,bug,closed,21,89,7200
7730,669,2024-12-09,2024-12-10,usage_question,closed,22,229,1440
7731,438,2024-04-14,2024-04-16,usage_question,closed,15,118,2880
7732,464,2024-01-26,2024-01-26,usage_question,closed,15,20,0
7733,1901,2024-02-25,2024-02-25,usage_question,closed,45,73,0
7734,1733,2024-06-07,2024-06-11,usage_question,closed,50,183,5760
7735,1465,2024-07-11,2024-07-16,bug,closed,43,139,7200
7736,1016,2024-11-12,2024-11-14,bug,closed,45,79,2880
7737,495,2024-02-29,2024-03-07,bug,closed,32,191,10080
7738,1938,2024-08-20,2024-08-26,usage_question,closed,20,136,8640
7739,1271,2024-01-22,2024-01-22,bug,closed,36,66,0
7740,1818,2024-05-02,2024-05-02,billing,closed,34,151,0
7741,977,2024-01-15,2024-01-22,feature_request,closed,47,112,10080
7742,1991,2024-10-26,2024-10-26,usage_question,closed,13,222,0
7743,1481,2024-12-19,2024-12-19,usage_question,closed,8,173,0
7744,1740,2024-10-09,2024-10-10,usage_question,closed,37,72,1440
7745,984,2024-06-09,2024-06-09,usage_question,closed,16,65,0
7746,1073,2023-12-25,2023-12-25,usage_question,closed,35,194,0
7747,671,2023-11-13,2023-11-13,usage_question,closed,37,153,0
7748,1146,2024-08-25,2024-08-25,bug,closed,16,240,0
7749,875,2024-10-08,2024-10-08,other,closed,14,68,0
7750,770,2024-07-22,2024-07-22,bug,closed,46,172,0
7751,315,2024-01-24,2024-01-28,bug,closed,47,113,5760
7752,677,2024-03-06,2024-03-07,other,closed,48,41,1440
7753,1360,2024-06-21,2024-06-21,usage_question,closed,44,73,0
7754,532,2024-05-11,2024-05-13,bug,closed,42,18,2880
7755,1785,2024-06-15,2024-06-22,usage_question,closed,50,115,10080
7756,1492,2024-08-19,2024-08-19,bug,closed,11,132,0
7757,502,2024-06-29,2024-06-29,usage_question,closed,14,131,0
7758,843,2024-12-04,2024-12-05,usage_question,closed,1,26,1440
7759,802,2024-12-10,2024-12-12,usage_question,closed,46,119,2880
7760,951,2023-10-03,2023-10-10,feature_request,closed,50,52,10080
7761,396,2024-09-17,2024-09-17,bug,closed,3,149,0
7762,1830,2023-11-09,2023-11-09,bug,closed,44,49,0
7763,1246,2024-03-14,2024-03-14,bug,closed,22,219,0
7764,107,2023-09-22,2023-09-27,usage_question,closed,5,121,7200
7765,1551,2024-09-13,2024-09-17,feature_request,closed,16,43,5760
7766,1819,2024-10-28,2024-10-28,bug,closed,10,207,0
7767,362,2023-10-07,2023-10-08,billing,closed,30,178,1440
7768,1840,2024-05-20,2024-05-27,feature_request,closed,10,36,10080
7769,126,2024-08-22,2024-08-25,other,closed,47,158,4320
7770,1686,2024-07-03,2024-07-03,usage_question,closed,12,223,0
7771,260,2024-07-30,2024-08-04,bug,closed,31,153,7200
7772,1494,2024-12-08,2024-12-12,usage_question,closed,35,60,5760
7773,1739,2024-10-08,2024-10-08,bug,closed,2,188,0
7774,686,2024-01-02,2024-01-02,bug,closed,50,34,0
7775,780,2024-09-17,2024-09-17,usage_question,closed,15,41,0
7776,1584,2024-05-29,2024-05-30,feature_request,closed,48,24,1440
7777,20,2024-02-20,2024-02-25,bug,closed,7,18,7200
7778,1422,2024-01-06,2024-01-06,bug,closed,31,222,0
7779,1476,2024-02-06,2024-02-06,usage_question,closed,45,135,0
7780,1500,2023-10-22,2023-10-22,billing,closed,35,109,0
7781,336,2024-05-01,2024-05-01,bug,closed,5,152,0
7782,1709,2024-07-04,2024-07-06,usage_question,closed,32,208,2880
7783,1743,2024-04-21,2024-04-21,usage_question,closed,39,40,0
7784,813,2024-04-01,2024-04-05,usage_question,closed,47,212,5760
7785,681,2024-08-17,2024-08-24,feature_request,closed,12,57,10080
7786,323,2023-12-15,2023-12-15,other,closed,46,137,0
7787,9,2024-04-22,2024-04-22,usage_question,closed,50,232,0
7788,787,2024-11-25,2024-11-25,other,closed,4,207,0
7789,737,2024-12-06,2024-12-06,billing,closed,45,153,0
7790,1430,2024-07-25,2024-08-01,billing,closed,22,232,10080
7791,1250,2024-11-27,2024-11-27,bug,closed,5,180,0
7792,1202,2024-05-04,2024-05-04,feature_request,closed,48,234,0
7793,1034,2024-08-20,2024-08-22,bug,closed,39,60,2880
7794,843,2024-06-23,2024-06-28,billing,closed,34,126,7200
7795,1173,2023-12-27,2024-01-02,billing,closed,2,189,8640
7796,11,2024-09-26,2024-09-29,feature_request,closed,39,184,4320
7797,461,2024-12-11,2024-12-11,usage_question,closed,46,16,0
7798,1467,2024-02-22,2024-02-25,usage_question,closed,22,170,4320
7799,62,2023-11-13,2023-11-14,bug,closed,13,86,1440
7800,1769,2023-10-24,2023-10-26,feature_request,closed,50,210,2880
7801,1299,2024-08-08,2024-08-13,feature_request,closed,3,90,7200
7802,1857,2023-03-05,2023-03-11,billing,closed,40,206,8640
7803,1382,2024-12-05,2024-12-05,other,closed,50,151,0
7804,1295,2024-11-01,2024-11-01,bug,closed,11,201,0
7805,205,2024-03-30,2024-04-01,bug,closed,26,92,2880
7806,1575,2024-12-09,2024-12-09,bug,closed,24,197,0
7807,1125,2024-02-13,2024-02-13,other,closed,7,110,0
7808,1490,2024-11-26,2024-12-01,bug,closed,1,238,7200
7809,398,2024-04-27,2024-04-27,bug,closed,1,38,0
7810,379,2024-06-06,2024-06-07,feature_request,closed,27,201,1440
7811,448,2024-12-01,2024-12-01,usage_question,closed,29,68,0
7812,1818,2024-02-27,2024-03-04,feature_request,closed,42,20,8640
7813,452,2023-12-14,2023-12-14,other,closed,23,194,0
7814,1748,2024-07-21,2024-07-26,feature_request,closed,50,239,7200
7815,589,2024-06-11,2024-06-11,other,closed,12,15,0
7816,1875,2024-05-17,2024-05-22,usage_question,closed,46,151,7200
7817,641,2024-10-31,2024-10-31,feature_request,closed,33,100,0
7818,788,2023-11-19,2023-11-19,feature_request,closed,18,32,0
7819,1628,2024-07-21,2024-07-21,feature_request,closed,3,150,0
7820,796,2024-07-19,2024-07-19,usage_question,closed,10,161,0
7821,826,2024-07-28,2024-07-28,bug,closed,3,220,0
7822,57,2024-03-18,2024-03-18,bug,closed,31,58,0
7823,618,2024-10-25,2024-11-01,usage_question,closed,20,154,10080
7824,660,2024-11-26,2024-11-27,bug,closed,21,60,1440
7825,733,2023-10-09,2023-10-15,usage_question,closed,23,139,8640
7826,1084,2024-07-24,2024-07-30,other,closed,4,88,8640
7827,1483,2024-08-17,2024-08-23,bug,closed,36,77,8640
7828,33,2024-04-23,2024-04-27,billing,closed,31,154,5760
7829,1508,2024-05-06,2024-05-08,other,closed,18,183,2880
7830,1365,2024-12-05,2024-12-05,bug,closed,45,191,0
7831,176,2024-12-13,2024-12-14,feature_request,closed,8,220,1440
7832,191,2024-12-29,2024-12-29,other,closed,29,202,0
7833,1437,2024-12-08,2024-12-11,bug,closed,37,51,4320
7834,44,2023-11-27,2023-11-27,usage_question,closed,2,18,0
7835,880,2023-10-31,2023-11-03,usage_question,closed,26,106,4320
7836,1930,2024-02-22,2024-02-22,feature_request,closed,18,185,0
7837,965,2024-01-13,2024-01-17,other,closed,1,176,5760
7838,1112,2024-09-14,2024-09-14,bug,closed,18,189,0
7839,749,2024-04-02,2024-04-07,feature_request,closed,24,25,7200
7840,1262,2024-05-31,2024-05-31,usage_question,closed,9,68,0
7841,830,2024-06-25,2024-06-29,feature_request,closed,7,32,5760
7842,1297,2024-02-25,2024-02-25,feature_request,closed,40,147,0
7843,137,2023-08-26,2023-08-27,bug,closed,11,102,1440
7844,70,2024-01-22,2024-01-22,other,closed,4,112,0
7845,1825,2023-10-14,2023-10-21,feature_request,closed,18,48,10080
7846,1887,2024-02-14,2024-02-14,usage_question,closed,43,115,0
7847,1202,2023-11-17,2023-11-24,usage_question,closed,6,200,10080
7848,147,2024-07-07,2024-07-07,bug,closed,29,113,0
7849,1509,2024-09-02,2024-09-06,other,closed,22,203,5760
7850,696,2024-09-06,2024-09-06,usage_question,closed,47,187,0
7851,422,2024-08-16,2024-08-21,usage_question,closed,3,96,7200
7852,1332,2024-06-29,2024-06-29,feature_request,closed,10,114,0
7853,210,2023-06-07,2023-06-09,usage_question,closed,17,153,2880
7854,39,2024-10-25,2024-10-30,billing,closed,32,95,7200
7855,1206,2024-08-28,2024-08-30,usage_question,closed,46,202,2880
7856,22,2024-01-18,2024-01-18,feature_request,closed,22,45,0
7857,471,2024-08-10,2024-08-13,billing,closed,26,145,4320
7858,323,2024-03-14,2024-03-20,other,closed,19,231,8640
7859,1202,2024-11-21,2024-11-21,bug,closed,20,86,0
7860,1858,2024-10-27,2024-10-27,feature_request,closed,17,163,0
7861,1403,2024-09-29,2024-09-29,bug,closed,22,20,0
7862,1206,2024-09-17,2024-09-17,usage_question,closed,40,123,0
7863,115,2023-12-06,2023-12-06,bug,closed,43,203,0
7864,1281,2023-08-26,2023-09-01,feature_request,closed,3,50,8640
7865,1889,2024-05-31,2024-06-02,usage_question,closed,25,111,2880
7866,29,2024-07-19,2024-07-19,usage_question,closed,9,196,0
7867,1035,2023-11-19,2023-11-24,bug,closed,31,231,7200
7868,1496,2024-07-28,2024-08-03,usage_question,closed,44,74,8640
7869,1418,2024-08-14,2024-08-15,other,closed,27,219,1440
7870,1486,2024-08-27,2024-08-31,usage_question,closed,33,54,5760
7871,629,2024-10-19,2024-10-19,bug,closed,15,21,0
7872,700,2024-03-02,2024-03-02,bug,closed,44,139,0
7873,1462,2024-11-27,2024-12-02,usage_question,closed,12,236,7200
7874,678,2024-07-11,2024-07-11,usage_question,closed,23,178,0
7875,692,2024-12-17,2024-12-21,feature_request,closed,6,238,5760
7876,951,2024-12-21,2024-12-28,usage_question,closed,17,153,10080
7877,727,2024-10-27,2024-10-27,bug,closed,49,82,0
7878,1110,2024-09-21,2024-09-22,feature_request,closed,17,138,1440
7879,1828,2024-10-12,2024-10-12,feature_request,closed,49,218,0
7880,604,2024-07-11,2024-07-11,usage_question,closed,45,151,0
7881,1729,2024-10-06,2024-10-06,usage_question,closed,42,186,0
7882,1823,2024-08-03,2024-08-03,bug,closed,4,198,0
7883,406,2024-10-18,2024-10-25,usage_question,closed,34,122,10080
7884,1910,2024-03-13,2024-03-16,usage_question,closed,21,34,4320
7885,1667,2024-08-11,2024-08-16,billing,closed,1,136,7200
7886,331,2023-10-14,2023-10-14,billing,closed,37,84,0
7887,1553,2024-09-20,2024-09-26,usage_question,closed,44,103,8640
7888,648,2024-05-08,2024-05-13,usage_question,closed,3,62,7200
7889,1937,2024-09-27,2024-09-27,feature_request,closed,12,85,0
7890,1322,2024-05-07,2024-05-10,feature_request,closed,17,40,4320
7891,678,2024-11-21,2024-11-27,usage_question,closed,25,17,8640
7892,1935,2024-12-17,2024-12-17,usage_question,closed,7,152,0
7893,1086,2024-04-26,2024-04-27,other,closed,31,205,1440
7894,1488,2024-09-01,2024-09-02,bug,closed,25,204,1440
7895,1634,2023-12-08,2023-12-15,feature_request,closed,30,29,10080
7896,1250,2024-02-09,2024-02-09,billing,closed,50,61,0
7897,1615,2024-07-09,2024-07-09,feature_request,closed,15,139,0
7898,1286,2024-06-26,2024-06-30,feature_request,closed,43,93,5760
7899,1440,2024-09-22,2024-09-27,feature_request,closed,39,83,7200
7900,477,2024-04-13,2024-04-15,bug,closed,22,149,2880
7901,1905,2024-07-17,2024-07-21,usage_question,closed,31,215,5760
7902,398,2024-09-21,2024-09-21,usage_question,closed,18,203,0
7903,253,2024-01-27,2024-01-27,feature_request,closed,39,207,0
7904,1524,2024-05-14,2024-05-17,other,closed,46,206,4320
7905,293,2024-02-07,2024-02-13,billing,closed,27,33,8640
7906,1894,2023-09-03,2023-09-03,bug,closed,44,175,0
7907,986,2024-08-19,2024-08-19,feature_request,closed,14,190,0
7908,708,2024-10-15,2024-10-15,usage_question,closed,14,29,0
7909,1523,2023-08-08,2023-08-15,bug,closed,47,159,10080
7910,1312,2024-06-16,2024-06-21,feature_request,closed,7,82,7200
7911,1133,2024-03-15,2024-03-21,other,closed,8,230,8640
7912,1025,2023-09-24,2023-09-24,bug,closed,48,40,0
7913,939,2024-09-17,2024-09-17,bug,closed,19,190,0
7914,1274,2024-04-09,2024-04-09,bug,closed,22,150,0
7915,1754,2024-03-03,2024-03-03,other,closed,46,125,0
7916,74,2024-04-03,2024-04-06,usage_question,closed,25,27,4320
7917,1963,2023-11-17,2023-11-17,billing,closed,19,32,0
7918,1188,2024-05-11,2024-05-11,other,closed,8,18,0
7919,1865,2024-03-22,2024-03-22,bug,closed,11,128,0
7920,1785,2024-12-24,2024-12-25,feature_request,closed,29,33,1440
7921,484,2024-11-17,2024-11-17,feature_request,closed,3,32,0
7922,246,2024-08-03,2024-08-03,bug,closed,10,23,0
7923,1503,2024-08-29,2024-08-29,bug,closed,3,135,0
7924,195,2024-10-12,2024-10-12,usage_question,closed,45,73,0
7925,1858,2023-12-16,2023-12-16,usage_question,closed,10,196,0
7926,437,2024-09-26,2024-10-03,billing,closed,7,222,10080
7927,1774,2024-03-31,2024-04-01,usage_question,closed,27,230,1440
7928,314,2024-05-29,2024-05-29,bug,closed,23,171,0
7929,1529,2024-11-26,2024-11-26,usage_question,closed,3,216,0
7930,711,2024-12-21,2024-12-28,usage_question,closed,24,88,10080
7931,1777,2024-10-16,2024-10-16,feature_request,closed,15,34,0
7932,1323,2024-05-11,2024-05-17,usage_question,closed,48,139,8640
7933,525,2023-10-31,2023-10-31,usage_question,closed,9,229,0
7934,1705,2024-12-23,2024-12-29,usage_question,closed,19,167,8640
7935,1527,2023-08-28,2023-08-28,feature_request,closed,47,93,0
7936,763,2024-08-14,2024-08-21,feature_request,closed,2,206,10080
7937,503,2024-06-05,2024-06-05,usage_question,closed,27,231,0
7938,825,2024-08-31,2024-09-01,bug,closed,46,39,1440
7939,1413,2024-04-23,2024-04-24,bug,closed,10,125,1440
7940,206,2023-08-31,2023-09-06,usage_question,closed,36,201,8640
7941,1478,2024-04-05,2024-04-07,feature_request,closed,31,106,2880
7942,499,2024-06-01,2024-06-05,bug,closed,11,198,5760
7943,379,2024-09-12,2024-09-12,usage_question,closed,26,72,0
7944,329,2024-09-30,2024-10-07,bug,closed,3,166,10080
7945,886,2023-08-09,2023-08-15,feature_request,closed,29,60,8640
7946,435,2024-12-14,2024-12-14,usage_question,closed,21,183,0
7947,963,2024-12-02,2024-12-06,other,closed,21,85,5760
7948,1600,2024-03-12,2024-03-15,feature_request,closed,13,223,4320
7949,398,2024-11-11,2024-11-11,feature_request,closed,22,215,0
7950,190,2024-12-20,2024-12-22,bug,closed,23,173,2880
7951,521,2023-02-18,2023-02-18,usage_question,closed,45,23,0
7952,83,2024-03-20,2024-03-22,usage_question,closed,6,164,2880
7953,604,2024-09-29,2024-09-29,other,closed,45,230,0
7954,880,2024-09-28,2024-09-28,usage_question,closed,17,187,0
7955,1153,2024-11-24,2024-11-24,usage_question,closed,4,132,0
7956,791,2024-08-17,2024-08-21,feature_request,closed,11,215,5760
7957,1926,2024-02-12,2024-02-17,usage_question,closed,6,213,7200
7958,1801,2023-12-18,2023-12-18,bug,closed,29,236,0
7959,1299,2024-02-23,2024-02-25,usage_question,closed,13,183,2880
7960,1210,2024-05-22,2024-05-22,bug,closed,16,52,0
7961,1409,2024-11-02,2024-11-02,bug,closed,34,152,0
7962,178,2024-07-31,2024-08-05,billing,closed,4,169,7200
7963,43,2024-08-14,2024-08-14,usage_question,closed,37,161,0
7964,445,2024-09-09,2024-09-13,other,closed,35,78,5760
7965,546,2024-04-10,2024-04-12,billing,closed,29,239,2880
7966,419,2024-03-01,2024-03-01,billing,closed,36,88,0
7967,68,2024-02-14,2024-02-17,usage_question,closed,25,201,4320
7968,1626,2023-11-02,2023-11-08,bug,closed,5,39,8640
7969,961,2024-10-30,2024-11-04,usage_question,closed,5,178,7200
7970,1622,2024-10-29,2024-11-01,bug,closed,39,112,4320
7971,835,2024-12-12,2024-12-19,bug,closed,6,33,10080
7972,34,2023-12-02,2023-12-03,other,closed,13,230,1440
7973,1633,2024-10-23,2024-10-26,usage_question,closed,14,181,4320
7974,1145,2024-09-02,2024-09-09,other,closed,35,148,10080
7975,798,2024-12-16,2024-12-18,usage_question,closed,42,44,2880
7976,277,2024-03-23,2024-03-23,usage_question,closed,42,227,0
7977,1260,2024-12-09,2024-12-10,feature_request,closed,17,101,1440
7978,212,2024-10-02,2024-10-08,feature_request,closed,13,221,8640
7979,1314,2024-09-03,2024-09-06,usage_question,closed,49,41,4320
7980,1809,2024-06-25,2024-06-30,usage_question,closed,40,111,7200
7981,568,2024-06-06,2024-06-06,other,closed,35,237,0
7982,991,2024-08-13,2024-08-13,usage_question,closed,46,36,0
7983,1110,2024-10-29,2024-10-29,usage_question,closed,12,181,0
7984,567,2024-03-06,2024-03-06,bug,closed,29,111,0
7985,1353,2024-01-07,2024-01-08,feature_request,closed,2,120,1440
7986,1392,2024-10-05,2024-10-05,bug,closed,32,55,0
7987,1507,2024-08-16,2024-08-20,feature_request,closed,29,210,5760
7988,74,2024-01-26,2024-01-29,usage_question,closed,8,237,4320
7989,1274,2024-06-11,2024-06-18,usage_question,closed,27,58,10080
7990,1790,2024-10-28,2024-10-28,bug,closed,19,233,0
7991,835,2024-11-08,2024-11-08,usage_question,closed,32,28,0
7992,1714,2024-12-24,2024-12-28,other,closed,15,103,5760
7993,1720,2024-08-13,2024-08-13,usage_question,closed,21,55,0
7994,1073,2024-04-15,2024-04-15,other,closed,20,23,0
7995,553,2024-12-20,2024-12-20,other,closed,31,220,0
7996,346,2024-12-15,2024-12-15,bug,closed,43,152,0
7997,1282,2024-06-06,2024-06-06,bug,closed,4,21,0
7998,928,2024-09-20,2024-09-20,bug,closed,27,189,0
7999,1954,2024-05-10,2024-05-10,bug,closed,31,221,0
8000,539,2024-02-26,2024-02-26,feature_request,closed,27,23,0
8001,1809,2024-11-25,2024-11-25,bug,closed,39,78,0
8002,834,2024-10-15,2024-10-15,billing,closed,14,138,0
8003,1035,2024-10-08,2024-10-08,feature_request,closed,50,85,0
8004,906,2024-01-11,2024-01-11,billing,closed,30,96,0
8005,1484,2024-06-19,2024-06-19,bug,closed,48,83,0
8006,1206,2024-10-08,2024-10-08,other,closed,15,183,0
8007,1189,2024-06-04,2024-06-10,bug,closed,7,219,8640
8008,1607,2024-07-16,2024-07-22,bug,closed,6,213,8640
8009,1545,2024-10-23,2024-10-27,feature_request,closed,43,74,5760
8010,74,2024-04-29,2024-05-02,usage_question,closed,43,84,4320
8011,605,2024-01-17,2024-01-23,bug,closed,43,203,8640
8012,1247,2024-02-12,2024-02-17,usage_question,closed,26,189,7200
8013,157,2023-09-27,2023-09-27,usage_question,closed,20,34,0
8014,659,2024-02-25,2024-02-27,other,closed,8,143,2880
8015,1649,2024-09-02,2024-09-03,usage_question,closed,15,205,1440
8016,1150,2024-08-16,2024-08-16,feature_request,closed,24,187,0
8017,151,2024-12-09,2024-12-11,feature_request,closed,21,78,2880
8018,1201,2024-05-21,2024-05-27,bug,closed,6,223,8640
8019,519,2024-08-28,2024-08-31,usage_question,closed,48,86,4320
8020,1513,2024-07-21,2024-07-21,bug,closed,38,203,0
8021,889,2024-10-17,2024-10-21,bug,closed,35,27,5760
8022,1661,2024-04-27,2024-04-27,feature_request,closed,43,132,0
8023,899,2024-08-25,2024-08-25,bug,closed,32,124,0
8024,453,2024-07-22,2024-07-26,bug,closed,42,134,5760
8025,1990,2024-09-20,2024-09-20,other,closed,42,215,0
8026,1210,2024-09-26,2024-09-27,feature_request,closed,49,135,1440
8027,750,2024-04-09,2024-04-16,feature_request,closed,40,169,10080
8028,988,2024-06-23,2024-06-23,bug,closed,15,86,0
8029,877,2024-09-26,2024-09-28,other,closed,26,101,2880
8030,1139,2023-12-08,2023-12-12,other,closed,3,199,5760
8031,291,2024-08-14,2024-08-14,usage_question,closed,12,47,0
8032,599,2024-07-18,2024-07-18,bug,closed,45,186,0
8033,1555,2024-06-16,2024-06-23,usage_question,closed,26,94,10080
8034,408,2024-03-16,2024-03-21,usage_question,closed,14,152,7200
8035,213,2024-04-27,2024-04-27,usage_question,closed,10,56,0
8036,1284,2024-12-06,2024-12-06,usage_question,closed,1,62,0
8037,1535,2024-01-11,2024-01-11,other,closed,26,52,0
8038,994,2024-12-01,2024-12-01,feature_request,closed,26,137,0
8039,1737,2024-05-01,2024-05-05,usage_question,closed,9,234,5760
8040,1425,2024-03-09,2024-03-09,other,closed,10,52,0
8041,70,2024-04-03,2024-04-03,bug,closed,26,140,0
8042,509,2024-09-06,2024-09-07,bug,closed,39,225,1440
8043,1491,2024-10-04,2024-10-08,feature_request,closed,1,86,5760
8044,1477,2024-09-04,2024-09-05,bug,closed,31,27,1440
8045,91,2024-06-19,2024-06-26,bug,closed,24,214,10080
8046,1380,2024-01-08,2024-01-08,usage_question,closed,39,53,0
8047,850,2024-08-15,2024-08-17,usage_question,closed,50,87,2880
8048,821,2024-07-02,2024-07-02,bug,closed,33,203,0
8049,718,2024-12-14,2024-12-18,usage_question,closed,20,205,5760
8050,1851,2024-12-03,2024-12-08,bug,closed,10,61,7200
8051,819,2024-01-26,2024-01-26,bug,closed,38,70,0
8052,361,2024-04-08,2024-04-15,usage_question,closed,10,138,10080
8053,999,2024-02-10,2024-02-14,feature_request,closed,9,167,5760
8054,1083,2024-05-13,2024-05-20,bug,closed,34,184,10080
8055,669,2024-06-22,2024-06-22,bug,closed,45,20,0
8056,504,2024-07-08,2024-07-08,other,closed,11,65,0
8057,1405,2024-06-21,2024-06-26,usage_question,closed,35,219,7200
8058,1264,2024-09-24,2024-09-25,usage_question,closed,45,109,1440
8059,1639,2024-03-14,2024-03-14,bug,closed,13,177,0
8060,22,2024-03-28,2024-03-30,usage_question,closed,48,116,2880
8061,47,2024-11-29,2024-12-02,usage_question,closed,22,105,4320
8062,1351,2024-11-19,2024-11-23,other,closed,29,100,5760
8063,576,2024-11-14,2024-11-16,usage_question,closed,5,21,2880
8064,841,2024-04-18,2024-04-21,usage_question,closed,50,189,4320
8065,1895,2024-07-05,2024-07-06,usage_question,closed,9,140,1440
8066,214,2024-03-03,2024-03-08,usage_question,closed,43,147,7200
8067,935,2023-09-02,2023-09-02,usage_question,closed,7,96,0
8068,1159,2024-10-23,2024-10-23,usage_question,closed,1,163,0
8069,124,2024-02-20,2024-02-20,feature_request,closed,44,120,0
8070,1612,2023-11-04,2023-11-04,billing,closed,32,178,0
8071,1503,2024-05-12,2024-05-17,usage_question,closed,8,83,7200
8072,1948,2024-03-11,2024-03-12,usage_question,closed,24,67,1440
8073,161,2024-03-27,2024-03-27,bug,closed,33,74,0
8074,1502,2024-11-29,2024-11-29,billing,closed,40,66,0
8075,406,2024-04-12,2024-04-13,bug,closed,7,58,1440
8076,1520,2024-04-21,2024-04-23,usage_question,closed,2,23,2880
8077,628,2024-02-17,2024-02-18,bug,closed,38,132,1440
8078,1920,2024-03-12,2024-03-13,bug,closed,50,156,1440
8079,1208,2024-08-04,2024-08-04,bug,closed,23,72,0
8080,677,2024-11-16,2024-11-19,bug,closed,20,80,4320
8081,880,2024-01-27,2024-01-27,usage_question,closed,38,59,0
8082,537,2024-11-23,2024-11-30,usage_question,closed,22,64,10080
8083,1364,2024-07-14,2024-07-14,feature_request,closed,17,113,0
8084,1122,2024-12-12,2024-12-12,bug,closed,23,151,0
8085,1652,2024-02-05,2024-02-09,usage_question,closed,49,95,5760
8086,303,2024-10-28,2024-11-01,bug,closed,4,123,5760
8087,517,2024-07-12,2024-07-12,bug,closed,44,74,0
8088,1474,2024-12-22,2024-12-22,usage_question,closed,19,205,0
8089,1954,2024-02-11,2024-02-13,feature_request,closed,23,15,2880
8090,1711,2024-06-01,2024-06-02,usage_question,closed,7,232,1440
8091,270,2024-07-08,2024-07-13,bug,closed,27,96,7200
8092,323,2024-09-20,2024-09-20,billing,closed,2,130,0
8093,1990,2024-03-22,2024-03-22,billing,closed,11,137,0
8094,327,2024-05-20,2024-05-27,feature_request,closed,49,45,10080
8095,1235,2024-10-13,2024-10-13,other,closed,23,91,0
8096,1737,2024-10-17,2024-10-17,bug,closed,40,164,0
8097,1957,2024-09-16,2024-09-16,usage_question,closed,46,195,0
8098,786,2024-07-24,2024-07-26,billing,closed,38,239,2880
8099,1590,2024-11-09,2024-11-09,feature_request,closed,6,136,0
8100,696,2024-10-07,2024-10-07,bug,closed,11,206,0
8101,122,2024-06-08,2024-06-10,usage_question,closed,34,235,2880
8102,1170,2024-08-27,2024-08-27,usage_question,closed,35,66,0
8103,357,2024-11-08,2024-11-08,usage_question,closed,9,232,0
8104,1006,2024-05-14,2024-05-14,bug,closed,2,78,0
8105,1687,2024-06-03,2024-06-08,feature_request,closed,2,77,7200
8106,578,2024-04-10,2024-04-13,usage_question,closed,16,51,4320
8107,1674,2024-01-22,2024-01-22,usage_question,closed,20,240,0
8108,429,2024-12-03,2024-12-03,bug,closed,11,156,0
8109,584,2024-11-29,2024-11-29,usage_question,closed,12,173,0
8110,1155,2024-06-09,2024-06-10,other,closed,7,131,1440
8111,1176,2024-12-02,2024-12-02,usage_question,closed,29,168,0
8112,830,2023-12-06,2023-12-12,usage_question,closed,5,29,8640
8113,1954,2024-08-25,2024-08-30,usage_question,closed,2,84,7200
8114,60,2024-03-22,2024-03-28,bug,closed,31,85,8640
8115,391,2024-04-20,2024-04-20,bug,closed,15,65,0
8116,1198,2024-05-08,2024-05-15,usage_question,closed,10,164,10080
8117,1882,2024-07-24,2024-07-24,bug,closed,47,219,0
8118,376,2024-11-19,2024-11-19,usage_question,closed,27,127,0
8119,1339,2024-07-30,2024-07-30,bug,closed,32,147,0
8120,1664,2024-06-24,2024-06-24,billing,closed,7,39,0
8121,383,2024-05-18,2024-05-18,usage_question,closed,12,16,0
8122,1381,2024-02-03,2024-02-03,feature_request,closed,9,24,0
8123,693,2024-01-18,2024-01-21,usage_question,closed,15,61,4320
8124,1685,2024-03-30,2024-03-31,usage_question,closed,2,21,1440
8125,94,2023-03-09,2023-03-09,billing,closed,13,77,0
8126,1872,2024-04-13,2024-04-17,bug,closed,5,124,5760
8127,1684,2024-09-18,2024-09-18,usage_question,closed,35,213,0
8128,1273,2023-10-23,2023-10-24,usage_question,closed,40,182,1440
8129,957,2024-10-29,2024-11-04,feature_request,closed,40,131,8640
8130,69,2024-09-29,2024-10-05,feature_request,closed,15,70,8640
8131,601,2024-08-06,2024-08-06,feature_request,closed,43,17,0
8132,1130,2024-11-16,2024-11-16,bug,closed,10,66,0
8133,1833,2024-06-23,2024-06-23,bug,closed,32,189,0
8134,958,2024-03-19,2024-03-19,feature_request,closed,46,167,0
8135,1827,2023-09-03,2023-09-06,bug,closed,44,204,4320
8136,1091,2024-04-24,2024-04-24,feature_request,closed,3,156,0
8137,1686,2024-08-12,2024-08-19,other,closed,42,117,10080
8138,1143,2024-01-27,2024-02-01,other,closed,9,110,7200
8139,1688,2023-11-11,2023-11-11,bug,closed,46,103,0
8140,1078,2024-10-17,2024-10-17,other,closed,47,153,0
8141,1322,2024-11-25,2024-11-27,billing,closed,22,48,2880
8142,187,2023-11-20,2023-11-23,billing,closed,10,73,4320
8143,1562,2024-03-03,2024-03-09,other,closed,33,48,8640
8144,615,2024-01-12,2024-01-12,bug,closed,19,175,0
8145,1122,2024-08-13,2024-08-13,bug,closed,38,116,0
8146,1860,2024-07-06,2024-07-06,bug,closed,48,210,0
8147,1381,2024-05-17,2024-05-22,usage_question,closed,30,46,7200
8148,746,2024-06-02,2024-06-02,usage_question,closed,27,19,0
8149,1465,2024-05-18,2024-05-25,bug,closed,37,93,10080
8150,1495,2024-12-17,2024-12-17,usage_question,closed,36,99,0
8151,557,2024-08-04,2024-08-04,usage_question,closed,26,228,0
8152,506,2024-04-08,2024-04-09,feature_request,closed,49,53,1440
8153,159,2024-05-04,2024-05-09,usage_question,closed,39,212,7200
8154,273,2023-12-20,2023-12-20,usage_question,closed,38,96,0
8155,1983,2023-11-16,2023-11-16,usage_question,closed,42,231,0
8156,1593,2024-09-19,2024-09-19,usage_question,closed,11,155,0
8157,1387,2024-03-06,2024-03-11,usage_question,closed,39,73,7200
8158,773,2024-03-28,2024-03-28,billing,closed,22,78,0
8159,442,2024-08-15,2024-08-15,usage_question,closed,26,100,0
8160,1834,2024-04-21,2024-04-21,feature_request,closed,30,138,0
8161,386,2024-08-04,2024-08-04,bug,closed,46,111,0
8162,1316,2024-02-03,2024-02-05,usage_question,closed,7,130,2880
8163,1576,2024-10-05,2024-10-08,usage_question,closed,35,142,4320
8164,1472,2024-12-01,2024-12-01,usage_question,closed,22,158,0
8165,1418,2024-04-25,2024-04-25,other,closed,15,160,0
8166,54,2024-08-25,2024-08-27,usage_question,closed,45,236,2880
8167,255,2024-10-01,2024-10-01,usage_question,closed,7,107,0
8168,1097,2024-06-23,2024-06-23,other,closed,1,58,0
8169,1076,2024-03-29,2024-03-31,other,closed,16,73,2880
8170,357,2024-05-12,2024-05-12,feature_request,closed,17,153,0
8171,557,2024-08-10,2024-08-10,bug,closed,27,211,0
8172,1860,2024-01-26,2024-01-30,feature_request,closed,34,40,5760
8173,958,2023-12-06,2023-12-08,other,closed,26,19,2880
8174,160,2024-11-20,2024-11-20,bug,closed,48,240,0
8175,807,2024-02-13,2024-02-14,billing,closed,17,95,1440
8176,1027,2024-09-04,2024-09-05,usage_question,closed,22,37,1440
8177,1466,2024-11-21,2024-11-26,usage_question,closed,6,240,7200
8178,1164,2024-05-28,2024-05-28,usage_question,closed,39,198,0
8179,1558,2024-05-01,2024-05-08,usage_question,closed,35,116,10080
8180,1087,2023-09-23,2023-09-23,usage_question,closed,47,64,0
8181,1835,2024-07-04,2024-07-10,bug,closed,38,164,8640
8182,828,2024-09-28,2024-09-28,other,closed,19,171,0
8183,1430,2024-11-19,2024-11-20,bug,closed,46,74,1440
8184,551,2024-02-14,2024-02-21,other,closed,39,124,10080
8185,159,2024-11-12,2024-11-16,usage_question,closed,38,49,5760
8186,915,2024-06-16,2024-06-23,usage_question,closed,40,83,10080
8187,110,2024-12-04,2024-12-08,bug,closed,42,33,5760
8188,1429,2024-07-04,2024-07-04,bug,closed,2,73,0
8189,1571,2024-10-10,2024-10-14,bug,closed,31,92,5760
8190,1441,2024-06-19,2024-06-19,bug,closed,38,78,0
8191,1554,2024-11-02,2024-11-02,other,closed,4,149,0
8192,1975,2024-12-15,2024-12-15,usage_question,closed,49,50,0
8193,311,2024-06-06,2024-06-06,usage_question,closed,33,91,0
8194,1246,2024-11-23,2024-11-26,feature_request,closed,4,63,4320
8195,1063,2023-12-29,2024-01-04,billing,closed,4,205,8640
8196,939,2024-10-27,2024-11-02,usage_question,closed,19,178,8640
8197,1691,2024-06-28,2024-07-01,billing,closed,39,68,4320
8198,368,2023-06-29,2023-06-29,bug,closed,27,146,0
8199,806,2024-04-03,2024-04-03,usage_question,closed,27,211,0
8200,255,2024-07-20,2024-07-21,feature_request,closed,19,137,1440
8201,1001,2023-02-12,2023-02-16,bug,closed,32,239,5760
8202,296,2023-11-22,2023-11-25,bug,closed,14,86,4320
8203,525,2024-04-04,2024-04-11,bug,closed,37,145,10080
8204,1908,2024-06-22,2024-06-28,billing,closed,36,238,8640
8205,1140,2023-07-27,2023-07-27,bug,closed,16,224,0
8206,1424,2024-12-17,2024-12-24,other,closed,30,25,10080
8207,1973,2024-02-12,2024-02-15,billing,closed,33,45,4320
8208,289,2024-09-13,2024-09-13,usage_question,closed,42,237,0
8209,447,2024-09-27,2024-09-27,bug,closed,7,189,0
8210,81,2024-11-13,2024-11-13,bug,closed,19,28,0
8211,1714,2024-10-13,2024-10-13,usage_question,closed,21,174,0
8212,1927,2024-10-02,2024-10-02,usage_question,closed,3,40,0
8213,938,2024-06-21,2024-06-21,usage_question,closed,5,170,0
8214,552,2024-05-28,2024-06-04,usage_question,closed,7,85,10080
8215,1419,2024-12-01,2024-12-03,feature_request,closed,33,232,2880
8216,117,2024-04-18,2024-04-25,usage_question,closed,33,215,10080
8217,748,2024-11-07,2024-11-07,usage_question,closed,2,75,0
8218,982,2024-12-28,2025-01-03,usage_question,open,38,93,8640
8219,708,2023-07-04,2023-07-04,bug,closed,29,214,0
8220,827,2024-03-15,2024-03-20,feature_request,closed,22,198,7200
8221,1517,2024-03-01,2024-03-06,bug,closed,15,155,7200
8222,1578,2024-05-02,2024-05-02,bug,closed,46,85,0
8223,1689,2024-05-15,2024-05-20,usage_question,closed,6,223,7200
8224,588,2024-02-08,2024-02-10,other,closed,16,222,2880
8225,1668,2024-08-26,2024-09-01,usage_question,closed,35,210,8640
8226,1512,2023-12-15,2023-12-15,bug,closed,44,149,0
8227,591,2024-08-06,2024-08-06,other,closed,37,25,0
8228,486,2024-03-17,2024-03-17,feature_request,closed,44,43,0
8229,1908,2024-04-04,2024-04-10,feature_request,closed,30,24,8640
8230,699,2024-07-05,2024-07-11,usage_question,closed,2,175,8640
8231,1977,2024-11-07,2024-11-07,usage_question,closed,37,114,0
8232,1775,2024-03-05,2024-03-07,bug,closed,20,102,2880
8233,273,2024-06-08,2024-06-14,feature_request,closed,47,127,8640
8234,925,2024-11-16,2024-11-22,bug,closed,29,210,8640
8235,1218,2024-06-12,2024-06-12,other,closed,34,63,0
8236,196,2024-04-02,2024-04-02,billing,closed,31,106,0
8237,523,2023-11-10,2023-11-14,usage_question,closed,39,57,5760
8238,1702,2024-12-20,2024-12-27,bug,closed,17,58,10080
8239,1644,2024-08-16,2024-08-23,usage_question,closed,44,25,10080
8240,1043,2024-01-08,2024-01-08,other,closed,24,123,0
8241,144,2023-12-15,2023-12-16,usage_question,closed,23,57,1440
8242,348,2023-10-26,2023-10-26,other,closed,43,36,0
8243,1351,2023-11-15,2023-11-15,usage_question,closed,10,59,0
8244,1811,2024-03-21,2024-03-27,billing,closed,13,42,8640
8245,1089,2023-12-30,2023-12-30,bug,closed,20,213,0
8246,1530,2024-02-16,2024-02-20,other,closed,21,231,5760
8247,1980,2024-05-21,2024-05-21,feature_request,closed,1,205,0
8248,115,2024-01-27,2024-01-30,usage_question,closed,44,59,4320
8249,152,2023-08-26,2023-08-26,usage_question,closed,24,29,0
8250,1433,2024-11-02,2024-11-02,bug,closed,24,191,0
8251,152,2024-09-19,2024-09-21,bug,closed,19,146,2880
8252,1628,2023-07-19,2023-07-24,usage_question,closed,5,28,7200
8253,1474,2024-03-18,2024-03-18,usage_question,closed,11,51,0
8254,1455,2024-02-09,2024-02-15,feature_request,closed,3,84,8640
8255,716,2023-12-31,2024-01-07,usage_question,closed,14,225,10080
8256,1456,2024-07-05,2024-07-05,usage_question,closed,33,203,0
8257,643,2024-03-28,2024-04-03,bug,closed,16,169,8640
8258,1085,2023-10-31,2023-10-31,bug,closed,36,46,0
8259,164,2024-11-02,2024-11-02,feature_request,closed,44,212,0
8260,501,2024-10-17,2024-10-23,feature_request,closed,16,211,8640
8261,740,2024-05-23,2024-05-23,bug,closed,14,231,0
8262,419,2024-03-26,2024-04-02,bug,closed,3,234,10080
8263,55,2024-03-02,2024-03-02,feature_request,closed,22,237,0
8264,791,2024-01-19,2024-01-19,billing,closed,3,130,0
8265,1548,2024-03-04,2024-03-04,billing,closed,27,60,0
8266,1875,2023-12-11,2023-12-11,bug,closed,48,22,0
8267,497,2024-06-28,2024-06-28,bug,closed,47,183,0
8268,1498,2024-10-25,2024-10-31,bug,closed,27,223,8640
8269,1555,2024-09-30,2024-09-30,usage_question,closed,26,238,0
8270,1960,2024-07-14,2024-07-14,bug,closed,35,146,0
8271,712,2024-05-22,2024-05-22,feature_request,closed,27,161,0
8272,825,2023-11-26,2023-11-26,bug,closed,33,97,0
8273,641,2024-03-12,2024-03-19,usage_question,closed,40,18,10080
8274,1336,2024-12-03,2024-12-03,other,closed,24,189,0
8275,1424,2024-12-24,2024-12-28,usage_question,closed,23,51,5760
8276,452,2024-07-10,2024-07-10,other,closed,39,147,0
8277,388,2024-11-30,2024-12-04,bug,closed,7,197,5760
8278,1883,2023-12-11,2023-12-17,bug,closed,44,28,8640
8279,971,2024-08-24,2024-08-27,usage_question,closed,29,27,4320
8280,677,2024-05-30,2024-05-30,usage_question,closed,11,152,0
8281,1348,2023-06-16,2023-06-21,usage_question,closed,37,228,7200
8282,982,2024-06-02,2024-06-02,billing,closed,42,36,0
8283,715,2024-05-12,2024-05-12,usage_question,closed,5,186,0
8284,1872,2024-10-23,2024-10-27,usage_question,closed,13,116,5760
8285,311,2024-02-22,2024-02-26,bug,closed,21,138,5760
8286,474,2024-10-01,2024-10-05,usage_question,closed,29,119,5760
8287,634,2024-11-22,2024-11-22,bug,closed,48,183,0
8288,950,2023-07-19,2023-07-20,bug,closed,46,88,1440
8289,482,2024-11-19,2024-11-22,billing,closed,20,117,4320
8290,1876,2024-09-27,2024-09-27,usage_question,closed,33,35,0
8291,1752,2024-02-06,2024-02-06,billing,closed,16,133,0
8292,592,2023-12-06,2023-12-10,bug,closed,13,234,5760
8293,1093,2024-11-19,2024-11-19,usage_question,closed,4,152,0
8294,217,2024-12-10,2024-12-11,usage_question,closed,27,163,1440
8295,411,2024-10-10,2024-10-10,usage_question,closed,12,148,0
8296,1057,2024-05-09,2024-05-16,bug,closed,44,227,10080
8297,1131,2023-11-08,2023-11-08,bug,closed,12,227,0
8298,1374,2024-02-29,2024-03-07,usage_question,closed,43,137,10080
8299,1808,2024-09-04,2024-09-06,billing,closed,30,170,2880
8300,131,2024-04-03,2024-04-03,other,closed,19,79,0
8301,781,2024-10-05,2024-10-12,billing,closed,13,146,10080
8302,1864,2024-08-16,2024-08-23,usage_question,closed,39,240,10080
8303,1328,2023-11-19,2023-11-24,usage_question,closed,48,85,7200
8304,1564,2024-10-18,2024-10-18,feature_request,closed,2,20,0
8305,908,2024-09-07,2024-09-12,other,closed,34,205,7200
8306,1808,2024-08-18,2024-08-18,usage_question,closed,5,164,0
8307,576,2024-05-17,2024-05-17,bug,closed,9,19,0
8308,1157,2024-07-21,2024-07-21,other,closed,2,128,0
8309,1447,2024-11-19,2024-11-19,usage_question,closed,46,75,0
8310,848,2024-06-27,2024-07-04,bug,closed,25,20,10080
8311,43,2024-04-06,2024-04-06,bug,closed,36,71,0
8312,1663,2023-09-24,2023-09-24,usage_question,closed,9,54,0
8313,1164,2024-01-30,2024-01-31,feature_request,closed,35,79,1440
8314,1029,2024-04-13,2024-04-20,usage_question,closed,35,33,10080
8315,187,2024-06-07,2024-06-07,billing,closed,14,53,0
8316,1973,2024-01-21,2024-01-27,feature_request,closed,17,229,8640
8317,273,2024-09-10,2024-09-10,bug,closed,44,119,0
8318,1549,2024-05-22,2024-05-22,bug,closed,49,61,0
8319,734,2024-07-17,2024-07-17,bug,closed,34,202,0
8320,1811,2024-03-03,2024-03-03,billing,closed,32,56,0
8321,1136,2024-05-12,2024-05-12,usage_question,closed,2,37,0
8322,1616,2024-10-26,2024-10-26,usage_question,closed,43,161,0
8323,485,2024-10-29,2024-11-04,usage_question,closed,34,168,8640
8324,1448,2024-08-09,2024-08-10,feature_request,closed,21,64,1440
8325,451,2024-09-25,2024-09-25,other,closed,46,36,0
8326,1753,2024-10-01,2024-10-06,feature_request,closed,45,132,7200
8327,1842,2024-11-26,2024-11-29,usage_question,closed,14,227,4320
8328,1098,2024-10-10,2024-10-10,bug,closed,44,32,0
8329,1177,2024-08-18,2024-08-22,bug,closed,30,88,5760
8330,1993,2024-01-29,2024-01-31,usage_question,closed,6,61,2880
8331,1917,2023-12-08,2023-12-09,billing,closed,50,113,1440
8332,1214,2024-05-28,2024-05-30,feature_request,closed,1,114,2880
8333,312,2024-09-18,2024-09-18,bug,closed,35,16,0
8334,1881,2024-10-22,2024-10-22,usage_question,closed,29,79,0
8335,731,2024-08-15,2024-08-15,usage_question,closed,26,225,0
8336,907,2024-12-22,2024-12-25,usage_question,closed,36,97,4320
8337,1413,2024-08-04,2024-08-04,bug,closed,12,202,0
8338,1020,2024-03-06,2024-03-11,bug,closed,32,22,7200
8339,479,2024-04-12,2024-04-12,usage_question,closed,21,187,0
8340,1684,2024-07-11,2024-07-15,usage_question,closed,15,46,5760
8341,471,2024-07-10,2024-07-10,bug,closed,39,135,0
8342,317,2024-04-11,2024-04-14,bug,closed,5,228,4320
8343,253,2024-09-19,2024-09-20,bug,closed,47,140,1440
8344,786,2024-10-20,2024-10-21,usage_question,closed,2,137,1440
8345,1080,2024-07-07,2024-07-07,usage_question,closed,17,211,0
8346,1097,2024-07-22,2024-07-26,usage_question,closed,48,41,5760
8347,350,2023-06-22,2023-06-25,usage_question,closed,32,208,4320
8348,1281,2024-03-30,2024-03-30,usage_question,closed,31,81,0
8349,519,2024-02-15,2024-02-15,bug,closed,39,134,0
8350,1837,2024-10-17,2024-10-17,other,closed,32,88,0
8351,1569,2023-03-27,2023-03-27,bug,closed,38,117,0
8352,669,2024-06-05,2024-06-05,other,closed,43,156,0
8353,1658,2024-06-12,2024-06-18,feature_request,closed,32,179,8640
8354,1844,2024-04-24,2024-04-24,usage_question,closed,50,183,0
8355,1148,2024-08-22,2024-08-26,bug,closed,46,216,5760
8356,960,2023-12-13,2023-12-13,feature_request,closed,11,94,0
8357,100,2024-03-22,2024-03-22,feature_request,closed,13,63,0
8358,147,2024-03-25,2024-03-25,usage_question,closed,19,149,0
8359,391,2024-08-08,2024-08-12,feature_request,closed,6,222,5760
8360,1213,2024-01-19,2024-01-21,usage_question,closed,22,151,2880
8361,996,2024-05-26,2024-05-30,billing,closed,29,90,5760
8362,647,2024-04-19,2024-04-26,feature_request,closed,25,161,10080
8363,1363,2024-03-14,2024-03-19,billing,closed,30,215,7200
8364,1309,2024-11-30,2024-12-04,usage_question,closed,33,147,5760
8365,1008,2024-10-20,2024-10-20,bug,closed,1,132,0
8366,773,2024-05-14,2024-05-14,usage_question,closed,12,164,0
8367,572,2024-10-26,2024-10-26,feature_request,closed,19,82,0
8368,102,2024-03-06,2024-03-06,usage_question,closed,26,172,0
8369,516,2024-11-19,2024-11-19,usage_question,closed,18,79,0
8370,1848,2024-08-19,2024-08-19,other,closed,9,58,0
8371,19,2024-10-29,2024-10-30,bug,closed,22,171,1440
8372,289,2024-05-10,2024-05-11,other,closed,1,168,1440
8373,731,2024-09-04,2024-09-10,feature_request,closed,42,77,8640
8374,1178,2024-04-04,2024-04-04,billing,closed,26,95,0
8375,866,2023-11-13,2023-11-15,bug,closed,23,216,2880
8376,1634,2024-08-04,2024-08-04,usage_question,closed,40,72,0
8377,1099,2023-12-24,2023-12-30,usage_question,closed,24,20,8640
8378,1161,2023-10-19,2023-10-24,billing,closed,42,84,7200
8379,725,2024-03-02,2024-03-02,usage_question,closed,39,149,0
8380,540,2024-12-24,2024-12-24,bug,closed,21,161,0
8381,1264,2024-01-22,2024-01-22,billing,closed,16,43,0
8382,1577,2024-06-02,2024-06-02,usage_question,closed,49,90,0
8383,906,2024-11-06,2024-11-07,bug,closed,2,20,1440
8384,333,2024-06-05,2024-06-12,feature_request,closed,50,110,10080
8385,1803,2024-10-10,2024-10-10,feature_request,closed,27,116,0
8386,1867,2024-05-07,2024-05-07,usage_question,closed,30,94,0
8387,635,2024-12-02,2024-12-06,usage_question,closed,2,57,5760
8388,856,2024-12-09,2024-12-09,other,closed,20,185,0
8389,228,2024-08-14,2024-08-16,bug,closed,1,190,2880
8390,132,2024-02-22,2024-02-23,bug,closed,47,50,1440
8391,450,2024-12-13,2024-12-13,bug,closed,20,139,0
8392,396,2024-10-06,2024-10-06,bug,closed,4,37,0
8393,1548,2024-08-12,2024-08-12,bug,closed,38,112,0
8394,764,2023-12-05,2023-12-05,usage_question,closed,10,52,0
8395,1622,2023-12-21,2023-12-21,feature_request,closed,14,104,0
8396,1192,2024-10-10,2024-10-13,feature_request,closed,4,29,4320
8397,1986,2024-07-01,2024-07-01,bug,closed,19,240,0
8398,770,2024-08-15,2024-08-20,billing,closed,40,187,7200
8399,1070,2024-12-24,2024-12-31,feature_request,closed,32,126,10080
8400,408,2024-05-14,2024-05-14,bug,closed,33,40,0
8401,891,2024-11-19,2024-11-19,usage_question,closed,5,188,0
8402,1285,2024-04-14,2024-04-17,bug,closed,50,77,4320
8403,1112,2024-07-26,2024-07-26,other,closed,39,154,0
8404,895,2024-06-16,2024-06-22,usage_question,closed,27,190,8640
8405,1902,2024-04-06,2024-04-06,billing,closed,29,156,0
8406,693,2024-09-09,2024-09-12,feature_request,closed,19,39,4320
8407,1590,2023-10-09,2023-10-11,other,closed,25,181,2880
8408,206,2023-06-24,2023-06-24,feature_request,closed,29,229,0
8409,1490,2024-07-23,2024-07-23,usage_question,closed,23,214,0
8410,751,2024-10-11,2024-10-11,usage_question,closed,14,134,0
8411,1814,2023-09-06,2023-09-06,usage_question,closed,4,134,0
8412,533,2024-12-21,2024-12-21,bug,closed,45,136,0
8413,1985,2024-06-20,2024-06-20,bug,closed,31,71,0
8414,937,2024-09-20,2024-09-20,bug,closed,22,52,0
8415,1568,2024-05-19,2024-05-26,other,closed,24,95,10080
8416,161,2023-10-09,2023-10-13,other,closed,22,93,5760
8417,1064,2024-09-03,2024-09-03,usage_question,closed,45,81,0
8418,1643,2024-05-09,2024-05-09,other,closed,34,91,0
8419,207,2024-07-07,2024-07-07,feature_request,closed,21,183,0
8420,1297,2024-12-02,2024-12-02,usage_question,closed,19,44,0
8421,823,2024-02-21,2024-02-21,other,closed,39,21,0
8422,1797,2024-09-07,2024-09-07,usage_question,closed,16,49,0
8423,435,2024-06-20,2024-06-25,bug,closed,3,31,7200
8424,1185,2024-05-28,2024-05-28,billing,closed,40,42,0
8425,1762,2024-01-26,2024-01-26,other,closed,14,124,0
8426,1981,2024-11-23,2024-11-30,usage_question,closed,33,108,10080
8427,1841,2024-08-21,2024-08-21,bug,closed,48,120,0
8428,491,2024-08-14,2024-08-14,usage_question,closed,49,224,0
8429,269,2024-06-04,2024-06-09,bug,closed,6,55,7200
8430,1069,2024-10-08,2024-10-14,bug,closed,8,44,8640
8431,1219,2024-11-30,2024-11-30,usage_question,closed,1,139,0
8432,440,2024-03-12,2024-03-12,usage_question,closed,23,134,0
8433,1643,2023-12-24,2023-12-24,bug,closed,16,209,0
8434,181,2024-09-11,2024-09-11,usage_question,closed,50,21,0
8435,1717,2024-03-11,2024-03-11,usage_question,closed,1,39,0
8436,1473,2024-09-21,2024-09-27,billing,closed,35,240,8640
8437,559,2024-09-27,2024-09-27,feature_request,closed,19,235,0
8438,424,2024-06-23,2024-06-25,feature_request,closed,4,159,2880
8439,1410,2024-04-10,2024-04-10,usage_question,closed,11,218,0
8440,1804,2024-08-07,2024-08-14,usage_question,closed,7,143,10080
8441,600,2024-10-19,2024-10-22,usage_question,closed,8,203,4320
8442,578,2024-12-25,2024-12-25,billing,closed,7,162,0
8443,332,2024-06-12,2024-06-12,usage_question,closed,30,89,0
8444,1494,2023-06-16,2023-06-16,usage_question,closed,6,156,0
8445,1108,2024-11-07,2024-11-08,bug,closed,48,90,1440
8446,1129,2024-12-29,2025-01-05,usage_question,open,34,216,10080
8447,1416,2024-10-25,2024-10-25,bug,closed,18,80,0
8448,767,2024-10-28,2024-11-01,billing,closed,20,102,5760
8449,1588,2024-01-31,2024-01-31,usage_question,closed,16,18,0
8450,964,2024-02-01,2024-02-05,feature_request,closed,39,94,5760
8451,950,2024-09-20,2024-09-22,bug,closed,23,183,2880
8452,211,2024-04-29,2024-04-30,usage_question,closed,5,40,1440
8453,668,2024-11-08,2024-11-08,usage_question,closed,27,116,0
8454,1574,2023-07-07,2023-07-11,usage_question,closed,7,230,5760
8455,98,2023-12-11,2023-12-11,feature_request,closed,40,152,0
8456,667,2024-01-22,2024-01-22,usage_question,closed,35,96,0
8457,462,2024-03-03,2024-03-05,usage_question,closed,50,158,2880
8458,627,2024-07-09,2024-07-09,feature_request,closed,27,219,0
8459,1410,2024-09-06,2024-09-06,bug,closed,49,77,0
8460,1201,2024-05-18,2024-05-20,feature_request,closed,15,46,2880
8461,900,2024-06-30,2024-07-02,feature_request,closed,5,114,2880
8462,1650,2024-08-24,2024-08-24,billing,closed,11,76,0
8463,426,2024-06-14,2024-06-14,bug,closed,3,36,0
8464,346,2024-11-18,2024-11-19,usage_question,closed,15,184,1440
8465,457,2024-12-14,2024-12-21,usage_question,closed,13,47,10080
8466,1867,2024-03-12,2024-03-12,usage_question,closed,25,27,0
8467,1795,2024-05-18,2024-05-19,usage_question,closed,48,239,1440
8468,1337,2024-02-13,2024-02-13,other,closed,23,173,0
8469,1817,2024-11-27,2024-12-02,feature_request,closed,42,73,7200
8470,1609,2023-12-12,2023-12-12,billing,closed,14,164,0
8471,193,2023-12-15,2023-12-15,usage_question,closed,20,234,0
8472,1420,2024-03-12,2024-03-12,usage_question,closed,32,72,0
8473,178,2024-09-12,2024-09-13,bug,closed,38,28,1440
8474,304,2024-03-05,2024-03-05,usage_question,closed,24,65,0
8475,752,2024-08-31,2024-08-31,usage_question,closed,19,96,0
8476,302,2024-12-03,2024-12-03,bug,closed,4,102,0
8477,1023,2024-03-07,2024-03-08,feature_request,closed,22,89,1440
8478,596,2023-04-30,2023-04-30,usage_question,closed,14,53,0
8479,437,2024-08-30,2024-09-04,other,closed,3,77,7200
8480,505,2024-02-01,2024-02-08,usage_question,closed,6,218,10080
8481,1823,2023-12-21,2023-12-25,feature_request,closed,11,31,5760
8482,545,2024-06-20,2024-06-20,usage_question,closed,21,240,0
8483,1749,2024-11-14,2024-11-16,bug,closed,42,20,2880
8484,1805,2023-10-18,2023-10-23,usage_question,closed,43,179,7200
8485,22,2024-03-23,2024-03-23,usage_question,closed,9,148,0
8486,1788,2023-09-21,2023-09-21,bug,closed,20,62,0
8487,1605,2024-06-30,2024-06-30,usage_question,closed,33,137,0
8488,87,2024-06-29,2024-07-03,other,closed,32,26,5760
8489,1551,2024-06-20,2024-06-26,usage_question,closed,46,54,8640
8490,1341,2024-05-18,2024-05-18,other,closed,12,15,0
8491,1065,2024-01-24,2024-01-30,other,closed,4,43,8640
8492,1481,2024-06-30,2024-07-05,other,closed,2,27,7200
8493,671,2024-11-07,2024-11-07,usage_question,closed,13,91,0
8494,1797,2024-01-08,2024-01-08,usage_question,closed,34,139,0
8495,527,2024-12-05,2024-12-07,bug,closed,15,102,2880
8496,1097,2024-02-17,2024-02-17,usage_question,closed,11,53,0
8497,638,2023-06-18,2023-06-23,usage_question,closed,26,189,7200
8498,289,2024-10-19,2024-10-19,other,closed,31,63,0
8499,1766,2024-08-27,2024-08-28,bug,closed,26,113,1440
8500,1372,2024-05-24,2024-05-30,bug,closed,42,201,8640
8501,1922,2024-09-17,2024-09-21,other,closed,22,15,5760
8502,1944,2023-10-07,2023-10-07,usage_question,closed,37,189,0
8503,770,2023-09-08,2023-09-12,usage_question,closed,37,178,5760
8504,1749,2024-06-23,2024-06-24,usage_question,closed,19,83,1440
8505,1551,2024-05-16,2024-05-16,other,closed,40,21,0
8506,506,2024-04-07,2024-04-11,usage_question,closed,20,44,5760
8507,779,2024-07-28,2024-07-28,feature_request,closed,21,72,0
8508,1462,2024-06-04,2024-06-08,bug,closed,2,75,5760
8509,1341,2023-11-13,2023-11-14,other,closed,30,63,1440
8510,628,2024-03-12,2024-03-16,usage_question,closed,19,23,5760
8511,1396,2024-07-16,2024-07-16,usage_question,closed,11,145,0
8512,644,2024-12-19,2024-12-19,other,closed,32,85,0
8513,370,2024-03-29,2024-03-31,bug,closed,10,149,2880
8514,889,2024-06-06,2024-06-08,bug,closed,29,184,2880
8515,1005,2024-11-22,2024-11-29,usage_question,closed,15,126,10080
8516,1153,2024-12-29,2024-12-29,feature_request,closed,8,77,0
8517,1377,2024-09-21,2024-09-21,billing,closed,17,74,0
8518,626,2024-05-22,2024-05-23,feature_request,closed,14,215,1440
8519,1849,2024-07-27,2024-07-27,feature_request,closed,31,199,0
8520,102,2024-02-15,2024-02-15,feature_request,closed,42,153,0
8521,616,2024-02-02,2024-02-09,other,closed,16,59,10080
8522,294,2023-06-12,2023-06-13,billing,closed,5,60,1440
8523,1334,2024-08-20,2024-08-26,usage_question,closed,37,209,8640
8524,1390,2024-06-25,2024-07-01,bug,closed,20,44,8640
8525,386,2024-12-04,2024-12-07,billing,closed,11,92,4320
8526,1527,2024-01-14,2024-01-20,bug,closed,14,109,8640
8527,1685,2023-04-08,2023-04-08,billing,closed,1,158,0
8528,1177,2024-01-29,2024-01-30,bug,closed,2,63,1440
8529,789,2024-04-06,2024-04-06,usage_question,closed,45,211,0
8530,1469,2024-01-16,2024-01-22,bug,closed,29,83,8640
8531,234,2023-11-26,2023-12-02,bug,closed,13,86,8640
8532,630,2024-04-16,2024-04-22,usage_question,closed,48,51,8640
8533,1284,2024-04-23,2024-04-23,usage_question,closed,15,194,0
8534,954,2023-12-04,2023-12-04,usage_question,closed,7,128,0
8535,1764,2024-06-30,2024-07-07,bug,closed,16,237,10080
8536,1846,2024-11-15,2024-11-19,billing,closed,39,153,5760
8537,754,2024-10-13,2024-10-13,bug,closed,32,203,0
8538,1929,2023-08-07,2023-08-07,usage_question,closed,21,104,0
8539,377,2024-07-31,2024-08-03,bug,closed,9,35,4320
8540,379,2024-12-02,2024-12-02,bug,closed,6,136,0
8541,1882,2024-11-02,2024-11-04,usage_question,closed,43,61,2880
8542,1149,2024-03-14,2024-03-14,bug,closed,33,26,0
8543,1739,2024-04-01,2024-04-01,bug,closed,35,67,0
8544,1821,2024-04-02,2024-04-07,bug,closed,2,160,7200
8545,699,2024-09-21,2024-09-21,feature_request,closed,39,38,0
8546,1003,2024-06-06,2024-06-06,bug,closed,23,92,0
8547,258,2024-10-11,2024-10-11,usage_question,closed,3,234,0
8548,139,2023-08-31,2023-09-06,usage_question,closed,17,71,8640
8549,1875,2024-06-04,2024-06-04,usage_question,closed,3,168,0
8550,509,2024-07-19,2024-07-23,usage_question,closed,42,62,5760
8551,341,2024-09-09,2024-09-09,usage_question,closed,40,183,0
8552,90,2024-10-19,2024-10-23,bug,closed,4,184,5760
8553,1611,2024-09-13,2024-09-20,feature_request,closed,20,197,10080
8554,515,2024-05-28,2024-05-28,bug,closed,10,113,0
8555,1705,2024-10-02,2024-10-02,bug,closed,30,133,0
8556,579,2024-05-06,2024-05-11,bug,closed,9,177,7200
8557,372,2024-03-23,2024-03-23,feature_request,closed,5,27,0
8558,1180,2024-05-05,2024-05-09,usage_question,closed,33,150,5760
8559,26,2024-07-25,2024-08-01,usage_question,closed,29,208,10080
8560,1970,2023-12-17,2023-12-23,other,closed,23,59,8640
8561,535,2024-12-11,2024-12-11,other,closed,2,65,0
8562,346,2023-10-16,2023-10-22,usage_question,closed,19,61,8640
8563,174,2024-09-19,2024-09-19,usage_question,closed,29,147,0
8564,1958,2023-10-18,2023-10-24,bug,closed,34,43,8640
8565,634,2023-11-04,2023-11-04,feature_request,closed,23,33,0
8566,1368,2024-09-28,2024-09-28,feature_request,closed,25,223,0
8567,1130,2024-08-28,2024-08-28,billing,closed,19,58,0
8568,1461,2024-06-30,2024-07-05,usage_question,closed,42,164,7200
8569,609,2024-08-29,2024-08-29,billing,closed,24,170,0
8570,1795,2023-11-29,2023-12-04,bug,closed,36,152,7200
8571,1754,2024-05-06,2024-05-06,feature_request,closed,21,38,0
8572,638,2024-03-01,2024-03-04,bug,closed,20,153,4320
8573,542,2024-07-01,2024-07-01,usage_question,closed,24,155,0
8574,1432,2023-12-15,2023-12-15,usage_question,closed,43,198,0
8575,1712,2024-03-09,2024-03-09,usage_question,closed,17,111,0
8576,109,2024-11-05,2024-11-05,billing,closed,44,41,0
8577,1717,2024-12-08,2024-12-08,usage_question,closed,23,177,0
8578,404,2024-11-18,2024-11-18,bug,closed,47,168,0
8579,303,2023-11-04,2023-11-10,billing,closed,24,196,8640
8580,1800,2024-08-08,2024-08-15,usage_question,closed,23,79,10080
8581,817,2023-10-05,2023-10-11,bug,closed,19,24,8640
8582,140,2024-04-02,2024-04-02,feature_request,closed,11,193,0
8583,1755,2024-10-20,2024-10-27,bug,closed,25,75,10080
8584,1387,2023-12-28,2023-12-28,usage_question,closed,16,184,0
8585,1262,2024-11-30,2024-11-30,other,closed,20,111,0
8586,836,2024-06-16,2024-06-16,usage_question,closed,27,160,0
8587,827,2024-01-21,2024-01-24,usage_question,closed,44,81,4320
8588,1163,2023-11-15,2023-11-16,billing,closed,24,190,1440
8589,1366,2024-10-31,2024-10-31,usage_question,closed,8,217,0
8590,423,2024-06-22,2024-06-25,usage_question,closed,45,191,4320
8591,1257,2024-03-24,2024-03-31,usage_question,closed,44,53,10080
8592,1089,2024-08-12,2024-08-18,bug,closed,50,190,8640
8593,765,2024-11-03,2024-11-07,bug,closed,2,95,5760
8594,365,2024-06-19,2024-06-26,usage_question,closed,46,219,10080
8595,1656,2024-06-16,2024-06-16,other,closed,33,111,0
8596,608,2024-10-05,2024-10-05,other,closed,13,166,0
8597,637,2024-06-30,2024-06-30,bug,closed,14,221,0
8598,1565,2024-03-29,2024-03-29,usage_question,closed,18,221,0
8599,283,2024-02-24,2024-03-02,bug,closed,16,71,10080
8600,930,2024-02-19,2024-02-24,usage_question,closed,30,126,7200
8601,1011,2024-12-23,2024-12-30,billing,closed,46,107,10080
8602,906,2024-05-29,2024-06-02,feature_request,closed,8,95,5760
8603,761,2024-09-11,2024-09-11,bug,closed,4,144,0
8604,977,2024-12-13,2024-12-13,usage_question,closed,46,57,0
8605,871,2024-04-29,2024-05-01,bug,closed,22,229,2880
8606,1127,2024-09-18,2024-09-18,feature_request,closed,39,226,0
8607,1430,2024-10-12,2024-10-12,feature_request,closed,7,233,0
8608,581,2024-01-22,2024-01-22,usage_question,closed,47,226,0
8609,336,2024-09-26,2024-09-27,bug,closed,36,126,1440
8610,615,2024-03-06,2024-03-06,bug,closed,34,106,0
8611,277,2024-12-26,2024-12-31,bug,closed,17,154,7200
8612,1833,2024-04-04,2024-04-04,bug,closed,30,34,0
8613,388,2024-09-02,2024-09-02,billing,closed,34,55,0
8614,1525,2024-01-24,2024-01-25,usage_question,closed,21,129,1440
8615,1535,2024-12-15,2024-12-15,feature_request,closed,40,161,0
8616,132,2024-02-28,2024-03-01,bug,closed,8,240,2880
8617,621,2024-10-26,2024-10-28,usage_question,closed,32,26,2880
8618,1660,2024-09-11,2024-09-16,billing,closed,19,137,7200
8619,418,2024-09-11,2024-09-11,feature_request,closed,21,216,0
8620,315,2023-12-03,2023-12-03,bug,closed,37,223,0
8621,1198,2024-12-21,2024-12-28,feature_request,closed,29,79,10080
8622,1135,2024-12-18,2024-12-24,feature_request,closed,21,45,8640
8623,1750,2023-10-17,2023-10-17,bug,closed,20,158,0
8624,1080,2024-11-13,2024-11-19,bug,closed,37,116,8640
8625,1682,2024-11-25,2024-11-25,billing,closed,46,233,0
8626,1528,2024-05-17,2024-05-24,feature_request,closed,5,140,10080
8627,444,2024-12-14,2024-12-14,billing,closed,23,224,0
8628,267,2024-04-05,2024-04-12,bug,closed,33,109,10080
8629,1684,2024-12-24,2024-12-24,bug,closed,48,34,0
8630,443,2024-08-06,2024-08-12,usage_question,closed,42,42,8640
8631,109,2024-11-14,2024-11-21,usage_question,closed,46,63,10080
8632,1739,2024-06-01,2024-06-01,other,closed,7,52,0
8633,1686,2024-10-07,2024-10-07,usage_question,closed,1,61,0
8634,535,2024-07-08,2024-07-08,feature_request,closed,50,143,0
8635,155,2024-08-03,2024-08-10,other,closed,7,200,10080
8636,1259,2023-07-25,2023-07-31,feature_request,closed,12,97,8640
8637,1777,2024-09-21,2024-09-21,feature_request,closed,36,55,0
8638,998,2024-01-17,2024-01-17,feature_request,closed,3,120,0
8639,1198,2024-04-15,2024-04-20,bug,closed,32,193,7200
8640,366,2023-12-02,2023-12-02,usage_question,closed,5,169,0
8641,1333,2024-09-17,2024-09-19,bug,closed,35,171,2880
8642,703,2024-07-09,2024-07-09,bug,closed,5,234,0
8643,1864,2024-10-30,2024-11-04,other,closed,22,199,7200
8644,917,2024-12-16,2024-12-16,usage_question,closed,38,90,0
8645,1663,2024-04-04,2024-04-07,usage_question,closed,19,144,4320
8646,1515,2024-06-12,2024-06-12,billing,closed,9,224,0
8647,467,2023-12-09,2023-12-11,bug,closed,7,46,2880
8648,1457,2024-11-30,2024-11-30,bug,closed,37,150,0
8649,11,2024-11-19,2024-11-21,usage_question,closed,48,147,2880
8650,1255,2024-11-28,2024-11-28,feature_request,closed,36,162,0
8651,5,2024-01-31,2024-01-31,usage_question,closed,43,238,0
8652,1743,2024-12-27,2024-12-27,feature_request,closed,34,35,0
8653,194,2024-03-02,2024-03-02,bug,closed,23,15,0
8654,739,2024-02-26,2024-02-26,bug,closed,3,161,0
8655,1479,2024-07-12,2024-07-19,bug,closed,31,231,10080
8656,920,2024-03-18,2024-03-18,bug,closed,13,18,0
8657,1654,2024-04-03,2024-04-04,bug,closed,8,173,1440
8658,1621,2024-09-10,2024-09-15,billing,closed,22,189,7200
8659,757,2024-09-07,2024-09-07,bug,closed,14,108,0
8660,1444,2024-09-19,2024-09-19,usage_question,closed,14,77,0
8661,346,2024-11-29,2024-11-29,bug,closed,4,102,0
8662,812,2023-04-25,2023-04-25,usage_question,closed,27,78,0
8663,1992,2024-02-24,2024-02-27,usage_question,closed,39,234,4320
8664,360,2024-08-26,2024-09-01,usage_question,closed,49,143,8640
8665,834,2024-04-08,2024-04-08,bug,closed,25,220,0
8666,602,2024-12-18,2024-12-22,bug,closed,15,44,5760
8667,1733,2024-04-26,2024-04-26,usage_question,closed,11,67,0
8668,1902,2024-01-08,2024-01-13,usage_question,closed,22,83,7200
8669,169,2024-03-06,2024-03-06,bug,closed,9,99,0
8670,1238,2024-07-13,2024-07-18,billing,closed,46,233,7200
8671,1202,2024-01-17,2024-01-17,usage_question,closed,40,136,0
8672,159,2024-07-28,2024-07-28,bug,closed,22,220,0
8673,1366,2024-06-08,2024-06-14,bug,closed,10,164,8640
8674,586,2024-01-19,2024-01-22,feature_request,closed,38,207,4320
8675,1564,2024-04-14,2024-04-18,bug,closed,31,223,5760
8676,1175,2024-03-23,2024-03-28,billing,closed,42,21,7200
8677,1214,2024-09-29,2024-10-02,feature_request,closed,12,215,4320
8678,274,2024-02-02,2024-02-02,usage_question,closed,23,151,0
8679,1996,2024-09-18,2024-09-24,billing,closed,46,198,8640
8680,1314,2024-11-13,2024-11-13,usage_question,closed,34,173,0
8681,1151,2024-05-09,2024-05-12,usage_question,closed,4,80,4320
8682,1991,2023-12-08,2023-12-08,feature_request,closed,15,129,0
8683,879,2023-12-05,2023-12-05,usage_question,closed,35,196,0
8684,795,2024-12-24,2024-12-24,usage_question,closed,31,121,0
8685,1204,2024-08-08,2024-08-14,billing,closed,46,54,8640
8686,1256,2023-11-26,2023-11-29,other,closed,33,60,4320
8687,924,2024-04-28,2024-04-28,bug,closed,20,131,0
8688,72,2024-03-26,2024-03-26,feature_request,closed,48,215,0
8689,1468,2024-11-19,2024-11-20,other,closed,45,106,1440
8690,1677,2024-04-13,2024-04-13,feature_request,closed,34,31,0
8691,1439,2024-02-18,2024-02-18,usage_question,closed,42,203,0
8692,356,2023-09-02,2023-09-04,usage_question,closed,44,127,2880
8693,1513,2024-07-02,2024-07-03,billing,closed,10,154,1440
8694,731,2024-01-13,2024-01-13,bug,closed,47,56,0
8695,1737,2023-10-28,2023-10-28,feature_request,closed,15,32,0
8696,708,2024-01-09,2024-01-09,feature_request,closed,26,97,0
8697,1557,2024-02-29,2024-03-03,bug,closed,27,57,4320
8698,1473,2024-01-15,2024-01-15,usage_question,closed,1,160,0
8699,1708,2024-02-10,2024-02-10,billing,closed,14,35,0
8700,1251,2024-11-25,2024-11-26,feature_request,closed,27,167,1440
8701,1757,2024-06-08,2024-06-08,feature_request,closed,18,174,0
8702,211,2024-10-16,2024-10-16,feature_request,closed,36,176,0
8703,1532,2024-12-14,2024-12-18,feature_request,closed,1,134,5760
8704,400,2024-05-15,2024-05-15,bug,closed,49,17,0
8705,870,2024-02-15,2024-02-17,billing,closed,45,32,2880
8706,1330,2024-11-21,2024-11-26,usage_question,closed,33,24,7200
8707,1681,2024-06-02,2024-06-02,other,closed,9,57,0
8708,1972,2023-09-04,2023-09-10,billing,closed,2,73,8640
8709,1621,2024-08-29,2024-09-03,usage_question,closed,18,144,7200
8710,1610,2024-01-08,2024-01-11,usage_question,closed,14,157,4320
8711,1636,2024-02-02,2024-02-02,bug,closed,9,188,0
8712,1253,2024-10-18,2024-10-18,billing,closed,50,196,0
8713,262,2024-12-20,2024-12-20,bug,closed,50,93,0
8714,1852,2024-05-25,2024-05-27,billing,closed,33,166,2880
8715,463,2024-07-12,2024-07-12,bug,closed,48,232,0
8716,297,2024-11-03,2024-11-04,bug,closed,38,132,1440
8717,875,2024-07-10,2024-07-10,feature_request,closed,5,26,0
8718,523,2023-08-25,2023-08-29,bug,closed,39,172,5760
8719,625,2024-09-22,2024-09-27,bug,closed,15,130,7200
8720,595,2024-03-17,2024-03-24,bug,closed,10,139,10080
8721,228,2024-04-01,2024-04-01,usage_question,closed,45,177,0
8722,10,2024-06-08,2024-06-13,usage_question,closed,37,24,7200
8723,456,2024-08-27,2024-08-28,bug,closed,30,194,1440
8724,587,2024-09-09,2024-09-15,other,closed,34,61,8640
8725,1405,2024-09-09,2024-09-14,billing,closed,47,15,7200
8726,618,2024-04-26,2024-04-26,usage_question,closed,38,39,0
8727,978,2024-04-21,2024-04-27,usage_question,closed,44,190,8640
8728,1565,2024-02-29,2024-03-06,bug,closed,5,45,8640
8729,781,2024-05-10,2024-05-15,billing,closed,36,171,7200
8730,998,2024-10-17,2024-10-22,billing,closed,23,126,7200
8731,342,2024-08-20,2024-08-26,usage_question,closed,19,117,8640
8732,1745,2024-05-05,2024-05-05,billing,closed,36,222,0
8733,1379,2024-03-27,2024-03-27,feature_request,closed,9,212,0
8734,947,2024-05-04,2024-05-05,usage_question,closed,18,39,1440
8735,674,2024-11-23,2024-11-24,usage_question,closed,38,212,1440
8736,1580,2024-07-23,2024-07-25,feature_request,closed,20,64,2880
8737,754,2024-03-13,2024-03-17,usage_question,closed,8,170,5760
8738,97,2024-09-18,2024-09-18,bug,closed,12,123,0
8739,1860,2024-05-16,2024-05-16,feature_request,closed,30,30,0
8740,504,2024-11-16,2024-11-16,bug,closed,5,218,0
8741,135,2024-06-03,2024-06-03,bug,closed,36,92,0
8742,1256,2024-04-13,2024-04-13,usage_question,closed,21,130,0
8743,1718,2024-12-09,2024-12-09,bug,closed,1,229,0
8744,764,2024-11-04,2024-11-05,usage_question,closed,36,132,1440
8745,846,2024-10-15,2024-10-17,billing,closed,27,229,2880
8746,372,2024-07-15,2024-07-15,bug,closed,14,147,0
8747,467,2024-03-30,2024-03-30,bug,closed,10,38,0
8748,1985,2024-04-20,2024-04-20,bug,closed,8,71,0
8749,1059,2024-11-19,2024-11-22,other,closed,4,79,4320
8750,637,2024-12-21,2024-12-26,bug,closed,24,197,7200
8751,345,2024-12-20,2024-12-27,usage_question,closed,19,211,10080
8752,1973,2024-09-12,2024-09-16,other,closed,22,239,5760
8753,716,2024-08-10,2024-08-10,bug,closed,27,60,0
8754,953,2024-02-10,2024-02-10,usage_question,closed,50,191,0
8755,1004,2023-09-07,2023-09-07,bug,closed,17,91,0
8756,538,2024-06-19,2024-06-26,bug,closed,4,38,10080
8757,1220,2024-01-28,2024-02-01,usage_question,closed,2,170,5760
8758,979,2024-02-18,2024-02-19,other,closed,29,81,1440
8759,954,2024-02-12,2024-02-13,bug,closed,45,86,1440
8760,901,2023-12-03,2023-12-03,other,closed,7,50,0
8761,177,2024-09-09,2024-09-16,bug,closed,36,165,10080
8762,161,2023-10-24,2023-10-31,billing,closed,24,37,10080
8763,471,2024-04-04,2024-04-04,billing,closed,1,81,0
8764,1781,2024-10-04,2024-10-05,billing,closed,48,202,1440
8765,1568,2023-12-27,2024-01-02,bug,closed,30,159,8640
8766,198,2024-06-24,2024-06-24,usage_question,closed,45,210,0
8767,557,2024-05-04,2024-05-04,feature_request,closed,23,69,0
8768,1468,2024-05-03,2024-05-03,bug,closed,24,224,0
8769,483,2024-08-21,2024-08-22,usage_question,closed,24,20,1440
8770,1872,2024-09-13,2024-09-19,usage_question,closed,36,111,8640
8771,1063,2024-03-18,2024-03-18,bug,closed,48,84,0
8772,7,2023-12-25,2023-12-25,usage_question,closed,18,122,0
8773,635,2024-02-22,2024-02-25,feature_request,closed,23,17,4320
8774,422,2024-06-08,2024-06-08,other,closed,48,239,0
8775,317,2024-08-21,2024-08-25,bug,closed,15,134,5760
8776,1029,2024-03-29,2024-04-02,usage_question,closed,19,63,5760
8777,595,2024-10-10,2024-10-10,bug,closed,40,169,0
8778,428,2024-12-26,2024-12-26,usage_question,closed,3,176,0
8779,1263,2024-11-06,2024-11-10,feature_request,closed,2,167,5760
8780,1932,2024-08-04,2024-08-09,bug,closed,39,160,7200
8781,579,2024-09-10,2024-09-17,bug,closed,14,154,10080
8782,1288,2024-07-25,2024-07-25,usage_question,closed,14,73,0
8783,1594,2024-02-29,2024-03-06,feature_request,closed,21,138,8640
8784,1031,2024-11-03,2024-11-03,usage_question,closed,37,202,0
8785,1837,2024-08-09,2024-08-15,bug,closed,6,85,8640
8786,528,2024-05-20,2024-05-20,bug,closed,48,156,0
8787,769,2024-10-25,2024-10-31,bug,closed,19,34,8640
8788,1512,2024-11-23,2024-11-30,bug,closed,5,211,10080
8789,1552,2024-06-12,2024-06-16,usage_question,closed,5,16,5760
8790,911,2024-01-23,2024-01-23,bug,closed,36,147,0
8791,558,2024-03-09,2024-03-09,usage_question,closed,22,19,0
8792,1156,2024-07-14,2024-07-14,usage_question,closed,9,145,0
8793,429,2024-07-17,2024-07-20,bug,closed,23,109,4320
8794,537,2024-09-24,2024-10-01,bug,closed,50,40,10080
8795,1540,2024-10-30,2024-10-30,usage_question,closed,38,84,0
8796,83,2024-06-20,2024-06-20,bug,closed,14,208,0
8797,1489,2024-08-15,2024-08-16,bug,closed,15,217,1440
8798,1649,2024-05-29,2024-05-30,feature_request,closed,4,87,1440
8799,1185,2024-05-11,2024-05-11,usage_question,closed,17,167,0
8800,1285,2024-04-27,2024-05-02,usage_question,closed,14,34,7200
8801,1628,2024-08-03,2024-08-07,feature_request,closed,49,58,5760
8802,800,2024-12-24,2024-12-29,bug,closed,21,74,7200
8803,1874,2024-08-08,2024-08-08,bug,closed,13,99,0
8804,1602,2024-04-13,2024-04-17,bug,closed,31,190,5760
8805,1124,2024-09-19,2024-09-24,bug,closed,39,139,7200
8806,373,2024-10-11,2024-10-12,usage_question,closed,33,214,1440
8807,1623,2024-04-29,2024-04-29,usage_question,closed,31,114,0
8808,1513,2024-01-01,2024-01-01,bug,closed,12,212,0
8809,1139,2024-10-09,2024-10-09,usage_question,closed,39,18,0
8810,1667,2024-10-12,2024-10-12,bug,closed,29,215,0
8811,424,2024-08-20,2024-08-25,billing,closed,49,19,7200
8812,1959,2024-10-01,2024-10-08,other,closed,17,166,10080
8813,1906,2024-09-09,2024-09-09,bug,closed,29,236,0
8814,626,2024-11-26,2024-12-01,usage_question,closed,29,26,7200
8815,1848,2024-10-21,2024-10-25,feature_request,closed,19,201,5760
8816,1320,2023-12-07,2023-12-07,bug,closed,39,202,0
8817,1316,2023-12-22,2023-12-28,feature_request,closed,14,214,8640
8818,1582,2023-11-12,2023-11-12,bug,closed,36,188,0
8819,1375,2024-10-06,2024-10-09,bug,closed,18,111,4320
8820,759,2024-07-17,2024-07-17,bug,closed,1,87,0
8821,1665,2024-09-27,2024-09-27,bug,closed,35,186,0
8822,1194,2024-03-20,2024-03-22,usage_question,closed,23,113,2880
8823,1518,2024-08-03,2024-08-03,bug,closed,22,156,0
8824,1409,2024-07-06,2024-07-08,usage_question,closed,27,40,2880
8825,692,2024-08-15,2024-08-15,usage_question,closed,37,141,0
8826,317,2024-06-11,2024-06-11,usage_question,closed,37,95,0
8827,822,2024-01-13,2024-01-19,other,closed,14,169,8640
8828,673,2024-02-11,2024-02-11,billing,closed,37,149,0
8829,1041,2023-10-07,2023-10-07,usage_question,closed,16,38,0
8830,847,2024-12-09,2024-12-09,usage_question,closed,12,178,0
8831,173,2024-03-20,2024-03-22,usage_question,closed,34,98,2880
8832,171,2024-11-27,2024-12-02,bug,closed,10,167,7200
8833,215,2024-05-08,2024-05-08,usage_question,closed,12,238,0
8834,1216,2024-01-16,2024-01-16,usage_question,closed,3,149,0
8835,1873,2024-03-25,2024-03-25,usage_question,closed,25,127,0
8836,1101,2024-04-23,2024-04-23,bug,closed,5,171,0
8837,1328,2024-02-03,2024-02-03,billing,closed,38,67,0
8838,1380,2024-12-13,2024-12-20,usage_question,closed,29,49,10080
8839,1179,2023-09-16,2023-09-19,feature_request,closed,22,44,4320
8840,881,2024-06-06,2024-06-06,billing,closed,3,118,0
8841,741,2024-03-29,2024-04-04,usage_question,closed,37,43,8640
8842,1937,2024-12-05,2024-12-05,bug,closed,9,94,0
8843,1256,2024-06-16,2024-06-16,usage_question,closed,43,207,0
8844,283,2023-12-18,2023-12-20,bug,closed,23,64,2880
8845,868,2023-08-22,2023-08-24,usage_question,closed,36,234,2880
8846,1665,2024-03-05,2024-03-05,usage_question,closed,17,83,0
8847,1334,2024-07-10,2024-07-10,usage_question,closed,45,120,0
8848,1133,2024-11-27,2024-12-01,bug,closed,46,53,5760
8849,1868,2024-02-04,2024-02-04,bug,closed,12,201,0
8850,442,2023-09-17,2023-09-17,other,closed,38,151,0
8851,1381,2024-02-09,2024-02-11,feature_request,closed,24,144,2880
8852,347,2024-07-23,2024-07-24,billing,closed,42,55,1440
8853,1334,2024-01-22,2024-01-22,bug,closed,15,164,0
8854,237,2024-09-18,2024-09-25,usage_question,closed,11,166,10080
8855,1901,2024-09-01,2024-09-03,usage_question,closed,46,217,2880
8856,573,2024-03-19,2024-03-22,usage_question,closed,10,115,4320
8857,183,2024-05-19,2024-05-19,other,closed,18,220,0
8858,1369,2024-03-11,2024-03-16,billing,closed,45,20,7200
8859,1343,2023-12-23,2023-12-23,bug,closed,32,115,0
8860,1475,2024-09-29,2024-09-29,usage_question,closed,34,193,0
8861,1398,2024-11-24,2024-11-24,usage_question,closed,13,19,0
8862,716,2024-11-23,2024-11-28,bug,closed,36,144,7200
8863,1276,2024-04-13,2024-04-18,usage_question,closed,3,134,7200
8864,1603,2024-07-13,2024-07-13,usage_question,closed,44,25,0
8865,1028,2023-02-08,2023-02-08,feature_request,closed,44,196,0
8866,56,2023-06-17,2023-06-19,usage_question,closed,6,222,2880
8867,1175,2024-07-05,2024-07-05,usage_question,closed,50,174,0
8868,645,2024-07-27,2024-07-30,usage_question,closed,14,196,4320
8869,594,2024-12-06,2024-12-06,bug,closed,4,120,0
8870,808,2024-08-09,2024-08-16,usage_question,closed,45,157,10080
8871,1533,2024-07-23,2024-07-29,bug,closed,6,38,8640
8872,939,2024-02-02,2024-02-04,bug,closed,26,150,2880
8873,1869,2024-12-13,2024-12-15,bug,closed,19,209,2880
8874,1286,2024-02-26,2024-02-28,usage_question,closed,33,182,2880
8875,866,2023-08-13,2023-08-14,feature_request,closed,45,153,1440
8876,1356,2024-10-09,2024-10-09,bug,closed,7,68,0
8877,468,2024-06-05,2024-06-11,feature_request,closed,48,180,8640
8878,347,2024-11-01,2024-11-07,usage_question,closed,7,221,8640
8879,302,2024-09-29,2024-10-01,usage_question,closed,3,238,2880
8880,1687,2024-06-13,2024-06-14,bug,closed,27,63,1440
8881,161,2024-05-13,2024-05-20,usage_question,closed,40,38,10080
8882,954,2024-06-08,2024-06-08,bug,closed,27,157,0
8883,1972,2024-10-02,2024-10-02,usage_question,closed,46,124,0
8884,434,2024-09-16,2024-09-16,usage_question,closed,43,80,0
8885,131,2024-05-24,2024-05-29,feature_request,closed,16,165,7200
8886,983,2024-08-31,2024-08-31,bug,closed,7,178,0
8887,903,2023-12-22,2023-12-22,usage_question,closed,15,138,0
8888,1627,2024-08-14,2024-08-19,bug,closed,30,200,7200
8889,1248,2024-02-24,2024-03-01,feature_request,closed,9,95,8640
8890,743,2024-06-22,2024-06-23,usage_question,closed,2,198,1440
8891,1698,2024-04-24,2024-04-30,bug,closed,31,193,8640
8892,1446,2023-11-12,2023-11-18,usage_question,closed,25,40,8640
8893,901,2024-03-14,2024-03-14,usage_question,closed,3,165,0
8894,1115,2023-10-06,2023-10-06,feature_request,closed,8,103,0
8895,1967,2024-08-19,2024-08-19,usage_question,closed,34,87,0
8896,865,2024-03-20,2024-03-20,bug,closed,8,129,0
8897,338,2024-08-04,2024-08-10,feature_request,closed,45,111,8640
8898,575,2024-04-15,2024-04-15,feature_request,closed,45,59,0
8899,1324,2024-05-01,2024-05-05,bug,closed,50,152,5760
8900,1187,2024-06-14,2024-06-18,feature_request,closed,35,47,5760
8901,1837,2023-07-16,2023-07-18,usage_question,closed,3,43,2880
8902,287,2024-08-29,2024-08-31,usage_question,closed,35,162,2880
8903,144,2024-10-11,2024-10-11,usage_question,closed,32,141,0
8904,772,2023-11-07,2023-11-11,bug,closed,35,107,5760
8905,1087,2024-01-13,2024-01-16,bug,closed,3,60,4320
8906,34,2024-11-16,2024-11-22,usage_question,closed,39,134,8640
8907,232,2024-03-23,2024-03-28,usage_question,closed,31,89,7200
8908,1809,2024-07-01,2024-07-06,feature_request,closed,5,77,7200
8909,556,2024-01-05,2024-01-11,feature_request,closed,50,37,8640
8910,79,2023-12-31,2024-01-02,bug,closed,18,87,2880
8911,947,2023-11-13,2023-11-13,usage_question,closed,10,206,0
8912,390,2024-12-23,2024-12-23,usage_question,closed,20,156,0
8913,404,2024-02-18,2024-02-19,feature_request,closed,6,177,1440
8914,380,2024-07-07,2024-07-08,other,closed,25,16,1440
8915,836,2023-07-27,2023-07-27,bug,closed,31,222,0
8916,1212,2024-11-03,2024-11-05,feature_request,closed,34,204,2880
8917,1751,2024-07-21,2024-07-27,bug,closed,39,214,8640
8918,505,2024-01-21,2024-01-27,bug,closed,49,78,8640
8919,982,2023-12-29,2024-01-01,usage_question,closed,25,89,4320
8920,727,2024-04-03,2024-04-03,usage_question,closed,22,150,0
8921,261,2024-07-08,2024-07-13,usage_question,closed,3,199,7200
8922,1347,2024-11-04,2024-11-10,other,closed,45,52,8640
8923,1255,2024-01-06,2024-01-06,usage_question,closed,38,61,0
8924,1372,2024-07-10,2024-07-15,billing,closed,34,185,7200
8925,765,2024-03-04,2024-03-04,billing,closed,9,27,0
8926,1489,2024-09-26,2024-09-26,usage_question,closed,33,222,0
8927,1907,2024-11-05,2024-11-05,feature_request,closed,17,52,0
8928,1629,2024-06-16,2024-06-20,bug,closed,7,63,5760
8929,423,2024-09-23,2024-09-27,usage_question,closed,40,62,5760
8930,1340,2024-11-20,2024-11-20,feature_request,closed,3,190,0
8931,1048,2024-01-10,2024-01-13,other,closed,44,134,4320
8932,595,2024-04-12,2024-04-19,usage_question,closed,20,96,10080
8933,741,2024-06-12,2024-06-12,usage_question,closed,14,87,0
8934,1866,2024-09-04,2024-09-04,billing,closed,5,99,0
8935,1950,2024-08-22,2024-08-28,other,closed,40,67,8640
8936,1124,2024-04-25,2024-04-26,usage_question,closed,29,157,1440
8937,1039,2024-11-11,2024-11-18,bug,closed,49,22,10080
8938,102,2024-10-27,2024-11-02,bug,closed,25,77,8640
8939,398,2024-11-20,2024-11-20,feature_request,closed,11,158,0
8940,618,2024-02-20,2024-02-20,bug,closed,6,196,0
8941,1065,2024-10-01,2024-10-01,usage_question,closed,27,183,0
8942,493,2024-06-05,2024-06-05,bug,closed,34,143,0
8943,825,2024-01-18,2024-01-18,usage_question,closed,8,204,0
8944,1642,2024-10-20,2024-10-20,other,closed,6,197,0
8945,1906,2024-08-31,2024-09-04,bug,closed,38,139,5760
8946,1227,2024-04-17,2024-04-17,bug,closed,8,140,0
8947,1552,2024-02-19,2024-02-25,other,closed,8,185,8640
8948,579,2024-02-21,2024-02-23,usage_question,closed,35,194,2880
8949,347,2024-07-18,2024-07-22,other,closed,36,39,5760
8950,1668,2024-05-17,2024-05-17,usage_question,closed,39,97,0
8951,1559,2024-03-04,2024-03-04,usage_question,closed,35,138,0
8952,1201,2023-10-23,2023-10-25,bug,closed,3,18,2880
8953,1800,2024-06-06,2024-06-06,bug,closed,22,125,0
8954,1377,2024-09-26,2024-09-30,usage_question,closed,32,130,5760
8955,806,2024-01-29,2024-02-02,bug,closed,7,15,5760
8956,557,2024-11-19,2024-11-20,other,closed,18,152,1440
8957,1758,2024-06-10,2024-06-10,usage_question,closed,40,110,0
8958,85,2024-10-08,2024-10-08,bug,closed,45,76,0
8959,1245,2024-12-24,2024-12-24,feature_request,closed,18,192,0
8960,864,2024-03-18,2024-03-24,usage_question,closed,31,72,8640
8961,242,2023-04-30,2023-05-04,bug,closed,49,200,5760
8962,1726,2024-12-12,2024-12-12,bug,closed,24,33,0
8963,849,2024-04-30,2024-04-30,bug,closed,42,158,0
8964,547,2024-02-26,2024-02-26,usage_question,closed,16,94,0
8965,1527,2024-09-26,2024-10-03,bug,closed,13,192,10080
8966,1345,2024-11-02,2024-11-07,bug,closed,26,114,7200
8967,349,2024-01-25,2024-01-28,usage_question,closed,36,126,4320
8968,1162,2024-09-14,2024-09-14,bug,closed,35,67,0
8969,358,2024-06-01,2024-06-01,usage_question,closed,38,56,0
8970,890,2024-01-13,2024-01-13,bug,closed,25,37,0
8971,1757,2024-03-23,2024-03-25,usage_question,closed,42,147,2880
8972,1595,2024-11-05,2024-11-05,usage_question,closed,17,98,0
8973,1623,2024-12-16,2024-12-19,billing,closed,45,142,4320
8974,666,2024-08-24,2024-08-24,billing,closed,17,33,0
8975,1526,2024-10-15,2024-10-15,usage_question,closed,45,100,0
8976,1363,2024-04-17,2024-04-21,bug,closed,49,94,5760
8977,617,2024-11-24,2024-11-24,feature_request,closed,17,30,0
8978,1049,2024-05-12,2024-05-16,feature_request,closed,47,161,5760
8979,1947,2024-08-31,2024-08-31,feature_request,closed,15,185,0
8980,606,2024-01-11,2024-01-15,usage_question,closed,1,51,5760
8981,648,2023-09-25,2023-09-25,bug,closed,23,82,0
8982,1977,2023-03-26,2023-03-30,bug,closed,45,175,5760
8983,274,2024-08-23,2024-08-29,bug,closed,10,72,8640
8984,1227,2024-09-13,2024-09-19,billing,closed,24,172,8640
8985,12,2024-05-10,2024-05-13,feature_request,closed,48,120,4320
8986,1028,2024-04-07,2024-04-07,billing,closed,49,226,0
8987,1454,2024-10-08,2024-10-14,usage_question,closed,14,51,8640
8988,1269,2024-12-27,2025-01-01,other,open,10,154,7200
8989,109,2024-04-17,2024-04-24,billing,closed,18,166,10080
8990,1204,2023-11-23,2023-11-23,feature_request,closed,44,24,0
8991,879,2024-07-11,2024-07-11,usage_question,closed,38,26,0
8992,1805,2024-10-27,2024-10-27,bug,closed,22,111,0
8993,180,2024-01-13,2024-01-20,bug,closed,44,126,10080
8994,4,2024-01-26,2024-01-26,bug,closed,16,211,0
8995,592,2024-01-03,2024-01-10,usage_question,closed,16,34,10080
8996,679,2024-09-20,2024-09-25,usage_question,closed,18,31,7200
8997,184,2024-04-23,2024-04-29,bug,closed,50,51,8640
8998,1626,2024-12-23,2024-12-23,usage_question,closed,30,64,0
8999,167,2024-04-12,2024-04-18,usage_question,closed,26,200,8640
9000,1765,2024-05-31,2024-05-31,billing,closed,15,164,0
9001,708,2024-10-04,2024-10-08,usage_question,closed,11,114,5760
9002,431,2024-11-17,2024-11-17,feature_request,closed,31,196,0
9003,796,2024-11-10,2024-11-12,usage_question,closed,16,218,2880
9004,529,2023-10-17,2023-10-21,bug,closed,7,198,5760
9005,990,2023-12-11,2023-12-11,bug,closed,13,184,0
9006,922,2024-07-12,2024-07-18,billing,closed,39,206,8640
9007,73,2023-09-09,2023-09-10,usage_question,closed,36,203,1440
9008,1136,2023-08-27,2023-08-27,bug,closed,12,91,0
9009,616,2024-11-05,2024-11-05,bug,closed,18,42,0
9010,1258,2024-05-23,2024-05-25,other,closed,5,70,2880
9011,451,2024-11-05,2024-11-09,feature_request,closed,25,188,5760
9012,297,2024-10-12,2024-10-19,other,closed,42,231,10080
9013,581,2024-06-14,2024-06-14,billing,closed,37,141,0
9014,827,2024-01-01,2024-01-01,bug,closed,2,205,0
9015,1729,2024-01-16,2024-01-17,feature_request,closed,29,179,1440
9016,769,2024-06-12,2024-06-15,bug,closed,33,77,4320
9017,1144,2023-04-26,2023-04-30,usage_question,closed,30,228,5760
9018,585,2024-11-22,2024-11-22,usage_question,closed,44,63,0
9019,225,2024-11-22,2024-11-22,bug,closed,23,233,0
9020,938,2024-06-11,2024-06-15,feature_request,closed,35,74,5760
9021,1597,2024-11-13,2024-11-13,usage_question,closed,14,36,0
9022,798,2024-09-05,2024-09-05,usage_question,closed,16,147,0
9023,1911,2024-09-06,2024-09-06,feature_request,closed,29,93,0
9024,1541,2024-08-04,2024-08-04,usage_question,closed,45,136,0
9025,1243,2024-08-10,2024-08-11,usage_question,closed,42,39,1440
9026,694,2024-02-10,2024-02-10,bug,closed,22,140,0
9027,71,2024-10-24,2024-10-25,usage_question,closed,14,150,1440
9028,430,2024-04-25,2024-04-25,usage_question,closed,17,37,0
9029,651,2024-07-06,2024-07-06,usage_question,closed,18,86,0
9030,456,2024-09-12,2024-09-12,usage_question,closed,30,186,0
9031,405,2024-09-03,2024-09-03,billing,closed,23,153,0
9032,980,2024-08-02,2024-08-02,bug,closed,15,240,0
9033,1079,2024-06-16,2024-06-16,feature_request,closed,17,77,0
9034,490,2024-05-22,2024-05-22,usage_question,closed,45,106,0
9035,1937,2024-10-09,2024-10-09,usage_question,closed,50,215,0
9036,1509,2024-11-07,2024-11-07,other,closed,36,101,0
9037,1805,2024-01-16,2024-01-16,usage_question,closed,11,16,0
9038,486,2024-07-31,2024-07-31,usage_question,closed,31,169,0
9039,349,2024-09-13,2024-09-13,bug,closed,7,203,0
9040,15,2023-11-08,2023-11-08,other,closed,18,133,0
9041,1086,2024-04-06,2024-04-06,bug,closed,23,176,0
9042,1652,2024-10-23,2024-10-23,bug,closed,11,64,0
9043,579,2024-05-22,2024-05-27,usage_question,closed,50,130,7200
9044,1444,2024-12-10,2024-12-10,usage_question,closed,40,204,0
9045,688,2024-11-27,2024-11-27,feature_request,closed,43,177,0
9046,1343,2024-09-13,2024-09-18,bug,closed,24,221,7200
9047,1131,2024-10-02,2024-10-02,usage_question,closed,15,110,0
9048,1251,2023-12-18,2023-12-18,bug,closed,50,52,0
9049,1098,2024-02-05,2024-02-05,bug,closed,42,233,0
9050,1768,2023-11-12,2023-11-16,billing,closed,25,68,5760
9051,558,2024-01-17,2024-01-22,bug,closed,4,127,7200
9052,1804,2023-10-05,2023-10-05,usage_question,closed,6,30,0
9053,1374,2024-07-15,2024-07-15,billing,closed,49,123,0
9054,1898,2024-10-21,2024-10-21,feature_request,closed,6,196,0
9055,993,2024-05-09,2024-05-09,billing,closed,46,206,0
9056,651,2024-10-20,2024-10-20,billing,closed,17,73,0
9057,906,2024-09-03,2024-09-03,other,closed,48,128,0
9058,1329,2023-11-30,2023-12-07,feature_request,closed,49,26,10080
9059,1367,2024-11-13,2024-11-16,usage_question,closed,47,20,4320
9060,1053,2023-11-27,2023-11-27,bug,closed,22,15,0
9061,1928,2024-10-06,2024-10-07,feature_request,closed,34,87,1440
9062,845,2024-09-01,2024-09-06,billing,closed,30,239,7200
9063,1046,2024-11-30,2024-12-03,usage_question,closed,47,198,4320
9064,1373,2024-02-25,2024-02-26,feature_request,closed,3,100,1440
9065,292,2024-12-20,2024-12-25,bug,closed,14,108,7200
9066,1451,2024-12-05,2024-12-08,other,closed,11,55,4320
9067,684,2024-01-03,2024-01-03,bug,closed,23,238,0
9068,623,2024-12-02,2024-12-04,usage_question,closed,7,226,2880
9069,468,2024-03-16,2024-03-21,usage_question,closed,42,73,7200
9070,1165,2024-01-31,2024-02-04,other,closed,46,132,5760
9071,950,2024-06-24,2024-06-24,bug,closed,19,46,0
9072,860,2024-02-25,2024-03-01,other,closed,11,59,7200
9073,408,2023-04-29,2023-04-29,billing,closed,43,167,0
9074,366,2024-02-12,2024-02-14,other,closed,3,74,2880
9075,207,2024-12-29,2024-12-31,feature_request,closed,19,166,2880
9076,342,2024-10-20,2024-10-27,bug,closed,14,96,10080
9077,712,2024-10-06,2024-10-06,bug,closed,2,90,0
9078,73,2024-09-28,2024-09-28,feature_request,closed,26,221,0
9079,638,2024-02-13,2024-02-14,other,closed,13,232,1440
9080,308,2024-03-05,2024-03-05,usage_question,closed,11,162,0
9081,1087,2024-10-05,2024-10-12,feature_request,closed,4,116,10080
9082,251,2024-04-24,2024-04-27,usage_question,closed,25,141,4320
9083,388,2023-03-18,2023-03-18,bug,closed,5,45,0
9084,1034,2024-08-26,2024-08-26,other,closed,50,67,0
9085,1457,2024-12-10,2024-12-11,feature_request,closed,15,138,1440
9086,531,2024-03-13,2024-03-13,usage_question,closed,21,186,0
9087,1410,2023-01-16,2023-01-16,other,closed,17,238,0
9088,519,2024-10-05,2024-10-08,bug,closed,16,232,4320
9089,957,2024-08-13,2024-08-13,billing,closed,18,121,0
9090,725,2024-08-09,2024-08-09,billing,closed,31,33,0
9091,148,2024-05-28,2024-05-28,other,closed,5,96,0
9092,1705,2024-11-16,2024-11-16,bug,closed,48,214,0
9093,1215,2024-05-21,2024-05-21,usage_question,closed,19,93,0
9094,101,2024-03-24,2024-03-24,usage_question,closed,38,134,0
9095,627,2024-10-28,2024-11-01,bug,closed,49,46,5760
9096,1510,2024-04-04,2024-04-04,usage_question,closed,8,32,0
9097,802,2024-03-17,2024-03-17,feature_request,closed,36,138,0
9098,1996,2023-11-18,2023-11-18,usage_question,closed,2,145,0
9099,649,2024-07-29,2024-07-29,feature_request,closed,19,177,0
9100,1010,2024-07-05,2024-07-05,bug,closed,44,136,0
9101,1363,2024-09-16,2024-09-16,other,closed,44,24,0
9102,215,2024-12-11,2024-12-15,other,closed,20,235,5760
9103,801,2024-09-17,2024-09-17,bug,closed,48,176,0
9104,916,2023-12-08,2023-12-08,bug,closed,30,27,0
9105,921,2024-10-11,2024-10-11,other,closed,47,227,0
9106,1178,2023-07-12,2023-07-16,usage_question,closed,6,188,5760
9107,1043,2024-10-17,2024-10-17,bug,closed,50,92,0
9108,61,2024-07-30,2024-08-03,usage_question,closed,38,18,5760
9109,359,2024-01-19,2024-01-19,usage_question,closed,23,238,0
9110,654,2024-09-02,2024-09-02,billing,closed,35,33,0
9111,1419,2024-10-01,2024-10-02,bug,closed,4,100,1440
9112,1726,2024-11-27,2024-11-29,feature_request,closed,7,27,2880
9113,1511,2024-10-23,2024-10-25,bug,closed,36,39,2880
9114,132,2023-11-12,2023-11-19,bug,closed,27,171,10080
9115,1002,2024-12-01,2024-12-01,feature_request,closed,16,87,0
9116,108,2024-10-05,2024-10-05,usage_question,closed,37,76,0
9117,878,2024-06-20,2024-06-26,usage_question,closed,12,99,8640
9118,153,2024-12-27,2024-12-27,bug,closed,24,221,0
9119,918,2024-08-31,2024-08-31,usage_question,closed,35,162,0
9120,1476,2024-10-10,2024-10-10,bug,closed,40,221,0
9121,360,2024-06-18,2024-06-18,billing,closed,12,176,0
9122,348,2024-06-30,2024-07-06,usage_question,closed,6,165,8640
9123,1796,2024-04-14,2024-04-14,usage_question,closed,42,179,0
9124,1815,2024-11-24,2024-11-24,billing,closed,39,154,0
9125,1457,2024-11-10,2024-11-16,feature_request,closed,23,139,8640
9126,1977,2024-05-24,2024-05-26,other,closed,15,179,2880
9127,1458,2024-10-17,2024-10-22,bug,closed,45,178,7200
9128,1165,2024-10-22,2024-10-24,usage_question,closed,31,69,2880
9129,1078,2024-11-30,2024-12-07,billing,closed,32,30,10080
9130,1173,2024-05-09,2024-05-09,usage_question,closed,34,168,0
9131,272,2024-01-17,2024-01-22,usage_question,closed,19,122,7200
9132,249,2024-07-21,2024-07-21,bug,closed,15,226,0
9133,900,2024-04-09,2024-04-09,other,closed,27,158,0
9134,1654,2024-03-04,2024-03-07,feature_request,closed,5,161,4320
9135,297,2024-03-18,2024-03-25,feature_request,closed,24,202,10080
9136,1266,2023-12-24,2023-12-29,bug,closed,26,206,7200
9137,1252,2024-05-30,2024-06-02,usage_question,closed,35,91,4320
9138,147,2024-05-17,2024-05-17,usage_question,closed,11,131,0
9139,90,2024-06-23,2024-06-23,usage_question,closed,24,156,0
9140,1449,2024-11-30,2024-11-30,bug,closed,22,101,0
9141,1611,2024-01-01,2024-01-03,billing,closed,30,153,2880
9142,1675,2024-09-08,2024-09-09,bug,closed,10,57,1440
9143,1004,2024-05-10,2024-05-10,usage_question,closed,16,30,0
9144,642,2024-06-26,2024-06-26,usage_question,closed,30,192,0
9145,1902,2024-01-15,2024-01-22,usage_question,closed,18,96,10080
9146,246,2024-06-18,2024-06-18,bug,closed,21,83,0
9147,347,2024-06-25,2024-06-26,feature_request,closed,44,24,1440
9148,1642,2024-12-16,2024-12-18,billing,closed,20,126,2880
9149,441,2024-12-14,2024-12-21,feature_request,closed,9,70,10080
9150,104,2024-07-16,2024-07-16,other,closed,31,233,0
9151,1197,2024-07-14,2024-07-20,feature_request,closed,15,232,8640
9152,1516,2024-09-27,2024-10-01,billing,closed,16,46,5760
9153,218,2024-06-21,2024-06-21,billing,closed,25,121,0
9154,1408,2024-05-19,2024-05-19,feature_request,closed,46,78,0
9155,1708,2024-10-18,2024-10-23,bug,closed,35,59,7200
9156,1120,2024-05-12,2024-05-17,billing,closed,2,168,7200
9157,1147,2024-01-01,2024-01-08,usage_question,closed,36,222,10080
9158,1012,2024-12-02,2024-12-02,usage_question,closed,44,239,0
9159,916,2024-04-27,2024-04-27,usage_question,closed,44,99,0
9160,373,2024-07-07,2024-07-07,usage_question,closed,27,225,0
9161,834,2024-11-23,2024-11-30,other,closed,25,102,10080
9162,1797,2024-06-05,2024-06-05,usage_question,closed,12,83,0
9163,1481,2024-05-27,2024-05-31,usage_question,closed,15,64,5760
9164,257,2024-04-21,2024-04-24,usage_question,closed,27,195,4320
9165,203,2024-12-13,2024-12-20,feature_request,closed,8,63,10080
9166,1841,2023-12-25,2023-12-25,usage_question,closed,6,223,0
9167,1072,2024-05-24,2024-05-26,billing,closed,21,41,2880
9168,1124,2024-03-16,2024-03-22,billing,closed,13,116,8640
9169,1864,2024-01-21,2024-01-24,feature_request,closed,38,27,4320
9170,1525,2024-07-26,2024-07-31,feature_request,closed,46,133,7200
9171,152,2023-11-19,2023-11-19,usage_question,closed,37,112,0
9172,1541,2024-04-15,2024-04-15,bug,closed,16,40,0
9173,125,2024-04-24,2024-04-28,usage_question,closed,44,103,5760
9174,924,2023-02-27,2023-02-27,other,closed,4,143,0
9175,1152,2023-12-27,2023-12-27,usage_question,closed,19,74,0
9176,1459,2024-08-31,2024-08-31,other,closed,31,21,0
9177,752,2024-02-01,2024-02-08,bug,closed,36,33,10080
9178,1172,2024-06-15,2024-06-21,bug,closed,10,26,8640
9179,550,2023-10-28,2023-10-28,usage_question,closed,29,151,0
9180,1070,2024-06-18,2024-06-18,usage_question,closed,17,114,0
9181,339,2024-03-25,2024-03-30,feature_request,closed,20,47,7200
9182,842,2024-03-24,2024-03-24,bug,closed,22,188,0
9183,1304,2024-06-01,2024-06-01,usage_question,closed,13,214,0
9184,1329,2024-04-05,2024-04-05,usage_question,closed,9,165,0
9185,1035,2024-08-27,2024-08-27,usage_question,closed,24,69,0
9186,903,2024-04-23,2024-04-23,usage_question,closed,26,150,0
9187,1592,2024-06-09,2024-06-15,bug,closed,30,96,8640
9188,361,2024-07-27,2024-07-27,usage_question,closed,37,149,0
9189,737,2024-06-20,2024-06-23,billing,closed,8,70,4320
9190,1917,2024-07-22,2024-07-25,billing,closed,24,139,4320
9191,1514,2024-05-09,2024-05-09,other,closed,19,124,0
9192,1381,2024-06-30,2024-07-06,usage_question,closed,9,238,8640
9193,90,2024-04-01,2024-04-01,other,closed,15,220,0
9194,1914,2024-02-19,2024-02-23,bug,closed,44,177,5760
9195,79,2024-03-15,2024-03-20,usage_question,closed,2,195,7200
9196,585,2024-05-13,2024-05-17,bug,closed,48,223,5760
9197,620,2024-04-18,2024-04-23,bug,closed,16,25,7200
9198,1446,2024-10-30,2024-10-30,bug,closed,40,211,0
9199,1123,2024-08-22,2024-08-26,bug,closed,17,61,5760
9200,1963,2024-05-26,2024-05-28,bug,closed,44,45,2880
9201,1100,2023-09-26,2023-09-26,billing,closed,42,231,0
9202,1357,2023-09-17,2023-09-17,billing,closed,21,226,0
9203,1623,2024-05-21,2024-05-21,bug,closed,26,34,0
9204,790,2024-10-09,2024-10-10,usage_question,closed,8,189,1440
9205,1707,2024-08-26,2024-08-26,other,closed,4,148,0
9206,1225,2024-11-18,2024-11-18,billing,closed,42,107,0
9207,1521,2024-03-03,2024-03-03,feature_request,closed,22,45,0
9208,476,2024-08-08,2024-08-09,usage_question,closed,20,192,1440
9209,794,2024-12-10,2024-12-11,bug,closed,33,238,1440
9210,310,2024-10-09,2024-10-14,usage_question,closed,34,236,7200
9211,1419,2024-01-03,2024-01-03,other,closed,47,135,0
9212,1099,2024-04-11,2024-04-11,feature_request,closed,42,54,0
9213,1616,2024-09-13,2024-09-13,usage_question,closed,30,169,0
9214,640,2024-09-02,2024-09-07,bug,closed,42,79,7200
9215,521,2024-12-15,2024-12-22,usage_question,closed,8,16,10080
9216,668,2024-04-13,2024-04-19,other,closed,16,116,8640
9217,876,2023-12-15,2023-12-15,usage_question,closed,14,210,0
9218,805,2024-11-10,2024-11-16,feature_request,closed,6,34,8640
9219,1207,2024-12-13,2024-12-13,other,closed,25,81,0
9220,831,2024-01-25,2024-01-29,usage_question,closed,46,105,5760
9221,740,2024-10-14,2024-10-21,usage_question,closed,1,24,10080
9222,738,2024-06-08,2024-06-12,bug,closed,47,62,5760
9223,674,2024-12-18,2024-12-18,usage_question,closed,20,212,0
9224,784,2023-12-18,2023-12-18,feature_request,closed,1,209,0
9225,547,2024-10-27,2024-10-27,feature_request,closed,6,57,0
9226,1762,2024-06-14,2024-06-14,usage_question,closed,16,142,0
9227,1539,2024-03-09,2024-03-09,usage_question,closed,50,203,0
9228,1140,2024-06-06,2024-06-06,bug,closed,14,239,0
9229,421,2024-10-24,2024-10-31,bug,closed,16,113,10080
9230,201,2024-07-26,2024-07-26,feature_request,closed,36,166,0
9231,1371,2024-08-11,2024-08-18,bug,closed,12,235,10080
9232,836,2024-01-16,2024-01-16,usage_question,closed,46,15,0
9233,1396,2024-07-29,2024-07-29,other,closed,2,172,0
9234,1588,2024-10-23,2024-10-28,bug,closed,21,124,7200
9235,157,2024-08-27,2024-09-02,other,closed,5,112,8640
9236,118,2024-12-06,2024-12-08,bug,closed,25,53,2880
9237,1010,2024-11-12,2024-11-16,bug,closed,42,141,5760
9238,368,2024-02-05,2024-02-05,usage_question,closed,27,160,0
9239,1460,2024-06-30,2024-07-02,billing,closed,17,132,2880
9240,981,2024-05-01,2024-05-01,bug,closed,35,135,0
9241,450,2024-10-04,2024-10-06,bug,closed,25,225,2880
9242,842,2024-08-05,2024-08-07,bug,closed,40,60,2880
9243,1762,2024-09-04,2024-09-04,other,closed,31,147,0
9244,890,2024-10-10,2024-10-10,other,closed,19,61,0
9245,387,2024-06-18,2024-06-24,billing,closed,42,94,8640
9246,1134,2024-03-18,2024-03-19,billing,closed,22,43,1440
9247,319,2024-04-29,2024-05-06,feature_request,closed,24,106,10080
9248,392,2023-01-27,2023-01-27,usage_question,closed,2,16,0
9249,851,2024-12-28,2024-12-31,bug,closed,9,140,4320
9250,193,2024-10-05,2024-10-10,usage_question,closed,32,77,7200
9251,891,2024-02-27,2024-02-27,bug,closed,20,217,0
9252,466,2024-07-30,2024-08-06,bug,closed,13,154,10080
9253,135,2024-03-06,2024-03-09,usage_question,closed,27,158,4320
9254,320,2024-01-08,2024-01-08,billing,closed,15,185,0
9255,1104,2024-02-12,2024-02-17,usage_question,closed,40,162,7200
9256,561,2024-02-16,2024-02-21,other,closed,38,69,7200
9257,354,2024-12-26,2024-12-26,feature_request,closed,42,200,0
9258,365,2024-08-24,2024-08-27,bug,closed,49,230,4320
9259,1859,2024-09-11,2024-09-15,usage_question,closed,5,57,5760
9260,823,2024-03-13,2024-03-15,usage_question,closed,24,191,2880
9261,1856,2024-02-10,2024-02-12,feature_request,closed,2,123,2880
9262,469,2024-03-03,2024-03-06,usage_question,closed,21,239,4320
9263,134,2023-11-18,2023-11-18,other,closed,44,228,0
9264,1576,2023-11-11,2023-11-11,bug,closed,50,181,0
9265,126,2024-01-19,2024-01-19,other,closed,22,174,0
9266,1705,2024-03-30,2024-03-31,usage_question,closed,44,27,1440
9267,1295,2024-10-26,2024-10-26,bug,closed,36,115,0
9268,1168,2024-07-16,2024-07-16,other,closed,44,160,0
9269,496,2024-03-29,2024-04-04,billing,closed,23,37,8640
9270,1759,2024-03-20,2024-03-21,feature_request,closed,35,44,1440
9271,468,2024-06-21,2024-06-26,bug,closed,27,116,7200
9272,82,2024-12-28,2025-01-02,feature_request,open,27,29,7200
9273,1215,2023-07-31,2023-08-07,feature_request,closed,48,230,10080
9274,1161,2024-08-18,2024-08-22,usage_question,closed,17,38,5760
9275,1474,2024-09-15,2024-09-21,usage_question,closed,7,188,8640
9276,1833,2024-11-30,2024-11-30,feature_request,closed,43,27,0
9277,230,2024-04-03,2024-04-03,other,closed,12,63,0
9278,1187,2024-11-18,2024-11-18,bug,closed,7,163,0
9279,1437,2024-06-28,2024-06-28,other,closed,46,83,0
9280,1051,2023-12-11,2023-12-16,feature_request,closed,38,100,7200
9281,1950,2024-01-13,2024-01-13,bug,closed,23,85,0
9282,1825,2024-09-26,2024-09-29,usage_question,closed,31,32,4320
9283,270,2024-01-26,2024-01-29,usage_question,closed,3,67,4320
9284,616,2024-05-15,2024-05-16,usage_question,closed,15,206,1440
9285,691,2024-05-27,2024-05-29,feature_request,closed,37,221,2880
9286,1937,2024-03-21,2024-03-21,billing,closed,14,144,0
9287,1149,2024-07-16,2024-07-16,feature_request,closed,3,131,0
9288,1697,2023-11-13,2023-11-13,bug,closed,49,220,0
9289,1611,2024-08-30,2024-09-02,bug,closed,1,52,4320
9290,726,2024-12-29,2025-01-01,billing,open,38,74,4320
9291,193,2024-11-25,2024-11-26,usage_question,closed,50,231,1440
9292,1608,2024-06-29,2024-07-01,billing,closed,42,75,2880
9293,773,2023-09-27,2023-10-01,billing,closed,45,157,5760
9294,1555,2024-08-26,2024-09-02,usage_question,closed,22,195,10080
9295,263,2024-10-25,2024-11-01,bug,closed,44,67,10080
9296,1513,2024-02-09,2024-02-11,usage_question,closed,5,111,2880
9297,1207,2024-08-17,2024-08-17,feature_request,closed,14,71,0
9298,1038,2024-07-02,2024-07-02,usage_question,closed,10,119,0
9299,77,2024-09-27,2024-10-01,bug,closed,32,184,5760
9300,1123,2024-02-26,2024-02-26,bug,closed,18,53,0
9301,1701,2024-08-16,2024-08-16,feature_request,closed,5,53,0
9302,826,2023-07-18,2023-07-25,other,closed,20,203,10080
9303,378,2024-06-23,2024-06-23,bug,closed,50,131,0
9304,586,2024-10-23,2024-10-29,feature_request,closed,17,40,8640
9305,680,2024-07-01,2024-07-06,bug,closed,11,72,7200
9306,1915,2024-10-01,2024-10-08,bug,closed,38,164,10080
9307,1840,2024-03-24,2024-03-24,feature_request,closed,4,92,0
9308,480,2024-05-30,2024-05-30,billing,closed,21,239,0
9309,1177,2024-07-11,2024-07-11,feature_request,closed,2,22,0
9310,758,2024-11-22,2024-11-22,usage_question,closed,24,132,0
9311,1585,2024-12-15,2024-12-15,usage_question,closed,33,80,0
9312,577,2024-10-29,2024-10-29,feature_request,closed,23,118,0
9313,1893,2024-02-23,2024-02-24,usage_question,closed,42,92,1440
9314,1543,2024-04-15,2024-04-15,bug,closed,49,169,0
9315,744,2024-01-04,2024-01-11,usage_question,closed,17,170,10080
9316,655,2024-10-28,2024-10-30,other,closed,35,168,2880
9317,1051,2024-04-20,2024-04-25,bug,closed,10,91,7200
9318,1054,2024-11-02,2024-11-02,usage_question,closed,37,166,0
9319,63,2024-05-29,2024-06-04,bug,closed,5,39,8640
9320,1342,2024-01-10,2024-01-10,other,closed,14,24,0
9321,140,2023-10-12,2023-10-17,other,closed,9,26,7200
9322,1303,2024-06-11,2024-06-11,bug,closed,7,50,0
9323,596,2024-02-27,2024-02-27,usage_question,closed,46,174,0
9324,1436,2024-08-06,2024-08-06,bug,closed,25,187,0
9325,1031,2024-07-07,2024-07-07,bug,closed,24,53,0
9326,1752,2024-07-16,2024-07-23,bug,closed,24,156,10080
9327,86,2024-12-29,2024-12-29,bug,closed,29,187,0
9328,1340,2024-12-10,2024-12-10,usage_question,closed,27,175,0
9329,902,2024-08-15,2024-08-16,feature_request,closed,24,97,1440
9330,801,2024-03-19,2024-03-20,bug,closed,9,187,1440
9331,701,2024-08-16,2024-08-21,usage_question,closed,21,86,7200
9332,444,2024-01-26,2024-01-26,other,closed,18,45,0
9333,290,2024-08-25,2024-08-25,usage_question,closed,29,104,0
9334,1458,2024-03-29,2024-03-29,usage_question,closed,10,66,0
9335,880,2024-09-11,2024-09-14,feature_request,closed,15,77,4320
9336,1138,2024-06-29,2024-06-29,feature_request,closed,49,170,0
9337,1639,2024-05-04,2024-05-04,usage_question,closed,9,140,0
9338,1437,2024-11-16,2024-11-16,other,closed,22,72,0
9339,773,2023-11-29,2023-11-29,other,closed,39,237,0
9340,1640,2024-09-28,2024-10-02,billing,closed,7,125,5760
9341,1186,2024-08-25,2024-08-31,bug,closed,43,36,8640
9342,1106,2024-05-03,2024-05-05,feature_request,closed,22,228,2880
9343,173,2024-03-29,2024-03-29,billing,closed,22,159,0
9344,1672,2024-11-29,2024-11-29,bug,closed,19,192,0
9345,1291,2024-06-12,2024-06-12,usage_question,closed,20,227,0
9346,1873,2023-09-30,2023-10-03,feature_request,closed,40,48,4320
9347,1580,2024-12-06,2024-12-12,usage_question,closed,42,51,8640
9348,1252,2024-06-17,2024-06-17,billing,closed,30,59,0
9349,1540,2023-11-03,2023-11-09,bug,closed,26,159,8640
9350,675,2024-07-02,2024-07-02,other,closed,12,201,0
9351,1036,2024-01-16,2024-01-16,other,closed,49,39,0
9352,232,2024-11-19,2024-11-20,billing,closed,46,191,1440
9353,1738,2024-06-20,2024-06-26,other,closed,13,30,8640
9354,1069,2024-03-25,2024-03-25,billing,closed,43,151,0
9355,762,2024-02-10,2024-02-17,bug,closed,21,18,10080
9356,682,2024-06-29,2024-06-29,usage_question,closed,18,193,0
9357,283,2023-08-28,2023-08-28,other,closed,7,193,0
9358,1467,2023-08-29,2023-08-29,usage_question,closed,18,36,0
9359,910,2024-06-10,2024-06-10,usage_question,closed,18,211,0
9360,867,2024-06-13,2024-06-13,other,closed,15,75,0
9361,579,2024-12-22,2024-12-26,feature_request,closed,35,178,5760
9362,1978,2024-03-08,2024-03-10,usage_question,closed,8,122,2880
9363,1233,2024-05-21,2024-05-21,bug,closed,30,193,0
9364,1659,2024-06-21,2024-06-25,bug,closed,15,183,5760
9365,1707,2024-02-29,2024-02-29,bug,closed,22,136,0
9366,1215,2024-01-22,2024-01-26,other,closed,13,113,5760
9367,449,2024-08-23,2024-08-30,usage_question,closed,24,65,10080
9368,1080,2024-07-11,2024-07-11,billing,closed,29,47,0
9369,877,2024-11-30,2024-12-07,usage_question,closed,23,73,10080
9370,1247,2024-08-22,2024-08-22,usage_question,closed,32,128,0
9371,1468,2024-06-22,2024-06-22,feature_request,closed,25,85,0
9372,471,2024-12-05,2024-12-10,usage_question,closed,10,75,7200
9373,587,2024-12-12,2024-12-15,other,closed,7,133,4320
9374,1438,2024-11-22,2024-11-22,bug,closed,48,49,0
9375,17,2024-11-25,2024-11-25,billing,closed,46,171,0
9376,425,2024-10-18,2024-10-20,bug,closed,30,206,2880
9377,689,2024-08-05,2024-08-07,bug,closed,30,198,2880
9378,1191,2024-06-22,2024-06-27,usage_question,closed,30,142,7200
9379,46,2024-07-10,2024-07-10,usage_question,closed,10,86,0
9380,1853,2024-06-21,2024-06-21,other,closed,50,121,0
9381,142,2024-04-01,2024-04-03,usage_question,closed,19,145,2880
9382,1391,2024-09-05,2024-09-07,other,closed,34,143,2880
9383,1282,2024-05-20,2024-05-20,feature_request,closed,7,74,0
9384,1117,2024-12-12,2024-12-17,bug,closed,23,189,7200
9385,506,2024-03-12,2024-03-12,bug,closed,10,92,0
9386,208,2024-08-09,2024-08-09,usage_question,closed,48,131,0
9387,267,2024-12-04,2024-12-04,billing,closed,31,23,0
9388,1276,2023-11-11,2023-11-16,bug,closed,29,164,7200
9389,1489,2023-10-27,2023-11-03,feature_request,closed,19,176,10080
9390,558,2023-09-04,2023-09-09,usage_question,closed,31,183,7200
9391,1393,2024-07-18,2024-07-18,other,closed,44,170,0
9392,359,2023-07-05,2023-07-05,bug,closed,24,143,0
9393,853,2024-02-09,2024-02-09,bug,closed,2,60,0
9394,760,2024-12-18,2024-12-20,usage_question,closed,17,51,2880
9395,1479,2024-03-31,2024-04-01,billing,closed,26,91,1440
9396,1209,2024-04-27,2024-05-03,bug,closed,36,45,8640
9397,35,2024-11-10,2024-11-10,usage_question,closed,11,134,0
9398,1475,2023-10-01,2023-10-03,usage_question,closed,48,60,2880
9399,100,2024-08-29,2024-08-29,usage_question,closed,44,217,0
9400,1030,2024-08-29,2024-08-29,bug,closed,29,57,0
9401,1486,2024-04-11,2024-04-11,usage_question,closed,21,91,0
9402,1951,2024-10-29,2024-10-29,feature_request,closed,6,141,0
9403,1108,2024-08-28,2024-09-02,billing,closed,50,104,7200
9404,1114,2024-12-02,2024-12-05,usage_question,closed,6,229,4320
9405,245,2024-04-06,2024-04-06,feature_request,closed,50,85,0
9406,71,2024-07-09,2024-07-12,bug,closed,10,175,4320
9407,601,2024-05-07,2024-05-07,feature_request,closed,19,136,0
9408,362,2023-02-19,2023-02-22,usage_question,closed,3,128,4320
9409,431,2024-06-16,2024-06-16,usage_question,closed,18,239,0
9410,900,2024-03-19,2024-03-19,feature_request,closed,29,191,0
9411,66,2024-07-16,2024-07-16,usage_question,closed,25,134,0
9412,1679,2024-03-08,2024-03-08,bug,closed,33,203,0
9413,1372,2024-09-28,2024-09-28,billing,closed,15,212,0
9414,1319,2023-12-18,2023-12-20,other,closed,32,166,2880
9415,484,2024-10-14,2024-10-14,bug,closed,12,151,0
9416,1756,2023-10-11,2023-10-14,usage_question,closed,19,113,4320
9417,1394,2024-06-09,2024-06-09,bug,closed,43,72,0
9418,655,2024-12-20,2024-12-20,bug,closed,16,224,0
9419,1694,2024-02-23,2024-02-23,bug,closed,21,166,0
9420,1372,2024-04-25,2024-05-01,feature_request,closed,42,36,8640
9421,70,2024-05-01,2024-05-05,usage_question,closed,9,66,5760
9422,976,2024-11-01,2024-11-04,bug,closed,5,45,4320
9423,757,2024-12-19,2024-12-19,bug,closed,37,192,0
9424,417,2024-05-08,2024-05-08,usage_question,closed,27,97,0
9425,417,2024-10-18,2024-10-18,bug,closed,21,138,0
9426,311,2024-05-03,2024-05-03,usage_question,closed,37,32,0
9427,1406,2024-10-04,2024-10-07,bug,closed,23,20,4320
9428,1508,2024-04-11,2024-04-17,billing,closed,2,55,8640
9429,952,2024-09-13,2024-09-19,other,closed,48,145,8640
9430,129,2024-07-25,2024-07-31,usage_question,closed,34,122,8640
9431,667,2024-04-07,2024-04-11,bug,closed,48,20,5760
9432,1247,2024-08-03,2024-08-03,bug,closed,3,230,0
9433,1164,2024-07-20,2024-07-20,usage_question,closed,7,201,0
9434,476,2024-06-24,2024-06-24,bug,closed,44,61,0
9435,1013,2024-07-24,2024-07-31,feature_request,closed,44,78,10080
9436,566,2024-02-24,2024-03-01,usage_question,closed,36,185,8640
9437,675,2024-08-16,2024-08-21,other,closed,24,228,7200
9438,1596,2024-10-19,2024-10-22,bug,closed,50,106,4320
9439,622,2024-01-26,2024-01-31,other,closed,4,164,7200
9440,1628,2024-12-10,2024-12-16,feature_request,closed,44,188,8640
9441,1388,2024-12-29,2024-12-29,usage_question,closed,11,38,0
9442,435,2024-03-31,2024-03-31,other,closed,30,33,0
9443,1126,2024-06-18,2024-06-18,other,closed,39,44,0
9444,1087,2024-10-09,2024-10-09,bug,closed,26,52,0
9445,1279,2023-10-01,2023-10-06,billing,closed,14,19,7200
9446,1745,2024-09-06,2024-09-09,bug,closed,31,202,4320
9447,72,2024-02-28,2024-03-03,usage_question,closed,3,183,5760
9448,1700,2024-09-14,2024-09-14,billing,closed,7,26,0
9449,1944,2024-03-11,2024-03-11,billing,closed,37,109,0
9450,1716,2024-10-28,2024-11-04,usage_question,closed,38,134,10080
9451,1852,2024-08-14,2024-08-17,billing,closed,48,143,4320
9452,1682,2023-10-22,2023-10-22,feature_request,closed,43,157,0
9453,273,2023-06-02,2023-06-08,feature_request,closed,4,98,8640
9454,76,2024-07-08,2024-07-08,bug,closed,46,104,0
9455,1177,2024-06-20,2024-06-20,usage_question,closed,39,211,0
9456,484,2024-02-27,2024-03-03,usage_question,closed,38,161,7200
9457,1137,2024-10-30,2024-10-30,usage_question,closed,1,157,0
9458,1449,2024-12-18,2024-12-18,usage_question,closed,15,235,0
9459,121,2024-10-03,2024-10-06,billing,closed,42,34,4320
9460,1223,2024-04-29,2024-04-29,bug,closed,29,167,0
9461,399,2024-09-05,2024-09-05,usage_question,closed,50,88,0
9462,1319,2024-10-30,2024-10-30,bug,closed,17,56,0
9463,1840,2024-05-05,2024-05-05,bug,closed,45,169,0
9464,1236,2024-09-04,2024-09-05,billing,closed,33,225,1440
9465,924,2024-12-25,2024-12-25,feature_request,closed,44,23,0
9466,1993,2024-06-08,2024-06-10,usage_question,closed,7,53,2880
9467,964,2024-12-20,2024-12-21,feature_request,closed,1,26,1440
9468,1789,2024-08-01,2024-08-01,billing,closed,40,178,0
9469,560,2024-10-05,2024-10-05,billing,closed,23,140,0
9470,1484,2024-01-12,2024-01-17,billing,closed,45,89,7200
9471,484,2024-09-18,2024-09-20,bug,closed,24,55,2880
9472,545,2024-04-10,2024-04-13,usage_question,closed,38,215,4320
9473,358,2024-07-19,2024-07-19,billing,closed,45,73,0
9474,1748,2024-12-24,2024-12-30,billing,closed,49,57,8640
9475,1742,2024-11-22,2024-11-22,bug,closed,44,64,0
9476,1779,2024-11-11,2024-11-12,bug,closed,5,99,1440
9477,916,2023-12-22,2023-12-27,bug,closed,5,52,7200
9478,746,2024-05-09,2024-05-09,bug,closed,37,92,0
9479,917,2024-07-27,2024-07-27,usage_question,closed,26,23,0
9480,739,2024-06-13,2024-06-13,feature_request,closed,13,156,0
9481,1778,2023-07-10,2023-07-10,bug,closed,24,97,0
9482,54,2024-08-12,2024-08-12,usage_question,closed,32,110,0
9483,368,2024-06-24,2024-07-01,bug,closed,16,223,10080
9484,591,2024-09-15,2024-09-15,bug,closed,14,111,0
9485,545,2024-07-04,2024-07-07,usage_question,closed,50,86,4320
9486,1107,2024-04-17,2024-04-17,usage_question,closed,33,214,0
9487,1430,2024-04-28,2024-05-03,usage_question,closed,27,145,7200
9488,97,2023-09-08,2023-09-08,usage_question,closed,32,95,0
9489,1688,2024-01-22,2024-01-26,usage_question,closed,26,186,5760
9490,285,2024-05-11,2024-05-11,bug,closed,46,29,0
9491,1018,2024-12-27,2024-12-27,usage_question,closed,18,238,0
9492,837,2024-10-04,2024-10-10,bug,closed,7,64,8640
9493,688,2024-11-12,2024-11-12,usage_question,closed,40,43,0
9494,1924,2024-08-29,2024-08-29,bug,closed,13,169,0
9495,1538,2024-11-08,2024-11-15,bug,closed,17,17,10080
9496,369,2024-10-10,2024-10-10,feature_request,closed,43,213,0
9497,334,2024-03-15,2024-03-20,other,closed,35,146,7200
9498,1897,2023-12-16,2023-12-16,usage_question,closed,36,135,0
9499,1379,2024-06-11,2024-06-12,usage_question,closed,42,68,1440
9500,826,2024-12-19,2024-12-21,usage_question,closed,5,211,2880
9501,872,2023-11-20,2023-11-24,feature_request,closed,24,222,5760
9502,1934,2024-06-29,2024-07-04,billing,closed,17,196,7200
9503,1950,2024-09-02,2024-09-08,bug,closed,26,84,8640
9504,526,2024-11-06,2024-11-06,bug,closed,31,161,0
9505,179,2024-03-27,2024-04-01,feature_request,closed,14,239,7200
9506,1526,2024-03-13,2024-03-17,bug,closed,20,113,5760
9507,9,2024-10-16,2024-10-18,other,closed,36,116,2880
9508,1849,2024-06-12,2024-06-13,bug,closed,13,56,1440
9509,408,2024-06-27,2024-06-30,bug,closed,33,56,4320
9510,442,2023-11-20,2023-11-21,bug,closed,37,55,1440
9511,77,2024-08-22,2024-08-25,other,closed,9,93,4320
9512,1048,2024-11-22,2024-11-22,feature_request,closed,46,25,0
9513,440,2024-10-23,2024-10-23,bug,closed,49,109,0
9514,392,2024-09-05,2024-09-09,bug,closed,14,43,5760
9515,285,2024-12-27,2024-12-27,feature_request,closed,43,181,0
9516,270,2024-05-04,2024-05-04,billing,closed,43,107,0
9517,21,2024-05-13,2024-05-17,feature_request,closed,24,174,5760
9518,1499,2024-09-18,2024-09-18,feature_request,closed,42,138,0
9519,1735,2024-12-22,2024-12-22,usage_question,closed,44,220,0
9520,1940,2024-09-02,2024-09-02,usage_question,closed,36,142,0
9521,1867,2024-10-30,2024-11-01,feature_request,closed,11,89,2880
9522,1598,2024-11-22,2024-11-29,billing,closed,42,81,10080
9523,554,2024-05-22,2024-05-22,bug,closed,39,179,0
9524,590,2023-12-16,2023-12-16,usage_question,closed,1,143,0
9525,358,2023-04-21,2023-04-21,usage_question,closed,33,104,0
9526,908,2024-05-17,2024-05-19,other,closed,35,140,2880
9527,1702,2024-08-31,2024-08-31,usage_question,closed,16,136,0
9528,1861,2024-05-19,2024-05-20,billing,closed,32,67,1440
9529,1317,2024-12-01,2024-12-01,feature_request,closed,30,155,0
9530,1728,2024-09-27,2024-10-02,feature_request,closed,23,190,7200
9531,94,2024-05-28,2024-06-02,bug,closed,43,228,7200
9532,128,2024-01-01,2024-01-01,usage_question,closed,29,178,0
9533,575,2024-05-22,2024-05-22,feature_request,closed,39,151,0
9534,1151,2024-06-27,2024-06-27,feature_request,closed,9,162,0
9535,846,2024-07-02,2024-07-06,usage_question,closed,36,47,5760
9536,69,2023-09-02,2023-09-07,bug,closed,14,191,7200
9537,776,2024-10-16,2024-10-16,bug,closed,42,213,0
9538,912,2024-03-22,2024-03-22,feature_request,closed,13,84,0
9539,980,2024-10-15,2024-10-17,feature_request,closed,42,203,2880
9540,36,2024-09-03,2024-09-03,billing,closed,1,147,0
9541,810,2024-08-14,2024-08-20,feature_request,closed,14,50,8640
9542,724,2024-02-03,2024-02-10,billing,closed,34,61,10080
9543,1671,2024-12-23,2024-12-23,feature_request,closed,32,218,0
9544,382,2024-12-22,2024-12-28,feature_request,closed,3,46,8640
9545,470,2024-01-09,2024-01-14,usage_question,closed,14,198,7200
9546,1054,2023-11-07,2023-11-08,bug,closed,8,131,1440
9547,1095,2024-08-07,2024-08-07,bug,closed,5,141,0
9548,1570,2024-02-12,2024-02-16,billing,closed,14,97,5760
9549,1710,2024-10-15,2024-10-15,usage_question,closed,6,143,0
9550,552,2024-06-06,2024-06-06,usage_question,closed,7,115,0
9551,598,2024-09-03,2024-09-03,usage_question,closed,37,235,0
9552,1924,2024-07-30,2024-07-30,other,closed,43,24,0
9553,447,2024-10-19,2024-10-19,bug,closed,13,55,0
9554,208,2024-12-05,2024-12-08,other,closed,31,159,4320
9555,955,2024-04-09,2024-04-09,billing,closed,18,51,0
9556,826,2024-04-23,2024-04-23,usage_question,closed,7,58,0
9557,749,2024-11-09,2024-11-09,bug,closed,48,196,0
9558,705,2024-11-18,2024-11-21,bug,closed,49,167,4320
9559,848,2024-05-15,2024-05-15,other,closed,34,193,0
9560,698,2023-11-29,2023-11-29,bug,closed,5,208,0
9561,1694,2024-12-13,2024-12-16,other,closed,38,141,4320
9562,78,2024-09-23,2024-09-23,billing,closed,43,80,0
9563,996,2024-01-13,2024-01-15,feature_request,closed,12,234,2880
9564,1643,2024-11-25,2024-11-25,bug,closed,14,78,0
9565,247,2024-12-22,2024-12-22,bug,closed,2,93,0
9566,1074,2024-07-08,2024-07-08,bug,closed,23,191,0
9567,1085,2024-09-27,2024-10-02,billing,closed,6,72,7200
9568,1711,2024-02-10,2024-02-13,bug,closed,46,23,4320
9569,897,2024-07-18,2024-07-22,bug,closed,39,160,5760
9570,814,2024-06-21,2024-06-28,feature_request,closed,39,110,10080
9571,1068,2023-06-03,2023-06-05,billing,closed,33,56,2880
9572,771,2024-03-26,2024-03-29,feature_request,closed,29,57,4320
9573,4,2024-11-08,2024-11-08,usage_question,closed,44,107,0
9574,920,2024-10-25,2024-10-25,other,closed,15,81,0
9575,1607,2024-05-12,2024-05-12,bug,closed,46,122,0
9576,912,2024-07-04,2024-07-08,bug,closed,3,18,5760
9577,506,2024-05-05,2024-05-05,usage_question,closed,34,173,0
9578,1552,2024-02-09,2024-02-09,other,closed,8,236,0
9579,1896,2023-06-23,2023-06-23,bug,closed,15,214,0
9580,444,2024-07-28,2024-07-29,bug,closed,29,38,1440
9581,17,2024-10-15,2024-10-15,feature_request,closed,46,215,0
9582,1089,2024-07-07,2024-07-07,usage_question,closed,26,190,0
9583,898,2024-10-23,2024-10-23,billing,closed,15,39,0
9584,1179,2024-10-08,2024-10-09,usage_question,closed,1,154,1440
9585,119,2024-04-20,2024-04-20,feature_request,closed,37,106,0
9586,1237,2023-12-12,2023-12-12,feature_request,closed,48,62,0
9587,612,2024-12-19,2024-12-19,usage_question,closed,47,113,0
9588,460,2024-12-11,2024-12-11,usage_question,closed,48,162,0
9589,1111,2024-10-22,2024-10-22,usage_question,closed,35,173,0
9590,1756,2024-04-30,2024-04-30,feature_request,closed,27,39,0
9591,402,2024-01-28,2024-01-29,feature_request,closed,22,115,1440
9592,983,2024-01-28,2024-01-28,other,closed,43,89,0
9593,653,2024-05-08,2024-05-08,usage_question,closed,31,92,0
9594,1800,2023-05-21,2023-05-21,usage_question,closed,5,229,0
9595,1698,2024-09-25,2024-09-25,bug,closed,13,117,0
9596,1871,2024-07-26,2024-07-26,billing,closed,20,44,0
9597,63,2024-08-08,2024-08-08,bug,closed,49,226,0
9598,799,2024-07-16,2024-07-22,usage_question,closed,48,167,8640
9599,1940,2024-01-09,2024-01-09,bug,closed,31,17,0
9600,1736,2024-04-20,2024-04-20,usage_question,closed,8,65,0
9601,537,2024-02-13,2024-02-13,bug,closed,21,82,0
9602,799,2024-01-20,2024-01-20,other,closed,42,38,0
9603,673,2024-12-04,2024-12-08,usage_question,closed,42,53,5760
9604,505,2023-05-14,2023-05-14,other,closed,26,90,0
9605,84,2024-04-29,2024-04-29,usage_question,closed,39,144,0
9606,1209,2023-11-12,2023-11-19,usage_question,closed,27,122,10080
9607,1796,2024-02-29,2024-03-06,bug,closed,8,21,8640
9608,1973,2024-07-22,2024-07-22,bug,closed,15,57,0
9609,1416,2024-03-16,2024-03-16,usage_question,closed,10,146,0
9610,131,2024-02-16,2024-02-23,billing,closed,2,90,10080
9611,331,2024-03-17,2024-03-17,bug,closed,32,62,0
9612,1884,2024-02-08,2024-02-12,bug,closed,4,205,5760
9613,839,2023-08-26,2023-08-28,bug,closed,45,147,2880
9614,1752,2024-12-04,2024-12-04,bug,closed,33,135,0
9615,1756,2024-02-13,2024-02-13,bug,closed,15,212,0
9616,298,2024-03-16,2024-03-16,other,closed,37,89,0
9617,1383,2024-05-15,2024-05-16,billing,closed,8,157,1440
9618,598,2024-04-21,2024-04-21,feature_request,closed,38,200,0
9619,1275,2024-07-10,2024-07-13,usage_question,closed,32,117,4320
9620,802,2024-01-20,2024-01-21,usage_question,closed,36,113,1440
9621,358,2024-08-30,2024-08-30,usage_question,closed,40,99,0
9622,1538,2024-12-04,2024-12-06,bug,closed,25,228,2880
9623,701,2024-06-16,2024-06-16,usage_question,closed,44,222,0
9624,510,2024-12-29,2024-12-31,usage_question,closed,37,93,2880
9625,809,2024-09-21,2024-09-21,usage_question,closed,14,146,0
9626,1602,2023-09-08,2023-09-14,billing,closed,46,95,8640
9627,1985,2023-09-13,2023-09-20,other,closed,1,200,10080
9628,858,2024-09-05,2024-09-09,usage_question,closed,20,159,5760
9629,1453,2024-06-11,2024-06-11,other,closed,29,33,0
9630,1967,2024-04-21,2024-04-27,usage_question,closed,42,84,8640
9631,69,2024-09-16,2024-09-18,bug,closed,20,156,2880
9632,1604,2024-01-11,2024-01-17,billing,closed,29,200,8640
9633,1905,2024-06-07,2024-06-07,usage_question,closed,40,61,0
9634,1340,2024-08-23,2024-08-24,usage_question,closed,42,196,1440
9635,355,2024-11-09,2024-11-15,usage_question,closed,46,77,8640
9636,519,2023-12-14,2023-12-14,bug,closed,13,232,0
9637,1644,2024-03-22,2024-03-22,bug,closed,6,34,0
9638,753,2024-11-19,2024-11-19,other,closed,3,230,0
9639,218,2024-11-14,2024-11-16,feature_request,closed,31,28,2880
9640,503,2024-08-10,2024-08-15,usage_question,closed,15,100,7200
9641,1134,2024-11-17,2024-11-22,bug,closed,13,210,7200
9642,515,2024-07-06,2024-07-10,feature_request,closed,35,155,5760
9643,1516,2024-05-22,2024-05-23,bug,closed,47,74,1440
9644,1133,2024-08-25,2024-08-28,bug,closed,49,234,4320
9645,45,2024-03-14,2024-03-15,bug,closed,39,197,1440
9646,331,2024-11-26,2024-12-03,bug,closed,20,73,10080
9647,668,2024-06-27,2024-06-27,bug,closed,32,93,0
9648,1909,2024-07-05,2024-07-10,usage_question,closed,46,154,7200
9649,1090,2024-05-12,2024-05-12,usage_question,closed,22,50,0
9650,589,2024-03-07,2024-03-07,bug,closed,44,196,0
9651,1949,2024-10-30,2024-10-30,bug,closed,10,167,0
9652,1583,2024-11-23,2024-11-30,billing,closed,22,71,10080
9653,1634,2024-11-10,2024-11-17,other,closed,31,132,10080
9654,382,2024-02-09,2024-02-11,feature_request,closed,26,50,2880
9655,50,2024-03-15,2024-03-18,bug,closed,48,92,4320
9656,796,2024-06-16,2024-06-16,bug,closed,49,58,0
9657,1532,2023-12-20,2023-12-20,bug,closed,33,145,0
9658,975,2024-08-07,2024-08-09,bug,closed,9,213,2880
9659,281,2024-08-07,2024-08-14,usage_question,closed,3,206,10080
9660,440,2024-09-03,2024-09-08,bug,closed,1,218,7200
9661,1427,2024-09-15,2024-09-15,usage_question,closed,31,55,0
9662,998,2024-06-12,2024-06-14,usage_question,closed,26,196,2880
9663,1813,2024-07-23,2024-07-23,bug,closed,3,161,0
9664,10,2024-07-20,2024-07-21,other,closed,27,64,1440
9665,1319,2024-05-30,2024-06-01,usage_question,closed,31,58,2880
9666,246,2024-06-11,2024-06-11,other,closed,17,78,0
9667,644,2024-07-13,2024-07-15,bug,closed,9,170,2880
9668,20,2024-02-09,2024-02-11,usage_question,closed,11,148,2880
9669,591,2023-12-04,2023-12-04,bug,closed,46,58,0
9670,1850,2024-11-10,2024-11-10,other,closed,20,217,0
9671,275,2024-10-15,2024-10-21,bug,closed,5,177,8640
9672,1823,2024-09-25,2024-09-27,bug,closed,20,97,2880
9673,1257,2024-12-23,2024-12-23,bug,closed,2,221,0
9674,66,2024-11-09,2024-11-13,usage_question,closed,3,192,5760
9675,643,2024-03-17,2024-03-23,usage_question,closed,42,193,8640
9676,577,2024-10-03,2024-10-04,feature_request,closed,39,94,1440
9677,503,2024-03-14,2024-03-14,other,closed,13,95,0
9678,1373,2024-02-16,2024-02-16,billing,closed,6,225,0
9679,1124,2024-04-11,2024-04-18,other,closed,29,122,10080
9680,1280,2024-11-05,2024-11-05,usage_question,closed,5,197,0
9681,536,2024-11-16,2024-11-16,feature_request,closed,8,176,0
9682,631,2024-12-09,2024-12-09,other,closed,37,90,0
9683,1503,2024-06-13,2024-06-17,feature_request,closed,22,70,5760
9684,589,2023-09-18,2023-09-18,other,closed,3,74,0
9685,1451,2024-10-06,2024-10-06,bug,closed,14,189,0
9686,1193,2024-03-21,2024-03-23,usage_question,closed,6,233,2880
9687,1263,2024-09-08,2024-09-15,bug,closed,33,77,10080
9688,831,2024-05-06,2024-05-06,usage_question,closed,27,137,0
9689,570,2024-01-09,2024-01-16,feature_request,closed,25,229,10080
9690,1835,2023-09-22,2023-09-22,bug,closed,33,228,0
9691,39,2024-12-01,2024-12-01,bug,closed,1,30,0
9692,1596,2024-08-12,2024-08-15,bug,closed,13,166,4320
9693,1773,2024-10-20,2024-10-21,feature_request,closed,33,34,1440
9694,616,2024-08-29,2024-09-05,usage_question,closed,14,139,10080
9695,703,2024-12-25,2024-12-25,usage_question,closed,40,125,0
9696,353,2023-11-30,2023-12-07,billing,closed,22,197,10080
9697,574,2024-07-28,2024-07-28,bug,closed,44,202,0
9698,490,2024-11-27,2024-11-27,bug,closed,38,149,0
9699,1816,2024-05-03,2024-05-05,bug,closed,31,157,2880
9700,1203,2023-11-28,2023-11-28,bug,closed,37,69,0
9701,1306,2024-04-04,2024-04-10,other,closed,24,173,8640
9702,1117,2024-04-03,2024-04-03,bug,closed,34,236,0
9703,788,2024-05-10,2024-05-10,usage_question,closed,44,113,0
9704,819,2024-01-02,2024-01-02,bug,closed,12,104,0
9705,58,2023-09-29,2023-09-29,billing,closed,3,22,0
9706,1071,2023-07-22,2023-07-22,bug,closed,42,174,0
9707,298,2024-04-28,2024-04-28,usage_question,closed,21,198,0
9708,1948,2023-11-25,2023-12-02,usage_question,closed,32,37,10080
9709,340,2024-05-12,2024-05-14,usage_question,closed,40,184,2880
9710,1882,2024-02-19,2024-02-19,usage_question,closed,6,146,0
9711,272,2024-06-24,2024-06-24,usage_question,closed,38,230,0
9712,803,2024-12-21,2024-12-23,usage_question,closed,4,170,2880
9713,1587,2024-12-08,2024-12-08,usage_question,closed,13,22,0
9714,1069,2023-08-14,2023-08-20,usage_question,closed,22,232,8640
9715,813,2024-03-30,2024-03-30,usage_question,closed,15,166,0
9716,568,2024-03-16,2024-03-17,billing,closed,25,75,1440
9717,643,2024-06-03,2024-06-08,feature_request,closed,25,17,7200
9718,1589,2024-06-30,2024-06-30,usage_question,closed,25,221,0
9719,1576,2024-03-13,2024-03-19,bug,closed,17,87,8640
9720,1318,2023-07-11,2023-07-17,feature_request,closed,17,114,8640
9721,288,2024-12-11,2024-12-17,bug,closed,8,59,8640
9722,1170,2024-04-01,2024-04-02,billing,closed,22,206,1440
9723,485,2024-05-20,2024-05-22,usage_question,closed,14,225,2880
9724,652,2024-02-19,2024-02-19,bug,closed,5,173,0
9725,706,2024-08-12,2024-08-12,bug,closed,40,157,0
9726,669,2024-04-03,2024-04-03,usage_question,closed,2,25,0
9727,1762,2024-12-06,2024-12-12,usage_question,closed,31,217,8640
9728,1834,2023-10-24,2023-10-24,bug,closed,38,94,0
9729,1000,2024-03-20,2024-03-21,feature_request,closed,16,174,1440
9730,936,2024-02-15,2024-02-15,usage_question,closed,6,204,0
9731,120,2024-12-08,2024-12-08,feature_request,closed,17,159,0
9732,754,2023-11-01,2023-11-04,bug,closed,4,204,4320
9733,1974,2023-11-07,2023-11-11,usage_question,closed,39,169,5760
9734,873,2024-12-22,2024-12-29,usage_question,closed,10,131,10080
9735,1243,2024-10-05,2024-10-06,billing,closed,24,113,1440
9736,152,2024-08-27,2024-08-31,other,closed,34,130,5760
9737,1085,2024-04-26,2024-04-30,bug,closed,19,40,5760
9738,1737,2023-12-02,2023-12-02,bug,closed,19,187,0
9739,1898,2024-09-28,2024-10-04,billing,closed,29,54,8640
9740,1103,2024-12-28,2024-12-28,bug,closed,34,150,0
9741,354,2024-11-30,2024-11-30,usage_question,closed,23,170,0
9742,975,2024-03-13,2024-03-13,usage_question,closed,15,228,0
9743,1558,2023-02-26,2023-02-26,other,closed,6,218,0
9744,1728,2024-01-26,2024-01-26,bug,closed,50,121,0
9745,1813,2024-10-06,2024-10-12,feature_request,closed,35,200,8640
9746,1987,2024-04-09,2024-04-10,billing,closed,26,105,1440
9747,1441,2024-12-21,2024-12-26,other,closed,34,57,7200
9748,384,2024-08-24,2024-08-24,usage_question,closed,43,52,0
9749,114,2024-11-15,2024-11-15,usage_question,closed,39,161,0
9750,976,2024-12-12,2024-12-19,other,closed,39,98,10080
9751,1730,2024-12-22,2024-12-25,bug,closed,31,213,4320
9752,1627,2024-09-05,2024-09-07,billing,closed,8,204,2880
9753,674,2024-12-13,2024-12-13,usage_question,closed,13,178,0
9754,1904,2024-08-09,2024-08-11,usage_question,closed,2,130,2880
9755,24,2023-10-16,2023-10-23,usage_question,closed,18,219,10080
9756,425,2024-12-05,2024-12-09,usage_question,closed,50,130,5760
9757,634,2024-10-11,2024-10-13,feature_request,closed,8,36,2880
9758,435,2024-10-10,2024-10-11,billing,closed,20,182,1440
9759,1479,2023-11-06,2023-11-06,bug,closed,6,87,0
9760,1395,2024-10-30,2024-11-03,feature_request,closed,47,159,5760
9761,1105,2024-02-17,2024-02-24,feature_request,closed,40,46,10080
9762,302,2024-01-05,2024-01-05,usage_question,closed,43,203,0
9763,1985,2024-06-29,2024-06-29,usage_question,closed,50,73,0
9764,101,2024-05-17,2024-05-17,bug,closed,46,160,0
9765,911,2023-12-06,2023-12-10,usage_question,closed,44,216,5760
9766,432,2024-11-24,2024-11-28,billing,closed,9,94,5760
9767,1347,2024-01-27,2024-01-27,feature_request,closed,37,76,0
9768,1384,2024-09-16,2024-09-19,bug,closed,40,229,4320
9769,1808,2023-10-23,2023-10-23,usage_question,closed,19,55,0
9770,1334,2024-12-03,2024-12-03,feature_request,closed,42,68,0
9771,222,2024-12-18,2024-12-18,billing,closed,45,228,0
9772,1630,2024-01-26,2024-01-30,usage_question,closed,30,221,5760
9773,1499,2024-01-26,2024-01-26,other,closed,20,171,0
9774,849,2024-06-21,2024-06-21,bug,closed,32,45,0
9775,107,2024-11-15,2024-11-18,bug,closed,33,27,4320
9776,1536,2024-03-11,2024-03-11,usage_question,closed,48,165,0
9777,218,2024-08-27,2024-08-27,usage_question,closed,2,92,0
9778,258,2024-03-31,2024-04-03,bug,closed,34,195,4320
9779,1091,2024-08-21,2024-08-28,bug,closed,33,227,10080
9780,1521,2024-07-07,2024-07-07,billing,closed,13,87,0
9781,511,2024-10-07,2024-10-07,feature_request,closed,25,82,0
9782,1205,2024-01-25,2024-01-27,bug,closed,44,22,2880
9783,373,2024-12-23,2024-12-26,usage_question,closed,30,205,4320
9784,1025,2024-08-26,2024-08-26,usage_question,closed,16,43,0
9785,1320,2024-12-09,2024-12-09,feature_request,closed,49,227,0
9786,241,2024-09-17,2024-09-17,usage_question,closed,15,28,0
9787,629,2024-10-07,2024-10-08,other,closed,50,207,1440
9788,798,2024-10-14,2024-10-14,bug,closed,17,24,0
9789,259,2024-11-22,2024-11-22,usage_question,closed,48,173,0
9790,894,2024-05-17,2024-05-23,billing,closed,6,28,8640
9791,1437,2024-04-14,2024-04-16,bug,closed,42,226,2880
9792,202,2023-12-12,2023-12-18,usage_question,closed,33,126,8640
9793,1674,2024-01-20,2024-01-20,bug,closed,4,217,0
9794,1116,2024-10-04,2024-10-07,billing,closed,20,76,4320
9795,1343,2024-12-26,2024-12-26,other,closed,18,86,0
9796,1823,2024-09-19,2024-09-19,usage_question,closed,47,102,0
9797,1214,2024-08-17,2024-08-17,usage_question,closed,23,108,0
9798,857,2024-01-27,2024-02-03,usage_question,closed,34,181,10080
9799,385,2024-08-08,2024-08-08,bug,closed,23,238,0
9800,764,2024-08-03,2024-08-03,feature_request,closed,38,162,0
9801,1365,2024-03-19,2024-03-19,bug,closed,29,161,0
9802,1515,2024-07-30,2024-07-31,feature_request,closed,47,117,1440
9803,1883,2024-02-14,2024-02-15,usage_question,closed,2,161,1440
9804,1327,2024-02-20,2024-02-22,usage_question,closed,22,73,2880
9805,272,2023-11-11,2023-11-11,bug,closed,11,181,0
9806,1540,2024-09-29,2024-10-01,feature_request,closed,46,140,2880
9807,1296,2024-05-21,2024-05-21,other,closed,12,208,0
9808,928,2024-11-24,2024-11-24,billing,closed,10,77,0
9809,703,2024-04-10,2024-04-10,other,closed,22,87,0
9810,1356,2024-11-27,2024-11-29,usage_question,closed,38,158,2880
9811,927,2024-10-12,2024-10-12,bug,closed,13,31,0
9812,175,2024-03-08,2024-03-13,feature_request,closed,29,217,7200
9813,702,2023-08-08,2023-08-15,bug,closed,48,111,10080
9814,625,2024-09-30,2024-10-05,bug,closed,40,107,7200
9815,1107,2024-07-25,2024-07-30,billing,closed,42,158,7200
9816,937,2024-03-24,2024-03-24,usage_question,closed,10,111,0
9817,1699,2024-09-22,2024-09-22,feature_request,closed,5,214,0
9818,728,2024-08-17,2024-08-18,usage_question,closed,48,101,1440
9819,677,2024-04-21,2024-04-21,feature_request,closed,43,173,0
9820,358,2024-07-03,2024-07-08,feature_request,closed,4,86,7200
9821,1888,2024-10-07,2024-10-13,bug,closed,37,100,8640
9822,1502,2024-05-28,2024-06-04,bug,closed,40,169,10080
9823,1138,2024-02-29,2024-03-04,usage_question,closed,12,61,5760
9824,387,2024-07-02,2024-07-05,bug,closed,34,219,4320
9825,715,2024-12-01,2024-12-04,usage_question,closed,38,234,4320
9826,1354,2024-09-28,2024-09-28,feature_request,closed,29,90,0
9827,825,2024-06-15,2024-06-19,feature_request,closed,14,225,5760
9828,1577,2024-09-10,2024-09-10,other,closed,21,92,0
9829,1238,2024-03-13,2024-03-13,usage_question,closed,22,86,0
9830,1479,2024-08-24,2024-08-24,usage_question,closed,36,224,0
9831,1052,2023-12-08,2023-12-08,bug,closed,10,117,0
9832,1290,2024-07-20,2024-07-20,bug,closed,21,234,0
9833,1731,2024-05-18,2024-05-18,billing,closed,50,172,0
9834,1396,2023-11-19,2023-11-19,usage_question,closed,3,72,0
9835,1410,2024-11-06,2024-11-06,billing,closed,33,70,0
9836,780,2024-07-19,2024-07-19,bug,closed,21,150,0
9837,1055,2024-04-28,2024-05-02,feature_request,closed,14,89,5760
9838,188,2023-09-24,2023-09-25,billing,closed,24,182,1440
9839,1528,2023-12-28,2023-12-31,usage_question,closed,4,28,4320
9840,917,2024-03-16,2024-03-21,usage_question,closed,21,144,7200
9841,1112,2024-06-03,2024-06-04,usage_question,closed,10,216,1440
9842,579,2023-12-04,2023-12-10,other,closed,25,34,8640
9843,684,2023-12-01,2023-12-02,feature_request,closed,37,133,1440
9844,1526,2024-07-22,2024-07-23,feature_request,closed,33,59,1440
9845,1724,2024-08-09,2024-08-13,usage_question,closed,5,49,5760
9846,940,2024-11-17,2024-11-17,other,closed,36,233,0
9847,1852,2024-07-12,2024-07-17,other,closed,25,217,7200
9848,42,2024-08-28,2024-08-28,usage_question,closed,22,67,0
9849,926,2024-04-13,2024-04-20,bug,closed,25,93,10080
9850,1626,2023-11-26,2023-11-26,other,closed,23,46,0
9851,781,2024-10-16,2024-10-18,usage_question,closed,36,71,2880
9852,265,2024-06-22,2024-06-22,feature_request,closed,47,169,0
9853,79,2024-03-31,2024-03-31,bug,closed,32,111,0
9854,1804,2024-06-30,2024-06-30,feature_request,closed,39,128,0
9855,1139,2023-11-01,2023-11-01,bug,closed,48,18,0
9856,1840,2024-05-19,2024-05-20,bug,closed,24,88,1440
9857,935,2024-09-21,2024-09-21,bug,closed,18,102,0
9858,1351,2024-02-12,2024-02-14,usage_question,closed,15,21,2880
9859,93,2023-09-05,2023-09-11,bug,closed,15,198,8640
9860,1270,2024-07-03,2024-07-06,feature_request,closed,10,78,4320
9861,608,2023-04-21,2023-04-24,usage_question,closed,47,71,4320
9862,1117,2024-04-21,2024-04-21,bug,closed,3,158,0
9863,1358,2024-01-28,2024-01-30,other,closed,16,227,2880
9864,1778,2023-12-07,2023-12-12,bug,closed,4,114,7200
9865,188,2024-03-18,2024-03-18,usage_question,closed,19,84,0
9866,1145,2024-03-16,2024-03-20,bug,closed,48,30,5760
9867,1621,2024-11-08,2024-11-08,usage_question,closed,40,19,0
9868,1042,2023-07-26,2023-07-31,usage_question,closed,40,80,7200
9869,74,2024-01-30,2024-01-30,feature_request,closed,5,201,0
9870,1664,2024-08-19,2024-08-19,usage_question,closed,12,115,0
9871,720,2024-01-30,2024-02-01,feature_request,closed,34,33,2880
9872,614,2024-10-12,2024-10-14,billing,closed,7,138,2880
9873,1285,2024-09-18,2024-09-18,usage_question,closed,22,29,0
9874,1492,2024-04-11,2024-04-11,other,closed,46,28,0
9875,1289,2023-12-08,2023-12-12,usage_question,closed,32,124,5760
9876,1544,2024-06-16,2024-06-17,usage_question,closed,49,110,1440
9877,1521,2024-06-27,2024-07-03,usage_question,closed,36,205,8640
9878,1466,2024-03-08,2024-03-13,other,closed,17,96,7200
9879,1817,2024-02-20,2024-02-20,bug,closed,3,54,0
9880,590,2024-04-07,2024-04-10,bug,closed,10,159,4320
9881,1608,2023-09-12,2023-09-12,bug,closed,36,158,0
9882,1406,2024-09-25,2024-09-25,usage_question,closed,21,92,0
9883,1852,2024-10-20,2024-10-20,bug,closed,27,56,0
9884,309,2024-09-03,2024-09-03,bug,closed,31,63,0
9885,190,2024-07-12,2024-07-12,usage_question,closed,8,92,0
9886,1314,2023-09-11,2023-09-13,feature_request,closed,6,114,2880
9887,1467,2024-01-24,2024-01-28,feature_request,closed,23,135,5760
9888,1879,2024-12-23,2024-12-23,bug,closed,26,198,0
9889,667,2024-12-10,2024-12-10,feature_request,closed,2,203,0
9890,1108,2024-03-14,2024-03-18,bug,closed,34,130,5760
9891,1160,2024-05-04,2024-05-09,billing,closed,43,90,7200
9892,1034,2024-05-11,2024-05-11,bug,closed,4,139,0
9893,670,2024-04-12,2024-04-12,other,closed,11,160,0
9894,387,2024-10-21,2024-10-23,feature_request,closed,48,33,2880
9895,517,2023-06-07,2023-06-10,bug,closed,8,175,4320
9896,1522,2024-03-24,2024-03-27,usage_question,closed,42,193,4320
9897,887,2024-10-05,2024-10-05,billing,closed,35,84,0
9898,1847,2024-08-15,2024-08-16,billing,closed,19,135,1440
9899,275,2024-05-19,2024-05-19,feature_request,closed,10,163,0
9900,1874,2023-09-19,2023-09-19,usage_question,closed,49,173,0
9901,633,2024-03-21,2024-03-22,usage_question,closed,29,48,1440
9902,1198,2023-08-07,2023-08-07,bug,closed,5,176,0
9903,1222,2024-11-17,2024-11-17,bug,closed,2,107,0
9904,1889,2024-07-03,2024-07-03,usage_question,closed,23,163,0
9905,1808,2024-05-26,2024-05-26,billing,closed,3,51,0
9906,1592,2024-11-18,2024-11-18,bug,closed,50,21,0
9907,1961,2024-05-02,2024-05-09,bug,closed,18,59,10080
9908,711,2024-08-09,2024-08-09,usage_question,closed,8,235,0
9909,1791,2024-08-27,2024-08-27,usage_question,closed,17,41,0
9910,1093,2024-01-29,2024-02-02,bug,closed,10,187,5760
9911,1689,2024-12-09,2024-12-09,other,closed,16,190,0
9912,1567,2024-12-24,2024-12-31,usage_question,closed,44,191,10080
9913,340,2024-03-15,2024-03-18,usage_question,closed,39,87,4320
9914,1904,2024-11-22,2024-11-25,feature_request,closed,43,178,4320
9915,981,2024-06-24,2024-06-27,bug,closed,22,90,4320
9916,482,2024-04-12,2024-04-12,usage_question,closed,49,233,0
9917,754,2024-06-03,2024-06-03,usage_question,closed,21,80,0
9918,610,2023-11-27,2023-11-27,bug,closed,26,101,0
9919,1958,2024-10-14,2024-10-19,feature_request,closed,32,211,7200
9920,73,2024-08-15,2024-08-19,usage_question,closed,6,156,5760
9921,1716,2024-01-07,2024-01-07,usage_question,closed,32,94,0
9922,26,2024-06-06,2024-06-06,usage_question,closed,44,176,0
9923,1139,2024-06-16,2024-06-16,usage_question,closed,9,235,0
9924,861,2023-10-30,2023-11-05,bug,closed,14,140,8640
9925,110,2024-03-05,2024-03-05,usage_question,closed,48,23,0
9926,561,2024-01-30,2024-01-30,feature_request,closed,33,149,0
9927,1721,2024-02-29,2024-02-29,bug,closed,9,71,0
9928,1554,2024-04-17,2024-04-17,billing,closed,35,76,0
9929,779,2024-05-25,2024-05-25,usage_question,closed,32,54,0
9930,791,2024-11-13,2024-11-13,feature_request,closed,15,87,0
9931,1127,2024-10-06,2024-10-06,bug,closed,34,117,0
9932,722,2024-08-14,2024-08-14,usage_question,closed,24,148,0
9933,1312,2023-09-29,2023-09-29,bug,closed,42,139,0
9934,1974,2024-03-28,2024-03-28,bug,closed,1,35,0
9935,304,2024-04-26,2024-04-26,other,closed,32,26,0
9936,1912,2024-09-27,2024-09-27,bug,closed,23,212,0
9937,483,2024-09-08,2024-09-08,billing,closed,17,88,0
9938,1712,2024-12-03,2024-12-06,usage_question,closed,29,58,4320
9939,974,2024-03-18,2024-03-18,bug,closed,11,204,0
9940,1247,2024-08-11,2024-08-11,bug,closed,9,105,0
9941,124,2024-05-08,2024-05-11,bug,closed,23,197,4320
9942,1801,2024-12-24,2024-12-30,other,closed,8,199,8640
9943,23,2024-08-26,2024-08-26,bug,closed,21,168,0
9944,899,2024-12-18,2024-12-18,feature_request,closed,48,43,0
9945,1890,2023-12-23,2023-12-23,usage_question,closed,38,192,0
9946,1271,2024-06-30,2024-07-06,bug,closed,47,113,8640
9947,510,2023-11-09,2023-11-11,billing,closed,16,22,2880
9948,356,2024-03-07,2024-03-07,feature_request,closed,3,96,0
9949,834,2024-10-30,2024-10-30,feature_request,closed,39,60,0
9950,1212,2024-09-16,2024-09-16,usage_question,closed,3,117,0
9951,1918,2024-08-18,2024-08-19,bug,closed,48,80,1440
9952,236,2024-12-16,2024-12-16,other,closed,50,169,0
9953,142,2024-03-02,2024-03-09,bug,closed,34,28,10080
9954,982,2024-11-07,2024-11-07,usage_question,closed,40,81,0
9955,1272,2023-12-26,2023-12-29,usage_question,closed,15,64,4320
9956,223,2024-11-11,2024-11-12,usage_question,closed,8,25,1440
9957,1471,2024-07-09,2024-07-16,usage_question,closed,38,198,10080
9958,191,2024-12-11,2024-12-12,bug,closed,40,159,1440
9959,12,2024-02-15,2024-02-20,usage_question,closed,25,66,7200
9960,1700,2024-10-11,2024-10-16,usage_question,closed,35,100,7200
9961,934,2024-05-09,2024-05-09,other,closed,13,159,0
9962,194,2024-03-11,2024-03-12,usage_question,closed,39,225,1440
9963,101,2024-02-21,2024-02-21,bug,closed,29,116,0
9964,87,2024-03-19,2024-03-26,billing,closed,23,120,10080
9965,1956,2024-05-30,2024-06-06,usage_question,closed,36,88,10080
9966,350,2024-02-27,2024-02-27,bug,closed,44,154,0
9967,276,2023-12-06,2023-12-06,other,closed,29,28,0
9968,539,2023-12-18,2023-12-18,usage_question,closed,19,195,0
9969,1684,2024-05-13,2024-05-13,usage_question,closed,48,42,0
9970,1273,2024-11-26,2024-11-26,feature_request,closed,3,51,0
9971,489,2024-06-15,2024-06-20,feature_request,closed,46,234,7200
9972,35,2024-11-15,2024-11-17,bug,closed,15,103,2880
9973,1697,2024-09-14,2024-09-14,billing,closed,7,61,0
9974,1440,2024-05-17,2024-05-22,usage_question,closed,33,49,7200
9975,189,2024-04-29,2024-05-04,bug,closed,46,176,7200
9976,1898,2024-08-11,2024-08-14,bug,closed,38,51,4320
9977,382,2024-11-04,2024-11-08,usage_question,closed,3,124,5760
9978,756,2024-12-10,2024-12-10,bug,closed,7,154,0
9979,570,2024-05-03,2024-05-09,usage_question,closed,24,23,8640
9980,204,2024-02-11,2024-02-16,usage_question,closed,33,129,7200
9981,1171,2024-04-28,2024-05-02,usage_question,closed,14,50,5760
9982,1741,2024-04-02,2024-04-02,bug,closed,3,126,0
9983,402,2024-06-18,2024-06-18,bug,closed,31,164,0
9984,287,2024-11-30,2024-12-04,usage_question,closed,23,217,5760
9985,1009,2024-10-20,2024-10-20,bug,closed,3,239,0
9986,1639,2024-11-08,2024-11-08,other,closed,29,56,0
9987,809,2023-10-16,2023-10-16,usage_question,closed,17,154,0
9988,444,2024-07-07,2024-07-14,usage_question,closed,40,154,10080
9989,1022,2024-12-28,2024-12-28,billing,closed,15,25,0
9990,671,2024-04-14,2024-04-17,usage_question,closed,14,28,4320
9991,1822,2024-09-02,2024-09-06,feature_request,closed,25,213,5760
9992,1127,2024-02-13,2024-02-13,usage_question,closed,33,52,0
9993,1199,2024-01-16,2024-01-16,bug,closed,43,143,0
9994,692,2024-11-13,2024-11-13,bug,closed,30,203,0
9995,1595,2024-04-02,2024-04-04,usage_question,closed,10,59,2880
9996,730,2024-09-15,2024-09-15,usage_question,closed,2,151,0
9997,1499,2024-06-05,2024-06-05,bug,closed,24,155,0
9998,938,2024-05-23,2024-05-30,bug,closed,17,32,10080
9999,1221,2024-09-27,2024-09-27,bug,closed,27,89,0
10000,1914,2024-12-13,2024-12-13,usage_question,closed,13,168,0
10001,135,2024-05-18,2024-05-18,bug,closed,43,183,0
10002,1985,2023-09-24,2023-09-24,billing,closed,40,104,0
10003,1104,2024-07-07,2024-07-13,bug,closed,1,22,8640
10004,1139,2024-07-03,2024-07-06,other,closed,48,119,4320
10005,185,2024-04-25,2024-04-25,feature_request,closed,2,120,0
10006,1797,2024-11-08,2024-11-08,usage_question,closed,25,232,0
10007,1162,2023-11-18,2023-11-18,bug,closed,31,178,0
10008,762,2024-09-07,2024-09-10,usage_question,closed,40,32,4320
10009,432,2024-03-11,2024-03-18,feature_request,closed,40,130,10080
10010,1652,2024-04-01,2024-04-08,bug,closed,7,232,10080
10011,1328,2024-02-06,2024-02-06,bug,closed,50,177,0
10012,158,2024-12-16,2024-12-20,usage_question,closed,22,229,5760
10013,196,2024-01-17,2024-01-17,usage_question,closed,32,80,0
10014,126,2023-03-16,2023-03-16,bug,closed,1,95,0
10015,1488,2024-01-25,2024-01-25,usage_question,closed,30,194,0
10016,421,2023-12-28,2024-01-01,feature_request,closed,20,21,5760
10017,1725,2024-09-25,2024-09-25,usage_question,closed,50,60,0
10018,1405,2024-11-20,2024-11-20,feature_request,closed,42,121,0
10019,544,2024-08-17,2024-08-17,bug,closed,24,28,0
10020,1023,2024-04-25,2024-04-25,bug,closed,46,128,0
10021,1946,2024-06-20,2024-06-20,feature_request,closed,30,157,0
10022,1110,2024-11-06,2024-11-06,feature_request,closed,24,131,0
10023,146,2023-12-11,2023-12-11,bug,closed,15,233,0
10024,1697,2024-05-16,2024-05-16,bug,closed,32,30,0
10025,775,2024-07-06,2024-07-06,billing,closed,42,39,0
10026,1063,2024-05-14,2024-05-14,bug,closed,17,129,0
10027,881,2024-04-20,2024-04-26,usage_question,closed,34,146,8640
10028,777,2024-11-20,2024-11-25,bug,closed,21,51,7200
10029,1829,2024-10-26,2024-11-02,usage_question,closed,43,120,10080
10030,239,2024-03-26,2024-03-31,bug,closed,16,135,7200
10031,815,2024-01-07,2024-01-12,billing,closed,14,35,7200
10032,52,2024-07-14,2024-07-14,usage_question,closed,32,230,0
10033,1387,2024-04-16,2024-04-16,billing,closed,10,175,0
10034,171,2024-07-22,2024-07-22,other,closed,16,208,0
10035,438,2024-02-03,2024-02-03,feature_request,closed,18,115,0
10036,1907,2024-12-27,2025-01-03,feature_request,open,50,177,10080
10037,1741,2024-08-07,2024-08-07,bug,closed,21,219,0
10038,698,2024-07-30,2024-07-30,bug,closed,3,75,0
10039,380,2024-11-09,2024-11-14,billing,closed,47,233,7200
10040,1410,2024-09-22,2024-09-22,bug,closed,10,171,0
10041,1493,2024-07-16,2024-07-21,bug,closed,3,71,7200
10042,1405,2023-12-12,2023-12-17,usage_question,closed,23,86,7200
10043,465,2024-08-20,2024-08-20,feature_request,closed,46,156,0
10044,955,2024-12-17,2024-12-22,bug,closed,14,107,7200
10045,926,2024-06-22,2024-06-28,feature_request,closed,50,30,8640
10046,701,2024-01-18,2024-01-18,feature_request,closed,43,116,0
10047,48,2024-06-22,2024-06-22,other,closed,29,59,0
10048,211,2024-05-25,2024-05-25,usage_question,closed,19,130,0
10049,1661,2024-01-09,2024-01-16,bug,closed,45,139,10080
10050,1076,2024-01-30,2024-01-30,usage_question,closed,3,95,0
10051,1273,2023-08-02,2023-08-02,feature_request,closed,19,194,0
10052,856,2023-11-22,2023-11-22,billing,closed,34,20,0
10053,1554,2024-12-14,2024-12-14,usage_question,closed,2,130,0
10054,365,2024-05-23,2024-05-23,bug,closed,2,235,0
10055,56,2024-05-25,2024-05-25,usage_question,closed,29,161,0
10056,828,2024-07-06,2024-07-06,usage_question,closed,27,98,0
10057,1848,2023-08-30,2023-09-04,usage_question,closed,17,106,7200
10058,1887,2024-02-28,2024-02-28,usage_question,closed,31,190,0
10059,1095,2024-10-29,2024-10-29,bug,closed,12,149,0
10060,1971,2024-06-17,2024-06-19,feature_request,closed,1,106,2880
10061,814,2024-12-04,2024-12-04,feature_request,closed,39,125,0
10062,600,2024-11-11,2024-11-13,usage_question,closed,7,120,2880
10063,755,2024-10-26,2024-10-26,usage_question,closed,34,55,0
10064,451,2024-05-06,2024-05-11,feature_request,closed,5,99,7200
10065,1471,2024-10-26,2024-10-26,bug,closed,37,25,0
10066,1830,2024-01-21,2024-01-24,usage_question,closed,10,25,4320
10067,94,2023-12-11,2023-12-13,feature_request,closed,8,16,2880
10068,843,2023-10-30,2023-10-30,feature_request,closed,25,153,0
10069,253,2023-10-29,2023-10-29,usage_question,closed,35,18,0
10070,175,2024-04-21,2024-04-21,feature_request,closed,8,158,0
10071,1392,2024-04-10,2024-04-12,billing,closed,27,125,2880
10072,753,2024-06-17,2024-06-17,bug,closed,16,231,0
10073,638,2024-12-12,2024-12-12,feature_request,closed,11,163,0
10074,65,2024-04-26,2024-04-26,usage_question,closed,3,176,0
10075,1642,2024-03-05,2024-03-05,bug,closed,15,35,0
10076,1645,2024-12-12,2024-12-18,feature_request,closed,36,25,8640
10077,298,2024-10-19,2024-10-20,bug,closed,4,158,1440
10078,515,2023-11-26,2023-11-26,bug,closed,36,30,0
10079,969,2024-10-28,2024-10-30,bug,closed,19,127,2880
10080,740,2024-03-18,2024-03-18,usage_question,closed,14,177,0
10081,1404,2024-09-11,2024-09-11,usage_question,closed,27,235,0
10082,1424,2024-11-06,2024-11-06,usage_question,closed,4,41,0
10083,515,2024-02-06,2024-02-06,usage_question,closed,29,148,0
10084,994,2024-07-22,2024-07-23,usage_question,closed,30,142,1440
10085,1308,2024-04-28,2024-04-29,usage_question,closed,4,174,1440
10086,435,2024-04-25,2024-04-25,bug,closed,6,199,0
10087,1299,2024-09-19,2024-09-23,feature_request,closed,27,125,5760
10088,25,2024-10-08,2024-10-10,usage_question,closed,35,151,2880
10089,234,2024-06-16,2024-06-16,feature_request,closed,8,59,0
10090,1512,2024-12-29,2025-01-04,billing,open,33,203,8640
10091,949,2024-12-12,2024-12-12,usage_question,closed,22,104,0
10092,1070,2024-12-02,2024-12-02,other,closed,5,237,0
10093,18,2024-08-27,2024-08-27,bug,closed,33,60,0
10094,1007,2023-11-14,2023-11-20,usage_question,closed,6,204,8640
10095,636,2024-01-25,2024-01-25,usage_question,closed,50,159,0
10096,1064,2024-05-30,2024-05-30,bug,closed,42,163,0
10097,404,2024-05-20,2024-05-20,bug,closed,26,67,0
10098,846,2024-02-25,2024-02-25,billing,closed,49,82,0
10099,1472,2024-12-10,2024-12-13,other,closed,39,29,4320
10100,472,2024-10-27,2024-10-28,usage_question,closed,35,86,1440
10101,1737,2024-06-27,2024-06-27,usage_question,closed,13,122,0
10102,1286,2024-12-12,2024-12-12,other,closed,7,179,0
10103,918,2024-10-31,2024-10-31,usage_question,closed,9,150,0
10104,195,2024-07-23,2024-07-23,usage_question,closed,30,46,0
10105,248,2024-04-27,2024-05-02,bug,closed,45,66,7200
10106,1259,2023-12-18,2023-12-21,usage_question,closed,27,20,4320
10107,1648,2024-09-28,2024-09-28,usage_question,closed,5,213,0
10108,671,2024-11-12,2024-11-12,billing,closed,17,71,0
10109,1593,2024-10-24,2024-10-27,usage_question,closed,47,156,4320
10110,737,2024-03-03,2024-03-03,other,closed,17,16,0
10111,1839,2023-11-17,2023-11-17,usage_question,closed,47,134,0
10112,5,2023-10-31,2023-11-07,usage_question,closed,27,107,10080
10113,254,2024-10-29,2024-11-04,billing,closed,23,21,8640
10114,952,2024-04-03,2024-04-03,usage_question,closed,44,159,0
10115,1476,2024-04-02,2024-04-02,billing,closed,17,187,0
10116,1631,2024-05-07,2024-05-13,bug,closed,17,178,8640
10117,1365,2024-03-16,2024-03-23,billing,closed,40,29,10080
10118,905,2023-12-04,2023-12-04,bug,closed,8,137,0
10119,1945,2024-07-17,2024-07-20,other,closed,42,229,4320
10120,1913,2024-10-03,2024-10-03,feature_request,closed,3,210,0
10121,2000,2024-08-04,2024-08-04,usage_question,closed,15,201,0
10122,753,2024-09-06,2024-09-06,other,closed,3,17,0
10123,1399,2024-05-23,2024-05-24,bug,closed,39,52,1440
10124,758,2024-02-06,2024-02-06,other,closed,47,22,0
10125,118,2024-12-20,2024-12-23,usage_question,closed,6,195,4320
10126,1665,2024-07-25,2024-07-25,usage_question,closed,31,62,0
10127,739,2024-04-12,2024-04-12,bug,closed,3,32,0
10128,406,2024-08-25,2024-08-25,feature_request,closed,11,68,0
10129,1303,2024-11-07,2024-11-08,bug,closed,15,157,1440
10130,1485,2024-08-10,2024-08-10,usage_question,closed,36,122,0
10131,629,2024-11-03,2024-11-03,usage_question,closed,45,110,0
10132,1761,2024-07-30,2024-08-02,other,closed,31,208,4320
10133,154,2024-06-14,2024-06-21,bug,closed,8,208,10080
10134,1416,2024-12-04,2024-12-07,bug,closed,18,137,4320
10135,183,2024-05-03,2024-05-03,other,closed,22,100,0
10136,1566,2023-05-29,2023-05-29,usage_question,closed,42,125,0
10137,851,2024-03-30,2024-04-01,bug,closed,18,34,2880
10138,1426,2024-06-30,2024-07-05,usage_question,closed,23,174,7200
10139,28,2024-12-09,2024-12-09,billing,closed,50,229,0
10140,1772,2024-04-30,2024-04-30,usage_question,closed,26,111,0
10141,774,2024-10-30,2024-10-30,usage_question,closed,2,98,0
10142,661,2024-09-07,2024-09-07,bug,closed,7,45,0
10143,801,2024-01-30,2024-02-02,billing,closed,22,94,4320
10144,1335,2024-09-26,2024-09-26,usage_question,closed,7,102,0
10145,800,2023-12-03,2023-12-09,usage_question,closed,19,189,8640
10146,1333,2024-02-24,2024-03-02,bug,closed,49,236,10080
10147,1169,2024-03-20,2024-03-24,bug,closed,13,75,5760
10148,1557,2024-06-25,2024-06-25,usage_question,closed,43,159,0
10149,514,2024-06-27,2024-07-02,usage_question,closed,21,193,7200
10150,281,2024-09-26,2024-10-01,billing,closed,42,222,7200
10151,105,2024-04-11,2024-04-13,usage_question,closed,7,109,2880
10152,1776,2024-06-18,2024-06-18,feature_request,closed,49,229,0
10153,1371,2024-09-28,2024-09-28,feature_request,closed,50,183,0
10154,1408,2024-12-13,2024-12-13,bug,closed,3,70,0
10155,1823,2023-10-03,2023-10-04,other,closed,6,240,1440
10156,995,2024-12-22,2024-12-29,usage_question,closed,19,42,10080
10157,1326,2024-07-08,2024-07-08,feature_request,closed,19,38,0
10158,218,2024-09-02,2024-09-08,usage_question,closed,10,49,8640
10159,984,2024-04-17,2024-04-21,billing,closed,2,59,5760
10160,1368,2024-11-25,2024-11-29,bug,closed,19,179,5760
10161,1324,2024-10-15,2024-10-15,feature_request,closed,18,149,0
10162,1422,2024-07-21,2024-07-25,usage_question,closed,31,86,5760
10163,1052,2024-11-24,2024-11-24,usage_question,closed,2,101,0
10164,844,2024-06-02,2024-06-02,billing,closed,42,57,0
10165,982,2024-08-02,2024-08-02,billing,closed,7,158,0
10166,88,2024-08-06,2024-08-10,usage_question,closed,44,210,5760
10167,26,2024-11-15,2024-11-20,other,closed,47,161,7200
10168,441,2024-05-03,2024-05-07,bug,closed,18,186,5760
10169,605,2024-12-17,2024-12-17,bug,closed,42,114,0
10170,624,2024-07-04,2024-07-04,usage_question,closed,44,79,0
10171,1414,2024-09-03,2024-09-07,bug,closed,6,113,5760
10172,1162,2024-04-28,2024-04-28,bug,closed,11,206,0
10173,1066,2024-12-03,2024-12-04,usage_question,closed,40,162,1440
10174,534,2024-07-29,2024-08-04,bug,closed,2,46,8640
10175,162,2023-11-14,2023-11-14,usage_question,closed,42,38,0
10176,97,2024-02-15,2024-02-15,usage_question,closed,40,119,0
10177,784,2024-01-22,2024-01-24,bug,closed,49,125,2880
10178,1539,2024-07-26,2024-07-26,feature_request,closed,50,195,0
10179,729,2023-08-10,2023-08-10,usage_question,closed,13,189,0
10180,566,2023-10-19,2023-10-19,bug,closed,11,212,0
10181,1394,2024-11-12,2024-11-15,bug,closed,37,125,4320
10182,1937,2024-12-11,2024-12-11,bug,closed,31,147,0
10183,1755,2024-02-10,2024-02-10,feature_request,closed,47,89,0
10184,864,2024-09-27,2024-10-02,bug,closed,49,149,7200
10185,109,2024-06-26,2024-07-03,bug,closed,36,193,10080
10186,1621,2024-04-27,2024-04-27,other,closed,45,160,0
10187,1725,2024-10-08,2024-10-08,feature_request,closed,43,107,0
10188,173,2024-06-16,2024-06-23,usage_question,closed,14,115,10080
10189,1904,2024-07-01,2024-07-06,feature_request,closed,31,170,7200
10190,1785,2024-06-02,2024-06-07,bug,closed,42,219,7200
10191,1160,2024-12-05,2024-12-05,usage_question,closed,20,23,0
10192,347,2024-12-06,2024-12-07,usage_question,closed,46,173,1440
10193,1649,2024-10-21,2024-10-25,other,closed,50,85,5760
10194,190,2024-06-23,2024-06-29,billing,closed,29,146,8640
10195,1197,2024-03-08,2024-03-08,other,closed,33,198,0
10196,1454,2024-11-26,2024-11-26,feature_request,closed,26,92,0
10197,483,2024-12-26,2024-12-26,usage_question,closed,44,124,0
10198,1067,2024-08-22,2024-08-28,usage_question,closed,7,98,8640
10199,976,2024-08-24,2024-08-24,other,closed,36,150,0
10200,729,2024-04-17,2024-04-17,feature_request,closed,50,206,0
10201,551,2024-01-06,2024-01-13,other,closed,46,123,10080
10202,436,2024-11-25,2024-12-02,usage_question,closed,2,221,10080
10203,1891,2024-06-27,2024-06-28,usage_question,closed,22,103,1440
10204,1684,2024-02-19,2024-02-19,bug,closed,36,152,0
10205,1046,2023-02-18,2023-02-25,bug,closed,12,229,10080
10206,576,2024-10-06,2024-10-06,other,closed,15,236,0
10207,508,2023-12-26,2024-01-02,billing,closed,7,200,10080
10208,15,2024-12-04,2024-12-04,billing,closed,50,136,0
10209,537,2024-02-11,2024-02-16,feature_request,closed,33,186,7200
10210,1704,2023-02-08,2023-02-08,billing,closed,30,195,0
10211,1588,2024-05-30,2024-06-04,bug,closed,43,221,7200
10212,427,2024-07-04,2024-07-04,bug,closed,16,72,0
10213,931,2024-11-03,2024-11-03,other,closed,27,136,0
10214,1283,2024-01-14,2024-01-14,other,closed,37,152,0
10215,710,2024-08-01,2024-08-02,usage_question,closed,16,208,1440
10216,1224,2023-12-27,2024-01-01,usage_question,closed,21,54,7200
10217,285,2024-12-02,2024-12-07,usage_question,closed,20,17,7200
10218,987,2024-05-28,2024-05-28,usage_question,closed,3,41,0
10219,1707,2024-11-06,2024-11-06,bug,closed,38,155,0
10220,857,2024-06-22,2024-06-22,bug,closed,18,229,0
10221,148,2024-06-12,2024-06-12,billing,closed,49,186,0
10222,1555,2024-10-31,2024-10-31,usage_question,closed,25,26,0
10223,344,2024-09-09,2024-09-09,usage_question,closed,30,137,0
10224,120,2024-07-26,2024-07-30,bug,closed,13,197,5760
10225,1209,2024-04-15,2024-04-15,usage_question,closed,48,118,0
10226,9,2024-04-05,2024-04-12,feature_request,closed,31,175,10080
10227,311,2024-04-13,2024-04-13,usage_question,closed,2,131,0
10228,63,2024-06-19,2024-06-24,usage_question,closed,47,93,7200
10229,138,2024-02-20,2024-02-24,feature_request,closed,46,210,5760
10230,67,2024-07-13,2024-07-20,usage_question,closed,35,143,10080
10231,1279,2024-04-29,2024-04-29,feature_request,closed,7,131,0
10232,618,2024-03-20,2024-03-20,feature_request,closed,43,216,0
10233,1690,2023-11-11,2023-11-11,other,closed,4,152,0
10234,902,2024-04-22,2024-04-22,bug,closed,34,204,0
10235,818,2024-11-14,2024-11-15,feature_request,closed,33,81,1440
10236,16,2023-12-15,2023-12-15,other,closed,46,209,0
10237,909,2024-12-05,2024-12-05,bug,closed,26,188,0
10238,1755,2024-09-05,2024-09-06,bug,closed,1,146,1440
10239,1878,2024-08-18,2024-08-23,feature_request,closed,39,62,7200
10240,1499,2024-12-14,2024-12-15,usage_question,closed,33,104,1440
10241,948,2024-01-26,2024-01-27,usage_question,closed,5,186,1440
10242,557,2024-06-30,2024-07-03,billing,closed,1,85,4320
10243,880,2024-07-03,2024-07-03,usage_question,closed,17,41,0
10244,314,2024-02-15,2024-02-15,feature_request,closed,9,227,0
10245,608,2024-12-05,2024-12-12,other,closed,19,24,10080
10246,1894,2024-11-20,2024-11-20,usage_question,closed,50,102,0
10247,1360,2024-02-11,2024-02-18,bug,closed,11,77,10080
10248,941,2024-07-22,2024-07-25,billing,closed,5,192,4320
10249,1587,2024-11-03,2024-11-04,usage_question,closed,34,177,1440
10250,30,2024-08-09,2024-08-14,billing,closed,3,209,7200
10251,627,2024-12-04,2024-12-08,usage_question,closed,16,215,5760
10252,1397,2024-04-09,2024-04-09,bug,closed,49,97,0
10253,170,2023-11-24,2023-11-26,bug,closed,39,43,2880
10254,1277,2024-11-16,2024-11-21,billing,closed,9,182,7200
10255,1458,2024-12-18,2024-12-18,feature_request,closed,10,152,0
10256,729,2024-09-15,2024-09-16,feature_request,closed,11,174,1440
10257,115,2023-06-27,2023-07-04,billing,closed,22,36,10080
10258,1543,2024-11-11,2024-11-11,billing,closed,48,224,0
10259,1861,2024-03-18,2024-03-18,bug,closed,5,90,0
10260,1963,2023-07-28,2023-08-04,usage_question,closed,21,73,10080
10261,1729,2024-07-06,2024-07-06,bug,closed,35,61,0
10262,1077,2024-02-29,2024-03-02,usage_question,closed,40,39,2880
10263,476,2024-09-20,2024-09-23,bug,closed,10,202,4320
10264,1741,2024-12-09,2024-12-09,feature_request,closed,37,109,0
10265,472,2024-07-06,2024-07-11,usage_question,closed,50,200,7200
10266,937,2024-10-18,2024-10-24,usage_question,closed,37,205,8640
10267,740,2023-12-17,2023-12-17,usage_question,closed,13,50,0
10268,836,2024-09-06,2024-09-11,usage_question,closed,32,108,7200
10269,1371,2024-02-08,2024-02-12,billing,closed,8,133,5760
10270,762,2023-12-10,2023-12-10,usage_question,closed,1,48,0
10271,53,2024-03-02,2024-03-02,usage_question,closed,3,206,0
10272,793,2024-09-18,2024-09-18,bug,closed,10,77,0
10273,1836,2024-06-28,2024-07-02,bug,closed,20,131,5760
10274,64,2024-12-29,2025-01-05,bug,open,25,228,10080
10275,974,2023-08-04,2023-08-08,bug,closed,16,208,5760
10276,1850,2023-10-23,2023-10-27,bug,closed,45,44,5760
10277,396,2024-08-04,2024-08-04,usage_question,closed,25,165,0
10278,1345,2024-03-07,2024-03-11,usage_question,closed,26,57,5760
10279,1442,2024-09-26,2024-10-01,other,closed,20,213,7200
10280,175,2024-12-12,2024-12-12,usage_question,closed,40,49,0
10281,804,2023-08-01,2023-08-01,bug,closed,33,195,0
10282,336,2024-04-13,2024-04-15,usage_question,closed,9,33,2880
10283,871,2024-05-09,2024-05-09,bug,closed,18,29,0
10284,1869,2024-10-08,2024-10-08,other,closed,33,205,0
10285,1740,2024-01-16,2024-01-16,bug,closed,44,93,0
10286,1369,2023-11-21,2023-11-28,usage_question,closed,15,178,10080
10287,1065,2024-02-16,2024-02-23,usage_question,closed,22,110,10080
10288,1544,2024-10-25,2024-10-25,other,closed,9,72,0
10289,77,2024-03-09,2024-03-15,bug,closed,40,58,8640
10290,1434,2023-10-21,2023-10-26,feature_request,closed,32,159,7200
10291,1010,2024-05-16,2024-05-16,bug,closed,22,190,0
10292,93,2024-04-25,2024-04-25,feature_request,closed,19,152,0
10293,1265,2024-02-20,2024-02-20,bug,closed,29,123,0
10294,932,2024-07-06,2024-07-06,usage_question,closed,14,86,0
10295,1445,2024-05-28,2024-05-30,bug,closed,23,237,2880
10296,1167,2024-05-07,2024-05-12,usage_question,closed,47,25,7200
10297,1886,2024-04-15,2024-04-17,feature_request,closed,38,138,2880
10298,559,2024-09-20,2024-09-26,bug,closed,37,19,8640
10299,1893,2024-05-09,2024-05-09,feature_request,closed,39,18,0
10300,271,2023-12-13,2023-12-13,billing,closed,16,215,0
10301,239,2023-11-30,2023-11-30,feature_request,closed,18,80,0
10302,1416,2024-07-18,2024-07-24,feature_request,closed,25,111,8640
10303,1715,2023-12-13,2023-12-19,bug,closed,38,78,8640
10304,1184,2023-08-01,2023-08-01,feature_request,closed,48,159,0
10305,1228,2024-05-31,2024-05-31,other,closed,36,116,0
10306,378,2024-04-16,2024-04-18,usage_question,closed,29,94,2880
10307,1128,2024-11-04,2024-11-04,bug,closed,5,104,0
10308,980,2024-05-01,2024-05-01,feature_request,closed,48,20,0
10309,509,2024-07-28,2024-08-04,other,closed,37,53,10080
10310,124,2023-12-13,2023-12-15,usage_question,closed,5,162,2880
10311,1443,2024-06-13,2024-06-14,bug,closed,19,32,1440
10312,901,2024-12-04,2024-12-08,bug,closed,18,234,5760
10313,849,2024-07-18,2024-07-18,billing,closed,13,66,0
10314,1342,2024-07-24,2024-07-28,bug,closed,16,193,5760
10315,983,2024-07-18,2024-07-18,other,closed,7,27,0
10316,291,2024-06-28,2024-07-04,other,closed,4,67,8640
10317,616,2024-10-11,2024-10-13,other,closed,32,102,2880
10318,829,2024-08-22,2024-08-28,feature_request,closed,35,68,8640
10319,1535,2024-04-28,2024-05-02,usage_question,closed,30,140,5760
10320,1460,2024-05-29,2024-06-02,billing,closed,30,99,5760
10321,476,2023-10-14,2023-10-15,usage_question,closed,33,194,1440
10322,920,2024-04-08,2024-04-12,usage_question,closed,34,126,5760
10323,1724,2024-10-02,2024-10-06,usage_question,closed,14,21,5760
10324,1642,2024-02-04,2024-02-04,bug,closed,25,208,0
10325,722,2023-10-10,2023-10-10,usage_question,closed,39,58,0
10326,1284,2024-04-07,2024-04-07,usage_question,closed,20,93,0
10327,974,2024-03-13,2024-03-13,usage_question,closed,7,76,0
10328,105,2024-09-13,2024-09-16,usage_question,closed,20,224,4320
10329,1400,2024-07-28,2024-07-28,bug,closed,25,191,0
10330,1907,2024-07-08,2024-07-08,usage_question,closed,25,74,0
10331,3,2024-12-07,2024-12-11,feature_request,closed,6,196,5760
10332,1507,2023-07-27,2023-07-27,usage_question,closed,20,36,0
10333,5,2024-08-27,2024-08-27,usage_question,closed,45,42,0
10334,345,2024-02-27,2024-02-27,bug,closed,13,75,0
10335,1495,2024-01-02,2024-01-03,usage_question,closed,27,240,1440
10336,1526,2023-10-23,2023-10-27,bug,closed,35,79,5760
10337,1680,2024-01-17,2024-01-17,other,closed,40,175,0
10338,1039,2024-11-10,2024-11-10,usage_question,closed,35,226,0
10339,843,2024-06-02,2024-06-09,bug,closed,12,197,10080
10340,894,2024-08-15,2024-08-20,billing,closed,27,75,7200
10341,27,2024-08-01,2024-08-03,feature_request,closed,36,97,2880
10342,1010,2024-09-22,2024-09-24,usage_question,closed,21,118,2880
10343,149,2023-03-12,2023-03-12,billing,closed,13,190,0
10344,636,2024-10-20,2024-10-20,billing,closed,40,113,0
10345,1951,2024-09-07,2024-09-07,feature_request,closed,39,220,0
10346,752,2023-11-21,2023-11-21,usage_question,closed,45,128,0
10347,641,2024-03-22,2024-03-29,other,closed,46,151,10080
10348,1153,2024-11-04,2024-11-04,bug,closed,7,67,0
10349,1305,2024-12-17,2024-12-21,feature_request,closed,11,153,5760
10350,690,2024-10-13,2024-10-14,usage_question,closed,47,133,1440
10351,775,2024-01-02,2024-01-02,bug,closed,9,128,0
10352,1213,2024-04-02,2024-04-02,usage_question,closed,23,175,0
10353,349,2024-01-14,2024-01-17,feature_request,closed,35,108,4320
10354,1848,2024-05-13,2024-05-14,feature_request,closed,2,203,1440
10355,104,2024-12-09,2024-12-11,usage_question,closed,42,220,2880
10356,559,2024-05-21,2024-05-26,bug,closed,18,184,7200
10357,639,2024-08-26,2024-08-26,billing,closed,43,80,0
10358,186,2024-12-28,2025-01-04,usage_question,open,20,92,10080
10359,807,2024-09-28,2024-09-29,bug,closed,24,41,1440
10360,1781,2024-04-01,2024-04-08,feature_request,closed,24,84,10080
10361,822,2023-06-22,2023-06-22,billing,closed,12,73,0
10362,1070,2024-04-05,2024-04-12,feature_request,closed,30,122,10080
10363,1549,2024-11-26,2024-11-27,bug,closed,42,143,1440
10364,1450,2024-11-06,2024-11-07,bug,closed,19,177,1440
10365,975,2024-07-07,2024-07-07,bug,closed,6,219,0
10366,1362,2024-08-10,2024-08-14,usage_question,closed,50,58,5760
10367,413,2024-04-20,2024-04-20,usage_question,closed,10,132,0
10368,189,2024-06-18,2024-06-19,usage_question,closed,17,190,1440
10369,1247,2024-07-03,2024-07-03,usage_question,closed,37,190,0
10370,425,2024-08-31,2024-09-06,bug,closed,8,57,8640
10371,1750,2024-02-12,2024-02-12,feature_request,closed,27,65,0
10372,1948,2024-09-02,2024-09-08,usage_question,closed,4,216,8640
10373,1118,2024-04-16,2024-04-18,feature_request,closed,12,194,2880
10374,835,2024-06-29,2024-07-02,usage_question,closed,21,169,4320
10375,45,2024-10-26,2024-10-26,usage_question,closed,5,45,0
10376,1062,2024-05-09,2024-05-09,bug,closed,32,69,0
10377,1629,2024-03-31,2024-04-06,bug,closed,31,58,8640
10378,1775,2024-01-24,2024-01-24,bug,closed,6,62,0
10379,421,2024-01-16,2024-01-16,usage_question,closed,12,105,0
10380,27,2024-01-01,2024-01-07,billing,closed,46,72,8640
10381,1952,2024-03-26,2024-03-26,bug,closed,14,94,0
10382,112,2024-06-27,2024-06-29,usage_question,closed,35,172,2880
10383,584,2024-08-12,2024-08-12,bug,closed,20,110,0
10384,1585,2024-05-26,2024-06-01,billing,closed,2,168,8640
10385,1482,2024-06-10,2024-06-13,usage_question,closed,13,227,4320
10386,1609,2024-12-18,2024-12-18,bug,closed,4,144,0
10387,1928,2023-10-18,2023-10-25,bug,closed,8,166,10080
10388,1422,2023-10-25,2023-10-25,usage_question,closed,40,68,0
10389,1589,2024-06-20,2024-06-20,usage_question,closed,4,174,0
10390,795,2024-01-16,2024-01-16,bug,closed,7,22,0
10391,583,2024-07-17,2024-07-20,usage_question,closed,20,138,4320
10392,301,2024-09-17,2024-09-21,other,closed,34,100,5760
10393,580,2024-03-11,2024-03-11,other,closed,16,78,0
10394,1684,2024-11-11,2024-11-11,other,closed,42,208,0
10395,1170,2024-05-18,2024-05-19,feature_request,closed,20,225,1440
10396,696,2024-11-19,2024-11-19,bug,closed,35,171,0
10397,503,2024-07-06,2024-07-06,usage_question,closed,20,39,0
10398,470,2024-11-20,2024-11-26,bug,closed,26,169,8640
10399,646,2023-10-17,2023-10-17,usage_question,closed,21,211,0
10400,218,2024-03-25,2024-03-30,usage_question,closed,23,230,7200
10401,1409,2024-02-27,2024-03-04,feature_request,closed,40,185,8640
10402,1245,2024-11-19,2024-11-25,bug,closed,42,111,8640
10403,275,2024-11-15,2024-11-15,bug,closed,31,80,0
10404,570,2024-02-19,2024-02-19,bug,closed,43,157,0
10405,1374,2024-10-29,2024-10-29,bug,closed,15,50,0
10406,1483,2024-05-15,2024-05-15,bug,closed,22,239,0
10407,1282,2024-03-28,2024-03-31,bug,closed,27,53,4320
10408,878,2024-02-26,2024-02-27,bug,closed,11,204,1440
10409,909,2024-08-13,2024-08-13,usage_question,closed,36,101,0
10410,101,2024-11-22,2024-11-22,billing,closed,40,236,0
10411,668,2024-04-03,2024-04-03,bug,closed,4,111,0
10412,681,2024-10-13,2024-10-13,other,closed,13,58,0
10413,1502,2024-03-26,2024-03-30,usage_question,closed,7,184,5760
10414,1071,2024-10-08,2024-10-09,usage_question,closed,12,188,1440
10415,1581,2024-02-21,2024-02-27,bug,closed,15,94,8640
10416,218,2024-02-17,2024-02-19,feature_request,closed,38,57,2880
10417,472,2024-02-02,2024-02-06,bug,closed,34,133,5760
10418,1695,2024-05-03,2024-05-07,feature_request,closed,27,147,5760
10419,560,2024-05-21,2024-05-21,bug,closed,4,30,0
10420,892,2024-11-12,2024-11-13,billing,closed,17,94,1440
10421,704,2024-08-15,2024-08-16,usage_question,closed,22,125,1440
10422,1870,2024-04-28,2024-04-28,feature_request,closed,44,137,0
10423,919,2024-09-04,2024-09-07,feature_request,closed,40,163,4320
10424,350,2024-07-30,2024-07-30,bug,closed,26,174,0
10425,1848,2024-09-14,2024-09-14,usage_question,closed,37,164,0
10426,506,2024-09-15,2024-09-15,other,closed,33,76,0
10427,58,2024-09-20,2024-09-20,bug,closed,33,123,0
10428,853,2024-08-27,2024-08-27,usage_question,closed,48,220,0
10429,772,2024-08-10,2024-08-17,other,closed,29,53,10080
10430,1484,2024-10-06,2024-10-06,bug,closed,21,184,0
10431,1165,2024-03-16,2024-03-16,feature_request,closed,46,166,0
10432,905,2024-12-01,2024-12-01,other,closed,2,25,0
10433,682,2024-12-19,2024-12-19,feature_request,closed,16,85,0
10434,151,2024-12-04,2024-12-06,bug,closed,5,187,2880
10435,1516,2024-03-21,2024-03-21,bug,closed,15,27,0
10436,1992,2024-02-01,2024-02-01,billing,closed,15,227,0
10437,178,2024-12-17,2024-12-23,usage_question,closed,17,202,8640
10438,1546,2024-06-25,2024-07-02,usage_question,closed,40,107,10080
10439,1791,2024-12-09,2024-12-09,usage_question,closed,27,235,0
10440,354,2024-06-24,2024-06-24,bug,closed,8,179,0
10441,1639,2024-08-26,2024-08-26,usage_question,closed,22,115,0
10442,1756,2023-09-06,2023-09-12,usage_question,closed,26,195,8640
10443,961,2024-06-04,2024-06-04,usage_question,closed,7,99,0
10444,1596,2023-08-09,2023-08-10,billing,closed,10,185,1440
10445,232,2024-10-14,2024-10-14,usage_question,closed,17,237,0
10446,1402,2024-05-31,2024-06-03,usage_question,closed,26,221,4320
10447,1752,2023-11-26,2023-12-02,bug,closed,16,185,8640
10448,1868,2024-02-29,2024-02-29,bug,closed,12,120,0
10449,313,2024-12-14,2024-12-21,usage_question,closed,18,157,10080
10450,1746,2024-09-15,2024-09-17,bug,closed,3,193,2880
10451,344,2024-05-06,2024-05-08,bug,closed,47,66,2880
10452,1683,2024-08-03,2024-08-04,feature_request,closed,34,166,1440
10453,292,2024-10-16,2024-10-17,usage_question,closed,50,61,1440
10454,1314,2024-07-28,2024-08-04,other,closed,33,165,10080
10455,160,2024-04-12,2024-04-12,other,closed,2,230,0
10456,277,2024-05-08,2024-05-08,bug,closed,39,97,0
10457,1257,2024-04-18,2024-04-18,usage_question,closed,24,45,0
10458,1695,2023-04-09,2023-04-15,bug,closed,10,130,8640
10459,95,2023-08-17,2023-08-21,feature_request,closed,12,50,5760
10460,168,2024-06-09,2024-06-13,usage_question,closed,4,165,5760
10461,310,2024-01-24,2024-01-24,other,closed,43,213,0
10462,448,2024-04-30,2024-05-06,billing,closed,14,55,8640
10463,109,2024-12-07,2024-12-07,usage_question,closed,35,163,0
10464,1633,2024-06-17,2024-06-17,usage_question,closed,3,236,0
10465,811,2024-08-12,2024-08-13,feature_request,closed,21,54,1440
10466,1154,2023-06-24,2023-07-01,other,closed,8,42,10080
10467,1014,2024-08-25,2024-08-25,other,closed,38,126,0
10468,378,2024-11-21,2024-11-25,other,closed,15,191,5760
10469,1,2023-12-26,2023-12-29,usage_question,closed,23,125,4320
10470,1097,2024-07-09,2024-07-09,feature_request,closed,1,25,0
10471,1048,2024-09-03,2024-09-08,usage_question,closed,1,103,7200
10472,445,2024-02-02,2024-02-02,bug,closed,44,171,0
10473,257,2024-09-24,2024-09-24,billing,closed,47,106,0
10474,1510,2024-05-07,2024-05-09,bug,closed,16,103,2880
10475,439,2024-10-31,2024-10-31,bug,closed,1,44,0
10476,310,2024-08-04,2024-08-11,usage_question,closed,40,97,10080
10477,723,2023-12-20,2023-12-23,other,closed,7,151,4320
10478,328,2024-06-03,2024-06-03,other,closed,42,29,0
10479,829,2024-06-25,2024-06-30,feature_request,closed,27,19,7200
10480,1768,2024-08-02,2024-08-04,bug,closed,27,104,2880
10481,285,2024-06-04,2024-06-04,other,closed,13,200,0
10482,500,2024-03-13,2024-03-18,bug,closed,50,219,7200
10483,636,2024-09-01,2024-09-08,other,closed,34,170,10080
10484,860,2024-08-18,2024-08-22,bug,closed,24,110,5760
10485,953,2024-04-08,2024-04-15,usage_question,closed,39,153,10080
10486,966,2024-02-14,2024-02-18,other,closed,9,176,5760
10487,60,2024-04-13,2024-04-13,bug,closed,26,206,0
10488,836,2024-12-17,2024-12-17,bug,closed,44,181,0
10489,1930,2024-08-24,2024-08-24,usage_question,closed,3,77,0
10490,1645,2024-06-09,2024-06-14,feature_request,closed,30,60,7200
10491,380,2024-02-09,2024-02-13,other,closed,1,152,5760
10492,1688,2024-06-29,2024-07-02,feature_request,closed,31,229,4320
10493,481,2024-05-23,2024-05-23,usage_question,closed,32,51,0
10494,1421,2024-01-21,2024-01-21,feature_request,closed,16,155,0
10495,1481,2024-10-02,2024-10-03,billing,closed,17,127,1440
10496,1650,2023-12-24,2023-12-24,billing,closed,44,176,0
10497,1570,2024-03-19,2024-03-22,other,closed,26,168,4320
10498,18,2023-07-25,2023-07-30,usage_question,closed,49,215,7200
10499,1232,2023-01-31,2023-01-31,usage_question,closed,29,190,0
10500,1103,2023-11-22,2023-11-28,feature_request,closed,38,189,8640
10501,1843,2024-11-06,2024-11-11,billing,closed,29,17,7200
10502,24,2023-09-22,2023-09-23,usage_question,closed,19,215,1440
10503,1936,2024-07-25,2024-07-25,other,closed,27,48,0
10504,536,2024-12-19,2024-12-19,feature_request,closed,17,92,0
10505,1616,2024-03-16,2024-03-17,bug,closed,35,136,1440
10506,1921,2024-07-15,2024-07-19,usage_question,closed,10,132,5760
10507,1137,2024-04-15,2024-04-15,usage_question,closed,50,51,0
10508,1883,2024-12-03,2024-12-03,usage_question,closed,35,145,0
10509,836,2024-12-28,2024-12-28,bug,closed,40,145,0
10510,750,2024-04-25,2024-05-02,bug,closed,7,238,10080
10511,615,2024-09-03,2024-09-10,billing,closed,43,20,10080
10512,1115,2024-11-06,2024-11-13,usage_question,closed,27,158,10080
10513,1504,2024-06-20,2024-06-20,other,closed,29,20,0
10514,228,2024-07-31,2024-07-31,other,closed,39,22,0
10515,1285,2023-08-22,2023-08-22,bug,closed,18,131,0
10516,408,2024-10-01,2024-10-01,usage_question,closed,36,20,0
10517,824,2023-11-19,2023-11-23,bug,closed,16,132,5760
10518,1330,2024-08-25,2024-08-31,usage_question,closed,38,57,8640
10519,543,2024-08-06,2024-08-08,billing,closed,46,123,2880
10520,1705,2024-06-27,2024-06-27,bug,closed,17,98,0
10521,911,2024-03-14,2024-03-15,usage_question,closed,14,88,1440
10522,1186,2024-11-17,2024-11-17,usage_question,closed,42,187,0
10523,1948,2023-09-13,2023-09-20,other,closed,2,183,10080
10524,891,2024-05-03,2024-05-07,billing,closed,33,55,5760
10525,717,2024-01-21,2024-01-21,usage_question,closed,49,234,0
10526,1109,2024-11-21,2024-11-25,bug,closed,31,206,5760
10527,216,2023-10-09,2023-10-10,billing,closed,29,84,1440
10528,1453,2024-03-08,2024-03-14,other,closed,30,184,8640
10529,1594,2024-09-05,2024-09-11,bug,closed,5,96,8640
10530,598,2023-12-07,2023-12-07,feature_request,closed,9,202,0
10531,1573,2024-11-14,2024-11-16,feature_request,closed,36,23,2880
10532,1616,2024-06-03,2024-06-03,usage_question,closed,30,152,0
10533,1788,2024-11-02,2024-11-04,usage_question,closed,15,51,2880
10534,1591,2024-12-03,2024-12-09,bug,closed,15,235,8640
10535,1895,2024-06-18,2024-06-24,bug,closed,11,77,8640
10536,1982,2024-12-14,2024-12-17,billing,closed,19,131,4320
10537,24,2024-06-03,2024-06-03,bug,closed,13,181,0
10538,167,2024-06-02,2024-06-03,feature_request,closed,30,233,1440
10539,701,2024-11-16,2024-11-16,bug,closed,4,157,0
10540,910,2024-03-03,2024-03-03,billing,closed,1,34,0
10541,1743,2024-05-22,2024-05-23,feature_request,closed,11,26,1440
10542,630,2024-06-17,2024-06-17,other,closed,15,155,0
10543,597,2024-11-02,2024-11-07,bug,closed,16,128,7200
10544,288,2024-02-24,2024-02-24,bug,closed,17,32,0
10545,594,2024-01-08,2024-01-10,usage_question,closed,46,66,2880
10546,576,2024-12-17,2024-12-17,bug,closed,43,59,0
10547,98,2024-03-27,2024-03-27,other,closed,45,203,0
10548,429,2024-04-20,2024-04-26,usage_question,closed,47,186,8640
10549,468,2024-04-28,2024-04-28,bug,closed,16,230,0
10550,1768,2024-11-16,2024-11-22,usage_question,closed,11,236,8640
10551,494,2024-02-04,2024-02-04,bug,closed,50,88,0
10552,358,2024-11-06,2024-11-06,bug,closed,44,192,0
10553,168,2024-07-27,2024-08-01,usage_question,closed,5,218,7200
10554,757,2024-05-23,2024-05-23,billing,closed,16,74,0
10555,387,2024-08-07,2024-08-07,feature_request,closed,19,182,0
10556,792,2024-03-04,2024-03-04,other,closed,43,97,0
10557,1936,2024-03-22,2024-03-22,usage_question,closed,2,30,0
10558,1465,2024-12-03,2024-12-03,usage_question,closed,22,195,0
10559,330,2023-11-09,2023-11-11,billing,closed,38,182,2880
10560,1579,2024-05-19,2024-05-26,other,closed,45,109,10080
10561,495,2024-04-19,2024-04-19,usage_question,closed,6,110,0
10562,1348,2024-06-25,2024-06-27,usage_question,closed,16,158,2880
10563,188,2023-04-28,2023-04-30,usage_question,closed,42,155,2880
10564,736,2024-11-25,2024-11-25,usage_question,closed,11,165,0
10565,1987,2023-09-30,2023-09-30,bug,closed,22,74,0
10566,359,2024-07-02,2024-07-02,billing,closed,13,81,0
10567,1465,2024-02-10,2024-02-15,other,closed,33,38,7200
10568,1252,2024-12-14,2024-12-14,bug,closed,23,198,0
10569,706,2024-10-21,2024-10-24,other,closed,6,111,4320
10570,899,2024-04-16,2024-04-16,feature_request,closed,22,80,0
10571,1554,2024-01-21,2024-01-27,usage_question,closed,14,71,8640
10572,237,2024-01-04,2024-01-04,other,closed,24,191,0
10573,1190,2024-06-24,2024-06-24,bug,closed,47,54,0
10574,1261,2023-12-31,2023-12-31,bug,closed,13,152,0
10575,420,2024-10-04,2024-10-04,other,closed,8,119,0
10576,1560,2024-08-12,2024-08-12,usage_question,closed,40,231,0
10577,869,2024-08-16,2024-08-22,bug,closed,21,231,8640
10578,157,2024-10-14,2024-10-19,bug,closed,42,146,7200
10579,1987,2024-05-30,2024-06-03,bug,closed,18,127,5760
10580,1574,2024-05-06,2024-05-06,usage_question,closed,2,40,0
10581,1151,2024-05-17,2024-05-17,usage_question,closed,11,237,0
10582,656,2024-08-06,2024-08-07,feature_request,closed,9,199,1440
10583,710,2024-05-15,2024-05-21,other,closed,42,237,8640
10584,992,2024-04-04,2024-04-04,other,closed,50,110,0
10585,1848,2024-04-16,2024-04-16,usage_question,closed,25,28,0
10586,740,2023-10-22,2023-10-22,billing,closed,12,93,0
10587,721,2024-05-12,2024-05-12,feature_request,closed,24,198,0
10588,537,2024-10-08,2024-10-10,usage_question,closed,15,179,2880
10589,1429,2024-01-19,2024-01-19,bug,closed,33,71,0
10590,1267,2024-11-08,2024-11-08,usage_question,closed,48,21,0
10591,371,2024-06-17,2024-06-19,bug,closed,4,203,2880
10592,706,2024-08-04,2024-08-04,usage_question,closed,19,168,0
10593,1992,2024-03-18,2024-03-18,bug,closed,45,226,0
10594,348,2023-11-04,2023-11-04,feature_request,closed,43,99,0
10595,1597,2024-09-12,2024-09-12,usage_question,closed,32,137,0
10596,152,2023-12-02,2023-12-02,billing,closed,13,97,0
10597,871,2024-12-10,2024-12-14,bug,closed,16,69,5760
10598,1461,2024-04-08,2024-04-08,usage_question,closed,2,98,0
10599,24,2023-11-17,2023-11-20,feature_request,closed,22,61,4320
10600,125,2024-08-24,2024-08-24,billing,closed,5,55,0
10601,1009,2024-01-30,2024-02-01,bug,closed,10,102,2880
10602,8,2024-03-08,2024-03-08,usage_question,closed,34,141,0
10603,1244,2024-03-12,2024-03-13,bug,closed,47,157,1440
10604,1765,2024-05-07,2024-05-10,billing,closed,48,22,4320
10605,831,2024-02-09,2024-02-09,bug,closed,6,209,0
10606,720,2024-10-17,2024-10-18,billing,closed,44,210,1440
10607,1472,2023-08-14,2023-08-14,usage_question,closed,19,164,0
10608,1156,2024-10-07,2024-10-07,bug,closed,49,234,0
10609,74,2024-03-13,2024-03-13,usage_question,closed,6,229,0
10610,1325,2024-10-07,2024-10-07,feature_request,closed,43,50,0
10611,1768,2023-12-29,2023-12-29,usage_question,closed,9,17,0
10612,850,2024-07-17,2024-07-23,usage_question,closed,44,238,8640
10613,1725,2024-07-29,2024-07-29,bug,closed,9,71,0
10614,706,2024-09-01,2024-09-05,usage_question,closed,50,225,5760
10615,1429,2023-12-15,2023-12-17,bug,closed,30,47,2880
10616,1613,2024-08-01,2024-08-01,usage_question,closed,10,82,0
10617,752,2024-10-31,2024-11-03,usage_question,closed,14,83,4320
10618,887,2024-05-20,2024-05-20,other,closed,16,184,0
10619,142,2024-03-31,2024-04-07,bug,closed,16,185,10080
10620,854,2024-03-17,2024-03-17,billing,closed,38,129,0
10621,1171,2024-08-23,2024-08-23,feature_request,closed,36,64,0
10622,1204,2024-10-18,2024-10-21,billing,closed,17,20,4320
10623,1070,2024-10-07,2024-10-07,bug,closed,36,138,0
10624,397,2024-12-29,2024-12-29,other,closed,2,164,0
10625,1229,2024-08-23,2024-08-24,bug,closed,17,77,1440
10626,973,2023-12-09,2023-12-09,usage_question,closed,17,228,0
10627,251,2024-10-27,2024-11-01,bug,closed,48,231,7200
10628,966,2024-05-28,2024-05-28,other,closed,36,202,0
10629,1607,2024-01-09,2024-01-09,usage_question,closed,43,62,0
10630,807,2024-08-28,2024-08-30,feature_request,closed,12,34,2880
10631,702,2024-12-07,2024-12-07,usage_question,closed,27,141,0
10632,994,2024-02-16,2024-02-16,usage_question,closed,22,217,0
10633,1694,2024-04-17,2024-04-17,bug,closed,17,167,0
10634,1791,2024-09-10,2024-09-10,usage_question,closed,25,21,0
10635,896,2024-12-24,2024-12-24,usage_question,closed,2,26,0
10636,623,2024-09-01,2024-09-04,usage_question,closed,45,121,4320
10637,1934,2024-08-11,2024-08-17,usage_question,closed,43,177,8640
10638,918,2024-03-24,2024-03-24,other,closed,5,164,0
10639,1553,2024-07-23,2024-07-26,billing,closed,2,226,4320
10640,1027,2024-04-02,2024-04-02,bug,closed,9,103,0
10641,599,2023-10-21,2023-10-21,usage_question,closed,27,210,0
10642,524,2024-06-06,2024-06-06,usage_question,closed,22,158,0
10643,1781,2024-12-29,2025-01-05,usage_question,open,45,195,10080
10644,302,2024-08-08,2024-08-08,bug,closed,22,229,0
10645,258,2024-08-23,2024-08-28,bug,closed,44,229,7200
10646,659,2023-07-02,2023-07-06,usage_question,closed,26,239,5760
10647,1838,2024-10-02,2024-10-09,bug,closed,47,137,10080
10648,675,2024-05-01,2024-05-01,feature_request,closed,47,24,0
10649,601,2024-09-06,2024-09-10,bug,closed,22,154,5760
10650,636,2024-08-05,2024-08-07,usage_question,closed,21,220,2880
10651,1711,2023-09-24,2023-09-29,bug,closed,49,208,7200
10652,607,2024-01-27,2024-01-28,other,closed,30,148,1440
10653,1973,2024-06-02,2024-06-03,bug,closed,31,16,1440
10654,1345,2024-03-21,2024-03-24,other,closed,36,45,4320
10655,486,2024-06-19,2024-06-19,billing,closed,30,105,0
10656,1839,2024-10-17,2024-10-17,feature_request,closed,33,208,0
10657,1339,2024-01-09,2024-01-12,billing,closed,19,201,4320
10658,458,2024-12-09,2024-12-14,feature_request,closed,32,121,7200
10659,77,2024-02-24,2024-02-24,usage_question,closed,33,67,0
10660,573,2024-07-26,2024-07-30,bug,closed,33,185,5760
10661,1195,2024-12-02,2024-12-02,feature_request,closed,30,232,0
10662,546,2024-08-12,2024-08-12,bug,closed,4,117,0
10663,1225,2024-02-28,2024-02-28,billing,closed,35,110,0
10664,975,2024-11-23,2024-11-28,bug,closed,43,198,7200
10665,513,2024-11-04,2024-11-05,feature_request,closed,22,43,1440
10666,983,2024-03-23,2024-03-28,bug,closed,25,163,7200
10667,824,2024-05-25,2024-05-26,other,closed,12,153,1440
10668,341,2024-04-18,2024-04-18,bug,closed,17,230,0
10669,1088,2024-06-29,2024-07-06,usage_question,closed,30,85,10080
10670,1159,2024-01-16,2024-01-23,bug,closed,50,91,10080
10671,1914,2023-09-23,2023-09-23,usage_question,closed,17,55,0
10672,254,2024-09-02,2024-09-02,billing,closed,39,65,0
10673,1345,2023-10-22,2023-10-22,usage_question,closed,40,154,0
10674,1915,2024-09-23,2024-09-24,feature_request,closed,6,78,1440
10675,1306,2023-08-24,2023-08-24,usage_question,closed,13,114,0
10676,1791,2024-06-28,2024-06-28,bug,closed,31,38,0
10677,605,2024-06-15,2024-06-15,usage_question,closed,18,120,0
10678,1866,2023-12-29,2023-12-29,usage_question,closed,31,77,0
10679,1826,2024-06-18,2024-06-20,feature_request,closed,45,176,2880
10680,507,2024-06-08,2024-06-08,usage_question,closed,37,88,0
10681,1669,2024-09-28,2024-10-04,usage_question,closed,5,130,8640
10682,42,2024-03-17,2024-03-24,usage_question,closed,38,202,10080
10683,524,2024-09-16,2024-09-16,usage_question,closed,8,38,0
10684,352,2024-07-26,2024-08-02,usage_question,closed,32,202,10080
10685,1476,2023-11-07,2023-11-08,other,closed,31,57,1440
10686,997,2024-06-18,2024-06-25,feature_request,closed,13,188,10080
10687,1755,2024-08-20,2024-08-21,other,closed,31,17,1440
10688,879,2024-11-13,2024-11-15,bug,closed,35,144,2880
10689,1555,2024-09-22,2024-09-22,feature_request,closed,32,219,0
10690,1661,2024-07-04,2024-07-04,usage_question,closed,42,22,0
10691,521,2024-06-02,2024-06-05,usage_question,closed,36,41,4320
10692,851,2024-02-26,2024-02-26,usage_question,closed,8,139,0
10693,752,2023-11-14,2023-11-20,bug,closed,7,110,8640
10694,879,2024-11-23,2024-11-25,usage_question,closed,48,165,2880
10695,27,2024-09-29,2024-09-29,feature_request,closed,21,202,0
10696,920,2024-12-10,2024-12-10,bug,closed,40,85,0
10697,1166,2024-06-08,2024-06-08,billing,closed,42,59,0
10698,1237,2024-12-24,2024-12-25,usage_question,closed,32,68,1440
10699,1798,2024-06-22,2024-06-22,bug,closed,3,237,0
10700,672,2024-10-30,2024-11-06,bug,closed,9,160,10080
10701,1259,2024-01-26,2024-01-27,bug,closed,7,190,1440
10702,1569,2024-09-17,2024-09-17,usage_question,closed,46,188,0
10703,928,2024-03-31,2024-03-31,usage_question,closed,35,31,0
10704,1199,2024-06-05,2024-06-07,bug,closed,6,132,2880
10705,1720,2023-09-28,2023-10-02,bug,closed,1,235,5760
10706,1760,2024-04-19,2024-04-19,usage_question,closed,6,100,0
10707,1150,2023-10-03,2023-10-03,bug,closed,27,172,0
10708,1971,2023-11-30,2023-11-30,bug,closed,34,211,0
10709,979,2024-07-01,2024-07-01,feature_request,closed,46,120,0
10710,336,2024-05-07,2024-05-08,usage_question,closed,14,219,1440
10711,1174,2024-04-01,2024-04-01,bug,closed,38,163,0
10712,1936,2024-12-28,2025-01-01,feature_request,open,4,51,5760
10713,334,2024-12-27,2024-12-27,usage_question,closed,44,181,0
10714,1103,2024-10-10,2024-10-12,bug,closed,36,240,2880
10715,1239,2024-07-11,2024-07-11,other,closed,46,58,0
10716,68,2024-10-07,2024-10-10,usage_question,closed,23,103,4320
10717,858,2024-12-05,2024-12-05,feature_request,closed,30,53,0
10718,81,2024-03-15,2024-03-15,usage_question,closed,31,63,0
10719,952,2024-05-20,2024-05-20,bug,closed,10,169,0
10720,1751,2024-10-14,2024-10-20,usage_question,closed,27,208,8640
10721,312,2024-12-13,2024-12-13,bug,closed,48,196,0
10722,929,2024-12-06,2024-12-06,usage_question,closed,19,208,0
10723,906,2023-12-19,2023-12-19,feature_request,closed,11,92,0
10724,429,2024-04-01,2024-04-01,usage_question,closed,39,176,0
10725,95,2024-06-15,2024-06-15,bug,closed,3,128,0
10726,436,2024-05-07,2024-05-08,usage_question,closed,47,27,1440
10727,1733,2024-10-26,2024-10-26,bug,closed,31,176,0
10728,591,2024-10-02,2024-10-02,bug,closed,49,66,0
10729,1187,2024-10-26,2024-10-26,usage_question,closed,16,45,0
10730,1404,2024-03-05,2024-03-05,bug,closed,31,194,0
10731,249,2024-09-29,2024-09-29,usage_question,closed,20,126,0
10732,744,2024-02-17,2024-02-17,bug,closed,10,122,0
10733,1688,2024-12-13,2024-12-13,other,closed,32,55,0
10734,143,2024-08-30,2024-08-30,usage_question,closed,39,30,0
10735,1415,2024-10-20,2024-10-20,bug,closed,34,150,0
10736,692,2024-07-17,2024-07-17,usage_question,closed,5,35,0
10737,1333,2024-03-04,2024-03-07,other,closed,2,34,4320
10738,1875,2024-05-29,2024-05-31,other,closed,35,162,2880
10739,757,2024-09-09,2024-09-12,usage_question,closed,17,72,4320
10740,456,2024-12-29,2025-01-04,usage_question,open,49,35,8640
10741,453,2024-10-05,2024-10-05,feature_request,closed,24,68,0
10742,965,2024-11-25,2024-11-30,other,closed,2,98,7200
10743,1683,2024-05-21,2024-05-21,usage_question,closed,35,126,0
10744,57,2024-03-17,2024-03-24,feature_request,closed,23,49,10080
10745,813,2024-07-28,2024-07-31,other,closed,17,187,4320
10746,1361,2024-03-15,2024-03-17,usage_question,closed,15,174,2880
10747,772,2024-05-09,2024-05-09,bug,closed,35,222,0
10748,981,2024-09-01,2024-09-06,billing,closed,43,36,7200
10749,139,2023-10-07,2023-10-12,usage_question,closed,50,213,7200
10750,84,2024-05-23,2024-05-25,billing,closed,15,228,2880
10751,480,2024-02-16,2024-02-16,billing,closed,1,93,0
10752,293,2024-11-07,2024-11-07,other,closed,18,134,0
10753,1955,2024-07-23,2024-07-29,usage_question,closed,38,29,8640
10754,544,2024-10-29,2024-10-29,usage_question,closed,42,150,0
10755,788,2024-09-10,2024-09-15,usage_question,closed,40,219,7200
10756,206,2024-08-28,2024-08-28,other,closed,29,97,0
10757,1233,2024-09-12,2024-09-12,usage_question,closed,45,40,0
10758,1885,2024-12-16,2024-12-16,usage_question,closed,8,37,0
10759,1453,2024-05-24,2024-05-24,billing,closed,4,119,0
10760,1682,2024-05-04,2024-05-09,feature_request,closed,48,148,7200
10761,1707,2024-07-09,2024-07-09,billing,closed,37,78,0
10762,366,2024-07-25,2024-07-31,usage_question,closed,7,98,8640
10763,1371,2024-08-15,2024-08-21,other,closed,18,46,8640
10764,525,2024-05-12,2024-05-12,bug,closed,1,34,0
10765,469,2023-10-02,2023-10-09,usage_question,closed,21,113,10080
10766,1218,2024-06-20,2024-06-20,usage_question,closed,32,28,0
10767,1790,2024-06-07,2024-06-07,usage_question,closed,12,222,0
10768,1016,2024-01-11,2024-01-13,other,closed,23,56,2880
10769,775,2024-05-30,2024-05-30,feature_request,closed,22,121,0
10770,1319,2024-09-28,2024-09-28,bug,closed,12,51,0
10771,1061,2024-08-06,2024-08-06,billing,closed,18,240,0
10772,102,2024-08-14,2024-08-14,bug,closed,14,196,0
10773,1916,2024-02-25,2024-02-28,feature_request,closed,35,76,4320
10774,1527,2024-02-13,2024-02-13,usage_question,closed,10,147,0
10775,1326,2023-07-23,2023-07-23,feature_request,closed,17,221,0
10776,269,2024-04-18,2024-04-20,feature_request,closed,35,178,2880
10777,1420,2023-09-14,2023-09-18,billing,closed,4,206,5760
10778,925,2024-06-16,2024-06-21,usage_question,closed,4,80,7200
10779,558,2024-03-21,2024-03-24,billing,closed,43,38,4320
10780,1534,2024-08-25,2024-08-25,feature_request,closed,10,67,0
10781,263,2024-03-10,2024-03-10,usage_question,closed,42,76,0
10782,1833,2024-09-08,2024-09-11,usage_question,closed,9,102,4320
10783,238,2024-06-10,2024-06-10,feature_request,closed,26,39,0
10784,1500,2024-03-09,2024-03-11,billing,closed,1,73,2880
10785,1095,2023-12-29,2023-12-31,bug,closed,38,237,2880
10786,559,2024-03-01,2024-03-05,bug,closed,48,161,5760
10787,391,2023-10-20,2023-10-23,bug,closed,18,196,4320
10788,148,2024-08-11,2024-08-18,bug,closed,27,186,10080
10789,1885,2024-11-10,2024-11-10,bug,closed,18,31,0
10790,1662,2024-10-31,2024-10-31,bug,closed,8,230,0
10791,678,2024-03-16,2024-03-16,other,closed,11,213,0
10792,363,2023-12-20,2023-12-26,feature_request,closed,20,240,8640
10793,144,2024-11-02,2024-11-02,billing,closed,11,100,0
10794,1948,2024-11-16,2024-11-16,billing,closed,30,105,0
10795,564,2024-01-31,2024-02-03,billing,closed,24,27,4320
10796,707,2024-11-15,2024-11-15,billing,closed,17,148,0
10797,330,2024-05-05,2024-05-05,other,closed,50,91,0
10798,1313,2024-07-07,2024-07-12,bug,closed,10,129,7200
10799,884,2024-07-05,2024-07-07,billing,closed,49,97,2880
10800,727,2024-06-09,2024-06-09,bug,closed,42,103,0
10801,196,2024-08-01,2024-08-07,usage_question,closed,16,20,8640
10802,645,2024-11-24,2024-11-24,feature_request,closed,40,120,0
10803,1451,2023-10-20,2023-10-20,usage_question,closed,2,44,0
10804,1300,2024-10-22,2024-10-22,usage_question,closed,11,238,0
10805,414,2024-10-23,2024-10-23,bug,closed,8,102,0
10806,1722,2024-12-06,2024-12-10,usage_question,closed,11,82,5760
10807,168,2024-10-23,2024-10-23,feature_request,closed,6,169,0
10808,1324,2023-04-29,2023-05-01,bug,closed,27,31,2880
10809,809,2024-05-18,2024-05-20,feature_request,closed,46,144,2880
10810,67,2024-05-28,2024-06-04,other,closed,50,76,10080
10811,1788,2023-08-22,2023-08-22,usage_question,closed,10,19,0
10812,1322,2024-05-14,2024-05-19,usage_question,closed,35,17,7200
10813,1431,2024-11-01,2024-11-01,feature_request,closed,14,147,0
10814,262,2024-08-18,2024-08-18,feature_request,closed,22,214,0
10815,1572,2024-08-08,2024-08-14,bug,closed,38,20,8640
10816,1858,2024-02-17,2024-02-17,usage_question,closed,3,73,0
10817,1615,2024-03-06,2024-03-13,other,closed,27,21,10080
10818,594,2024-07-02,2024-07-03,usage_question,closed,32,132,1440
10819,297,2023-04-01,2023-04-01,billing,closed,18,71,0
10820,1169,2024-01-21,2024-01-21,bug,closed,17,195,0
10821,1744,2023-04-07,2023-04-07,billing,closed,4,135,0
10822,1545,2024-10-28,2024-10-28,feature_request,closed,46,205,0
10823,1085,2024-07-30,2024-07-30,feature_request,closed,37,225,0
10824,716,2024-07-28,2024-07-31,feature_request,closed,12,209,4320
10825,182,2024-08-30,2024-08-30,usage_question,closed,34,95,0
10826,243,2023-10-19,2023-10-23,bug,closed,1,201,5760
10827,504,2024-10-25,2024-10-30,bug,closed,20,54,7200
10828,1030,2024-07-11,2024-07-15,usage_question,closed,23,98,5760
10829,907,2024-04-25,2024-04-28,other,closed,4,36,4320
10830,910,2024-10-18,2024-10-23,usage_question,closed,46,199,7200
10831,1145,2024-03-21,2024-03-25,other,closed,43,94,5760
10832,493,2024-11-15,2024-11-15,feature_request,closed,23,43,0
10833,1209,2024-12-14,2024-12-20,bug,closed,39,154,8640
10834,275,2023-12-02,2023-12-02,usage_question,closed,32,210,0
10835,888,2024-08-08,2024-08-09,feature_request,closed,34,117,1440
10836,1808,2024-10-23,2024-10-23,usage_question,closed,43,123,0
10837,1938,2024-04-09,2024-04-09,billing,closed,40,196,0
10838,710,2024-10-26,2024-10-26,feature_request,closed,4,220,0
10839,1528,2024-12-08,2024-12-08,usage_question,closed,33,110,0
10840,594,2024-06-25,2024-06-28,feature_request,closed,19,198,4320
10841,923,2024-09-29,2024-10-06,bug,closed,50,25,10080
10842,1935,2024-01-01,2024-01-01,billing,closed,3,54,0
10843,314,2024-02-07,2024-02-07,feature_request,closed,38,148,0
10844,1907,2023-11-27,2023-11-29,usage_question,closed,14,124,2880
10845,553,2024-02-01,2024-02-03,bug,closed,18,76,2880
10846,457,2024-08-16,2024-08-16,other,closed,47,189,0
10847,1135,2023-12-12,2023-12-15,bug,closed,36,138,4320
10848,1831,2024-06-08,2024-06-09,billing,closed,32,100,1440
10849,1219,2024-07-05,2024-07-09,bug,closed,17,97,5760
10850,1973,2024-09-16,2024-09-16,billing,closed,10,78,0
10851,1191,2024-07-14,2024-07-14,feature_request,closed,15,130,0
10852,611,2024-05-12,2024-05-14,usage_question,closed,33,60,2880
10853,881,2024-07-21,2024-07-21,billing,closed,24,86,0
10854,66,2024-03-25,2024-03-29,usage_question,closed,26,108,5760
10855,29,2024-02-08,2024-02-08,usage_question,closed,11,100,0
10856,1341,2024-01-10,2024-01-10,usage_question,closed,16,232,0
10857,1031,2024-07-18,2024-07-19,usage_question,closed,34,56,1440
10858,1582,2024-01-30,2024-02-05,billing,closed,48,154,8640
10859,227,2024-09-13,2024-09-13,billing,closed,24,222,0
10860,479,2024-11-10,2024-11-10,usage_question,closed,14,201,0
10861,242,2023-09-25,2023-09-25,usage_question,closed,18,110,0
10862,1155,2024-11-06,2024-11-06,bug,closed,4,101,0
10863,1710,2024-09-13,2024-09-13,bug,closed,36,128,0
10864,1299,2024-01-15,2024-01-15,usage_question,closed,36,130,0
10865,538,2024-07-16,2024-07-22,bug,closed,48,189,8640
10866,29,2024-05-25,2024-05-26,feature_request,closed,36,233,1440
10867,478,2024-04-13,2024-04-18,usage_question,closed,22,33,7200
10868,1984,2024-06-05,2024-06-05,feature_request,closed,23,127,0
10869,736,2024-05-07,2024-05-07,feature_request,closed,23,81,0
10870,683,2024-11-25,2024-11-27,usage_question,closed,33,30,2880
10871,693,2024-07-31,2024-08-01,bug,closed,33,184,1440
10872,772,2024-12-05,2024-12-11,usage_question,closed,34,207,8640
10873,1815,2024-09-04,2024-09-04,other,closed,10,82,0
10874,1351,2024-03-20,2024-03-21,usage_question,closed,24,193,1440
10875,1444,2024-09-13,2024-09-13,bug,closed,43,60,0
10876,358,2024-05-25,2024-05-29,usage_question,closed,22,217,5760
10877,112,2024-03-12,2024-03-19,feature_request,closed,9,199,10080
10878,766,2024-05-24,2024-05-24,usage_question,closed,36,199,0
10879,96,2024-12-26,2024-12-31,feature_request,closed,33,165,7200
10880,1061,2023-02-27,2023-02-27,other,closed,13,195,0
10881,1640,2024-05-21,2024-05-25,billing,closed,43,108,5760
10882,1347,2024-06-18,2024-06-25,bug,closed,48,134,10080
10883,1097,2024-10-03,2024-10-06,feature_request,closed,35,183,4320
10884,314,2023-05-10,2023-05-10,bug,closed,21,130,0
10885,979,2024-10-16,2024-10-16,usage_question,closed,15,19,0
10886,1690,2024-05-23,2024-05-23,bug,closed,30,175,0
10887,1934,2023-10-26,2023-11-02,bug,closed,42,77,10080
10888,715,2024-03-23,2024-03-23,other,closed,27,142,0
10889,785,2024-12-06,2024-12-09,bug,closed,37,116,4320
10890,563,2024-04-20,2024-04-26,bug,closed,2,169,8640
10891,246,2024-05-31,2024-05-31,usage_question,closed,9,142,0
10892,1613,2024-07-23,2024-07-26,billing,closed,34,240,4320
10893,31,2024-04-11,2024-04-14,usage_question,closed,13,75,4320
10894,1093,2024-04-04,2024-04-11,bug,closed,18,237,10080
10895,54,2024-05-31,2024-05-31,bug,closed,25,196,0
10896,1127,2024-04-07,2024-04-07,feature_request,closed,18,151,0
10897,1680,2024-06-15,2024-06-15,billing,closed,48,99,0
10898,404,2023-11-07,2023-11-09,usage_question,closed,25,129,2880
10899,354,2024-01-23,2024-01-25,bug,closed,31,149,2880
10900,577,2024-05-17,2024-05-18,bug,closed,45,105,1440
10901,212,2023-08-03,2023-08-03,usage_question,closed,15,38,0
10902,1163,2024-09-18,2024-09-18,usage_question,closed,46,141,0
10903,1661,2023-05-31,2023-05-31,feature_request,closed,1,168,0
10904,857,2023-10-12,2023-10-16,feature_request,closed,44,42,5760
10905,1711,2024-05-13,2024-05-13,feature_request,closed,20,56,0
10906,776,2023-11-08,2023-11-08,bug,closed,34,33,0
10907,1895,2024-11-18,2024-11-18,bug,closed,1,204,0
10908,1602,2024-03-02,2024-03-02,usage_question,closed,6,79,0
10909,1556,2024-07-30,2024-07-30,usage_question,closed,5,48,0
10910,533,2023-12-04,2023-12-06,bug,closed,3,172,2880
10911,605,2024-11-17,2024-11-17,usage_question,closed,32,37,0
10912,735,2023-10-04,2023-10-09,bug,closed,24,140,7200
10913,787,2024-11-10,2024-11-10,usage_question,closed,25,230,0
10914,163,2024-10-15,2024-10-17,feature_request,closed,10,39,2880
10915,863,2024-07-22,2024-07-22,feature_request,closed,39,102,0
10916,1239,2024-11-17,2024-11-17,billing,closed,39,79,0
10917,450,2024-05-24,2024-05-24,feature_request,closed,19,187,0
10918,69,2024-10-19,2024-10-25,feature_request,closed,46,45,8640
10919,740,2024-02-21,2024-02-25,bug,closed,29,30,5760
10920,1154,2023-08-25,2023-08-30,feature_request,closed,27,46,7200
10921,924,2024-04-17,2024-04-20,bug,closed,5,217,4320
10922,1220,2024-02-19,2024-02-19,usage_question,closed,3,52,0
10923,1470,2024-12-06,2024-12-06,usage_question,closed,50,32,0
10924,1492,2024-06-03,2024-06-03,usage_question,closed,22,141,0
10925,1087,2024-12-17,2024-12-18,bug,closed,39,198,1440
10926,872,2024-08-05,2024-08-11,feature_request,closed,19,32,8640
10927,348,2023-09-27,2023-09-27,bug,closed,36,95,0
10928,717,2024-11-23,2024-11-30,billing,closed,38,118,10080
10929,404,2024-11-01,2024-11-04,bug,closed,2,240,4320
10930,1687,2024-02-07,2024-02-14,other,closed,20,217,10080
10931,966,2023-03-21,2023-03-21,feature_request,closed,37,232,0
10932,1996,2024-08-28,2024-08-31,usage_question,closed,9,130,4320
10933,940,2024-11-19,2024-11-19,other,closed,34,195,0
10934,21,2023-12-12,2023-12-15,feature_request,closed,6,107,4320
10935,41,2023-09-28,2023-09-28,usage_question,closed,3,214,0
10936,196,2024-12-19,2024-12-19,bug,closed,40,224,0
10937,1554,2024-07-02,2024-07-04,bug,closed,20,120,2880
10938,1208,2024-12-25,2024-12-25,bug,closed,24,158,0
10939,1794,2023-10-07,2023-10-14,feature_request,closed,13,18,10080
10940,459,2023-10-03,2023-10-03,bug,closed,10,192,0
10941,831,2023-12-25,2023-12-25,billing,closed,3,68,0
10942,1684,2024-10-14,2024-10-14,usage_question,closed,31,151,0
10943,508,2024-10-05,2024-10-09,usage_question,closed,47,73,5760
10944,430,2024-07-28,2024-07-28,usage_question,closed,18,167,0
10945,1764,2024-12-04,2024-12-11,usage_question,closed,18,176,10080
10946,1887,2024-07-04,2024-07-06,billing,closed,4,187,2880
10947,1934,2024-04-27,2024-04-27,usage_question,closed,13,101,0
10948,1954,2024-04-24,2024-04-25,usage_question,closed,29,142,1440
10949,781,2024-08-17,2024-08-17,usage_question,closed,44,175,0
10950,1454,2023-12-19,2023-12-25,feature_request,closed,10,170,8640
10951,565,2024-09-15,2024-09-15,other,closed,23,107,0
10952,357,2023-11-24,2023-11-24,usage_question,closed,35,186,0
10953,526,2024-10-17,2024-10-23,usage_question,closed,34,208,8640
10954,1960,2024-08-27,2024-08-27,other,closed,26,216,0
10955,1714,2024-06-21,2024-06-22,usage_question,closed,44,54,1440
10956,1961,2023-11-16,2023-11-20,other,closed,20,177,5760
10957,645,2024-03-20,2024-03-27,usage_question,closed,45,118,10080
10958,1018,2023-12-26,2023-12-27,bug,closed,18,78,1440
10959,855,2024-07-08,2024-07-15,bug,closed,17,154,10080
10960,242,2024-10-02,2024-10-04,usage_question,closed,48,236,2880
10961,1515,2024-10-06,2024-10-08,usage_question,closed,7,152,2880
10962,1775,2024-11-06,2024-11-11,bug,closed,21,66,7200
10963,173,2023-05-28,2023-06-01,bug,closed,16,229,5760
10964,1358,2024-10-22,2024-10-22,usage_question,closed,3,61,0
10965,661,2024-07-15,2024-07-16,bug,closed,21,126,1440
10966,240,2024-05-15,2024-05-15,bug,closed,5,64,0
10967,119,2024-06-21,2024-06-22,bug,closed,7,216,1440
10968,73,2024-01-24,2024-01-24,usage_question,closed,44,82,0
10969,1328,2024-07-11,2024-07-16,bug,closed,37,193,7200
10970,1737,2024-03-22,2024-03-22,usage_question,closed,37,202,0
10971,531,2024-05-27,2024-05-27,bug,closed,9,237,0
10972,1929,2024-08-01,2024-08-01,usage_question,closed,19,219,0
10973,296,2024-07-09,2024-07-10,usage_question,closed,32,215,1440
10974,1563,2024-08-15,2024-08-19,feature_request,closed,14,150,5760
10975,1977,2024-12-15,2024-12-21,usage_question,closed,7,105,8640
10976,1027,2023-02-26,2023-02-26,bug,closed,9,50,0
10977,1037,2024-06-29,2024-06-29,usage_question,closed,12,176,0
10978,1206,2024-10-14,2024-10-21,usage_question,closed,10,88,10080
10979,99,2024-06-28,2024-06-30,usage_question,closed,8,189,2880
10980,244,2024-09-21,2024-09-21,usage_question,closed,26,35,0
10981,426,2023-12-06,2023-12-06,usage_question,closed,30,153,0
10982,470,2024-11-11,2024-11-15,billing,closed,11,42,5760
10983,473,2024-11-20,2024-11-21,usage_question,closed,19,180,1440
10984,1022,2024-11-28,2024-11-28,usage_question,closed,19,68,0
10985,885,2023-11-16,2023-11-19,billing,closed,14,127,4320
10986,1296,2023-07-10,2023-07-17,usage_question,closed,11,85,10080
10987,1088,2024-04-22,2024-04-23,bug,closed,35,20,1440
10988,160,2024-04-28,2024-04-30,bug,closed,10,239,2880
10989,1334,2024-05-26,2024-06-01,usage_question,closed,43,53,8640
10990,1399,2024-03-27,2024-03-27,feature_request,closed,5,70,0
10991,1942,2024-04-21,2024-04-25,usage_question,closed,35,154,5760
10992,204,2024-06-01,2024-06-02,bug,closed,21,195,1440
10993,1754,2024-11-20,2024-11-23,bug,closed,31,238,4320
10994,362,2024-08-16,2024-08-16,usage_question,closed,42,84,0
10995,1577,2024-09-16,2024-09-16,feature_request,closed,45,143,0
10996,96,2023-10-20,2023-10-26,usage_question,closed,48,226,8640
10997,232,2023-09-02,2023-09-02,feature_request,closed,47,240,0
10998,1876,2023-10-21,2023-10-21,feature_request,closed,38,228,0
10999,1024,2024-07-27,2024-08-01,usage_question,closed,13,102,7200
11000,1514,2024-08-17,2024-08-17,usage_question,closed,42,207,0
11001,862,2024-07-31,2024-07-31,usage_question,closed,27,136,0
11002,821,2024-04-20,2024-04-21,usage_question,closed,42,190,1440
11003,1646,2024-09-04,2024-09-04,usage_question,closed,20,186,0
11004,1102,2024-08-15,2024-08-15,billing,closed,35,199,0
11005,406,2024-12-11,2024-12-14,billing,closed,19,24,4320
11006,411,2023-10-01,2023-10-01,usage_question,closed,33,116,0
11007,1872,2024-11-14,2024-11-17,feature_request,closed,17,142,4320
11008,884,2024-11-20,2024-11-20,usage_question,closed,4,193,0
11009,1390,2024-11-17,2024-11-18,bug,closed,24,35,1440
11010,489,2024-04-22,2024-04-22,bug,closed,46,87,0
11011,1192,2024-12-23,2024-12-23,feature_request,closed,9,100,0
11012,1435,2023-12-06,2023-12-06,billing,closed,39,105,0
11013,499,2024-02-24,2024-02-25,usage_question,closed,2,238,1440
11014,774,2024-07-25,2024-07-28,billing,closed,23,34,4320
11015,1690,2023-12-11,2023-12-18,bug,closed,33,195,10080
11016,1538,2024-06-26,2024-06-26,feature_request,closed,11,79,0
11017,1521,2023-12-25,2023-12-25,bug,closed,15,178,0
11018,1655,2024-03-08,2024-03-08,usage_question,closed,26,176,0
11019,1991,2023-12-24,2023-12-30,bug,closed,37,175,8640
11020,954,2024-09-25,2024-09-25,bug,closed,4,97,0
11021,681,2023-12-15,2023-12-16,bug,closed,47,95,1440
11022,753,2024-11-29,2024-11-29,billing,closed,1,90,0
11023,970,2023-06-13,2023-06-17,feature_request,closed,36,223,5760
11024,266,2024-06-01,2024-06-07,bug,closed,44,112,8640
11025,226,2024-10-15,2024-10-15,usage_question,closed,7,182,0
11026,1183,2024-10-10,2024-10-10,bug,closed,14,101,0
11027,333,2024-12-08,2024-12-12,bug,closed,21,94,5760
11028,861,2023-10-26,2023-11-02,feature_request,closed,33,123,10080
11029,496,2024-03-15,2024-03-18,billing,closed,21,167,4320
11030,1805,2024-10-02,2024-10-04,billing,closed,23,148,2880
11031,636,2023-12-20,2023-12-20,other,closed,40,117,0
11032,1190,2024-09-29,2024-10-06,bug,closed,23,68,10080
11033,213,2023-11-14,2023-11-18,feature_request,closed,6,40,5760
11034,1480,2024-12-19,2024-12-22,usage_question,closed,20,215,4320
11035,290,2024-09-20,2024-09-22,bug,closed,27,178,2880
11036,1659,2024-03-04,2024-03-04,other,closed,14,97,0
11037,1761,2024-09-08,2024-09-08,usage_question,closed,11,179,0
11038,1108,2024-09-12,2024-09-12,billing,closed,13,105,0
11039,1010,2024-07-10,2024-07-10,bug,closed,5,79,0
11040,996,2024-10-02,2024-10-04,bug,closed,30,73,2880
11041,1570,2024-10-17,2024-10-23,usage_question,closed,47,206,8640
11042,1386,2024-11-18,2024-11-18,feature_request,closed,44,19,0
11043,33,2024-12-28,2024-12-30,feature_request,closed,14,220,2880
11044,674,2024-08-05,2024-08-07,usage_question,closed,2,42,2880
11045,663,2024-06-27,2024-06-29,other,closed,16,168,2880
11046,1789,2024-10-23,2024-10-23,billing,closed,29,136,0
11047,471,2024-03-02,2024-03-03,usage_question,closed,13,99,1440
11048,506,2024-06-02,2024-06-09,usage_question,closed,29,213,10080
11049,684,2024-12-16,2024-12-16,bug,closed,22,51,0
11050,470,2024-06-15,2024-06-15,billing,closed,27,25,0
11051,1626,2024-09-29,2024-09-29,usage_question,closed,5,114,0
11052,1247,2024-10-31,2024-11-06,bug,closed,38,60,8640
11053,492,2024-06-09,2024-06-09,other,closed,15,86,0
11054,1090,2024-05-20,2024-05-20,usage_question,closed,49,145,0
11055,1469,2024-12-25,2024-12-25,usage_question,closed,3,154,0
11056,271,2024-09-26,2024-09-26,bug,closed,1,88,0
11057,71,2024-02-11,2024-02-14,bug,closed,1,111,4320
11058,796,2024-08-07,2024-08-07,usage_question,closed,22,129,0
11059,1914,2024-05-13,2024-05-13,feature_request,closed,22,16,0
11060,766,2024-11-22,2024-11-22,bug,closed,21,15,0
11061,1206,2024-10-05,2024-10-06,feature_request,closed,21,189,1440
11062,1630,2024-06-30,2024-06-30,billing,closed,15,225,0
11063,1891,2024-04-06,2024-04-06,bug,closed,21,46,0
11064,1622,2023-07-10,2023-07-10,billing,closed,14,207,0
11065,1041,2024-02-05,2024-02-07,bug,closed,30,57,2880
11066,734,2024-04-20,2024-04-23,usage_question,closed,48,132,4320
11067,1689,2024-11-29,2024-11-29,usage_question,closed,35,85,0
11068,1847,2024-03-20,2024-03-26,bug,closed,32,172,8640
11069,1504,2024-10-16,2024-10-17,billing,closed,39,221,1440
11070,474,2024-01-16,2024-01-16,bug,closed,45,29,0
11071,123,2024-11-01,2024-11-07,usage_question,closed,34,108,8640
11072,222,2024-06-13,2024-06-14,usage_question,closed,10,174,1440
11073,49,2024-07-22,2024-07-27,feature_request,closed,10,172,7200
11074,1368,2024-04-04,2024-04-04,bug,closed,18,107,0
11075,964,2024-06-07,2024-06-07,feature_request,closed,49,107,0
11076,1567,2024-01-20,2024-01-20,bug,closed,20,39,0
11077,617,2024-05-27,2024-05-28,usage_question,closed,8,57,1440
11078,1719,2024-11-08,2024-11-08,feature_request,closed,8,189,0
11079,1991,2023-10-31,2023-10-31,usage_question,closed,36,202,0
11080,200,2024-06-06,2024-06-10,billing,closed,13,41,5760
11081,984,2024-09-01,2024-09-01,feature_request,closed,12,55,0
11082,1998,2024-08-13,2024-08-19,billing,closed,3,99,8640
11083,1786,2023-07-17,2023-07-23,usage_question,closed,24,222,8640
11084,461,2024-09-21,2024-09-21,feature_request,closed,36,183,0
11085,78,2023-06-27,2023-06-30,other,closed,48,141,4320
11086,422,2023-11-27,2023-11-28,usage_question,closed,43,21,1440
11087,1969,2024-12-24,2024-12-27,usage_question,closed,11,194,4320
11088,247,2024-08-13,2024-08-13,billing,closed,30,107,0
11089,87,2024-02-16,2024-02-16,usage_question,closed,5,60,0
11090,1349,2024-08-14,2024-08-17,usage_question,closed,30,95,4320
11091,1955,2024-12-10,2024-12-15,billing,closed,22,165,7200
11092,17,2024-01-11,2024-01-11,feature_request,closed,21,193,0
11093,1070,2023-11-26,2023-11-28,usage_question,closed,45,83,2880
11094,89,2023-08-17,2023-08-20,usage_question,closed,5,166,4320
11095,476,2024-11-06,2024-11-12,usage_question,closed,5,237,8640
11096,958,2024-04-06,2024-04-06,bug,closed,48,51,0
11097,1500,2024-07-19,2024-07-19,usage_question,closed,43,29,0
11098,71,2024-10-29,2024-10-29,usage_question,closed,24,196,0
11099,1773,2024-10-13,2024-10-17,bug,closed,15,195,5760
11100,174,2024-12-09,2024-12-10,usage_question,closed,19,199,1440
11101,1504,2024-12-11,2024-12-18,usage_question,closed,23,101,10080
11102,793,2024-05-13,2024-05-14,feature_request,closed,34,237,1440
11103,547,2024-07-15,2024-07-15,bug,closed,4,146,0
11104,363,2024-05-13,2024-05-13,bug,closed,43,149,0
11105,1050,2024-05-20,2024-05-20,other,closed,12,120,0
11106,587,2024-11-06,2024-11-06,usage_question,closed,39,62,0
11107,1132,2024-10-10,2024-10-13,bug,closed,15,89,4320
11108,1837,2024-07-29,2024-07-29,usage_question,closed,26,46,0
11109,682,2024-10-25,2024-10-25,feature_request,closed,24,143,0
11110,525,2024-02-29,2024-03-06,bug,closed,38,94,8640
11111,359,2024-02-02,2024-02-07,billing,closed,23,220,7200
11112,1783,2023-06-29,2023-06-29,bug,closed,2,240,0
11113,1367,2023-07-25,2023-07-30,feature_request,closed,8,73,7200
11114,247,2024-11-06,2024-11-09,bug,closed,38,204,4320
11115,1628,2024-09-02,2024-09-05,feature_request,closed,33,231,4320
11116,1473,2024-06-02,2024-06-09,usage_question,closed,47,104,10080
11117,312,2023-11-12,2023-11-17,usage_question,closed,9,127,7200
11118,551,2024-01-31,2024-01-31,feature_request,closed,49,75,0
11119,1495,2024-01-25,2024-01-30,bug,closed,22,156,7200
11120,1735,2024-05-03,2024-05-03,bug,closed,50,124,0
11121,1448,2023-12-13,2023-12-13,other,closed,45,148,0
11122,1562,2024-11-26,2024-11-28,bug,closed,31,109,2880
11123,344,2023-12-17,2023-12-17,usage_question,closed,30,196,0
11124,1487,2024-07-21,2024-07-25,usage_question,closed,44,149,5760
11125,1825,2024-06-23,2024-06-24,feature_request,closed,37,80,1440
11126,1594,2024-06-10,2024-06-10,usage_question,closed,25,97,0
11127,656,2024-11-26,2024-11-26,feature_request,closed,42,35,0
11128,652,2023-11-16,2023-11-20,usage_question,closed,13,171,5760
11129,1225,2023-12-03,2023-12-03,bug,closed,32,71,0
11130,738,2024-05-28,2024-05-28,usage_question,closed,1,149,0
11131,622,2024-03-18,2024-03-24,feature_request,closed,1,157,8640
11132,1935,2023-11-01,2023-11-04,usage_question,closed,24,156,4320
11133,1197,2024-10-03,2024-10-07,bug,closed,19,199,5760
11134,1255,2023-11-25,2023-11-29,usage_question,closed,35,215,5760
11135,1290,2024-03-14,2024-03-15,feature_request,closed,34,48,1440
11136,1673,2024-11-14,2024-11-15,bug,closed,36,40,1440
11137,1488,2023-01-27,2023-01-28,bug,closed,40,99,1440
11138,170,2024-11-30,2024-11-30,feature_request,closed,14,136,0
11139,1616,2024-03-18,2024-03-18,other,closed,49,76,0
11140,1802,2024-06-20,2024-06-20,usage_question,closed,5,237,0
11141,255,2024-11-18,2024-11-24,other,closed,35,21,8640
11142,976,2023-06-23,2023-06-23,usage_question,closed,30,224,0
11143,1281,2024-05-07,2024-05-07,feature_request,closed,19,26,0
11144,820,2024-06-28,2024-06-30,usage_question,closed,12,156,2880
11145,446,2024-08-20,2024-08-25,usage_question,closed,33,127,7200
11146,1874,2024-08-30,2024-08-30,usage_question,closed,40,127,0
11147,1355,2024-11-15,2024-11-15,bug,closed,16,123,0
11148,632,2024-07-28,2024-07-30,other,closed,34,27,2880
11149,1663,2024-10-18,2024-10-18,other,closed,39,228,0
11150,972,2024-08-14,2024-08-21,usage_question,closed,25,87,10080
11151,1584,2024-07-01,2024-07-08,usage_question,closed,30,179,10080
11152,1870,2024-12-08,2024-12-08,bug,closed,11,171,0
11153,985,2023-09-14,2023-09-20,other,closed,20,218,8640
11154,1952,2024-07-17,2024-07-17,other,closed,27,232,0
11155,1195,2023-11-26,2023-12-03,billing,closed,30,184,10080
11156,408,2023-11-20,2023-11-20,bug,closed,45,172,0
11157,699,2024-01-24,2024-01-31,bug,closed,16,45,10080
11158,1207,2024-11-04,2024-11-11,usage_question,closed,18,172,10080
11159,1908,2024-03-02,2024-03-08,feature_request,closed,50,113,8640
11160,1698,2024-08-17,2024-08-24,other,closed,39,222,10080
11161,1239,2024-06-15,2024-06-15,usage_question,closed,50,28,0
11162,609,2024-05-14,2024-05-17,billing,closed,31,94,4320
11163,1828,2024-07-28,2024-08-03,bug,closed,30,66,8640
11164,68,2024-07-17,2024-07-17,feature_request,closed,43,130,0
11165,1431,2024-04-13,2024-04-13,feature_request,closed,21,199,0
11166,1042,2024-09-10,2024-09-10,bug,closed,46,35,0
11167,480,2024-02-20,2024-02-20,other,closed,43,29,0
11168,1477,2024-11-29,2024-11-29,billing,closed,40,170,0
11169,23,2024-01-12,2024-01-19,bug,closed,50,201,10080
11170,65,2023-09-04,2023-09-10,usage_question,closed,27,194,8640
11171,1536,2024-06-19,2024-06-19,bug,closed,25,190,0
11172,1273,2023-09-24,2023-09-30,bug,closed,23,222,8640
11173,1343,2024-06-09,2024-06-14,bug,closed,38,239,7200
11174,140,2024-02-18,2024-02-21,billing,closed,42,208,4320
11175,1086,2023-12-16,2023-12-21,feature_request,closed,30,188,7200
11176,1276,2023-12-10,2023-12-10,usage_question,closed,25,127,0
11177,1531,2023-12-21,2023-12-21,billing,closed,16,34,0
11178,168,2024-07-13,2024-07-13,feature_request,closed,10,30,0
11179,714,2024-12-17,2024-12-17,billing,closed,21,180,0
11180,117,2024-06-25,2024-07-02,usage_question,closed,21,95,10080
11181,400,2024-05-28,2024-05-29,feature_request,closed,12,230,1440
11182,1498,2024-08-21,2024-08-21,usage_question,closed,4,31,0
11183,963,2024-08-13,2024-08-13,bug,closed,31,126,0
11184,1296,2023-11-28,2023-11-28,billing,closed,22,50,0
11185,1261,2024-05-05,2024-05-10,usage_question,closed,3,128,7200
11186,1111,2024-05-08,2024-05-14,bug,closed,42,166,8640
11187,726,2024-01-24,2024-01-27,usage_question,closed,11,86,4320
11188,1035,2024-04-03,2024-04-05,bug,closed,26,106,2880
11189,774,2024-12-25,2024-12-25,feature_request,closed,19,119,0
11190,1109,2024-07-21,2024-07-21,usage_question,closed,29,186,0
11191,1327,2024-07-13,2024-07-14,usage_question,closed,45,134,1440
11192,1578,2024-04-18,2024-04-18,usage_question,closed,17,192,0
11193,1976,2024-09-11,2024-09-11,billing,closed,50,100,0
11194,909,2024-04-06,2024-04-08,usage_question,closed,36,72,2880
11195,1073,2024-08-18,2024-08-25,usage_question,closed,12,19,10080
11196,146,2024-12-04,2024-12-07,usage_question,closed,46,97,4320
11197,1343,2024-11-20,2024-11-20,bug,closed,39,205,0
11198,49,2024-03-20,2024-03-24,other,closed,31,105,5760
11199,554,2024-11-26,2024-11-30,usage_question,closed,32,139,5760
11200,182,2024-06-28,2024-06-28,billing,closed,42,196,0
11201,449,2024-06-28,2024-06-30,billing,closed,36,187,2880
11202,1585,2023-12-02,2023-12-05,usage_question,closed,3,58,4320
11203,430,2024-08-18,2024-08-18,bug,closed,17,69,0
11204,397,2024-12-13,2024-12-13,usage_question,closed,8,207,0
11205,884,2024-01-21,2024-01-27,usage_question,closed,47,202,8640
11206,1147,2024-08-01,2024-08-05,usage_question,closed,8,56,5760
11207,1134,2024-12-21,2024-12-21,bug,closed,36,147,0
11208,482,2024-07-21,2024-07-26,usage_question,closed,26,234,7200
11209,905,2024-07-05,2024-07-09,usage_question,closed,1,137,5760
11210,348,2024-12-02,2024-12-05,bug,closed,7,42,4320
11211,1884,2024-03-17,2024-03-19,feature_request,closed,6,55,2880
11212,438,2024-11-01,2024-11-07,usage_question,closed,7,61,8640
11213,343,2024-07-18,2024-07-21,usage_question,closed,40,112,4320
11214,1962,2024-04-18,2024-04-23,other,closed,18,119,7200
11215,401,2023-08-01,2023-08-08,usage_question,closed,23,80,10080
11216,616,2024-07-10,2024-07-10,bug,closed,35,234,0
11217,145,2023-10-20,2023-10-20,bug,closed,48,99,0
11218,1521,2023-09-22,2023-09-26,billing,closed,19,114,5760
11219,235,2024-07-29,2024-07-29,usage_question,closed,3,236,0
11220,652,2024-03-03,2024-03-03,bug,closed,24,85,0
11221,1721,2024-09-04,2024-09-06,bug,closed,38,94,2880
11222,959,2024-09-15,2024-09-15,bug,closed,45,208,0
11223,978,2024-08-25,2024-09-01,feature_request,closed,35,136,10080
11224,1103,2023-11-27,2023-12-04,usage_question,closed,25,222,10080
11225,1797,2024-12-05,2024-12-06,billing,closed,49,78,1440
11226,605,2024-03-28,2024-04-02,usage_question,closed,32,233,7200
11227,1822,2024-02-18,2024-02-22,bug,closed,3,65,5760
11228,973,2023-10-31,2023-10-31,usage_question,closed,19,42,0
11229,1832,2024-06-09,2024-06-13,feature_request,closed,6,229,5760
11230,1416,2024-06-08,2024-06-12,usage_question,closed,25,94,5760
11231,1560,2023-11-23,2023-11-23,bug,closed,7,185,0
11232,904,2023-11-11,2023-11-16,bug,closed,39,107,7200
11233,1236,2024-04-23,2024-04-29,bug,closed,20,73,8640
11234,1208,2024-04-06,2024-04-07,bug,closed,16,179,1440
11235,1780,2024-09-05,2024-09-07,feature_request,closed,44,203,2880
11236,187,2024-09-02,2024-09-06,billing,closed,47,48,5760
11237,1917,2024-12-27,2024-12-27,bug,closed,46,96,0
11238,216,2024-06-19,2024-06-24,feature_request,closed,38,230,7200
11239,1287,2024-06-01,2024-06-01,usage_question,closed,45,121,0
11240,1386,2024-03-06,2024-03-12,usage_question,closed,45,39,8640
11241,1577,2024-10-13,2024-10-17,usage_question,closed,48,73,5760
11242,1670,2024-10-21,2024-10-21,usage_question,closed,19,225,0
11243,372,2023-11-27,2023-11-30,feature_request,closed,25,196,4320
11244,826,2024-09-04,2024-09-04,bug,closed,21,197,0
11245,1205,2024-07-02,2024-07-03,bug,closed,36,36,1440
11246,1979,2024-08-17,2024-08-17,usage_question,closed,10,36,0
11247,1345,2023-10-08,2023-10-08,usage_question,closed,40,167,0
11248,1031,2024-03-29,2024-03-29,usage_question,closed,19,165,0
11249,1128,2023-10-29,2023-11-04,usage_question,closed,23,206,8640
11250,1414,2024-03-24,2024-03-29,billing,closed,5,31,7200
11251,39,2024-01-02,2024-01-02,bug,closed,34,45,0
11252,1452,2024-09-08,2024-09-08,bug,closed,35,61,0
11253,128,2024-06-02,2024-06-08,feature_request,closed,46,32,8640
11254,1696,2024-10-26,2024-10-26,billing,closed,50,229,0
11255,1766,2023-11-10,2023-11-10,bug,closed,39,224,0
11256,156,2024-02-04,2024-02-04,billing,closed,34,55,0
11257,629,2024-11-12,2024-11-12,other,closed,20,37,0
11258,1790,2024-05-02,2024-05-02,usage_question,closed,3,164,0
11259,940,2024-06-02,2024-06-04,usage_question,closed,27,156,2880
11260,1505,2023-12-27,2024-01-02,feature_request,closed,29,135,8640
11261,1745,2024-06-23,2024-06-23,bug,closed,44,16,0
11262,1509,2024-11-15,2024-11-16,usage_question,closed,13,60,1440
11263,506,2024-09-18,2024-09-18,bug,closed,39,128,0
11264,28,2024-07-30,2024-08-03,usage_question,closed,25,169,5760
11265,449,2024-08-13,2024-08-13,bug,closed,19,60,0
11266,1297,2024-11-03,2024-11-10,feature_request,closed,10,209,10080
11267,658,2024-09-04,2024-09-08,billing,closed,39,27,5760
11268,1550,2024-09-29,2024-10-01,billing,closed,9,45,2880
11269,1526,2024-10-25,2024-10-26,feature_request,closed,7,197,1440
11270,135,2024-04-15,2024-04-18,usage_question,closed,4,155,4320
11271,1393,2024-07-23,2024-07-24,bug,closed,36,71,1440
11272,1117,2024-07-29,2024-07-29,bug,closed,17,51,0
11273,1171,2024-11-07,2024-11-07,other,closed,33,68,0
11274,1908,2024-12-14,2024-12-21,bug,closed,2,67,10080
11275,287,2024-07-06,2024-07-06,usage_question,closed,19,177,0
11276,1066,2024-08-01,2024-08-01,bug,closed,34,54,0
11277,163,2024-05-28,2024-06-01,feature_request,closed,16,180,5760
11278,437,2024-01-24,2024-01-25,bug,closed,38,180,1440
11279,182,2024-12-06,2024-12-06,other,closed,12,40,0
11280,1598,2024-10-09,2024-10-16,usage_question,closed,45,204,10080
11281,1780,2024-02-03,2024-02-03,usage_question,closed,14,106,0
11282,1092,2024-10-05,2024-10-05,other,closed,46,67,0
11283,125,2024-09-29,2024-10-01,bug,closed,7,175,2880
11284,1652,2024-09-21,2024-09-22,bug,closed,2,180,1440
11285,1585,2024-09-18,2024-09-18,usage_question,closed,33,60,0
11286,1837,2024-08-30,2024-08-31,usage_question,closed,17,15,1440
11287,784,2024-03-22,2024-03-24,usage_question,closed,19,165,2880
11288,1452,2024-03-06,2024-03-06,usage_question,closed,20,193,0
11289,1466,2024-12-09,2024-12-09,billing,closed,19,150,0
11290,493,2024-04-30,2024-05-03,usage_question,closed,31,88,4320
11291,46,2024-12-08,2024-12-08,usage_question,closed,20,139,0
11292,204,2023-11-13,2023-11-17,bug,closed,7,122,5760
11293,107,2024-02-21,2024-02-26,feature_request,closed,43,150,7200
11294,1991,2024-09-22,2024-09-22,bug,closed,48,193,0
11295,1441,2024-06-09,2024-06-16,bug,closed,45,120,10080
11296,1368,2024-06-12,2024-06-19,other,closed,44,232,10080
11297,1173,2023-12-11,2023-12-11,feature_request,closed,24,142,0
11298,490,2024-11-23,2024-11-23,usage_question,closed,44,166,0
11299,457,2024-06-15,2024-06-15,other,closed,19,143,0
11300,1923,2024-04-27,2024-04-27,usage_question,closed,40,185,0
11301,750,2023-10-18,2023-10-18,feature_request,closed,4,30,0
11302,1368,2024-07-28,2024-07-28,usage_question,closed,11,150,0
11303,1135,2024-09-02,2024-09-02,bug,closed,42,79,0
11304,441,2024-07-17,2024-07-23,bug,closed,21,161,8640
11305,1308,2024-10-20,2024-10-26,billing,closed,33,96,8640
11306,61,2024-02-19,2024-02-19,other,closed,33,70,0
11307,105,2024-04-16,2024-04-16,bug,closed,46,105,0
11308,150,2023-05-29,2023-05-29,billing,closed,27,184,0
11309,1232,2024-06-28,2024-07-01,billing,closed,18,149,4320
11310,1870,2024-11-13,2024-11-19,usage_question,closed,27,157,8640
11311,1847,2024-07-05,2024-07-11,usage_question,closed,36,94,8640
11312,529,2024-01-20,2024-01-20,bug,closed,43,227,0
11313,1707,2024-05-24,2024-05-31,bug,closed,21,91,10080
11314,1911,2023-11-30,2023-11-30,other,closed,16,158,0
11315,343,2024-09-16,2024-09-16,billing,closed,43,66,0
11316,1286,2024-12-06,2024-12-11,other,closed,20,54,7200
11317,1376,2024-07-27,2024-08-02,feature_request,closed,23,205,8640
11318,1621,2024-07-28,2024-07-28,bug,closed,49,118,0
11319,764,2024-12-11,2024-12-18,feature_request,closed,33,31,10080
11320,1720,2024-01-29,2024-02-01,usage_question,closed,50,236,4320
11321,623,2023-10-07,2023-10-07,usage_question,closed,26,39,0
11322,1660,2024-12-05,2024-12-07,usage_question,closed,44,35,2880
11323,105,2024-10-26,2024-11-02,bug,closed,14,72,10080
11324,1677,2024-06-02,2024-06-02,usage_question,closed,1,127,0
11325,1346,2024-11-16,2024-11-16,bug,closed,6,37,0
11326,134,2024-08-10,2024-08-10,bug,closed,13,175,0
11327,1618,2023-12-29,2023-12-29,usage_question,closed,24,104,0
11328,1243,2024-05-13,2024-05-13,billing,closed,10,46,0
11329,281,2023-08-25,2023-08-28,bug,closed,42,100,4320
11330,1842,2024-06-19,2024-06-19,usage_question,closed,48,86,0
11331,355,2024-06-18,2024-06-18,bug,closed,19,33,0
11332,686,2024-12-04,2024-12-04,bug,closed,40,224,0
11333,1075,2024-03-08,2024-03-15,bug,closed,17,158,10080
11334,408,2024-10-25,2024-10-28,feature_request,closed,6,120,4320
11335,733,2024-11-09,2024-11-13,billing,closed,18,28,5760
11336,1703,2024-09-07,2024-09-07,bug,closed,15,87,0
11337,1829,2024-06-19,2024-06-22,other,closed,16,148,4320
11338,689,2023-06-02,2023-06-04,feature_request,closed,47,193,2880
11339,1720,2024-11-09,2024-11-09,bug,closed,18,159,0
11340,581,2023-12-14,2023-12-19,billing,closed,31,150,7200
11341,146,2024-05-03,2024-05-10,bug,closed,6,46,10080
11342,1148,2024-11-19,2024-11-19,bug,closed,19,223,0
11343,1575,2024-05-29,2024-06-05,usage_question,closed,23,165,10080
11344,1557,2024-07-23,2024-07-28,usage_question,closed,1,171,7200
11345,1062,2024-10-29,2024-11-03,usage_question,closed,34,142,7200
11346,1750,2024-11-17,2024-11-17,bug,closed,42,179,0
11347,1596,2023-07-31,2023-08-03,usage_question,closed,29,194,4320
11348,1757,2024-11-21,2024-11-25,usage_question,closed,46,132,5760
11349,59,2024-11-05,2024-11-09,bug,closed,16,224,5760
11350,1632,2024-03-25,2024-03-26,billing,closed,40,207,1440
11351,1414,2024-02-22,2024-02-26,usage_question,closed,32,140,5760
11352,1703,2024-11-18,2024-11-18,other,closed,31,22,0
11353,1668,2024-01-29,2024-02-05,billing,closed,4,30,10080
11354,150,2024-11-02,2024-11-02,usage_question,closed,50,207,0
11355,1984,2024-12-02,2024-12-06,feature_request,closed,40,215,5760
11356,1685,2024-06-08,2024-06-11,feature_request,closed,9,135,4320
11357,1824,2024-03-18,2024-03-18,usage_question,closed,15,124,0
11358,1126,2024-01-18,2024-01-20,usage_question,closed,39,59,2880
11359,1316,2024-12-23,2024-12-23,usage_question,closed,20,89,0
11360,1157,2024-10-31,2024-10-31,bug,closed,21,182,0
11361,885,2024-04-11,2024-04-18,usage_question,closed,23,142,10080
11362,1919,2024-09-07,2024-09-13,other,closed,10,228,8640
11363,1981,2023-11-09,2023-11-09,usage_question,closed,46,112,0
11364,1295,2024-04-23,2024-04-27,billing,closed,50,47,5760
11365,1259,2024-05-10,2024-05-10,other,closed,33,19,0
11366,1373,2023-12-23,2023-12-23,usage_question,closed,22,41,0
11367,1135,2024-10-13,2024-10-16,other,closed,42,88,4320
11368,1509,2024-06-23,2024-06-23,usage_question,closed,22,24,0
11369,600,2024-01-15,2024-01-18,bug,closed,11,77,4320
11370,450,2024-04-16,2024-04-19,bug,closed,25,153,4320
11371,1656,2024-07-17,2024-07-17,other,closed,13,110,0
11372,1779,2023-01-15,2023-01-21,usage_question,closed,22,206,8640
11373,878,2024-08-06,2024-08-06,bug,closed,42,188,0
11374,1502,2023-12-05,2023-12-05,bug,closed,49,38,0
11375,1369,2023-09-12,2023-09-12,bug,closed,26,51,0
11376,184,2024-05-23,2024-05-23,feature_request,closed,26,236,0
11377,235,2024-05-19,2024-05-19,bug,closed,37,126,0
11378,1316,2024-12-04,2024-12-10,bug,closed,14,122,8640
11379,1818,2024-08-30,2024-08-30,usage_question,closed,42,57,0
11380,483,2024-06-13,2024-06-13,bug,closed,25,87,0
11381,781,2024-01-21,2024-01-21,billing,closed,44,103,0
11382,558,2024-07-09,2024-07-13,feature_request,closed,50,190,5760
11383,315,2024-03-31,2024-04-06,bug,closed,50,206,8640
11384,530,2024-02-11,2024-02-11,usage_question,closed,10,145,0
11385,1013,2024-11-04,2024-11-04,feature_request,closed,32,167,0
11386,778,2024-11-15,2024-11-22,bug,closed,9,66,10080
11387,1051,2024-10-10,2024-10-11,usage_question,closed,3,136,1440
11388,625,2024-05-17,2024-05-22,usage_question,closed,32,234,7200
11389,433,2024-04-23,2024-04-23,usage_question,closed,35,73,0
11390,1222,2024-04-27,2024-04-27,feature_request,closed,49,60,0
11391,1081,2023-09-29,2023-09-29,bug,closed,16,200,0
11392,1970,2024-12-22,2024-12-22,usage_question,closed,36,137,0
11393,905,2024-12-05,2024-12-06,usage_question,closed,17,224,1440
11394,124,2024-09-27,2024-10-02,billing,closed,39,45,7200
11395,675,2024-08-08,2024-08-12,bug,closed,17,217,5760
11396,193,2024-12-24,2024-12-27,billing,closed,25,77,4320
11397,1830,2024-11-30,2024-11-30,bug,closed,36,42,0
11398,7,2024-11-13,2024-11-13,usage_question,closed,21,117,0
11399,1485,2024-06-06,2024-06-06,bug,closed,4,165,0
11400,326,2023-09-08,2023-09-08,usage_question,closed,18,78,0
11401,195,2024-11-28,2024-12-05,bug,closed,24,43,10080
11402,1962,2023-11-11,2023-11-11,other,closed,9,202,0
11403,1662,2024-03-15,2024-03-18,feature_request,closed,10,77,4320
11404,972,2024-12-06,2024-12-06,bug,closed,24,48,0
11405,691,2023-11-17,2023-11-17,billing,closed,29,26,0
11406,1810,2024-12-19,2024-12-19,feature_request,closed,18,67,0
11407,1292,2024-07-03,2024-07-03,usage_question,closed,22,149,0
11408,1062,2024-05-17,2024-05-17,usage_question,closed,39,49,0
11409,261,2023-12-31,2023-12-31,feature_request,closed,31,136,0
11410,714,2024-08-04,2024-08-04,feature_request,closed,34,163,0
11411,1414,2023-11-14,2023-11-14,feature_request,closed,4,81,0
11412,1629,2023-12-07,2023-12-13,bug,closed,15,45,8640
11413,1389,2023-12-02,2023-12-06,usage_question,closed,46,93,5760
11414,476,2024-11-12,2024-11-12,other,closed,18,180,0
11415,908,2023-08-05,2023-08-05,usage_question,closed,38,20,0
11416,661,2024-11-17,2024-11-24,billing,closed,31,179,10080
11417,1544,2023-12-06,2023-12-12,feature_request,closed,36,136,8640
11418,799,2024-11-12,2024-11-12,feature_request,closed,25,44,0
11419,658,2024-10-09,2024-10-11,usage_question,closed,46,168,2880
11420,1460,2024-04-25,2024-04-25,bug,closed,38,202,0
11421,1399,2024-08-29,2024-08-29,bug,closed,27,159,0
11422,1,2024-07-18,2024-07-24,other,closed,6,220,8640
11423,400,2024-02-27,2024-03-03,bug,closed,26,33,7200
11424,298,2024-11-19,2024-11-19,other,closed,42,223,0
11425,111,2024-11-03,2024-11-03,usage_question,closed,16,50,0
11426,591,2024-07-22,2024-07-28,usage_question,closed,49,195,8640
11427,841,2024-05-10,2024-05-10,usage_question,closed,50,27,0
11428,1612,2024-07-30,2024-07-31,feature_request,closed,5,37,1440
11429,37,2024-05-22,2024-05-22,feature_request,closed,32,39,0
11430,937,2024-05-07,2024-05-09,bug,closed,39,127,2880
11431,758,2024-10-11,2024-10-17,bug,closed,45,72,8640
11432,1236,2024-07-28,2024-08-04,feature_request,closed,20,26,10080
11433,226,2024-06-23,2024-06-23,bug,closed,42,37,0
11434,144,2023-06-12,2023-06-12,usage_question,closed,42,234,0
11435,592,2024-01-13,2024-01-13,bug,closed,5,201,0
11436,230,2024-01-09,2024-01-13,usage_question,closed,1,29,5760
11437,383,2024-08-03,2024-08-08,billing,closed,37,85,7200
11438,1911,2024-04-30,2024-05-01,bug,closed,11,178,1440
11439,214,2024-05-25,2024-05-25,usage_question,closed,9,204,0
11440,1578,2023-10-31,2023-11-04,bug,closed,39,220,5760
11441,630,2024-08-02,2024-08-03,usage_question,closed,50,53,1440
11442,1340,2024-03-24,2024-03-24,usage_question,closed,26,121,0
11443,1992,2024-12-05,2024-12-05,usage_question,closed,48,52,0
11444,1445,2024-02-21,2024-02-26,usage_question,closed,15,99,7200
11445,1340,2024-12-25,2024-12-25,usage_question,closed,25,94,0
11446,1777,2024-07-15,2024-07-22,bug,closed,36,34,10080
11447,751,2024-07-04,2024-07-04,usage_question,closed,35,23,0
11448,517,2023-07-23,2023-07-23,bug,closed,22,142,0
11449,1668,2024-09-27,2024-09-27,feature_request,closed,48,238,0
11450,1450,2024-08-31,2024-09-01,bug,closed,27,159,1440
11451,1331,2024-09-18,2024-09-19,usage_question,closed,16,74,1440
11452,1596,2024-01-14,2024-01-18,usage_question,closed,35,28,5760
11453,276,2024-05-19,2024-05-22,usage_question,closed,48,40,4320
11454,925,2024-08-19,2024-08-19,feature_request,closed,17,114,0
11455,1105,2024-11-30,2024-12-07,billing,closed,44,66,10080
11456,1475,2024-11-04,2024-11-09,feature_request,closed,1,146,7200
11457,934,2024-03-30,2024-04-02,bug,closed,6,87,4320
11458,1212,2024-02-28,2024-02-28,bug,closed,17,148,0
11459,116,2024-09-04,2024-09-06,usage_question,closed,21,73,2880
11460,142,2024-08-23,2024-08-27,feature_request,closed,31,73,5760
11461,439,2024-03-06,2024-03-10,other,closed,37,150,5760
11462,644,2024-05-29,2024-05-29,usage_question,closed,1,103,0
11463,376,2024-01-11,2024-01-11,feature_request,closed,13,113,0
11464,127,2023-09-24,2023-09-27,other,closed,50,141,4320
11465,39,2023-12-07,2023-12-07,usage_question,closed,20,190,0
11466,1600,2023-11-10,2023-11-13,bug,closed,22,205,4320
11467,915,2024-07-27,2024-07-30,usage_question,closed,31,190,4320
11468,653,2024-03-01,2024-03-01,other,closed,43,130,0
11469,217,2024-07-11,2024-07-17,bug,closed,50,160,8640
11470,1453,2023-09-23,2023-09-23,usage_question,closed,24,173,0
11471,1437,2024-03-03,2024-03-03,usage_question,closed,45,174,0
11472,807,2024-03-11,2024-03-14,usage_question,closed,14,49,4320
11473,291,2024-11-03,2024-11-09,usage_question,closed,21,34,8640
11474,1536,2023-11-17,2023-11-20,bug,closed,36,127,4320
11475,1544,2024-06-28,2024-06-28,feature_request,closed,48,101,0
11476,894,2024-10-03,2024-10-03,usage_question,closed,23,177,0
11477,739,2024-12-24,2024-12-24,bug,closed,12,29,0
11478,625,2024-07-16,2024-07-16,usage_question,closed,49,116,0
11479,615,2024-04-01,2024-04-01,usage_question,closed,33,41,0
11480,1353,2024-09-14,2024-09-14,usage_question,closed,7,219,0
11481,524,2024-08-12,2024-08-19,bug,closed,5,63,10080
11482,568,2024-01-10,2024-01-10,bug,closed,49,133,0
11483,887,2024-06-25,2024-07-02,other,closed,17,168,10080
11484,589,2024-08-14,2024-08-14,bug,closed,5,166,0
11485,276,2023-11-10,2023-11-10,usage_question,closed,43,223,0
11486,1656,2024-04-10,2024-04-15,feature_request,closed,18,36,7200
11487,461,2024-06-13,2024-06-13,billing,closed,27,19,0
11488,1665,2024-09-05,2024-09-05,feature_request,closed,21,35,0
11489,488,2024-10-13,2024-10-16,billing,closed,4,142,4320
11490,1747,2024-11-21,2024-11-27,bug,closed,26,50,8640
11491,1391,2024-06-24,2024-06-24,feature_request,closed,39,93,0
11492,653,2024-02-16,2024-02-16,feature_request,closed,27,80,0
11493,1130,2024-08-08,2024-08-09,usage_question,closed,34,174,1440
11494,1218,2024-11-20,2024-11-20,usage_question,closed,19,198,0
11495,551,2023-11-03,2023-11-09,feature_request,closed,26,129,8640
11496,117,2023-10-17,2023-10-17,feature_request,closed,17,128,0
11497,992,2024-01-26,2024-01-26,other,closed,15,119,0
11498,871,2024-02-08,2024-02-12,other,closed,3,183,5760
11499,652,2024-05-23,2024-05-23,usage_question,closed,43,133,0
11500,1744,2024-12-07,2024-12-07,feature_request,closed,27,230,0
11501,1634,2024-01-11,2024-01-17,bug,closed,18,131,8640
11502,1269,2024-04-18,2024-04-18,other,closed,37,183,0
11503,247,2024-06-29,2024-06-29,usage_question,closed,22,62,0
11504,153,2024-05-05,2024-05-09,usage_question,closed,34,95,5760
11505,1774,2024-06-06,2024-06-06,feature_request,closed,21,138,0
11506,1469,2024-09-24,2024-09-24,other,closed,42,201,0
11507,1048,2024-09-13,2024-09-13,bug,closed,27,134,0
11508,575,2024-11-23,2024-11-23,usage_question,closed,5,113,0
11509,661,2024-12-02,2024-12-02,usage_question,closed,49,25,0
11510,1618,2024-05-22,2024-05-25,bug,closed,23,223,4320
11511,1011,2024-04-21,2024-04-25,usage_question,closed,17,184,5760
11512,1277,2024-10-22,2024-10-22,feature_request,closed,24,46,0
11513,710,2023-09-21,2023-09-21,bug,closed,43,228,0
11514,328,2024-05-23,2024-05-25,feature_request,closed,10,136,2880
11515,1773,2023-08-06,2023-08-06,usage_question,closed,38,67,0
11516,1351,2024-05-31,2024-06-04,feature_request,closed,31,102,5760
11517,604,2024-07-02,2024-07-02,usage_question,closed,44,126,0
11518,897,2023-12-30,2024-01-05,billing,closed,33,65,8640
11519,1333,2024-07-21,2024-07-27,billing,closed,42,107,8640
11520,668,2024-07-16,2024-07-23,other,closed,18,137,10080
11521,465,2024-11-23,2024-11-23,usage_question,closed,40,174,0
11522,454,2024-07-11,2024-07-11,billing,closed,2,209,0
11523,441,2024-11-15,2024-11-18,billing,closed,30,79,4320
11524,430,2024-05-06,2024-05-09,usage_question,closed,12,135,4320
11525,219,2024-12-18,2024-12-18,feature_request,closed,16,185,0
11526,969,2024-03-12,2024-03-18,billing,closed,35,221,8640
11527,405,2024-11-26,2024-11-29,feature_request,closed,22,118,4320
11528,275,2024-08-30,2024-09-04,bug,closed,22,202,7200
11529,835,2024-09-01,2024-09-01,feature_request,closed,37,121,0
11530,936,2024-11-19,2024-11-19,bug,closed,16,157,0
11531,366,2024-07-15,2024-07-15,feature_request,closed,21,228,0
11532,751,2024-01-14,2024-01-17,feature_request,closed,4,235,4320
11533,510,2024-11-30,2024-12-02,bug,closed,31,41,2880
11534,818,2023-04-26,2023-04-26,feature_request,closed,48,138,0
11535,719,2023-11-23,2023-11-27,usage_question,closed,6,22,5760
11536,961,2024-08-26,2024-08-26,usage_question,closed,15,77,0
11537,1585,2024-05-10,2024-05-10,usage_question,closed,30,73,0
11538,686,2024-10-16,2024-10-16,usage_question,closed,31,205,0
11539,650,2024-07-10,2024-07-14,feature_request,closed,15,90,5760
11540,1163,2023-07-15,2023-07-15,usage_question,closed,18,155,0
11541,1980,2024-08-08,2024-08-08,other,closed,14,156,0
11542,673,2024-08-18,2024-08-24,usage_question,closed,46,188,8640
11543,1764,2024-11-29,2024-12-02,usage_question,closed,30,239,4320
11544,1951,2024-10-16,2024-10-16,billing,closed,9,162,0
11545,1336,2024-07-02,2024-07-02,usage_question,closed,9,203,0
11546,493,2024-09-10,2024-09-16,bug,closed,5,110,8640
11547,1339,2024-07-13,2024-07-14,feature_request,closed,23,25,1440
11548,1938,2024-12-08,2024-12-11,feature_request,closed,31,102,4320
11549,192,2023-10-02,2023-10-02,usage_question,closed,6,119,0
11550,567,2024-10-31,2024-11-02,bug,closed,18,17,2880
11551,519,2024-05-06,2024-05-13,bug,closed,46,154,10080
11552,1570,2024-08-05,2024-08-05,bug,closed,33,72,0
11553,274,2024-08-30,2024-08-30,usage_question,closed,46,206,0
11554,1016,2024-02-12,2024-02-12,other,closed,25,100,0
11555,339,2023-10-05,2023-10-08,feature_request,closed,31,123,4320
11556,1434,2024-08-23,2024-08-30,billing,closed,13,157,10080
11557,1666,2024-04-22,2024-04-26,usage_question,closed,32,59,5760
11558,902,2024-01-14,2024-01-17,usage_question,closed,38,71,4320
11559,275,2024-07-04,2024-07-07,bug,closed,29,137,4320
11560,1274,2024-11-01,2024-11-06,billing,closed,38,198,7200
11561,1753,2024-01-26,2024-01-26,usage_question,closed,1,64,0
11562,1273,2024-04-06,2024-04-06,usage_question,closed,39,153,0
11563,874,2024-01-13,2024-01-19,other,closed,29,18,8640
11564,906,2023-11-13,2023-11-20,feature_request,closed,45,124,10080
11565,1490,2024-12-26,2024-12-26,usage_question,closed,32,181,0
11566,1376,2024-03-04,2024-03-04,usage_question,closed,4,137,0
11567,1102,2024-04-05,2024-04-05,bug,closed,29,83,0
11568,1835,2024-12-12,2024-12-18,feature_request,closed,7,236,8640
11569,822,2024-09-18,2024-09-18,bug,closed,30,146,0
11570,1919,2024-10-16,2024-10-16,other,closed,35,115,0
11571,873,2024-06-11,2024-06-18,feature_request,closed,22,45,10080
11572,1573,2024-07-27,2024-07-27,usage_question,closed,5,155,0
11573,1332,2024-11-17,2024-11-21,billing,closed,33,207,5760
11574,1055,2024-08-11,2024-08-15,bug,closed,11,230,5760
11575,739,2023-11-21,2023-11-26,other,closed,39,221,7200
11576,160,2024-10-04,2024-10-04,bug,closed,37,76,0
11577,777,2024-07-26,2024-07-28,billing,closed,25,153,2880
11578,923,2024-02-18,2024-02-18,feature_request,closed,23,72,0
11579,1791,2024-05-27,2024-05-31,bug,closed,34,176,5760
11580,149,2024-07-19,2024-07-21,bug,closed,34,40,2880
11581,393,2024-11-19,2024-11-19,bug,closed,3,109,0
11582,66,2023-08-20,2023-08-20,bug,closed,44,159,0
11583,1546,2024-04-08,2024-04-08,bug,closed,15,180,0
11584,309,2023-04-07,2023-04-13,bug,closed,2,59,8640
11585,51,2024-06-07,2024-06-07,usage_question,closed,45,158,0
11586,803,2023-11-13,2023-11-20,usage_question,closed,22,85,10080
11587,1049,2024-07-02,2024-07-05,usage_question,closed,19,191,4320
11588,1476,2024-06-15,2024-06-15,bug,closed,19,27,0
11589,174,2023-08-27,2023-08-27,usage_question,closed,23,220,0
11590,931,2024-09-17,2024-09-24,usage_question,closed,6,101,10080
11591,1268,2024-06-22,2024-06-22,feature_request,closed,43,34,0
11592,136,2024-10-13,2024-10-13,usage_question,closed,36,152,0
11593,328,2024-09-01,2024-09-01,bug,closed,7,27,0
11594,449,2024-07-15,2024-07-15,billing,closed,17,60,0
11595,1601,2023-12-07,2023-12-07,usage_question,closed,20,238,0
11596,1764,2024-08-23,2024-08-24,usage_question,closed,13,199,1440
11597,1766,2024-09-19,2024-09-19,usage_question,closed,1,31,0
11598,1654,2024-03-03,2024-03-06,bug,closed,49,103,4320
11599,187,2024-04-06,2024-04-06,bug,closed,5,214,0
11600,499,2024-11-11,2024-11-18,feature_request,closed,23,125,10080
11601,1771,2024-07-25,2024-07-25,bug,closed,5,218,0
11602,1723,2024-02-10,2024-02-13,usage_question,closed,22,136,4320
11603,36,2024-11-28,2024-12-04,usage_question,closed,14,63,8640
11604,861,2024-06-09,2024-06-09,usage_question,closed,1,124,0
11605,884,2024-03-30,2024-04-05,billing,closed,13,67,8640
11606,617,2024-03-11,2024-03-17,usage_question,closed,32,100,8640
11607,228,2024-12-02,2024-12-02,usage_question,closed,40,16,0
11608,1437,2024-07-18,2024-07-25,other,closed,9,134,10080
11609,1903,2024-05-01,2024-05-06,usage_question,closed,13,192,7200
11610,603,2024-09-20,2024-09-25,bug,closed,6,40,7200
11611,11,2024-05-03,2024-05-10,other,closed,15,18,10080
11612,654,2024-07-26,2024-07-26,feature_request,closed,31,28,0
11613,485,2024-10-06,2024-10-06,billing,closed,23,46,0
11614,1902,2024-07-24,2024-07-24,usage_question,closed,17,232,0
11615,19,2024-03-18,2024-03-22,feature_request,closed,23,60,5760
11616,730,2023-12-06,2023-12-06,bug,closed,33,227,0
11617,600,2024-03-06,2024-03-07,feature_request,closed,27,188,1440
11618,1132,2024-10-21,2024-10-21,bug,closed,33,114,0
11619,1697,2024-05-20,2024-05-22,other,closed,31,20,2880
11620,1342,2024-12-17,2024-12-20,feature_request,closed,35,84,4320
11621,1874,2024-07-18,2024-07-18,usage_question,closed,17,58,0
11622,24,2024-10-03,2024-10-06,feature_request,closed,5,139,4320
11623,1131,2024-08-02,2024-08-02,billing,closed,44,74,0
11624,155,2024-07-24,2024-07-30,usage_question,closed,26,90,8640
11625,920,2024-06-19,2024-06-26,usage_question,closed,30,97,10080
11626,1354,2024-06-08,2024-06-08,usage_question,closed,7,130,0
11627,1930,2024-01-09,2024-01-11,bug,closed,9,29,2880
11628,1416,2024-07-09,2024-07-16,other,closed,20,228,10080
11629,72,2023-09-14,2023-09-21,bug,closed,23,228,10080
11630,1394,2024-05-29,2024-06-03,other,closed,24,187,7200
11631,939,2023-11-28,2023-11-28,bug,closed,49,229,0
11632,1364,2024-06-08,2024-06-14,other,closed,25,200,8640
11633,367,2024-12-15,2024-12-20,feature_request,closed,11,38,7200
11634,1570,2023-08-18,2023-08-22,usage_question,closed,42,187,5760
11635,1840,2024-05-08,2024-05-08,usage_question,closed,3,194,0
11636,487,2024-09-12,2024-09-12,billing,closed,5,168,0
11637,1898,2024-01-18,2024-01-18,usage_question,closed,13,16,0
11638,179,2024-12-25,2024-12-31,usage_question,closed,5,51,8640
11639,1718,2024-04-30,2024-05-06,feature_request,closed,46,82,8640
11640,282,2024-06-19,2024-06-19,usage_question,closed,4,84,0
11641,1088,2024-11-30,2024-12-05,bug,closed,44,93,7200
11642,530,2023-11-26,2023-11-30,usage_question,closed,19,140,5760
11643,1843,2024-05-13,2024-05-13,bug,closed,19,229,0
11644,282,2024-09-05,2024-09-05,bug,closed,23,97,0
11645,1613,2024-06-24,2024-06-26,bug,closed,15,166,2880
11646,1979,2024-04-11,2024-04-14,usage_question,closed,2,160,4320
11647,392,2024-03-04,2024-03-04,usage_question,closed,2,90,0
11648,1014,2023-11-15,2023-11-15,other,closed,13,67,0
11649,189,2024-12-18,2024-12-18,usage_question,closed,43,199,0
11650,1622,2024-12-24,2024-12-24,feature_request,closed,50,36,0
11651,609,2024-03-15,2024-03-15,other,closed,42,170,0
11652,897,2024-01-11,2024-01-11,bug,closed,37,38,0
11653,1,2024-05-25,2024-05-29,bug,closed,3,144,5760
11654,689,2024-04-10,2024-04-10,usage_question,closed,21,35,0
11655,710,2023-10-04,2023-10-10,usage_question,closed,44,79,8640
11656,1672,2024-02-13,2024-02-14,usage_question,closed,16,229,1440
11657,1011,2024-09-30,2024-09-30,bug,closed,7,184,0
11658,1051,2024-05-21,2024-05-21,usage_question,closed,4,77,0
11659,403,2024-03-25,2024-03-25,bug,closed,19,96,0
11660,80,2024-08-12,2024-08-14,usage_question,closed,10,68,2880
11661,1273,2024-07-14,2024-07-14,usage_question,closed,19,39,0
11662,1271,2024-07-21,2024-07-26,bug,closed,8,42,7200
11663,209,2023-12-14,2023-12-18,feature_request,closed,23,221,5760
11664,891,2024-01-31,2024-01-31,bug,closed,8,55,0
11665,1107,2023-11-14,2023-11-14,billing,closed,10,128,0
11666,271,2024-03-25,2024-03-25,billing,closed,13,217,0
11667,776,2024-01-28,2024-01-28,bug,closed,40,85,0
11668,180,2024-01-04,2024-01-11,feature_request,closed,7,66,10080
11669,1921,2024-10-06,2024-10-06,usage_question,closed,11,156,0
11670,270,2024-12-22,2024-12-24,usage_question,closed,38,83,2880
11671,465,2024-10-25,2024-10-25,bug,closed,37,127,0
11672,1693,2024-08-10,2024-08-17,other,closed,32,208,10080
11673,574,2024-02-15,2024-02-15,usage_question,closed,40,190,0
11674,1348,2024-04-06,2024-04-06,bug,closed,50,181,0
11675,1450,2023-12-01,2023-12-04,bug,closed,40,218,4320
11676,1183,2024-03-03,2024-03-03,usage_question,closed,31,23,0
11677,1965,2024-04-04,2024-04-11,other,closed,19,24,10080
11678,1124,2024-10-17,2024-10-17,other,closed,47,115,0
11679,255,2024-08-29,2024-08-29,usage_question,closed,10,165,0
11680,260,2024-07-14,2024-07-14,bug,closed,10,81,0
11681,1568,2023-08-28,2023-08-28,usage_question,closed,20,214,0
11682,901,2024-08-12,2024-08-12,usage_question,closed,14,201,0
11683,296,2024-06-30,2024-07-06,bug,closed,16,89,8640
11684,1589,2023-09-22,2023-09-26,feature_request,closed,27,105,5760
11685,1830,2024-10-22,2024-10-23,usage_question,closed,48,215,1440
11686,1852,2024-12-15,2024-12-18,billing,closed,40,37,4320
11687,1977,2024-07-15,2024-07-15,bug,closed,14,175,0
11688,1033,2024-12-16,2024-12-16,billing,closed,39,104,0
11689,120,2024-06-16,2024-06-16,usage_question,closed,20,183,0
11690,795,2024-09-21,2024-09-21,feature_request,closed,5,52,0
11691,1905,2024-12-20,2024-12-20,usage_question,closed,49,114,0
11692,1113,2024-11-14,2024-11-14,other,closed,50,209,0
11693,1835,2024-10-06,2024-10-06,bug,closed,38,238,0
11694,328,2024-12-23,2024-12-27,billing,closed,34,205,5760
11695,741,2024-11-30,2024-12-06,bug,closed,32,228,8640
11696,1976,2024-08-11,2024-08-11,other,closed,13,204,0
11697,346,2023-08-21,2023-08-27,usage_question,closed,29,133,8640
11698,375,2024-08-01,2024-08-07,bug,closed,43,110,8640
11699,1109,2024-01-08,2024-01-10,billing,closed,13,73,2880
11700,1810,2024-10-28,2024-10-28,bug,closed,43,119,0
11701,90,2024-05-17,2024-05-19,feature_request,closed,40,19,2880
11702,1368,2024-10-09,2024-10-10,feature_request,closed,40,109,1440
11703,1640,2024-08-20,2024-08-27,usage_question,closed,50,86,10080
11704,399,2024-12-17,2024-12-20,bug,closed,24,135,4320
11705,1420,2023-08-31,2023-08-31,usage_question,closed,47,235,0
11706,870,2024-08-22,2024-08-25,bug,closed,6,60,4320
11707,1613,2024-01-16,2024-01-18,bug,closed,36,157,2880
11708,735,2024-11-19,2024-11-26,bug,closed,3,65,10080
11709,1315,2024-08-09,2024-08-16,bug,closed,30,28,10080
11710,520,2024-11-27,2024-12-01,feature_request,closed,30,190,5760
11711,1925,2024-11-21,2024-11-21,bug,closed,20,199,0
11712,1190,2024-04-30,2024-05-01,other,closed,2,233,1440
11713,1688,2024-05-27,2024-06-02,usage_question,closed,42,152,8640
11714,40,2023-05-30,2023-05-30,usage_question,closed,9,220,0
11715,1045,2023-10-26,2023-10-27,usage_question,closed,14,95,1440
11716,477,2024-11-18,2024-11-18,usage_question,closed,35,150,0
11717,149,2024-03-15,2024-03-15,usage_question,closed,1,106,0
11718,543,2024-06-29,2024-06-29,feature_request,closed,27,228,0
11719,830,2024-03-13,2024-03-18,bug,closed,27,141,7200
11720,167,2024-08-05,2024-08-05,usage_question,closed,50,158,0
11721,227,2023-12-26,2023-12-29,usage_question,closed,46,156,4320
11722,1439,2024-07-07,2024-07-07,other,closed,40,215,0
11723,1816,2024-11-07,2024-11-11,bug,closed,3,115,5760
11724,1492,2024-08-04,2024-08-04,other,closed,39,167,0
11725,1469,2024-11-25,2024-11-25,feature_request,closed,50,198,0
11726,1721,2023-11-12,2023-11-12,usage_question,closed,36,137,0
11727,1508,2024-01-02,2024-01-02,bug,closed,29,74,0
11728,89,2024-03-21,2024-03-25,feature_request,closed,16,47,5760
11729,1261,2024-12-06,2024-12-06,feature_request,closed,26,238,0
11730,179,2023-12-27,2023-12-27,billing,closed,32,72,0
11731,731,2024-03-08,2024-03-08,usage_question,closed,36,16,0
11732,818,2024-08-03,2024-08-10,bug,closed,35,118,10080
11733,877,2024-01-25,2024-02-01,usage_question,closed,31,136,10080
11734,1901,2024-06-05,2024-06-07,feature_request,closed,40,224,2880
11735,1696,2024-04-26,2024-05-03,usage_question,closed,25,47,10080
11736,1343,2024-05-07,2024-05-07,feature_request,closed,25,61,0
11737,473,2024-06-04,2024-06-05,bug,closed,37,161,1440
11738,1287,2023-10-27,2023-11-01,bug,closed,50,90,7200
11739,652,2024-07-06,2024-07-06,other,closed,8,226,0
11740,1623,2024-12-26,2024-12-26,bug,closed,49,227,0
11741,278,2024-11-16,2024-11-20,usage_question,closed,36,110,5760
11742,1760,2024-09-27,2024-10-02,usage_question,closed,37,134,7200
11743,608,2024-11-01,2024-11-05,usage_question,closed,7,166,5760
11744,940,2024-01-03,2024-01-05,bug,closed,27,47,2880
11745,847,2023-10-02,2023-10-07,other,closed,8,185,7200
11746,507,2024-04-16,2024-04-19,usage_question,closed,38,92,4320
11747,1814,2023-09-25,2023-09-26,bug,closed,42,41,1440
11748,494,2024-10-26,2024-10-26,feature_request,closed,26,220,0
11749,87,2024-01-10,2024-01-13,usage_question,closed,11,208,4320
11750,1096,2024-03-10,2024-03-10,feature_request,closed,9,88,0
11751,1329,2024-02-18,2024-02-18,billing,closed,15,141,0
11752,1429,2023-10-24,2023-10-27,bug,closed,12,34,4320
11753,1103,2024-04-09,2024-04-09,billing,closed,32,76,0
11754,765,2024-03-25,2024-03-29,feature_request,closed,47,39,5760
11755,1228,2023-11-06,2023-11-06,usage_question,closed,33,197,0
11756,1194,2024-06-11,2024-06-11,usage_question,closed,4,103,0
11757,1679,2024-11-17,2024-11-24,bug,closed,13,178,10080
11758,1687,2024-08-09,2024-08-09,usage_question,closed,46,51,0
11759,1650,2024-12-26,2024-12-26,bug,closed,5,56,0
11760,946,2024-02-04,2024-02-05,usage_question,closed,16,111,1440
11761,1436,2023-11-28,2023-11-28,usage_question,closed,2,42,0
11762,1906,2024-08-01,2024-08-01,usage_question,closed,31,234,0
11763,231,2024-08-06,2024-08-13,feature_request,closed,38,194,10080
11764,424,2024-11-28,2024-11-28,usage_question,closed,1,72,0
11765,404,2024-04-04,2024-04-04,bug,closed,8,34,0
11766,297,2024-08-15,2024-08-15,usage_question,closed,48,121,0
11767,1391,2024-09-17,2024-09-24,bug,closed,20,225,10080
11768,820,2024-11-23,2024-11-23,feature_request,closed,11,26,0
11769,1020,2024-11-05,2024-11-11,usage_question,closed,45,95,8640
11770,1333,2024-04-02,2024-04-02,billing,closed,12,19,0
11771,609,2023-11-22,2023-11-22,other,closed,26,178,0
11772,650,2024-09-25,2024-09-25,usage_question,closed,6,68,0
11773,1705,2023-10-09,2023-10-09,usage_question,closed,14,116,0
11774,1794,2024-05-27,2024-05-27,usage_question,closed,2,116,0
11775,1600,2024-06-24,2024-06-25,usage_question,closed,16,224,1440
11776,1128,2024-08-05,2024-08-12,bug,closed,49,58,10080
11777,346,2023-12-28,2024-01-02,other,closed,50,160,7200
11778,1401,2024-10-29,2024-11-03,feature_request,closed,43,106,7200
11779,673,2024-11-13,2024-11-13,other,closed,25,37,0
11780,1504,2024-09-07,2024-09-12,feature_request,closed,9,33,7200
11781,1797,2024-06-24,2024-06-30,usage_question,closed,37,89,8640
11782,1446,2023-12-26,2024-01-01,bug,closed,17,184,8640
11783,488,2024-07-05,2024-07-05,feature_request,closed,10,61,0
11784,1676,2024-02-28,2024-02-28,bug,closed,36,193,0
11785,1611,2024-05-12,2024-05-12,bug,closed,12,43,0
11786,967,2024-08-01,2024-08-04,feature_request,closed,3,235,4320
11787,648,2024-07-24,2024-07-26,usage_question,closed,30,48,2880
11788,279,2024-09-05,2024-09-11,bug,closed,16,90,8640
11789,628,2024-12-16,2024-12-16,usage_question,closed,12,180,0
11790,686,2024-11-22,2024-11-29,usage_question,closed,42,165,10080
11791,906,2024-06-06,2024-06-06,usage_question,closed,4,43,0
11792,1586,2024-11-02,2024-11-02,feature_request,closed,10,20,0
11793,1664,2024-06-14,2024-06-18,feature_request,closed,4,68,5760
11794,550,2024-01-24,2024-01-24,billing,closed,38,207,0
11795,1275,2024-06-12,2024-06-12,billing,closed,15,55,0
11796,601,2024-04-22,2024-04-22,other,closed,13,107,0
11797,1814,2024-03-23,2024-03-29,usage_question,closed,36,185,8640
11798,753,2024-01-28,2024-02-03,bug,closed,22,163,8640
11799,1953,2024-10-07,2024-10-07,usage_question,closed,34,114,0
11800,121,2023-12-15,2023-12-15,usage_question,closed,48,135,0
11801,136,2024-05-05,2024-05-09,feature_request,closed,38,63,5760
11802,1186,2024-08-28,2024-08-28,usage_question,closed,46,90,0
11803,1120,2023-07-29,2023-08-01,other,closed,7,21,4320
11804,1751,2024-06-21,2024-06-23,bug,closed,35,138,2880
11805,1037,2024-10-10,2024-10-10,billing,closed,35,239,0
11806,726,2024-08-14,2024-08-14,bug,closed,44,88,0
11807,191,2024-10-13,2024-10-13,usage_question,closed,34,67,0
11808,317,2024-10-08,2024-10-08,usage_question,closed,12,236,0
11809,1483,2024-06-16,2024-06-16,other,closed,13,181,0
11810,1195,2024-05-03,2024-05-03,bug,closed,50,35,0
11811,462,2024-10-07,2024-10-07,bug,closed,10,183,0
11812,1173,2024-12-09,2024-12-11,feature_request,closed,32,158,2880
11813,146,2024-01-03,2024-01-03,usage_question,closed,22,232,0
11814,522,2024-01-25,2024-01-29,feature_request,closed,30,70,5760
11815,1700,2023-12-24,2023-12-27,bug,closed,46,159,4320
11816,1186,2024-06-23,2024-06-23,billing,closed,22,98,0
11817,1531,2024-05-14,2024-05-14,usage_question,closed,50,186,0
11818,1682,2024-12-20,2024-12-20,usage_question,closed,48,62,0
11819,1155,2024-02-11,2024-02-11,bug,closed,44,98,0
11820,1654,2024-02-20,2024-02-24,other,closed,20,105,5760
11821,1354,2024-07-24,2024-07-31,other,closed,18,190,10080
11822,1549,2024-02-20,2024-02-20,bug,closed,37,60,0
11823,861,2024-12-12,2024-12-14,feature_request,closed,25,181,2880
11824,1430,2024-10-23,2024-10-28,bug,closed,25,64,7200
11825,1019,2023-08-07,2023-08-14,bug,closed,31,104,10080
11826,1887,2024-08-31,2024-09-03,billing,closed,40,19,4320
11827,753,2024-03-06,2024-03-07,billing,closed,18,82,1440
11828,1492,2023-11-11,2023-11-16,usage_question,closed,13,164,7200
11829,475,2024-11-17,2024-11-20,usage_question,closed,35,210,4320
11830,1505,2024-11-08,2024-11-13,bug,closed,11,220,7200
11831,1335,2024-03-23,2024-03-29,usage_question,closed,35,52,8640
11832,1381,2024-04-19,2024-04-24,bug,closed,10,130,7200
11833,4,2024-05-22,2024-05-22,bug,closed,29,211,0
11834,1557,2023-10-18,2023-10-18,feature_request,closed,31,19,0
11835,11,2023-09-22,2023-09-22,billing,closed,2,152,0
11836,657,2024-06-09,2024-06-09,usage_question,closed,2,218,0
11837,90,2024-08-15,2024-08-17,usage_question,closed,17,193,2880
11838,765,2024-06-07,2024-06-07,bug,closed,9,101,0
11839,333,2024-12-18,2024-12-21,other,closed,3,15,4320
11840,940,2024-01-21,2024-01-21,other,closed,48,124,0
11841,1091,2024-04-11,2024-04-11,other,closed,17,127,0
11842,1741,2023-07-02,2023-07-07,other,closed,13,72,7200
11843,1056,2024-09-09,2024-09-09,usage_question,closed,27,158,0
11844,262,2024-11-06,2024-11-06,feature_request,closed,37,181,0
11845,1914,2024-08-21,2024-08-23,usage_question,closed,8,171,2880
11846,380,2023-10-10,2023-10-11,bug,closed,16,121,1440
11847,555,2024-03-29,2024-03-29,usage_question,closed,24,88,0
11848,933,2024-07-14,2024-07-15,billing,closed,21,189,1440
11849,904,2024-12-13,2024-12-13,other,closed,17,141,0
11850,754,2024-11-24,2024-11-24,usage_question,closed,29,68,0
11851,1321,2024-09-05,2024-09-06,bug,closed,14,130,1440
11852,346,2024-11-04,2024-11-04,other,closed,9,193,0
11853,141,2024-11-10,2024-11-12,usage_question,closed,32,114,2880
11854,266,2024-07-25,2024-07-26,billing,closed,25,97,1440
11855,953,2024-09-19,2024-09-23,usage_question,closed,9,48,5760
11856,1448,2024-06-16,2024-06-16,feature_request,closed,42,214,0
11857,1119,2024-01-09,2024-01-14,usage_question,closed,45,77,7200
11858,893,2023-07-10,2023-07-14,usage_question,closed,15,83,5760
11859,1290,2024-08-21,2024-08-21,usage_question,closed,25,46,0
11860,810,2024-11-28,2024-11-28,usage_question,closed,43,106,0
11861,691,2024-10-25,2024-10-25,other,closed,9,105,0
11862,1676,2024-04-26,2024-04-26,other,closed,38,231,0
11863,479,2024-08-20,2024-08-20,usage_question,closed,31,33,0
11864,1175,2024-10-27,2024-10-28,usage_question,closed,10,186,1440
11865,947,2024-01-01,2024-01-07,other,closed,42,37,8640
11866,1906,2024-11-26,2024-11-26,billing,closed,49,66,0
11867,158,2024-11-02,2024-11-02,usage_question,closed,50,178,0
11868,1581,2024-11-09,2024-11-09,usage_question,closed,12,19,0
11869,1805,2024-04-15,2024-04-15,bug,closed,42,157,0
11870,698,2024-12-27,2024-12-27,bug,closed,32,50,0
11871,32,2024-11-29,2024-11-29,feature_request,closed,34,41,0
11872,1090,2023-10-24,2023-10-24,usage_question,closed,4,56,0
11873,1505,2024-03-23,2024-03-30,usage_question,closed,13,187,10080
11874,1068,2024-09-13,2024-09-16,usage_question,closed,1,72,4320
11875,1861,2023-12-01,2023-12-08,bug,closed,12,141,10080
11876,63,2024-12-16,2024-12-16,billing,closed,44,147,0
11877,57,2024-04-16,2024-04-16,usage_question,closed,44,211,0
11878,1160,2024-08-17,2024-08-20,other,closed,19,172,4320
11879,839,2024-05-02,2024-05-07,bug,closed,45,127,7200
11880,913,2023-12-02,2023-12-02,usage_question,closed,21,41,0
11881,126,2024-11-27,2024-11-30,feature_request,closed,24,193,4320
11882,1061,2023-12-22,2023-12-24,billing,closed,4,120,2880
11883,614,2023-12-01,2023-12-03,usage_question,closed,26,153,2880
11884,1288,2024-03-26,2024-03-30,bug,closed,21,174,5760
11885,1956,2024-02-16,2024-02-16,feature_request,closed,30,40,0
11886,1175,2024-02-08,2024-02-08,usage_question,closed,10,170,0
11887,1701,2024-05-20,2024-05-24,feature_request,closed,17,171,5760
11888,607,2024-05-30,2024-05-30,usage_question,closed,1,194,0
11889,647,2024-08-05,2024-08-05,bug,closed,24,226,0
11890,358,2024-10-09,2024-10-15,feature_request,closed,45,133,8640
11891,630,2024-07-10,2024-07-13,billing,closed,30,91,4320
11892,172,2024-10-15,2024-10-18,feature_request,closed,26,89,4320
11893,1200,2023-11-09,2023-11-13,bug,closed,2,167,5760
11894,1113,2024-07-04,2024-07-10,bug,closed,9,79,8640
11895,518,2024-08-03,2024-08-10,feature_request,closed,21,154,10080
11896,1653,2024-01-25,2024-01-25,usage_question,closed,24,80,0
11897,238,2023-12-24,2023-12-26,other,closed,40,154,2880
11898,201,2024-12-10,2024-12-12,feature_request,closed,29,100,2880
11899,516,2023-11-18,2023-11-23,usage_question,closed,1,63,7200
11900,629,2024-09-19,2024-09-22,billing,closed,35,153,4320
11901,692,2024-04-16,2024-04-19,usage_question,closed,27,187,4320
11902,1768,2024-11-28,2024-12-04,usage_question,closed,35,74,8640
11903,714,2024-10-12,2024-10-19,other,closed,50,213,10080
11904,696,2024-10-14,2024-10-14,bug,closed,35,124,0
11905,1354,2024-02-14,2024-02-17,billing,closed,42,56,4320
11906,1023,2024-12-26,2024-12-26,usage_question,closed,23,37,0
11907,1725,2024-03-16,2024-03-16,bug,closed,49,54,0
11908,900,2023-07-08,2023-07-08,bug,closed,23,237,0
11909,349,2024-06-05,2024-06-05,usage_question,closed,25,145,0
11910,406,2024-10-27,2024-11-01,bug,closed,19,88,7200
11911,106,2024-09-04,2024-09-04,bug,closed,10,146,0
11912,866,2024-04-13,2024-04-14,usage_question,closed,49,32,1440
11913,1171,2024-02-11,2024-02-11,bug,closed,33,59,0
11914,917,2024-06-29,2024-06-30,other,closed,26,141,1440
11915,409,2023-12-20,2023-12-21,feature_request,closed,15,195,1440
11916,590,2024-08-07,2024-08-14,feature_request,closed,20,70,10080
11917,1613,2024-05-15,2024-05-15,usage_question,closed,47,69,0
11918,1480,2024-07-13,2024-07-16,feature_request,closed,50,178,4320
11919,1116,2023-08-26,2023-08-27,bug,closed,35,95,1440
11920,1663,2024-09-03,2024-09-03,feature_request,closed,5,34,0
11921,10,2023-10-09,2023-10-16,bug,closed,30,124,10080
11922,164,2024-05-26,2024-05-26,bug,closed,42,170,0
11923,1889,2024-12-18,2024-12-18,other,closed,37,82,0
11924,581,2024-09-02,2024-09-05,feature_request,closed,18,86,4320
11925,637,2023-11-27,2023-11-27,usage_question,closed,6,54,0
11926,1021,2024-07-26,2024-08-02,usage_question,closed,35,206,10080
11927,966,2023-12-02,2023-12-07,usage_question,closed,24,153,7200
11928,1344,2024-09-21,2024-09-21,billing,closed,45,26,0
11929,1103,2024-09-10,2024-09-10,billing,closed,45,19,0
11930,729,2024-05-20,2024-05-21,billing,closed,19,174,1440
11931,163,2024-02-25,2024-02-25,usage_question,closed,16,55,0
11932,1361,2024-01-16,2024-01-23,usage_question,closed,43,65,10080
11933,718,2024-08-25,2024-08-31,other,closed,6,36,8640
11934,1152,2023-09-07,2023-09-07,bug,closed,23,43,0
11935,1346,2024-02-13,2024-02-17,feature_request,closed,20,74,5760
11936,676,2024-02-17,2024-02-23,usage_question,closed,37,66,8640
11937,584,2024-09-06,2024-09-06,bug,closed,29,231,0
11938,257,2023-11-30,2023-11-30,billing,closed,34,210,0
11939,1285,2024-09-11,2024-09-18,bug,closed,34,126,10080
11940,1064,2024-01-20,2024-01-24,usage_question,closed,3,74,5760
11941,1037,2023-09-26,2023-09-26,billing,closed,8,238,0
11942,1266,2024-09-01,2024-09-01,feature_request,closed,22,87,0
11943,1703,2024-01-13,2024-01-13,usage_question,closed,13,236,0
11944,186,2023-10-28,2023-10-30,bug,closed,34,239,2880
11945,505,2024-09-04,2024-09-05,bug,closed,15,36,1440
11946,1127,2024-03-11,2024-03-11,other,closed,25,148,0
11947,873,2024-01-19,2024-01-25,usage_question,closed,10,33,8640
11948,845,2024-08-05,2024-08-05,bug,closed,48,161,0
11949,1171,2024-07-09,2024-07-09,usage_question,closed,1,81,0
11950,1772,2023-07-29,2023-07-29,usage_question,closed,11,63,0
11951,1538,2024-06-17,2024-06-18,bug,closed,2,221,1440
11952,1769,2024-01-13,2024-01-13,bug,closed,22,51,0
11953,20,2023-05-19,2023-05-23,bug,closed,44,70,5760
11954,1014,2024-09-01,2024-09-06,usage_question,closed,12,161,7200
11955,467,2024-08-01,2024-08-03,bug,closed,27,179,2880
11956,1622,2024-11-17,2024-11-20,bug,closed,46,236,4320
11957,488,2024-09-06,2024-09-06,bug,closed,39,58,0
11958,1078,2024-06-12,2024-06-19,usage_question,closed,10,139,10080
11959,1655,2024-05-03,2024-05-05,bug,closed,43,116,2880
11960,16,2024-12-21,2024-12-21,usage_question,closed,2,100,0
11961,752,2024-12-27,2024-12-27,billing,closed,48,72,0
11962,198,2024-11-15,2024-11-22,bug,closed,6,158,10080
11963,326,2024-05-03,2024-05-05,billing,closed,30,155,2880
11964,198,2024-11-22,2024-11-22,usage_question,closed,25,92,0
11965,204,2024-06-29,2024-07-02,bug,closed,2,92,4320
11966,1446,2024-06-16,2024-06-16,usage_question,closed,40,53,0
11967,14,2024-06-06,2024-06-06,other,closed,38,193,0
11968,895,2024-03-01,2024-03-03,usage_question,closed,50,124,2880
11969,871,2024-12-18,2024-12-21,bug,closed,8,78,4320
11970,1955,2024-05-07,2024-05-07,bug,closed,21,224,0
11971,1234,2024-12-17,2024-12-20,bug,closed,27,149,4320
11972,1525,2024-12-29,2025-01-03,feature_request,open,26,46,7200
11973,1356,2023-05-27,2023-05-27,usage_question,closed,42,159,0
11974,995,2024-02-03,2024-02-10,other,closed,18,57,10080
11975,1019,2024-04-03,2024-04-10,other,closed,26,54,10080
11976,995,2024-06-21,2024-06-21,other,closed,27,211,0
11977,685,2024-07-11,2024-07-11,other,closed,34,223,0
11978,1434,2024-12-04,2024-12-04,feature_request,closed,13,34,0
11979,971,2024-06-14,2024-06-14,feature_request,closed,50,60,0
11980,1910,2024-11-02,2024-11-09,usage_question,closed,31,179,10080
11981,1439,2024-06-19,2024-06-19,usage_question,closed,46,95,0
11982,303,2024-06-20,2024-06-20,bug,closed,6,210,0
11983,1297,2024-03-22,2024-03-28,feature_request,closed,14,85,8640
11984,719,2023-12-19,2023-12-19,usage_question,closed,32,205,0
11985,661,2024-04-19,2024-04-24,feature_request,closed,40,146,7200
11986,1636,2024-04-29,2024-04-29,usage_question,closed,33,131,0
11987,1005,2024-08-06,2024-08-13,usage_question,closed,43,229,10080
11988,839,2024-11-15,2024-11-15,bug,closed,40,98,0
11989,426,2024-09-03,2024-09-03,usage_question,closed,5,195,0
11990,1215,2024-11-22,2024-11-26,feature_request,closed,32,157,5760
11991,1229,2023-12-25,2023-12-31,bug,closed,13,32,8640
11992,10,2024-07-14,2024-07-15,billing,closed,22,203,1440
11993,91,2024-02-28,2024-02-28,bug,closed,39,110,0
11994,1514,2024-11-15,2024-11-21,usage_question,closed,33,59,8640
11995,444,2024-08-30,2024-08-30,usage_question,closed,25,201,0
11996,1901,2024-05-11,2024-05-11,bug,closed,20,216,0
11997,274,2024-08-03,2024-08-07,billing,closed,30,61,5760
11998,961,2024-04-19,2024-04-19,bug,closed,15,122,0
11999,1070,2024-01-31,2024-01-31,bug,closed,20,146,0
12000,445,2024-01-20,2024-01-20,usage_question,closed,7,203,0
12001,1601,2024-06-21,2024-06-21,bug,closed,20,70,0
12002,805,2024-10-05,2024-10-05,usage_question,closed,29,118,0
12003,1939,2024-12-01,2024-12-04,billing,closed,29,134,4320
12004,1155,2024-04-19,2024-04-26,bug,closed,19,125,10080
12005,332,2024-03-28,2024-03-28,bug,closed,8,15,0
12006,1776,2024-07-27,2024-07-27,other,closed,48,185,0
12007,1512,2024-01-17,2024-01-17,usage_question,closed,12,151,0
12008,832,2024-05-24,2024-05-30,feature_request,closed,26,103,8640
12009,1228,2024-03-27,2024-03-27,usage_question,closed,30,171,0
12010,1767,2023-10-30,2023-10-30,bug,closed,19,176,0
12011,1561,2023-11-08,2023-11-12,bug,closed,32,38,5760
12012,1064,2024-08-20,2024-08-25,other,closed,33,92,7200
12013,264,2024-03-21,2024-03-21,usage_question,closed,13,206,0
12014,1799,2024-03-13,2024-03-13,other,closed,32,225,0
12015,1530,2024-07-16,2024-07-21,usage_question,closed,34,46,7200
12016,1818,2024-03-15,2024-03-15,usage_question,closed,49,15,0
12017,689,2024-04-23,2024-04-25,usage_question,closed,47,44,2880
12018,758,2024-01-16,2024-01-21,usage_question,closed,9,210,7200
12019,166,2024-12-16,2024-12-18,billing,closed,43,96,2880
12020,1873,2024-04-30,2024-05-02,other,closed,7,59,2880
12021,244,2024-12-05,2024-12-07,feature_request,closed,21,122,2880
12022,1623,2024-05-09,2024-05-09,billing,closed,2,81,0
12023,1120,2024-12-28,2024-12-29,bug,closed,31,159,1440
12024,1170,2024-08-09,2024-08-09,usage_question,closed,35,180,0
12025,1044,2024-01-21,2024-01-21,billing,closed,16,72,0
12026,1622,2024-02-18,2024-02-18,bug,closed,35,89,0
12027,578,2024-08-04,2024-08-06,feature_request,closed,24,60,2880
12028,733,2024-10-06,2024-10-06,usage_question,closed,40,132,0
12029,605,2024-01-25,2024-01-25,usage_question,closed,9,45,0
12030,91,2024-01-29,2024-01-29,bug,closed,7,149,0
12031,145,2024-11-01,2024-11-06,feature_request,closed,1,150,7200
12032,1741,2024-07-24,2024-07-24,feature_request,closed,46,178,0
12033,1018,2024-11-25,2024-11-25,usage_question,closed,40,79,0
12034,197,2024-11-09,2024-11-11,bug,closed,43,89,2880
12035,324,2024-03-29,2024-04-03,usage_question,closed,36,183,7200
12036,510,2023-11-30,2023-11-30,billing,closed,1,35,0
12037,612,2024-11-28,2024-12-02,usage_question,closed,13,128,5760
12038,956,2024-07-22,2024-07-27,usage_question,closed,49,22,7200
12039,587,2024-03-27,2024-04-02,other,closed,37,47,8640
12040,1717,2024-06-08,2024-06-08,usage_question,closed,11,101,0
12041,1237,2023-10-30,2023-10-31,usage_question,closed,42,55,1440
12042,911,2024-10-07,2024-10-07,bug,closed,11,44,0
12043,698,2023-04-12,2023-04-19,feature_request,closed,22,201,10080
12044,1669,2024-12-18,2024-12-20,usage_question,closed,5,115,2880
12045,1341,2024-07-05,2024-07-05,bug,closed,38,33,0
12046,893,2024-09-27,2024-10-04,feature_request,closed,39,141,10080
12047,38,2024-03-28,2024-03-28,bug,closed,34,84,0
12048,1001,2024-11-28,2024-12-02,usage_question,closed,36,96,5760
12049,1572,2024-06-09,2024-06-13,feature_request,closed,1,203,5760
12050,769,2024-06-03,2024-06-03,usage_question,closed,42,62,0
12051,949,2024-02-18,2024-02-18,billing,closed,25,225,0
12052,33,2024-02-06,2024-02-12,bug,closed,35,25,8640
12053,1160,2023-12-21,2023-12-28,bug,closed,36,95,10080
12054,1764,2023-11-03,2023-11-03,feature_request,closed,1,118,0
12055,1409,2024-12-28,2024-12-28,feature_request,closed,33,101,0
12056,747,2024-09-27,2024-10-04,billing,closed,40,228,10080
12057,770,2024-03-05,2024-03-05,feature_request,closed,7,82,0
12058,1660,2023-01-14,2023-01-15,usage_question,closed,27,113,1440
12059,704,2024-08-07,2024-08-07,feature_request,closed,14,222,0
12060,1526,2023-06-24,2023-06-24,feature_request,closed,30,57,0
12061,1555,2023-11-18,2023-11-23,feature_request,closed,7,214,7200
12062,882,2024-01-30,2024-02-06,usage_question,closed,36,79,10080
12063,596,2023-12-21,2023-12-21,feature_request,closed,29,193,0
12064,1548,2024-07-15,2024-07-15,bug,closed,3,226,0
12065,1137,2023-12-04,2023-12-09,usage_question,closed,4,148,7200
12066,530,2024-12-09,2024-12-09,bug,closed,50,36,0
12067,485,2024-02-01,2024-02-01,usage_question,closed,23,211,0
12068,1716,2023-11-20,2023-11-20,bug,closed,40,34,0
12069,242,2024-09-10,2024-09-10,usage_question,closed,33,43,0
12070,1414,2023-12-11,2023-12-18,bug,closed,29,181,10080
12071,492,2023-05-07,2023-05-07,bug,closed,36,235,0
12072,952,2024-07-07,2024-07-13,usage_question,closed,42,106,8640
12073,740,2024-05-18,2024-05-18,feature_request,closed,29,178,0
12074,76,2024-02-06,2024-02-06,bug,closed,23,137,0
12075,1465,2024-11-03,2024-11-06,other,closed,29,220,4320
12076,1846,2024-08-19,2024-08-24,feature_request,closed,33,192,7200
12077,1807,2024-10-18,2024-10-21,other,closed,2,88,4320
12078,557,2024-04-05,2024-04-11,bug,closed,49,121,8640
12079,309,2024-12-03,2024-12-03,usage_question,closed,27,223,0
12080,377,2024-12-10,2024-12-13,bug,closed,39,119,4320
12081,1052,2024-03-14,2024-03-14,billing,closed,1,196,0
12082,1274,2024-11-20,2024-11-21,feature_request,closed,20,202,1440
12083,1367,2024-02-16,2024-02-20,bug,closed,27,238,5760
12084,797,2024-02-11,2024-02-13,usage_question,closed,45,17,2880
12085,1436,2024-09-12,2024-09-14,bug,closed,12,202,2880
12086,1037,2024-02-07,2024-02-10,feature_request,closed,22,82,4320
12087,750,2024-05-13,2024-05-16,bug,closed,22,28,4320
12088,1097,2024-11-01,2024-11-05,other,closed,45,158,5760
12089,1944,2023-08-29,2023-08-29,bug,closed,2,141,0
12090,1500,2023-07-19,2023-07-20,other,closed,25,31,1440
12091,1833,2024-10-13,2024-10-13,feature_request,closed,44,55,0
12092,1897,2024-07-19,2024-07-19,bug,closed,30,62,0
12093,1205,2024-05-17,2024-05-18,usage_question,closed,38,162,1440
12094,351,2024-12-13,2024-12-16,bug,closed,35,147,4320
12095,318,2024-05-25,2024-05-25,usage_question,closed,13,187,0
12096,361,2024-10-29,2024-10-29,usage_question,closed,39,105,0
12097,450,2024-11-14,2024-11-14,usage_question,closed,22,141,0
12098,77,2024-12-13,2024-12-13,usage_question,closed,5,211,0
12099,110,2024-07-31,2024-08-03,usage_question,closed,15,120,4320
12100,851,2024-01-07,2024-01-14,bug,closed,37,60,10080
12101,1528,2023-12-21,2023-12-23,feature_request,closed,6,231,2880
12102,1764,2024-09-22,2024-09-28,usage_question,closed,32,117,8640
12103,1819,2024-11-23,2024-11-23,feature_request,closed,50,211,0
12104,528,2024-02-29,2024-03-02,usage_question,closed,5,100,2880
12105,869,2024-07-05,2024-07-05,bug,closed,49,181,0
12106,337,2024-12-19,2024-12-21,bug,closed,42,94,2880
12107,749,2024-08-11,2024-08-11,bug,closed,47,225,0
12108,161,2023-12-10,2023-12-11,usage_question,closed,16,85,1440
12109,1982,2024-11-07,2024-11-12,usage_question,closed,21,44,7200
12110,999,2023-10-07,2023-10-07,feature_request,closed,44,156,0
12111,600,2024-04-09,2024-04-16,feature_request,closed,5,211,10080
12112,562,2024-01-27,2024-02-02,usage_question,closed,30,64,8640
12113,1253,2024-07-30,2024-08-05,other,closed,4,213,8640
12114,320,2023-12-17,2023-12-17,billing,closed,45,103,0
12115,98,2024-10-20,2024-10-24,usage_question,closed,40,67,5760
12116,776,2023-09-28,2023-09-28,usage_question,closed,40,127,0
12117,1780,2024-08-14,2024-08-16,usage_question,closed,5,89,2880
12118,744,2024-05-15,2024-05-15,other,closed,27,211,0
12119,1958,2024-04-04,2024-04-09,usage_question,closed,4,48,7200
12120,56,2024-01-10,2024-01-10,usage_question,closed,39,129,0
12121,1950,2024-06-28,2024-07-03,bug,closed,33,117,7200
12122,261,2023-11-07,2023-11-07,bug,closed,46,231,0
12123,137,2024-09-08,2024-09-08,usage_question,closed,3,19,0
12124,299,2024-01-31,2024-01-31,bug,closed,45,117,0
12125,1019,2024-11-23,2024-11-26,other,closed,48,88,4320
12126,240,2024-11-23,2024-11-23,usage_question,closed,29,182,0
12127,1910,2024-12-05,2024-12-05,usage_question,closed,4,94,0
12128,293,2024-11-25,2024-11-25,other,closed,31,30,0
12129,172,2024-07-10,2024-07-16,usage_question,closed,11,42,8640
12130,1117,2024-10-27,2024-10-27,usage_question,closed,8,42,0
12131,974,2024-10-08,2024-10-08,feature_request,closed,32,177,0
12132,1497,2023-12-02,2023-12-02,other,closed,4,17,0
12133,1682,2024-09-11,2024-09-11,bug,closed,45,136,0
12134,1559,2024-11-01,2024-11-01,usage_question,closed,45,61,0
12135,356,2024-04-05,2024-04-12,other,closed,27,119,10080
12136,385,2024-07-13,2024-07-15,bug,closed,15,74,2880
12137,748,2023-08-12,2023-08-12,billing,closed,40,131,0
12138,1683,2024-05-10,2024-05-11,usage_question,closed,23,169,1440
12139,803,2024-07-21,2024-07-21,billing,closed,14,217,0
12140,634,2024-12-06,2024-12-06,feature_request,closed,34,234,0
12141,585,2024-01-24,2024-01-31,bug,closed,39,26,10080
12142,552,2024-01-30,2024-01-30,usage_question,closed,12,238,0
12143,523,2024-05-16,2024-05-21,other,closed,3,153,7200
12144,1740,2023-11-10,2023-11-10,usage_question,closed,16,74,0
12145,279,2024-02-04,2024-02-08,billing,closed,13,192,5760
12146,217,2024-10-03,2024-10-05,bug,closed,47,163,2880
12147,1113,2024-07-26,2024-07-29,usage_question,closed,33,90,4320
12148,1603,2024-08-27,2024-08-28,usage_question,closed,12,183,1440
12149,1456,2023-11-02,2023-11-02,billing,closed,14,225,0
12150,543,2024-02-01,2024-02-01,feature_request,closed,19,146,0
12151,1163,2024-05-21,2024-05-23,bug,closed,1,40,2880
12152,205,2024-10-25,2024-10-25,usage_question,closed,18,119,0
12153,1263,2024-06-26,2024-06-27,billing,closed,33,190,1440
12154,1423,2024-03-18,2024-03-18,bug,closed,12,213,0
12155,101,2023-11-25,2023-11-25,bug,closed,3,66,0
12156,1799,2024-11-03,2024-11-06,usage_question,closed,47,228,4320
12157,1830,2023-12-23,2023-12-30,other,closed,45,80,10080
12158,569,2024-12-23,2024-12-24,bug,closed,25,171,1440
12159,1359,2023-06-24,2023-06-24,bug,closed,45,82,0
12160,583,2024-10-24,2024-10-31,feature_request,closed,26,137,10080
12161,421,2024-06-05,2024-06-05,other,closed,33,173,0
12162,711,2023-09-26,2023-09-26,feature_request,closed,33,43,0
12163,1306,2024-03-01,2024-03-01,bug,closed,16,226,0
12164,700,2024-04-10,2024-04-10,usage_question,closed,1,161,0
12165,1661,2024-10-16,2024-10-16,billing,closed,32,54,0
12166,1342,2023-11-26,2023-11-26,billing,closed,27,210,0
12167,602,2024-05-05,2024-05-11,feature_request,closed,36,133,8640
12168,1048,2024-07-31,2024-08-02,feature_request,closed,23,159,2880
12169,250,2024-11-11,2024-11-12,usage_question,closed,19,120,1440
12170,550,2024-09-16,2024-09-16,usage_question,closed,50,18,0
12171,954,2024-11-22,2024-11-22,billing,closed,15,68,0
12172,907,2024-05-29,2024-06-05,bug,closed,50,26,10080
12173,1926,2023-07-28,2023-07-28,bug,closed,46,224,0
12174,1346,2024-09-01,2024-09-01,usage_question,closed,20,213,0
12175,1081,2024-02-26,2024-02-29,bug,closed,15,225,4320
12176,916,2023-10-05,2023-10-10,other,closed,31,162,7200
12177,1005,2024-07-17,2024-07-17,usage_question,closed,9,27,0
12178,1761,2023-12-07,2023-12-07,bug,closed,6,68,0
12179,1654,2024-08-02,2024-08-02,bug,closed,47,20,0
12180,1993,2023-10-23,2023-10-23,billing,closed,45,131,0
12181,1076,2024-12-29,2024-12-31,bug,closed,43,103,2880
12182,1838,2024-01-02,2024-01-03,usage_question,closed,9,20,1440
12183,250,2024-07-25,2024-07-25,usage_question,closed,5,159,0
12184,365,2023-12-19,2023-12-26,billing,closed,50,205,10080
12185,613,2023-12-28,2023-12-28,usage_question,closed,11,188,0
12186,1713,2023-11-22,2023-11-22,billing,closed,20,212,0
12187,247,2024-07-14,2024-07-14,usage_question,closed,22,221,0
12188,1445,2024-04-29,2024-05-06,usage_question,closed,5,72,10080
12189,253,2024-07-28,2024-07-28,billing,closed,35,141,0
12190,589,2024-09-11,2024-09-17,usage_question,closed,49,54,8640
12191,1563,2024-06-06,2024-06-11,bug,closed,10,16,7200
12192,1674,2024-01-29,2024-02-04,usage_question,closed,29,158,8640
12193,1076,2024-03-16,2024-03-18,usage_question,closed,14,79,2880
12194,1240,2024-04-07,2024-04-09,feature_request,closed,7,123,2880
12195,1213,2023-07-15,2023-07-15,usage_question,closed,13,98,0
12196,1532,2024-03-16,2024-03-16,bug,closed,50,211,0
12197,1273,2023-07-24,2023-07-24,other,closed,26,225,0
12198,1230,2024-08-12,2024-08-17,bug,closed,32,150,7200
12199,1815,2024-02-14,2024-02-18,other,closed,26,105,5760
12200,1519,2024-04-04,2024-04-06,other,closed,4,95,2880
12201,398,2023-12-13,2023-12-13,usage_question,closed,32,145,0
12202,1755,2023-12-19,2023-12-19,usage_question,closed,22,34,0
12203,1708,2024-11-18,2024-11-18,usage_question,closed,31,26,0
12204,1394,2023-03-22,2023-03-22,usage_question,closed,6,165,0
12205,1905,2024-11-27,2024-11-27,feature_request,closed,22,57,0
12206,1796,2024-08-18,2024-08-20,usage_question,closed,16,34,2880
12207,626,2024-09-12,2024-09-12,feature_request,closed,36,165,0
12208,1769,2024-07-01,2024-07-05,bug,closed,23,86,5760
12209,1764,2024-07-10,2024-07-14,usage_question,closed,46,182,5760
12210,645,2024-04-20,2024-04-20,usage_question,closed,7,195,0
12211,1520,2024-10-08,2024-10-08,feature_request,closed,50,237,0
12212,1640,2024-02-10,2024-02-10,feature_request,closed,4,73,0
12213,1504,2024-06-25,2024-07-02,bug,closed,1,92,10080
12214,783,2024-01-22,2024-01-22,usage_question,closed,2,132,0
12215,1374,2023-09-27,2023-09-27,bug,closed,30,181,0
12216,445,2024-05-19,2024-05-19,bug,closed,10,16,0
12217,617,2024-04-08,2024-04-11,feature_request,closed,27,106,4320
12218,895,2024-11-14,2024-11-14,bug,closed,44,76,0
12219,1900,2024-12-19,2024-12-19,usage_question,closed,15,184,0
12220,722,2024-01-11,2024-01-18,usage_question,closed,48,98,10080
12221,1868,2024-05-14,2024-05-20,usage_question,closed,19,67,8640
12222,1552,2024-07-13,2024-07-13,bug,closed,14,176,0
12223,2,2024-04-18,2024-04-18,other,closed,48,149,0
12224,830,2024-07-05,2024-07-06,usage_question,closed,36,162,1440
12225,1381,2024-12-13,2024-12-14,usage_question,closed,3,211,1440
12226,558,2023-07-27,2023-07-27,usage_question,closed,35,179,0
12227,936,2023-05-20,2023-05-22,feature_request,closed,21,73,2880
12228,24,2024-04-05,2024-04-07,bug,closed,25,60,2880
12229,952,2024-10-25,2024-10-25,feature_request,closed,48,138,0
12230,125,2024-10-05,2024-10-05,feature_request,closed,38,21,0
12231,1179,2024-12-22,2024-12-27,feature_request,closed,34,72,7200
12232,1468,2024-09-11,2024-09-12,usage_question,closed,13,152,1440
12233,1667,2024-01-28,2024-02-04,other,closed,32,99,10080
12234,28,2023-07-07,2023-07-07,feature_request,closed,14,52,0
12235,1403,2024-07-05,2024-07-05,usage_question,closed,23,38,0
12236,1006,2024-08-12,2024-08-12,bug,closed,24,208,0
12237,1610,2024-09-23,2024-09-26,usage_question,closed,21,124,4320
12238,1669,2024-09-20,2024-09-20,other,closed,2,213,0
12239,1304,2024-01-31,2024-01-31,bug,closed,23,95,0
12240,1710,2023-10-31,2023-11-06,bug,closed,34,162,8640
12241,1226,2024-10-31,2024-10-31,feature_request,closed,4,234,0
12242,1548,2024-10-22,2024-10-27,bug,closed,40,84,7200
12243,1940,2024-08-24,2024-08-29,usage_question,closed,29,167,7200
12244,634,2023-11-20,2023-11-20,bug,closed,7,77,0
12245,1206,2024-11-02,2024-11-02,bug,closed,10,74,0
12246,753,2023-09-27,2023-10-04,bug,closed,1,212,10080
12247,623,2023-12-07,2023-12-07,bug,closed,42,43,0
12248,1864,2024-06-27,2024-06-27,billing,closed,17,96,0
12249,712,2024-07-17,2024-07-20,bug,closed,1,198,4320
12250,1951,2024-11-16,2024-11-16,usage_question,closed,6,201,0
12251,939,2024-07-26,2024-07-26,billing,closed,11,80,0
12252,146,2024-10-11,2024-10-14,bug,closed,39,17,4320
12253,810,2024-06-19,2024-06-25,bug,closed,10,37,8640
12254,242,2023-08-01,2023-08-07,bug,closed,11,165,8640
12255,1541,2023-11-02,2023-11-05,usage_question,closed,24,109,4320
12256,980,2024-09-11,2024-09-18,feature_request,closed,49,18,10080
12257,969,2024-07-23,2024-07-29,bug,closed,49,148,8640
12258,1062,2024-01-24,2024-01-29,feature_request,closed,44,38,7200
12259,576,2024-04-29,2024-04-29,usage_question,closed,15,170,0
12260,822,2024-07-03,2024-07-03,bug,closed,10,208,0
12261,1768,2024-02-08,2024-02-15,usage_question,closed,37,45,10080
12262,503,2024-09-22,2024-09-26,bug,closed,12,24,5760
12263,1444,2024-08-26,2024-08-28,feature_request,closed,19,150,2880
12264,308,2024-07-21,2024-07-21,other,closed,18,196,0
12265,723,2024-10-24,2024-10-31,billing,closed,34,65,10080
12266,88,2024-05-13,2024-05-13,feature_request,closed,13,215,0
12267,251,2024-03-29,2024-04-05,bug,closed,25,144,10080
12268,383,2023-07-13,2023-07-13,other,closed,16,131,0
12269,849,2024-03-12,2024-03-12,bug,closed,38,144,0
12270,448,2024-10-31,2024-10-31,other,closed,3,139,0
12271,1880,2023-09-29,2023-09-29,feature_request,closed,21,103,0
12272,1112,2024-03-07,2024-03-07,feature_request,closed,22,179,0
12273,79,2024-03-03,2024-03-06,bug,closed,12,64,4320
12274,1529,2024-07-19,2024-07-21,usage_question,closed,35,101,2880
12275,842,2024-09-14,2024-09-14,bug,closed,26,219,0
12276,1475,2024-10-04,2024-10-04,usage_question,closed,42,238,0
12277,1022,2024-05-05,2024-05-05,bug,closed,24,48,0
12278,1641,2024-10-30,2024-10-30,bug,closed,11,202,0
12279,792,2024-08-04,2024-08-04,billing,closed,42,235,0
12280,486,2024-03-10,2024-03-16,bug,closed,27,163,8640
12281,931,2024-12-23,2024-12-27,feature_request,closed,19,80,5760
12282,802,2024-11-26,2024-11-26,bug,closed,14,77,0
12283,715,2024-05-21,2024-05-27,feature_request,closed,23,219,8640
12284,1016,2024-08-26,2024-08-26,bug,closed,22,184,0
12285,210,2023-12-30,2023-12-31,bug,closed,30,202,1440
12286,44,2023-12-07,2023-12-07,feature_request,closed,49,135,0
12287,335,2024-10-24,2024-10-24,bug,closed,35,83,0
12288,1356,2024-05-31,2024-06-06,bug,closed,21,49,8640
12289,1651,2023-07-13,2023-07-13,bug,closed,19,79,0
12290,653,2024-08-04,2024-08-04,other,closed,6,54,0
12291,1128,2024-02-24,2024-02-24,usage_question,closed,18,54,0
12292,764,2023-02-15,2023-02-15,feature_request,closed,27,100,0
12293,430,2024-05-04,2024-05-08,bug,closed,27,168,5760
12294,1544,2024-01-04,2024-01-04,usage_question,closed,23,55,0
12295,887,2024-03-24,2024-03-27,billing,closed,6,72,4320
12296,620,2024-12-06,2024-12-06,billing,closed,16,202,0
12297,21,2024-01-08,2024-01-08,feature_request,closed,20,186,0
12298,521,2024-06-04,2024-06-04,usage_question,closed,50,190,0
12299,1467,2024-12-09,2024-12-09,usage_question,closed,26,240,0
12300,1186,2024-04-29,2024-04-29,feature_request,closed,14,77,0
12301,719,2023-10-31,2023-10-31,usage_question,closed,3,31,0
12302,1168,2024-11-18,2024-11-18,other,closed,17,214,0
12303,1759,2024-04-15,2024-04-21,usage_question,closed,22,185,8640
12304,1450,2024-05-11,2024-05-11,feature_request,closed,18,30,0
12305,487,2024-03-27,2024-03-27,bug,closed,46,153,0
12306,690,2024-03-22,2024-03-28,billing,closed,30,194,8640
12307,1270,2024-10-18,2024-10-24,feature_request,closed,17,91,8640
12308,618,2024-09-22,2024-09-23,bug,closed,4,65,1440
12309,637,2024-10-03,2024-10-03,other,closed,33,240,0
12310,384,2024-09-04,2024-09-04,feature_request,closed,26,148,0
12311,863,2023-12-12,2023-12-12,usage_question,closed,7,218,0
12312,992,2024-07-06,2024-07-06,usage_question,closed,45,61,0
12313,1898,2023-11-19,2023-11-21,other,closed,31,239,2880
12314,1469,2024-04-29,2024-04-29,feature_request,closed,40,56,0
12315,1516,2024-12-01,2024-12-01,feature_request,closed,32,47,0
12316,1517,2024-05-08,2024-05-15,usage_question,closed,48,221,10080
12317,856,2024-10-04,2024-10-04,usage_question,closed,13,100,0
12318,1558,2023-09-17,2023-09-24,usage_question,closed,5,232,10080
12319,823,2023-09-28,2023-10-01,feature_request,closed,14,169,4320
12320,674,2024-04-21,2024-04-25,billing,closed,22,129,5760
12321,1989,2024-07-18,2024-07-18,other,closed,32,221,0
12322,1143,2024-10-19,2024-10-24,usage_question,closed,22,67,7200
12323,1301,2024-04-23,2024-04-23,usage_question,closed,40,177,0
12324,339,2024-07-17,2024-07-17,other,closed,22,142,0
12325,339,2024-12-25,2024-12-25,bug,closed,14,168,0
12326,1278,2024-06-14,2024-06-19,feature_request,closed,6,182,7200
12327,1162,2024-04-29,2024-04-29,feature_request,closed,18,130,0
12328,56,2024-08-08,2024-08-08,bug,closed,20,30,0
12329,70,2024-07-16,2024-07-16,bug,closed,44,130,0
12330,277,2024-01-22,2024-01-25,other,closed,48,145,4320
12331,312,2024-01-14,2024-01-14,usage_question,closed,19,44,0
12332,1108,2023-01-15,2023-01-15,other,closed,20,78,0
12333,1687,2024-10-02,2024-10-02,other,closed,9,200,0
12334,1559,2024-10-02,2024-10-02,usage_question,closed,36,66,0
12335,416,2024-06-01,2024-06-01,usage_question,closed,23,85,0
12336,1714,2024-07-21,2024-07-22,usage_question,closed,25,99,1440
12337,1183,2024-11-08,2024-11-08,usage_question,closed,5,176,0
12338,261,2024-12-01,2024-12-08,other,closed,1,231,10080
12339,257,2024-08-07,2024-08-07,bug,closed,22,48,0
12340,222,2023-07-02,2023-07-09,bug,closed,37,102,10080
12341,1531,2024-09-13,2024-09-19,feature_request,closed,11,69,8640
12342,1026,2024-03-10,2024-03-10,billing,closed,5,120,0
12343,929,2024-07-14,2024-07-14,other,closed,19,216,0
12344,1673,2024-09-30,2024-10-06,usage_question,closed,44,58,8640
12345,1405,2023-11-18,2023-11-25,feature_request,closed,50,91,10080
12346,328,2024-03-04,2024-03-04,bug,closed,22,155,0
12347,1433,2024-10-11,2024-10-15,usage_question,closed,31,190,5760
12348,386,2024-05-13,2024-05-13,feature_request,closed,39,131,0
12349,1094,2024-04-02,2024-04-06,usage_question,closed,42,105,5760
12350,1646,2023-10-12,2023-10-18,usage_question,closed,37,140,8640
12351,1531,2023-12-27,2023-12-27,usage_question,closed,42,124,0
12352,1101,2024-10-13,2024-10-14,usage_question,closed,20,64,1440
12353,222,2024-08-06,2024-08-06,usage_question,closed,25,57,0
12354,434,2024-10-03,2024-10-03,feature_request,closed,8,159,0
12355,1098,2024-05-31,2024-06-07,usage_question,closed,33,117,10080
12356,1004,2024-11-13,2024-11-13,bug,closed,37,182,0
12357,406,2024-03-01,2024-03-01,usage_question,closed,22,108,0
12358,129,2024-02-03,2024-02-04,other,closed,31,206,1440
12359,70,2023-10-15,2023-10-21,usage_question,closed,2,152,8640
12360,441,2024-05-27,2024-05-31,billing,closed,14,155,5760
12361,982,2024-09-15,2024-09-19,bug,closed,29,45,5760
12362,1469,2024-10-07,2024-10-07,bug,closed,3,162,0
12363,1842,2024-03-18,2024-03-24,feature_request,closed,18,177,8640
12364,1743,2024-09-25,2024-09-25,usage_question,closed,27,15,0
12365,1698,2024-11-28,2024-11-28,billing,closed,27,30,0
12366,1930,2024-09-10,2024-09-10,bug,closed,25,108,0
12367,13,2024-02-21,2024-02-21,feature_request,closed,11,121,0
12368,1828,2024-07-08,2024-07-12,bug,closed,49,99,5760
12369,792,2024-12-27,2024-12-27,usage_question,closed,6,77,0
12370,223,2024-05-03,2024-05-03,bug,closed,21,118,0
12371,1958,2024-12-24,2024-12-24,bug,closed,34,104,0
12372,144,2024-10-05,2024-10-08,bug,closed,48,101,4320
12373,1631,2024-07-27,2024-07-27,other,closed,26,213,0
12374,982,2024-04-29,2024-04-29,feature_request,closed,10,70,0
12375,1797,2024-05-09,2024-05-10,billing,closed,5,169,1440
12376,1733,2024-08-07,2024-08-09,usage_question,closed,10,30,2880
12377,1347,2024-09-20,2024-09-20,usage_question,closed,31,216,0
12378,1134,2024-05-24,2024-05-28,bug,closed,17,115,5760
12379,1471,2024-09-03,2024-09-06,bug,closed,21,51,4320
12380,516,2023-12-24,2023-12-25,usage_question,closed,22,129,1440
12381,1813,2024-06-25,2024-06-26,usage_question,closed,47,187,1440
12382,403,2024-02-28,2024-03-06,bug,closed,36,220,10080
12383,1971,2024-11-17,2024-11-17,usage_question,closed,20,29,0
12384,1330,2023-11-13,2023-11-13,usage_question,closed,13,193,0
12385,1401,2024-09-15,2024-09-15,usage_question,closed,47,67,0
12386,1862,2024-12-07,2024-12-07,usage_question,closed,35,17,0
12387,1675,2024-01-11,2024-01-15,bug,closed,47,42,5760
12388,1606,2024-07-28,2024-07-28,bug,closed,45,86,0
12389,322,2024-01-06,2024-01-10,bug,closed,19,67,5760
12390,1361,2024-11-15,2024-11-22,feature_request,closed,47,16,10080
12391,1944,2024-06-02,2024-06-08,bug,closed,31,19,8640
12392,539,2024-06-04,2024-06-04,bug,closed,42,170,0
12393,887,2024-06-18,2024-06-18,usage_question,closed,40,86,0
12394,492,2024-02-06,2024-02-06,feature_request,closed,42,149,0
12395,1178,2024-07-12,2024-07-15,usage_question,closed,8,119,4320
12396,149,2024-05-29,2024-05-29,other,closed,27,232,0
12397,1023,2024-03-15,2024-03-16,billing,closed,27,105,1440
12398,1904,2024-09-21,2024-09-21,usage_question,closed,31,220,0
12399,1469,2023-12-04,2023-12-04,feature_request,closed,12,179,0
12400,181,2024-02-24,2024-02-26,usage_question,closed,31,205,2880
12401,794,2024-10-26,2024-11-01,bug,closed,48,190,8640
12402,157,2024-06-16,2024-06-23,bug,closed,8,38,10080
12403,642,2024-09-09,2024-09-16,bug,closed,33,200,10080
12404,797,2024-09-21,2024-09-21,usage_question,closed,14,178,0
12405,299,2024-01-06,2024-01-08,usage_question,closed,31,191,2880
12406,87,2024-04-12,2024-04-14,feature_request,closed,16,140,2880
12407,831,2023-10-30,2023-10-30,usage_question,closed,8,159,0
12408,660,2024-01-20,2024-01-20,bug,closed,35,74,0
12409,1298,2024-11-20,2024-11-25,bug,closed,27,103,7200
12410,1804,2023-12-26,2023-12-27,bug,closed,9,172,1440
12411,1078,2024-12-13,2024-12-13,bug,closed,26,26,0
12412,1838,2023-12-28,2024-01-02,bug,closed,4,166,7200
12413,478,2024-04-24,2024-04-24,bug,closed,15,152,0
12414,828,2024-07-31,2024-08-03,bug,closed,29,149,4320
12415,1992,2024-12-01,2024-12-01,bug,closed,47,226,0
12416,1218,2024-12-07,2024-12-10,usage_question,closed,12,44,4320
12417,280,2024-10-13,2024-10-13,feature_request,closed,43,79,0
12418,1713,2024-10-03,2024-10-03,other,closed,21,172,0
12419,698,2024-11-25,2024-11-25,usage_question,closed,35,20,0
12420,700,2023-06-26,2023-07-03,usage_question,closed,10,228,10080
12421,1779,2024-04-18,2024-04-25,usage_question,closed,50,38,10080
12422,226,2024-04-29,2024-04-29,bug,closed,10,89,0
12423,1079,2024-07-09,2024-07-14,feature_request,closed,47,162,7200
12424,722,2024-07-23,2024-07-30,feature_request,closed,32,148,10080
12425,1987,2023-12-12,2023-12-16,other,closed,34,102,5760
12426,1996,2024-01-11,2024-01-18,bug,closed,3,166,10080
12427,1075,2023-10-17,2023-10-17,usage_question,closed,8,75,0
12428,1385,2024-06-19,2024-06-23,bug,closed,13,96,5760
12429,725,2024-08-25,2024-08-25,other,closed,39,143,0
12430,375,2024-06-27,2024-07-03,feature_request,closed,40,163,8640
12431,1359,2024-06-13,2024-06-13,usage_question,closed,15,86,0
12432,847,2024-05-13,2024-05-19,usage_question,closed,27,207,8640
12433,995,2024-11-30,2024-11-30,usage_question,closed,13,41,0
12434,688,2024-10-22,2024-10-29,bug,closed,9,21,10080
12435,1771,2024-06-21,2024-06-21,usage_question,closed,44,111,0
12436,1002,2024-08-15,2024-08-20,bug,closed,32,91,7200
12437,1922,2024-10-08,2024-10-15,usage_question,closed,20,117,10080
12438,635,2024-06-26,2024-07-02,feature_request,closed,22,130,8640
12439,492,2024-03-20,2024-03-25,other,closed,14,157,7200
12440,907,2024-09-13,2024-09-13,usage_question,closed,10,121,0
12441,989,2023-07-01,2023-07-01,usage_question,closed,10,171,0
12442,1461,2024-05-23,2024-05-23,usage_question,closed,25,94,0
12443,148,2024-11-05,2024-11-12,bug,closed,2,223,10080
12444,226,2024-01-30,2024-02-04,bug,closed,37,170,7200
12445,154,2023-07-31,2023-07-31,usage_question,closed,14,124,0
12446,588,2024-04-04,2024-04-04,bug,closed,17,84,0
12447,685,2024-12-01,2024-12-03,bug,closed,37,76,2880
12448,1999,2024-01-31,2024-02-03,bug,closed,47,179,4320
12449,1036,2024-11-25,2024-11-25,other,closed,25,197,0
12450,1992,2024-05-01,2024-05-02,bug,closed,25,143,1440
12451,1289,2024-07-28,2024-07-30,bug,closed,43,26,2880
12452,356,2024-10-31,2024-10-31,bug,closed,48,153,0
12453,773,2024-02-09,2024-02-09,bug,closed,26,179,0
12454,765,2024-04-15,2024-04-15,feature_request,closed,20,188,0
12455,418,2024-06-19,2024-06-19,billing,closed,31,210,0
12456,1165,2024-05-14,2024-05-15,other,closed,33,77,1440
12457,883,2024-09-20,2024-09-20,usage_question,closed,4,170,0
12458,1744,2023-12-19,2023-12-23,other,closed,32,59,5760
12459,630,2024-07-01,2024-07-08,bug,closed,10,239,10080
12460,1856,2024-10-20,2024-10-27,bug,closed,22,30,10080
12461,74,2024-04-25,2024-04-26,bug,closed,35,73,1440
12462,779,2024-05-27,2024-05-27,usage_question,closed,36,143,0
12463,1598,2023-01-05,2023-01-05,bug,closed,23,65,0
12464,808,2024-03-30,2024-04-04,usage_question,closed,19,23,7200
12465,1451,2024-01-26,2024-01-26,usage_question,closed,45,87,0
12466,531,2024-06-27,2024-07-04,billing,closed,9,139,10080
12467,281,2024-12-06,2024-12-11,usage_question,closed,20,74,7200
12468,749,2024-04-30,2024-05-05,bug,closed,3,65,7200
12469,1643,2024-02-01,2024-02-07,bug,closed,36,195,8640
12470,103,2024-09-25,2024-09-26,other,closed,33,102,1440
12471,67,2024-11-20,2024-11-22,billing,closed,25,160,2880
12472,1355,2023-12-04,2023-12-11,usage_question,closed,42,203,10080
12473,421,2024-07-23,2024-07-26,bug,closed,1,53,4320
12474,61,2023-10-17,2023-10-22,bug,closed,36,64,7200
12475,1548,2024-03-19,2024-03-21,usage_question,closed,34,187,2880
12476,1355,2023-10-14,2023-10-14,other,closed,18,170,0
12477,780,2024-08-05,2024-08-11,bug,closed,21,155,8640
12478,790,2023-12-16,2023-12-17,billing,closed,26,181,1440
12479,195,2023-10-24,2023-10-28,bug,closed,20,172,5760
12480,1035,2024-04-09,2024-04-09,usage_question,closed,29,209,0
12481,1801,2024-05-22,2024-05-29,feature_request,closed,38,23,10080
12482,825,2024-05-06,2024-05-06,other,closed,4,187,0
12483,1773,2024-05-15,2024-05-16,bug,closed,6,182,1440
12484,1409,2024-11-13,2024-11-14,bug,closed,40,26,1440
12485,1349,2024-02-18,2024-02-20,feature_request,closed,5,121,2880
12486,742,2024-02-18,2024-02-18,usage_question,closed,4,171,0
12487,1273,2023-11-03,2023-11-05,billing,closed,35,149,2880
12488,353,2024-05-29,2024-05-29,billing,closed,46,183,0
12489,1506,2024-08-24,2024-08-24,feature_request,closed,39,33,0
12490,490,2024-04-18,2024-04-24,feature_request,closed,29,87,8640
12491,1818,2024-06-26,2024-06-28,other,closed,13,36,2880
12492,475,2024-01-24,2024-01-24,usage_question,closed,39,37,0
12493,1077,2024-11-08,2024-11-08,usage_question,closed,4,153,0
12494,1024,2024-11-08,2024-11-11,usage_question,closed,47,123,4320
12495,1854,2024-03-19,2024-03-22,billing,closed,34,183,4320
12496,1949,2023-06-20,2023-06-20,usage_question,closed,4,78,0
12497,489,2023-10-19,2023-10-19,billing,closed,19,160,0
12498,6,2024-01-12,2024-01-12,usage_question,closed,34,70,0
12499,1413,2024-07-02,2024-07-02,other,closed,36,31,0
12500,1119,2024-09-05,2024-09-09,bug,closed,45,163,5760
12501,1194,2024-05-31,2024-05-31,other,closed,8,232,0
12502,1363,2024-06-03,2024-06-03,billing,closed,2,29,0
12503,214,2024-05-14,2024-05-14,usage_question,closed,10,157,0
12504,707,2024-04-19,2024-04-25,usage_question,closed,31,151,8640
12505,35,2024-12-09,2024-12-09,other,closed,11,51,0
12506,1811,2024-11-19,2024-11-19,feature_request,closed,6,127,0
12507,1627,2024-01-20,2024-01-23,billing,closed,10,227,4320
12508,1131,2024-09-01,2024-09-01,feature_request,closed,50,161,0
12509,741,2024-04-20,2024-04-25,usage_question,closed,27,49,7200
12510,822,2023-07-31,2023-08-04,usage_question,closed,13,89,5760
12511,904,2024-09-21,2024-09-22,usage_question,closed,18,145,1440
12512,1027,2024-05-16,2024-05-22,other,closed,49,63,8640
12513,228,2024-03-16,2024-03-23,bug,closed,45,43,10080
12514,179,2024-03-06,2024-03-06,other,closed,14,91,0
12515,1803,2023-12-28,2024-01-02,bug,closed,17,182,7200
12516,1926,2024-06-27,2024-06-27,billing,closed,35,56,0
12517,442,2024-01-11,2024-01-11,usage_question,closed,6,19,0
12518,1563,2024-10-10,2024-10-17,bug,closed,46,186,10080
12519,1965,2024-02-26,2024-02-26,billing,closed,48,204,0
12520,1447,2024-09-26,2024-10-01,feature_request,closed,19,98,7200
12521,1771,2024-06-05,2024-06-09,bug,closed,23,132,5760
12522,1943,2024-09-05,2024-09-10,feature_request,closed,39,94,7200
12523,214,2024-08-06,2024-08-06,bug,closed,50,49,0
12524,187,2024-06-24,2024-06-24,bug,closed,7,132,0
12525,906,2024-07-19,2024-07-19,usage_question,closed,1,61,0
12526,1045,2024-03-20,2024-03-20,other,closed,29,189,0
12527,597,2024-04-12,2024-04-12,usage_question,closed,5,30,0
12528,1726,2024-02-11,2024-02-11,bug,closed,14,140,0
12529,191,2024-06-24,2024-06-30,other,closed,30,108,8640
12530,300,2024-12-19,2024-12-21,usage_question,closed,36,164,2880
12531,1579,2024-12-24,2024-12-31,billing,closed,13,97,10080
12532,1340,2023-08-21,2023-08-22,other,closed,4,20,1440
12533,55,2024-07-13,2024-07-13,bug,closed,50,182,0
12534,827,2024-02-12,2024-02-18,usage_question,closed,3,165,8640
12535,1881,2024-04-07,2024-04-09,other,closed,3,196,2880
12536,1932,2023-07-26,2023-07-30,feature_request,closed,37,25,5760
12537,1761,2024-08-31,2024-09-06,bug,closed,50,150,8640
12538,707,2024-04-25,2024-04-25,billing,closed,12,199,0
12539,1273,2024-12-15,2024-12-16,bug,closed,1,148,1440
12540,333,2023-09-22,2023-09-26,bug,closed,24,79,5760
12541,1821,2024-05-13,2024-05-14,billing,closed,23,69,1440
12542,243,2024-10-13,2024-10-19,bug,closed,27,40,8640
12543,1115,2023-11-30,2023-11-30,usage_question,closed,2,105,0
12544,412,2023-02-06,2023-02-09,other,closed,5,89,4320
12545,1605,2024-12-29,2025-01-02,usage_question,open,9,218,5760
12546,1432,2024-11-16,2024-11-16,usage_question,closed,19,97,0
12547,1060,2024-01-15,2024-01-15,feature_request,closed,9,140,0
12548,1083,2024-08-06,2024-08-06,usage_question,closed,36,224,0
12549,10,2024-03-05,2024-03-05,bug,closed,7,113,0
12550,167,2023-12-22,2023-12-25,usage_question,closed,40,15,4320
12551,443,2024-12-28,2025-01-01,feature_request,open,50,71,5760
12552,5,2024-12-27,2024-12-27,usage_question,closed,37,56,0
12553,935,2024-10-19,2024-10-26,other,closed,24,195,10080
12554,1701,2024-08-03,2024-08-07,other,closed,38,72,5760
12555,404,2024-05-14,2024-05-15,bug,closed,18,213,1440
12556,1174,2024-06-15,2024-06-15,usage_question,closed,8,156,0
12557,17,2024-01-16,2024-01-18,usage_question,closed,9,136,2880
12558,1361,2024-12-26,2024-12-26,feature_request,closed,29,133,0
12559,1131,2023-12-04,2023-12-10,bug,closed,17,162,8640
12560,1709,2024-08-10,2024-08-10,billing,closed,15,81,0
12561,427,2024-06-09,2024-06-14,other,closed,25,196,7200
12562,777,2023-05-20,2023-05-25,usage_question,closed,23,82,7200
12563,1524,2023-11-18,2023-11-18,feature_request,closed,46,133,0
12564,1703,2024-03-15,2024-03-17,usage_question,closed,16,16,2880
12565,1865,2024-11-09,2024-11-10,bug,closed,16,142,1440
12566,564,2024-08-28,2024-08-29,usage_question,closed,44,136,1440
12567,257,2024-05-01,2024-05-01,bug,closed,43,98,0
12568,123,2024-01-19,2024-01-22,usage_question,closed,50,127,4320
12569,1247,2024-01-22,2024-01-24,other,closed,47,231,2880
12570,930,2024-12-19,2024-12-21,bug,closed,27,129,2880
12571,1083,2024-05-31,2024-06-02,bug,closed,8,147,2880
12572,1249,2024-09-05,2024-09-05,usage_question,closed,36,86,0
12573,1651,2023-10-16,2023-10-16,other,closed,35,67,0
12574,761,2024-08-14,2024-08-14,usage_question,closed,7,51,0
12575,1828,2024-02-15,2024-02-15,other,closed,17,192,0
12576,301,2024-08-09,2024-08-14,bug,closed,20,221,7200
12577,1571,2024-10-24,2024-10-31,usage_question,closed,39,115,10080
12578,1427,2024-02-24,2024-02-29,other,closed,21,176,7200
12579,657,2024-10-17,2024-10-17,usage_question,closed,23,158,0
12580,101,2024-12-13,2024-12-13,bug,closed,31,98,0
12581,921,2024-08-15,2024-08-15,bug,closed,48,175,0
12582,1813,2023-04-22,2023-04-24,usage_question,closed,30,116,2880
12583,1295,2024-08-20,2024-08-20,usage_question,closed,10,117,0
12584,882,2024-06-27,2024-07-01,bug,closed,11,201,5760
12585,996,2024-07-04,2024-07-06,feature_request,closed,11,34,2880
12586,462,2024-09-13,2024-09-13,feature_request,closed,21,56,0
12587,35,2024-10-23,2024-10-26,bug,closed,9,87,4320
12588,1709,2024-01-24,2024-01-24,other,closed,30,114,0
12589,282,2024-05-19,2024-05-19,bug,closed,42,171,0
12590,107,2024-07-19,2024-07-23,other,closed,1,74,5760
12591,1272,2024-03-16,2024-03-16,bug,closed,5,217,0
12592,1479,2024-02-17,2024-02-23,usage_question,closed,43,159,8640
12593,1382,2024-03-12,2024-03-12,usage_question,closed,34,205,0
12594,1956,2024-07-05,2024-07-09,usage_question,closed,7,135,5760
12595,1368,2024-01-24,2024-01-31,bug,closed,15,50,10080
12596,1590,2023-12-26,2023-12-26,usage_question,closed,45,131,0
12597,793,2023-09-29,2023-09-29,usage_question,closed,46,89,0
12598,52,2024-10-14,2024-10-14,usage_question,closed,12,208,0
12599,370,2024-11-04,2024-11-04,usage_question,closed,7,176,0
12600,1851,2023-10-22,2023-10-26,bug,closed,20,151,5760
12601,1878,2023-08-15,2023-08-15,bug,closed,34,29,0
12602,1126,2024-08-23,2024-08-28,usage_question,closed,10,225,7200
12603,614,2024-11-13,2024-11-13,feature_request,closed,40,70,0
12604,15,2023-09-04,2023-09-04,feature_request,closed,21,58,0
12605,1817,2023-07-09,2023-07-09,usage_question,closed,26,150,0
12606,1820,2024-08-27,2024-08-27,bug,closed,7,114,0
12607,1244,2024-04-21,2024-04-21,bug,closed,8,174,0
12608,80,2024-12-01,2024-12-03,feature_request,closed,33,86,2880
12609,405,2024-12-22,2024-12-23,feature_request,closed,29,159,1440
12610,1334,2024-09-03,2024-09-06,usage_question,closed,33,164,4320
12611,480,2024-12-12,2024-12-12,usage_question,closed,38,134,0
12612,1568,2024-12-06,2024-12-06,bug,closed,47,21,0
12613,472,2024-12-03,2024-12-03,bug,closed,2,76,0
12614,1795,2024-03-04,2024-03-04,bug,closed,38,142,0
12615,1719,2024-06-10,2024-06-12,feature_request,closed,10,44,2880
12616,1267,2023-08-28,2023-08-28,billing,closed,36,43,0
12617,405,2024-03-31,2024-03-31,bug,closed,39,73,0
12618,930,2024-07-27,2024-08-03,feature_request,closed,25,118,10080
12619,656,2024-10-15,2024-10-16,billing,closed,21,237,1440
12620,677,2023-08-09,2023-08-09,usage_question,closed,31,50,0
12621,1610,2024-05-25,2024-05-30,usage_question,closed,17,19,7200
12622,1494,2024-12-22,2024-12-28,feature_request,closed,44,167,8640
12623,967,2023-12-26,2024-01-01,usage_question,closed,36,171,8640
12624,868,2024-11-07,2024-11-07,usage_question,closed,36,218,0
12625,1213,2024-12-14,2024-12-18,feature_request,closed,10,138,5760
12626,419,2024-07-24,2024-07-27,billing,closed,39,224,4320
12627,1401,2024-07-09,2024-07-09,other,closed,36,25,0
12628,653,2024-03-07,2024-03-11,bug,closed,11,150,5760
12629,1952,2024-08-22,2024-08-28,feature_request,closed,9,29,8640
12630,178,2024-06-04,2024-06-04,bug,closed,9,213,0
12631,447,2024-03-16,2024-03-19,feature_request,closed,2,211,4320
12632,1379,2024-01-19,2024-01-19,bug,closed,26,44,0
12633,1342,2024-11-30,2024-12-02,usage_question,closed,47,163,2880
12634,441,2023-12-27,2023-12-29,feature_request,closed,31,44,2880
12635,220,2023-12-11,2023-12-15,usage_question,closed,17,238,5760
12636,892,2024-08-04,2024-08-05,other,closed,17,80,1440
12637,1164,2024-03-21,2024-03-28,bug,closed,39,144,10080
12638,235,2024-07-19,2024-07-19,billing,closed,9,147,0
12639,735,2024-09-28,2024-09-28,usage_question,closed,20,67,0
12640,1367,2023-08-03,2023-08-07,usage_question,closed,26,85,5760
12641,148,2024-10-28,2024-10-28,bug,closed,6,38,0
12642,328,2024-06-25,2024-06-27,usage_question,closed,20,38,2880
12643,1767,2024-05-17,2024-05-19,billing,closed,5,34,2880
12644,158,2024-11-30,2024-12-03,bug,closed,9,100,4320
12645,833,2024-09-14,2024-09-14,feature_request,closed,8,188,0
12646,1259,2024-12-19,2024-12-19,other,closed,5,173,0
12647,9,2024-06-11,2024-06-16,billing,closed,15,75,7200
12648,380,2023-12-23,2023-12-30,bug,closed,37,139,10080
12649,50,2023-03-07,2023-03-11,feature_request,closed,16,199,5760
12650,163,2023-05-27,2023-05-30,other,closed,36,44,4320
12651,71,2023-10-14,2023-10-20,billing,closed,43,65,8640
12652,903,2024-11-24,2024-11-24,feature_request,closed,33,93,0
12653,493,2024-01-03,2024-01-03,other,closed,23,21,0
12654,812,2024-04-15,2024-04-18,bug,closed,26,120,4320
12655,1046,2024-12-09,2024-12-09,usage_question,closed,27,187,0
12656,1028,2023-08-21,2023-08-23,bug,closed,45,143,2880
12657,1731,2024-11-30,2024-12-03,usage_question,closed,38,170,4320
12658,1127,2023-10-30,2023-10-30,bug,closed,15,166,0
12659,1444,2024-09-02,2024-09-02,feature_request,closed,46,216,0
12660,1467,2024-09-01,2024-09-01,other,closed,13,111,0
12661,1268,2024-11-26,2024-11-26,bug,closed,18,158,0
12662,1599,2024-05-23,2024-05-26,feature_request,closed,49,135,4320
12663,873,2024-01-05,2024-01-08,usage_question,closed,44,39,4320
12664,862,2024-07-12,2024-07-12,bug,closed,23,225,0
12665,1836,2024-06-22,2024-06-22,bug,closed,31,83,0
12666,1195,2023-11-09,2023-11-09,usage_question,closed,39,186,0
12667,511,2024-06-29,2024-06-30,billing,closed,30,105,1440
12668,734,2024-09-05,2024-09-06,bug,closed,24,50,1440
12669,1234,2024-06-27,2024-06-29,usage_question,closed,19,119,2880
12670,142,2023-09-13,2023-09-14,usage_question,closed,25,17,1440
12671,1986,2024-05-12,2024-05-15,billing,closed,14,128,4320
12672,216,2024-01-27,2024-02-03,bug,closed,39,229,10080
12673,764,2024-05-08,2024-05-13,billing,closed,11,118,7200
12674,1298,2024-05-02,2024-05-06,other,closed,17,204,5760
12675,1185,2024-03-20,2024-03-20,usage_question,closed,30,142,0
12676,713,2024-11-04,2024-11-10,bug,closed,7,193,8640
12677,1648,2023-09-15,2023-09-15,bug,closed,16,66,0
12678,673,2024-01-12,2024-01-12,feature_request,closed,38,222,0
12679,1021,2024-10-10,2024-10-10,usage_question,closed,3,177,0
12680,965,2023-10-16,2023-10-16,usage_question,closed,44,102,0
12681,55,2024-10-30,2024-11-01,bug,closed,37,64,2880
12682,206,2024-03-27,2024-03-27,bug,closed,45,104,0
12683,234,2024-09-13,2024-09-13,other,closed,50,163,0
12684,38,2024-12-21,2024-12-21,billing,closed,3,129,0
12685,1582,2023-08-08,2023-08-08,bug,closed,23,150,0
12686,164,2024-09-15,2024-09-15,bug,closed,7,152,0
12687,1745,2024-08-09,2024-08-09,other,closed,44,201,0
12688,946,2024-11-04,2024-11-04,usage_question,closed,9,189,0
12689,1861,2023-10-25,2023-10-25,billing,closed,25,193,0
12690,319,2024-09-14,2024-09-14,bug,closed,37,163,0
12691,921,2024-04-25,2024-04-25,billing,closed,33,32,0
12692,192,2024-11-24,2024-11-24,billing,closed,3,165,0
12693,653,2024-05-25,2024-05-28,bug,closed,40,72,4320
12694,971,2024-01-11,2024-01-11,usage_question,closed,12,45,0
12695,298,2024-09-13,2024-09-14,bug,closed,38,168,1440
12696,1097,2024-09-22,2024-09-22,usage_question,closed,37,214,0
12697,1844,2024-03-14,2024-03-21,bug,closed,19,112,10080
12698,1640,2024-01-10,2024-01-14,usage_question,closed,47,217,5760
12699,926,2023-11-30,2023-12-06,feature_request,closed,3,227,8640
12700,409,2024-01-04,2024-01-04,bug,closed,18,127,0
12701,1978,2024-06-07,2024-06-07,feature_request,closed,37,178,0
12702,1958,2024-06-14,2024-06-19,billing,closed,8,175,7200
12703,1294,2024-09-22,2024-09-22,bug,closed,21,70,0
12704,652,2024-04-06,2024-04-06,usage_question,closed,14,227,0
12705,70,2023-11-26,2023-11-27,usage_question,closed,2,127,1440
12706,96,2024-05-27,2024-06-01,billing,closed,31,106,7200
12707,1771,2023-11-27,2023-11-27,usage_question,closed,13,213,0
12708,1444,2024-05-09,2024-05-09,usage_question,closed,11,211,0
12709,1343,2024-02-05,2024-02-09,usage_question,closed,35,171,5760
12710,494,2024-11-05,2024-11-07,bug,closed,11,144,2880
12711,570,2024-04-04,2024-04-04,bug,closed,42,148,0
12712,1577,2024-12-08,2024-12-13,usage_question,closed,14,26,7200
12713,1516,2024-04-14,2024-04-21,bug,closed,23,177,10080
12714,579,2024-01-03,2024-01-09,usage_question,closed,6,76,8640
12715,696,2024-05-30,2024-05-30,billing,closed,33,230,0
12716,164,2024-03-16,2024-03-21,billing,closed,39,64,7200
12717,1903,2024-09-19,2024-09-19,bug,closed,27,181,0
12718,1418,2024-11-09,2024-11-09,bug,closed,40,210,0
12719,486,2024-01-17,2024-01-17,billing,closed,8,175,0
12720,926,2024-09-17,2024-09-17,usage_question,closed,11,166,0
12721,1336,2024-06-13,2024-06-20,bug,closed,10,143,10080
12722,1091,2024-03-06,2024-03-06,other,closed,8,206,0
12723,1829,2024-02-23,2024-02-23,other,closed,16,197,0
12724,541,2024-09-21,2024-09-23,bug,closed,15,198,2880
12725,1594,2024-12-08,2024-12-08,usage_question,closed,21,173,0
12726,1713,2023-12-25,2023-12-25,bug,closed,39,174,0
12727,154,2024-05-24,2024-05-26,usage_question,closed,25,86,2880
12728,1725,2024-08-30,2024-09-03,usage_question,closed,10,115,5760
12729,129,2024-03-13,2024-03-13,other,closed,26,198,0
12730,27,2024-03-17,2024-03-17,usage_question,closed,46,115,0
12731,556,2024-12-13,2024-12-17,bug,closed,6,37,5760
12732,262,2024-12-11,2024-12-11,bug,closed,17,107,0
12733,104,2024-03-20,2024-03-24,other,closed,33,190,5760
12734,1227,2023-12-28,2023-12-28,billing,closed,24,172,0
12735,872,2024-09-11,2024-09-11,bug,closed,15,138,0
12736,1079,2024-05-16,2024-05-16,usage_question,closed,3,29,0
12737,1586,2024-10-17,2024-10-17,usage_question,closed,44,210,0
12738,48,2024-04-08,2024-04-09,usage_question,closed,49,60,1440
12739,1351,2024-08-26,2024-08-30,other,closed,50,207,5760
12740,1801,2024-07-21,2024-07-21,feature_request,closed,45,231,0
12741,1565,2024-09-30,2024-09-30,bug,closed,40,68,0
12742,254,2024-06-21,2024-06-21,usage_question,closed,13,234,0
12743,264,2023-06-03,2023-06-03,billing,closed,32,131,0
12744,1650,2024-09-22,2024-09-22,feature_request,closed,2,30,0
12745,187,2024-05-12,2024-05-13,usage_question,closed,25,238,1440
12746,1380,2023-12-31,2023-12-31,usage_question,closed,22,60,0
12747,69,2024-06-04,2024-06-04,feature_request,closed,16,174,0
12748,575,2023-11-09,2023-11-09,feature_request,closed,49,235,0
12749,292,2024-03-11,2024-03-11,feature_request,closed,12,169,0
12750,1742,2024-04-12,2024-04-13,other,closed,4,78,1440
12751,1119,2023-12-22,2023-12-24,feature_request,closed,36,144,2880
12752,1532,2024-06-29,2024-06-30,other,closed,11,90,1440
12753,1569,2024-09-02,2024-09-02,usage_question,closed,36,205,0
12754,538,2023-11-23,2023-11-23,bug,closed,24,181,0
12755,1979,2024-09-10,2024-09-10,bug,closed,17,134,0
12756,391,2024-10-19,2024-10-23,other,closed,24,228,5760
12757,1374,2024-04-07,2024-04-07,bug,closed,11,215,0
12758,1256,2024-10-26,2024-10-26,usage_question,closed,10,91,0
12759,1221,2024-10-12,2024-10-12,usage_question,closed,13,185,0
12760,506,2024-03-01,2024-03-01,billing,closed,25,122,0
12761,919,2024-08-26,2024-08-31,usage_question,closed,10,36,7200
12762,96,2024-05-11,2024-05-11,bug,closed,20,32,0
12763,1654,2023-11-18,2023-11-20,usage_question,closed,23,217,2880
12764,537,2023-12-03,2023-12-04,billing,closed,38,178,1440
12765,1639,2024-08-23,2024-08-26,bug,closed,36,193,4320
12766,1778,2023-09-06,2023-09-10,bug,closed,11,148,5760
12767,773,2024-10-31,2024-11-05,bug,closed,1,69,7200
12768,1031,2024-06-05,2024-06-05,usage_question,closed,33,221,0
12769,439,2024-11-06,2024-11-08,usage_question,closed,43,105,2880
12770,1444,2024-11-12,2024-11-12,feature_request,closed,48,180,0
12771,62,2024-09-05,2024-09-05,usage_question,closed,11,204,0
12772,1049,2024-05-13,2024-05-15,other,closed,2,90,2880
12773,630,2024-02-05,2024-02-10,bug,closed,3,100,7200
12774,1333,2024-09-10,2024-09-10,bug,closed,49,137,0
12775,648,2024-11-19,2024-11-24,usage_question,closed,14,31,7200
12776,1877,2024-12-01,2024-12-01,bug,closed,42,230,0
12777,1439,2024-10-19,2024-10-20,billing,closed,47,89,1440
12778,728,2024-09-18,2024-09-18,billing,closed,47,21,0
12779,1234,2024-12-03,2024-12-03,usage_question,closed,14,135,0
12780,500,2024-07-10,2024-07-10,other,closed,6,74,0
12781,1608,2024-05-21,2024-05-27,feature_request,closed,34,197,8640
12782,443,2024-11-16,2024-11-19,bug,closed,20,119,4320
12783,279,2024-06-18,2024-06-18,bug,closed,24,91,0
12784,1680,2023-04-22,2023-04-28,usage_question,closed,31,162,8640
12785,389,2023-10-24,2023-10-26,usage_question,closed,5,178,2880
12786,233,2024-04-23,2024-04-23,usage_question,closed,47,110,0
12787,1227,2023-12-23,2023-12-23,billing,closed,1,213,0
12788,1,2024-11-10,2024-11-10,billing,closed,46,114,0
12789,1482,2024-03-31,2024-04-04,usage_question,closed,50,214,5760
12790,780,2023-09-29,2023-09-29,bug,closed,49,23,0
12791,416,2024-11-09,2024-11-09,feature_request,closed,6,185,0
12792,1483,2024-10-20,2024-10-20,feature_request,closed,42,84,0
12793,1693,2024-12-20,2024-12-20,other,closed,45,83,0
12794,358,2023-07-24,2023-07-24,usage_question,closed,24,233,0
12795,423,2024-04-30,2024-05-03,usage_question,closed,4,89,4320
12796,713,2024-02-04,2024-02-06,billing,closed,29,173,2880
12797,1276,2024-09-25,2024-09-25,feature_request,closed,38,210,0
12798,1236,2024-06-28,2024-06-30,bug,closed,33,150,2880
12799,480,2024-07-24,2024-07-28,bug,closed,36,216,5760
12800,451,2024-12-18,2024-12-18,bug,closed,30,204,0
12801,1247,2024-11-14,2024-11-14,other,closed,2,179,0
12802,1247,2024-04-16,2024-04-16,bug,closed,27,198,0
12803,274,2024-10-22,2024-10-28,billing,closed,40,185,8640
12804,340,2024-12-08,2024-12-08,billing,closed,18,90,0
12805,1911,2024-04-09,2024-04-16,usage_question,closed,45,188,10080
12806,394,2023-11-22,2023-11-22,usage_question,closed,19,111,0
12807,648,2024-07-01,2024-07-01,usage_question,closed,34,226,0
12808,878,2024-11-09,2024-11-09,usage_question,closed,6,46,0
12809,677,2024-12-08,2024-12-11,feature_request,closed,44,79,4320
12810,1070,2024-01-13,2024-01-18,bug,closed,26,220,7200
12811,1532,2024-11-06,2024-11-06,bug,closed,12,167,0
12812,1383,2024-02-17,2024-02-19,bug,closed,12,96,2880
12813,1350,2023-03-08,2023-03-15,usage_question,closed,30,236,10080
12814,977,2023-12-08,2023-12-08,bug,closed,13,95,0
12815,387,2024-01-27,2024-02-01,usage_question,closed,39,179,7200
12816,1632,2024-05-04,2024-05-07,usage_question,closed,16,36,4320
12817,1615,2024-08-13,2024-08-13,bug,closed,13,135,0
12818,1175,2023-08-12,2023-08-17,bug,closed,10,128,7200
12819,1009,2024-06-21,2024-06-21,bug,closed,43,195,0
12820,1992,2024-12-25,2024-12-31,usage_question,closed,49,111,8640
12821,1125,2024-12-24,2024-12-29,other,closed,14,86,7200
12822,756,2024-06-07,2024-06-10,other,closed,7,19,4320
12823,628,2024-08-31,2024-08-31,bug,closed,32,210,0
12824,758,2024-03-22,2024-03-22,other,closed,16,102,0
12825,1454,2024-12-04,2024-12-04,usage_question,closed,3,182,0
12826,70,2024-12-26,2024-12-26,bug,closed,14,210,0
12827,1296,2024-09-20,2024-09-25,usage_question,closed,34,93,7200
12828,115,2024-01-17,2024-01-17,feature_request,closed,9,52,0
12829,1223,2024-10-27,2024-10-31,bug,closed,2,139,5760
12830,242,2024-03-23,2024-03-28,usage_question,closed,50,123,7200
12831,1126,2024-08-18,2024-08-20,feature_request,closed,37,220,2880
12832,1364,2024-04-11,2024-04-11,bug,closed,24,21,0
12833,1903,2024-11-22,2024-11-22,feature_request,closed,45,19,0
12834,345,2024-03-09,2024-03-09,usage_question,closed,47,47,0
12835,805,2024-07-12,2024-07-18,other,closed,49,183,8640
12836,251,2024-10-18,2024-10-18,feature_request,closed,23,162,0
12837,1725,2024-02-26,2024-02-26,usage_question,closed,42,125,0
12838,1420,2024-07-18,2024-07-24,other,closed,17,74,8640
12839,1036,2024-12-14,2024-12-14,feature_request,closed,13,20,0
12840,1588,2024-12-14,2024-12-17,bug,closed,8,48,4320
12841,1304,2024-09-01,2024-09-07,bug,closed,38,164,8640
12842,1457,2024-07-21,2024-07-26,bug,closed,21,55,7200
12843,209,2024-10-14,2024-10-19,usage_question,closed,50,47,7200
12844,1567,2024-08-24,2024-08-24,usage_question,closed,29,218,0
12845,532,2024-03-03,2024-03-09,usage_question,closed,47,123,8640
12846,1781,2024-06-23,2024-06-23,billing,closed,33,185,0
12847,262,2024-02-28,2024-03-05,usage_question,closed,47,196,8640
12848,233,2024-06-19,2024-06-21,bug,closed,2,231,2880
12849,1511,2024-05-13,2024-05-18,other,closed,35,21,7200
12850,776,2024-05-31,2024-06-03,feature_request,closed,14,184,4320
12851,922,2024-03-25,2024-03-25,usage_question,closed,3,156,0
12852,1599,2023-12-04,2023-12-07,other,closed,9,55,4320
12853,1448,2024-05-24,2024-05-24,other,closed,6,222,0
12854,1079,2024-06-08,2024-06-08,other,closed,37,45,0
12855,1733,2023-12-28,2024-01-03,bug,closed,38,174,8640
12856,979,2024-05-14,2024-05-20,bug,closed,10,38,8640
12857,668,2024-05-03,2024-05-03,other,closed,38,95,0
12858,422,2024-02-20,2024-02-20,billing,closed,15,230,0
12859,215,2024-03-06,2024-03-06,feature_request,closed,5,18,0
12860,1041,2024-11-12,2024-11-13,usage_question,closed,20,86,1440
12861,866,2024-05-14,2024-05-17,bug,closed,19,35,4320
12862,214,2023-10-24,2023-10-27,usage_question,closed,10,162,4320
12863,487,2024-06-13,2024-06-17,usage_question,closed,10,185,5760
12864,1022,2024-09-18,2024-09-20,billing,closed,16,146,2880
12865,86,2024-01-05,2024-01-10,usage_question,closed,4,198,7200
12866,1473,2024-11-24,2024-11-24,feature_request,closed,34,60,0
12867,333,2024-08-13,2024-08-13,bug,closed,32,195,0
12868,800,2024-11-21,2024-11-26,billing,closed,17,219,7200
12869,1305,2024-05-26,2024-05-26,bug,closed,4,77,0
12870,561,2024-11-29,2024-12-01,billing,closed,38,204,2880
12871,296,2024-10-19,2024-10-24,usage_question,closed,37,146,7200
12872,1153,2024-06-16,2024-06-16,bug,closed,2,40,0
12873,396,2024-08-15,2024-08-19,bug,closed,18,50,5760
12874,395,2023-10-17,2023-10-17,usage_question,closed,21,35,0
12875,1012,2024-08-08,2024-08-12,bug,closed,7,101,5760
12876,200,2024-06-18,2024-06-18,billing,closed,24,195,0
12877,1559,2024-11-25,2024-11-30,usage_question,closed,44,169,7200
12878,74,2024-05-21,2024-05-26,billing,closed,43,184,7200
12879,1583,2024-11-08,2024-11-08,bug,closed,39,227,0
12880,771,2024-10-07,2024-10-07,bug,closed,24,172,0
12881,1101,2024-01-18,2024-01-25,bug,closed,42,197,10080
12882,1001,2024-07-27,2024-07-27,billing,closed,50,121,0
12883,1441,2024-01-02,2024-01-09,bug,closed,32,171,10080
12884,341,2024-10-09,2024-10-09,other,closed,32,35,0
12885,1301,2024-12-29,2024-12-29,usage_question,closed,6,110,0
12886,766,2024-10-22,2024-10-25,usage_question,closed,2,138,4320
12887,1658,2023-10-26,2023-10-26,billing,closed,42,155,0
12888,399,2024-11-29,2024-11-29,bug,closed,9,63,0
12889,77,2024-06-25,2024-06-25,bug,closed,46,153,0
12890,1084,2024-04-02,2024-04-02,bug,closed,46,200,0
12891,411,2024-04-30,2024-05-07,bug,closed,13,183,10080
12892,313,2024-12-26,2024-12-27,usage_question,closed,42,234,1440
12893,1086,2024-02-09,2024-02-09,bug,closed,36,40,0
12894,1762,2024-06-04,2024-06-04,usage_question,closed,4,62,0
12895,1010,2024-04-04,2024-04-06,bug,closed,45,66,2880
12896,774,2024-07-08,2024-07-12,bug,closed,13,20,5760
12897,1280,2024-06-22,2024-06-22,bug,closed,49,80,0
12898,1743,2024-07-24,2024-07-27,bug,closed,40,128,4320
12899,949,2024-08-05,2024-08-06,other,closed,46,229,1440
12900,890,2024-07-26,2024-08-01,other,closed,26,97,8640
12901,61,2024-12-14,2024-12-14,usage_question,closed,25,118,0
12902,877,2024-01-29,2024-01-29,usage_question,closed,20,51,0
12903,963,2024-06-26,2024-06-26,bug,closed,10,88,0
12904,1752,2024-07-24,2024-07-24,feature_request,closed,10,223,0
12905,1617,2024-06-04,2024-06-05,billing,closed,20,89,1440
12906,128,2023-09-09,2023-09-14,feature_request,closed,45,154,7200
12907,990,2023-09-20,2023-09-26,usage_question,closed,35,133,8640
12908,1098,2024-07-29,2024-07-29,other,closed,26,132,0
12909,88,2024-05-21,2024-05-21,usage_question,closed,4,53,0
12910,1594,2023-11-28,2023-12-04,usage_question,closed,33,44,8640
12911,562,2024-07-05,2024-07-05,other,closed,26,179,0
12912,1039,2024-03-04,2024-03-04,billing,closed,16,74,0
12913,1122,2024-06-01,2024-06-01,other,closed,8,196,0
12914,562,2024-12-01,2024-12-01,other,closed,3,28,0
12915,897,2024-06-28,2024-07-05,bug,closed,47,210,10080
12916,407,2024-04-24,2024-04-24,bug,closed,21,45,0
12917,1203,2024-07-17,2024-07-17,bug,closed,33,47,0
12918,1535,2024-06-11,2024-06-11,other,closed,40,92,0
12919,688,2024-11-23,2024-11-23,feature_request,closed,20,57,0
12920,1363,2023-11-21,2023-11-25,bug,closed,30,121,5760
12921,1117,2024-11-11,2024-11-11,feature_request,closed,1,223,0
12922,828,2023-08-08,2023-08-08,usage_question,closed,9,49,0
12923,890,2024-11-18,2024-11-18,other,closed,14,90,0
12924,1876,2024-12-21,2024-12-23,usage_question,closed,32,45,2880
12925,1317,2024-04-04,2024-04-04,bug,closed,16,191,0
12926,1130,2024-03-18,2024-03-21,feature_request,closed,26,114,4320
12927,749,2024-05-19,2024-05-19,bug,closed,35,63,0
12928,755,2024-12-29,2024-12-29,usage_question,closed,23,38,0
12929,1377,2024-12-18,2024-12-18,feature_request,closed,9,67,0
12930,98,2024-02-07,2024-02-07,feature_request,closed,7,40,0
12931,1112,2024-12-17,2024-12-23,usage_question,closed,47,29,8640
12932,1075,2024-02-03,2024-02-05,usage_question,closed,23,197,2880
12933,1484,2024-07-02,2024-07-07,bug,closed,12,227,7200
12934,525,2023-12-23,2023-12-23,bug,closed,30,18,0
12935,1512,2024-08-04,2024-08-04,billing,closed,33,204,0
12936,1096,2024-01-06,2024-01-06,feature_request,closed,13,104,0
12937,454,2024-03-11,2024-03-18,bug,closed,26,130,10080
12938,245,2024-07-23,2024-07-23,other,closed,12,148,0
12939,1143,2023-08-18,2023-08-25,feature_request,closed,39,62,10080
12940,952,2024-06-03,2024-06-07,usage_question,closed,38,115,5760
12941,455,2024-02-24,2024-02-24,usage_question,closed,31,132,0
12942,1876,2024-10-20,2024-10-20,usage_question,closed,46,126,0
12943,1389,2024-01-29,2024-01-29,other,closed,14,88,0
12944,1237,2024-09-16,2024-09-16,usage_question,closed,16,237,0
12945,721,2024-04-24,2024-04-27,billing,closed,9,141,4320
12946,1632,2024-08-26,2024-08-31,usage_question,closed,23,139,7200
12947,399,2024-11-07,2024-11-13,usage_question,closed,23,53,8640
12948,1546,2024-10-14,2024-10-17,feature_request,closed,23,151,4320
12949,1217,2024-07-25,2024-07-31,feature_request,closed,4,204,8640
12950,209,2024-07-21,2024-07-28,bug,closed,38,167,10080
12951,1189,2024-06-12,2024-06-13,billing,closed,21,133,1440
12952,1738,2024-08-02,2024-08-02,usage_question,closed,38,82,0
12953,891,2023-11-04,2023-11-06,bug,closed,3,159,2880
12954,659,2024-05-15,2024-05-17,feature_request,closed,37,104,2880
12955,332,2024-04-11,2024-04-11,usage_question,closed,15,94,0
12956,1664,2024-05-15,2024-05-15,bug,closed,31,58,0
12957,1371,2024-12-23,2024-12-29,usage_question,closed,50,129,8640
12958,1600,2024-03-31,2024-04-07,bug,closed,33,179,10080
12959,1597,2024-09-26,2024-10-01,usage_question,closed,11,39,7200
12960,1199,2023-11-28,2023-11-28,bug,closed,40,191,0
12961,1367,2023-12-28,2023-12-28,usage_question,closed,40,171,0
12962,1109,2024-08-02,2024-08-02,feature_request,closed,14,77,0
12963,876,2024-12-15,2024-12-22,billing,closed,33,207,10080
12964,1353,2024-10-30,2024-11-05,usage_question,closed,49,147,8640
12965,503,2023-12-23,2023-12-25,billing,closed,24,162,2880
12966,1776,2024-08-07,2024-08-11,bug,closed,15,70,5760
12967,578,2024-07-26,2024-07-30,bug,closed,6,125,5760
12968,1656,2024-04-20,2024-04-27,feature_request,closed,22,204,10080
12969,1072,2024-04-07,2024-04-07,billing,closed,6,77,0
12970,452,2024-09-30,2024-10-07,usage_question,closed,2,114,10080
12971,1979,2024-07-05,2024-07-10,usage_question,closed,14,49,7200
12972,1338,2024-10-18,2024-10-25,usage_question,closed,42,26,10080
12973,1236,2024-06-09,2024-06-09,feature_request,closed,23,112,0
12974,1389,2024-04-19,2024-04-20,usage_question,closed,33,40,1440
12975,158,2024-12-09,2024-12-09,other,closed,24,133,0
12976,543,2024-10-05,2024-10-05,usage_question,closed,32,57,0
12977,1031,2024-01-12,2024-01-16,usage_question,closed,30,67,5760
12978,628,2023-10-14,2023-10-14,bug,closed,38,23,0
12979,1566,2024-06-23,2024-06-23,bug,closed,31,197,0
12980,264,2024-08-20,2024-08-20,billing,closed,45,90,0
12981,1954,2024-01-17,2024-01-17,billing,closed,20,153,0
12982,736,2024-12-20,2024-12-20,bug,closed,19,40,0
12983,381,2024-10-25,2024-10-25,feature_request,closed,4,136,0
12984,370,2023-05-19,2023-05-19,usage_question,closed,21,81,0
12985,754,2024-07-16,2024-07-16,usage_question,closed,45,220,0
12986,166,2023-12-10,2023-12-15,usage_question,closed,45,162,7200
12987,161,2024-06-11,2024-06-17,bug,closed,36,168,8640
12988,632,2023-11-20,2023-11-20,usage_question,closed,15,125,0
12989,1660,2024-04-15,2024-04-16,bug,closed,4,187,1440
12990,889,2024-05-04,2024-05-04,usage_question,closed,31,185,0
12991,1062,2023-10-07,2023-10-07,bug,closed,30,232,0
12992,601,2024-10-15,2024-10-22,bug,closed,38,91,10080
12993,1127,2023-11-27,2023-12-03,usage_question,closed,47,123,8640
12994,193,2024-02-21,2024-02-21,usage_question,closed,24,228,0
12995,1343,2024-05-05,2024-05-11,other,closed,37,181,8640
12996,131,2023-11-30,2023-12-01,usage_question,closed,29,151,1440
12997,1264,2024-05-08,2024-05-08,feature_request,closed,29,224,0
12998,1156,2024-11-02,2024-11-09,other,closed,50,194,10080
12999,1392,2024-11-12,2024-11-13,other,closed,17,76,1440
13000,1644,2024-06-03,2024-06-05,other,closed,39,236,2880
13001,862,2024-06-14,2024-06-14,usage_question,closed,46,189,0
13002,722,2024-04-04,2024-04-04,bug,closed,13,159,0
13003,726,2024-05-09,2024-05-09,other,closed,22,230,0
13004,845,2024-01-29,2024-02-03,usage_question,closed,49,32,7200
13005,19,2024-12-26,2024-12-26,bug,closed,11,178,0
13006,1915,2024-11-17,2024-11-17,bug,closed,33,55,0
13007,1403,2024-04-26,2024-04-29,usage_question,closed,49,229,4320
13008,1879,2024-10-12,2024-10-19,usage_question,closed,30,122,10080
13009,947,2024-10-14,2024-10-21,feature_request,closed,6,167,10080
13010,1286,2024-08-09,2024-08-09,bug,closed,27,56,0
13011,1959,2024-02-13,2024-02-13,bug,closed,38,152,0
13012,1736,2023-08-20,2023-08-26,bug,closed,36,92,8640
13013,861,2024-10-22,2024-10-22,bug,closed,25,56,0
13014,1670,2024-06-10,2024-06-10,feature_request,closed,7,40,0
13015,1536,2024-12-23,2024-12-23,usage_question,closed,35,105,0
13016,1509,2024-04-21,2024-04-25,usage_question,closed,47,44,5760
13017,1636,2024-02-26,2024-02-29,bug,closed,1,234,4320
13018,1465,2023-08-31,2023-09-02,other,closed,30,160,2880
13019,350,2024-08-23,2024-08-28,feature_request,closed,16,218,7200
13020,557,2024-02-18,2024-02-20,feature_request,closed,45,90,2880
13021,1204,2024-12-06,2024-12-11,usage_question,closed,10,132,7200
13022,1392,2024-01-16,2024-01-17,usage_question,closed,14,206,1440
13023,221,2023-08-06,2023-08-12,feature_request,closed,8,49,8640
13024,1880,2024-05-30,2024-05-30,other,closed,18,202,0
13025,1842,2023-11-22,2023-11-22,bug,closed,10,119,0
13026,1554,2024-11-13,2024-11-16,usage_question,closed,23,150,4320
13027,1734,2024-12-07,2024-12-07,bug,closed,46,143,0
13028,1945,2024-09-14,2024-09-15,usage_question,closed,49,87,1440
13029,1949,2024-02-21,2024-02-21,billing,closed,50,128,0
13030,806,2024-06-13,2024-06-18,usage_question,closed,30,148,7200
13031,1218,2023-10-27,2023-10-27,other,closed,17,151,0
13032,93,2024-09-18,2024-09-18,feature_request,closed,49,185,0
13033,1947,2024-12-27,2024-12-27,other,closed,16,186,0
13034,786,2024-12-08,2024-12-08,bug,closed,50,157,0
13035,1748,2024-09-26,2024-09-30,usage_question,closed,38,181,5760
13036,1491,2024-08-10,2024-08-10,usage_question,closed,31,150,0
13037,266,2024-09-12,2024-09-12,usage_question,closed,49,147,0
13038,46,2024-06-05,2024-06-09,billing,closed,38,155,5760
13039,99,2024-07-09,2024-07-09,bug,closed,47,15,0
13040,1822,2024-04-18,2024-04-25,bug,closed,50,238,10080
13041,934,2024-06-15,2024-06-21,feature_request,closed,30,153,8640
13042,1916,2024-01-10,2024-01-10,bug,closed,12,24,0
13043,726,2024-12-08,2024-12-08,usage_question,closed,21,226,0
13044,1620,2024-07-08,2024-07-14,other,closed,15,227,8640
13045,1191,2024-06-24,2024-06-24,bug,closed,37,224,0
13046,1427,2024-02-14,2024-02-20,feature_request,closed,30,111,8640
13047,508,2024-04-02,2024-04-02,usage_question,closed,48,86,0
13048,1859,2024-11-02,2024-11-02,feature_request,closed,27,86,0
13049,870,2024-12-21,2024-12-21,usage_question,closed,38,192,0
13050,366,2024-11-28,2024-11-29,billing,closed,11,50,1440
13051,592,2024-10-11,2024-10-11,other,closed,48,41,0
13052,1564,2024-03-27,2024-03-27,bug,closed,9,43,0
13053,1615,2024-09-24,2024-09-30,usage_question,closed,26,115,8640
13054,1214,2024-10-01,2024-10-01,usage_question,closed,26,200,0
13055,1352,2024-12-06,2024-12-06,usage_question,closed,7,111,0
13056,979,2024-04-16,2024-04-17,billing,closed,33,223,1440
13057,475,2024-12-26,2024-12-26,other,closed,50,86,0
13058,770,2024-05-24,2024-05-24,billing,closed,19,91,0
13059,253,2023-11-03,2023-11-03,billing,closed,44,224,0
13060,309,2024-10-29,2024-11-01,billing,closed,15,64,4320
13061,850,2024-03-24,2024-03-24,feature_request,closed,35,133,0
13062,1462,2024-07-21,2024-07-21,feature_request,closed,14,137,0
13063,119,2024-05-23,2024-05-24,bug,closed,11,219,1440
13064,186,2024-03-07,2024-03-12,bug,closed,19,225,7200
13065,1435,2024-11-15,2024-11-15,billing,closed,10,97,0
13066,795,2024-07-14,2024-07-14,usage_question,closed,22,48,0
13067,1379,2024-05-28,2024-05-28,feature_request,closed,48,126,0
13068,1067,2024-09-11,2024-09-11,usage_question,closed,18,129,0
13069,10,2024-08-12,2024-08-14,bug,closed,36,26,2880
13070,1112,2024-01-01,2024-01-01,bug,closed,16,46,0
13071,628,2024-07-18,2024-07-18,usage_question,closed,45,56,0
13072,1852,2024-04-04,2024-04-04,usage_question,closed,26,45,0
13073,749,2024-08-03,2024-08-05,usage_question,closed,10,49,2880
13074,913,2024-12-12,2024-12-17,feature_request,closed,40,187,7200
13075,1802,2024-05-05,2024-05-05,billing,closed,9,95,0
13076,109,2023-12-16,2023-12-17,usage_question,closed,25,66,1440
13077,633,2024-02-17,2024-02-17,bug,closed,11,191,0
13078,1919,2024-06-12,2024-06-12,bug,closed,48,103,0
13079,1023,2024-05-10,2024-05-10,feature_request,closed,33,237,0
13080,1659,2024-05-30,2024-05-30,bug,closed,32,198,0
13081,382,2024-10-15,2024-10-15,usage_question,closed,34,190,0
13082,37,2024-12-05,2024-12-09,usage_question,closed,26,175,5760
13083,1955,2024-08-20,2024-08-20,feature_request,closed,34,62,0
13084,117,2024-05-29,2024-05-29,billing,closed,25,75,0
13085,363,2024-09-24,2024-09-24,usage_question,closed,27,183,0
13086,687,2024-06-12,2024-06-12,other,closed,29,78,0
13087,130,2024-10-19,2024-10-19,usage_question,closed,34,55,0
13088,1924,2024-01-11,2024-01-11,bug,closed,19,209,0
13089,1889,2024-08-24,2024-08-29,usage_question,closed,14,190,7200
13090,918,2023-12-31,2024-01-06,usage_question,closed,6,89,8640
13091,737,2024-06-09,2024-06-13,bug,closed,23,180,5760
13092,1978,2024-01-28,2024-02-02,bug,closed,11,135,7200
13093,1326,2024-06-27,2024-06-27,feature_request,closed,17,26,0
13094,795,2023-09-11,2023-09-12,bug,closed,36,55,1440
13095,246,2024-07-10,2024-07-15,bug,closed,44,63,7200
13096,1164,2024-05-08,2024-05-10,feature_request,closed,16,172,2880
13097,1515,2024-08-31,2024-08-31,bug,closed,17,26,0
13098,1701,2024-07-18,2024-07-18,bug,closed,47,189,0
13099,1691,2024-11-14,2024-11-18,usage_question,closed,4,150,5760
13100,1767,2024-08-29,2024-08-29,other,closed,37,25,0
13101,1094,2023-12-05,2023-12-11,bug,closed,26,77,8640
13102,1306,2024-08-20,2024-08-25,usage_question,closed,6,214,7200
13103,1816,2024-08-25,2024-08-25,usage_question,closed,23,54,0
13104,372,2024-07-01,2024-07-03,bug,closed,14,86,2880
13105,686,2024-09-18,2024-09-25,bug,closed,38,85,10080
13106,187,2024-07-09,2024-07-15,usage_question,closed,7,201,8640
13107,1544,2024-10-29,2024-11-04,bug,closed,17,45,8640
13108,16,2023-10-04,2023-10-06,bug,closed,21,234,2880
13109,1594,2024-09-12,2024-09-17,usage_question,closed,5,183,7200
13110,1170,2024-07-03,2024-07-03,bug,closed,48,83,0
13111,190,2024-09-10,2024-09-11,other,closed,8,40,1440
13112,1737,2024-07-07,2024-07-07,other,closed,26,80,0
13113,171,2024-10-18,2024-10-18,bug,closed,27,23,0
13114,212,2024-12-07,2024-12-12,feature_request,closed,18,131,7200
13115,1072,2024-05-07,2024-05-12,bug,closed,38,194,7200
13116,498,2024-10-27,2024-10-28,usage_question,closed,3,209,1440
13117,339,2024-07-01,2024-07-06,bug,closed,14,201,7200
13118,731,2024-01-02,2024-01-05,bug,closed,19,193,4320
13119,895,2024-06-30,2024-06-30,feature_request,closed,11,171,0
13120,198,2024-12-21,2024-12-26,usage_question,closed,4,57,7200
13121,238,2024-03-02,2024-03-02,usage_question,closed,11,51,0
13122,663,2024-05-08,2024-05-08,other,closed,31,151,0
13123,1652,2024-05-29,2024-05-30,feature_request,closed,16,151,1440
13124,1666,2024-03-07,2024-03-07,bug,closed,20,184,0
13125,1900,2024-12-13,2024-12-16,billing,closed,7,42,4320
13126,62,2023-08-17,2023-08-18,usage_question,closed,26,134,1440
13127,274,2024-09-02,2024-09-02,other,closed,48,200,0
13128,853,2024-01-26,2024-01-26,bug,closed,12,152,0
13129,1574,2023-09-17,2023-09-22,bug,closed,40,224,7200
13130,841,2023-11-20,2023-11-20,bug,closed,50,192,0
13131,1083,2024-11-09,2024-11-10,feature_request,closed,3,159,1440
13132,15,2024-10-22,2024-10-22,usage_question,closed,26,53,0
13133,214,2023-09-24,2023-09-24,bug,closed,13,228,0
13134,72,2024-05-15,2024-05-22,feature_request,closed,19,50,10080
13135,171,2024-09-07,2024-09-10,usage_question,closed,44,177,4320
13136,546,2024-02-09,2024-02-11,usage_question,closed,10,141,2880
13137,573,2024-05-31,2024-05-31,usage_question,closed,44,50,0
13138,532,2024-07-21,2024-07-21,bug,closed,13,172,0
13139,1681,2024-04-24,2024-04-24,other,closed,1,87,0
13140,910,2024-03-09,2024-03-14,usage_question,closed,48,57,7200
13141,973,2024-12-10,2024-12-10,bug,closed,30,145,0
13142,391,2024-10-12,2024-10-17,bug,closed,24,240,7200
13143,1549,2024-04-04,2024-04-04,usage_question,closed,18,55,0
13144,878,2024-11-29,2024-12-03,bug,closed,17,157,5760
13145,341,2024-09-30,2024-10-07,bug,closed,40,236,10080
13146,974,2024-02-23,2024-02-23,usage_question,closed,14,150,0
13147,1308,2024-03-05,2024-03-05,bug,closed,39,231,0
13148,636,2024-07-15,2024-07-17,bug,closed,12,175,2880
13149,513,2024-03-20,2024-03-20,usage_question,closed,17,76,0
13150,821,2024-12-28,2024-12-28,bug,closed,40,41,0
13151,92,2024-02-25,2024-02-25,feature_request,closed,10,100,0
13152,246,2024-10-29,2024-10-29,usage_question,closed,36,25,0
13153,917,2023-05-30,2023-05-30,feature_request,closed,30,234,0
13154,492,2024-12-10,2024-12-11,bug,closed,16,65,1440
13155,1040,2024-04-13,2024-04-13,bug,closed,7,141,0
13156,1111,2024-04-24,2024-04-27,usage_question,closed,17,19,4320
13157,66,2024-04-07,2024-04-08,feature_request,closed,20,128,1440
13158,811,2024-03-01,2024-03-01,other,closed,8,207,0
13159,443,2024-05-11,2024-05-11,usage_question,closed,44,48,0
13160,958,2024-02-01,2024-02-04,usage_question,closed,24,240,4320
13161,649,2024-09-26,2024-09-26,bug,closed,2,100,0
13162,1784,2024-06-29,2024-06-29,bug,closed,39,117,0
13163,358,2023-12-22,2023-12-25,usage_question,closed,19,199,4320
13164,1186,2024-01-14,2024-01-20,usage_question,closed,34,139,8640
13165,504,2024-08-16,2024-08-16,usage_question,closed,27,239,0
13166,892,2024-06-03,2024-06-03,usage_question,closed,45,222,0
13167,1308,2024-10-31,2024-11-06,bug,closed,19,41,8640
13168,994,2024-12-14,2024-12-17,feature_request,closed,46,146,4320
13169,1095,2024-11-30,2024-12-01,bug,closed,19,157,1440
13170,757,2023-08-22,2023-08-22,other,closed,44,197,0
13171,1947,2024-02-09,2024-02-16,other,closed,42,39,10080
13172,1143,2024-01-31,2024-01-31,bug,closed,3,203,0
13173,1929,2024-12-18,2024-12-20,usage_question,closed,32,40,2880
13174,1312,2024-11-05,2024-11-05,usage_question,closed,6,182,0
13175,953,2024-06-16,2024-06-23,usage_question,closed,2,113,10080
13176,1069,2024-07-22,2024-07-22,usage_question,closed,13,143,0
13177,1402,2024-07-15,2024-07-15,bug,closed,1,83,0
13178,727,2024-06-22,2024-06-26,usage_question,closed,37,26,5760
13179,353,2024-12-26,2024-12-26,bug,closed,27,234,0
13180,733,2023-12-26,2023-12-26,feature_request,closed,46,215,0
13181,473,2024-04-07,2024-04-07,other,closed,5,87,0
13182,785,2024-05-15,2024-05-19,bug,closed,46,215,5760
13183,825,2023-12-30,2024-01-06,bug,closed,27,109,10080
13184,1387,2024-11-30,2024-12-01,bug,closed,49,186,1440
13185,1698,2024-12-15,2024-12-15,other,closed,18,202,0
13186,828,2024-12-20,2024-12-23,other,closed,34,63,4320
13187,355,2024-03-28,2024-03-28,usage_question,closed,3,93,0
13188,377,2024-02-07,2024-02-07,other,closed,1,234,0
13189,12,2023-11-23,2023-11-23,bug,closed,11,99,0
13190,454,2024-04-26,2024-04-26,usage_question,closed,13,145,0
13191,1194,2024-06-25,2024-06-25,other,closed,7,51,0
13192,538,2024-12-23,2024-12-23,feature_request,closed,29,50,0
13193,346,2024-12-16,2024-12-23,usage_question,closed,26,134,10080
13194,518,2024-01-16,2024-01-23,usage_question,closed,12,163,10080
13195,1777,2024-01-04,2024-01-04,usage_question,closed,4,78,0
13196,938,2024-05-19,2024-05-25,bug,closed,22,101,8640
13197,357,2024-12-12,2024-12-12,other,closed,46,56,0
13198,575,2024-10-17,2024-10-19,bug,closed,38,193,2880
13199,424,2023-11-13,2023-11-14,bug,closed,44,111,1440
13200,1583,2024-01-09,2024-01-09,usage_question,closed,14,170,0
13201,1466,2023-07-14,2023-07-21,usage_question,closed,26,35,10080
13202,1693,2024-12-23,2024-12-23,bug,closed,9,85,0
13203,1436,2024-05-09,2024-05-09,usage_question,closed,18,119,0
13204,1430,2024-09-13,2024-09-19,usage_question,closed,44,55,8640
13205,986,2023-09-03,2023-09-03,feature_request,closed,12,55,0
13206,930,2023-12-24,2023-12-24,feature_request,closed,31,234,0
13207,1527,2024-09-02,2024-09-02,usage_question,closed,20,108,0
13208,1107,2023-11-27,2023-12-01,billing,closed,42,157,5760
13209,924,2023-12-19,2023-12-21,usage_question,closed,22,47,2880
13210,1528,2024-03-02,2024-03-05,billing,closed,33,127,4320
13211,115,2024-04-10,2024-04-10,bug,closed,13,179,0
13212,426,2023-09-16,2023-09-19,feature_request,closed,42,98,4320
13213,1056,2024-04-09,2024-04-09,other,closed,50,176,0
13214,484,2023-07-26,2023-08-01,bug,closed,12,112,8640
13215,691,2023-12-02,2023-12-05,other,closed,6,112,4320
13216,331,2024-05-21,2024-05-26,bug,closed,16,160,7200
13217,1832,2024-02-28,2024-02-28,usage_question,closed,14,190,0
13218,940,2024-05-19,2024-05-19,usage_question,closed,48,106,0
13219,1077,2024-03-28,2024-03-31,billing,closed,50,96,4320
13220,26,2024-05-03,2024-05-09,usage_question,closed,39,42,8640
13221,268,2024-02-20,2024-02-20,bug,closed,9,139,0
13222,1145,2024-09-14,2024-09-15,usage_question,closed,34,218,1440
13223,1678,2024-07-30,2024-08-06,bug,closed,36,85,10080
13224,204,2024-05-12,2024-05-12,bug,closed,8,96,0
13225,1497,2024-05-31,2024-06-03,feature_request,closed,36,182,4320
13226,1720,2024-03-10,2024-03-14,usage_question,closed,18,89,5760
13227,1178,2024-10-22,2024-10-22,usage_question,closed,47,70,0
13228,502,2024-09-29,2024-09-29,bug,closed,19,201,0
13229,1912,2024-11-19,2024-11-25,bug,closed,46,206,8640
13230,996,2024-08-12,2024-08-14,usage_question,closed,48,37,2880
13231,1805,2024-02-17,2024-02-17,other,closed,17,36,0
13232,18,2024-06-25,2024-06-25,usage_question,closed,30,21,0
13233,1839,2024-08-17,2024-08-17,feature_request,closed,43,138,0
13234,750,2024-07-17,2024-07-17,usage_question,closed,31,114,0
13235,541,2024-06-20,2024-06-20,bug,closed,45,203,0
13236,789,2024-08-26,2024-08-29,usage_question,closed,50,91,4320
13237,966,2023-07-20,2023-07-20,bug,closed,34,178,0
13238,609,2024-02-03,2024-02-03,usage_question,closed,47,133,0
13239,1154,2024-11-03,2024-11-06,usage_question,closed,18,90,4320
13240,1554,2024-08-27,2024-08-27,bug,closed,23,73,0
13241,1430,2024-12-23,2024-12-26,bug,closed,27,75,4320
13242,1864,2024-07-26,2024-07-28,bug,closed,25,224,2880
13243,1367,2024-05-19,2024-05-26,feature_request,closed,42,229,10080
13244,1920,2024-10-22,2024-10-23,other,closed,34,71,1440
13245,364,2024-12-28,2024-12-30,feature_request,closed,45,86,2880
13246,1514,2024-12-20,2024-12-20,other,closed,21,84,0
13247,1005,2024-07-11,2024-07-11,bug,closed,15,88,0
13248,869,2024-05-05,2024-05-12,bug,closed,24,36,10080
13249,799,2023-12-21,2023-12-23,bug,closed,16,113,2880
13250,428,2023-12-18,2023-12-18,usage_question,closed,6,190,0
13251,1925,2024-03-26,2024-04-02,billing,closed,13,99,10080
13252,447,2023-11-19,2023-11-20,billing,closed,50,17,1440
13253,1208,2024-10-16,2024-10-16,billing,closed,18,168,0
13254,1989,2024-04-05,2024-04-05,bug,closed,33,20,0
13255,1929,2024-02-20,2024-02-20,bug,closed,26,117,0
13256,419,2024-10-23,2024-10-30,billing,closed,46,18,10080
13257,1146,2024-10-11,2024-10-11,usage_question,closed,34,208,0
13258,1043,2024-08-14,2024-08-14,billing,closed,4,189,0
13259,1121,2024-04-25,2024-04-30,billing,closed,34,94,7200
13260,1392,2024-12-24,2024-12-27,billing,closed,33,160,4320
13261,822,2024-03-26,2024-03-30,usage_question,closed,7,110,5760
13262,574,2024-09-26,2024-09-28,feature_request,closed,32,26,2880
13263,1018,2024-05-04,2024-05-04,usage_question,closed,20,189,0
13264,969,2023-06-04,2023-06-04,billing,closed,32,72,0
13265,402,2024-04-10,2024-04-10,bug,closed,5,196,0
13266,1355,2024-11-25,2024-11-25,bug,closed,30,192,0
13267,929,2024-08-13,2024-08-14,usage_question,closed,6,191,1440
13268,1372,2024-10-02,2024-10-02,feature_request,closed,13,60,0
13269,1451,2024-11-10,2024-11-10,billing,closed,50,111,0
13270,1177,2024-06-14,2024-06-16,usage_question,closed,50,172,2880
13271,1251,2024-07-27,2024-07-30,bug,closed,2,34,4320
13272,225,2024-04-29,2024-04-29,usage_question,closed,42,229,0
13273,1420,2024-08-19,2024-08-23,bug,closed,1,39,5760
13274,1550,2024-02-23,2024-02-25,bug,closed,9,198,2880
13275,875,2024-08-27,2024-08-31,bug,closed,33,127,5760
13276,532,2023-11-20,2023-11-20,feature_request,closed,6,105,0
13277,1461,2024-07-28,2024-08-03,billing,closed,14,217,8640
13278,359,2024-11-11,2024-11-14,feature_request,closed,35,229,4320
13279,173,2024-11-14,2024-11-14,usage_question,closed,8,54,0
13280,469,2024-01-04,2024-01-08,feature_request,closed,26,86,5760
13281,1111,2023-10-07,2023-10-10,billing,closed,35,92,4320
13282,1449,2024-06-14,2024-06-18,feature_request,closed,50,104,5760
13283,724,2024-09-17,2024-09-17,billing,closed,10,37,0
13284,742,2023-11-19,2023-11-24,feature_request,closed,4,25,7200
13285,753,2024-08-03,2024-08-03,feature_request,closed,7,111,0
13286,50,2024-01-14,2024-01-14,usage_question,closed,26,23,0
13287,915,2024-08-13,2024-08-19,other,closed,37,144,8640
13288,298,2024-07-31,2024-07-31,billing,closed,33,206,0
13289,1788,2024-10-17,2024-10-19,usage_question,closed,15,212,2880
13290,1622,2024-04-18,2024-04-20,bug,closed,49,191,2880
13291,1755,2024-06-03,2024-06-03,usage_question,closed,35,94,0
13292,1713,2024-01-06,2024-01-06,other,closed,17,122,0
13293,204,2024-11-15,2024-11-15,billing,closed,9,21,0
13294,1545,2024-09-27,2024-10-02,bug,closed,43,15,7200
13295,1929,2023-11-20,2023-11-20,usage_question,closed,45,136,0
13296,1676,2023-11-24,2023-11-24,bug,closed,5,116,0
13297,1762,2023-11-14,2023-11-15,bug,closed,26,91,1440
13298,1377,2024-08-23,2024-08-23,usage_question,closed,25,182,0
13299,579,2024-07-09,2024-07-15,usage_question,closed,9,128,8640
13300,1337,2024-03-22,2024-03-22,other,closed,50,68,0
13301,1177,2024-09-27,2024-10-02,other,closed,34,201,7200
13302,25,2024-04-16,2024-04-20,bug,closed,42,164,5760
13303,860,2024-08-11,2024-08-15,usage_question,closed,33,47,5760
13304,62,2023-09-26,2023-09-26,feature_request,closed,16,138,0
13305,615,2024-02-15,2024-02-20,bug,closed,16,172,7200
13306,534,2024-11-22,2024-11-26,usage_question,closed,25,43,5760
13307,1081,2024-09-14,2024-09-18,usage_question,closed,6,109,5760
13308,827,2023-06-18,2023-06-18,feature_request,closed,11,156,0
13309,250,2024-11-23,2024-11-23,billing,closed,32,171,0
13310,1798,2024-04-05,2024-04-08,bug,closed,45,224,4320
13311,1868,2024-06-04,2024-06-04,billing,closed,36,82,0
13312,153,2024-03-19,2024-03-19,bug,closed,18,46,0
13313,904,2024-04-03,2024-04-03,bug,closed,25,46,0
13314,1903,2024-03-24,2024-03-24,usage_question,closed,18,216,0
13315,703,2024-01-17,2024-01-17,bug,closed,18,176,0
13316,364,2024-09-02,2024-09-02,bug,closed,24,175,0
13317,1983,2024-11-03,2024-11-04,bug,closed,16,217,1440
13318,1790,2024-12-19,2024-12-26,bug,closed,15,237,10080
13319,1082,2024-12-26,2025-01-01,billing,open,9,217,8640
13320,1454,2024-09-11,2024-09-11,other,closed,9,172,0
13321,1854,2024-01-23,2024-01-30,feature_request,closed,31,146,10080
13322,1854,2024-08-14,2024-08-21,usage_question,closed,17,132,10080
13323,1416,2024-10-30,2024-10-31,feature_request,closed,34,194,1440
13324,1172,2024-12-21,2024-12-21,usage_question,closed,33,55,0
13325,1871,2024-04-03,2024-04-03,feature_request,closed,30,70,0
13326,518,2024-04-26,2024-05-02,bug,closed,18,204,8640
13327,1831,2023-12-13,2023-12-13,feature_request,closed,35,171,0
13328,1081,2024-11-04,2024-11-04,usage_question,closed,14,18,0
13329,1218,2024-09-29,2024-09-29,bug,closed,30,71,0
13330,801,2024-07-16,2024-07-16,feature_request,closed,2,70,0
13331,1827,2024-12-15,2024-12-22,other,closed,2,100,10080
13332,143,2024-08-19,2024-08-19,feature_request,closed,8,208,0
13333,1736,2024-08-02,2024-08-02,bug,closed,3,137,0
13334,1651,2024-03-11,2024-03-11,bug,closed,2,50,0
13335,60,2024-12-26,2024-12-27,bug,closed,31,188,1440
13336,1519,2024-12-09,2024-12-09,bug,closed,22,35,0
13337,758,2024-11-30,2024-12-07,billing,closed,2,17,10080
13338,591,2024-10-15,2024-10-18,bug,closed,36,109,4320
13339,635,2024-08-26,2024-09-01,feature_request,closed,48,232,8640
13340,1740,2024-10-19,2024-10-25,bug,closed,35,28,8640
13341,717,2023-08-30,2023-09-03,usage_question,closed,45,209,5760
13342,1817,2023-11-13,2023-11-13,bug,closed,26,36,0
13343,468,2024-02-24,2024-02-29,bug,closed,25,142,7200
13344,1410,2024-09-30,2024-10-02,usage_question,closed,5,203,2880
13345,150,2023-12-21,2023-12-26,usage_question,closed,2,237,7200
13346,1799,2024-03-28,2024-03-28,bug,closed,14,191,0
13347,1224,2024-08-28,2024-09-02,usage_question,closed,39,121,7200
13348,825,2024-04-24,2024-04-30,bug,closed,38,195,8640
13349,1955,2024-01-24,2024-01-30,bug,closed,32,221,8640
13350,536,2024-10-09,2024-10-09,usage_question,closed,29,225,0
13351,208,2024-08-24,2024-08-30,usage_question,closed,36,230,8640
13352,1386,2023-07-26,2023-07-26,usage_question,closed,12,89,0
13353,1581,2024-03-30,2024-03-30,feature_request,closed,22,196,0
13354,1045,2024-11-25,2024-11-25,usage_question,closed,18,49,0
13355,1315,2024-12-06,2024-12-12,feature_request,closed,12,131,8640
13356,1573,2024-03-25,2024-03-25,bug,closed,31,134,0
13357,1953,2024-04-05,2024-04-10,other,closed,45,112,7200
13358,884,2024-12-22,2024-12-22,feature_request,closed,31,206,0
13359,1410,2024-08-18,2024-08-22,billing,closed,14,180,5760
13360,1570,2024-08-24,2024-08-27,feature_request,closed,7,34,4320
13361,1690,2024-12-17,2024-12-17,usage_question,closed,44,236,0
13362,1040,2024-06-28,2024-06-28,usage_question,closed,48,17,0
13363,830,2024-03-08,2024-03-11,bug,closed,24,164,4320
13364,978,2024-06-11,2024-06-13,usage_question,closed,32,118,2880
13365,107,2023-12-28,2023-12-28,other,closed,27,91,0
13366,1413,2023-10-22,2023-10-29,usage_question,closed,34,94,10080
13367,1217,2024-03-29,2024-04-02,bug,closed,48,207,5760
13368,414,2024-08-09,2024-08-15,bug,closed,35,117,8640
13369,1623,2024-10-08,2024-10-08,usage_question,closed,7,207,0
13370,1239,2024-12-03,2024-12-05,feature_request,closed,1,66,2880
13371,825,2024-12-23,2024-12-28,bug,closed,49,20,7200
13372,1810,2024-08-29,2024-08-29,bug,closed,38,93,0
13373,1889,2023-09-14,2023-09-14,usage_question,closed,1,164,0
13374,797,2024-08-20,2024-08-20,bug,closed,27,175,0
13375,1847,2024-10-19,2024-10-20,usage_question,closed,8,117,1440
13376,711,2024-04-11,2024-04-11,bug,closed,30,223,0
13377,1864,2024-12-19,2024-12-19,usage_question,closed,2,201,0
13378,1569,2024-04-08,2024-04-08,usage_question,closed,46,185,0
13379,1832,2024-01-07,2024-01-07,feature_request,closed,17,79,0
13380,1106,2024-09-30,2024-09-30,billing,closed,47,117,0
13381,726,2023-08-29,2023-08-29,feature_request,closed,39,220,0
13382,445,2024-02-19,2024-02-19,other,closed,19,41,0
13383,666,2024-06-19,2024-06-19,bug,closed,15,93,0
13384,316,2024-05-20,2024-05-20,usage_question,closed,20,38,0
13385,877,2024-04-26,2024-04-26,bug,closed,17,221,0
13386,1336,2024-03-19,2024-03-23,usage_question,closed,4,86,5760
13387,1840,2024-10-29,2024-11-04,feature_request,closed,3,76,8640
13388,25,2023-08-16,2023-08-16,usage_question,closed,25,110,0
13389,379,2024-05-31,2024-06-02,other,closed,35,136,2880
13390,1235,2024-05-17,2024-05-17,feature_request,closed,46,226,0
13391,1546,2023-04-28,2023-04-28,usage_question,closed,18,195,0
13392,1003,2024-08-26,2024-08-26,bug,closed,45,232,0
13393,387,2024-02-21,2024-02-21,usage_question,closed,47,199,0
13394,364,2023-10-11,2023-10-16,bug,closed,17,155,7200
13395,161,2023-09-16,2023-09-16,usage_question,closed,37,206,0
13396,1092,2024-08-05,2024-08-05,other,closed,38,204,0
13397,1888,2024-11-22,2024-11-22,usage_question,closed,35,164,0
13398,1783,2024-01-01,2024-01-01,feature_request,closed,11,67,0
13399,210,2024-12-05,2024-12-08,usage_question,closed,37,87,4320
13400,83,2024-10-04,2024-10-07,bug,closed,29,69,4320
13401,39,2024-06-21,2024-06-21,bug,closed,7,131,0
13402,941,2024-02-22,2024-02-22,billing,closed,16,96,0
13403,1302,2024-10-03,2024-10-10,usage_question,closed,49,47,10080
13404,1303,2024-06-27,2024-07-03,billing,closed,12,219,8640
13405,1415,2024-04-19,2024-04-22,usage_question,closed,46,137,4320
13406,1060,2024-11-03,2024-11-03,usage_question,closed,46,186,0
13407,904,2024-08-12,2024-08-12,bug,closed,49,64,0
13408,1149,2024-05-22,2024-05-24,bug,closed,32,44,2880
13409,929,2024-12-13,2024-12-13,usage_question,closed,12,93,0
13410,1936,2024-04-01,2024-04-01,usage_question,closed,37,71,0
13411,1224,2024-06-07,2024-06-13,other,closed,1,106,8640
13412,350,2024-07-22,2024-07-24,usage_question,closed,26,89,2880
13413,1338,2023-12-19,2023-12-19,other,closed,2,36,0
13414,278,2024-05-06,2024-05-10,usage_question,closed,14,186,5760
13415,857,2024-04-29,2024-05-04,usage_question,closed,44,205,7200
13416,799,2024-05-16,2024-05-22,bug,closed,12,228,8640
13417,785,2023-09-23,2023-09-23,bug,closed,26,104,0
13418,1313,2024-01-08,2024-01-08,bug,closed,6,223,0
13419,1720,2024-06-27,2024-06-27,usage_question,closed,3,70,0
13420,1040,2024-10-20,2024-10-20,feature_request,closed,17,81,0
13421,747,2024-10-08,2024-10-08,bug,closed,12,56,0
13422,411,2024-10-26,2024-10-28,bug,closed,37,211,2880
13423,393,2024-07-04,2024-07-04,bug,closed,8,79,0
13424,1502,2024-01-31,2024-01-31,usage_question,closed,36,74,0
13425,1258,2024-06-18,2024-06-20,other,closed,39,151,2880
13426,1323,2024-07-30,2024-08-03,feature_request,closed,5,37,5760
13427,1710,2024-06-30,2024-06-30,bug,closed,27,22,0
13428,1005,2024-11-27,2024-11-29,usage_question,closed,21,35,2880
13429,205,2023-10-06,2023-10-06,bug,closed,12,80,0
13430,1269,2024-05-18,2024-05-21,usage_question,closed,20,205,4320
13431,814,2024-11-23,2024-11-28,bug,closed,25,203,7200
13432,1052,2024-04-05,2024-04-09,feature_request,closed,3,212,5760
13433,1451,2024-03-15,2024-03-20,billing,closed,24,172,7200
13434,570,2024-11-26,2024-11-26,bug,closed,3,229,0
13435,866,2024-09-07,2024-09-07,usage_question,closed,47,178,0
13436,1752,2024-06-18,2024-06-18,usage_question,closed,48,239,0
13437,1395,2024-12-16,2024-12-21,usage_question,closed,34,207,7200
13438,431,2024-01-22,2024-01-22,usage_question,closed,32,155,0
13439,651,2024-09-03,2024-09-07,billing,closed,10,124,5760
13440,551,2024-04-07,2024-04-07,usage_question,closed,16,34,0
13441,1602,2023-10-06,2023-10-06,usage_question,closed,32,167,0
13442,1,2024-07-10,2024-07-11,usage_question,closed,29,44,1440
13443,1999,2024-11-13,2024-11-18,usage_question,closed,13,84,7200
13444,1636,2024-06-02,2024-06-02,feature_request,closed,47,220,0
13445,355,2024-04-02,2024-04-04,usage_question,closed,9,196,2880
13446,974,2024-01-02,2024-01-02,bug,closed,11,70,0
13447,593,2024-10-30,2024-10-30,usage_question,closed,15,207,0
13448,902,2024-04-11,2024-04-11,billing,closed,34,188,0
13449,1053,2024-05-10,2024-05-16,usage_question,closed,25,146,8640
13450,1792,2024-02-05,2024-02-06,bug,closed,6,84,1440
13451,547,2024-01-31,2024-01-31,billing,closed,34,36,0
13452,1994,2024-05-02,2024-05-07,usage_question,closed,49,38,7200
13453,971,2024-08-10,2024-08-16,bug,closed,33,198,8640
13454,666,2024-04-23,2024-04-29,other,closed,43,115,8640
13455,700,2023-08-24,2023-08-25,usage_question,closed,40,92,1440
13456,361,2024-01-15,2024-01-15,billing,closed,37,171,0
13457,612,2024-05-15,2024-05-15,bug,closed,48,103,0
13458,1011,2024-08-07,2024-08-07,usage_question,closed,50,71,0
13459,336,2024-12-01,2024-12-01,billing,closed,14,161,0
13460,750,2024-11-28,2024-11-28,usage_question,closed,37,90,0
13461,13,2024-05-29,2024-05-29,billing,closed,45,36,0
13462,1309,2024-03-04,2024-03-04,feature_request,closed,17,29,0
13463,63,2024-11-03,2024-11-03,feature_request,closed,5,139,0
13464,1551,2023-11-23,2023-11-29,feature_request,closed,30,20,8640
13465,1771,2024-04-12,2024-04-12,bug,closed,7,43,0
13466,1489,2024-06-17,2024-06-17,bug,closed,19,103,0
13467,964,2024-12-08,2024-12-08,bug,closed,36,165,0
13468,289,2024-03-31,2024-03-31,usage_question,closed,40,95,0
13469,634,2024-04-19,2024-04-23,usage_question,closed,38,149,5760
13470,204,2024-07-17,2024-07-17,bug,closed,12,141,0
13471,1961,2024-01-08,2024-01-13,other,closed,3,25,7200
13472,907,2024-10-10,2024-10-10,bug,closed,9,88,0
13473,1248,2024-02-16,2024-02-17,other,closed,40,217,1440
13474,1469,2024-03-19,2024-03-20,billing,closed,5,198,1440
13475,1076,2024-04-07,2024-04-07,bug,closed,43,80,0
13476,434,2024-05-23,2024-05-30,usage_question,closed,38,213,10080
13477,1714,2024-12-19,2024-12-19,usage_question,closed,26,229,0
13478,1545,2024-11-10,2024-11-13,bug,closed,47,184,4320
13479,378,2024-11-03,2024-11-03,usage_question,closed,11,70,0
13480,574,2023-09-24,2023-09-24,bug,closed,30,97,0
13481,507,2024-02-03,2024-02-09,billing,closed,32,234,8640
13482,674,2024-06-02,2024-06-05,usage_question,closed,32,239,4320
13483,1996,2024-12-23,2024-12-26,other,closed,44,47,4320
13484,1382,2023-12-11,2023-12-15,feature_request,closed,18,93,5760
13485,1073,2024-02-01,2024-02-01,bug,closed,38,94,0
13486,1389,2024-11-02,2024-11-04,feature_request,closed,24,220,2880
13487,684,2024-11-13,2024-11-20,billing,closed,36,24,10080
13488,1382,2024-08-15,2024-08-20,usage_question,closed,2,73,7200
13489,251,2024-08-29,2024-08-29,other,closed,42,197,0
13490,28,2024-09-02,2024-09-02,usage_question,closed,29,114,0
13491,1137,2024-02-19,2024-02-19,billing,closed,33,45,0
13492,638,2024-12-01,2024-12-06,bug,closed,17,108,7200
13493,1836,2024-11-20,2024-11-24,bug,closed,25,31,5760
13494,338,2024-06-17,2024-06-19,usage_question,closed,21,115,2880
13495,1149,2024-10-12,2024-10-12,bug,closed,9,189,0
13496,909,2024-07-17,2024-07-17,bug,closed,48,177,0
13497,1897,2024-11-02,2024-11-02,bug,closed,6,34,0
13498,1315,2023-11-28,2023-11-28,usage_question,closed,35,18,0
13499,1912,2024-03-06,2024-03-06,bug,closed,35,66,0
13500,1222,2024-12-17,2024-12-17,usage_question,closed,40,127,0
13501,159,2024-01-15,2024-01-15,other,closed,21,54,0
13502,1246,2024-03-22,2024-03-22,bug,closed,18,202,0
13503,1343,2024-02-22,2024-02-22,billing,closed,25,180,0
13504,1048,2024-04-01,2024-04-02,usage_question,closed,35,196,1440
13505,1715,2024-07-18,2024-07-22,usage_question,closed,20,224,5760
13506,1604,2024-06-03,2024-06-03,feature_request,closed,13,223,0
13507,924,2024-02-06,2024-02-06,feature_request,closed,25,108,0
13508,478,2024-01-01,2024-01-01,usage_question,closed,9,139,0
13509,1468,2023-12-05,2023-12-09,bug,closed,29,104,5760
13510,189,2024-07-08,2024-07-15,feature_request,closed,47,75,10080
13511,470,2024-06-19,2024-06-26,billing,closed,1,206,10080
13512,444,2024-12-25,2024-12-28,usage_question,closed,11,175,4320
13513,954,2023-11-26,2023-12-01,bug,closed,12,113,7200
13514,646,2024-11-09,2024-11-09,billing,closed,46,182,0
13515,1676,2024-09-15,2024-09-20,feature_request,closed,18,53,7200
13516,1831,2024-08-10,2024-08-17,bug,closed,11,224,10080
13517,1423,2024-08-11,2024-08-11,bug,closed,2,153,0
13518,622,2024-05-25,2024-05-30,usage_question,closed,25,237,7200
13519,1271,2024-12-12,2024-12-14,other,closed,11,145,2880
13520,1428,2023-05-17,2023-05-21,usage_question,closed,4,155,5760
13521,1220,2024-10-31,2024-10-31,other,closed,15,113,0
13522,93,2024-05-25,2024-05-30,usage_question,closed,33,41,7200
13523,1157,2023-11-20,2023-11-20,feature_request,closed,7,178,0
13524,4,2024-02-27,2024-03-01,usage_question,closed,33,172,4320
13525,715,2024-11-23,2024-11-27,other,closed,14,172,5760
13526,1505,2024-08-26,2024-08-28,usage_question,closed,15,112,2880
13527,86,2024-04-04,2024-04-04,other,closed,8,72,0
13528,804,2024-06-24,2024-06-24,usage_question,closed,18,203,0
13529,1021,2024-06-28,2024-06-30,billing,closed,38,74,2880
13530,35,2023-11-13,2023-11-20,feature_request,closed,20,103,10080
13531,139,2024-08-23,2024-08-23,usage_question,closed,15,215,0
13532,1085,2024-01-13,2024-01-16,usage_question,closed,27,108,4320
13533,299,2024-12-28,2024-12-28,feature_request,closed,19,189,0
13534,1292,2024-10-26,2024-10-26,usage_question,closed,32,189,0
13535,767,2024-02-12,2024-02-16,usage_question,closed,31,148,5760
13536,1948,2024-11-18,2024-11-23,usage_question,closed,40,19,7200
13537,1053,2024-10-28,2024-10-28,bug,closed,6,181,0
13538,1043,2024-05-18,2024-05-22,bug,closed,45,69,5760
13539,316,2023-08-19,2023-08-26,other,closed,39,197,10080
13540,66,2024-08-11,2024-08-12,usage_question,closed,19,112,1440
13541,621,2023-10-30,2023-11-01,usage_question,closed,32,179,2880
13542,1832,2023-10-28,2023-11-01,bug,closed,49,235,5760
13543,1720,2023-12-02,2023-12-02,other,closed,50,23,0
13544,714,2024-08-22,2024-08-29,bug,closed,13,208,10080
13545,590,2024-02-05,2024-02-08,other,closed,9,49,4320
13546,655,2024-01-17,2024-01-17,bug,closed,23,181,0
13547,1308,2024-03-28,2024-04-01,feature_request,closed,10,197,5760
13548,1824,2024-11-12,2024-11-14,usage_question,closed,31,178,2880
13549,815,2024-08-15,2024-08-15,feature_request,closed,24,214,0
13550,482,2024-05-24,2024-05-24,usage_question,closed,49,55,0
13551,917,2024-01-22,2024-01-22,bug,closed,7,117,0
13552,379,2023-11-28,2023-12-02,billing,closed,24,21,5760
13553,33,2024-06-25,2024-06-25,feature_request,closed,2,185,0
13554,1036,2024-12-25,2024-12-29,usage_question,closed,37,135,5760
13555,1732,2024-12-15,2024-12-18,feature_request,closed,13,156,4320
13556,1254,2024-03-07,2024-03-08,other,closed,19,66,1440
13557,741,2024-06-06,2024-06-06,feature_request,closed,15,168,0
13558,1064,2024-06-13,2024-06-13,usage_question,closed,49,159,0
13559,1101,2024-06-11,2024-06-11,bug,closed,2,135,0
13560,527,2024-10-14,2024-10-14,feature_request,closed,16,229,0
13561,14,2024-01-27,2024-01-30,usage_question,closed,12,120,4320
13562,1981,2024-03-26,2024-03-26,billing,closed,18,46,0
13563,1918,2024-03-03,2024-03-04,usage_question,closed,45,62,1440
13564,832,2024-06-09,2024-06-09,other,closed,27,190,0
13565,86,2024-02-08,2024-02-08,usage_question,closed,42,70,0
13566,1974,2023-12-11,2023-12-11,usage_question,closed,37,208,0
13567,1313,2024-03-19,2024-03-23,usage_question,closed,16,92,5760
13568,326,2024-01-09,2024-01-09,usage_question,closed,20,37,0
13569,520,2023-04-13,2023-04-15,bug,closed,21,43,2880
13570,981,2024-11-07,2024-11-07,bug,closed,46,178,0
13571,1884,2024-10-03,2024-10-07,bug,closed,45,117,5760
13572,1789,2024-03-25,2024-03-25,usage_question,closed,23,224,0
13573,1154,2024-12-14,2024-12-21,feature_request,closed,40,70,10080
13574,1500,2024-08-15,2024-08-20,bug,closed,7,104,7200
13575,1083,2024-12-22,2024-12-22,usage_question,closed,12,76,0
13576,625,2024-11-04,2024-11-04,usage_question,closed,31,185,0
13577,224,2024-12-11,2024-12-11,usage_question,closed,42,110,0
13578,1792,2024-09-28,2024-10-02,feature_request,closed,22,57,5760
13579,1064,2024-01-24,2024-01-24,bug,closed,31,166,0
13580,1196,2024-05-20,2024-05-22,usage_question,closed,7,76,2880
13581,673,2024-10-03,2024-10-04,usage_question,closed,22,80,1440
13582,967,2024-02-26,2024-02-26,bug,closed,49,160,0
13583,1588,2024-11-24,2024-11-24,bug,closed,13,166,0
13584,470,2024-07-02,2024-07-09,bug,closed,48,220,10080
13585,1750,2024-11-23,2024-11-23,feature_request,closed,8,44,0
13586,1513,2023-09-13,2023-09-13,feature_request,closed,10,204,0
13587,559,2024-12-02,2024-12-02,usage_question,closed,8,69,0
13588,893,2024-07-18,2024-07-23,bug,closed,30,93,7200
13589,1503,2024-10-21,2024-10-21,usage_question,closed,32,126,0
13590,1077,2024-09-12,2024-09-19,usage_question,closed,32,199,10080
13591,1038,2024-08-12,2024-08-12,bug,closed,11,99,0
13592,90,2024-09-03,2024-09-03,feature_request,closed,38,114,0
13593,388,2024-12-16,2024-12-16,usage_question,closed,14,58,0
13594,201,2024-09-11,2024-09-16,usage_question,closed,32,230,7200
13595,1593,2024-01-12,2024-01-12,billing,closed,15,167,0
13596,1078,2024-11-04,2024-11-06,usage_question,closed,32,195,2880
13597,1337,2024-01-16,2024-01-16,bug,closed,37,43,0
13598,665,2024-11-18,2024-11-18,usage_question,closed,10,99,0
13599,1527,2024-06-29,2024-07-01,usage_question,closed,48,180,2880
13600,832,2023-10-11,2023-10-11,usage_question,closed,7,225,0
13601,1980,2023-11-27,2023-12-03,bug,closed,1,211,8640
13602,1101,2024-11-05,2024-11-05,bug,closed,7,89,0
13603,905,2024-06-07,2024-06-07,feature_request,closed,24,231,0
13604,218,2024-04-15,2024-04-15,usage_question,closed,38,188,0
13605,1677,2024-12-17,2024-12-24,usage_question,closed,10,15,10080
13606,1321,2024-01-23,2024-01-27,usage_question,closed,8,190,5760
13607,1520,2024-07-11,2024-07-18,usage_question,closed,15,87,10080
13608,104,2024-04-04,2024-04-09,bug,closed,49,47,7200
13609,1701,2024-07-05,2024-07-05,other,closed,21,174,0
13610,1649,2024-12-13,2024-12-20,usage_question,closed,47,183,10080
13611,1251,2024-12-10,2024-12-10,bug,closed,12,181,0
13612,1153,2024-02-18,2024-02-18,bug,closed,3,207,0
13613,13,2024-04-06,2024-04-06,usage_question,closed,23,222,0
13614,1927,2024-10-21,2024-10-27,other,closed,11,161,8640
13615,1840,2024-04-15,2024-04-16,other,closed,38,50,1440
13616,1226,2024-03-09,2024-03-10,usage_question,closed,24,237,1440
13617,419,2024-05-17,2024-05-17,usage_question,closed,43,107,0
13618,505,2024-06-06,2024-06-10,bug,closed,24,195,5760
13619,1944,2024-04-05,2024-04-05,usage_question,closed,3,169,0
13620,541,2024-05-29,2024-06-02,usage_question,closed,23,159,5760
13621,132,2024-07-18,2024-07-21,feature_request,closed,12,225,4320
13622,891,2023-10-26,2023-10-31,usage_question,closed,9,77,7200
13623,1807,2024-03-23,2024-03-23,bug,closed,16,115,0
13624,1578,2024-10-12,2024-10-16,feature_request,closed,18,149,5760
13625,423,2024-04-02,2024-04-02,bug,closed,4,194,0
13626,552,2024-12-20,2024-12-26,feature_request,closed,33,21,8640
13627,1517,2024-10-04,2024-10-04,usage_question,closed,9,161,0
13628,1526,2023-05-04,2023-05-09,bug,closed,27,21,7200
13629,1722,2023-02-05,2023-02-05,usage_question,closed,43,183,0
13630,1886,2023-09-17,2023-09-23,bug,closed,26,200,8640
13631,269,2024-05-27,2024-05-27,feature_request,closed,49,56,0
13632,1098,2024-05-07,2024-05-07,usage_question,closed,21,202,0
13633,176,2024-06-09,2024-06-09,feature_request,closed,38,224,0
13634,518,2023-11-11,2023-11-11,feature_request,closed,24,122,0
13635,1073,2024-10-22,2024-10-22,usage_question,closed,13,72,0
13636,1498,2024-10-11,2024-10-11,billing,closed,19,117,0
13637,69,2024-04-19,2024-04-23,usage_question,closed,15,203,5760
13638,637,2024-10-19,2024-10-22,usage_question,closed,24,75,4320
13639,1636,2024-05-10,2024-05-10,usage_question,closed,32,127,0
13640,297,2024-03-13,2024-03-13,usage_question,closed,32,201,0
13641,210,2024-03-25,2024-03-25,feature_request,closed,11,39,0
13642,1017,2024-05-29,2024-06-02,bug,closed,34,172,5760
13643,404,2024-12-11,2024-12-11,feature_request,closed,21,121,0
13644,1110,2024-04-01,2024-04-01,bug,closed,47,34,0
13645,330,2023-07-25,2023-07-31,other,closed,14,217,8640
13646,651,2024-08-08,2024-08-08,usage_question,closed,40,225,0
13647,320,2023-09-05,2023-09-06,usage_question,closed,17,61,1440
13648,106,2024-06-09,2024-06-09,usage_question,closed,49,115,0
13649,1847,2024-01-25,2024-01-28,usage_question,closed,19,185,4320
13650,195,2024-10-05,2024-10-08,other,closed,38,149,4320
13651,406,2024-08-15,2024-08-15,usage_question,closed,39,103,0
13652,1369,2024-10-08,2024-10-09,other,closed,35,197,1440
13653,1500,2024-10-20,2024-10-20,bug,closed,15,233,0
13654,194,2024-11-26,2024-11-27,billing,closed,47,165,1440
13655,211,2024-12-24,2024-12-25,usage_question,closed,35,65,1440
13656,1369,2024-06-10,2024-06-10,bug,closed,18,30,0
13657,1681,2024-06-07,2024-06-13,feature_request,closed,46,64,8640
13658,1457,2023-09-07,2023-09-10,usage_question,closed,38,130,4320
13659,303,2024-03-09,2024-03-09,bug,closed,37,171,0
13660,1480,2024-06-15,2024-06-20,other,closed,50,183,7200
13661,1803,2024-10-26,2024-10-26,feature_request,closed,14,149,0
13662,533,2024-08-03,2024-08-03,billing,closed,21,152,0
13663,1279,2024-02-27,2024-02-27,usage_question,closed,50,174,0
13664,40,2024-04-10,2024-04-10,bug,closed,33,199,0
13665,17,2023-05-19,2023-05-19,feature_request,closed,21,183,0
13666,1175,2024-07-22,2024-07-22,bug,closed,23,58,0
13667,1799,2024-12-25,2024-12-27,bug,closed,36,237,2880
13668,1989,2023-11-07,2023-11-07,usage_question,closed,14,81,0
13669,888,2024-06-05,2024-06-08,billing,closed,13,86,4320
13670,507,2024-12-01,2024-12-01,other,closed,31,38,0
13671,1717,2023-10-03,2023-10-03,feature_request,closed,1,26,0
13672,70,2024-02-27,2024-02-27,bug,closed,6,222,0
13673,574,2024-02-23,2024-02-23,feature_request,closed,14,153,0
13674,663,2024-07-05,2024-07-05,feature_request,closed,8,116,0
13675,1967,2024-12-12,2024-12-18,bug,closed,24,188,8640
13676,871,2024-04-24,2024-04-27,bug,closed,14,197,4320
13677,1975,2024-03-10,2024-03-16,usage_question,closed,25,48,8640
13678,1634,2024-10-15,2024-10-19,other,closed,18,20,5760
13679,1484,2024-08-08,2024-08-14,billing,closed,40,175,8640
13680,814,2024-03-04,2024-03-04,usage_question,closed,40,221,0
13681,904,2024-10-31,2024-11-06,bug,closed,15,229,8640
13682,1322,2023-10-07,2023-10-12,usage_question,closed,42,216,7200
13683,1704,2024-11-17,2024-11-21,bug,closed,23,58,5760
13684,1618,2024-05-14,2024-05-20,bug,closed,19,169,8640
13685,1078,2023-05-08,2023-05-08,feature_request,closed,6,97,0
13686,452,2024-11-12,2024-11-12,usage_question,closed,34,237,0
13687,1872,2024-07-19,2024-07-25,bug,closed,33,111,8640
13688,887,2024-01-23,2024-01-26,other,closed,22,66,4320
13689,1064,2024-07-16,2024-07-22,usage_question,closed,3,128,8640
13690,1594,2024-06-21,2024-06-21,other,closed,40,138,0
13691,1031,2024-07-11,2024-07-11,bug,closed,23,226,0
13692,278,2024-07-09,2024-07-09,bug,closed,46,43,0
13693,1175,2024-02-28,2024-02-29,bug,closed,18,188,1440
13694,1517,2024-02-07,2024-02-12,bug,closed,48,22,7200
13695,1477,2024-12-04,2024-12-04,usage_question,closed,8,151,0
13696,891,2024-06-27,2024-06-27,bug,closed,4,180,0
13697,1422,2023-09-15,2023-09-19,bug,closed,29,215,5760
13698,404,2024-04-23,2024-04-23,usage_question,closed,49,87,0
13699,658,2024-08-15,2024-08-16,usage_question,closed,39,197,1440
13700,1884,2023-11-29,2023-12-04,feature_request,closed,27,37,7200
13701,1427,2024-04-18,2024-04-23,other,closed,29,64,7200
13702,562,2024-11-21,2024-11-21,usage_question,closed,19,60,0
13703,1846,2024-07-04,2024-07-10,billing,closed,14,122,8640
13704,1876,2024-06-28,2024-06-28,usage_question,closed,32,76,0
13705,138,2024-07-24,2024-07-24,bug,closed,16,55,0
13706,1799,2024-12-11,2024-12-11,billing,closed,3,30,0
13707,1918,2024-12-10,2024-12-15,bug,closed,49,219,7200
13708,1520,2024-10-03,2024-10-09,usage_question,closed,49,75,8640
13709,495,2024-06-19,2024-06-19,billing,closed,17,32,0
13710,1572,2024-09-13,2024-09-14,feature_request,closed,39,118,1440
13711,1520,2023-11-09,2023-11-09,billing,closed,8,171,0
13712,76,2024-07-21,2024-07-26,bug,closed,31,169,7200
13713,1991,2024-10-01,2024-10-01,usage_question,closed,46,184,0
13714,1513,2024-07-29,2024-07-31,usage_question,closed,42,140,2880
13715,946,2024-12-10,2024-12-10,bug,closed,7,181,0
13716,1840,2024-07-26,2024-07-29,bug,closed,5,141,4320
13717,371,2024-07-08,2024-07-08,usage_question,closed,6,24,0
13718,1266,2024-12-16,2024-12-16,usage_question,closed,46,170,0
13719,1653,2024-06-04,2024-06-04,usage_question,closed,18,70,0
13720,1313,2024-12-14,2024-12-14,bug,closed,45,158,0
13721,513,2023-10-16,2023-10-17,usage_question,closed,39,105,1440
13722,1979,2024-10-16,2024-10-19,usage_question,closed,50,174,4320
13723,308,2023-08-14,2023-08-14,bug,closed,42,168,0
13724,250,2024-12-09,2024-12-09,bug,closed,29,180,0
13725,1453,2024-08-15,2024-08-15,usage_question,closed,38,150,0
13726,1616,2024-05-21,2024-05-21,bug,closed,46,80,0
13727,1922,2024-05-24,2024-05-26,billing,closed,38,195,2880
13728,1139,2024-09-29,2024-10-04,bug,closed,27,79,7200
13729,1534,2024-11-06,2024-11-06,feature_request,closed,38,40,0
13730,413,2024-11-26,2024-11-28,bug,closed,4,158,2880
13731,137,2023-11-14,2023-11-14,bug,closed,30,118,0
13732,727,2024-03-17,2024-03-24,feature_request,closed,13,91,10080
13733,238,2024-06-07,2024-06-10,usage_question,closed,47,220,4320
13734,772,2024-04-01,2024-04-01,usage_question,closed,18,220,0
13735,1127,2024-12-05,2024-12-05,feature_request,closed,37,117,0
13736,1963,2024-06-16,2024-06-22,billing,closed,40,174,8640
13737,145,2024-02-01,2024-02-06,bug,closed,8,111,7200
13738,1161,2023-08-31,2023-08-31,bug,closed,33,112,0
13739,247,2024-10-12,2024-10-19,billing,closed,36,48,10080
13740,1615,2024-09-14,2024-09-14,bug,closed,5,151,0
13741,520,2024-04-28,2024-04-28,usage_question,closed,49,219,0
13742,411,2024-04-06,2024-04-06,usage_question,closed,9,165,0
13743,853,2024-05-30,2024-06-04,usage_question,closed,22,39,7200
13744,865,2024-08-25,2024-08-30,feature_request,closed,3,144,7200
13745,1426,2024-01-12,2024-01-12,feature_request,closed,21,16,0
13746,1006,2024-07-21,2024-07-21,usage_question,closed,23,214,0
13747,502,2024-06-23,2024-06-28,bug,closed,3,117,7200
13748,40,2024-10-01,2024-10-02,billing,closed,7,122,1440
13749,383,2024-10-22,2024-10-22,other,closed,30,231,0
13750,231,2024-07-03,2024-07-03,bug,closed,42,201,0
13751,1244,2024-11-24,2024-11-28,usage_question,closed,43,98,5760
13752,177,2024-05-13,2024-05-19,usage_question,closed,47,195,8640
13753,235,2023-09-04,2023-09-04,usage_question,closed,6,130,0
13754,869,2024-10-19,2024-10-19,usage_question,closed,3,29,0
13755,742,2024-11-19,2024-11-24,bug,closed,14,23,7200
13756,1664,2024-05-21,2024-05-21,feature_request,closed,24,201,0
13757,612,2024-04-26,2024-04-26,other,closed,47,85,0
13758,537,2023-12-25,2023-12-28,billing,closed,48,61,4320
13759,1090,2023-11-04,2023-11-04,bug,closed,2,85,0
13760,1436,2024-04-30,2024-05-07,usage_question,closed,13,229,10080
13761,216,2024-04-20,2024-04-20,usage_question,closed,49,98,0
13762,627,2024-02-29,2024-03-04,bug,closed,23,202,5760
13763,220,2024-05-21,2024-05-23,usage_question,closed,21,176,2880
13764,1945,2024-07-04,2024-07-04,bug,closed,10,185,0
13765,1804,2024-05-31,2024-05-31,usage_question,closed,32,54,0
13766,26,2023-10-20,2023-10-21,usage_question,closed,43,101,1440
13767,183,2024-10-21,2024-10-21,usage_question,closed,17,182,0
13768,568,2024-05-10,2024-05-10,usage_question,closed,15,228,0
13769,846,2024-10-10,2024-10-16,billing,closed,29,122,8640
13770,994,2024-04-18,2024-04-18,bug,closed,40,148,0
13771,1886,2024-02-25,2024-02-27,bug,closed,46,206,2880
13772,1584,2024-02-09,2024-02-11,bug,closed,14,101,2880
13773,80,2024-06-17,2024-06-17,bug,closed,6,199,0
13774,1975,2024-08-27,2024-08-31,usage_question,closed,19,134,5760
13775,294,2024-05-15,2024-05-21,feature_request,closed,27,89,8640
13776,1374,2023-09-22,2023-09-24,bug,closed,8,202,2880
13777,758,2024-09-11,2024-09-12,billing,closed,26,111,1440
13778,943,2024-03-11,2024-03-16,billing,closed,9,175,7200
13779,1539,2024-08-29,2024-08-29,usage_question,closed,43,228,0
13780,942,2024-02-10,2024-02-10,other,closed,48,212,0
13781,1790,2024-01-10,2024-01-17,other,closed,1,158,10080
13782,1586,2024-04-01,2024-04-04,feature_request,closed,16,114,4320
13783,717,2023-10-28,2023-11-01,bug,closed,14,53,5760
13784,1845,2024-10-18,2024-10-18,bug,closed,9,230,0
13785,1566,2024-10-28,2024-10-28,usage_question,closed,48,131,0
13786,1241,2024-09-02,2024-09-02,usage_question,closed,30,78,0
13787,864,2024-04-24,2024-05-01,other,closed,22,216,10080
13788,70,2023-10-26,2023-11-02,usage_question,closed,22,113,10080
13789,1284,2023-11-26,2023-12-03,usage_question,closed,29,201,10080
13790,714,2024-10-20,2024-10-26,feature_request,closed,47,102,8640
13791,333,2024-11-26,2024-11-26,usage_question,closed,39,45,0
13792,1346,2024-07-29,2024-08-05,feature_request,closed,36,84,10080
13793,94,2024-07-28,2024-07-28,bug,closed,17,205,0
13794,111,2024-11-14,2024-11-14,usage_question,closed,27,154,0
13795,272,2024-11-09,2024-11-09,billing,closed,5,156,0
13796,1262,2024-10-31,2024-11-07,usage_question,closed,19,187,10080
13797,1664,2024-01-29,2024-01-29,bug,closed,23,121,0
13798,1751,2023-11-22,2023-11-23,bug,closed,30,97,1440
13799,1517,2024-11-18,2024-11-19,usage_question,closed,12,25,1440
13800,990,2024-08-01,2024-08-01,bug,closed,18,187,0
13801,975,2024-10-07,2024-10-10,usage_question,closed,21,100,4320
13802,1440,2024-04-17,2024-04-23,other,closed,44,156,8640
13803,1443,2024-11-09,2024-11-09,billing,closed,45,51,0
13804,638,2024-10-19,2024-10-25,other,closed,21,112,8640
13805,1145,2023-10-29,2023-10-30,bug,closed,37,48,1440
13806,1143,2024-01-13,2024-01-13,other,closed,9,171,0
13807,621,2024-05-31,2024-05-31,usage_question,closed,45,44,0
13808,1950,2024-11-12,2024-11-12,other,closed,48,224,0
13809,1262,2024-07-09,2024-07-09,bug,closed,13,82,0
13810,205,2024-12-23,2024-12-23,bug,closed,16,100,0
13811,1496,2024-04-20,2024-04-20,bug,closed,7,190,0
13812,461,2024-05-14,2024-05-21,bug,closed,2,66,10080
13813,746,2023-11-21,2023-11-21,billing,closed,23,202,0
13814,985,2024-03-11,2024-03-14,bug,closed,47,238,4320
13815,1666,2024-07-04,2024-07-10,feature_request,closed,12,40,8640
13816,1963,2024-04-21,2024-04-21,feature_request,closed,40,228,0
13817,1621,2024-10-20,2024-10-20,bug,closed,8,100,0
13818,1867,2024-11-07,2024-11-07,billing,closed,39,31,0
13819,393,2024-12-09,2024-12-14,feature_request,closed,16,35,7200
13820,1407,2024-07-29,2024-08-03,bug,closed,20,110,7200
13821,727,2024-05-25,2024-05-25,usage_question,closed,15,208,0
13822,1376,2024-06-11,2024-06-11,bug,closed,16,168,0
13823,10,2024-05-16,2024-05-16,feature_request,closed,46,221,0
13824,846,2023-10-12,2023-10-14,bug,closed,14,184,2880
13825,142,2024-09-27,2024-09-30,billing,closed,8,21,4320
13826,393,2024-02-28,2024-02-28,other,closed,19,185,0
13827,596,2024-09-22,2024-09-22,bug,closed,10,111,0
13828,1463,2024-04-15,2024-04-22,usage_question,closed,30,17,10080
13829,1417,2024-11-30,2024-12-03,bug,closed,20,107,4320
13830,1710,2024-11-04,2024-11-08,usage_question,closed,19,177,5760
13831,1529,2024-10-04,2024-10-04,usage_question,closed,45,146,0
13832,1751,2024-10-01,2024-10-04,other,closed,15,66,4320
13833,368,2023-11-18,2023-11-18,feature_request,closed,24,35,0
13834,475,2024-12-22,2024-12-26,usage_question,closed,3,155,5760
13835,727,2023-08-29,2023-08-29,billing,closed,6,53,0
13836,404,2024-07-11,2024-07-11,bug,closed,22,213,0
13837,185,2024-09-26,2024-09-26,usage_question,closed,27,140,0
13838,105,2024-10-12,2024-10-12,usage_question,closed,40,172,0
13839,76,2024-12-27,2024-12-27,usage_question,closed,32,207,0
13840,1873,2024-06-30,2024-06-30,usage_question,closed,38,33,0
13841,1515,2024-03-29,2024-03-29,bug,closed,18,134,0
13842,1121,2024-10-14,2024-10-14,feature_request,closed,4,202,0
13843,791,2024-07-20,2024-07-27,feature_request,closed,12,121,10080
13844,595,2023-09-15,2023-09-16,usage_question,closed,5,137,1440
13845,583,2023-07-04,2023-07-04,feature_request,closed,43,67,0
13846,1140,2024-06-26,2024-06-26,usage_question,closed,39,17,0
13847,1413,2024-03-01,2024-03-01,other,closed,29,43,0
13848,1888,2024-07-27,2024-07-29,bug,closed,36,51,2880
13849,1125,2024-06-23,2024-06-23,feature_request,closed,7,129,0
13850,658,2024-08-20,2024-08-20,bug,closed,27,239,0
13851,1342,2024-06-29,2024-06-29,feature_request,closed,8,77,0
13852,1557,2024-03-23,2024-03-24,other,closed,50,103,1440
13853,486,2024-05-23,2024-05-23,feature_request,closed,4,79,0
13854,64,2024-03-11,2024-03-14,feature_request,closed,9,206,4320
13855,825,2024-11-24,2024-11-24,billing,closed,25,226,0
13856,1717,2024-02-19,2024-02-22,usage_question,closed,50,145,4320
13857,818,2023-10-27,2023-10-27,feature_request,closed,21,175,0
13858,1394,2023-11-22,2023-11-22,usage_question,closed,38,62,0
13859,85,2024-09-10,2024-09-12,usage_question,closed,15,18,2880
13860,192,2024-07-04,2024-07-05,bug,closed,45,57,1440
13861,1872,2024-05-22,2024-05-22,bug,closed,20,144,0
13862,116,2024-06-08,2024-06-08,bug,closed,47,217,0
13863,794,2024-06-14,2024-06-15,usage_question,closed,40,141,1440
13864,595,2024-12-29,2024-12-29,feature_request,closed,19,98,0
13865,1659,2024-03-27,2024-03-28,feature_request,closed,13,59,1440
13866,1886,2024-05-22,2024-05-22,bug,closed,9,214,0
13867,1002,2024-10-11,2024-10-11,feature_request,closed,1,178,0
13868,365,2024-12-14,2024-12-14,bug,closed,13,35,0
13869,1980,2024-11-22,2024-11-23,bug,closed,21,119,1440
13870,1915,2024-03-27,2024-03-27,billing,closed,18,219,0
13871,1107,2024-09-06,2024-09-06,usage_question,closed,46,194,0
13872,227,2024-09-03,2024-09-03,bug,closed,16,128,0
13873,1754,2024-08-13,2024-08-19,bug,closed,36,216,8640
13874,474,2024-05-01,2024-05-01,usage_question,closed,18,52,0
13875,1162,2024-07-04,2024-07-05,other,closed,38,229,1440
13876,378,2024-03-18,2024-03-23,other,closed,10,104,7200
13877,1133,2024-10-17,2024-10-21,bug,closed,3,181,5760
13878,1893,2023-08-07,2023-08-07,bug,closed,13,124,0
13879,1499,2024-10-26,2024-10-26,billing,closed,39,65,0
13880,1620,2024-09-28,2024-09-28,billing,closed,47,128,0
13881,576,2024-04-01,2024-04-01,billing,closed,38,123,0
13882,262,2024-04-11,2024-04-11,bug,closed,9,68,0
13883,1864,2024-02-28,2024-02-28,other,closed,5,226,0
13884,1496,2024-06-28,2024-07-03,other,closed,43,217,7200
13885,1544,2024-10-08,2024-10-08,billing,closed,4,88,0
13886,738,2024-09-15,2024-09-22,feature_request,closed,9,59,10080
13887,1740,2024-11-17,2024-11-20,other,closed,48,129,4320
13888,434,2024-03-03,2024-03-03,billing,closed,30,124,0
13889,1384,2024-09-23,2024-09-26,feature_request,closed,44,235,4320
13890,1992,2024-09-30,2024-10-05,usage_question,closed,43,65,7200
13891,654,2024-03-25,2024-03-25,feature_request,closed,34,114,0
13892,1326,2024-04-25,2024-04-27,billing,closed,20,68,2880
13893,281,2024-10-17,2024-10-17,bug,closed,21,178,0
13894,1499,2023-09-18,2023-09-18,usage_question,closed,14,171,0
13895,1516,2023-12-18,2023-12-21,feature_request,closed,31,234,4320
13896,1501,2024-07-17,2024-07-17,feature_request,closed,24,26,0
13897,905,2024-06-16,2024-06-23,feature_request,closed,45,19,10080
13898,865,2024-10-30,2024-11-06,usage_question,closed,16,118,10080
13899,990,2024-09-23,2024-09-23,usage_question,closed,20,44,0
13900,1832,2024-08-14,2024-08-19,usage_question,closed,19,53,7200
13901,27,2024-04-16,2024-04-16,other,closed,47,190,0
13902,409,2024-12-17,2024-12-17,usage_question,closed,27,161,0
13903,424,2024-07-09,2024-07-09,feature_request,closed,17,122,0
13904,1641,2024-09-14,2024-09-14,bug,closed,21,133,0
13905,749,2024-08-19,2024-08-23,bug,closed,16,197,5760
13906,657,2023-05-23,2023-05-23,usage_question,closed,25,93,0
13907,852,2023-02-23,2023-02-23,usage_question,closed,34,47,0
13908,228,2024-04-11,2024-04-18,usage_question,closed,17,177,10080
13909,114,2024-04-30,2024-05-03,other,closed,46,36,4320
13910,187,2023-10-21,2023-10-21,bug,closed,4,85,0
13911,55,2024-06-30,2024-06-30,billing,closed,48,46,0
13912,555,2024-08-13,2024-08-19,bug,closed,33,166,8640
13913,1629,2024-10-17,2024-10-17,usage_question,closed,49,203,0
13914,1140,2024-02-10,2024-02-16,feature_request,closed,9,137,8640
13915,1796,2024-07-22,2024-07-27,bug,closed,7,125,7200
13916,452,2023-11-22,2023-11-29,bug,closed,39,52,10080
13917,1465,2024-03-04,2024-03-04,usage_question,closed,8,87,0
13918,1937,2024-11-21,2024-11-21,usage_question,closed,27,121,0
13919,1761,2024-11-18,2024-11-18,bug,closed,25,38,0
13920,1833,2024-07-03,2024-07-03,bug,closed,15,53,0
13921,1552,2024-01-30,2024-02-06,bug,closed,14,30,10080
13922,127,2024-11-10,2024-11-10,other,closed,3,124,0
13923,701,2024-09-06,2024-09-13,usage_question,closed,49,116,10080
13924,668,2024-02-01,2024-02-05,feature_request,closed,40,117,5760
13925,982,2024-07-16,2024-07-16,bug,closed,34,161,0
13926,306,2024-01-26,2024-01-27,bug,closed,24,60,1440
13927,241,2023-12-15,2023-12-18,usage_question,closed,27,95,4320
13928,563,2023-09-20,2023-09-27,billing,closed,13,54,10080
13929,50,2024-03-10,2024-03-17,usage_question,closed,6,216,10080
13930,342,2024-02-17,2024-02-23,usage_question,closed,49,69,8640
13931,73,2024-09-19,2024-09-21,usage_question,closed,4,146,2880
13932,876,2024-04-08,2024-04-08,usage_question,closed,19,82,0
13933,1480,2024-01-31,2024-02-06,usage_question,closed,14,100,8640
13934,1063,2024-11-23,2024-11-23,bug,closed,2,206,0
13935,1005,2024-02-08,2024-02-11,usage_question,closed,7,154,4320
13936,1476,2024-12-06,2024-12-11,bug,closed,40,187,7200
13937,819,2024-12-03,2024-12-03,bug,closed,23,233,0
13938,274,2024-01-16,2024-01-16,usage_question,closed,50,234,0
13939,1246,2024-05-15,2024-05-15,feature_request,closed,16,176,0
13940,1949,2024-12-02,2024-12-02,feature_request,closed,37,175,0
13941,805,2023-12-03,2023-12-03,bug,closed,42,110,0
13942,210,2024-12-28,2025-01-01,bug,open,13,64,5760
13943,1643,2024-08-30,2024-08-30,billing,closed,29,239,0
13944,508,2024-11-14,2024-11-14,usage_question,closed,42,123,0
13945,1545,2024-02-28,2024-03-01,usage_question,closed,31,49,2880
13946,1937,2024-04-28,2024-04-28,other,closed,30,157,0
13947,231,2024-12-12,2024-12-12,bug,closed,49,79,0
13948,720,2023-11-10,2023-11-10,bug,closed,34,225,0
13949,1800,2024-08-30,2024-08-30,usage_question,closed,18,203,0
13950,1567,2024-06-29,2024-06-29,bug,closed,17,112,0
13951,655,2024-01-22,2024-01-26,usage_question,closed,35,235,5760
13952,1145,2024-07-06,2024-07-10,feature_request,closed,39,25,5760
13953,514,2023-08-02,2023-08-02,usage_question,closed,47,129,0
13954,284,2024-05-31,2024-05-31,feature_request,closed,7,235,0
13955,1383,2024-02-11,2024-02-16,billing,closed,29,33,7200
13956,1496,2024-11-30,2024-12-07,billing,closed,14,235,10080
13957,1765,2024-05-19,2024-05-19,bug,closed,43,134,0
13958,1227,2024-06-11,2024-06-17,bug,closed,44,205,8640
13959,1359,2024-06-25,2024-06-26,bug,closed,39,219,1440
13960,902,2024-12-06,2024-12-11,usage_question,closed,38,83,7200
13961,1426,2024-06-15,2024-06-18,feature_request,closed,45,159,4320
13962,17,2024-03-26,2024-03-27,feature_request,closed,49,198,1440
13963,153,2023-05-01,2023-05-01,feature_request,closed,8,170,0
13964,230,2024-06-04,2024-06-04,billing,closed,17,63,0
13965,58,2024-09-23,2024-09-24,bug,closed,15,173,1440
13966,1984,2024-12-26,2024-12-26,usage_question,closed,19,137,0
13967,1748,2024-05-30,2024-06-05,other,closed,35,55,8640
13968,710,2024-09-13,2024-09-16,other,closed,42,66,4320
13969,900,2024-05-13,2024-05-14,billing,closed,42,102,1440
13970,734,2024-06-30,2024-07-02,feature_request,closed,29,102,2880
13971,1168,2024-03-15,2024-03-15,usage_question,closed,10,232,0
13972,1614,2024-07-10,2024-07-10,usage_question,closed,12,71,0
13973,109,2024-01-20,2024-01-26,usage_question,closed,42,86,8640
13974,1627,2024-02-11,2024-02-16,bug,closed,4,92,7200
13975,247,2024-03-13,2024-03-16,bug,closed,34,79,4320
13976,505,2024-05-29,2024-05-29,usage_question,closed,11,75,0
13977,1709,2024-09-10,2024-09-17,usage_question,closed,21,145,10080
13978,1304,2024-12-27,2024-12-29,billing,closed,30,120,2880
13979,1623,2024-09-09,2024-09-11,feature_request,closed,13,221,2880
13980,786,2024-08-21,2024-08-21,usage_question,closed,50,15,0
13981,924,2024-04-05,2024-04-08,billing,closed,39,122,4320
13982,1899,2024-05-08,2024-05-08,usage_question,closed,49,230,0
13983,1527,2024-10-25,2024-10-29,other,closed,4,135,5760
13984,1839,2024-11-27,2024-12-01,bug,closed,50,122,5760
13985,1625,2024-09-02,2024-09-02,billing,closed,21,106,0
13986,1114,2024-04-15,2024-04-17,feature_request,closed,21,221,2880
13987,1868,2024-05-05,2024-05-10,bug,closed,11,106,7200
13988,1944,2024-07-17,2024-07-17,feature_request,closed,37,154,0
13989,1315,2024-09-17,2024-09-17,bug,closed,17,173,0
13990,489,2023-06-28,2023-06-28,bug,closed,38,178,0
13991,542,2024-07-08,2024-07-08,bug,closed,6,32,0
13992,423,2024-10-14,2024-10-21,other,closed,43,190,10080
13993,1680,2023-12-12,2023-12-12,feature_request,closed,42,169,0
13994,688,2024-08-22,2024-08-22,usage_question,closed,19,126,0
13995,950,2024-11-06,2024-11-06,usage_question,closed,29,92,0
13996,225,2023-11-21,2023-11-22,billing,closed,30,213,1440
13997,900,2023-12-22,2023-12-29,usage_question,closed,18,163,10080
13998,1435,2024-11-28,2024-11-28,usage_question,closed,17,192,0
13999,991,2023-12-15,2023-12-15,feature_request,closed,12,227,0
14000,161,2024-04-11,2024-04-12,feature_request,closed,12,128,1440
14001,285,2024-05-22,2024-05-22,bug,closed,40,46,0
14002,1187,2024-08-26,2024-09-01,other,closed,34,232,8640
14003,326,2024-06-22,2024-06-22,usage_question,closed,50,147,0
14004,923,2024-04-04,2024-04-04,bug,closed,14,101,0
14005,44,2024-03-22,2024-03-22,usage_question,closed,33,121,0
14006,1985,2024-05-27,2024-05-27,bug,closed,34,122,0
14007,366,2024-01-27,2024-01-27,usage_question,closed,29,84,0
14008,821,2024-05-06,2024-05-06,usage_question,closed,14,87,0
14009,890,2024-05-30,2024-05-30,billing,closed,33,123,0
14010,466,2024-02-27,2024-02-27,bug,closed,14,193,0
14011,16,2024-11-09,2024-11-16,billing,closed,47,210,10080
14012,629,2024-08-27,2024-08-27,billing,closed,26,103,0
14013,1087,2024-09-12,2024-09-16,other,closed,27,37,5760
14014,900,2024-12-18,2024-12-21,other,closed,21,54,4320
14015,204,2024-07-07,2024-07-07,bug,closed,6,187,0
14016,296,2024-12-02,2024-12-07,feature_request,closed,24,28,7200
14017,99,2024-04-01,2024-04-01,other,closed,5,131,0
14018,634,2024-10-18,2024-10-21,bug,closed,19,76,4320
14019,1487,2024-12-03,2024-12-03,bug,closed,12,38,0
14020,534,2024-03-09,2024-03-09,feature_request,closed,35,57,0
14021,1071,2024-01-24,2024-01-24,feature_request,closed,30,30,0
14022,427,2024-10-17,2024-10-17,usage_question,closed,39,66,0
14023,1970,2023-11-04,2023-11-04,bug,closed,22,106,0
14024,1971,2023-09-29,2023-10-03,usage_question,closed,5,165,5760
14025,1879,2023-08-28,2023-08-28,bug,closed,22,65,0
14026,1270,2024-08-25,2024-08-27,bug,closed,7,15,2880
14027,33,2024-07-16,2024-07-16,bug,closed,26,178,0
14028,447,2024-06-19,2024-06-26,bug,closed,8,42,10080
14029,1404,2024-11-14,2024-11-14,usage_question,closed,30,73,0
14030,353,2023-07-24,2023-07-29,usage_question,closed,22,154,7200
14031,1872,2024-06-13,2024-06-18,bug,closed,34,39,7200
14032,802,2024-11-17,2024-11-19,bug,closed,43,28,2880
14033,1390,2024-11-10,2024-11-10,feature_request,closed,37,220,0
14034,1458,2024-10-08,2024-10-12,usage_question,closed,10,228,5760
14035,687,2024-09-23,2024-09-27,billing,closed,45,125,5760
14036,409,2023-11-13,2023-11-13,usage_question,closed,10,130,0
14037,937,2024-08-03,2024-08-09,other,closed,38,218,8640
14038,1338,2024-04-03,2024-04-09,usage_question,closed,33,68,8640
14039,1829,2024-10-08,2024-10-13,bug,closed,18,179,7200
14040,471,2024-08-22,2024-08-22,other,closed,7,21,0
14041,229,2024-04-13,2024-04-18,usage_question,closed,44,33,7200
14042,499,2024-10-21,2024-10-22,bug,closed,27,233,1440
14043,91,2024-12-10,2024-12-10,usage_question,closed,3,164,0
14044,1990,2024-11-07,2024-11-08,bug,closed,31,119,1440
14045,1824,2024-07-12,2024-07-18,feature_request,closed,40,159,8640
14046,395,2023-11-13,2023-11-14,usage_question,closed,20,155,1440
14047,1614,2023-11-26,2023-11-26,bug,closed,9,76,0
14048,1155,2024-11-12,2024-11-19,feature_request,closed,22,89,10080
14049,851,2024-06-28,2024-06-28,bug,closed,30,131,0
14050,1406,2023-11-01,2023-11-01,usage_question,closed,42,89,0
14051,656,2024-04-07,2024-04-07,usage_question,closed,16,237,0
14052,1536,2024-05-28,2024-06-04,bug,closed,31,27,10080
14053,977,2024-08-01,2024-08-01,billing,closed,23,214,0
14054,682,2024-08-09,2024-08-09,feature_request,closed,9,209,0
14055,773,2024-04-21,2024-04-21,bug,closed,36,186,0
14056,1995,2024-06-27,2024-06-29,bug,closed,25,138,2880
14057,1092,2024-11-01,2024-11-01,other,closed,31,124,0
14058,1912,2024-12-23,2024-12-26,bug,closed,21,56,4320
14059,189,2024-03-06,2024-03-06,usage_question,closed,6,53,0
14060,1,2024-04-12,2024-04-18,bug,closed,45,65,8640
14061,675,2024-07-16,2024-07-21,bug,closed,30,84,7200
14062,1717,2024-08-11,2024-08-17,bug,closed,37,183,8640
14063,697,2024-10-23,2024-10-23,bug,closed,13,225,0
14064,6,2024-10-14,2024-10-14,feature_request,closed,47,170,0
14065,640,2024-05-03,2024-05-04,bug,closed,13,150,1440
14066,985,2024-09-14,2024-09-14,other,closed,4,85,0
14067,595,2023-12-15,2023-12-19,bug,closed,13,76,5760
14068,1483,2024-03-30,2024-03-30,usage_question,closed,24,218,0
14069,872,2024-09-06,2024-09-08,other,closed,2,145,2880
14070,1759,2024-04-11,2024-04-14,usage_question,closed,38,61,4320
14071,138,2024-07-02,2024-07-06,bug,closed,30,227,5760
14072,1449,2024-05-29,2024-06-03,feature_request,closed,22,18,7200
14073,1402,2024-10-20,2024-10-20,billing,closed,50,135,0
14074,481,2024-05-13,2024-05-13,billing,closed,14,215,0
14075,467,2024-09-27,2024-09-27,feature_request,closed,43,121,0
14076,1059,2024-02-24,2024-02-26,billing,closed,7,27,2880
14077,733,2024-05-14,2024-05-19,usage_question,closed,30,215,7200
14078,854,2024-07-27,2024-07-29,bug,closed,18,148,2880
14079,901,2023-03-16,2023-03-19,bug,closed,18,219,4320
14080,569,2024-02-11,2024-02-11,usage_question,closed,50,56,0
14081,1683,2024-07-18,2024-07-23,other,closed,44,94,7200
14082,1801,2024-12-02,2024-12-02,feature_request,closed,37,233,0
14083,94,2024-11-22,2024-11-22,bug,closed,32,105,0
14084,1412,2024-09-03,2024-09-05,usage_question,closed,3,183,2880
14085,1410,2024-08-30,2024-08-30,usage_question,closed,31,106,0
14086,636,2024-08-15,2024-08-21,bug,closed,44,146,8640
14087,810,2024-03-05,2024-03-12,feature_request,closed,23,153,10080
14088,1244,2024-11-29,2024-11-29,usage_question,closed,20,163,0
14089,1510,2024-12-28,2024-12-30,usage_question,closed,40,45,2880
14090,636,2024-06-03,2024-06-10,usage_question,closed,15,227,10080
14091,726,2024-09-23,2024-09-23,feature_request,closed,18,151,0
14092,1029,2023-10-20,2023-10-20,feature_request,closed,3,102,0
14093,1161,2024-05-26,2024-05-28,feature_request,closed,1,182,2880
14094,1524,2024-10-04,2024-10-04,usage_question,closed,17,163,0
14095,603,2024-12-18,2024-12-21,billing,closed,15,67,4320
14096,103,2024-07-23,2024-07-23,bug,closed,22,123,0
14097,1411,2024-09-18,2024-09-18,billing,closed,16,96,0
14098,1552,2024-10-10,2024-10-10,bug,closed,31,133,0
14099,1444,2023-10-14,2023-10-14,other,closed,2,17,0
14100,1084,2024-05-25,2024-05-25,other,closed,3,201,0
14101,1267,2023-08-17,2023-08-17,feature_request,closed,34,186,0
14102,1961,2024-09-22,2024-09-26,usage_question,closed,31,86,5760
14103,936,2024-11-06,2024-11-06,usage_question,closed,18,224,0
14104,1574,2024-03-05,2024-03-05,usage_question,closed,9,136,0
14105,622,2024-11-28,2024-11-28,billing,closed,12,140,0
14106,577,2024-12-18,2024-12-20,bug,closed,33,169,2880
14107,1791,2024-04-27,2024-04-29,feature_request,closed,42,72,2880
14108,1593,2024-08-19,2024-08-19,usage_question,closed,48,108,0
14109,177,2024-11-28,2024-11-28,feature_request,closed,5,216,0
14110,1215,2023-05-22,2023-05-23,usage_question,closed,25,27,1440
14111,1795,2024-05-11,2024-05-15,billing,closed,13,112,5760
14112,165,2024-03-11,2024-03-11,bug,closed,37,35,0
14113,830,2024-03-02,2024-03-02,bug,closed,42,149,0
14114,213,2024-01-09,2024-01-09,other,closed,22,224,0
14115,462,2024-01-30,2024-01-30,other,closed,46,198,0
14116,783,2024-09-14,2024-09-14,usage_question,closed,50,16,0
14117,1279,2024-07-03,2024-07-03,other,closed,30,235,0
14118,210,2024-08-01,2024-08-04,usage_question,closed,32,147,4320
14119,1241,2024-05-15,2024-05-15,bug,closed,5,81,0
14120,1452,2024-03-19,2024-03-20,usage_question,closed,49,51,1440
14121,656,2024-04-30,2024-05-06,usage_question,closed,45,83,8640
14122,1597,2024-07-18,2024-07-24,other,closed,4,38,8640
14123,1774,2023-12-05,2023-12-08,usage_question,closed,48,91,4320
14124,923,2024-06-06,2024-06-13,bug,closed,26,30,10080
14125,1575,2024-07-10,2024-07-10,bug,closed,50,86,0
14126,190,2024-08-22,2024-08-22,usage_question,closed,11,209,0
14127,1531,2024-11-23,2024-11-26,other,closed,10,63,4320
14128,1241,2023-10-10,2023-10-10,bug,closed,4,94,0
14129,1062,2024-02-09,2024-02-09,usage_question,closed,23,71,0
14130,1280,2024-02-12,2024-02-17,feature_request,closed,36,51,7200
14131,641,2024-04-24,2024-04-24,bug,closed,36,38,0
14132,1463,2024-06-24,2024-07-01,bug,closed,25,191,10080
14133,1063,2024-02-24,2024-02-24,usage_question,closed,45,30,0
14134,829,2024-01-02,2024-01-02,usage_question,closed,8,183,0
14135,1442,2023-08-01,2023-08-01,other,closed,19,30,0
14136,506,2024-01-31,2024-02-06,bug,closed,11,141,8640
14137,945,2024-03-28,2024-04-04,feature_request,closed,32,121,10080
14138,938,2024-05-01,2024-05-03,usage_question,closed,33,26,2880
14139,1013,2024-06-02,2024-06-08,bug,closed,40,29,8640
14140,1663,2024-04-21,2024-04-27,usage_question,closed,34,196,8640
14141,1230,2024-12-26,2024-12-26,usage_question,closed,4,234,0
14142,1849,2024-07-13,2024-07-18,other,closed,31,177,7200
14143,750,2024-03-20,2024-03-26,feature_request,closed,40,224,8640
14144,1921,2024-06-01,2024-06-01,billing,closed,6,201,0
14145,25,2023-03-20,2023-03-20,billing,closed,39,176,0
14146,1063,2023-12-12,2023-12-12,feature_request,closed,42,181,0
14147,1635,2024-12-13,2024-12-15,other,closed,4,214,2880
14148,1361,2024-11-03,2024-11-04,usage_question,closed,1,130,1440
14149,1305,2024-07-08,2024-07-08,usage_question,closed,13,142,0
14150,138,2024-12-10,2024-12-16,usage_question,closed,20,205,8640
14151,1229,2024-11-22,2024-11-22,feature_request,closed,43,118,0
14152,1527,2024-05-23,2024-05-23,usage_question,closed,43,85,0
14153,1956,2024-12-22,2024-12-29,bug,closed,34,113,10080
14154,1389,2024-07-17,2024-07-18,feature_request,closed,8,177,1440
14155,1268,2024-05-16,2024-05-16,usage_question,closed,49,103,0
14156,1993,2024-03-24,2024-03-24,bug,closed,18,219,0
14157,1084,2024-12-09,2024-12-13,usage_question,closed,9,33,5760
14158,1583,2024-03-20,2024-03-24,bug,closed,16,80,5760
14159,491,2024-01-11,2024-01-11,usage_question,closed,8,175,0
14160,1100,2024-11-23,2024-11-23,usage_question,closed,10,100,0
14161,1935,2024-12-28,2025-01-01,other,open,38,221,5760
14162,1856,2023-12-06,2023-12-09,billing,closed,4,177,4320
14163,729,2024-03-28,2024-03-28,bug,closed,39,96,0
14164,1440,2023-10-05,2023-10-06,feature_request,closed,16,49,1440
14165,235,2024-04-23,2024-04-28,bug,closed,16,26,7200
14166,1099,2024-06-15,2024-06-18,other,closed,46,182,4320
14167,51,2024-12-07,2024-12-07,bug,closed,29,239,0
14168,1102,2024-12-16,2024-12-23,bug,closed,23,178,10080
14169,624,2023-12-17,2023-12-22,feature_request,closed,32,232,7200
14170,1866,2024-04-14,2024-04-15,usage_question,closed,37,149,1440
14171,1638,2024-08-30,2024-09-01,feature_request,closed,26,239,2880
14172,1540,2024-11-07,2024-11-07,other,closed,5,231,0
14173,866,2024-03-17,2024-03-23,bug,closed,18,128,8640
14174,839,2024-06-13,2024-06-20,bug,closed,50,30,10080
14175,1185,2024-05-25,2024-05-30,billing,closed,7,108,7200
14176,1822,2023-11-13,2023-11-13,billing,closed,8,215,0
14177,1981,2024-02-28,2024-02-28,bug,closed,13,26,0
14178,1407,2023-07-27,2023-07-27,usage_question,closed,42,185,0
14179,1159,2024-10-06,2024-10-06,usage_question,closed,47,126,0
14180,1698,2024-06-26,2024-06-28,other,closed,24,203,2880
14181,1696,2024-11-06,2024-11-12,bug,closed,17,75,8640
14182,370,2024-09-15,2024-09-15,usage_question,closed,1,168,0
14183,742,2024-06-15,2024-06-21,billing,closed,23,99,8640
14184,879,2024-06-05,2024-06-05,usage_question,closed,19,20,0
14185,905,2024-02-15,2024-02-16,feature_request,closed,23,215,1440
14186,797,2024-07-04,2024-07-06,usage_question,closed,3,21,2880
14187,762,2023-12-12,2023-12-16,bug,closed,50,210,5760
14188,1433,2023-12-02,2023-12-02,usage_question,closed,48,181,0
14189,1638,2024-05-24,2024-05-24,bug,closed,12,101,0
14190,1175,2024-08-22,2024-08-26,usage_question,closed,18,100,5760
14191,49,2024-05-27,2024-06-02,bug,closed,36,143,8640
14192,745,2024-03-01,2024-03-01,feature_request,closed,13,136,0
14193,1853,2024-10-13,2024-10-13,feature_request,closed,16,119,0
14194,808,2024-09-23,2024-09-23,billing,closed,3,163,0
14195,199,2024-01-29,2024-01-29,bug,closed,47,33,0
14196,798,2024-11-28,2024-12-01,bug,closed,4,218,4320
14197,757,2024-03-04,2024-03-04,bug,closed,9,36,0
14198,1097,2024-03-25,2024-03-30,usage_question,closed,3,87,7200
14199,1353,2024-08-16,2024-08-22,usage_question,closed,29,71,8640
14200,1014,2024-06-21,2024-06-26,other,closed,44,85,7200
14201,1757,2024-01-23,2024-01-26,billing,closed,42,45,4320
14202,1502,2024-09-29,2024-09-29,feature_request,closed,32,69,0
14203,674,2024-10-29,2024-11-03,billing,closed,35,112,7200
14204,529,2024-05-06,2024-05-06,feature_request,closed,11,173,0
14205,541,2024-04-30,2024-04-30,feature_request,closed,17,70,0
14206,486,2024-01-31,2024-02-02,usage_question,closed,24,116,2880
14207,248,2023-10-30,2023-10-30,usage_question,closed,23,31,0
14208,1833,2024-03-28,2024-04-04,usage_question,closed,36,85,10080
14209,203,2024-03-05,2024-03-05,other,closed,6,62,0
14210,1464,2024-12-06,2024-12-09,bug,closed,5,238,4320
14211,59,2024-10-10,2024-10-10,usage_question,closed,47,15,0
14212,889,2024-09-08,2024-09-08,bug,closed,46,185,0
14213,1122,2024-09-11,2024-09-11,bug,closed,39,152,0
14214,1829,2024-04-21,2024-04-22,billing,closed,44,38,1440
14215,1882,2024-09-06,2024-09-11,bug,closed,34,219,7200
14216,1246,2024-11-04,2024-11-07,usage_question,closed,9,59,4320
14217,1441,2024-11-16,2024-11-23,usage_question,closed,39,203,10080
14218,884,2024-02-26,2024-03-03,usage_question,closed,12,109,8640
14219,230,2024-01-24,2024-01-24,other,closed,36,163,0
14220,1592,2024-09-21,2024-09-21,other,closed,10,109,0
14221,640,2024-04-07,2024-04-11,billing,closed,16,130,5760
14222,1596,2023-12-12,2023-12-12,bug,closed,35,196,0
14223,1095,2024-08-25,2024-08-25,usage_question,closed,1,136,0
14224,1689,2023-12-29,2024-01-04,other,closed,16,43,8640
14225,1823,2023-10-19,2023-10-19,billing,closed,33,148,0
14226,1386,2024-06-23,2024-06-30,usage_question,closed,5,55,10080
14227,324,2024-07-28,2024-08-02,bug,closed,34,117,7200
14228,397,2024-01-04,2024-01-04,bug,closed,1,116,0
14229,499,2024-10-09,2024-10-15,bug,closed,26,137,8640
14230,994,2024-06-20,2024-06-23,feature_request,closed,43,44,4320
14231,1921,2024-01-13,2024-01-13,other,closed,33,221,0
14232,849,2023-04-27,2023-05-02,usage_question,closed,21,199,7200
14233,328,2024-02-26,2024-02-26,bug,closed,4,59,0
14234,801,2024-06-06,2024-06-09,other,closed,15,169,4320
14235,1743,2024-07-19,2024-07-19,feature_request,closed,12,84,0
14236,1812,2024-10-28,2024-10-28,usage_question,closed,16,54,0
14237,56,2024-02-25,2024-02-25,other,closed,18,116,0
14238,182,2024-11-11,2024-11-12,feature_request,closed,38,129,1440
14239,458,2024-08-11,2024-08-11,bug,closed,19,42,0
14240,14,2024-11-24,2024-11-30,usage_question,closed,3,229,8640
14241,1722,2024-03-04,2024-03-04,usage_question,closed,26,225,0
14242,1202,2024-03-16,2024-03-21,feature_request,closed,43,132,7200
14243,1940,2024-04-15,2024-04-16,usage_question,closed,35,77,1440
14244,702,2024-11-20,2024-11-20,other,closed,38,47,0
14245,41,2024-10-20,2024-10-22,feature_request,closed,38,207,2880
14246,1846,2024-03-07,2024-03-08,usage_question,closed,21,124,1440
14247,1712,2024-05-26,2024-05-26,billing,closed,14,220,0
14248,1564,2024-04-15,2024-04-15,bug,closed,10,136,0
14249,1671,2024-04-28,2024-05-02,usage_question,closed,35,157,5760
14250,420,2024-09-06,2024-09-06,usage_question,closed,4,224,0
14251,521,2024-09-02,2024-09-09,bug,closed,38,228,10080
14252,254,2024-04-28,2024-04-28,billing,closed,1,19,0
14253,1855,2024-12-04,2024-12-09,feature_request,closed,21,41,7200
14254,1051,2024-06-15,2024-06-16,other,closed,45,54,1440
14255,1752,2023-07-05,2023-07-05,usage_question,closed,16,33,0
14256,1182,2024-12-26,2024-12-28,bug,closed,27,18,2880
14257,737,2024-05-05,2024-05-06,bug,closed,24,30,1440
14258,1263,2024-05-14,2024-05-14,bug,closed,17,120,0
14259,581,2024-04-05,2024-04-05,feature_request,closed,49,224,0
14260,802,2023-10-25,2023-10-25,usage_question,closed,5,165,0
14261,992,2023-01-15,2023-01-21,feature_request,closed,15,87,8640
14262,820,2024-08-06,2024-08-10,usage_question,closed,45,60,5760
14263,481,2023-12-17,2023-12-17,usage_question,closed,20,192,0
14264,1244,2024-06-14,2024-06-19,other,closed,31,144,7200
14265,83,2023-10-12,2023-10-14,usage_question,closed,43,227,2880
14266,87,2024-10-23,2024-10-30,usage_question,closed,23,225,10080
14267,1546,2024-11-20,2024-11-20,billing,closed,36,95,0
14268,1657,2024-11-08,2024-11-09,bug,closed,33,60,1440
14269,1087,2024-06-26,2024-06-26,other,closed,42,46,0
14270,720,2024-04-17,2024-04-24,billing,closed,36,42,10080
14271,1663,2023-11-27,2023-11-27,usage_question,closed,49,178,0
14272,1744,2024-10-06,2024-10-06,usage_question,closed,35,123,0
14273,1860,2024-04-29,2024-05-01,bug,closed,4,60,2880
14274,69,2023-10-20,2023-10-22,feature_request,closed,22,62,2880
14275,1450,2024-04-15,2024-04-15,usage_question,closed,16,116,0
14276,893,2024-02-22,2024-02-28,usage_question,closed,48,148,8640
14277,153,2024-02-05,2024-02-09,bug,closed,45,207,5760
14278,1657,2023-07-17,2023-07-23,other,closed,29,53,8640
14279,392,2024-12-17,2024-12-21,usage_question,closed,31,222,5760
14280,1447,2024-10-26,2024-10-26,usage_question,closed,32,35,0
14281,32,2024-10-04,2024-10-09,usage_question,closed,6,179,7200
14282,1102,2024-01-07,2024-01-11,feature_request,closed,35,234,5760
14283,578,2023-12-18,2023-12-25,feature_request,closed,46,216,10080
14284,1961,2024-04-09,2024-04-09,bug,closed,39,165,0
14285,907,2024-09-20,2024-09-24,usage_question,closed,44,53,5760
14286,164,2023-11-01,2023-11-05,billing,closed,40,45,5760
14287,941,2024-10-17,2024-10-17,billing,closed,20,161,0
14288,515,2024-09-24,2024-09-24,usage_question,closed,26,140,0
14289,645,2024-04-11,2024-04-16,bug,closed,13,122,7200
14290,613,2024-06-10,2024-06-16,feature_request,closed,32,203,8640
14291,945,2024-02-20,2024-02-27,feature_request,closed,50,223,10080
14292,352,2024-08-03,2024-08-09,bug,closed,46,62,8640
14293,1826,2023-12-25,2023-12-25,bug,closed,16,158,0
14294,337,2023-12-29,2023-12-29,billing,closed,11,205,0
14295,671,2024-07-13,2024-07-20,usage_question,closed,9,240,10080
14296,556,2024-07-25,2024-07-25,usage_question,closed,9,162,0
14297,275,2024-09-10,2024-09-10,usage_question,closed,49,111,0
14298,628,2024-09-18,2024-09-25,bug,closed,7,121,10080
14299,1852,2024-02-18,2024-02-18,usage_question,closed,2,208,0
14300,24,2023-12-23,2023-12-23,usage_question,closed,20,172,0
14301,640,2024-05-31,2024-05-31,other,closed,5,213,0
14302,516,2024-12-24,2024-12-24,bug,closed,15,84,0
14303,819,2024-04-18,2024-04-19,bug,closed,47,113,1440
14304,1198,2023-12-24,2023-12-27,usage_question,closed,13,239,4320
14305,343,2024-01-25,2024-01-26,usage_question,closed,26,49,1440
14306,415,2024-11-24,2024-11-24,bug,closed,29,204,0
14307,1733,2024-04-14,2024-04-17,other,closed,27,17,4320
14308,1193,2023-12-25,2023-12-26,bug,closed,29,94,1440
14309,279,2024-07-15,2024-07-15,usage_question,closed,34,211,0
14310,591,2024-04-07,2024-04-10,bug,closed,29,198,4320
14311,873,2023-10-18,2023-10-18,billing,closed,24,216,0
14312,1889,2023-11-10,2023-11-10,billing,closed,13,114,0
14313,1883,2024-03-04,2024-03-11,other,closed,3,161,10080
14314,1712,2023-12-01,2023-12-03,bug,closed,22,60,2880
14315,1445,2024-02-03,2024-02-03,usage_question,closed,29,234,0
14316,962,2024-03-26,2024-03-26,bug,closed,38,156,0
14317,1218,2024-07-12,2024-07-12,billing,closed,37,59,0
14318,440,2024-07-17,2024-07-21,other,closed,25,50,5760
14319,63,2024-02-12,2024-02-12,billing,closed,39,34,0
14320,860,2024-04-03,2024-04-03,usage_question,closed,22,104,0
14321,791,2024-01-28,2024-02-03,feature_request,closed,38,38,8640
14322,938,2024-11-11,2024-11-14,billing,closed,25,142,4320
14323,1098,2024-09-08,2024-09-08,usage_question,closed,7,147,0
14324,634,2024-03-23,2024-03-27,bug,closed,13,226,5760
14325,641,2024-10-11,2024-10-11,billing,closed,23,156,0
14326,1422,2024-05-30,2024-05-30,usage_question,closed,32,234,0
14327,641,2024-12-24,2024-12-24,feature_request,closed,30,104,0
14328,505,2024-10-03,2024-10-03,usage_question,closed,24,135,0
14329,688,2024-08-08,2024-08-12,usage_question,closed,48,24,5760
14330,1399,2023-11-19,2023-11-19,usage_question,closed,49,220,0
14331,1645,2023-10-24,2023-10-27,usage_question,closed,46,28,4320
14332,1999,2024-01-14,2024-01-20,feature_request,closed,49,217,8640
14333,882,2024-08-31,2024-08-31,usage_question,closed,16,133,0
14334,825,2024-09-20,2024-09-20,billing,closed,23,30,0
14335,1978,2023-10-11,2023-10-17,bug,closed,11,166,8640
14336,1784,2024-07-03,2024-07-03,usage_question,closed,29,113,0
14337,261,2024-04-10,2024-04-14,billing,closed,29,239,5760
14338,1245,2023-02-24,2023-02-27,bug,closed,33,43,4320
14339,234,2024-08-11,2024-08-15,usage_question,closed,50,151,5760
14340,632,2024-11-06,2024-11-08,billing,closed,30,51,2880
14341,956,2024-08-16,2024-08-16,feature_request,closed,9,200,0
14342,1459,2024-07-10,2024-07-10,bug,closed,32,185,0
14343,1520,2024-07-07,2024-07-13,feature_request,closed,27,49,8640
14344,68,2024-06-25,2024-06-25,bug,closed,37,92,0
14345,250,2024-05-19,2024-05-19,usage_question,closed,19,156,0
14346,1115,2024-02-14,2024-02-17,usage_question,closed,8,51,4320
14347,1550,2024-03-10,2024-03-10,feature_request,closed,45,136,0
14348,71,2024-06-23,2024-06-28,other,closed,10,238,7200
14349,357,2024-06-20,2024-06-27,usage_question,closed,47,112,10080
14350,1094,2023-09-25,2023-09-25,usage_question,closed,37,238,0
14351,1608,2024-08-27,2024-08-27,bug,closed,43,235,0
14352,1689,2024-10-28,2024-11-03,bug,closed,27,29,8640
14353,1612,2024-10-16,2024-10-18,billing,closed,49,203,2880
14354,299,2024-07-16,2024-07-16,feature_request,closed,37,113,0
14355,625,2023-10-03,2023-10-09,usage_question,closed,9,216,8640
14356,1363,2024-10-30,2024-11-06,usage_question,closed,12,145,10080
14357,1000,2024-11-11,2024-11-15,usage_question,closed,42,32,5760
14358,319,2023-12-27,2023-12-27,bug,closed,47,217,0
14359,1181,2024-06-25,2024-06-25,feature_request,closed,22,175,0
14360,128,2024-12-12,2024-12-15,other,closed,17,219,4320
14361,540,2024-06-12,2024-06-13,usage_question,closed,50,181,1440
14362,1238,2023-08-12,2023-08-15,feature_request,closed,25,88,4320
14363,815,2023-11-16,2023-11-20,bug,closed,32,165,5760
14364,672,2024-09-30,2024-09-30,other,closed,10,117,0
14365,1932,2024-02-13,2024-02-13,feature_request,closed,34,149,0
14366,1447,2024-11-05,2024-11-05,bug,closed,31,53,0
14367,785,2024-09-26,2024-09-26,feature_request,closed,34,116,0
14368,1749,2024-10-27,2024-10-28,feature_request,closed,35,116,1440
14369,87,2024-07-10,2024-07-17,bug,closed,33,53,10080
14370,572,2023-01-14,2023-01-14,feature_request,closed,34,57,0
14371,1177,2023-11-04,2023-11-04,feature_request,closed,30,240,0
14372,1219,2024-10-06,2024-10-06,other,closed,24,230,0
14373,868,2024-02-25,2024-02-25,other,closed,34,147,0
14374,1015,2023-11-26,2023-11-26,usage_question,closed,5,133,0
14375,188,2024-02-08,2024-02-15,bug,closed,38,164,10080
14376,1970,2024-12-03,2024-12-03,usage_question,closed,16,103,0
14377,894,2024-06-01,2024-06-01,feature_request,closed,25,177,0
14378,1861,2023-03-07,2023-03-07,other,closed,6,138,0
14379,1058,2024-11-13,2024-11-13,bug,closed,36,200,0
14380,263,2024-06-16,2024-06-17,feature_request,closed,5,110,1440
14381,1750,2024-06-11,2024-06-12,feature_request,closed,49,54,1440
14382,483,2024-07-18,2024-07-20,usage_question,closed,38,32,2880
14383,1865,2024-12-08,2024-12-08,other,closed,50,210,0
14384,1191,2024-11-19,2024-11-19,other,closed,22,229,0
14385,443,2024-08-15,2024-08-22,bug,closed,19,224,10080
14386,362,2024-12-02,2024-12-02,usage_question,closed,31,46,0
14387,486,2024-11-13,2024-11-14,bug,closed,3,38,1440
14388,1806,2024-05-07,2024-05-11,bug,closed,37,52,5760
14389,1389,2024-11-20,2024-11-20,billing,closed,40,124,0
14390,1330,2024-12-05,2024-12-05,other,closed,12,225,0
14391,1873,2023-12-24,2023-12-24,bug,closed,3,230,0
14392,161,2024-11-25,2024-11-26,feature_request,closed,35,240,1440
14393,1080,2024-12-16,2024-12-23,usage_question,closed,33,39,10080
14394,1144,2024-07-24,2024-07-24,usage_question,closed,31,63,0
14395,888,2024-02-22,2024-02-22,usage_question,closed,1,85,0
14396,1158,2023-10-28,2023-10-29,bug,closed,30,174,1440
14397,1525,2024-07-29,2024-08-02,bug,closed,49,115,5760
14398,914,2023-08-21,2023-08-22,other,closed,7,72,1440
14399,1007,2024-09-01,2024-09-02,bug,closed,19,72,1440
14400,129,2024-03-05,2024-03-05,usage_question,closed,33,100,0
14401,1781,2024-03-13,2024-03-16,bug,closed,4,20,4320
14402,1669,2024-05-16,2024-05-19,usage_question,closed,6,223,4320
14403,686,2023-12-06,2023-12-06,other,closed,20,135,0
14404,1836,2024-02-09,2024-02-09,usage_question,closed,44,123,0
14405,751,2024-04-22,2024-04-22,usage_question,closed,5,154,0
14406,851,2024-08-24,2024-08-27,usage_question,closed,11,61,4320
14407,1387,2024-09-22,2024-09-26,bug,closed,30,103,5760
14408,182,2024-09-26,2024-09-29,usage_question,closed,23,162,4320
14409,99,2024-02-24,2024-02-24,other,closed,11,65,0
14410,1121,2024-08-14,2024-08-14,bug,closed,39,136,0
14411,1012,2024-09-11,2024-09-11,feature_request,closed,31,230,0
14412,483,2024-08-05,2024-08-11,usage_question,closed,36,153,8640
14413,572,2023-05-29,2023-05-29,other,closed,25,89,0
14414,364,2024-09-24,2024-09-24,feature_request,closed,17,23,0
14415,1321,2024-05-06,2024-05-06,bug,closed,11,68,0
14416,347,2024-04-13,2024-04-13,other,closed,37,78,0
14417,1755,2024-05-13,2024-05-13,bug,closed,27,217,0
14418,1640,2024-09-07,2024-09-09,usage_question,closed,13,86,2880
14419,1187,2024-01-30,2024-01-30,bug,closed,42,24,0
14420,371,2024-12-04,2024-12-04,bug,closed,10,166,0
14421,387,2024-06-25,2024-06-25,usage_question,closed,2,139,0
14422,283,2024-09-02,2024-09-09,usage_question,closed,37,79,10080
14423,958,2024-01-17,2024-01-17,billing,closed,23,222,0
14424,15,2024-09-10,2024-09-12,bug,closed,47,188,2880
14425,386,2024-07-27,2024-07-27,usage_question,closed,17,80,0
14426,1623,2024-12-14,2024-12-14,usage_question,closed,29,32,0
14427,1577,2024-12-09,2024-12-09,bug,closed,39,64,0
14428,355,2024-03-20,2024-03-20,feature_request,closed,12,113,0
14429,1297,2024-10-27,2024-10-27,usage_question,closed,34,154,0
14430,10,2024-01-10,2024-01-10,feature_request,closed,32,50,0
14431,1025,2024-12-17,2024-12-18,billing,closed,27,220,1440
14432,1996,2024-12-19,2024-12-19,other,closed,14,216,0
14433,713,2024-03-25,2024-04-01,billing,closed,10,116,10080
14434,1890,2024-12-04,2024-12-11,bug,closed,33,25,10080
14435,1257,2024-11-05,2024-11-07,usage_question,closed,33,63,2880
14436,1052,2024-09-21,2024-09-22,usage_question,closed,33,23,1440
14437,245,2024-05-21,2024-05-22,billing,closed,6,212,1440
14438,958,2024-10-18,2024-10-25,usage_question,closed,21,143,10080
14439,912,2024-12-26,2024-12-28,usage_question,closed,19,120,2880
14440,859,2024-09-19,2024-09-19,billing,closed,47,24,0
14441,1453,2024-03-26,2024-03-26,bug,closed,22,116,0
14442,1387,2024-05-20,2024-05-20,feature_request,closed,8,160,0
14443,824,2024-06-30,2024-07-04,feature_request,closed,21,18,5760
14444,1674,2024-05-09,2024-05-09,usage_question,closed,35,116,0
14445,986,2024-08-04,2024-08-04,usage_question,closed,31,109,0
14446,943,2023-11-22,2023-11-28,usage_question,closed,27,230,8640
14447,905,2024-01-16,2024-01-16,bug,closed,29,165,0
14448,285,2024-04-08,2024-04-08,bug,closed,43,113,0
14449,1506,2023-12-27,2024-01-03,bug,closed,1,94,10080
14450,505,2023-11-18,2023-11-18,billing,closed,39,153,0
14451,608,2024-12-17,2024-12-18,usage_question,closed,9,168,1440
14452,179,2024-07-01,2024-07-05,billing,closed,47,69,5760
14453,1068,2023-06-12,2023-06-18,usage_question,closed,2,83,8640
14454,288,2024-03-03,2024-03-03,billing,closed,14,144,0
14455,1896,2024-02-01,2024-02-01,usage_question,closed,39,100,0
14456,1879,2024-11-05,2024-11-05,billing,closed,1,186,0
14457,1277,2024-08-23,2024-08-23,usage_question,closed,25,209,0
14458,1070,2024-05-22,2024-05-22,usage_question,closed,46,192,0
14459,137,2024-07-18,2024-07-18,bug,closed,31,102,0
14460,1032,2024-05-23,2024-05-24,usage_question,closed,47,171,1440
14461,1084,2023-11-13,2023-11-19,feature_request,closed,8,123,8640
14462,946,2024-12-07,2024-12-07,usage_question,closed,37,216,0
14463,1191,2023-10-12,2023-10-14,feature_request,closed,38,33,2880
14464,1784,2024-08-30,2024-08-30,bug,closed,20,175,0
14465,1179,2024-05-23,2024-05-23,feature_request,closed,12,28,0
14466,312,2024-05-23,2024-05-24,bug,closed,32,69,1440
14467,1133,2024-12-21,2024-12-25,usage_question,closed,25,156,5760
14468,1080,2024-07-25,2024-07-25,bug,closed,45,154,0
14469,554,2024-01-09,2024-01-09,usage_question,closed,5,96,0
14470,1565,2023-11-20,2023-11-24,usage_question,closed,22,216,5760
14471,1832,2024-05-16,2024-05-16,bug,closed,27,94,0
14472,905,2023-11-05,2023-11-05,billing,closed,6,146,0
14473,1135,2024-07-31,2024-08-01,bug,closed,42,174,1440
14474,97,2024-09-07,2024-09-09,feature_request,closed,31,16,2880
14475,1768,2024-02-15,2024-02-20,feature_request,closed,22,21,7200
14476,1533,2024-01-06,2024-01-13,bug,closed,29,166,10080
14477,1215,2023-10-22,2023-10-22,bug,closed,21,47,0
14478,1109,2024-12-22,2024-12-23,bug,closed,26,147,1440
14479,493,2024-07-04,2024-07-06,usage_question,closed,46,19,2880
14480,726,2023-05-05,2023-05-05,bug,closed,21,24,0
14481,1193,2024-12-28,2025-01-02,feature_request,open,18,36,7200
14482,78,2023-09-19,2023-09-19,bug,closed,40,232,0
14483,1885,2024-07-05,2024-07-05,usage_question,closed,40,156,0
14484,1385,2024-03-04,2024-03-04,bug,closed,8,222,0
14485,1678,2024-12-16,2024-12-17,usage_question,closed,44,53,1440
14486,466,2023-12-03,2023-12-03,billing,closed,26,59,0
14487,727,2024-08-12,2024-08-18,usage_question,closed,32,87,8640
14488,827,2023-07-23,2023-07-23,usage_question,closed,49,172,0
14489,469,2024-08-04,2024-08-04,usage_question,closed,22,234,0
14490,732,2024-05-01,2024-05-01,bug,closed,35,39,0
14491,1134,2023-10-07,2023-10-07,billing,closed,15,159,0
14492,892,2024-07-20,2024-07-20,bug,closed,23,103,0
14493,1105,2024-04-01,2024-04-01,feature_request,closed,11,84,0
14494,558,2024-09-07,2024-09-07,usage_question,closed,40,187,0
14495,1372,2023-12-15,2023-12-15,usage_question,closed,18,169,0
14496,331,2024-08-13,2024-08-13,feature_request,closed,9,153,0
14497,1531,2024-12-18,2024-12-18,usage_question,closed,38,59,0
14498,96,2024-09-08,2024-09-14,usage_question,closed,42,18,8640
14499,905,2023-10-17,2023-10-19,other,closed,13,68,2880
14500,807,2024-08-13,2024-08-15,feature_request,closed,20,128,2880
14501,127,2024-07-22,2024-07-29,bug,closed,7,149,10080
14502,230,2024-03-08,2024-03-15,billing,closed,8,169,10080
14503,1437,2024-07-27,2024-07-31,other,closed,10,126,5760
14504,1318,2023-06-17,2023-06-22,usage_question,closed,18,214,7200
14505,312,2024-11-15,2024-11-15,usage_question,closed,7,32,0
14506,1953,2024-12-16,2024-12-18,bug,closed,44,116,2880
14507,296,2024-01-29,2024-01-29,billing,closed,27,219,0
14508,30,2024-05-03,2024-05-04,bug,closed,3,131,1440
14509,523,2024-04-13,2024-04-13,usage_question,closed,42,190,0
14510,47,2024-11-15,2024-11-20,bug,closed,34,212,7200
14511,1982,2024-08-30,2024-09-03,bug,closed,32,215,5760
14512,1105,2024-12-27,2025-01-03,bug,open,35,82,10080
14513,1333,2024-10-28,2024-11-03,usage_question,closed,17,72,8640
14514,1448,2024-05-07,2024-05-13,usage_question,closed,38,225,8640
14515,284,2024-06-14,2024-06-14,bug,closed,40,227,0
14516,1305,2024-08-31,2024-09-07,bug,closed,11,219,10080
14517,1125,2023-04-24,2023-04-30,usage_question,closed,31,55,8640
14518,1141,2024-05-29,2024-05-30,usage_question,closed,21,53,1440
14519,1891,2024-01-29,2024-01-29,billing,closed,43,127,0
14520,795,2024-06-10,2024-06-10,feature_request,closed,29,21,0
14521,1754,2024-05-23,2024-05-29,usage_question,closed,35,90,8640
14522,1107,2024-09-23,2024-09-29,feature_request,closed,10,104,8640
14523,1008,2024-09-17,2024-09-17,other,closed,12,221,0
14524,1140,2024-01-26,2024-01-28,usage_question,closed,40,158,2880
14525,735,2023-10-12,2023-10-16,bug,closed,48,46,5760
14526,1645,2024-06-12,2024-06-17,other,closed,43,16,7200
14527,1762,2024-10-14,2024-10-14,feature_request,closed,37,106,0
14528,783,2024-10-22,2024-10-25,bug,closed,25,138,4320
14529,1572,2024-03-08,2024-03-14,usage_question,closed,12,139,8640
14530,1109,2024-08-25,2024-08-28,usage_question,closed,1,73,4320
14531,1826,2024-04-20,2024-04-23,usage_question,closed,30,72,4320
14532,1050,2024-03-02,2024-03-03,bug,closed,26,88,1440
14533,907,2024-12-12,2024-12-12,usage_question,closed,18,198,0
14534,908,2024-12-05,2024-12-07,usage_question,closed,21,71,2880
14535,1636,2023-11-19,2023-11-21,billing,closed,19,84,2880
14536,775,2024-06-04,2024-06-04,bug,closed,15,178,0
14537,351,2024-05-02,2024-05-02,usage_question,closed,34,54,0
14538,1484,2024-06-05,2024-06-06,bug,closed,42,220,1440
14539,1231,2024-07-09,2024-07-11,billing,closed,19,119,2880
14540,1275,2024-02-14,2024-02-14,feature_request,closed,33,239,0
14541,404,2024-06-24,2024-06-24,usage_question,closed,10,44,0
14542,1917,2024-05-13,2024-05-13,other,closed,36,165,0
14543,180,2023-11-23,2023-11-30,billing,closed,42,22,10080
14544,1549,2023-09-21,2023-09-28,other,closed,12,238,10080
14545,224,2024-07-09,2024-07-12,bug,closed,46,84,4320
14546,416,2024-08-14,2024-08-14,usage_question,closed,4,173,0
14547,35,2024-07-10,2024-07-10,feature_request,closed,32,123,0
14548,429,2023-07-04,2023-07-05,bug,closed,30,71,1440
14549,1552,2023-12-27,2023-12-28,feature_request,closed,38,58,1440
14550,670,2024-11-15,2024-11-15,usage_question,closed,33,142,0
14551,151,2024-10-12,2024-10-19,usage_question,closed,48,74,10080
14552,1320,2024-05-29,2024-05-31,usage_question,closed,47,158,2880
14553,1739,2024-04-08,2024-04-15,bug,closed,47,66,10080
14554,469,2024-02-02,2024-02-06,usage_question,closed,4,145,5760
14555,1493,2024-08-10,2024-08-10,bug,closed,9,113,0
14556,1764,2024-11-08,2024-11-08,usage_question,closed,44,193,0
14557,445,2023-11-23,2023-11-23,billing,closed,32,104,0
14558,531,2024-12-27,2024-12-27,other,closed,36,197,0
14559,1251,2024-04-25,2024-04-28,bug,closed,21,178,4320
14560,270,2024-09-03,2024-09-06,bug,closed,2,67,4320
14561,1143,2024-06-20,2024-06-22,billing,closed,19,20,2880
14562,885,2024-01-26,2024-01-30,other,closed,9,224,5760
14563,678,2024-07-21,2024-07-24,usage_question,closed,43,68,4320
14564,1741,2024-05-07,2024-05-13,other,closed,16,158,8640
14565,812,2024-03-22,2024-03-29,other,closed,13,142,10080
14566,195,2024-09-10,2024-09-14,billing,closed,5,16,5760
14567,765,2024-03-13,2024-03-13,other,closed,35,200,0
14568,1133,2024-07-29,2024-07-29,bug,closed,10,171,0
14569,692,2024-06-26,2024-06-26,bug,closed,14,211,0
14570,1387,2024-09-14,2024-09-14,bug,closed,19,114,0
14571,191,2024-03-05,2024-03-12,usage_question,closed,50,32,10080
14572,315,2024-10-12,2024-10-12,usage_question,closed,22,52,0
14573,293,2024-08-16,2024-08-21,usage_question,closed,2,185,7200
14574,370,2024-10-22,2024-10-24,billing,closed,38,203,2880
14575,1042,2024-08-02,2024-08-05,billing,closed,27,69,4320
14576,1850,2024-10-17,2024-10-17,usage_question,closed,21,201,0
14577,246,2023-10-26,2023-10-29,usage_question,closed,9,162,4320
14578,569,2024-10-12,2024-10-13,usage_question,closed,31,131,1440
14579,283,2024-02-28,2024-03-03,bug,closed,25,137,5760
14580,304,2024-12-19,2024-12-19,usage_question,closed,45,120,0
14581,1681,2023-10-06,2023-10-06,usage_question,closed,29,192,0
14582,924,2023-11-08,2023-11-08,bug,closed,20,166,0
14583,1740,2024-05-01,2024-05-01,billing,closed,19,121,0
14584,808,2024-11-15,2024-11-15,usage_question,closed,15,222,0
14585,1092,2024-04-23,2024-04-28,usage_question,closed,26,24,7200
14586,1442,2024-10-01,2024-10-01,usage_question,closed,23,149,0
14587,630,2024-06-04,2024-06-08,usage_question,closed,13,151,5760
14588,1619,2024-02-16,2024-02-19,usage_question,closed,7,142,4320
14589,1875,2024-01-22,2024-01-29,bug,closed,11,234,10080
14590,127,2023-12-24,2023-12-30,bug,closed,49,219,8640
14591,861,2024-02-17,2024-02-24,feature_request,closed,20,126,10080
14592,104,2024-04-17,2024-04-17,feature_request,closed,1,148,0
14593,1851,2024-12-13,2024-12-17,bug,closed,31,204,5760
14594,1455,2024-04-19,2024-04-19,billing,closed,21,119,0
14595,1993,2024-11-07,2024-11-07,usage_question,closed,45,17,0
14596,1940,2024-12-11,2024-12-15,feature_request,closed,17,201,5760
14597,1216,2024-08-23,2024-08-23,bug,closed,21,135,0
14598,1068,2024-04-25,2024-05-02,usage_question,closed,25,19,10080
14599,130,2024-11-03,2024-11-03,other,closed,10,169,0
14600,925,2024-04-21,2024-04-24,bug,closed,9,121,4320
14601,5,2024-10-25,2024-10-25,usage_question,closed,40,175,0
14602,1384,2024-02-29,2024-03-01,feature_request,closed,6,173,1440
14603,665,2024-05-12,2024-05-15,usage_question,closed,49,154,4320
14604,1867,2024-04-25,2024-05-02,feature_request,closed,49,47,10080
14605,1899,2024-07-08,2024-07-15,usage_question,closed,4,235,10080
14606,1123,2024-07-14,2024-07-21,bug,closed,17,143,10080
14607,579,2024-06-30,2024-06-30,bug,closed,47,32,0
14608,1465,2024-09-27,2024-09-28,bug,closed,43,161,1440
14609,849,2024-07-22,2024-07-26,billing,closed,50,143,5760
14610,121,2024-07-30,2024-08-01,usage_question,closed,32,175,2880
14611,1834,2024-10-31,2024-11-06,bug,closed,49,159,8640
14612,1621,2024-06-22,2024-06-27,usage_question,closed,44,201,7200
14613,907,2024-08-23,2024-08-30,usage_question,closed,37,113,10080
14614,1093,2024-09-11,2024-09-17,feature_request,closed,2,106,8640
14615,82,2024-05-19,2024-05-21,usage_question,closed,15,208,2880
14616,304,2024-08-07,2024-08-07,bug,closed,39,222,0
14617,404,2024-02-04,2024-02-04,bug,closed,44,65,0
14618,1946,2024-09-04,2024-09-06,usage_question,closed,22,66,2880
14619,1591,2023-12-28,2023-12-28,billing,closed,50,43,0
14620,1129,2024-12-20,2024-12-23,usage_question,closed,42,212,4320
14621,1096,2024-08-25,2024-08-25,usage_question,closed,43,216,0
14622,1571,2024-12-07,2024-12-07,usage_question,closed,47,185,0
14623,198,2023-12-21,2023-12-21,usage_question,closed,45,124,0
14624,1837,2024-02-25,2024-02-25,bug,closed,1,161,0
14625,1499,2024-05-06,2024-05-11,feature_request,closed,22,144,7200
14626,707,2024-06-13,2024-06-20,billing,closed,38,36,10080
14627,628,2024-06-30,2024-07-07,usage_question,closed,37,90,10080
14628,1244,2024-10-18,2024-10-18,bug,closed,2,196,0
14629,1449,2024-12-07,2024-12-11,billing,closed,35,92,5760
14630,1488,2023-03-30,2023-04-02,usage_question,closed,10,63,4320
14631,122,2024-11-06,2024-11-13,billing,closed,18,167,10080
14632,793,2024-10-26,2024-10-29,usage_question,closed,7,152,4320
14633,721,2024-10-14,2024-10-15,feature_request,closed,24,154,1440
14634,1715,2024-04-11,2024-04-11,bug,closed,31,66,0
14635,1688,2024-01-02,2024-01-02,bug,closed,24,183,0
14636,440,2024-09-19,2024-09-19,usage_question,closed,26,178,0
14637,1276,2024-06-07,2024-06-08,usage_question,closed,45,161,1440
14638,1050,2023-12-01,2023-12-05,bug,closed,13,128,5760
14639,1455,2024-06-11,2024-06-13,usage_question,closed,25,137,2880
14640,899,2024-12-03,2024-12-03,bug,closed,16,39,0
14641,288,2024-11-02,2024-11-02,bug,closed,39,62,0
14642,1719,2024-07-11,2024-07-13,other,closed,23,100,2880
14643,1150,2023-11-18,2023-11-20,billing,closed,2,70,2880
14644,315,2023-10-16,2023-10-16,usage_question,closed,32,181,0
14645,1829,2024-12-09,2024-12-09,bug,closed,16,147,0
14646,311,2024-09-01,2024-09-01,billing,closed,22,162,0
14647,507,2023-12-25,2023-12-25,bug,closed,20,39,0
14648,1963,2024-12-21,2024-12-25,usage_question,closed,47,89,5760
14649,1344,2024-04-23,2024-04-27,other,closed,20,181,5760
14650,1296,2024-01-24,2024-01-24,feature_request,closed,23,104,0
14651,24,2024-06-17,2024-06-24,bug,closed,6,240,10080
14652,449,2024-06-04,2024-06-11,usage_question,closed,19,222,10080
14653,1747,2024-11-27,2024-11-27,bug,closed,16,193,0
14654,1159,2024-05-16,2024-05-21,bug,closed,32,199,7200
14655,456,2024-07-05,2024-07-08,billing,closed,4,26,4320
14656,1820,2023-01-04,2023-01-07,usage_question,closed,49,226,4320
14657,441,2024-12-19,2024-12-19,usage_question,closed,19,130,0
14658,1892,2024-02-07,2024-02-07,usage_question,closed,22,66,0
14659,1125,2023-12-17,2023-12-17,usage_question,closed,33,193,0
14660,981,2024-05-29,2024-06-03,billing,closed,5,224,7200
14661,1293,2024-01-06,2024-01-07,bug,closed,26,121,1440
14662,839,2024-10-28,2024-10-30,billing,closed,13,190,2880
14663,20,2024-05-18,2024-05-18,usage_question,closed,36,31,0
14664,894,2024-10-07,2024-10-07,usage_question,closed,30,126,0
14665,533,2024-01-23,2024-01-25,feature_request,closed,10,118,2880
14666,1422,2023-10-18,2023-10-25,usage_question,closed,19,221,10080
14667,615,2023-11-01,2023-11-01,billing,closed,34,218,0
14668,793,2024-11-24,2024-11-24,bug,closed,14,72,0
14669,1943,2024-02-28,2024-02-28,bug,closed,19,63,0
14670,950,2024-09-03,2024-09-03,feature_request,closed,40,184,0
14671,1488,2023-09-06,2023-09-08,usage_question,closed,33,114,2880
14672,246,2024-11-11,2024-11-11,bug,closed,50,21,0
14673,1220,2024-08-21,2024-08-23,bug,closed,25,19,2880
14674,438,2023-10-05,2023-10-05,feature_request,closed,1,225,0
14675,1897,2024-08-04,2024-08-04,usage_question,closed,33,75,0
14676,1299,2024-12-10,2024-12-12,other,closed,9,174,2880
14677,1965,2024-03-05,2024-03-05,feature_request,closed,15,172,0
14678,57,2024-09-18,2024-09-22,usage_question,closed,35,102,5760
14679,1103,2024-02-24,2024-02-29,usage_question,closed,47,161,7200
14680,1886,2024-12-05,2024-12-05,usage_question,closed,12,148,0
14681,236,2024-06-01,2024-06-01,bug,closed,40,93,0
14682,1266,2024-12-06,2024-12-06,bug,closed,5,122,0
14683,1308,2024-05-19,2024-05-21,usage_question,closed,48,194,2880
14684,1862,2024-04-01,2024-04-01,feature_request,closed,17,81,0
14685,126,2024-03-18,2024-03-18,usage_question,closed,40,219,0
14686,1453,2024-04-03,2024-04-03,other,closed,27,179,0
14687,754,2024-12-11,2024-12-18,usage_question,closed,42,239,10080
14688,485,2024-08-31,2024-08-31,usage_question,closed,22,119,0
14689,404,2024-08-03,2024-08-03,usage_question,closed,16,147,0
14690,1904,2024-09-29,2024-09-29,bug,closed,39,240,0
14691,1178,2023-12-10,2023-12-10,billing,closed,23,92,0
14692,1499,2024-05-31,2024-05-31,feature_request,closed,43,64,0
14693,471,2023-08-23,2023-08-24,bug,closed,6,26,1440
14694,1735,2024-12-06,2024-12-06,usage_question,closed,1,35,0
14695,1574,2024-11-08,2024-11-11,billing,closed,26,227,4320
14696,782,2023-07-30,2023-08-01,feature_request,closed,7,179,2880
14697,1249,2024-09-20,2024-09-25,other,closed,14,229,7200
14698,1288,2024-12-19,2024-12-26,usage_question,closed,34,222,10080
14699,1707,2024-03-16,2024-03-17,usage_question,closed,45,119,1440
14700,1036,2023-07-16,2023-07-22,feature_request,closed,1,59,8640
14701,1275,2023-09-04,2023-09-04,bug,closed,22,148,0
14702,1807,2024-07-16,2024-07-22,usage_question,closed,29,174,8640
14703,422,2024-11-17,2024-11-24,other,closed,29,44,10080
14704,126,2024-09-23,2024-09-23,billing,closed,18,19,0
14705,1480,2024-03-14,2024-03-14,feature_request,closed,44,31,0
14706,1568,2023-12-05,2023-12-05,other,closed,16,211,0
14707,1249,2024-12-11,2024-12-11,feature_request,closed,47,157,0
14708,1870,2024-01-04,2024-01-04,usage_question,closed,27,139,0
14709,203,2024-10-22,2024-10-27,feature_request,closed,14,117,7200
14710,1834,2024-06-04,2024-06-04,usage_question,closed,16,229,0
14711,1712,2024-08-22,2024-08-22,bug,closed,9,170,0
14712,1198,2023-12-12,2023-12-12,feature_request,closed,17,202,0
14713,1156,2024-06-28,2024-06-28,usage_question,closed,21,174,0
14714,1894,2024-07-31,2024-07-31,bug,closed,13,17,0
14715,191,2024-07-26,2024-08-02,bug,closed,29,206,10080
14716,153,2024-10-27,2024-10-27,other,closed,27,54,0
14717,310,2024-12-24,2024-12-24,usage_question,closed,9,110,0
14718,269,2024-05-18,2024-05-18,usage_question,closed,6,202,0
14719,1808,2024-11-26,2024-11-26,billing,closed,50,71,0
14720,390,2024-12-01,2024-12-01,bug,closed,32,159,0
14721,1809,2024-12-14,2024-12-14,usage_question,closed,32,37,0
14722,511,2024-02-17,2024-02-17,bug,closed,20,233,0
14723,1403,2024-06-23,2024-06-30,bug,closed,13,198,10080
14724,1768,2024-08-09,2024-08-14,billing,closed,16,27,7200
14725,1358,2023-12-22,2023-12-26,usage_question,closed,49,78,5760
14726,1626,2024-06-23,2024-06-28,bug,closed,18,238,7200
14727,1022,2023-12-11,2023-12-17,feature_request,closed,45,59,8640
14728,289,2024-06-04,2024-06-04,bug,closed,14,78,0
14729,1398,2024-10-12,2024-10-12,bug,closed,40,69,0
14730,736,2024-02-04,2024-02-04,other,closed,46,107,0
14731,1511,2024-07-28,2024-08-04,bug,closed,50,202,10080
14732,1798,2024-07-24,2024-07-29,feature_request,closed,19,23,7200
14733,1935,2024-07-30,2024-07-30,usage_question,closed,39,224,0
14734,23,2024-09-22,2024-09-22,billing,closed,9,87,0
14735,1253,2024-05-14,2024-05-16,usage_question,closed,34,217,2880
14736,101,2024-06-27,2024-07-02,feature_request,closed,49,122,7200
14737,1933,2024-10-24,2024-10-26,bug,closed,35,136,2880
14738,973,2024-12-24,2024-12-30,bug,closed,18,184,8640
14739,997,2024-01-23,2024-01-23,other,closed,34,122,0
14740,1665,2024-09-17,2024-09-19,bug,closed,10,144,2880
14741,377,2024-06-17,2024-06-17,usage_question,closed,38,180,0
14742,980,2024-01-20,2024-01-20,feature_request,closed,32,187,0
14743,1205,2024-08-26,2024-08-26,feature_request,closed,13,160,0
14744,1942,2024-05-22,2024-05-22,bug,closed,21,146,0
14745,708,2023-11-27,2023-11-29,usage_question,closed,4,17,2880
14746,490,2023-08-12,2023-08-12,bug,closed,6,53,0
14747,1598,2024-09-28,2024-10-04,billing,closed,43,151,8640
14748,1095,2024-10-03,2024-10-03,usage_question,closed,47,156,0
14749,1174,2024-07-29,2024-07-29,usage_question,closed,36,100,0
14750,32,2024-11-19,2024-11-26,feature_request,closed,27,152,10080
14751,1688,2024-10-12,2024-10-12,usage_question,closed,45,136,0
14752,1642,2023-12-15,2023-12-15,bug,closed,1,67,0
14753,824,2024-07-18,2024-07-18,bug,closed,48,240,0
14754,1930,2024-03-09,2024-03-09,billing,closed,46,239,0
14755,264,2024-08-06,2024-08-06,other,closed,14,110,0
14756,732,2024-03-13,2024-03-18,feature_request,closed,50,231,7200
14757,76,2023-06-15,2023-06-16,other,closed,30,20,1440
14758,94,2023-12-28,2023-12-28,billing,closed,1,57,0
14759,289,2024-07-27,2024-07-27,billing,closed,23,149,0
14760,1813,2024-01-06,2024-01-06,bug,closed,31,73,0
14761,683,2024-05-24,2024-05-27,bug,closed,6,233,4320
14762,527,2024-04-22,2024-04-29,usage_question,closed,37,226,10080
14763,1548,2024-04-16,2024-04-16,usage_question,closed,23,140,0
14764,1400,2024-09-21,2024-09-27,billing,closed,44,49,8640
14765,1274,2024-12-26,2024-12-26,billing,closed,48,109,0
14766,1984,2024-09-19,2024-09-19,bug,closed,3,50,0
14767,282,2024-03-25,2024-03-26,billing,closed,23,79,1440
14768,1347,2024-06-29,2024-07-02,feature_request,closed,42,164,4320
14769,83,2024-07-07,2024-07-12,bug,closed,23,128,7200
14770,469,2024-04-23,2024-04-23,usage_question,closed,45,144,0
14771,912,2024-10-03,2024-10-05,usage_question,closed,35,231,2880
14772,1639,2024-02-05,2024-02-07,usage_question,closed,17,65,2880
14773,1437,2023-12-07,2023-12-07,other,closed,42,152,0
14774,1322,2024-04-03,2024-04-07,usage_question,closed,45,50,5760
14775,1124,2024-05-18,2024-05-18,other,closed,5,136,0
14776,579,2024-01-31,2024-02-07,feature_request,closed,30,80,10080
14777,1656,2024-08-16,2024-08-20,usage_question,closed,22,195,5760
14778,1325,2024-11-14,2024-11-14,bug,closed,38,166,0
14779,1802,2024-03-02,2024-03-05,feature_request,closed,49,124,4320
14780,338,2024-11-15,2024-11-15,bug,closed,46,38,0
14781,618,2024-01-02,2024-01-06,feature_request,closed,40,113,5760
14782,840,2024-03-02,2024-03-02,usage_question,closed,27,94,0
14783,1606,2024-10-20,2024-10-25,usage_question,closed,21,104,7200
14784,1243,2024-03-21,2024-03-21,bug,closed,37,90,0
14785,1038,2024-11-01,2024-11-01,usage_question,closed,31,57,0
14786,181,2024-11-25,2024-11-26,usage_question,closed,3,98,1440
14787,614,2023-07-23,2023-07-23,feature_request,closed,20,135,0
14788,98,2024-10-27,2024-11-02,billing,closed,13,134,8640
14789,659,2024-10-18,2024-10-22,usage_question,closed,38,60,5760
14790,1171,2024-05-17,2024-05-21,bug,closed,49,217,5760
14791,609,2024-10-29,2024-10-29,usage_question,closed,33,49,0
14792,1593,2024-03-28,2024-04-03,usage_question,closed,1,216,8640
14793,1128,2024-08-20,2024-08-20,bug,closed,34,209,0
14794,124,2023-12-22,2023-12-22,billing,closed,26,99,0
14795,1081,2023-11-02,2023-11-08,usage_question,closed,21,225,8640
14796,24,2024-06-12,2024-06-12,bug,closed,44,240,0
14797,393,2024-08-09,2024-08-13,bug,closed,10,33,5760
14798,1955,2024-04-03,2024-04-03,bug,closed,30,42,0
14799,1495,2024-08-09,2024-08-09,bug,closed,36,206,0
14800,1559,2024-07-30,2024-08-04,other,closed,3,17,7200
14801,1092,2024-02-01,2024-02-01,usage_question,closed,7,125,0
14802,797,2024-02-25,2024-02-27,feature_request,closed,22,30,2880
14803,1590,2024-11-16,2024-11-19,usage_question,closed,45,144,4320
14804,279,2024-12-10,2024-12-15,usage_question,closed,11,85,7200
14805,1120,2024-04-08,2024-04-08,feature_request,closed,18,199,0
14806,283,2024-06-08,2024-06-08,billing,closed,36,115,0
14807,1865,2024-03-04,2024-03-08,usage_question,closed,30,32,5760
14808,601,2024-03-26,2024-03-26,bug,closed,38,217,0
14809,1103,2024-09-07,2024-09-07,other,closed,18,170,0
14810,1290,2024-04-22,2024-04-26,bug,closed,20,169,5760
14811,863,2024-07-06,2024-07-06,bug,closed,18,19,0
14812,1025,2024-12-23,2024-12-25,other,closed,2,215,2880
14813,1937,2024-11-26,2024-11-26,bug,closed,46,61,0
14814,279,2023-09-08,2023-09-08,usage_question,closed,44,227,0
14815,1134,2024-11-23,2024-11-23,feature_request,closed,40,100,0
14816,1958,2024-11-11,2024-11-11,usage_question,closed,43,23,0
14817,1393,2024-11-11,2024-11-17,other,closed,2,133,8640
14818,602,2024-09-29,2024-09-29,usage_question,closed,16,101,0
14819,753,2024-03-11,2024-03-14,billing,closed,50,35,4320
14820,973,2024-04-28,2024-04-28,usage_question,closed,40,48,0
14821,38,2024-11-23,2024-11-24,usage_question,closed,38,96,1440
14822,754,2023-10-01,2023-10-04,usage_question,closed,13,157,4320
14823,1311,2024-04-27,2024-05-02,bug,closed,10,85,7200
14824,1265,2024-02-28,2024-03-02,usage_question,closed,8,232,4320
14825,863,2024-07-20,2024-07-21,other,closed,14,184,1440
14826,1936,2024-05-25,2024-05-31,other,closed,12,177,8640
14827,1615,2024-12-23,2024-12-23,other,closed,24,204,0
14828,789,2024-11-16,2024-11-16,feature_request,closed,38,62,0
14829,17,2024-02-22,2024-02-22,usage_question,closed,43,31,0
14830,468,2024-12-11,2024-12-13,billing,closed,23,101,2880
14831,1322,2024-04-29,2024-05-03,bug,closed,49,144,5760
14832,519,2024-05-20,2024-05-25,feature_request,closed,10,64,7200
14833,886,2024-12-11,2024-12-11,usage_question,closed,31,22,0
14834,725,2024-02-17,2024-02-17,bug,closed,49,208,0
14835,734,2024-12-14,2024-12-17,feature_request,closed,30,57,4320
14836,713,2024-11-14,2024-11-21,usage_question,closed,19,207,10080
14837,120,2024-11-27,2024-12-03,other,closed,3,94,8640
14838,590,2024-11-16,2024-11-21,other,closed,44,172,7200
14839,581,2024-12-05,2024-12-05,usage_question,closed,30,160,0
14840,504,2023-03-04,2023-03-04,other,closed,35,115,0
14841,270,2024-05-08,2024-05-08,other,closed,29,212,0
14842,1420,2024-12-21,2024-12-22,feature_request,closed,23,153,1440
14843,1365,2023-12-04,2023-12-04,feature_request,closed,12,19,0
14844,1465,2023-11-29,2023-11-29,bug,closed,44,206,0
14845,172,2023-12-10,2023-12-17,feature_request,closed,24,88,10080
14846,1772,2024-12-17,2024-12-17,feature_request,closed,3,83,0
14847,2000,2024-05-21,2024-05-21,usage_question,closed,7,169,0
14848,1879,2024-12-11,2024-12-11,usage_question,closed,20,38,0
14849,272,2024-07-26,2024-07-28,bug,closed,42,142,2880
14850,1131,2024-07-23,2024-07-25,usage_question,closed,49,173,2880
14851,1813,2024-09-02,2024-09-02,billing,closed,9,77,0
14852,1245,2024-09-18,2024-09-18,feature_request,closed,24,24,0
14853,1283,2024-08-21,2024-08-23,usage_question,closed,9,145,2880
14854,793,2024-08-01,2024-08-07,usage_question,closed,25,239,8640
14855,1323,2024-04-30,2024-05-01,usage_question,closed,14,118,1440
14856,1614,2024-05-30,2024-05-30,bug,closed,48,167,0
14857,1106,2024-12-23,2024-12-23,usage_question,closed,47,126,0
14858,1963,2024-10-11,2024-10-14,bug,closed,45,209,4320
14859,1757,2024-10-01,2024-10-01,usage_question,closed,23,104,0
14860,322,2024-01-31,2024-02-04,usage_question,closed,19,91,5760
14861,828,2024-10-12,2024-10-12,feature_request,closed,2,105,0
14862,219,2024-09-16,2024-09-18,usage_question,closed,8,167,2880
14863,785,2024-08-29,2024-08-30,billing,closed,26,34,1440
14864,542,2024-09-28,2024-09-28,billing,closed,37,144,0
14865,467,2024-07-28,2024-08-04,billing,closed,33,229,10080
14866,493,2024-07-24,2024-07-24,bug,closed,19,114,0
14867,864,2024-12-21,2024-12-21,billing,closed,49,207,0
14868,452,2024-07-28,2024-08-02,bug,closed,50,221,7200
14869,963,2024-03-02,2024-03-07,billing,closed,12,184,7200
14870,1737,2024-07-14,2024-07-15,feature_request,closed,19,93,1440
14871,915,2024-01-28,2024-02-04,other,closed,16,43,10080
14872,1432,2024-10-30,2024-11-06,feature_request,closed,9,204,10080
14873,1449,2024-03-31,2024-03-31,billing,closed,42,189,0
14874,1216,2024-11-03,2024-11-03,feature_request,closed,8,137,0
14875,328,2023-12-13,2023-12-20,feature_request,closed,7,201,10080
14876,1238,2024-03-29,2024-03-29,feature_request,closed,7,122,0
14877,1206,2024-11-25,2024-11-25,feature_request,closed,23,229,0
14878,1869,2024-12-02,2024-12-06,usage_question,closed,21,226,5760
14879,513,2024-06-14,2024-06-14,bug,closed,47,182,0
14880,1786,2024-11-05,2024-11-06,usage_question,closed,18,129,1440
14881,1849,2023-05-30,2023-05-30,feature_request,closed,18,182,0
14882,600,2024-11-29,2024-12-04,bug,closed,23,90,7200
14883,585,2023-12-19,2023-12-24,usage_question,closed,21,89,7200
14884,1694,2024-12-01,2024-12-04,feature_request,closed,18,58,4320
14885,394,2023-08-02,2023-08-02,usage_question,closed,15,46,0
14886,746,2024-03-06,2024-03-06,usage_question,closed,42,232,0
14887,877,2023-12-07,2023-12-10,usage_question,closed,50,196,4320
14888,1842,2024-05-04,2024-05-04,usage_question,closed,45,104,0
14889,957,2024-03-11,2024-03-13,billing,closed,23,74,2880
14890,230,2024-10-13,2024-10-16,billing,closed,21,135,4320
14891,1642,2024-05-14,2024-05-19,billing,closed,7,45,7200
14892,1680,2024-02-16,2024-02-17,usage_question,closed,29,181,1440
14893,1379,2024-08-31,2024-09-06,bug,closed,11,137,8640
14894,1402,2024-08-30,2024-08-30,usage_question,closed,47,120,0
14895,1566,2024-11-29,2024-11-29,usage_question,closed,6,99,0
14896,1918,2024-01-18,2024-01-18,usage_question,closed,21,207,0
14897,1948,2024-12-26,2024-12-26,feature_request,closed,38,133,0
14898,1860,2024-03-27,2024-03-27,billing,closed,42,96,0
14899,283,2023-10-16,2023-10-18,usage_question,closed,37,53,2880
14900,1218,2024-09-04,2024-09-04,usage_question,closed,32,155,0
14901,732,2024-03-28,2024-03-28,usage_question,closed,31,97,0
14902,50,2024-12-13,2024-12-14,bug,closed,5,130,1440
14903,911,2024-04-28,2024-04-28,usage_question,closed,11,97,0
14904,1244,2024-08-15,2024-08-15,bug,closed,29,150,0
14905,1660,2024-10-16,2024-10-19,usage_question,closed,22,85,4320
14906,1492,2024-11-07,2024-11-12,bug,closed,30,20,7200
14907,1776,2024-07-13,2024-07-13,bug,closed,8,69,0
14908,156,2024-07-13,2024-07-13,bug,closed,5,118,0
14909,1630,2024-06-14,2024-06-17,bug,closed,47,34,4320
14910,897,2024-01-17,2024-01-18,usage_question,closed,3,75,1440
14911,1940,2024-10-16,2024-10-17,usage_question,closed,38,216,1440
14912,1765,2023-03-13,2023-03-17,bug,closed,30,184,5760
14913,773,2024-12-15,2024-12-15,usage_question,closed,42,168,0
14914,736,2024-09-30,2024-10-01,bug,closed,15,36,1440
14915,1226,2024-08-12,2024-08-12,usage_question,closed,6,16,0
14916,394,2024-05-25,2024-05-26,usage_question,closed,22,90,1440
14917,874,2024-10-29,2024-11-04,other,closed,29,191,8640
14918,1081,2024-05-22,2024-05-26,usage_question,closed,8,52,5760
14919,1976,2024-08-22,2024-08-22,bug,closed,20,128,0
14920,1427,2024-09-16,2024-09-17,billing,closed,47,50,1440
14921,1731,2024-05-31,2024-06-03,usage_question,closed,20,79,4320
14922,761,2023-08-24,2023-08-24,usage_question,closed,38,99,0
14923,1141,2023-07-23,2023-07-23,billing,closed,7,227,0
14924,286,2024-12-26,2024-12-26,feature_request,closed,7,157,0
14925,1014,2024-09-29,2024-10-04,usage_question,closed,14,85,7200
14926,1783,2024-11-23,2024-11-23,other,closed,13,143,0
14927,538,2024-11-22,2024-11-24,usage_question,closed,36,28,2880
14928,221,2023-10-30,2023-10-30,usage_question,closed,14,223,0
14929,1828,2024-06-09,2024-06-09,bug,closed,35,222,0
14930,196,2024-08-05,2024-08-09,other,closed,9,146,5760
14931,1358,2024-12-19,2024-12-19,bug,closed,45,233,0
14932,1788,2024-07-19,2024-07-21,bug,closed,36,50,2880
14933,159,2024-02-09,2024-02-11,other,closed,4,92,2880
14934,681,2024-11-26,2024-11-26,bug,closed,43,236,0
14935,329,2024-09-12,2024-09-14,bug,closed,17,150,2880
14936,1906,2024-04-29,2024-05-02,bug,closed,20,30,4320
14937,1357,2024-04-12,2024-04-13,bug,closed,3,77,1440
14938,1032,2024-07-02,2024-07-03,usage_question,closed,39,76,1440
14939,1180,2024-07-18,2024-07-18,usage_question,closed,23,112,0
14940,636,2024-02-03,2024-02-03,feature_request,closed,22,161,0
14941,928,2024-07-08,2024-07-13,bug,closed,49,184,7200
14942,148,2023-08-29,2023-08-29,bug,closed,29,34,0
14943,1589,2024-03-24,2024-03-25,bug,closed,15,23,1440
14944,75,2023-12-20,2023-12-20,feature_request,closed,32,36,0
14945,1678,2024-07-26,2024-08-01,usage_question,closed,47,83,8640
14946,1961,2024-08-03,2024-08-10,bug,closed,13,145,10080
14947,1649,2024-06-10,2024-06-13,bug,closed,40,169,4320
14948,1600,2024-08-28,2024-08-28,other,closed,24,19,0
14949,722,2024-07-05,2024-07-07,usage_question,closed,7,213,2880
14950,528,2024-04-19,2024-04-26,bug,closed,18,133,10080
14951,357,2024-04-14,2024-04-14,usage_question,closed,45,115,0
14952,837,2024-12-26,2024-12-26,feature_request,closed,9,46,0
14953,1858,2024-04-21,2024-04-23,usage_question,closed,13,21,2880
14954,1204,2024-01-26,2024-01-28,usage_question,closed,49,110,2880
14955,421,2024-01-29,2024-01-31,billing,closed,23,30,2880
14956,883,2024-12-09,2024-12-09,bug,closed,29,45,0
14957,1562,2024-05-27,2024-05-28,bug,closed,14,118,1440
14958,1706,2024-06-12,2024-06-15,bug,closed,1,168,4320
14959,1284,2024-02-28,2024-02-28,usage_question,closed,43,140,0
14960,773,2024-09-13,2024-09-13,billing,closed,24,115,0
14961,1908,2024-11-01,2024-11-05,usage_question,closed,19,177,5760
14962,1213,2024-12-23,2024-12-23,usage_question,closed,1,46,0
14963,1021,2024-10-27,2024-10-28,billing,closed,14,59,1440
14964,877,2024-08-17,2024-08-24,feature_request,closed,35,124,10080
14965,30,2024-06-15,2024-06-20,other,closed,13,204,7200
14966,326,2024-03-29,2024-04-01,usage_question,closed,23,121,4320
14967,997,2024-08-27,2024-08-31,other,closed,22,57,5760
14968,792,2024-10-26,2024-10-26,billing,closed,34,173,0
14969,1722,2024-06-12,2024-06-12,bug,closed,26,35,0
14970,1755,2024-05-24,2024-05-24,usage_question,closed,14,205,0
14971,421,2024-11-14,2024-11-16,usage_question,closed,35,191,2880
14972,679,2024-05-02,2024-05-08,bug,closed,13,166,8640
14973,656,2024-03-04,2024-03-11,bug,closed,2,52,10080
14974,1820,2024-10-29,2024-11-04,bug,closed,33,141,8640
14975,1357,2024-01-10,2024-01-10,usage_question,closed,32,118,0
14976,1318,2024-08-26,2024-08-29,other,closed,2,122,4320
14977,1552,2024-06-23,2024-06-24,usage_question,closed,16,106,1440
14978,1115,2024-12-06,2024-12-08,billing,closed,39,26,2880
14979,1048,2024-10-13,2024-10-13,usage_question,closed,4,161,0
14980,1896,2024-07-31,2024-07-31,usage_question,closed,38,146,0
14981,1781,2024-10-08,2024-10-09,other,closed,46,71,1440
14982,433,2024-11-01,2024-11-02,feature_request,closed,19,213,1440
14983,1823,2024-12-29,2025-01-02,bug,open,15,61,5760
14984,1276,2024-02-17,2024-02-17,bug,closed,30,94,0
14985,1428,2024-11-18,2024-11-18,bug,closed,5,94,0
14986,678,2023-12-15,2023-12-15,usage_question,closed,48,65,0
14987,1459,2023-12-15,2023-12-15,feature_request,closed,18,142,0
14988,1569,2024-08-20,2024-08-21,other,closed,50,131,1440
14989,1913,2024-04-30,2024-04-30,usage_question,closed,29,128,0
14990,930,2024-05-21,2024-05-21,usage_question,closed,33,47,0
14991,346,2024-05-02,2024-05-02,billing,closed,14,216,0
14992,1625,2024-08-19,2024-08-19,bug,closed,38,18,0
14993,1193,2024-04-25,2024-04-25,feature_request,closed,29,200,0
14994,1427,2024-10-16,2024-10-16,usage_question,closed,4,115,0
14995,616,2024-01-25,2024-01-27,usage_question,closed,37,140,2880
14996,816,2024-12-01,2024-12-01,feature_request,closed,40,78,0
14997,1651,2024-05-25,2024-05-25,bug,closed,11,164,0
14998,1862,2023-11-15,2023-11-18,bug,closed,47,157,4320
14999,80,2024-12-23,2024-12-27,usage_question,closed,37,70,5760
15000,886,2023-08-18,2023-08-21,feature_request,closed,14,44,4320
